step,tag,value
3992,episode/return,7.951894760131836
3992,episode/length,500.0
3993,episode/return,10.541464805603027
3993,episode/length,500.0
3994,episode/return,11.472739219665527
3994,episode/length,500.0
3995,episode/return,2.6858930587768555
3995,episode/length,500.0
3996,episode/return,514.5516967773438
3996,episode/length,500.0
3997,episode/return,8.93309497833252
3997,episode/length,500.0
3998,episode/return,2.3418352603912354
3998,episode/length,500.0
3999,episode/return,6.884570121765137
3999,episode/length,500.0
4000,seed_pretrain/updates_completed,512.0
4000,timing/collect_chunk_s,117.70699017867446
4000,timing/train_chunk_s,233.201745595783
4000,system/heartbeat,1.0
4000,seed_pretrain/updates_completed,1024.0
4000,timing/collect_chunk_s,117.70699017867446
4000,timing/train_chunk_s,234.29210784845054
4000,system/heartbeat,1.0
4000,seed_pretrain/updates_completed,1536.0
4000,timing/collect_chunk_s,117.70699017867446
4000,timing/train_chunk_s,235.37433192320168
4000,system/heartbeat,1.0
4000,seed_pretrain/updates_completed,2048.0
4000,timing/collect_chunk_s,117.70699017867446
4000,timing/train_chunk_s,236.46256718412042
4000,system/heartbeat,1.0
4000,seed_pretrain/updates_completed,2560.0
4000,timing/collect_chunk_s,117.70699017867446
4000,timing/train_chunk_s,237.54633012833074
4000,system/heartbeat,1.0
4000,seed_pretrain/updates_completed,3072.0
4000,timing/collect_chunk_s,117.70699017867446
4000,timing/train_chunk_s,238.62843201728538
4000,system/heartbeat,1.0
4000,seed_pretrain/updates_completed,3584.0
4000,timing/collect_chunk_s,117.70699017867446
4000,timing/train_chunk_s,239.7101023788564
4000,system/heartbeat,1.0
7992,episode/return,62.50032424926758
7992,episode/length,500.0
7993,episode/return,6.155211925506592
7993,episode/length,500.0
7994,episode/return,8.447794914245605
7994,episode/length,500.0
7995,episode/return,19.225177764892578
7995,episode/length,500.0
7996,episode/return,11.348210334777832
7996,episode/length,500.0
7997,episode/return,16.999526977539062
7997,episode/length,500.0
7998,episode/return,14.038335800170898
7998,episode/length,500.0
7999,episode/return,32.88884353637695
7999,episode/length,500.0
10000,train/consistency_loss_mean,0.0011476314899977298
10000,train/consistency_loss_std,0.0007917801157028247
10000,train/continue_loss_mean,0.0
10000,train/continue_loss_std,0.0
10000,train/grad_norm_mean,0.20702977010011672
10000,train/grad_norm_std,0.06282922873346655
10000,train/policy_log_std_mean,-0.3315856992403666
10000,train/policy_log_std_std,0.2819549656118924
10000,train/policy_loss_mean,-1.1339726362228393
10000,train/policy_loss_std,0.7636917588291986
10000,train/reward_loss_mean,0.12625207802057267
10000,train/reward_loss_std,0.09168732197088741
10000,train/total_loss_mean,0.06741371030211449
10000,train/total_loss_std,0.030200750112855956
10000,train/value_loss_mean,0.31835871300697327
10000,train/value_loss_std,0.10490753636717
10000,train/value_scale_mean,11.202098825073243
10000,train/value_scale_std,7.464940841726103
10000,timing/collect_chunk_s,373.5537638464011
10000,timing/train_chunk_s,297.809476591181
10000,dense_rhs/training_bucket_horizon,3.0
10000,system/heartbeat,1.0
11992,episode/return,12.142930030822754
11992,episode/length,500.0
11993,episode/return,71.44318389892578
11993,episode/length,500.0
11994,episode/return,508.4250793457031
11994,episode/length,500.0
11995,episode/return,48.47384262084961
11995,episode/length,500.0
11996,episode/return,17.0260066986084
11996,episode/length,500.0
11997,episode/return,25.751909255981445
11997,episode/length,500.0
11998,episode/return,30.319337844848633
11998,episode/length,500.0
11999,episode/return,45.00282669067383
11999,episode/length,500.0
15992,episode/return,466.6602478027344
15992,episode/length,500.0
15993,episode/return,41.30461502075195
15993,episode/length,500.0
15994,episode/return,38.91609573364258
15994,episode/length,500.0
15995,episode/return,356.6798095703125
15995,episode/length,500.0
15996,episode/return,40.584266662597656
15996,episode/length,500.0
15997,episode/return,26.69607162475586
15997,episode/length,500.0
15998,episode/return,36.39863967895508
15998,episode/length,500.0
15999,episode/return,38.49896240234375
15999,episode/length,500.0
19992,episode/return,522.359130859375
19992,episode/length,500.0
19993,episode/return,40.57047653198242
19993,episode/length,500.0
19994,episode/return,51.89433670043945
19994,episode/length,500.0
19995,episode/return,52.92902374267578
19995,episode/length,500.0
19996,episode/return,516.5794677734375
19996,episode/length,500.0
19997,episode/return,34.301570892333984
19997,episode/length,500.0
19998,episode/return,66.94901275634766
19998,episode/length,500.0
19999,episode/return,44.49576950073242
19999,episode/length,500.0
20000,train/consistency_loss_mean,0.0010803474196232855
20000,train/consistency_loss_std,6.0882825398731904e-05
20000,train/continue_loss_mean,0.0
20000,train/continue_loss_std,0.0
20000,train/grad_norm_mean,0.16289454749822616
20000,train/grad_norm_std,0.023266332518100185
20000,train/policy_log_std_mean,-0.3553924960454305
20000,train/policy_log_std_std,0.17871706839091778
20000,train/policy_loss_mean,-1.5804225777626038
20000,train/policy_loss_std,0.4372994307246308
20000,train/reward_loss_mean,0.18353172801733017
20000,train/reward_loss_std,0.02776798360241449
20000,train/total_loss_mean,0.07558480833172798
20000,train/total_loss_std,0.004983011824413764
20000,train/value_loss_mean,0.3562468564748764
20000,train/value_loss_std,0.039458611134637854
20000,train/value_scale_mean,19.661953117370604
20000,train/value_scale_std,3.6447367608145353
20000,timing/collect_chunk_s,103.66360231954604
20000,timing/train_chunk_s,20.492314658593386
20000,dense_rhs/training_bucket_horizon,3.0
20000,system/heartbeat,1.0
23992,episode/return,54.07072830200195
23992,episode/length,500.0
23993,episode/return,59.09671401977539
23993,episode/length,500.0
23994,episode/return,58.52685546875
23994,episode/length,500.0
23995,episode/return,65.00337982177734
23995,episode/length,500.0
23996,episode/return,74.78632354736328
23996,episode/length,500.0
23997,episode/return,525.3729858398438
23997,episode/length,500.0
23998,episode/return,70.08075714111328
23998,episode/length,500.0
23999,episode/return,64.109130859375
23999,episode/length,500.0
27992,episode/return,511.4458312988281
27992,episode/length,500.0
27993,episode/return,61.873435974121094
27993,episode/length,500.0
27994,episode/return,376.5994567871094
27994,episode/length,500.0
27995,episode/return,87.10005950927734
27995,episode/length,500.0
27996,episode/return,372.073486328125
27996,episode/length,500.0
27997,episode/return,64.76103210449219
27997,episode/length,500.0
27998,episode/return,84.6969223022461
27998,episode/length,500.0
27999,episode/return,81.65237426757812
27999,episode/length,500.0
30000,train/consistency_loss_mean,0.0009775439160875977
30000,train/consistency_loss_std,6.748981000030627e-05
30000,train/continue_loss_mean,0.0
30000,train/continue_loss_std,0.0
30000,train/grad_norm_mean,0.13152593234181403
30000,train/grad_norm_std,0.01864564199881559
30000,train/policy_log_std_mean,-0.5003701301256815
30000,train/policy_log_std_std,0.21320676295865687
30000,train/policy_loss_mean,-2.7005533142089844
30000,train/policy_loss_std,0.7596952947919036
30000,train/reward_loss_mean,0.23087711713314057
30000,train/reward_loss_std,0.010520091072029213
30000,train/total_loss_mean,0.07477140907049179
30000,train/total_loss_std,0.006687759960289439
30000,train/value_loss_mean,0.32132817380428313
30000,train/value_loss_std,0.06540255616289073
30000,train/value_scale_mean,15.787060076904297
30000,train/value_scale_std,3.7037647914207033
30000,timing/collect_chunk_s,102.74092458980158
30000,timing/train_chunk_s,20.487814613617957
30000,dense_rhs/training_bucket_horizon,3.0
30000,system/heartbeat,1.0
31992,episode/return,133.29978942871094
31992,episode/length,500.0
31993,episode/return,142.81494140625
31993,episode/length,500.0
31994,episode/return,131.317138671875
31994,episode/length,500.0
31995,episode/return,304.0660095214844
31995,episode/length,500.0
31996,episode/return,99.67459869384766
31996,episode/length,500.0
31997,episode/return,102.66145324707031
31997,episode/length,500.0
31998,episode/return,123.55404663085938
31998,episode/length,500.0
31999,episode/return,140.7965087890625
31999,episode/length,500.0
35992,episode/return,186.4293975830078
35992,episode/length,500.0
35993,episode/return,151.99969482421875
35993,episode/length,500.0
35994,episode/return,313.05584716796875
35994,episode/length,500.0
35995,episode/return,152.16549682617188
35995,episode/length,500.0
35996,episode/return,165.54376220703125
35996,episode/length,500.0
35997,episode/return,155.34764099121094
35997,episode/length,500.0
35998,episode/return,531.4403076171875
35998,episode/length,500.0
35999,episode/return,147.07615661621094
35999,episode/length,500.0
39992,episode/return,523.3817749023438
39992,episode/length,500.0
39993,episode/return,143.45030212402344
39993,episode/length,500.0
39994,episode/return,147.72454833984375
39994,episode/length,500.0
39995,episode/return,125.80574035644531
39995,episode/length,500.0
39996,episode/return,139.56985473632812
39996,episode/length,500.0
39997,episode/return,157.6016845703125
39997,episode/length,500.0
39998,episode/return,146.26861572265625
39998,episode/length,500.0
39999,episode/return,139.9136505126953
39999,episode/length,500.0
40000,train/consistency_loss_mean,0.0007832069857977331
40000,train/consistency_loss_std,7.344918502967566e-05
40000,train/continue_loss_mean,0.0
40000,train/continue_loss_std,0.0
40000,train/grad_norm_mean,0.1201618326306343
40000,train/grad_norm_std,0.03215394201171522
40000,train/policy_log_std_mean,-0.5727212618192037
40000,train/policy_log_std_std,0.24955885144626802
40000,train/policy_loss_mean,-2.95585688495636
40000,train/policy_loss_std,1.3138866211573135
40000,train/reward_loss_mean,0.2446869981408119
40000,train/reward_loss_std,0.00912221255708487
40000,train/total_loss_mean,0.07191331940293312
40000,train/total_loss_std,0.005273858977410024
40000,train/value_loss_mean,0.31780479727983474
40000,train/value_loss_std,0.046465965183991896
40000,train/value_scale_mean,17.363480110168457
40000,train/value_scale_std,4.429677329068484
40000,timing/collect_chunk_s,103.31464772392064
40000,timing/train_chunk_s,20.528833049815148
40000,dense_rhs/training_bucket_horizon,3.0
40000,system/heartbeat,1.0
43992,episode/return,371.5440673828125
43992,episode/length,500.0
43993,episode/return,205.62890625
43993,episode/length,500.0
43994,episode/return,198.91180419921875
43994,episode/length,500.0
43995,episode/return,211.7928466796875
43995,episode/length,500.0
43996,episode/return,282.22723388671875
43996,episode/length,500.0
43997,episode/return,216.45143127441406
43997,episode/length,500.0
43998,episode/return,199.29730224609375
43998,episode/length,500.0
43999,episode/return,391.2608642578125
43999,episode/length,500.0
47992,episode/return,459.7346496582031
47992,episode/length,500.0
47993,episode/return,474.1407470703125
47993,episode/length,500.0
47994,episode/return,281.5918273925781
47994,episode/length,500.0
47995,episode/return,380.8681945800781
47995,episode/length,500.0
47996,episode/return,445.52044677734375
47996,episode/length,500.0
47997,episode/return,256.8812255859375
47997,episode/length,500.0
47998,episode/return,471.62493896484375
47998,episode/length,500.0
47999,episode/return,435.2394714355469
47999,episode/length,500.0
50000,train/consistency_loss_mean,0.0006040561879053712
50000,train/consistency_loss_std,4.9790769711771475e-05
50000,train/continue_loss_mean,0.0
50000,train/continue_loss_std,0.0
50000,train/grad_norm_mean,0.11142476068735123
50000,train/grad_norm_std,0.0456718140584734
50000,train/policy_log_std_mean,-0.6090563340822855
50000,train/policy_log_std_std,0.24069471074316548
50000,train/policy_loss_mean,-3.0064181018829346
50000,train/policy_loss_std,0.45460029885273984
50000,train/reward_loss_mean,0.25462410054206847
50000,train/reward_loss_std,0.00844438496815736
50000,train/total_loss_mean,0.06261535851359368
50000,train/total_loss_std,0.0035311822641609096
50000,train/value_loss_mean,0.2507182430028915
50000,train/value_loss_std,0.03301223195939495
50000,train/value_scale_mean,16.511568482971192
50000,train/value_scale_std,2.127946006313412
50000,timing/collect_chunk_s,101.15703329071403
50000,timing/train_chunk_s,20.51362741459161
50000,dense_rhs/training_bucket_horizon,3.0
50000,system/heartbeat,1.0
50000,timing/checkpoint_blocking_s,0.5012961900793016
50000,eval/return_mean,431.62841796875
50000,eval/return_std,29.172517776489258
50000,eval/return_max,475.8808288574219
50000,eval/return_min,368.282958984375
50000,timing/eval_s,156.86260884488001
50000,eval/selected_horizon,3.0
50000,eval/training_bucket_horizon,3.0
50000,system/heartbeat,1.0
51992,episode/return,175.73622131347656
51992,episode/length,500.0
51993,episode/return,208.08738708496094
51993,episode/length,500.0
51994,episode/return,557.1270751953125
51994,episode/length,500.0
51995,episode/return,244.0299530029297
51995,episode/length,500.0
51996,episode/return,499.8410949707031
51996,episode/length,500.0
51997,episode/return,540.5895385742188
51997,episode/length,500.0
51998,episode/return,153.72543334960938
51998,episode/length,500.0
51999,episode/return,523.8201293945312
51999,episode/length,500.0
55992,episode/return,537.5511474609375
55992,episode/length,500.0
55993,episode/return,462.8450012207031
55993,episode/length,500.0
55994,episode/return,485.4181823730469
55994,episode/length,500.0
55995,episode/return,387.4981994628906
55995,episode/length,500.0
55996,episode/return,390.5229187011719
55996,episode/length,500.0
55997,episode/return,526.0900268554688
55997,episode/length,500.0
55998,episode/return,476.17486572265625
55998,episode/length,500.0
55999,episode/return,466.9963073730469
55999,episode/length,500.0
59992,episode/return,568.4208374023438
59992,episode/length,500.0
59993,episode/return,486.44635009765625
59993,episode/length,500.0
59994,episode/return,525.2237548828125
59994,episode/length,500.0
59995,episode/return,538.1142578125
59995,episode/length,500.0
59996,episode/return,557.8478393554688
59996,episode/length,500.0
59997,episode/return,531.4420776367188
59997,episode/length,500.0
59998,episode/return,497.6065673828125
59998,episode/length,500.0
59999,episode/return,536.8370971679688
59999,episode/length,500.0
60000,train/consistency_loss_mean,0.0004915465372148901
60000,train/consistency_loss_std,3.1805988665295124e-05
60000,train/continue_loss_mean,0.0
60000,train/continue_loss_std,0.0
60000,train/grad_norm_mean,0.09815016077160835
60000,train/grad_norm_std,0.03383328288827457
60000,train/policy_log_std_mean,-0.6358532322565714
60000,train/policy_log_std_std,0.23285953049181413
60000,train/policy_loss_mean,-3.2841257453918455
60000,train/policy_loss_std,0.13974765077918838
60000,train/reward_loss_mean,0.26167534568309786
60000,train/reward_loss_std,0.008271243922876252
60000,train/total_loss_mean,0.06492562071084976
60000,train/total_loss_std,0.0024855800083420396
60000,train/value_loss_mean,0.2892715479850769
60000,train/value_loss_std,0.024374736690169742
60000,train/value_scale_mean,15.44878750152588
60000,train/value_scale_std,0.592262207756689
60000,timing/collect_chunk_s,100.56547839846462
60000,timing/train_chunk_s,19.348359189461917
60000,dense_rhs/training_bucket_horizon,3.0
60000,system/heartbeat,1.0
63992,episode/return,534.80126953125
63992,episode/length,500.0
63993,episode/return,553.064208984375
63993,episode/length,500.0
63994,episode/return,511.8855285644531
63994,episode/length,500.0
63995,episode/return,632.28662109375
63995,episode/length,500.0
63996,episode/return,525.0677490234375
63996,episode/length,500.0
63997,episode/return,563.0230102539062
63997,episode/length,500.0
63998,episode/return,609.3314208984375
63998,episode/length,500.0
63999,episode/return,545.8789672851562
63999,episode/length,500.0
67992,episode/return,634.5927124023438
67992,episode/length,500.0
67993,episode/return,559.8567504882812
67993,episode/length,500.0
67994,episode/return,654.6001586914062
67994,episode/length,500.0
67995,episode/return,633.5774536132812
67995,episode/length,500.0
67996,episode/return,667.5099487304688
67996,episode/length,500.0
67997,episode/return,644.4451904296875
67997,episode/length,500.0
67998,episode/return,674.0806884765625
67998,episode/length,500.0
67999,episode/return,639.933837890625
67999,episode/length,500.0
70000,train/consistency_loss_mean,0.00041701083788648247
70000,train/consistency_loss_std,2.5786908738567038e-05
70000,train/continue_loss_mean,0.0
70000,train/continue_loss_std,0.0
70000,train/grad_norm_mean,0.09102188463807107
70000,train/grad_norm_std,0.02914819194550613
70000,train/policy_log_std_mean,-0.6297837202072144
70000,train/policy_log_std_std,0.21151704877646169
70000,train/policy_loss_mean,-3.042784885787964
70000,train/policy_loss_std,0.22163017180780153
70000,train/reward_loss_mean,0.26561123094558714
70000,train/reward_loss_std,0.007887029562388051
70000,train/total_loss_mean,0.06502487580180168
70000,train/total_loss_std,0.0021810907361249554
70000,train/value_loss_mean,0.3012353443622589
70000,train/value_loss_std,0.02215764384661831
70000,train/value_scale_mean,17.626791358947752
70000,train/value_scale_std,1.5866904374750812
70000,timing/collect_chunk_s,98.56972426222637
70000,timing/train_chunk_s,19.301482753362507
70000,dense_rhs/training_bucket_horizon,3.0
70000,system/heartbeat,1.0
71992,episode/return,640.00634765625
71992,episode/length,500.0
71993,episode/return,685.9839477539062
71993,episode/length,500.0
71994,episode/return,621.5379028320312
71994,episode/length,500.0
71995,episode/return,666.1481323242188
71995,episode/length,500.0
71996,episode/return,671.2029418945312
71996,episode/length,500.0
71997,episode/return,652.7984008789062
71997,episode/length,500.0
71998,episode/return,631.3527221679688
71998,episode/length,500.0
71999,episode/return,666.697021484375
71999,episode/length,500.0
75992,episode/return,621.1622924804688
75992,episode/length,500.0
75993,episode/return,669.5446166992188
75993,episode/length,500.0
75994,episode/return,662.4314575195312
75994,episode/length,500.0
75995,episode/return,700.4037475585938
75995,episode/length,500.0
75996,episode/return,622.2847900390625
75996,episode/length,500.0
75997,episode/return,663.9853515625
75997,episode/length,500.0
75998,episode/return,688.144775390625
75998,episode/length,500.0
75999,episode/return,701.4337768554688
75999,episode/length,500.0
79992,episode/return,696.7157592773438
79992,episode/length,500.0
79993,episode/return,610.1783447265625
79993,episode/length,500.0
79994,episode/return,707.3314819335938
79994,episode/length,500.0
79995,episode/return,716.18115234375
79995,episode/length,500.0
79996,episode/return,653.5460205078125
79996,episode/length,500.0
79997,episode/return,684.9444580078125
79997,episode/length,500.0
79998,episode/return,691.0159912109375
79998,episode/length,500.0
79999,episode/return,715.9110717773438
79999,episode/length,500.0
80000,train/consistency_loss_mean,0.00036772068031132223
80000,train/consistency_loss_std,1.79931571850218e-05
80000,train/continue_loss_mean,0.0
80000,train/continue_loss_std,0.0
80000,train/grad_norm_mean,0.08712023187279701
80000,train/grad_norm_std,0.023822721199263097
80000,train/policy_log_std_mean,-0.6017406133333842
80000,train/policy_log_std_std,0.17247974678456648
80000,train/policy_loss_mean,-2.7972062324523925
80000,train/policy_loss_std,0.10081562008815259
80000,train/reward_loss_mean,0.2746773067712784
80000,train/reward_loss_std,0.008349919445915299
80000,train/total_loss_mean,0.068153981590271
80000,train/total_loss_std,0.0017847953576792311
80000,train/value_loss_mean,0.3333183490753174
80000,train/value_loss_std,0.016907541389331333
80000,train/value_scale_mean,20.508345664978027
80000,train/value_scale_std,0.5089940627297767
80000,timing/collect_chunk_s,98.71835061581805
80000,timing/train_chunk_s,19.289435802493244
80000,dense_rhs/training_bucket_horizon,3.0
80000,system/heartbeat,1.0
83992,episode/return,590.8118896484375
83992,episode/length,500.0
83993,episode/return,679.7651977539062
83993,episode/length,500.0
83994,episode/return,718.4818115234375
83994,episode/length,500.0
83995,episode/return,720.7978515625
83995,episode/length,500.0
83996,episode/return,635.54833984375
83996,episode/length,500.0
83997,episode/return,726.1016845703125
83997,episode/length,500.0
83998,episode/return,733.3165893554688
83998,episode/length,500.0
83999,episode/return,735.6788330078125
83999,episode/length,500.0
87992,episode/return,728.0942993164062
87992,episode/length,500.0
87993,episode/return,423.9213562011719
87993,episode/length,500.0
87994,episode/return,728.8164672851562
87994,episode/length,500.0
87995,episode/return,627.4860229492188
87995,episode/length,500.0
87996,episode/return,469.40185546875
87996,episode/length,500.0
87997,episode/return,729.9603271484375
87997,episode/length,500.0
87998,episode/return,505.7012939453125
87998,episode/length,500.0
87999,episode/return,574.8530883789062
87999,episode/length,500.0
90000,train/consistency_loss_mean,0.0003459442557068542
90000,train/consistency_loss_std,1.5779532623821667e-05
90000,train/continue_loss_mean,0.0
90000,train/continue_loss_std,0.0
90000,train/grad_norm_mean,0.08773677946329117
90000,train/grad_norm_std,0.02723141850198152
90000,train/policy_log_std_mean,-0.6114081215858459
90000,train/policy_log_std_std,0.19579792604649093
90000,train/policy_loss_mean,-3.250184843635559
90000,train/policy_loss_std,0.7060752793458415
90000,train/reward_loss_mean,0.28540056388378143
90000,train/reward_loss_std,0.007900768957655601
90000,train/total_loss_mean,0.06374047113060952
90000,train/total_loss_std,0.0031750803558969294
90000,train/value_loss_mean,0.2828152861595154
90000,train/value_loss_std,0.03108674578612998
90000,train/value_scale_mean,19.563585023498536
90000,train/value_scale_std,2.8092959984414927
90000,timing/collect_chunk_s,99.3919268953614
90000,timing/train_chunk_s,19.287182796746492
90000,dense_rhs/training_bucket_horizon,3.0
90000,system/heartbeat,1.0
91992,episode/return,632.6029663085938
91992,episode/length,500.0
91993,episode/return,574.0445556640625
91993,episode/length,500.0
91994,episode/return,681.916015625
91994,episode/length,500.0
91995,episode/return,660.1173706054688
91995,episode/length,500.0
91996,episode/return,580.6908569335938
91996,episode/length,500.0
91997,episode/return,579.0827026367188
91997,episode/length,500.0
91998,episode/return,729.7777709960938
91998,episode/length,500.0
91999,episode/return,596.17333984375
91999,episode/length,500.0
95992,episode/return,681.3953247070312
95992,episode/length,500.0
95993,episode/return,680.0202026367188
95993,episode/length,500.0
95994,episode/return,494.7726745605469
95994,episode/length,500.0
95995,episode/return,710.2891235351562
95995,episode/length,500.0
95996,episode/return,685.0343017578125
95996,episode/length,500.0
95997,episode/return,707.7715454101562
95997,episode/length,500.0
95998,episode/return,739.737548828125
95998,episode/length,500.0
95999,episode/return,579.82421875
95999,episode/length,500.0
99992,episode/return,716.6576538085938
99992,episode/length,500.0
99993,episode/return,557.7997436523438
99993,episode/length,500.0
99994,episode/return,746.5734252929688
99994,episode/length,500.0
99995,episode/return,697.5630493164062
99995,episode/length,500.0
99996,episode/return,738.9734497070312
99996,episode/length,500.0
99997,episode/return,641.2644653320312
99997,episode/length,500.0
99998,episode/return,608.0724487304688
99998,episode/length,500.0
99999,episode/return,720.6311645507812
99999,episode/length,500.0
100000,train/consistency_loss_mean,0.0003397207369329408
100000,train/consistency_loss_std,1.537635264658832e-05
100000,train/continue_loss_mean,0.0
100000,train/continue_loss_std,0.0
100000,train/grad_norm_mean,0.08998031463027001
100000,train/grad_norm_std,0.024194903731285147
100000,train/policy_log_std_mean,-0.6153621439297994
100000,train/policy_log_std_std,0.17903048802872792
100000,train/policy_loss_mean,-3.0438011205673217
100000,train/policy_loss_std,0.08027353329837981
100000,train/reward_loss_mean,0.2928981052160263
100000,train/reward_loss_std,0.007473064591182993
100000,train/total_loss_mean,0.06295100090503693
100000,train/total_loss_std,0.0012655155650827664
100000,train/value_loss_mean,0.26866774933338167
100000,train/value_loss_std,0.008029571907996389
100000,train/value_scale_mean,20.794776960754394
100000,train/value_scale_std,0.4436361321090256
100000,timing/collect_chunk_s,98.68330973479897
100000,timing/train_chunk_s,19.28510209918022
100000,dense_rhs/training_bucket_horizon,3.0
100000,system/heartbeat,1.0
100000,timing/checkpoint_blocking_s,0.5690906369127333
100000,eval/return_mean,726.5118408203125
100000,eval/return_std,26.628435134887695
100000,eval/return_max,767.0891723632812
100000,eval/return_min,649.8499755859375
100000,timing/eval_s,20.043763673864305
100000,eval/selected_horizon,3.0
100000,eval/training_bucket_horizon,3.0
100000,system/heartbeat,1.0
103992,episode/return,700.8438720703125
103992,episode/length,500.0
103993,episode/return,474.3321228027344
103993,episode/length,500.0
103994,episode/return,755.1580200195312
103994,episode/length,500.0
103995,episode/return,750.2476806640625
103995,episode/length,500.0
103996,episode/return,623.9348754882812
103996,episode/length,500.0
103997,episode/return,750.0947875976562
103997,episode/length,500.0
103998,episode/return,724.36328125
103998,episode/length,500.0
103999,episode/return,600.8644409179688
103999,episode/length,500.0
107992,episode/return,725.2869873046875
107992,episode/length,500.0
107993,episode/return,689.703857421875
107993,episode/length,500.0
107994,episode/return,692.9669799804688
107994,episode/length,500.0
107995,episode/return,515.0824584960938
107995,episode/length,500.0
107996,episode/return,475.6510314941406
107996,episode/length,500.0
107997,episode/return,702.5625
107997,episode/length,500.0
107998,episode/return,637.1175537109375
107998,episode/length,500.0
107999,episode/return,660.7555541992188
107999,episode/length,500.0
110000,train/consistency_loss_mean,0.0003348974802531302
110000,train/consistency_loss_std,1.5976077446137557e-05
110000,train/continue_loss_mean,0.0
110000,train/continue_loss_std,0.0
110000,train/grad_norm_mean,0.09280110464692115
110000,train/grad_norm_std,0.035030692262486895
110000,train/policy_log_std_mean,-0.6040923717180888
110000,train/policy_log_std_std,0.17803447072846698
110000,train/policy_loss_mean,-3.085589105796814
110000,train/policy_loss_std,0.027147758153001595
110000,train/reward_loss_mean,0.29894894559383395
110000,train/reward_loss_std,0.007333007144793266
110000,train/total_loss_mean,0.06216224201321602
110000,train/total_loss_std,0.0011118732053124673
110000,train/value_loss_mean,0.25569397300481794
110000,train/value_loss_std,0.009365534191605603
110000,train/value_scale_mean,20.846874728393555
110000,train/value_scale_std,0.1570027059694726
110000,timing/collect_chunk_s,97.20747261773795
110000,timing/train_chunk_s,19.30908752279356
110000,dense_rhs/training_bucket_horizon,3.0
110000,system/heartbeat,1.0
111992,episode/return,669.7416381835938
111992,episode/length,500.0
111993,episode/return,755.9348754882812
111993,episode/length,500.0
111994,episode/return,765.5375366210938
111994,episode/length,500.0
111995,episode/return,684.3403930664062
111995,episode/length,500.0
111996,episode/return,769.8466796875
111996,episode/length,500.0
111997,episode/return,723.672119140625
111997,episode/length,500.0
111998,episode/return,686.3274536132812
111998,episode/length,500.0
111999,episode/return,696.63134765625
111999,episode/length,500.0
115992,episode/return,729.2044677734375
115992,episode/length,500.0
115993,episode/return,719.3111572265625
115993,episode/length,500.0
115994,episode/return,767.5850830078125
115994,episode/length,500.0
115995,episode/return,722.86474609375
115995,episode/length,500.0
115996,episode/return,773.5285034179688
115996,episode/length,500.0
115997,episode/return,744.4537353515625
115997,episode/length,500.0
115998,episode/return,723.9844360351562
115998,episode/length,500.0
115999,episode/return,717.5418090820312
115999,episode/length,500.0
119992,episode/return,748.9952392578125
119992,episode/length,500.0
119993,episode/return,729.0211791992188
119993,episode/length,500.0
119994,episode/return,748.91748046875
119994,episode/length,500.0
119995,episode/return,700.0987548828125
119995,episode/length,500.0
119996,episode/return,740.2452392578125
119996,episode/length,500.0
119997,episode/return,664.6288452148438
119997,episode/length,500.0
119998,episode/return,715.7275390625
119998,episode/length,500.0
119999,episode/return,713.1026000976562
119999,episode/length,500.0
120000,train/consistency_loss_mean,0.0003276523301145062
120000,train/consistency_loss_std,1.549688548583167e-05
120000,train/continue_loss_mean,0.0
120000,train/continue_loss_std,0.0
120000,train/grad_norm_mean,0.0940739128291607
120000,train/grad_norm_std,0.02835983644985994
120000,train/policy_log_std_mean,-0.5764764205932618
120000,train/policy_log_std_std,0.19142457257963422
120000,train/policy_loss_mean,-3.115429957771301
120000,train/policy_loss_std,0.05424274869331151
120000,train/reward_loss_mean,0.3032211431503296
120000,train/reward_loss_std,0.006977106121083335
120000,train/total_loss_mean,0.058962176159024236
120000,train/total_loss_std,0.001429597644260108
120000,train/value_loss_mean,0.2208701474070549
120000,train/value_loss_std,0.014197895521896098
120000,train/value_scale_mean,20.916220701599123
120000,train/value_scale_std,0.29024111824976
120000,timing/collect_chunk_s,100.4609480756335
120000,timing/train_chunk_s,19.317242132965475
120000,dense_rhs/training_bucket_horizon,3.0
120000,system/heartbeat,1.0
123992,episode/return,731.923828125
123992,episode/length,500.0
123993,episode/return,762.3613891601562
123993,episode/length,500.0
123994,episode/return,714.1483764648438
123994,episode/length,500.0
123995,episode/return,765.7138671875
123995,episode/length,500.0
123996,episode/return,729.2684326171875
123996,episode/length,500.0
123997,episode/return,694.3460083007812
123997,episode/length,500.0
123998,episode/return,723.0382690429688
123998,episode/length,500.0
123999,episode/return,740.3336181640625
123999,episode/length,500.0
127992,episode/return,764.5654296875
127992,episode/length,500.0
127993,episode/return,707.0657348632812
127993,episode/length,500.0
127994,episode/return,738.3003540039062
127994,episode/length,500.0
127995,episode/return,775.604736328125
127995,episode/length,500.0
127996,episode/return,778.0240478515625
127996,episode/length,500.0
127997,episode/return,623.8720092773438
127997,episode/length,500.0
127998,episode/return,782.0055541992188
127998,episode/length,500.0
127999,episode/return,776.380126953125
127999,episode/length,500.0
130000,train/consistency_loss_mean,0.00032099852466490117
130000,train/consistency_loss_std,1.4936810506513857e-05
130000,train/continue_loss_mean,0.0
130000,train/continue_loss_std,0.0
130000,train/grad_norm_mean,0.09355678523182868
130000,train/grad_norm_std,0.017120679173843127
130000,train/policy_log_std_mean,-0.5477232892672221
130000,train/policy_log_std_std,0.20439852460856933
130000,train/policy_loss_mean,-3.1416006900787354
130000,train/policy_loss_std,0.035603811734790096
130000,train/reward_loss_mean,0.3061502070903778
130000,train/reward_loss_std,0.006896737292030049
130000,train/total_loss_mean,0.05702707598209381
130000,train/total_loss_std,0.0009954293282838725
130000,train/value_loss_mean,0.1999208420276642
130000,train/value_loss_std,0.00963986122723705
130000,train/value_scale_mean,20.90148556213379
130000,train/value_scale_std,0.22362836475311526
130000,timing/collect_chunk_s,101.119359171018
130000,timing/train_chunk_s,19.32885062554851
130000,dense_rhs/training_bucket_horizon,3.0
130000,system/heartbeat,1.0
131992,episode/return,662.9835815429688
131992,episode/length,500.0
131993,episode/return,692.5320434570312
131993,episode/length,500.0
131994,episode/return,777.7924194335938
131994,episode/length,500.0
131995,episode/return,726.704833984375
131995,episode/length,500.0
131996,episode/return,718.8992309570312
131996,episode/length,500.0
131997,episode/return,755.6227416992188
131997,episode/length,500.0
131998,episode/return,692.5950317382812
131998,episode/length,500.0
131999,episode/return,771.5477294921875
131999,episode/length,500.0
135992,episode/return,733.1472778320312
135992,episode/length,500.0
135993,episode/return,754.7603759765625
135993,episode/length,500.0
135994,episode/return,686.1371459960938
135994,episode/length,500.0
135995,episode/return,716.0418701171875
135995,episode/length,500.0
135996,episode/return,733.7357788085938
135996,episode/length,500.0
135997,episode/return,743.2882080078125
135997,episode/length,500.0
135998,episode/return,724.1552124023438
135998,episode/length,500.0
135999,episode/return,721.276611328125
135999,episode/length,500.0
139992,episode/return,788.10791015625
139992,episode/length,500.0
139993,episode/return,768.8485717773438
139993,episode/length,500.0
139994,episode/return,797.8521118164062
139994,episode/length,500.0
139995,episode/return,790.1937255859375
139995,episode/length,500.0
139996,episode/return,782.6539306640625
139996,episode/length,500.0
139997,episode/return,790.2213745117188
139997,episode/length,500.0
139998,episode/return,771.4494018554688
139998,episode/length,500.0
139999,episode/return,737.3547973632812
139999,episode/length,500.0
140000,train/consistency_loss_mean,0.0003171029762132093
140000,train/consistency_loss_std,1.4932032659143216e-05
140000,train/continue_loss_mean,0.0
140000,train/continue_loss_std,0.0
140000,train/grad_norm_mean,0.09350467999577522
140000,train/grad_norm_std,0.027648951127874292
140000,train/policy_log_std_mean,-0.5506299751917522
140000,train/policy_log_std_std,0.2011889203097483
140000,train/policy_loss_mean,-3.0409379886627197
140000,train/policy_loss_std,0.06165719313753297
140000,train/reward_loss_mean,0.30695188608169555
140000,train/reward_loss_std,0.006699007365718246
140000,train/total_loss_mean,0.057024482035636904
140000,train/total_loss_std,0.0009590441578765464
140000,train/value_loss_mean,0.1998723284840584
140000,train/value_loss_std,0.009131840359989254
140000,train/value_scale_mean,21.759641806030274
140000,train/value_scale_std,0.4816732580872739
140000,timing/collect_chunk_s,97.92173557076603
140000,timing/train_chunk_s,19.345910052768886
140000,dense_rhs/training_bucket_horizon,3.0
140000,system/heartbeat,1.0
143992,episode/return,785.0805053710938
143992,episode/length,500.0
143993,episode/return,731.8828125
143993,episode/length,500.0
143994,episode/return,775.78271484375
143994,episode/length,500.0
143995,episode/return,809.0741577148438
143995,episode/length,500.0
143996,episode/return,793.8546752929688
143996,episode/length,500.0
143997,episode/return,765.0160522460938
143997,episode/length,500.0
143998,episode/return,810.5943603515625
143998,episode/length,500.0
143999,episode/return,726.8383178710938
143999,episode/length,500.0
147992,episode/return,829.1845703125
147992,episode/length,500.0
147993,episode/return,822.6375122070312
147993,episode/length,500.0
147994,episode/return,781.4718017578125
147994,episode/length,500.0
147995,episode/return,773.2899780273438
147995,episode/length,500.0
147996,episode/return,817.1541137695312
147996,episode/length,500.0
147997,episode/return,749.9752807617188
147997,episode/length,500.0
147998,episode/return,805.1917724609375
147998,episode/length,500.0
147999,episode/return,828.2283325195312
147999,episode/length,500.0
150000,train/consistency_loss_mean,0.0003121729987440631
150000,train/consistency_loss_std,1.4119636602823995e-05
150000,train/continue_loss_mean,0.0
150000,train/continue_loss_std,0.0
150000,train/grad_norm_mean,0.09239462881684303
150000,train/grad_norm_std,0.01782449817354663
150000,train/policy_log_std_mean,-0.5679969468752543
150000,train/policy_log_std_std,0.18165222322006408
150000,train/policy_loss_mean,-2.812233837890625
150000,train/policy_loss_std,0.09512140706127045
150000,train/reward_loss_mean,0.3038914740085602
150000,train/reward_loss_std,0.006769208860921134
150000,train/total_loss_mean,0.06079839814901352
150000,train/total_loss_std,0.0024207321401742746
150000,train/value_loss_mean,0.24165789549350739
150000,train/value_loss_std,0.025085807368765305
150000,train/value_scale_mean,23.943837956237793
150000,train/value_scale_std,1.0155131667450605
150000,timing/collect_chunk_s,101.68367379391566
150000,timing/train_chunk_s,19.32290791068226
150000,dense_rhs/training_bucket_horizon,3.0
150000,system/heartbeat,1.0
150000,timing/checkpoint_blocking_s,0.6251604971475899
150000,eval/return_mean,809.6656494140625
150000,eval/return_std,30.465002059936523
150000,eval/return_max,856.767333984375
150000,eval/return_min,746.776123046875
150000,timing/eval_s,20.63001411780715
150000,eval/selected_horizon,3.0
150000,eval/training_bucket_horizon,3.0
150000,system/heartbeat,1.0
151992,episode/return,811.3512573242188
151992,episode/length,500.0
151993,episode/return,820.25634765625
151993,episode/length,500.0
151994,episode/return,802.8948974609375
151994,episode/length,500.0
151995,episode/return,747.8234252929688
151995,episode/length,500.0
151996,episode/return,858.3994750976562
151996,episode/length,500.0
151997,episode/return,821.560791015625
151997,episode/length,500.0
151998,episode/return,845.501220703125
151998,episode/length,500.0
151999,episode/return,843.8646850585938
151999,episode/length,500.0
155992,episode/return,853.3179321289062
155992,episode/length,500.0
155993,episode/return,846.818115234375
155993,episode/length,500.0
155994,episode/return,827.8282470703125
155994,episode/length,500.0
155995,episode/return,809.5020751953125
155995,episode/length,500.0
155996,episode/return,805.08447265625
155996,episode/length,500.0
155997,episode/return,877.409912109375
155997,episode/length,500.0
155998,episode/return,839.7887573242188
155998,episode/length,500.0
155999,episode/return,844.826904296875
155999,episode/length,500.0
159992,episode/return,849.6253051757812
159992,episode/length,500.0
159993,episode/return,859.7490844726562
159993,episode/length,500.0
159994,episode/return,818.3430786132812
159994,episode/length,500.0
159995,episode/return,860.7236328125
159995,episode/length,500.0
159996,episode/return,839.9822387695312
159996,episode/length,500.0
159997,episode/return,865.8097534179688
159997,episode/length,500.0
159998,episode/return,758.8314208984375
159998,episode/length,500.0
159999,episode/return,836.8483276367188
159999,episode/length,500.0
160000,train/consistency_loss_mean,0.0003110956768272445
160000,train/consistency_loss_std,1.4438350043612375e-05
160000,train/continue_loss_mean,0.0
160000,train/continue_loss_std,0.0
160000,train/grad_norm_mean,0.09388717532157898
160000,train/grad_norm_std,0.030356186580278943
160000,train/policy_log_std_mean,-0.5828156746546428
160000,train/policy_log_std_std,0.1595646450574126
160000,train/policy_loss_mean,-2.589071325111389
160000,train/policy_loss_std,0.03756400413115841
160000,train/reward_loss_mean,0.29817566690444947
160000,train/reward_loss_std,0.006874653446038685
160000,train/total_loss_mean,0.06965156467556953
160000,train/total_loss_std,0.002075415420109419
160000,train/value_loss_mean,0.33612082991600034
160000,train/value_loss_std,0.0215252420429131
160000,train/value_scale_mean,27.141648428344727
160000,train/value_scale_std,0.6857681926185036
160000,timing/collect_chunk_s,98.34169890359044
160000,timing/train_chunk_s,19.277867903467268
160000,dense_rhs/training_bucket_horizon,3.0
160000,system/heartbeat,1.0
163992,episode/return,830.74169921875
163992,episode/length,500.0
163993,episode/return,860.201416015625
163993,episode/length,500.0
163994,episode/return,879.361083984375
163994,episode/length,500.0
163995,episode/return,848.1618041992188
163995,episode/length,500.0
163996,episode/return,839.56396484375
163996,episode/length,500.0
163997,episode/return,886.6123657226562
163997,episode/length,500.0
163998,episode/return,862.0529174804688
163998,episode/length,500.0
163999,episode/return,869.8336791992188
163999,episode/length,500.0
167992,episode/return,855.546875
167992,episode/length,500.0
167993,episode/return,867.3063354492188
167993,episode/length,500.0
167994,episode/return,885.3065795898438
167994,episode/length,500.0
167995,episode/return,844.7125854492188
167995,episode/length,500.0
167996,episode/return,817.7908935546875
167996,episode/length,500.0
167997,episode/return,789.1116333007812
167997,episode/length,500.0
167998,episode/return,884.3554077148438
167998,episode/length,500.0
167999,episode/return,848.179931640625
167999,episode/length,500.0
170000,train/consistency_loss_mean,0.0003079398248810321
170000,train/consistency_loss_std,1.3842323797824157e-05
170000,train/continue_loss_mean,0.0
170000,train/continue_loss_std,0.0
170000,train/grad_norm_mean,0.0959758927822113
170000,train/grad_norm_std,0.019563132713124695
170000,train/policy_log_std_mean,-0.5752620778083801
170000,train/policy_log_std_std,0.15575183608458418
170000,train/policy_loss_mean,-2.528638588142395
170000,train/policy_loss_std,0.03870555362703852
170000,train/reward_loss_mean,0.294169180560112
170000,train/reward_loss_std,0.006737884470371813
170000,train/total_loss_mean,0.07146376922130585
170000,train/total_loss_std,0.0010539095407919629
170000,train/value_loss_mean,0.3588805396318436
170000,train/value_loss_std,0.006756085669103799
170000,train/value_scale_mean,29.066297024536134
170000,train/value_scale_std,0.6348065697921655
170000,timing/collect_chunk_s,101.9143685856834
170000,timing/train_chunk_s,19.32074954500422
170000,dense_rhs/training_bucket_horizon,3.0
170000,system/heartbeat,1.0
171992,episode/return,884.217529296875
171992,episode/length,500.0
171993,episode/return,831.5477294921875
171993,episode/length,500.0
171994,episode/return,770.9974365234375
171994,episode/length,500.0
171995,episode/return,847.5401611328125
171995,episode/length,500.0
171996,episode/return,894.28173828125
171996,episode/length,500.0
171997,episode/return,800.8428344726562
171997,episode/length,500.0
171998,episode/return,848.74755859375
171998,episode/length,500.0
171999,episode/return,835.17431640625
171999,episode/length,500.0
175992,episode/return,894.3507080078125
175992,episode/length,500.0
175993,episode/return,705.6719970703125
175993,episode/length,500.0
175994,episode/return,900.3275756835938
175994,episode/length,500.0
175995,episode/return,804.4391479492188
175995,episode/length,500.0
175996,episode/return,885.6276245117188
175996,episode/length,500.0
175997,episode/return,841.4676513671875
175997,episode/length,500.0
175998,episode/return,902.76123046875
175998,episode/length,500.0
175999,episode/return,912.0737915039062
175999,episode/length,500.0
179992,episode/return,873.92724609375
179992,episode/length,500.0
179993,episode/return,883.241943359375
179993,episode/length,500.0
179994,episode/return,908.94091796875
179994,episode/length,500.0
179995,episode/return,874.0015258789062
179995,episode/length,500.0
179996,episode/return,866.2801513671875
179996,episode/length,500.0
179997,episode/return,841.3930053710938
179997,episode/length,500.0
179998,episode/return,839.7518920898438
179998,episode/length,500.0
179999,episode/return,880.745849609375
179999,episode/length,500.0
180000,train/consistency_loss_mean,0.0003078660772414878
180000,train/consistency_loss_std,1.4082898524629542e-05
180000,train/continue_loss_mean,0.0
180000,train/continue_loss_std,0.0
180000,train/grad_norm_mean,0.09907042731642723
180000,train/grad_norm_std,0.01869532524327305
180000,train/policy_log_std_mean,-0.5764491268157959
180000,train/policy_log_std_std,0.1595113320766596
180000,train/policy_loss_mean,-2.591710355567932
180000,train/policy_loss_std,0.04438629844362959
180000,train/reward_loss_mean,0.2924532103061676
180000,train/reward_loss_std,0.006643636752285486
180000,train/total_loss_mean,0.0685106398820877
180000,train/total_loss_std,0.0012815024545928106
180000,train/value_loss_mean,0.3310799574375153
180000,train/value_loss_std,0.009528223481611585
180000,train/value_scale_mean,29.160360440063478
180000,train/value_scale_std,0.5854406657886924
180000,timing/collect_chunk_s,97.93384745949879
180000,timing/train_chunk_s,19.337468809913844
180000,dense_rhs/training_bucket_horizon,3.0
180000,system/heartbeat,1.0
183992,episode/return,876.0001831054688
183992,episode/length,500.0
183993,episode/return,907.0831909179688
183993,episode/length,500.0
183994,episode/return,910.2218017578125
183994,episode/length,500.0
183995,episode/return,838.4926147460938
183995,episode/length,500.0
183996,episode/return,888.3370361328125
183996,episode/length,500.0
183997,episode/return,832.9622192382812
183997,episode/length,500.0
183998,episode/return,904.239013671875
183998,episode/length,500.0
183999,episode/return,886.9436645507812
183999,episode/length,500.0
187992,episode/return,910.9823608398438
187992,episode/length,500.0
187993,episode/return,890.4912719726562
187993,episode/length,500.0
187994,episode/return,880.8858032226562
187994,episode/length,500.0
187995,episode/return,878.8540649414062
187995,episode/length,500.0
187996,episode/return,869.3339233398438
187996,episode/length,500.0
187997,episode/return,872.8652954101562
187997,episode/length,500.0
187998,episode/return,869.5968017578125
187998,episode/length,500.0
187999,episode/return,893.2915649414062
187999,episode/length,500.0
190000,train/consistency_loss_mean,0.0003079849450848997
190000,train/consistency_loss_std,1.3963404557929081e-05
190000,train/continue_loss_mean,0.0
190000,train/continue_loss_std,0.0
190000,train/grad_norm_mean,0.10350684733390808
190000,train/grad_norm_std,0.020162139590991904
190000,train/policy_log_std_mean,-0.5760735369046529
190000,train/policy_log_std_std,0.169140738370036
190000,train/policy_loss_mean,-2.5979058250427247
190000,train/policy_loss_std,0.031845757296468255
190000,train/reward_loss_mean,0.2922389065027237
190000,train/reward_loss_std,0.006550184093229149
190000,train/total_loss_mean,0.06594539687633515
190000,train/total_loss_std,0.0010751753348537262
190000,train/value_loss_mean,0.3056180590867996
190000,train/value_loss_std,0.006574602616725886
190000,train/value_scale_mean,29.554765274047853
190000,train/value_scale_std,0.35344355962646523
190000,timing/collect_chunk_s,102.05106342071667
190000,timing/train_chunk_s,19.318082539830357
190000,dense_rhs/training_bucket_horizon,3.0
190000,system/heartbeat,1.0
191992,episode/return,903.0992431640625
191992,episode/length,500.0
191993,episode/return,857.7374267578125
191993,episode/length,500.0
191994,episode/return,851.982421875
191994,episode/length,500.0
191995,episode/return,867.5472412109375
191995,episode/length,500.0
191996,episode/return,892.5492553710938
191996,episode/length,500.0
191997,episode/return,879.1925659179688
191997,episode/length,500.0
191998,episode/return,894.5892333984375
191998,episode/length,500.0
191999,episode/return,807.803466796875
191999,episode/length,500.0
195992,episode/return,883.0823974609375
195992,episode/length,500.0
195993,episode/return,880.0550537109375
195993,episode/length,500.0
195994,episode/return,899.8641967773438
195994,episode/length,500.0
195995,episode/return,874.8516235351562
195995,episode/length,500.0
195996,episode/return,864.9935913085938
195996,episode/length,500.0
195997,episode/return,851.8289794921875
195997,episode/length,500.0
195998,episode/return,863.5173950195312
195998,episode/length,500.0
195999,episode/return,861.7355346679688
195999,episode/length,500.0
199992,episode/return,859.1278686523438
199992,episode/length,500.0
199993,episode/return,873.4655151367188
199993,episode/length,500.0
199994,episode/return,884.9114379882812
199994,episode/length,500.0
199995,episode/return,878.2798461914062
199995,episode/length,500.0
199996,episode/return,866.8495483398438
199996,episode/length,500.0
199997,episode/return,894.011474609375
199997,episode/length,500.0
199998,episode/return,909.8666381835938
199998,episode/length,500.0
199999,episode/return,898.128173828125
199999,episode/length,500.0
200000,train/consistency_loss_mean,0.00030831281712744387
200000,train/consistency_loss_std,1.3980856434126703e-05
200000,train/continue_loss_mean,0.0
200000,train/continue_loss_std,0.0
200000,train/grad_norm_mean,0.10896610938310623
200000,train/grad_norm_std,0.023008610137075843
200000,train/policy_log_std_mean,-0.5665710358301799
200000,train/policy_log_std_std,0.1725446099065141
200000,train/policy_loss_mean,-2.6353476261138917
200000,train/policy_loss_std,0.06713859544008911
200000,train/reward_loss_mean,0.29221989285945893
200000,train/reward_loss_std,0.006538199845074441
200000,train/total_loss_mean,0.06500714083909988
200000,train/total_loss_std,0.0010708007882972988
200000,train/value_loss_mean,0.2961889382600784
200000,train/value_loss_std,0.006320984193098946
200000,train/value_scale_mean,29.362548123168946
200000,train/value_scale_std,0.6740301841885014
200000,timing/collect_chunk_s,98.01127379015088
200000,timing/train_chunk_s,19.289716999977827
200000,dense_rhs/training_bucket_horizon,3.0
200000,system/heartbeat,1.0
200000,timing/checkpoint_blocking_s,0.7493337141349912
200000,eval/return_mean,886.4562377929688
200000,eval/return_std,28.16517448425293
200000,eval/return_max,923.4818725585938
200000,eval/return_min,838.2843017578125
200000,timing/eval_s,20.269175481051207
200000,eval/selected_horizon,3.0
200000,eval/training_bucket_horizon,3.0
200000,system/heartbeat,1.0
203992,episode/return,877.0550537109375
203992,episode/length,500.0
203993,episode/return,839.3242797851562
203993,episode/length,500.0
203994,episode/return,843.9705200195312
203994,episode/length,500.0
203995,episode/return,900.4602661132812
203995,episode/length,500.0
203996,episode/return,855.0489501953125
203996,episode/length,500.0
203997,episode/return,858.7781372070312
203997,episode/length,500.0
203998,episode/return,853.6340942382812
203998,episode/length,500.0
203999,episode/return,879.8274536132812
203999,episode/length,500.0
207992,episode/return,862.2568969726562
207992,episode/length,500.0
207993,episode/return,882.0213623046875
207993,episode/length,500.0
207994,episode/return,911.6143188476562
207994,episode/length,500.0
207995,episode/return,880.9666748046875
207995,episode/length,500.0
207996,episode/return,785.1192626953125
207996,episode/length,500.0
207997,episode/return,900.5364379882812
207997,episode/length,500.0
207998,episode/return,878.5335693359375
207998,episode/length,500.0
207999,episode/return,908.2933349609375
207999,episode/length,500.0
210000,train/consistency_loss_mean,0.0003104726162040606
210000,train/consistency_loss_std,1.4602307620280708e-05
210000,train/continue_loss_mean,0.0
210000,train/continue_loss_std,0.0
210000,train/grad_norm_mean,0.115894676476717
210000,train/grad_norm_std,0.040995500480931965
210000,train/policy_log_std_mean,-0.5627047161420187
210000,train/policy_log_std_std,0.17801247658037753
210000,train/policy_loss_mean,-2.6277816719055176
210000,train/policy_loss_std,0.03183860698288853
210000,train/reward_loss_mean,0.29238224189281464
210000,train/reward_loss_std,0.006398795712024946
210000,train/total_loss_mean,0.06442767428159714
210000,train/total_loss_std,0.0010228571454183712
210000,train/value_loss_mean,0.2897999654769898
210000,train/value_loss_std,0.005583326738823796
210000,train/value_scale_mean,29.548172761535646
210000,train/value_scale_std,0.32549583473102167
210000,timing/collect_chunk_s,102.05086467741057
210000,timing/train_chunk_s,19.237658804282546
210000,dense_rhs/training_bucket_horizon,3.0
210000,system/heartbeat,1.0
211992,episode/return,759.97216796875
211992,episode/length,500.0
211993,episode/return,867.6018676757812
211993,episode/length,500.0
211994,episode/return,852.4157104492188
211994,episode/length,500.0
211995,episode/return,887.828857421875
211995,episode/length,500.0
211996,episode/return,824.5103759765625
211996,episode/length,500.0
211997,episode/return,862.9354858398438
211997,episode/length,500.0
211998,episode/return,906.1856689453125
211998,episode/length,500.0
211999,episode/return,906.0344848632812
211999,episode/length,500.0
215992,episode/return,879.1088256835938
215992,episode/length,500.0
215993,episode/return,877.3419799804688
215993,episode/length,500.0
215994,episode/return,906.544189453125
215994,episode/length,500.0
215995,episode/return,890.9924926757812
215995,episode/length,500.0
215996,episode/return,832.6439208984375
215996,episode/length,500.0
215997,episode/return,885.1597900390625
215997,episode/length,500.0
215998,episode/return,914.154052734375
215998,episode/length,500.0
215999,episode/return,888.5013427734375
215999,episode/length,500.0
219992,episode/return,881.4393920898438
219992,episode/length,500.0
219993,episode/return,848.951171875
219993,episode/length,500.0
219994,episode/return,875.661865234375
219994,episode/length,500.0
219995,episode/return,904.8073120117188
219995,episode/length,500.0
219996,episode/return,818.111572265625
219996,episode/length,500.0
219997,episode/return,901.307861328125
219997,episode/length,500.0
219998,episode/return,916.8448486328125
219998,episode/length,500.0
219999,episode/return,881.0349731445312
219999,episode/length,500.0
220000,train/consistency_loss_mean,0.0003132146869087592
220000,train/consistency_loss_std,1.4612115212999172e-05
220000,train/continue_loss_mean,0.0
220000,train/continue_loss_std,0.0
220000,train/grad_norm_mean,0.12235675858855248
220000,train/grad_norm_std,0.027687638544928218
220000,train/policy_log_std_mean,-0.5610576623916625
220000,train/policy_log_std_std,0.1795111429499758
220000,train/policy_loss_mean,-2.642321181869507
220000,train/policy_loss_std,0.02652057570131655
220000,train/reward_loss_mean,0.29271161069869994
220000,train/reward_loss_std,0.00643315905703114
220000,train/total_loss_mean,0.06406792614459991
220000,train/total_loss_std,0.0010058277392602654
220000,train/value_loss_mean,0.28532469997406007
220000,train/value_loss_std,0.005713369834635376
220000,train/value_scale_mean,29.489269557189942
220000,train/value_scale_std,0.2530149780027493
220000,timing/collect_chunk_s,99.44117447501048
220000,timing/train_chunk_s,19.343274753075093
220000,dense_rhs/training_bucket_horizon,3.0
220000,system/heartbeat,1.0
223992,episode/return,911.0327758789062
223992,episode/length,500.0
223993,episode/return,920.71337890625
223993,episode/length,500.0
223994,episode/return,921.7319946289062
223994,episode/length,500.0
223995,episode/return,914.5145263671875
223995,episode/length,500.0
223996,episode/return,905.5487060546875
223996,episode/length,500.0
223997,episode/return,825.9067993164062
223997,episode/length,500.0
223998,episode/return,871.7476196289062
223998,episode/length,500.0
223999,episode/return,888.78369140625
223999,episode/length,500.0
227992,episode/return,897.3475341796875
227992,episode/length,500.0
227993,episode/return,890.473388671875
227993,episode/length,500.0
227994,episode/return,870.8126831054688
227994,episode/length,500.0
227995,episode/return,826.7510375976562
227995,episode/length,500.0
227996,episode/return,850.1787109375
227996,episode/length,500.0
227997,episode/return,880.0740966796875
227997,episode/length,500.0
227998,episode/return,885.7730102539062
227998,episode/length,500.0
227999,episode/return,822.0786743164062
227999,episode/length,500.0
230000,train/consistency_loss_mean,0.00031613558451645075
230000,train/consistency_loss_std,1.4841598159660144e-05
230000,train/continue_loss_mean,0.0
230000,train/continue_loss_std,0.0
230000,train/grad_norm_mean,0.13105856166481972
230000,train/grad_norm_std,0.03124193187909986
230000,train/policy_log_std_mean,-0.5552649387995402
230000,train/policy_log_std_std,0.17917288940855317
230000,train/policy_loss_mean,-2.6694387214660646
230000,train/policy_loss_std,0.0282793944591515
230000,train/reward_loss_mean,0.29328534445762633
230000,train/reward_loss_std,0.006338332286838296
230000,train/total_loss_mean,0.06329158348739147
230000,train/total_loss_std,0.001029914969783505
230000,train/value_loss_mean,0.276403360748291
230000,train/value_loss_std,0.006134930734182043
230000,train/value_scale_mean,29.334690591430665
230000,train/value_scale_std,0.30261768880249745
230000,timing/collect_chunk_s,107.61195904482156
230000,timing/train_chunk_s,19.324748303741217
230000,dense_rhs/training_bucket_horizon,3.0
230000,system/heartbeat,1.0
231992,episode/return,877.007080078125
231992,episode/length,500.0
231993,episode/return,913.2987060546875
231993,episode/length,500.0
231994,episode/return,869.8920288085938
231994,episode/length,500.0
231995,episode/return,910.1024169921875
231995,episode/length,500.0
231996,episode/return,875.2191772460938
231996,episode/length,500.0
231997,episode/return,859.4682006835938
231997,episode/length,500.0
231998,episode/return,915.848876953125
231998,episode/length,500.0
231999,episode/return,885.8383178710938
231999,episode/length,500.0
235992,episode/return,906.6301879882812
235992,episode/length,500.0
235993,episode/return,891.1467895507812
235993,episode/length,500.0
235994,episode/return,883.577880859375
235994,episode/length,500.0
235995,episode/return,892.7214965820312
235995,episode/length,500.0
235996,episode/return,895.1234741210938
235996,episode/length,500.0
235997,episode/return,823.08544921875
235997,episode/length,500.0
235998,episode/return,873.1513061523438
235998,episode/length,500.0
235999,episode/return,896.11279296875
235999,episode/length,500.0
239992,episode/return,907.7955322265625
239992,episode/length,500.0
239993,episode/return,900.1996459960938
239993,episode/length,500.0
239994,episode/return,903.8910522460938
239994,episode/length,500.0
239995,episode/return,851.1921997070312
239995,episode/length,500.0
239996,episode/return,903.09619140625
239996,episode/length,500.0
239997,episode/return,838.3115844726562
239997,episode/length,500.0
239998,episode/return,884.8009033203125
239998,episode/length,500.0
239999,episode/return,905.5037841796875
239999,episode/length,500.0
240000,train/consistency_loss_mean,0.00031971565214917064
240000,train/consistency_loss_std,1.5051843288099637e-05
240000,train/continue_loss_mean,0.0
240000,train/continue_loss_std,0.0
240000,train/grad_norm_mean,0.13873622422218324
240000,train/grad_norm_std,0.03462452932939338
240000,train/policy_log_std_mean,-0.553345151869456
240000,train/policy_log_std_std,0.17867428595212356
240000,train/policy_loss_mean,-2.675687376022339
240000,train/policy_loss_std,0.03827819142771584
240000,train/reward_loss_mean,0.2940335090637207
240000,train/reward_loss_std,0.006359565109577279
240000,train/total_loss_mean,0.06258507487773896
240000,train/total_loss_std,0.0010359066552835974
240000,train/value_loss_mean,0.26787410240173337
240000,train/value_loss_std,0.006162916983001057
240000,train/value_scale_mean,29.39469973297119
240000,train/value_scale_std,0.38564737458719595
240000,timing/collect_chunk_s,98.48465722473338
240000,timing/train_chunk_s,19.341157292481512
240000,dense_rhs/training_bucket_horizon,3.0
240000,system/heartbeat,1.0
243992,episode/return,699.5061645507812
243992,episode/length,500.0
243993,episode/return,719.6680908203125
243993,episode/length,500.0
243994,episode/return,836.8251342773438
243994,episode/length,500.0
243995,episode/return,920.1365966796875
243995,episode/length,500.0
243996,episode/return,705.4176025390625
243996,episode/length,500.0
243997,episode/return,917.3890380859375
243997,episode/length,500.0
243998,episode/return,924.67919921875
243998,episode/length,500.0
243999,episode/return,883.564697265625
243999,episode/length,500.0
247992,episode/return,878.27197265625
247992,episode/length,500.0
247993,episode/return,874.1051635742188
247993,episode/length,500.0
247994,episode/return,903.9989013671875
247994,episode/length,500.0
247995,episode/return,845.7391357421875
247995,episode/length,500.0
247996,episode/return,917.3250122070312
247996,episode/length,500.0
247997,episode/return,893.410400390625
247997,episode/length,500.0
247998,episode/return,849.3507080078125
247998,episode/length,500.0
247999,episode/return,918.0596923828125
247999,episode/length,500.0
250000,train/consistency_loss_mean,0.00032228370015509425
250000,train/consistency_loss_std,1.5466519092306978e-05
250000,train/continue_loss_mean,0.0
250000,train/continue_loss_std,0.0
250000,train/grad_norm_mean,0.14658051355481147
250000,train/grad_norm_std,0.03813279334908137
250000,train/policy_log_std_mean,-0.5501044123013814
250000,train/policy_log_std_std,0.18136059847152888
250000,train/policy_loss_mean,-2.727691739845276
250000,train/policy_loss_std,0.0388675331105067
250000,train/reward_loss_mean,0.29482369930744173
250000,train/reward_loss_std,0.006305784012768273
250000,train/total_loss_mean,0.06161602622568607
250000,train/total_loss_std,0.0010547160191774938
250000,train/value_loss_mean,0.2568798090696335
250000,train/value_loss_std,0.006372794852109474
250000,train/value_scale_mean,28.973018310546873
250000,train/value_scale_std,0.37888375082260023
250000,timing/collect_chunk_s,99.11706189392135
250000,timing/train_chunk_s,19.31663813162595
250000,dense_rhs/training_bucket_horizon,3.0
250000,system/heartbeat,1.0
250000,timing/checkpoint_blocking_s,0.8063036659732461
250000,eval/return_mean,923.32421875
250000,eval/return_std,20.162952423095703
250000,eval/return_max,949.3756103515625
250000,eval/return_min,867.2337036132812
250000,timing/eval_s,20.27895909314975
250000,eval/selected_horizon,3.0
250000,eval/training_bucket_horizon,3.0
250000,system/heartbeat,1.0
251992,episode/return,935.6503295898438
251992,episode/length,500.0
251993,episode/return,874.6495361328125
251993,episode/length,500.0
251994,episode/return,903.31201171875
251994,episode/length,500.0
251995,episode/return,915.4078369140625
251995,episode/length,500.0
251996,episode/return,916.5331420898438
251996,episode/length,500.0
251997,episode/return,892.8020629882812
251997,episode/length,500.0
251998,episode/return,872.7757568359375
251998,episode/length,500.0
251999,episode/return,921.333740234375
251999,episode/length,500.0
255992,episode/return,901.37744140625
255992,episode/length,500.0
255993,episode/return,923.7616577148438
255993,episode/length,500.0
255994,episode/return,938.7176513671875
255994,episode/length,500.0
255995,episode/return,874.0202026367188
255995,episode/length,500.0
255996,episode/return,907.6563110351562
255996,episode/length,500.0
255997,episode/return,908.2002563476562
255997,episode/length,500.0
255998,episode/return,918.0975952148438
255998,episode/length,500.0
255999,episode/return,905.5517578125
255999,episode/length,500.0
259992,episode/return,906.133544921875
259992,episode/length,500.0
259993,episode/return,933.3143310546875
259993,episode/length,500.0
259994,episode/return,926.7178344726562
259994,episode/length,500.0
259995,episode/return,911.853515625
259995,episode/length,500.0
259996,episode/return,926.4052734375
259996,episode/length,500.0
259997,episode/return,894.9631958007812
259997,episode/length,500.0
259998,episode/return,928.0047607421875
259998,episode/length,500.0
259999,episode/return,895.2174072265625
259999,episode/length,500.0
260000,train/consistency_loss_mean,0.00032762526280712335
260000,train/consistency_loss_std,1.620409502502147e-05
260000,train/continue_loss_mean,0.0
260000,train/continue_loss_std,0.0
260000,train/grad_norm_mean,0.1564018918633461
260000,train/grad_norm_std,0.04216323353702396
260000,train/policy_log_std_mean,-0.551238921546936
260000,train/policy_log_std_std,0.18357611758436274
260000,train/policy_loss_mean,-2.7729791942596433
260000,train/policy_loss_std,0.02206151728820774
260000,train/reward_loss_mean,0.29608613245487214
260000,train/reward_loss_std,0.006209995988192768
260000,train/total_loss_mean,0.06051182633042335
260000,train/total_loss_std,0.0011026909500659102
260000,train/value_loss_mean,0.24350706927776336
260000,train/value_loss_std,0.007513046131356088
260000,train/value_scale_mean,28.637353370666503
260000,train/value_scale_std,0.21283918183907563
260000,timing/collect_chunk_s,103.86809718888253
260000,timing/train_chunk_s,19.308838074095547
260000,dense_rhs/training_bucket_horizon,3.0
260000,system/heartbeat,1.0
263992,episode/return,878.812255859375
263992,episode/length,500.0
263993,episode/return,908.3604125976562
263993,episode/length,500.0
263994,episode/return,875.1639404296875
263994,episode/length,500.0
263995,episode/return,924.1400756835938
263995,episode/length,500.0
263996,episode/return,884.327392578125
263996,episode/length,500.0
263997,episode/return,872.7102661132812
263997,episode/length,500.0
263998,episode/return,911.063232421875
263998,episode/length,500.0
263999,episode/return,858.6620483398438
263999,episode/length,500.0
267992,episode/return,922.234375
267992,episode/length,500.0
267993,episode/return,881.9688720703125
267993,episode/length,500.0
267994,episode/return,909.0575561523438
267994,episode/length,500.0
267995,episode/return,897.8164672851562
267995,episode/length,500.0
267996,episode/return,931.41943359375
267996,episode/length,500.0
267997,episode/return,871.3856201171875
267997,episode/length,500.0
267998,episode/return,913.5875854492188
267998,episode/length,500.0
267999,episode/return,876.0059204101562
267999,episode/length,500.0
270000,train/consistency_loss_mean,0.0003328604643931612
270000,train/consistency_loss_std,1.6461281685905938e-05
270000,train/continue_loss_mean,0.0
270000,train/continue_loss_std,0.0
270000,train/grad_norm_mean,0.1658872449040413
270000,train/grad_norm_std,0.04629572860716761
270000,train/policy_log_std_mean,-0.5410175771077474
270000,train/policy_log_std_std,0.17797563217517387
270000,train/policy_loss_mean,-2.8081894660949707
270000,train/policy_loss_std,0.029005659097894827
270000,train/reward_loss_mean,0.29745724658966066
270000,train/reward_loss_std,0.006208695001794864
270000,train/total_loss_mean,0.059253221574425696
270000,train/total_loss_std,0.0010748220158313115
270000,train/value_loss_mean,0.22850286841392517
270000,train/value_loss_std,0.007171999961248505
270000,train/value_scale_mean,28.429372554016112
270000,train/value_scale_std,0.252258477067054
270000,timing/collect_chunk_s,98.19012152263895
270000,timing/train_chunk_s,19.284460227470845
270000,dense_rhs/training_bucket_horizon,3.0
270000,system/heartbeat,1.0
271992,episode/return,897.5385131835938
271992,episode/length,500.0
271993,episode/return,881.5429077148438
271993,episode/length,500.0
271994,episode/return,901.9441528320312
271994,episode/length,500.0
271995,episode/return,911.3616333007812
271995,episode/length,500.0
271996,episode/return,897.4896240234375
271996,episode/length,500.0
271997,episode/return,889.7645874023438
271997,episode/length,500.0
271998,episode/return,826.35791015625
271998,episode/length,500.0
271999,episode/return,883.8751220703125
271999,episode/length,500.0
275992,episode/return,888.6553955078125
275992,episode/length,500.0
275993,episode/return,934.2828369140625
275993,episode/length,500.0
275994,episode/return,919.3865966796875
275994,episode/length,500.0
275995,episode/return,874.6182250976562
275995,episode/length,500.0
275996,episode/return,930.5532836914062
275996,episode/length,500.0
275997,episode/return,898.5322875976562
275997,episode/length,500.0
275998,episode/return,916.4330444335938
275998,episode/length,500.0
275999,episode/return,927.8282470703125
275999,episode/length,500.0
279992,episode/return,933.4132080078125
279992,episode/length,500.0
279993,episode/return,882.9209594726562
279993,episode/length,500.0
279994,episode/return,910.6445922851562
279994,episode/length,500.0
279995,episode/return,932.8614501953125
279995,episode/length,500.0
279996,episode/return,941.2471313476562
279996,episode/length,500.0
279997,episode/return,916.836181640625
279997,episode/length,500.0
279998,episode/return,941.8455200195312
279998,episode/length,500.0
279999,episode/return,914.84765625
279999,episode/length,500.0
280000,train/consistency_loss_mean,0.0003380954825785011
280000,train/consistency_loss_std,1.6950443606702037e-05
280000,train/continue_loss_mean,0.0
280000,train/continue_loss_std,0.0
280000,train/grad_norm_mean,0.17512849016189574
280000,train/grad_norm_std,0.048969872755650685
280000,train/policy_log_std_mean,-0.5367042671203613
280000,train/policy_log_std_std,0.18090016986908672
280000,train/policy_loss_mean,-2.8234430696487425
280000,train/policy_loss_std,0.029090508336315636
280000,train/reward_loss_mean,0.2988411141872406
280000,train/reward_loss_std,0.006090098950055184
280000,train/total_loss_mean,0.05827877458631992
280000,train/total_loss_std,0.0010456015806967998
280000,train/value_loss_mean,0.21632752747535705
280000,train/value_loss_std,0.007180145840070722
280000,train/value_scale_mean,28.382567764282225
280000,train/value_scale_std,0.24728928149030968
280000,timing/collect_chunk_s,99.59363119537011
280000,timing/train_chunk_s,19.340990522876382
280000,dense_rhs/training_bucket_horizon,3.0
280000,system/heartbeat,1.0
283992,episode/return,889.8766479492188
283992,episode/length,500.0
283993,episode/return,928.7162475585938
283993,episode/length,500.0
283994,episode/return,899.4365844726562
283994,episode/length,500.0
283995,episode/return,895.2733764648438
283995,episode/length,500.0
283996,episode/return,910.9977416992188
283996,episode/length,500.0
283997,episode/return,883.3502807617188
283997,episode/length,500.0
283998,episode/return,885.645263671875
283998,episode/length,500.0
283999,episode/return,886.7727661132812
283999,episode/length,500.0
287992,episode/return,910.5130615234375
287992,episode/length,500.0
287993,episode/return,921.6399536132812
287993,episode/length,500.0
287994,episode/return,917.0498046875
287994,episode/length,500.0
287995,episode/return,923.9410400390625
287995,episode/length,500.0
287996,episode/return,943.1962890625
287996,episode/length,500.0
287997,episode/return,910.74560546875
287997,episode/length,500.0
287998,episode/return,931.0228271484375
287998,episode/length,500.0
287999,episode/return,916.0245361328125
287999,episode/length,500.0
290000,train/consistency_loss_mean,0.0003439285412663594
290000,train/consistency_loss_std,1.735306836284455e-05
290000,train/continue_loss_mean,0.0
290000,train/continue_loss_std,0.0
290000,train/grad_norm_mean,0.1844533555150032
290000,train/grad_norm_std,0.05199939864989097
290000,train/policy_log_std_mean,-0.5307875973701477
290000,train/policy_log_std_std,0.17991603106818976
290000,train/policy_loss_mean,-2.865108243751526
290000,train/policy_loss_std,0.02100436792222806
290000,train/reward_loss_mean,0.3005071975469589
290000,train/reward_loss_std,0.006087243896349536
290000,train/total_loss_mean,0.05712485523223877
290000,train/total_loss_std,0.0010695306518359357
290000,train/value_loss_mean,0.20195563889741897
290000,train/value_loss_std,0.007933838282007956
290000,train/value_scale_mean,28.09545597076416
290000,train/value_scale_std,0.17085260097187552
290000,timing/collect_chunk_s,105.45059119351208
290000,timing/train_chunk_s,19.358038930222392
290000,dense_rhs/training_bucket_horizon,3.0
290000,system/heartbeat,1.0
291992,episode/return,931.9413452148438
291992,episode/length,500.0
291993,episode/return,840.1351928710938
291993,episode/length,500.0
291994,episode/return,899.0247192382812
291994,episode/length,500.0
291995,episode/return,888.5903930664062
291995,episode/length,500.0
291996,episode/return,936.8540649414062
291996,episode/length,500.0
291997,episode/return,902.3350830078125
291997,episode/length,500.0
291998,episode/return,920.58447265625
291998,episode/length,500.0
291999,episode/return,864.2152099609375
291999,episode/length,500.0
295992,episode/return,917.1309814453125
295992,episode/length,500.0
295993,episode/return,901.482421875
295993,episode/length,500.0
295994,episode/return,881.7002563476562
295994,episode/length,500.0
295995,episode/return,923.3936767578125
295995,episode/length,500.0
295996,episode/return,936.7442016601562
295996,episode/length,500.0
295997,episode/return,922.9912109375
295997,episode/length,500.0
295998,episode/return,938.880859375
295998,episode/length,500.0
295999,episode/return,902.6724243164062
295999,episode/length,500.0
299992,episode/return,929.8735961914062
299992,episode/length,500.0
299993,episode/return,922.33642578125
299993,episode/length,500.0
299994,episode/return,895.257568359375
299994,episode/length,500.0
299995,episode/return,903.707275390625
299995,episode/length,500.0
299996,episode/return,933.5676879882812
299996,episode/length,500.0
299997,episode/return,863.9600219726562
299997,episode/length,500.0
299998,episode/return,926.5848388671875
299998,episode/length,500.0
299999,episode/return,945.3171997070312
299999,episode/length,500.0
300000,train/consistency_loss_mean,0.00034985157744958997
300000,train/consistency_loss_std,1.7879003365549856e-05
300000,train/continue_loss_mean,0.0
300000,train/continue_loss_std,0.0
300000,train/grad_norm_mean,0.19437942677736283
300000,train/grad_norm_std,0.06152820121728912
300000,train/policy_log_std_mean,-0.5246241480827332
300000,train/policy_log_std_std,0.18227448169740415
300000,train/policy_loss_mean,-2.8786360822677612
300000,train/policy_loss_std,0.021702300018092473
300000,train/reward_loss_mean,0.3020475835561752
300000,train/reward_loss_std,0.006153632186953348
300000,train/total_loss_mean,0.0557058716326952
300000,train/total_loss_std,0.0012261024994443
300000,train/value_loss_mean,0.18504080814123153
300000,train/value_loss_std,0.010527574953016915
300000,train/value_scale_mean,28.078366484069825
300000,train/value_scale_std,0.1732553670216556
300000,timing/collect_chunk_s,97.85898571787402
300000,timing/train_chunk_s,19.354870653245598
300000,dense_rhs/training_bucket_horizon,3.0
300000,system/heartbeat,1.0
300000,timing/checkpoint_blocking_s,0.8716971389949322
300000,eval/return_mean,913.1595458984375
300000,eval/return_std,20.854618072509766
300000,eval/return_max,942.4119873046875
300000,eval/return_min,864.0458984375
300000,timing/eval_s,20.333643208723515
300000,eval/selected_horizon,3.0
300000,eval/training_bucket_horizon,3.0
300000,system/heartbeat,1.0
303992,episode/return,919.4721069335938
303992,episode/length,500.0
303993,episode/return,830.1658935546875
303993,episode/length,500.0
303994,episode/return,907.7755737304688
303994,episode/length,500.0
303995,episode/return,915.794189453125
303995,episode/length,500.0
303996,episode/return,924.7971801757812
303996,episode/length,500.0
303997,episode/return,915.9085693359375
303997,episode/length,500.0
303998,episode/return,917.08935546875
303998,episode/length,500.0
303999,episode/return,915.7392578125
303999,episode/length,500.0
307992,episode/return,902.3934936523438
307992,episode/length,500.0
307993,episode/return,920.10888671875
307993,episode/length,500.0
307994,episode/return,907.2877807617188
307994,episode/length,500.0
307995,episode/return,915.9181518554688
307995,episode/length,500.0
307996,episode/return,881.698974609375
307996,episode/length,500.0
307997,episode/return,931.3274536132812
307997,episode/length,500.0
307998,episode/return,857.7210083007812
307998,episode/length,500.0
307999,episode/return,874.358642578125
307999,episode/length,500.0
310000,train/consistency_loss_mean,0.0003567929218988866
310000,train/consistency_loss_std,1.8059399677697813e-05
310000,train/continue_loss_mean,0.0
310000,train/continue_loss_std,0.0
310000,train/grad_norm_mean,0.20172564885616304
310000,train/grad_norm_std,0.05793632297898245
310000,train/policy_log_std_mean,-0.5113068550745646
310000,train/policy_log_std_std,0.18953487730771781
310000,train/policy_loss_mean,-2.9546526744842527
310000,train/policy_loss_std,0.047670141548241604
310000,train/reward_loss_mean,0.3033506985425949
310000,train/reward_loss_std,0.006067003307614923
310000,train/total_loss_mean,0.0538279238730669
310000,train/total_loss_std,0.0010603397529216317
310000,train/value_loss_mean,0.16356994841098785
310000,train/value_loss_std,0.00846511356844326
310000,train/value_scale_mean,27.511401473999022
310000,train/value_scale_std,0.40305706903313365
310000,timing/collect_chunk_s,98.07950501190498
310000,timing/train_chunk_s,19.259497621562332
310000,dense_rhs/training_bucket_horizon,3.0
310000,system/heartbeat,1.0
311992,episode/return,910.3439331054688
311992,episode/length,500.0
311993,episode/return,915.8109130859375
311993,episode/length,500.0
311994,episode/return,923.4415893554688
311994,episode/length,500.0
311995,episode/return,896.0004272460938
311995,episode/length,500.0
311996,episode/return,883.263916015625
311996,episode/length,500.0
311997,episode/return,935.0235595703125
311997,episode/length,500.0
311998,episode/return,877.537841796875
311998,episode/length,500.0
311999,episode/return,908.4290771484375
311999,episode/length,500.0
315992,episode/return,922.042724609375
315992,episode/length,500.0
315993,episode/return,932.4788208007812
315993,episode/length,500.0
315994,episode/return,932.9044799804688
315994,episode/length,500.0
315995,episode/return,844.6534423828125
315995,episode/length,500.0
315996,episode/return,899.6851196289062
315996,episode/length,500.0
315997,episode/return,912.1375732421875
315997,episode/length,500.0
315998,episode/return,813.5441284179688
315998,episode/length,500.0
315999,episode/return,892.2695922851562
315999,episode/length,500.0
319992,episode/return,871.2794799804688
319992,episode/length,500.0
319993,episode/return,874.593017578125
319993,episode/length,500.0
319994,episode/return,927.6915893554688
319994,episode/length,500.0
319995,episode/return,905.203369140625
319995,episode/length,500.0
319996,episode/return,908.350830078125
319996,episode/length,500.0
319997,episode/return,909.7257080078125
319997,episode/length,500.0
319998,episode/return,889.2346801757812
319998,episode/length,500.0
319999,episode/return,893.6573486328125
319999,episode/length,500.0
320000,train/consistency_loss_mean,0.0003658460704842582
320000,train/consistency_loss_std,1.950310857001646e-05
320000,train/continue_loss_mean,0.0
320000,train/continue_loss_std,0.0
320000,train/grad_norm_mean,0.2126065018773079
320000,train/grad_norm_std,0.05963943125010721
320000,train/policy_log_std_mean,-0.5154759219487508
320000,train/policy_log_std_std,0.1939379131172643
320000,train/policy_loss_mean,-3.033656363296509
320000,train/policy_loss_std,0.02858532903121399
320000,train/reward_loss_mean,0.3045728668212891
320000,train/reward_loss_std,0.00602135588173567
320000,train/total_loss_mean,0.053703320202231404
320000,train/total_loss_std,0.0010380893290881787
320000,train/value_loss_mean,0.159291115128994
320000,train/value_loss_std,0.008443785632581555
320000,train/value_scale_mean,26.85789364013672
320000,train/value_scale_std,0.2356847699930429
320000,timing/collect_chunk_s,104.26163984788582
320000,timing/train_chunk_s,19.304105376359075
320000,dense_rhs/training_bucket_horizon,3.0
320000,system/heartbeat,1.0
323992,episode/return,853.8410034179688
323992,episode/length,500.0
323993,episode/return,882.0147705078125
323993,episode/length,500.0
323994,episode/return,832.6433715820312
323994,episode/length,500.0
323995,episode/return,878.591552734375
323995,episode/length,500.0
323996,episode/return,924.2274780273438
323996,episode/length,500.0
323997,episode/return,895.3745727539062
323997,episode/length,500.0
323998,episode/return,899.4728393554688
323998,episode/length,500.0
323999,episode/return,825.4425048828125
323999,episode/length,500.0
327992,episode/return,915.1101684570312
327992,episode/length,500.0
327993,episode/return,918.4611206054688
327993,episode/length,500.0
327994,episode/return,912.6420288085938
327994,episode/length,500.0
327995,episode/return,905.662841796875
327995,episode/length,500.0
327996,episode/return,885.9606323242188
327996,episode/length,500.0
327997,episode/return,896.6641235351562
327997,episode/length,500.0
327998,episode/return,918.7831420898438
327998,episode/length,500.0
327999,episode/return,911.5433349609375
327999,episode/length,500.0
330000,train/consistency_loss_mean,0.0003791961072711274
330000,train/consistency_loss_std,2.069982025724418e-05
330000,train/continue_loss_mean,0.0
330000,train/continue_loss_std,0.0
330000,train/grad_norm_mean,0.22323131190538406
330000,train/grad_norm_std,0.05963181356417397
330000,train/policy_log_std_mean,-0.5267531601587931
330000,train/policy_log_std_std,0.1966189688016725
330000,train/policy_loss_mean,-3.0579164554595946
330000,train/policy_loss_std,0.02973646991166974
330000,train/reward_loss_mean,0.3051408762216568
330000,train/reward_loss_std,0.006071929252529834
330000,train/total_loss_mean,0.05374897226989269
330000,train/total_loss_std,0.0010432044389262116
330000,train/value_loss_mean,0.15650961009263992
330000,train/value_loss_std,0.008292229308168196
330000,train/value_scale_mean,26.667360981750488
330000,train/value_scale_std,0.23738456789386175
330000,timing/collect_chunk_s,98.06181499920785
330000,timing/train_chunk_s,19.320989894215018
330000,dense_rhs/training_bucket_horizon,3.0
330000,system/heartbeat,1.0
331992,episode/return,894.98291015625
331992,episode/length,500.0
331993,episode/return,855.4344482421875
331993,episode/length,500.0
331994,episode/return,876.171875
331994,episode/length,500.0
331995,episode/return,875.4252319335938
331995,episode/length,500.0
331996,episode/return,894.9229736328125
331996,episode/length,500.0
331997,episode/return,898.5673828125
331997,episode/length,500.0
331998,episode/return,886.2512817382812
331998,episode/length,500.0
331999,episode/return,897.8746948242188
331999,episode/length,500.0
335992,episode/return,910.63818359375
335992,episode/length,500.0
335993,episode/return,895.0303955078125
335993,episode/length,500.0
335994,episode/return,909.4080810546875
335994,episode/length,500.0
335995,episode/return,906.839111328125
335995,episode/length,500.0
335996,episode/return,923.3050537109375
335996,episode/length,500.0
335997,episode/return,911.8858642578125
335997,episode/length,500.0
335998,episode/return,892.8876953125
335998,episode/length,500.0
335999,episode/return,925.3692016601562
335999,episode/length,500.0
339992,episode/return,915.3719482421875
339992,episode/length,500.0
339993,episode/return,876.8501586914062
339993,episode/length,500.0
339994,episode/return,927.0325317382812
339994,episode/length,500.0
339995,episode/return,877.863037109375
339995,episode/length,500.0
339996,episode/return,882.0822143554688
339996,episode/length,500.0
339997,episode/return,898.2184448242188
339997,episode/length,500.0
339998,episode/return,899.5120849609375
339998,episode/length,500.0
339999,episode/return,876.1226806640625
339999,episode/length,500.0
340000,train/consistency_loss_mean,0.0003909035348566249
340000,train/consistency_loss_std,2.110430713319918e-05
340000,train/continue_loss_mean,0.0
340000,train/continue_loss_std,0.0
340000,train/grad_norm_mean,0.2316350605726242
340000,train/grad_norm_std,0.06186851782010589
340000,train/policy_log_std_mean,-0.5339951525688171
340000,train/policy_log_std_std,0.19830583077408018
340000,train/policy_loss_mean,-3.1391175119400025
340000,train/policy_loss_std,0.02767610875409064
340000,train/reward_loss_mean,0.3058259255170822
340000,train/reward_loss_std,0.005958275759159529
340000,train/total_loss_mean,0.05390087711215019
340000,train/total_loss_std,0.0010247366015176753
340000,train/value_loss_mean,0.155002133333683
340000,train/value_loss_std,0.00832688681555539
340000,train/value_scale_mean,26.011806002807617
340000,train/value_scale_std,0.20631920154612884
340000,timing/collect_chunk_s,98.51263793976977
340000,timing/train_chunk_s,19.311346245463938
340000,dense_rhs/training_bucket_horizon,3.0
340000,system/heartbeat,1.0
343992,episode/return,921.4309692382812
343992,episode/length,500.0
343993,episode/return,910.4478149414062
343993,episode/length,500.0
343994,episode/return,922.0830078125
343994,episode/length,500.0
343995,episode/return,843.4759521484375
343995,episode/length,500.0
343996,episode/return,907.52685546875
343996,episode/length,500.0
343997,episode/return,887.6262817382812
343997,episode/length,500.0
343998,episode/return,902.7786865234375
343998,episode/length,500.0
343999,episode/return,885.5364990234375
343999,episode/length,500.0
347992,episode/return,899.3062133789062
347992,episode/length,500.0
347993,episode/return,896.0807495117188
347993,episode/length,500.0
347994,episode/return,890.291748046875
347994,episode/length,500.0
347995,episode/return,909.742431640625
347995,episode/length,500.0
347996,episode/return,921.815673828125
347996,episode/length,500.0
347997,episode/return,894.8023681640625
347997,episode/length,500.0
347998,episode/return,922.8364868164062
347998,episode/length,500.0
347999,episode/return,902.8532104492188
347999,episode/length,500.0
350000,train/consistency_loss_mean,0.00040136720326263456
350000,train/consistency_loss_std,2.1571230367537377e-05
350000,train/continue_loss_mean,0.0
350000,train/continue_loss_std,0.0
350000,train/grad_norm_mean,0.23660456738471985
350000,train/grad_norm_std,0.06276028062634494
350000,train/policy_log_std_mean,-0.5361300812721252
350000,train/policy_log_std_std,0.20136201186622818
350000,train/policy_loss_mean,-3.161442170715332
350000,train/policy_loss_std,0.031238262574219716
350000,train/reward_loss_mean,0.30635301020145417
350000,train/reward_loss_std,0.005845655682649128
350000,train/total_loss_mean,0.05389574445784092
350000,train/total_loss_std,0.0010179760067013932
350000,train/value_loss_mean,0.15233098429441452
350000,train/value_loss_std,0.008324030916082692
350000,train/value_scale_mean,25.850909004211427
350000,train/value_scale_std,0.23562136047431334
350000,timing/collect_chunk_s,107.23170220199972
350000,timing/train_chunk_s,19.342590829357505
350000,dense_rhs/training_bucket_horizon,3.0
350000,system/heartbeat,1.0
350000,timing/checkpoint_blocking_s,0.9437790787778795
350000,eval/return_mean,907.0419921875
350000,eval/return_std,41.73427963256836
350000,eval/return_max,943.8704833984375
350000,eval/return_min,759.863037109375
350000,timing/eval_s,20.06973586883396
350000,eval/selected_horizon,3.0
350000,eval/training_bucket_horizon,3.0
350000,system/heartbeat,1.0
351992,episode/return,890.6694946289062
351992,episode/length,500.0
351993,episode/return,922.8824462890625
351993,episode/length,500.0
351994,episode/return,901.1170043945312
351994,episode/length,500.0
351995,episode/return,916.99853515625
351995,episode/length,500.0
351996,episode/return,888.3089599609375
351996,episode/length,500.0
351997,episode/return,923.1820678710938
351997,episode/length,500.0
351998,episode/return,904.9324340820312
351998,episode/length,500.0
351999,episode/return,873.0504760742188
351999,episode/length,500.0
355992,episode/return,921.6981201171875
355992,episode/length,500.0
355993,episode/return,929.640625
355993,episode/length,500.0
355994,episode/return,922.5805053710938
355994,episode/length,500.0
355995,episode/return,918.6336059570312
355995,episode/length,500.0
355996,episode/return,770.3104248046875
355996,episode/length,500.0
355997,episode/return,927.5653076171875
355997,episode/length,500.0
355998,episode/return,909.0350341796875
355998,episode/length,500.0
355999,episode/return,887.4014282226562
355999,episode/length,500.0
359992,episode/return,914.7169799804688
359992,episode/length,500.0
359993,episode/return,898.3140258789062
359993,episode/length,500.0
359994,episode/return,914.3388061523438
359994,episode/length,500.0
359995,episode/return,869.0982666015625
359995,episode/length,500.0
359996,episode/return,871.598388671875
359996,episode/length,500.0
359997,episode/return,908.75732421875
359997,episode/length,500.0
359998,episode/return,905.5081787109375
359998,episode/length,500.0
359999,episode/return,908.7281494140625
359999,episode/length,500.0
360000,train/consistency_loss_mean,0.00040693807443603874
360000,train/consistency_loss_std,2.1936351222892747e-05
360000,train/continue_loss_mean,0.0
360000,train/continue_loss_std,0.0
360000,train/grad_norm_mean,0.23894735292196273
360000,train/grad_norm_std,0.06434803552679241
360000,train/policy_log_std_mean,-0.5365107586224874
360000,train/policy_log_std_std,0.20549123215498236
360000,train/policy_loss_mean,-3.188541010284424
360000,train/policy_loss_std,0.03312922836754381
360000,train/reward_loss_mean,0.3068330184221268
360000,train/reward_loss_std,0.005886258940516798
360000,train/total_loss_mean,0.053796219411492346
360000,train/total_loss_std,0.0010198415069526674
360000,train/value_loss_mean,0.1497415560722351
360000,train/value_loss_std,0.00841858111492474
360000,train/value_scale_mean,25.654531990051268
360000,train/value_scale_std,0.2423359269986072
360000,timing/collect_chunk_s,97.9599664635025
360000,timing/train_chunk_s,19.30180782219395
360000,dense_rhs/training_bucket_horizon,3.0
360000,system/heartbeat,1.0
363992,episode/return,927.6885375976562
363992,episode/length,500.0
363993,episode/return,816.8451538085938
363993,episode/length,500.0
363994,episode/return,913.28955078125
363994,episode/length,500.0
363995,episode/return,888.254150390625
363995,episode/length,500.0
363996,episode/return,923.8054809570312
363996,episode/length,500.0
363997,episode/return,932.8746337890625
363997,episode/length,500.0
363998,episode/return,835.7547607421875
363998,episode/length,500.0
363999,episode/return,900.15380859375
363999,episode/length,500.0
367992,episode/return,926.2526245117188
367992,episode/length,500.0
367993,episode/return,908.35009765625
367993,episode/length,500.0
367994,episode/return,903.5979614257812
367994,episode/length,500.0
367995,episode/return,897.226318359375
367995,episode/length,500.0
367996,episode/return,921.5303344726562
367996,episode/length,500.0
367997,episode/return,897.8148193359375
367997,episode/length,500.0
367998,episode/return,870.8154907226562
367998,episode/length,500.0
367999,episode/return,876.8609008789062
367999,episode/length,500.0
370000,train/consistency_loss_mean,0.00041015686113387347
370000,train/consistency_loss_std,2.3794930845269598e-05
370000,train/continue_loss_mean,0.0
370000,train/continue_loss_std,0.0
370000,train/grad_norm_mean,0.24030442448854447
370000,train/grad_norm_std,0.0667742280288518
370000,train/policy_log_std_mean,-0.5299654373168945
370000,train/policy_log_std_std,0.2078187512140119
370000,train/policy_loss_mean,-3.187848181915283
370000,train/policy_loss_std,0.02464926896575986
370000,train/reward_loss_mean,0.3075078287124634
370000,train/reward_loss_std,0.005815066907738867
370000,train/total_loss_mean,0.05349138574898243
370000,train/total_loss_std,0.0010428616498417143
370000,train/value_loss_mean,0.1453746463894844
370000,train/value_loss_std,0.008367226079116878
370000,train/value_scale_mean,25.687459719848633
370000,train/value_scale_std,0.1768882684446476
370000,timing/collect_chunk_s,98.87726387986913
370000,timing/train_chunk_s,19.346653673797846
370000,dense_rhs/training_bucket_horizon,3.0
370000,system/heartbeat,1.0
371992,episode/return,936.8141479492188
371992,episode/length,500.0
371993,episode/return,932.376220703125
371993,episode/length,500.0
371994,episode/return,908.2025146484375
371994,episode/length,500.0
371995,episode/return,936.0841064453125
371995,episode/length,500.0
371996,episode/return,901.3008422851562
371996,episode/length,500.0
371997,episode/return,869.3493041992188
371997,episode/length,500.0
371998,episode/return,938.7169799804688
371998,episode/length,500.0
371999,episode/return,878.0629272460938
371999,episode/length,500.0
375992,episode/return,925.09033203125
375992,episode/length,500.0
375993,episode/return,892.2714233398438
375993,episode/length,500.0
375994,episode/return,897.9414672851562
375994,episode/length,500.0
375995,episode/return,920.8931884765625
375995,episode/length,500.0
375996,episode/return,920.8659057617188
375996,episode/length,500.0
375997,episode/return,916.81396484375
375997,episode/length,500.0
375998,episode/return,856.8069458007812
375998,episode/length,500.0
375999,episode/return,895.8352661132812
375999,episode/length,500.0
379992,episode/return,926.0520629882812
379992,episode/length,500.0
379993,episode/return,905.366943359375
379993,episode/length,500.0
379994,episode/return,924.6070556640625
379994,episode/length,500.0
379995,episode/return,873.7111206054688
379995,episode/length,500.0
379996,episode/return,890.02294921875
379996,episode/length,500.0
379997,episode/return,819.4376831054688
379997,episode/length,500.0
379998,episode/return,896.4922485351562
379998,episode/length,500.0
379999,episode/return,910.427734375
379999,episode/length,500.0
380000,train/consistency_loss_mean,0.0004198966585099697
380000,train/consistency_loss_std,2.385254283568214e-05
380000,train/continue_loss_mean,0.0
380000,train/continue_loss_std,0.0
380000,train/grad_norm_mean,0.2478566287755966
380000,train/grad_norm_std,0.0662302275361205
380000,train/policy_log_std_mean,-0.5243538599014282
380000,train/policy_log_std_std,0.21393578705024338
380000,train/policy_loss_mean,-3.2008002307891847
380000,train/policy_loss_std,0.02889207653902903
380000,train/reward_loss_mean,0.3086220500230789
380000,train/reward_loss_std,0.005818165908873426
380000,train/total_loss_mean,0.05340546496510506
380000,train/total_loss_std,0.001036537161385713
380000,train/value_loss_mean,0.1414532615184784
380000,train/value_loss_std,0.0083386156029677
380000,train/value_scale_mean,25.613856428527832
380000,train/value_scale_std,0.21057601288142408
380000,timing/collect_chunk_s,107.94395991507918
380000,timing/train_chunk_s,19.33498968463391
380000,dense_rhs/training_bucket_horizon,3.0
380000,system/heartbeat,1.0
383992,episode/return,874.24267578125
383992,episode/length,500.0
383993,episode/return,920.2315673828125
383993,episode/length,500.0
383994,episode/return,881.9034423828125
383994,episode/length,500.0
383995,episode/return,888.4005737304688
383995,episode/length,500.0
383996,episode/return,914.7346801757812
383996,episode/length,500.0
383997,episode/return,835.2348022460938
383997,episode/length,500.0
383998,episode/return,877.6348266601562
383998,episode/length,500.0
383999,episode/return,892.7304077148438
383999,episode/length,500.0
387992,episode/return,884.6747436523438
387992,episode/length,500.0
387993,episode/return,918.95068359375
387993,episode/length,500.0
387994,episode/return,856.5220947265625
387994,episode/length,500.0
387995,episode/return,920.2804565429688
387995,episode/length,500.0
387996,episode/return,881.5496215820312
387996,episode/length,500.0
387997,episode/return,896.72705078125
387997,episode/length,500.0
387998,episode/return,927.9322509765625
387998,episode/length,500.0
387999,episode/return,786.4407958984375
387999,episode/length,500.0
390000,train/consistency_loss_mean,0.0004265020082471892
390000,train/consistency_loss_std,2.570441288543056e-05
390000,train/continue_loss_mean,0.0
390000,train/continue_loss_std,0.0
390000,train/grad_norm_mean,0.2517265387773514
390000,train/grad_norm_std,0.06809703602520543
390000,train/policy_log_std_mean,-0.5248188587506613
390000,train/policy_log_std_std,0.21635786507574772
390000,train/policy_loss_mean,-3.240380563545227
390000,train/policy_loss_std,0.026232581621003573
390000,train/reward_loss_mean,0.30922655615806577
390000,train/reward_loss_std,0.005777712277784145
390000,train/total_loss_mean,0.05334471595585346
390000,train/total_loss_std,0.0010551844700755356
390000,train/value_loss_mean,0.13892018976211548
390000,train/value_loss_std,0.008465305604124068
390000,train/value_scale_mean,25.325959686279298
390000,train/value_scale_std,0.18988573921118276
390000,timing/collect_chunk_s,98.48208072595298
390000,timing/train_chunk_s,19.35284317098558
390000,dense_rhs/training_bucket_horizon,3.0
390000,system/heartbeat,1.0
391992,episode/return,911.74853515625
391992,episode/length,500.0
391993,episode/return,905.3300170898438
391993,episode/length,500.0
391994,episode/return,935.4756469726562
391994,episode/length,500.0
391995,episode/return,913.4765625
391995,episode/length,500.0
391996,episode/return,868.9729614257812
391996,episode/length,500.0
391997,episode/return,866.3834838867188
391997,episode/length,500.0
391998,episode/return,914.2544555664062
391998,episode/length,500.0
391999,episode/return,899.5379638671875
391999,episode/length,500.0
395992,episode/return,878.0420532226562
395992,episode/length,500.0
395993,episode/return,899.169677734375
395993,episode/length,500.0
395994,episode/return,873.047119140625
395994,episode/length,500.0
395995,episode/return,934.1781616210938
395995,episode/length,500.0
395996,episode/return,931.1133422851562
395996,episode/length,500.0
395997,episode/return,901.6470336914062
395997,episode/length,500.0
395998,episode/return,903.3142700195312
395998,episode/length,500.0
395999,episode/return,930.1622314453125
395999,episode/length,500.0
399992,episode/return,905.3482666015625
399992,episode/length,500.0
399993,episode/return,882.1781616210938
399993,episode/length,500.0
399994,episode/return,918.76953125
399994,episode/length,500.0
399995,episode/return,917.2846069335938
399995,episode/length,500.0
399996,episode/return,909.3681030273438
399996,episode/length,500.0
399997,episode/return,939.142822265625
399997,episode/length,500.0
399998,episode/return,897.47119140625
399998,episode/length,500.0
399999,episode/return,889.6535034179688
399999,episode/length,500.0
400000,train/consistency_loss_mean,0.0004274192278506234
400000,train/consistency_loss_std,2.4149671166940976e-05
400000,train/continue_loss_mean,0.0
400000,train/continue_loss_std,0.0
400000,train/grad_norm_mean,0.2519099836468697
400000,train/grad_norm_std,0.06975136936390322
400000,train/policy_log_std_mean,-0.5251772960027059
400000,train/policy_log_std_std,0.217935235744673
400000,train/policy_loss_mean,-3.233391276741028
400000,train/policy_loss_std,0.023898679988240815
400000,train/reward_loss_mean,0.30974305486679077
400000,train/reward_loss_std,0.005704411059886918
400000,train/total_loss_mean,0.053184389612078664
400000,train/total_loss_std,0.001037368209274758
400000,train/value_loss_mean,0.13661698611974715
400000,train/value_loss_std,0.008292598390791361
400000,train/value_scale_mean,25.395525651550294
400000,train/value_scale_std,0.1672086044093268
400000,timing/collect_chunk_s,98.87307934090495
400000,timing/train_chunk_s,19.335352670401335
400000,dense_rhs/training_bucket_horizon,3.0
400000,system/heartbeat,1.0
400000,timing/checkpoint_blocking_s,1.0102920848876238
400000,eval/return_mean,927.3221435546875
400000,eval/return_std,20.635173797607422
400000,eval/return_max,954.4462280273438
400000,eval/return_min,875.5152587890625
400000,timing/eval_s,20.11357401125133
400000,eval/selected_horizon,3.0
400000,eval/training_bucket_horizon,3.0
400000,system/heartbeat,1.0
403992,episode/return,937.8816528320312
403992,episode/length,500.0
403993,episode/return,860.4310302734375
403993,episode/length,500.0
403994,episode/return,910.0081176757812
403994,episode/length,500.0
403995,episode/return,903.7766723632812
403995,episode/length,500.0
403996,episode/return,918.884033203125
403996,episode/length,500.0
403997,episode/return,888.8386840820312
403997,episode/length,500.0
403998,episode/return,931.27783203125
403998,episode/length,500.0
403999,episode/return,915.4819946289062
403999,episode/length,500.0
407992,episode/return,944.4365234375
407992,episode/length,500.0
407993,episode/return,901.8486328125
407993,episode/length,500.0
407994,episode/return,844.0191040039062
407994,episode/length,500.0
407995,episode/return,906.0447998046875
407995,episode/length,500.0
407996,episode/return,891.36962890625
407996,episode/length,500.0
407997,episode/return,885.5923461914062
407997,episode/length,500.0
407998,episode/return,938.0985107421875
407998,episode/length,500.0
407999,episode/return,928.8291015625
407999,episode/length,500.0
410000,train/consistency_loss_mean,0.00042826543394476174
410000,train/consistency_loss_std,2.45687958803274e-05
410000,train/continue_loss_mean,0.0
410000,train/continue_loss_std,0.0
410000,train/grad_norm_mean,0.2524865333199501
410000,train/grad_norm_std,0.07126384871331341
410000,train/policy_log_std_mean,-0.5219382270495097
410000,train/policy_log_std_std,0.21965102268769732
410000,train/policy_loss_mean,-3.23544465675354
410000,train/policy_loss_std,0.0215841293862861
410000,train/reward_loss_mean,0.3103587853193283
410000,train/reward_loss_std,0.005740087033659098
410000,train/total_loss_mean,0.05298087258338928
410000,train/total_loss_std,0.001011599904748661
410000,train/value_loss_mean,0.13379684530496597
410000,train/value_loss_std,0.0081443106575839
410000,train/value_scale_mean,25.405824714660646
410000,train/value_scale_std,0.14428149558975456
410000,timing/collect_chunk_s,100.25901461625472
410000,timing/train_chunk_s,19.29531717300415
410000,dense_rhs/training_bucket_horizon,3.0
410000,system/heartbeat,1.0
411992,episode/return,906.740966796875
411992,episode/length,500.0
411993,episode/return,901.434814453125
411993,episode/length,500.0
411994,episode/return,926.41162109375
411994,episode/length,500.0
411995,episode/return,900.5941162109375
411995,episode/length,500.0
411996,episode/return,933.210693359375
411996,episode/length,500.0
411997,episode/return,925.154541015625
411997,episode/length,500.0
411998,episode/return,912.0192260742188
411998,episode/length,500.0
411999,episode/return,925.48291015625
411999,episode/length,500.0
415992,episode/return,917.1907348632812
415992,episode/length,500.0
415993,episode/return,930.1704711914062
415993,episode/length,500.0
415994,episode/return,908.5319213867188
415994,episode/length,500.0
415995,episode/return,922.1804809570312
415995,episode/length,500.0
415996,episode/return,886.78369140625
415996,episode/length,500.0
415997,episode/return,885.5894165039062
415997,episode/length,500.0
415998,episode/return,878.0596313476562
415998,episode/length,500.0
415999,episode/return,932.1561889648438
415999,episode/length,500.0
419992,episode/return,920.5753784179688
419992,episode/length,500.0
419993,episode/return,928.9849853515625
419993,episode/length,500.0
419994,episode/return,908.918701171875
419994,episode/length,500.0
419995,episode/return,911.1968383789062
419995,episode/length,500.0
419996,episode/return,884.959228515625
419996,episode/length,500.0
419997,episode/return,916.6107177734375
419997,episode/length,500.0
419998,episode/return,901.8095703125
419998,episode/length,500.0
419999,episode/return,925.9523315429688
419999,episode/length,500.0
420000,train/consistency_loss_mean,0.00043751895234454423
420000,train/consistency_loss_std,2.4204998248503004e-05
420000,train/continue_loss_mean,0.0
420000,train/continue_loss_std,0.0
420000,train/grad_norm_mean,0.25832927986383436
420000,train/grad_norm_std,0.06945390023403578
420000,train/policy_log_std_mean,-0.5162029170672099
420000,train/policy_log_std_std,0.21669189804186076
420000,train/policy_loss_mean,-3.2810711404800417
420000,train/policy_loss_std,0.02753899484680261
420000,train/reward_loss_mean,0.311207387638092
420000,train/reward_loss_std,0.0056907474746945895
420000,train/total_loss_mean,0.05310447360575199
420000,train/total_loss_std,0.00100133596215265
420000,train/value_loss_mean,0.1323335438132286
420000,train/value_loss_std,0.008120318911389765
420000,train/value_scale_mean,25.081966886901856
420000,train/value_scale_std,0.18895393159458396
420000,timing/collect_chunk_s,107.24206166854128
420000,timing/train_chunk_s,19.327154165599495
420000,dense_rhs/training_bucket_horizon,3.0
420000,system/heartbeat,1.0
423992,episode/return,927.2872924804688
423992,episode/length,500.0
423993,episode/return,903.0830688476562
423993,episode/length,500.0
423994,episode/return,929.4844970703125
423994,episode/length,500.0
423995,episode/return,882.7703857421875
423995,episode/length,500.0
423996,episode/return,889.8065795898438
423996,episode/length,500.0
423997,episode/return,897.3455200195312
423997,episode/length,500.0
423998,episode/return,904.3113403320312
423998,episode/length,500.0
423999,episode/return,851.9033203125
423999,episode/length,500.0
427992,episode/return,934.8512573242188
427992,episode/length,500.0
427993,episode/return,911.5114135742188
427993,episode/length,500.0
427994,episode/return,944.34814453125
427994,episode/length,500.0
427995,episode/return,903.4810180664062
427995,episode/length,500.0
427996,episode/return,906.5785522460938
427996,episode/length,500.0
427997,episode/return,907.4806518554688
427997,episode/length,500.0
427998,episode/return,922.8997802734375
427998,episode/length,500.0
427999,episode/return,946.5746459960938
427999,episode/length,500.0
430000,train/consistency_loss_mean,0.0004405704858480021
430000,train/consistency_loss_std,2.6644359006607555e-05
430000,train/continue_loss_mean,0.0
430000,train/continue_loss_std,0.0
430000,train/grad_norm_mean,0.25838259271383285
430000,train/grad_norm_std,0.07212668783452345
430000,train/policy_log_std_mean,-0.5159432542800904
430000,train/policy_log_std_std,0.21625423071786587
430000,train/policy_loss_mean,-3.2815226875305177
430000,train/policy_loss_std,0.02704433551278254
430000,train/reward_loss_mean,0.3119445446968079
430000,train/reward_loss_std,0.005644442101981052
430000,train/total_loss_mean,0.05315071627497673
430000,train/total_loss_std,0.0010446421996548945
430000,train/value_loss_mean,0.13144851015806197
430000,train/value_loss_std,0.008008760813989727
430000,train/value_scale_mean,25.10298017578125
430000,train/value_scale_std,0.19586189080814234
430000,timing/collect_chunk_s,98.51627582032233
430000,timing/train_chunk_s,19.344014364294708
430000,dense_rhs/training_bucket_horizon,3.0
430000,system/heartbeat,1.0
431992,episode/return,935.7254638671875
431992,episode/length,500.0
431993,episode/return,928.2236328125
431993,episode/length,500.0
431994,episode/return,927.2160034179688
431994,episode/length,500.0
431995,episode/return,921.093505859375
431995,episode/length,500.0
431996,episode/return,884.4210815429688
431996,episode/length,500.0
431997,episode/return,926.291748046875
431997,episode/length,500.0
431998,episode/return,917.1305541992188
431998,episode/length,500.0
431999,episode/return,921.3178100585938
431999,episode/length,500.0
435992,episode/return,918.24072265625
435992,episode/length,500.0
435993,episode/return,917.6572265625
435993,episode/length,500.0
435994,episode/return,928.0620727539062
435994,episode/length,500.0
435995,episode/return,939.2069702148438
435995,episode/length,500.0
435996,episode/return,937.0020751953125
435996,episode/length,500.0
435997,episode/return,931.5302124023438
435997,episode/length,500.0
435998,episode/return,911.3788452148438
435998,episode/length,500.0
435999,episode/return,905.500244140625
435999,episode/length,500.0
439992,episode/return,914.5140380859375
439992,episode/length,500.0
439993,episode/return,933.7394409179688
439993,episode/length,500.0
439994,episode/return,952.0944213867188
439994,episode/length,500.0
439995,episode/return,885.6636352539062
439995,episode/length,500.0
439996,episode/return,903.630126953125
439996,episode/length,500.0
439997,episode/return,936.9461669921875
439997,episode/length,500.0
439998,episode/return,944.7711181640625
439998,episode/length,500.0
439999,episode/return,896.7015991210938
439999,episode/length,500.0
440000,train/consistency_loss_mean,0.00044194621697533876
440000,train/consistency_loss_std,2.690211441852828e-05
440000,train/continue_loss_mean,0.0
440000,train/continue_loss_std,0.0
440000,train/grad_norm_mean,0.25981570714712143
440000,train/grad_norm_std,0.07393616436909503
440000,train/policy_log_std_mean,-0.5155531525929768
440000,train/policy_log_std_std,0.21257201279722004
440000,train/policy_loss_mean,-3.277684560585022
440000,train/policy_loss_std,0.02811436878210819
440000,train/reward_loss_mean,0.3126882173299789
440000,train/reward_loss_std,0.005624036199425533
440000,train/total_loss_mean,0.05346317295432091
440000,train/total_loss_std,0.0010419405126838707
440000,train/value_loss_mean,0.1335542599916458
440000,train/value_loss_std,0.008242346458222248
440000,train/value_scale_mean,25.170924824523926
440000,train/value_scale_std,0.21819812447546288
440000,timing/collect_chunk_s,100.09690050873905
440000,timing/train_chunk_s,19.373002332169563
440000,dense_rhs/training_bucket_horizon,3.0
440000,system/heartbeat,1.0
443992,episode/return,936.0362548828125
443992,episode/length,500.0
443993,episode/return,898.045654296875
443993,episode/length,500.0
443994,episode/return,901.2728881835938
443994,episode/length,500.0
443995,episode/return,921.4693603515625
443995,episode/length,500.0
443996,episode/return,951.954345703125
443996,episode/length,500.0
443997,episode/return,908.142822265625
443997,episode/length,500.0
443998,episode/return,894.538330078125
443998,episode/length,500.0
443999,episode/return,872.1136474609375
443999,episode/length,500.0
447992,episode/return,952.3894653320312
447992,episode/length,500.0
447993,episode/return,949.2866821289062
447993,episode/length,500.0
447994,episode/return,922.5352783203125
447994,episode/length,500.0
447995,episode/return,925.6044921875
447995,episode/length,500.0
447996,episode/return,953.292236328125
447996,episode/length,500.0
447997,episode/return,954.0035400390625
447997,episode/length,500.0
447998,episode/return,915.464599609375
447998,episode/length,500.0
447999,episode/return,913.352783203125
447999,episode/length,500.0
450000,train/consistency_loss_mean,0.00043942619825247675
450000,train/consistency_loss_std,2.5364937086408087e-05
450000,train/continue_loss_mean,0.0
450000,train/continue_loss_std,0.0
450000,train/grad_norm_mean,0.2579431154370308
450000,train/grad_norm_std,0.07580341188917197
450000,train/policy_log_std_mean,-0.5415196350733439
450000,train/policy_log_std_std,0.2069744013527103
450000,train/policy_loss_mean,-3.2077059045791625
450000,train/policy_loss_std,0.02656570782927775
450000,train/reward_loss_mean,0.3135039966583252
450000,train/reward_loss_std,0.005676743671462793
450000,train/total_loss_mean,0.055958388805389406
450000,train/total_loss_std,0.001223357907694224
450000,train/value_loss_mean,0.15819464111328124
450000,train/value_loss_std,0.009725058542548475
450000,train/value_scale_mean,25.867953233337403
450000,train/value_scale_std,0.21971797063265586
450000,timing/collect_chunk_s,100.5700475065969
450000,timing/train_chunk_s,19.3623450929299
450000,dense_rhs/training_bucket_horizon,3.0
450000,system/heartbeat,1.0
450000,timing/checkpoint_blocking_s,1.0522079896181822
450000,eval/return_mean,941.7322387695312
450000,eval/return_std,17.516420364379883
450000,eval/return_max,966.0880126953125
450000,eval/return_min,898.3616333007812
450000,timing/eval_s,20.080272482708097
450000,eval/selected_horizon,3.0
450000,eval/training_bucket_horizon,3.0
450000,system/heartbeat,1.0
451992,episode/return,946.8812255859375
451992,episode/length,500.0
451993,episode/return,957.9129028320312
451993,episode/length,500.0
451994,episode/return,937.4810180664062
451994,episode/length,500.0
451995,episode/return,944.9058837890625
451995,episode/length,500.0
451996,episode/return,900.4573364257812
451996,episode/length,500.0
451997,episode/return,893.2351684570312
451997,episode/length,500.0
451998,episode/return,957.0159301757812
451998,episode/length,500.0
451999,episode/return,889.5632934570312
451999,episode/length,500.0
455992,episode/return,867.2669677734375
455992,episode/length,500.0
455993,episode/return,943.5722045898438
455993,episode/length,500.0
455994,episode/return,895.0665283203125
455994,episode/length,500.0
455995,episode/return,939.6674194335938
455995,episode/length,500.0
455996,episode/return,938.7507934570312
455996,episode/length,500.0
455997,episode/return,917.20751953125
455997,episode/length,500.0
455998,episode/return,907.376220703125
455998,episode/length,500.0
455999,episode/return,901.4279174804688
455999,episode/length,500.0
459992,episode/return,903.825439453125
459992,episode/length,500.0
459993,episode/return,923.3826293945312
459993,episode/length,500.0
459994,episode/return,916.6524658203125
459994,episode/length,500.0
459995,episode/return,932.404296875
459995,episode/length,500.0
459996,episode/return,900.0782470703125
459996,episode/length,500.0
459997,episode/return,936.6659545898438
459997,episode/length,500.0
459998,episode/return,954.7356567382812
459998,episode/length,500.0
459999,episode/return,958.406494140625
459999,episode/length,500.0
460000,train/consistency_loss_mean,0.0004440437412587926
460000,train/consistency_loss_std,2.6058858413293274e-05
460000,train/continue_loss_mean,0.0
460000,train/continue_loss_std,0.0
460000,train/grad_norm_mean,0.2624233325600624
460000,train/grad_norm_std,0.07580746478079317
460000,train/policy_log_std_mean,-0.546342384592692
460000,train/policy_log_std_std,0.2070519285592043
460000,train/policy_loss_mean,-3.217994057273865
460000,train/policy_loss_std,0.027320236635600972
460000,train/reward_loss_mean,0.31487298996448515
460000,train/reward_loss_std,0.005662432634804308
460000,train/total_loss_mean,0.058079607126116754
460000,train/total_loss_std,0.0009666485879893196
460000,train/value_loss_mean,0.17711431953907014
460000,train/value_loss_std,0.006484713538123984
460000,train/value_scale_mean,25.921877130126955
460000,train/value_scale_std,0.21027503802582498
460000,timing/collect_chunk_s,106.43554934952408
460000,timing/train_chunk_s,19.2881638831459
460000,dense_rhs/training_bucket_horizon,3.0
460000,system/heartbeat,1.0
463992,episode/return,956.9196166992188
463992,episode/length,500.0
463993,episode/return,887.51025390625
463993,episode/length,500.0
463994,episode/return,957.4295654296875
463994,episode/length,500.0
463995,episode/return,921.2776489257812
463995,episode/length,500.0
463996,episode/return,895.8162231445312
463996,episode/length,500.0
463997,episode/return,945.13232421875
463997,episode/length,500.0
463998,episode/return,943.402587890625
463998,episode/length,500.0
463999,episode/return,950.5350952148438
463999,episode/length,500.0
467992,episode/return,963.2744140625
467992,episode/length,500.0
467993,episode/return,924.2102661132812
467993,episode/length,500.0
467994,episode/return,952.0581665039062
467994,episode/length,500.0
467995,episode/return,943.6331787109375
467995,episode/length,500.0
467996,episode/return,913.0549926757812
467996,episode/length,500.0
467997,episode/return,926.2741088867188
467997,episode/length,500.0
467998,episode/return,914.6736450195312
467998,episode/length,500.0
467999,episode/return,928.0072631835938
467999,episode/length,500.0
470000,train/consistency_loss_mean,0.0004385462404461578
470000,train/consistency_loss_std,2.4520082109037084e-05
470000,train/continue_loss_mean,0.0
470000,train/continue_loss_std,0.0
470000,train/grad_norm_mean,0.26294620045423506
470000,train/grad_norm_std,0.07974617161641662
470000,train/policy_log_std_mean,-0.5469162745793661
470000,train/policy_log_std_std,0.20537242633959651
470000,train/policy_loss_mean,-3.207207787513733
470000,train/policy_loss_std,0.019693703513877073
470000,train/reward_loss_mean,0.315784423995018
470000,train/reward_loss_std,0.00561439320830685
470000,train/total_loss_mean,0.05933593847751618
470000,train/total_loss_std,0.0009214420969073194
470000,train/value_loss_mean,0.18986570032835007
470000,train/value_loss_std,0.005999501144965294
470000,train/value_scale_mean,26.107772410583497
470000,train/value_scale_std,0.14424348497054743
470000,timing/collect_chunk_s,99.70213859342039
470000,timing/train_chunk_s,19.39751959918067
470000,dense_rhs/training_bucket_horizon,3.0
470000,system/heartbeat,1.0
471992,episode/return,930.5773315429688
471992,episode/length,500.0
471993,episode/return,920.6369018554688
471993,episode/length,500.0
471994,episode/return,920.5562133789062
471994,episode/length,500.0
471995,episode/return,935.6070556640625
471995,episode/length,500.0
471996,episode/return,934.6665649414062
471996,episode/length,500.0
471997,episode/return,844.6582641601562
471997,episode/length,500.0
471998,episode/return,963.7738647460938
471998,episode/length,500.0
471999,episode/return,920.2110595703125
471999,episode/length,500.0
475992,episode/return,930.8593139648438
475992,episode/length,500.0
475993,episode/return,931.0021362304688
475993,episode/length,500.0
475994,episode/return,939.6467895507812
475994,episode/length,500.0
475995,episode/return,868.9435424804688
475995,episode/length,500.0
475996,episode/return,955.0926513671875
475996,episode/length,500.0
475997,episode/return,905.2053833007812
475997,episode/length,500.0
475998,episode/return,909.4180297851562
475998,episode/length,500.0
475999,episode/return,921.7113037109375
475999,episode/length,500.0
479992,episode/return,922.6497802734375
479992,episode/length,500.0
479993,episode/return,932.5106201171875
479993,episode/length,500.0
479994,episode/return,959.083251953125
479994,episode/length,500.0
479995,episode/return,940.2748413085938
479995,episode/length,500.0
479996,episode/return,949.3596801757812
479996,episode/length,500.0
479997,episode/return,958.528564453125
479997,episode/length,500.0
479998,episode/return,902.1673583984375
479998,episode/length,500.0
479999,episode/return,935.2642822265625
479999,episode/length,500.0
480000,train/consistency_loss_mean,0.00044475442455150187
480000,train/consistency_loss_std,2.5987133852240808e-05
480000,train/continue_loss_mean,0.0
480000,train/continue_loss_std,0.0
480000,train/grad_norm_mean,0.2715732552409172
480000,train/grad_norm_std,0.08066708091461065
480000,train/policy_log_std_mean,-0.5466683273315429
480000,train/policy_log_std_std,0.2071508653373441
480000,train/policy_loss_mean,-3.1989293510437014
480000,train/policy_loss_std,0.02008450652162875
480000,train/reward_loss_mean,0.3173230319261551
480000,train/reward_loss_std,0.005678031492102105
480000,train/total_loss_mean,0.06019179583787918
480000,train/total_loss_std,0.0009002948201779842
480000,train/value_loss_mean,0.19564402688741683
480000,train/value_loss_std,0.005135612545759898
480000,train/value_scale_mean,26.241835606384278
480000,train/value_scale_std,0.1461995562121785
480000,timing/collect_chunk_s,99.87445878563449
480000,timing/train_chunk_s,19.366657584439963
480000,dense_rhs/training_bucket_horizon,3.0
480000,system/heartbeat,1.0
483992,episode/return,952.8245849609375
483992,episode/length,500.0
483993,episode/return,958.79345703125
483993,episode/length,500.0
483994,episode/return,961.4140625
483994,episode/length,500.0
483995,episode/return,940.215576171875
483995,episode/length,500.0
483996,episode/return,957.007568359375
483996,episode/length,500.0
483997,episode/return,933.7556762695312
483997,episode/length,500.0
483998,episode/return,937.3344116210938
483998,episode/length,500.0
483999,episode/return,941.7854614257812
483999,episode/length,500.0
487992,episode/return,934.8887939453125
487992,episode/length,500.0
487993,episode/return,947.3045043945312
487993,episode/length,500.0
487994,episode/return,959.2061157226562
487994,episode/length,500.0
487995,episode/return,952.4789428710938
487995,episode/length,500.0
487996,episode/return,936.4568481445312
487996,episode/length,500.0
487997,episode/return,945.4229736328125
487997,episode/length,500.0
487998,episode/return,881.6320190429688
487998,episode/length,500.0
487999,episode/return,964.2385864257812
487999,episode/length,500.0
490000,train/consistency_loss_mean,0.00044532333177048713
490000,train/consistency_loss_std,2.5343615873946826e-05
490000,train/continue_loss_mean,0.0
490000,train/continue_loss_std,0.0
490000,train/grad_norm_mean,0.2728774813771248
490000,train/grad_norm_std,0.08272849067631545
490000,train/policy_log_std_mean,-0.5483370218912761
490000,train/policy_log_std_std,0.20692411892678714
490000,train/policy_loss_mean,-3.2332075157165527
490000,train/policy_loss_std,0.01956516209754511
490000,train/reward_loss_mean,0.31847895793914793
490000,train/reward_loss_std,0.005637425484663911
490000,train/total_loss_mean,0.06083146958351135
490000,train/total_loss_std,0.0009402962904288402
490000,train/value_loss_mean,0.20077106149196625
490000,train/value_loss_std,0.005779708007413702
490000,train/value_scale_mean,26.02088463592529
490000,train/value_scale_std,0.1330335300479911
490000,timing/collect_chunk_s,99.88630680646747
490000,timing/train_chunk_s,19.37059348123148
490000,dense_rhs/training_bucket_horizon,3.0
490000,system/heartbeat,1.0
491992,episode/return,948.283447265625
491992,episode/length,500.0
491993,episode/return,807.6048583984375
491993,episode/length,500.0
491994,episode/return,942.5692138671875
491994,episode/length,500.0
491995,episode/return,948.1019897460938
491995,episode/length,500.0
491996,episode/return,926.4268798828125
491996,episode/length,500.0
491997,episode/return,951.4730224609375
491997,episode/length,500.0
491998,episode/return,950.5160522460938
491998,episode/length,500.0
491999,episode/return,954.5552368164062
491999,episode/length,500.0
495992,episode/return,956.5333862304688
495992,episode/length,500.0
495993,episode/return,932.7492065429688
495993,episode/length,500.0
495994,episode/return,900.4564208984375
495994,episode/length,500.0
495995,episode/return,935.0021362304688
495995,episode/length,500.0
495996,episode/return,936.634765625
495996,episode/length,500.0
495997,episode/return,954.864013671875
495997,episode/length,500.0
495998,episode/return,927.668212890625
495998,episode/length,500.0
495999,episode/return,954.5565185546875
495999,episode/length,500.0
499992,episode/return,912.90087890625
499992,episode/length,500.0
499993,episode/return,917.6349487304688
499993,episode/length,500.0
499994,episode/return,944.3655395507812
499994,episode/length,500.0
499995,episode/return,943.2830810546875
499995,episode/length,500.0
499996,episode/return,920.4016723632812
499996,episode/length,500.0
499997,episode/return,933.552734375
499997,episode/length,500.0
499998,episode/return,951.5510864257812
499998,episode/length,500.0
499999,episode/return,956.9848022460938
499999,episode/length,500.0
500000,train/consistency_loss_mean,0.00044427074897103013
500000,train/consistency_loss_std,2.4548398833986334e-05
500000,train/continue_loss_mean,0.0
500000,train/continue_loss_std,0.0
500000,train/grad_norm_mean,0.27529544152021407
500000,train/grad_norm_std,0.08441775001160891
500000,train/policy_log_std_mean,-0.5461483874003092
500000,train/policy_log_std_std,0.20825964213468506
500000,train/policy_loss_mean,-3.218853633117676
500000,train/policy_loss_std,0.03411827684174625
500000,train/reward_loss_mean,0.31951659948825833
500000,train/reward_loss_std,0.005570915341254645
500000,train/total_loss_mean,0.06135488351285458
500000,train/total_loss_std,0.0008481201098169511
500000,train/value_loss_mean,0.20517807207107544
500000,train/value_loss_std,0.005174780546035095
500000,train/value_scale_mean,26.18707438354492
500000,train/value_scale_std,0.2628432952783788
500000,timing/collect_chunk_s,108.07836658973247
500000,timing/train_chunk_s,19.361694253981113
500000,dense_rhs/training_bucket_horizon,3.0
500000,system/heartbeat,1.0
500000,timing/checkpoint_blocking_s,1.1519649429246783
500000,eval/return_mean,936.5662231445312
500000,eval/return_std,36.599308013916016
500000,eval/return_max,969.6061401367188
500000,eval/return_min,802.7396240234375
500000,timing/eval_s,20.041220068000257
500000,eval/selected_horizon,3.0
500000,eval/training_bucket_horizon,3.0
500000,system/heartbeat,1.0
