step,tag,value
3992,episode/return,28.053470611572266
3992,episode/length,500.0
3993,episode/return,40.435787200927734
3993,episode/length,500.0
3994,episode/return,42.9564208984375
3994,episode/length,500.0
3995,episode/return,37.139404296875
3995,episode/length,500.0
3996,episode/return,105.9555892944336
3996,episode/length,500.0
3997,episode/return,107.19998168945312
3997,episode/length,500.0
3998,episode/return,138.12515258789062
3998,episode/length,500.0
3999,episode/return,20.749164581298828
3999,episode/length,500.0
4000,seed_pretrain/updates_completed,512.0
4000,timing/collect_chunk_s,52.99527864763513
4000,timing/train_chunk_s,247.25297863781452
4000,system/heartbeat,1.0
4000,seed_pretrain/updates_completed,1024.0
4000,timing/collect_chunk_s,52.99527864763513
4000,timing/train_chunk_s,248.3644936005585
4000,system/heartbeat,1.0
4000,seed_pretrain/updates_completed,1536.0
4000,timing/collect_chunk_s,52.99527864763513
4000,timing/train_chunk_s,249.47752066282555
4000,system/heartbeat,1.0
4000,seed_pretrain/updates_completed,2048.0
4000,timing/collect_chunk_s,52.99527864763513
4000,timing/train_chunk_s,250.59118159813806
4000,system/heartbeat,1.0
4000,seed_pretrain/updates_completed,2560.0
4000,timing/collect_chunk_s,52.99527864763513
4000,timing/train_chunk_s,251.7040898236446
4000,system/heartbeat,1.0
4000,seed_pretrain/updates_completed,3072.0
4000,timing/collect_chunk_s,52.99527864763513
4000,timing/train_chunk_s,252.82813610509038
4000,system/heartbeat,1.0
4000,seed_pretrain/updates_completed,3584.0
4000,timing/collect_chunk_s,52.99527864763513
4000,timing/train_chunk_s,253.94062366569415
4000,system/heartbeat,1.0
7992,episode/return,191.53013610839844
7992,episode/length,500.0
7993,episode/return,198.88912963867188
7993,episode/length,500.0
7994,episode/return,192.92567443847656
7994,episode/length,500.0
7995,episode/return,181.66404724121094
7995,episode/length,500.0
7996,episode/return,255.1229248046875
7996,episode/length,500.0
7997,episode/return,243.02813720703125
7997,episode/length,500.0
7998,episode/return,190.25746154785156
7998,episode/length,500.0
7999,episode/return,181.9679718017578
7999,episode/length,500.0
10000,train/consistency_loss_mean,5.225276004493935e-05
10000,train/consistency_loss_std,0.0003232919833142961
10000,train/continue_loss_mean,0.0
10000,train/continue_loss_std,0.0
10000,train/grad_norm_mean,0.2711641421079636
10000,train/grad_norm_std,0.18300728300499622
10000,train/policy_log_std_mean,-0.8777568462848664
10000,train/policy_log_std_std,0.548649256131718
10000,train/policy_loss_mean,-0.4345339660167694
10000,train/policy_loss_std,0.1465347349207415
10000,train/reward_loss_mean,0.22570071610212325
10000,train/reward_loss_std,0.08742592782781769
10000,train/total_loss_mean,0.05122957611083984
10000,train/total_loss_std,0.02351058679579718
10000,train/value_loss_mean,0.2761444807291031
10000,train/value_loss_std,0.08725448020734557
10000,train/value_scale_mean,13.405850045776367
10000,train/value_scale_std,7.778552078879111
10000,timing/collect_chunk_s,233.97722881752998
10000,timing/train_chunk_s,313.2837148895487
10000,dense_rhs/training_bucket_horizon,3.0
10000,system/heartbeat,1.0
11992,episode/return,262.7626647949219
11992,episode/length,500.0
11993,episode/return,206.10220336914062
11993,episode/length,500.0
11994,episode/return,311.8244323730469
11994,episode/length,500.0
11995,episode/return,248.70277404785156
11995,episode/length,500.0
11996,episode/return,230.91481018066406
11996,episode/length,500.0
11997,episode/return,235.30130004882812
11997,episode/length,500.0
11998,episode/return,192.20530700683594
11998,episode/length,500.0
11999,episode/return,310.6179504394531
11999,episode/length,500.0
15992,episode/return,339.797119140625
15992,episode/length,500.0
15993,episode/return,374.50018310546875
15993,episode/length,500.0
15994,episode/return,343.78887939453125
15994,episode/length,500.0
15995,episode/return,290.43597412109375
15995,episode/length,500.0
15996,episode/return,349.52667236328125
15996,episode/length,500.0
15997,episode/return,339.640869140625
15997,episode/length,500.0
15998,episode/return,362.108154296875
15998,episode/length,500.0
15999,episode/return,360.7851867675781
15999,episode/length,500.0
19992,episode/return,389.16162109375
19992,episode/length,500.0
19993,episode/return,387.44915771484375
19993,episode/length,500.0
19994,episode/return,390.5907287597656
19994,episode/length,500.0
19995,episode/return,390.5061340332031
19995,episode/length,500.0
19996,episode/return,389.94244384765625
19996,episode/length,500.0
19997,episode/return,389.9337463378906
19997,episode/length,500.0
19998,episode/return,391.6148376464844
19998,episode/length,500.0
19999,episode/return,390.3367919921875
19999,episode/length,500.0
20000,train/consistency_loss_mean,2.2513615398202093e-05
20000,train/consistency_loss_std,7.571383010363225e-06
20000,train/continue_loss_mean,0.0
20000,train/continue_loss_std,0.0
20000,train/grad_norm_mean,0.2501294429063797
20000,train/grad_norm_std,0.11860277953594925
20000,train/policy_log_std_mean,-0.8965229160785675
20000,train/policy_log_std_std,0.46988592229215737
20000,train/policy_loss_mean,-0.557584140253067
20000,train/policy_loss_std,0.07142660502638919
20000,train/reward_loss_mean,0.236610564994812
20000,train/reward_loss_std,0.008879613713198422
20000,train/total_loss_mean,0.05127213909626007
20000,train/total_loss_std,0.0019097532626932553
20000,train/value_loss_mean,0.271608095741272
20000,train/value_loss_std,0.0163528164550801
20000,train/value_scale_mean,41.84771050109863
20000,train/value_scale_std,6.489538925430438
20000,timing/collect_chunk_s,59.5267900894396
20000,timing/train_chunk_s,21.138118949718773
20000,dense_rhs/training_bucket_horizon,3.0
20000,system/heartbeat,1.0
23992,episode/return,323.174560546875
23992,episode/length,500.0
23993,episode/return,320.61517333984375
23993,episode/length,500.0
23994,episode/return,322.0659484863281
23994,episode/length,500.0
23995,episode/return,320.16192626953125
23995,episode/length,500.0
23996,episode/return,317.73291015625
23996,episode/length,500.0
23997,episode/return,319.7914733886719
23997,episode/length,500.0
23998,episode/return,319.2295837402344
23998,episode/length,500.0
23999,episode/return,395.6293640136719
23999,episode/length,500.0
27992,episode/return,446.2312316894531
27992,episode/length,500.0
27993,episode/return,443.4878845214844
27993,episode/length,500.0
27994,episode/return,454.51300048828125
27994,episode/length,500.0
27995,episode/return,454.473388671875
27995,episode/length,500.0
27996,episode/return,457.9110412597656
27996,episode/length,500.0
27997,episode/return,454.5019836425781
27997,episode/length,500.0
27998,episode/return,427.8150329589844
27998,episode/length,500.0
27999,episode/return,451.0523681640625
27999,episode/length,500.0
30000,train/consistency_loss_mean,1.549322419014061e-05
30000,train/consistency_loss_std,6.802455930079921e-06
30000,train/continue_loss_mean,0.0
30000,train/continue_loss_std,0.0
30000,train/grad_norm_mean,0.18538193755745888
30000,train/grad_norm_std,0.10227795516616674
30000,train/policy_log_std_mean,-0.9888003808498382
30000,train/policy_log_std_std,0.5131243480365508
30000,train/policy_loss_mean,-0.5525886692523956
30000,train/policy_loss_std,0.11309494748435868
30000,train/reward_loss_mean,0.2355089169740677
30000,train/reward_loss_std,0.00922929810129185
30000,train/total_loss_mean,0.05157580142915249
30000,train/total_loss_std,0.0012589565736026702
30000,train/value_loss_mean,0.27715044491291047
30000,train/value_loss_std,0.009514000021954067
30000,train/value_scale_mean,78.95126184692383
30000,train/value_scale_std,24.768602471747773
30000,timing/collect_chunk_s,58.8310856600292
30000,timing/train_chunk_s,21.179231404792517
30000,dense_rhs/training_bucket_horizon,3.0
30000,system/heartbeat,1.0
31992,episode/return,506.42645263671875
31992,episode/length,500.0
31993,episode/return,515.8313598632812
31993,episode/length,500.0
31994,episode/return,507.6145324707031
31994,episode/length,500.0
31995,episode/return,526.2688598632812
31995,episode/length,500.0
31996,episode/return,518.21630859375
31996,episode/length,500.0
31997,episode/return,467.5930480957031
31997,episode/length,500.0
31998,episode/return,512.1817016601562
31998,episode/length,500.0
31999,episode/return,492.2459411621094
31999,episode/length,500.0
35992,episode/return,492.23931884765625
35992,episode/length,500.0
35993,episode/return,501.3571472167969
35993,episode/length,500.0
35994,episode/return,492.5704345703125
35994,episode/length,500.0
35995,episode/return,495.0461730957031
35995,episode/length,500.0
35996,episode/return,494.6218566894531
35996,episode/length,500.0
35997,episode/return,532.2326049804688
35997,episode/length,500.0
35998,episode/return,488.0538024902344
35998,episode/length,500.0
35999,episode/return,511.7536315917969
35999,episode/length,500.0
39992,episode/return,99.35795593261719
39992,episode/length,500.0
39993,episode/return,99.80683135986328
39993,episode/length,500.0
39994,episode/return,100.02686309814453
39994,episode/length,500.0
39995,episode/return,100.45346069335938
39995,episode/length,500.0
39996,episode/return,99.48188018798828
39996,episode/length,500.0
39997,episode/return,100.01094818115234
39997,episode/length,500.0
39998,episode/return,100.10163879394531
39998,episode/length,500.0
39999,episode/return,100.82955932617188
39999,episode/length,500.0
40000,train/consistency_loss_mean,1.2393021665047855e-05
40000,train/consistency_loss_std,5.5694659229010004e-06
40000,train/continue_loss_mean,0.0
40000,train/continue_loss_std,0.0
40000,train/grad_norm_mean,0.15639803746938705
40000,train/grad_norm_std,0.09385511778132248
40000,train/policy_log_std_mean,-1.0867513524532317
40000,train/policy_log_std_std,0.5774366989989471
40000,train/policy_loss_mean,-0.6637339280605317
40000,train/policy_loss_std,0.10185509819404372
40000,train/reward_loss_mean,0.2405912822008133
40000,train/reward_loss_std,0.010101763846893808
40000,train/total_loss_mean,0.051710711091756824
40000,train/total_loss_std,0.0017036576554903444
40000,train/value_loss_mean,0.2740372142791748
40000,train/value_loss_std,0.013898964920008215
40000,train/value_scale_mean,92.30081828613281
40000,train/value_scale_std,11.310396453221331
40000,timing/collect_chunk_s,59.458840963896364
40000,timing/train_chunk_s,21.1491318247281
40000,dense_rhs/training_bucket_horizon,3.0
40000,system/heartbeat,1.0
43992,episode/return,497.03369140625
43992,episode/length,500.0
43993,episode/return,473.9505310058594
43993,episode/length,500.0
43994,episode/return,461.75677490234375
43994,episode/length,500.0
43995,episode/return,453.4642028808594
43995,episode/length,500.0
43996,episode/return,452.63519287109375
43996,episode/length,500.0
43997,episode/return,491.4927673339844
43997,episode/length,500.0
43998,episode/return,576.5912475585938
43998,episode/length,500.0
43999,episode/return,485.14605712890625
43999,episode/length,500.0
47992,episode/return,557.7720947265625
47992,episode/length,500.0
47993,episode/return,551.37646484375
47993,episode/length,500.0
47994,episode/return,557.4818725585938
47994,episode/length,500.0
47995,episode/return,559.2927856445312
47995,episode/length,500.0
47996,episode/return,557.7155151367188
47996,episode/length,500.0
47997,episode/return,558.4785766601562
47997,episode/length,500.0
47998,episode/return,567.5611572265625
47998,episode/length,500.0
47999,episode/return,558.54248046875
47999,episode/length,500.0
50000,train/consistency_loss_mean,8.363249746980728e-06
50000,train/consistency_loss_std,4.003906027276365e-06
50000,train/continue_loss_mean,0.0
50000,train/continue_loss_std,0.0
50000,train/grad_norm_mean,0.10978851794302463
50000,train/grad_norm_std,0.07360204742370757
50000,train/policy_log_std_mean,-1.1500418333053588
50000,train/policy_log_std_std,0.6427720631188344
50000,train/policy_loss_mean,-0.7322327779769897
50000,train/policy_loss_std,0.05247442174336148
50000,train/reward_loss_mean,0.23721278567314147
50000,train/reward_loss_std,0.009163711745145466
50000,train/total_loss_mean,0.05239130493104458
50000,train/total_loss_std,0.001302726573471222
50000,train/value_loss_mean,0.28502760422229767
50000,train/value_loss_std,0.010657773733627583
50000,train/value_scale_mean,88.42208263549804
50000,train/value_scale_std,5.236864450809858
50000,timing/collect_chunk_s,59.19406240014359
50000,timing/train_chunk_s,21.130858048330992
50000,dense_rhs/training_bucket_horizon,3.0
50000,system/heartbeat,1.0
50000,timing/checkpoint_blocking_s,0.39744450617581606
50000,eval/return_mean,767.8148193359375
50000,eval/return_std,0.5778968334197998
50000,eval/return_max,768.880859375
50000,eval/return_min,766.808837890625
50000,timing/eval_s,99.47606902429834
50000,eval/selected_horizon,3.0
50000,eval/training_bucket_horizon,3.0
50000,system/heartbeat,1.0
51992,episode/return,745.0877075195312
51992,episode/length,500.0
51993,episode/return,678.4537963867188
51993,episode/length,500.0
51994,episode/return,712.7593994140625
51994,episode/length,500.0
51995,episode/return,758.69189453125
51995,episode/length,500.0
51996,episode/return,691.0643920898438
51996,episode/length,500.0
51997,episode/return,746.7049560546875
51997,episode/length,500.0
51998,episode/return,756.6226196289062
51998,episode/length,500.0
51999,episode/return,719.72998046875
51999,episode/length,500.0
55992,episode/return,790.4345092773438
55992,episode/length,500.0
55993,episode/return,788.0831909179688
55993,episode/length,500.0
55994,episode/return,790.4368896484375
55994,episode/length,500.0
55995,episode/return,786.5826416015625
55995,episode/length,500.0
55996,episode/return,786.9775390625
55996,episode/length,500.0
55997,episode/return,787.34423828125
55997,episode/length,500.0
55998,episode/return,786.7290649414062
55998,episode/length,500.0
55999,episode/return,789.3204956054688
55999,episode/length,500.0
59992,episode/return,710.01220703125
59992,episode/length,500.0
59993,episode/return,777.5969848632812
59993,episode/length,500.0
59994,episode/return,777.12255859375
59994,episode/length,500.0
59995,episode/return,776.5067749023438
59995,episode/length,500.0
59996,episode/return,771.4993286132812
59996,episode/length,500.0
59997,episode/return,774.3441162109375
59997,episode/length,500.0
59998,episode/return,774.421875
59998,episode/length,500.0
59999,episode/return,726.1012573242188
59999,episode/length,500.0
60000,train/consistency_loss_mean,6.992841105238767e-06
60000,train/consistency_loss_std,3.69601845700506e-06
60000,train/continue_loss_mean,0.0
60000,train/continue_loss_std,0.0
60000,train/grad_norm_mean,0.09761037761271
60000,train/grad_norm_std,0.06468955082385085
60000,train/policy_log_std_mean,-1.0859458750724793
60000,train/policy_log_std_std,0.58798380202685
60000,train/policy_loss_mean,-0.6210150554656982
60000,train/policy_loss_std,0.029199008342848068
60000,train/reward_loss_mean,0.25202707676887515
60000,train/reward_loss_std,0.009589546788111098
60000,train/total_loss_mean,0.054722534221410754
60000,train/total_loss_std,0.0019019853287707178
60000,train/value_loss_mean,0.293799684548378
60000,train/value_loss_std,0.013110541485096189
60000,train/value_scale_mean,105.66053408203125
60000,train/value_scale_std,6.257159149719051
60000,timing/collect_chunk_s,57.79911621194333
60000,timing/train_chunk_s,20.5194692267105
60000,dense_rhs/training_bucket_horizon,3.0
60000,system/heartbeat,1.0
63992,episode/return,747.5457763671875
63992,episode/length,500.0
63993,episode/return,747.4441528320312
63993,episode/length,500.0
63994,episode/return,745.37060546875
63994,episode/length,500.0
63995,episode/return,745.838623046875
63995,episode/length,500.0
63996,episode/return,747.0150146484375
63996,episode/length,500.0
63997,episode/return,728.96240234375
63997,episode/length,500.0
63998,episode/return,747.7301635742188
63998,episode/length,500.0
63999,episode/return,749.3768310546875
63999,episode/length,500.0
67992,episode/return,747.5508422851562
67992,episode/length,500.0
67993,episode/return,717.5678100585938
67993,episode/length,500.0
67994,episode/return,719.9549560546875
67994,episode/length,500.0
67995,episode/return,741.4656982421875
67995,episode/length,500.0
67996,episode/return,745.5023193359375
67996,episode/length,500.0
67997,episode/return,729.979248046875
67997,episode/length,500.0
67998,episode/return,732.1963500976562
67998,episode/length,500.0
67999,episode/return,683.818603515625
67999,episode/length,500.0
70000,train/consistency_loss_mean,6.287259643613652e-06
70000,train/consistency_loss_std,3.237505021126999e-06
70000,train/continue_loss_mean,0.0
70000,train/continue_loss_std,0.0
70000,train/grad_norm_mean,0.0946670481979847
70000,train/grad_norm_std,0.06935849617685853
70000,train/policy_log_std_mean,-1.1701399110794068
70000,train/policy_log_std_std,0.629564454398967
70000,train/policy_loss_mean,-0.6665745249271393
70000,train/policy_loss_std,0.030776164741009502
70000,train/reward_loss_mean,0.2633996127843857
70000,train/reward_loss_std,0.008341529536605151
70000,train/total_loss_mean,0.05682518104612827
70000,train/total_loss_std,0.0014974227827291352
70000,train/value_loss_mean,0.3035947331905365
70000,train/value_loss_std,0.01049568016033057
70000,train/value_scale_mean,104.75138987426757
70000,train/value_scale_std,3.1255151880036394
70000,timing/collect_chunk_s,58.62638880731538
70000,timing/train_chunk_s,20.486261503305286
70000,dense_rhs/training_bucket_horizon,3.0
70000,system/heartbeat,1.0
71992,episode/return,877.33056640625
71992,episode/length,500.0
71993,episode/return,877.1320190429688
71993,episode/length,500.0
71994,episode/return,876.0402221679688
71994,episode/length,500.0
71995,episode/return,876.7623901367188
71995,episode/length,500.0
71996,episode/return,876.4453735351562
71996,episode/length,500.0
71997,episode/return,877.7590942382812
71997,episode/length,500.0
71998,episode/return,876.770751953125
71998,episode/length,500.0
71999,episode/return,877.6478271484375
71999,episode/length,500.0
75992,episode/return,858.7716064453125
75992,episode/length,500.0
75993,episode/return,859.5648803710938
75993,episode/length,500.0
75994,episode/return,859.0250854492188
75994,episode/length,500.0
75995,episode/return,859.409423828125
75995,episode/length,500.0
75996,episode/return,859.5733032226562
75996,episode/length,500.0
75997,episode/return,859.6820678710938
75997,episode/length,500.0
75998,episode/return,860.3773803710938
75998,episode/length,500.0
75999,episode/return,859.0092163085938
75999,episode/length,500.0
79992,episode/return,872.7447509765625
79992,episode/length,500.0
79993,episode/return,873.7484130859375
79993,episode/length,500.0
79994,episode/return,874.0882568359375
79994,episode/length,500.0
79995,episode/return,872.416748046875
79995,episode/length,500.0
79996,episode/return,873.3843994140625
79996,episode/length,500.0
79997,episode/return,875.4554443359375
79997,episode/length,500.0
79998,episode/return,872.8076782226562
79998,episode/length,500.0
79999,episode/return,874.8493041992188
79999,episode/length,500.0
80000,train/consistency_loss_mean,4.935339822441165e-06
80000,train/consistency_loss_std,2.7353035847885815e-06
80000,train/continue_loss_mean,0.0
80000,train/continue_loss_std,0.0
80000,train/grad_norm_mean,0.07499907363951207
80000,train/grad_norm_std,0.04900966100475378
80000,train/policy_log_std_mean,-1.2803217460632323
80000,train/policy_log_std_std,0.642349282141911
80000,train/policy_loss_mean,-0.7516668256282807
80000,train/policy_loss_std,0.03155269671870272
80000,train/reward_loss_mean,0.27514574625492094
80000,train/reward_loss_std,0.008956818485743732
80000,train/total_loss_mean,0.06011575573980808
80000,train/total_loss_std,0.0014751900575301112
80000,train/value_loss_mean,0.3250247254610062
80000,train/value_loss_std,0.009216327618186677
80000,train/value_scale_mean,96.6091101928711
80000,train/value_scale_std,2.689032776471648
80000,timing/collect_chunk_s,64.97828289819881
80000,timing/train_chunk_s,20.44608356617391
80000,dense_rhs/training_bucket_horizon,3.0
80000,system/heartbeat,1.0
83992,episode/return,872.928955078125
83992,episode/length,500.0
83993,episode/return,874.5694580078125
83993,episode/length,500.0
83994,episode/return,875.018310546875
83994,episode/length,500.0
83995,episode/return,872.81787109375
83995,episode/length,500.0
83996,episode/return,872.2342529296875
83996,episode/length,500.0
83997,episode/return,876.8464965820312
83997,episode/length,500.0
83998,episode/return,875.150146484375
83998,episode/length,500.0
83999,episode/return,873.84423828125
83999,episode/length,500.0
87992,episode/return,875.4490356445312
87992,episode/length,500.0
87993,episode/return,874.9754028320312
87993,episode/length,500.0
87994,episode/return,875.898681640625
87994,episode/length,500.0
87995,episode/return,876.4933471679688
87995,episode/length,500.0
87996,episode/return,874.90478515625
87996,episode/length,500.0
87997,episode/return,876.3931274414062
87997,episode/length,500.0
87998,episode/return,875.852783203125
87998,episode/length,500.0
87999,episode/return,875.5498046875
87999,episode/length,500.0
90000,train/consistency_loss_mean,4.3778552710136865e-06
90000,train/consistency_loss_std,2.7665451175317505e-06
90000,train/continue_loss_mean,0.0
90000,train/continue_loss_std,0.0
90000,train/grad_norm_mean,0.06601246320605278
90000,train/grad_norm_std,0.05870950335515969
90000,train/policy_log_std_mean,-1.429343382358551
90000,train/policy_log_std_std,0.6883556089175148
90000,train/policy_loss_mean,-0.8209392434120178
90000,train/policy_loss_std,0.021596666663540428
90000,train/reward_loss_mean,0.28668277690410615
90000,train/reward_loss_std,0.008556463348460655
90000,train/total_loss_mean,0.06246126945912838
90000,train/total_loss_std,0.0011754903371769356
90000,train/value_loss_mean,0.3370543359994888
90000,train/value_loss_std,0.006647642488085134
90000,train/value_scale_mean,91.37966588134766
90000,train/value_scale_std,1.6164836134769744
90000,timing/collect_chunk_s,59.17017761012539
90000,timing/train_chunk_s,20.543629543390125
90000,dense_rhs/training_bucket_horizon,3.0
90000,system/heartbeat,1.0
91992,episode/return,869.2555541992188
91992,episode/length,500.0
91993,episode/return,871.0171508789062
91993,episode/length,500.0
91994,episode/return,869.3402099609375
91994,episode/length,500.0
91995,episode/return,869.2685546875
91995,episode/length,500.0
91996,episode/return,868.4403076171875
91996,episode/length,500.0
91997,episode/return,869.4267578125
91997,episode/length,500.0
91998,episode/return,869.7341918945312
91998,episode/length,500.0
91999,episode/return,868.8424682617188
91999,episode/length,500.0
95992,episode/return,874.4699096679688
95992,episode/length,500.0
95993,episode/return,875.05224609375
95993,episode/length,500.0
95994,episode/return,874.7828369140625
95994,episode/length,500.0
95995,episode/return,874.988525390625
95995,episode/length,500.0
95996,episode/return,874.4286499023438
95996,episode/length,500.0
95997,episode/return,875.52587890625
95997,episode/length,500.0
95998,episode/return,874.9974365234375
95998,episode/length,500.0
95999,episode/return,874.65185546875
95999,episode/length,500.0
99992,episode/return,879.708740234375
99992,episode/length,500.0
99993,episode/return,879.4979248046875
99993,episode/length,500.0
99994,episode/return,880.3140258789062
99994,episode/length,500.0
99995,episode/return,880.263916015625
99995,episode/length,500.0
99996,episode/return,879.64404296875
99996,episode/length,500.0
99997,episode/return,879.8272094726562
99997,episode/length,500.0
99998,episode/return,880.5222778320312
99998,episode/length,500.0
99999,episode/return,879.4763793945312
99999,episode/length,500.0
100000,train/consistency_loss_mean,3.910431210351817e-06
100000,train/consistency_loss_std,2.195841660385543e-06
100000,train/continue_loss_mean,0.0
100000,train/continue_loss_std,0.0
100000,train/grad_norm_mean,0.056955726125836374
100000,train/grad_norm_std,0.04123115604581688
100000,train/policy_log_std_mean,-1.5074797703742981
100000,train/policy_log_std_std,0.7219480363999056
100000,train/policy_loss_mean,-0.8349046811103821
100000,train/policy_loss_std,0.011950606334849484
100000,train/reward_loss_mean,0.2959123804569244
100000,train/reward_loss_std,0.008121374664734622
100000,train/total_loss_mean,0.0639175789475441
100000,train/total_loss_std,0.0011252480846578536
100000,train/value_loss_mean,0.34248131108283997
100000,train/value_loss_std,0.006210334413278047
100000,train/value_scale_mean,91.31435362548828
100000,train/value_scale_std,0.7148000746880453
100000,timing/collect_chunk_s,58.15929010557011
100000,timing/train_chunk_s,20.542017944157124
100000,dense_rhs/training_bucket_horizon,3.0
100000,system/heartbeat,1.0
100000,timing/checkpoint_blocking_s,0.4066383270546794
100000,eval/return_mean,877.9405517578125
100000,eval/return_std,0.2731355130672455
100000,eval/return_max,878.4678955078125
100000,eval/return_min,877.3662719726562
100000,timing/eval_s,9.25756680034101
100000,eval/selected_horizon,3.0
100000,eval/training_bucket_horizon,3.0
100000,system/heartbeat,1.0
103992,episode/return,878.2647705078125
103992,episode/length,500.0
103993,episode/return,879.7969360351562
103993,episode/length,500.0
103994,episode/return,879.7418823242188
103994,episode/length,500.0
103995,episode/return,879.4129638671875
103995,episode/length,500.0
103996,episode/return,879.4829711914062
103996,episode/length,500.0
103997,episode/return,879.038818359375
103997,episode/length,500.0
103998,episode/return,879.26806640625
103998,episode/length,500.0
103999,episode/return,879.1510620117188
103999,episode/length,500.0
107992,episode/return,877.714599609375
107992,episode/length,500.0
107993,episode/return,877.880615234375
107993,episode/length,500.0
107994,episode/return,877.15087890625
107994,episode/length,500.0
107995,episode/return,877.5905151367188
107995,episode/length,500.0
107996,episode/return,877.6294555664062
107996,episode/length,500.0
107997,episode/return,878.1161499023438
107997,episode/length,500.0
107998,episode/return,877.2495727539062
107998,episode/length,500.0
107999,episode/return,877.3855590820312
107999,episode/length,500.0
110000,train/consistency_loss_mean,3.6706594262795986e-06
110000,train/consistency_loss_std,2.605213168632768e-06
110000,train/continue_loss_mean,0.0
110000,train/continue_loss_std,0.0
110000,train/grad_norm_mean,0.05371390780955553
110000,train/grad_norm_std,0.04724381650981499
110000,train/policy_log_std_mean,-1.5295564454078674
110000,train/policy_log_std_std,0.6966272072971494
110000,train/policy_loss_mean,-0.8483712367057801
110000,train/policy_loss_std,0.012473334837133938
110000,train/reward_loss_mean,0.3035655912399292
110000,train/reward_loss_std,0.008003366179671881
110000,train/total_loss_mean,0.06517995601296425
110000,train/total_loss_std,0.0010859443703284206
110000,train/value_loss_mean,0.3474998204231262
110000,train/value_loss_std,0.005968971145781885
110000,train/value_scale_mean,91.17281424560547
110000,train/value_scale_std,0.5132360921834624
110000,timing/collect_chunk_s,59.49019821733236
110000,timing/train_chunk_s,20.512984820641577
110000,dense_rhs/training_bucket_horizon,3.0
110000,system/heartbeat,1.0
111992,episode/return,871.2201538085938
111992,episode/length,500.0
111993,episode/return,871.435302734375
111993,episode/length,500.0
111994,episode/return,870.7295532226562
111994,episode/length,500.0
111995,episode/return,870.7640380859375
111995,episode/length,500.0
111996,episode/return,871.1301879882812
111996,episode/length,500.0
111997,episode/return,870.5652465820312
111997,episode/length,500.0
111998,episode/return,870.7960205078125
111998,episode/length,500.0
111999,episode/return,871.095703125
111999,episode/length,500.0
115992,episode/return,867.5963745117188
115992,episode/length,500.0
115993,episode/return,871.3185424804688
115993,episode/length,500.0
115994,episode/return,869.4935913085938
115994,episode/length,500.0
115995,episode/return,867.0811767578125
115995,episode/length,500.0
115996,episode/return,870.4893188476562
115996,episode/length,500.0
115997,episode/return,868.959228515625
115997,episode/length,500.0
115998,episode/return,871.32958984375
115998,episode/length,500.0
115999,episode/return,866.9613647460938
115999,episode/length,500.0
119992,episode/return,878.6761474609375
119992,episode/length,500.0
119993,episode/return,879.0762329101562
119993,episode/length,500.0
119994,episode/return,877.6583251953125
119994,episode/length,500.0
119995,episode/return,878.4644775390625
119995,episode/length,500.0
119996,episode/return,878.3720703125
119996,episode/length,500.0
119997,episode/return,879.0868530273438
119997,episode/length,500.0
119998,episode/return,878.8531494140625
119998,episode/length,500.0
119999,episode/return,879.6859741210938
119999,episode/length,500.0
120000,train/consistency_loss_mean,3.113111615766684e-06
120000,train/consistency_loss_std,1.835306861500235e-06
120000,train/continue_loss_mean,0.0
120000,train/continue_loss_std,0.0
120000,train/grad_norm_mean,0.046085788364708426
120000,train/grad_norm_std,0.033040216380171995
120000,train/policy_log_std_mean,-1.57579893951416
120000,train/policy_log_std_std,0.6811492848059262
120000,train/policy_loss_mean,-0.8615434658050537
120000,train/policy_loss_std,0.012528304568678083
120000,train/reward_loss_mean,0.30980721044540405
120000,train/reward_loss_std,0.007840276806284066
120000,train/total_loss_mean,0.06597972083091735
120000,train/total_loss_std,0.001064526629476799
120000,train/value_loss_mean,0.3493673625946045
120000,train/value_loss_std,0.005805703760295652
120000,train/value_scale_mean,91.17755607299804
120000,train/value_scale_std,0.7611041274348588
120000,timing/collect_chunk_s,59.444694991223514
120000,timing/train_chunk_s,20.504601520486176
120000,dense_rhs/training_bucket_horizon,3.0
120000,system/heartbeat,1.0
123992,episode/return,880.8204345703125
123992,episode/length,500.0
123993,episode/return,880.1143798828125
123993,episode/length,500.0
123994,episode/return,879.705078125
123994,episode/length,500.0
123995,episode/return,880.149169921875
123995,episode/length,500.0
123996,episode/return,880.0020751953125
123996,episode/length,500.0
123997,episode/return,879.512451171875
123997,episode/length,500.0
123998,episode/return,880.1041870117188
123998,episode/length,500.0
123999,episode/return,879.8401489257812
123999,episode/length,500.0
127992,episode/return,854.4567260742188
127992,episode/length,500.0
127993,episode/return,853.682373046875
127993,episode/length,500.0
127994,episode/return,854.7076416015625
127994,episode/length,500.0
127995,episode/return,855.1560668945312
127995,episode/length,500.0
127996,episode/return,853.3826904296875
127996,episode/length,500.0
127997,episode/return,854.6649780273438
127997,episode/length,500.0
127998,episode/return,855.3964233398438
127998,episode/length,500.0
127999,episode/return,855.7772827148438
127999,episode/length,500.0
130000,train/consistency_loss_mean,2.9692730606257102e-06
130000,train/consistency_loss_std,1.9398539306512923e-06
130000,train/continue_loss_mean,0.0
130000,train/continue_loss_std,0.0
130000,train/grad_norm_mean,0.044771016535162925
130000,train/grad_norm_std,0.03619278829769857
130000,train/policy_log_std_mean,-1.597721300125122
130000,train/policy_log_std_std,0.6742691801956993
130000,train/policy_loss_mean,-0.8808678242683411
130000,train/policy_loss_std,0.013342523506226634
130000,train/reward_loss_mean,0.3146468968153
130000,train/reward_loss_std,0.007605869502168743
130000,train/total_loss_mean,0.06679959779977798
130000,train/total_loss_std,0.0010305288141442212
130000,train/value_loss_mean,0.3527552192687988
130000,train/value_loss_std,0.005565624948251174
130000,train/value_scale_mean,90.17018450317383
130000,train/value_scale_std,0.6923006422173706
130000,timing/collect_chunk_s,58.60465473169461
130000,timing/train_chunk_s,20.566993335727602
130000,dense_rhs/training_bucket_horizon,3.0
130000,system/heartbeat,1.0
131992,episode/return,878.4210815429688
131992,episode/length,500.0
131993,episode/return,879.2078247070312
131993,episode/length,500.0
131994,episode/return,877.62451171875
131994,episode/length,500.0
131995,episode/return,878.77734375
131995,episode/length,500.0
131996,episode/return,879.454345703125
131996,episode/length,500.0
131997,episode/return,878.7141723632812
131997,episode/length,500.0
131998,episode/return,878.722900390625
131998,episode/length,500.0
131999,episode/return,878.4136962890625
131999,episode/length,500.0
135992,episode/return,875.8483276367188
135992,episode/length,500.0
135993,episode/return,875.6975708007812
135993,episode/length,500.0
135994,episode/return,875.3370361328125
135994,episode/length,500.0
135995,episode/return,875.7106323242188
135995,episode/length,500.0
135996,episode/return,876.6893310546875
135996,episode/length,500.0
135997,episode/return,876.8151245117188
135997,episode/length,500.0
135998,episode/return,876.5725708007812
135998,episode/length,500.0
135999,episode/return,876.2518310546875
135999,episode/length,500.0
139992,episode/return,879.1593017578125
139992,episode/length,500.0
139993,episode/return,878.1807250976562
139993,episode/length,500.0
139994,episode/return,878.4078369140625
139994,episode/length,500.0
139995,episode/return,878.4105834960938
139995,episode/length,500.0
139996,episode/return,879.290283203125
139996,episode/length,500.0
139997,episode/return,878.4671020507812
139997,episode/length,500.0
139998,episode/return,878.6149291992188
139998,episode/length,500.0
139999,episode/return,879.2127075195312
139999,episode/length,500.0
140000,train/consistency_loss_mean,2.7083321258942304e-06
140000,train/consistency_loss_std,1.5951224898320412e-06
140000,train/continue_loss_mean,0.0
140000,train/continue_loss_std,0.0
140000,train/grad_norm_mean,0.04064825482815504
140000,train/grad_norm_std,0.03231511869548267
140000,train/policy_log_std_mean,-1.6645327069282532
140000,train/policy_log_std_std,0.694271721486699
140000,train/policy_loss_mean,-0.8905723392963409
140000,train/policy_loss_std,0.011680981234004387
140000,train/reward_loss_mean,0.31906236720085146
140000,train/reward_loss_std,0.007635654627830896
140000,train/total_loss_mean,0.06755946888327599
140000,train/total_loss_std,0.0010357514903124197
140000,train/value_loss_mean,0.3559906373500824
140000,train/value_loss_std,0.005452201566809528
140000,train/value_scale_mean,90.02946033325195
140000,train/value_scale_std,0.5393560196329741
140000,timing/collect_chunk_s,60.49665886070579
140000,timing/train_chunk_s,20.502394017763436
140000,dense_rhs/training_bucket_horizon,3.0
140000,system/heartbeat,1.0
143992,episode/return,878.5567016601562
143992,episode/length,500.0
143993,episode/return,879.2781372070312
143993,episode/length,500.0
143994,episode/return,879.1747436523438
143994,episode/length,500.0
143995,episode/return,878.5881958007812
143995,episode/length,500.0
143996,episode/return,879.1194458007812
143996,episode/length,500.0
143997,episode/return,878.56982421875
143997,episode/length,500.0
143998,episode/return,878.819580078125
143998,episode/length,500.0
143999,episode/return,878.2291259765625
143999,episode/length,500.0
147992,episode/return,872.6509399414062
147992,episode/length,500.0
147993,episode/return,871.9946899414062
147993,episode/length,500.0
147994,episode/return,871.6864013671875
147994,episode/length,500.0
147995,episode/return,872.4154052734375
147995,episode/length,500.0
147996,episode/return,870.7691040039062
147996,episode/length,500.0
147997,episode/return,871.6085205078125
147997,episode/length,500.0
147998,episode/return,872.0008544921875
147998,episode/length,500.0
147999,episode/return,871.2918090820312
147999,episode/length,500.0
150000,train/consistency_loss_mean,2.398329336574534e-06
150000,train/consistency_loss_std,1.5077447686171956e-06
150000,train/continue_loss_mean,0.0
150000,train/continue_loss_std,0.0
150000,train/grad_norm_mean,0.03749788177907467
150000,train/grad_norm_std,0.03496773833269897
150000,train/policy_log_std_mean,-1.7185670038223266
150000,train/policy_log_std_std,0.6890370222286697
150000,train/policy_loss_mean,-0.9077806887149811
150000,train/policy_loss_std,0.017325819902134602
150000,train/reward_loss_mean,0.3226967745304108
150000,train/reward_loss_std,0.007451346285418751
150000,train/total_loss_mean,0.06819806396365166
150000,train/total_loss_std,0.001002636194271049
150000,train/value_loss_mean,0.3588041829347611
150000,train/value_loss_std,0.005247794679317153
150000,train/value_scale_mean,89.10046763916016
150000,train/value_scale_std,1.2139493908718018
150000,timing/collect_chunk_s,60.091549364849925
150000,timing/train_chunk_s,20.498858449514955
150000,dense_rhs/training_bucket_horizon,3.0
150000,system/heartbeat,1.0
150000,timing/checkpoint_blocking_s,0.381514442153275
150000,eval/return_mean,877.4027099609375
150000,eval/return_std,0.36638185381889343
150000,eval/return_max,878.112548828125
150000,eval/return_min,876.8690185546875
150000,timing/eval_s,9.222806581761688
150000,eval/selected_horizon,3.0
150000,eval/training_bucket_horizon,3.0
150000,system/heartbeat,1.0
151992,episode/return,877.8569946289062
151992,episode/length,500.0
151993,episode/return,877.44091796875
151993,episode/length,500.0
151994,episode/return,877.5328979492188
151994,episode/length,500.0
151995,episode/return,878.1572875976562
151995,episode/length,500.0
151996,episode/return,878.0433349609375
151996,episode/length,500.0
151997,episode/return,877.7568969726562
151997,episode/length,500.0
151998,episode/return,877.3458251953125
151998,episode/length,500.0
151999,episode/return,877.7467651367188
151999,episode/length,500.0
155992,episode/return,875.0930786132812
155992,episode/length,500.0
155993,episode/return,875.4288330078125
155993,episode/length,500.0
155994,episode/return,875.1973266601562
155994,episode/length,500.0
155995,episode/return,874.6812744140625
155995,episode/length,500.0
155996,episode/return,875.1141357421875
155996,episode/length,500.0
155997,episode/return,875.2731323242188
155997,episode/length,500.0
155998,episode/return,875.1441650390625
155998,episode/length,500.0
155999,episode/return,875.3241577148438
155999,episode/length,500.0
159992,episode/return,861.1715698242188
159992,episode/length,500.0
159993,episode/return,861.4225463867188
159993,episode/length,500.0
159994,episode/return,861.23388671875
159994,episode/length,500.0
159995,episode/return,860.4198608398438
159995,episode/length,500.0
159996,episode/return,862.3903198242188
159996,episode/length,500.0
159997,episode/return,861.18212890625
159997,episode/length,500.0
159998,episode/return,861.2672729492188
159998,episode/length,500.0
159999,episode/return,861.7909545898438
159999,episode/length,500.0
160000,train/consistency_loss_mean,2.343387022119714e-06
160000,train/consistency_loss_std,1.59461445042806e-06
160000,train/continue_loss_mean,0.0
160000,train/continue_loss_std,0.0
160000,train/grad_norm_mean,0.03655563184171915
160000,train/grad_norm_std,0.03404044444526639
160000,train/policy_log_std_mean,-1.6593501358032225
160000,train/policy_log_std_std,0.6446143879868479
160000,train/policy_loss_mean,-0.9096950282096863
160000,train/policy_loss_std,0.01208000613628273
160000,train/reward_loss_mean,0.3260121720790863
160000,train/reward_loss_std,0.0073603447888505305
160000,train/total_loss_mean,0.06863584102988243
160000,train/total_loss_std,0.00101867495955356
160000,train/value_loss_mean,0.3598775443792343
160000,train/value_loss_std,0.005331014947340364
160000,train/value_scale_mean,89.73848087768555
160000,train/value_scale_std,0.4194087165471148
160000,timing/collect_chunk_s,57.50956310285255
160000,timing/train_chunk_s,20.544188566040248
160000,dense_rhs/training_bucket_horizon,3.0
160000,system/heartbeat,1.0
163992,episode/return,879.2478637695312
163992,episode/length,500.0
163993,episode/return,879.734619140625
163993,episode/length,500.0
163994,episode/return,879.3303833007812
163994,episode/length,500.0
163995,episode/return,879.61865234375
163995,episode/length,500.0
163996,episode/return,879.8795776367188
163996,episode/length,500.0
163997,episode/return,879.4942626953125
163997,episode/length,500.0
163998,episode/return,878.9634399414062
163998,episode/length,500.0
163999,episode/return,879.1793212890625
163999,episode/length,500.0
167992,episode/return,876.2469482421875
167992,episode/length,500.0
167993,episode/return,876.3152465820312
167993,episode/length,500.0
167994,episode/return,876.0799560546875
167994,episode/length,500.0
167995,episode/return,876.6976318359375
167995,episode/length,500.0
167996,episode/return,876.2604370117188
167996,episode/length,500.0
167997,episode/return,877.2854614257812
167997,episode/length,500.0
167998,episode/return,876.5057983398438
167998,episode/length,500.0
167999,episode/return,875.7764282226562
167999,episode/length,500.0
170000,train/consistency_loss_mean,2.234343402687955e-06
170000,train/consistency_loss_std,1.3823123818056033e-06
170000,train/continue_loss_mean,0.0
170000,train/continue_loss_std,0.0
170000,train/grad_norm_mean,0.0362358259037137
170000,train/grad_norm_std,0.0311920362595806
170000,train/policy_log_std_mean,-1.6946610101699828
170000,train/policy_log_std_std,0.6365088594467552
170000,train/policy_loss_mean,-0.9251041461467743
170000,train/policy_loss_std,0.01187589939945581
170000,train/reward_loss_mean,0.32891703324317934
170000,train/reward_loss_std,0.007298198195744302
170000,train/total_loss_mean,0.06914569578170776
170000,train/total_loss_std,0.0009978278488340332
170000,train/value_loss_mean,0.3620930345773697
170000,train/value_loss_std,0.005164469168448588
170000,train/value_scale_mean,88.8241403930664
170000,train/value_scale_std,0.4591498547099744
170000,timing/collect_chunk_s,61.34490830823779
170000,timing/train_chunk_s,20.534093601629138
170000,dense_rhs/training_bucket_horizon,3.0
170000,system/heartbeat,1.0
171992,episode/return,879.2940673828125
171992,episode/length,500.0
171993,episode/return,878.8998413085938
171993,episode/length,500.0
171994,episode/return,879.4855346679688
171994,episode/length,500.0
171995,episode/return,878.8836669921875
171995,episode/length,500.0
171996,episode/return,879.1115112304688
171996,episode/length,500.0
171997,episode/return,878.8204956054688
171997,episode/length,500.0
171998,episode/return,878.4011840820312
171998,episode/length,500.0
171999,episode/return,879.1132202148438
171999,episode/length,500.0
175992,episode/return,879.6898193359375
175992,episode/length,500.0
175993,episode/return,880.4801025390625
175993,episode/length,500.0
175994,episode/return,879.4979248046875
175994,episode/length,500.0
175995,episode/return,880.206787109375
175995,episode/length,500.0
175996,episode/return,879.8487548828125
175996,episode/length,500.0
175997,episode/return,880.4183959960938
175997,episode/length,500.0
175998,episode/return,880.1873168945312
175998,episode/length,500.0
175999,episode/return,880.0580444335938
175999,episode/length,500.0
179992,episode/return,878.6346435546875
179992,episode/length,500.0
179993,episode/return,876.1980590820312
179993,episode/length,500.0
179994,episode/return,876.113525390625
179994,episode/length,500.0
179995,episode/return,878.6206665039062
179995,episode/length,500.0
179996,episode/return,876.6931762695312
179996,episode/length,500.0
179997,episode/return,878.5144653320312
179997,episode/length,500.0
179998,episode/return,877.215087890625
179998,episode/length,500.0
179999,episode/return,876.261962890625
179999,episode/length,500.0
180000,train/consistency_loss_mean,2.1180569370244484e-06
180000,train/consistency_loss_std,1.3084278504073367e-06
180000,train/continue_loss_mean,0.0
180000,train/continue_loss_std,0.0
180000,train/grad_norm_mean,0.033226993495225905
180000,train/grad_norm_std,0.026906581156589112
180000,train/policy_log_std_mean,-1.7534392367362976
180000,train/policy_log_std_std,0.6605997539642624
180000,train/policy_loss_mean,-0.9357171229362488
180000,train/policy_loss_std,0.012265420151196825
180000,train/reward_loss_mean,0.3316436180591583
180000,train/reward_loss_std,0.007162559397677252
180000,train/total_loss_mean,0.06947879610061646
180000,train/total_loss_std,0.0009945355430666853
180000,train/value_loss_mean,0.3627207149028778
180000,train/value_loss_std,0.005228302332622341
180000,train/value_scale_mean,88.14811462402344
180000,train/value_scale_std,0.579027629436182
180000,timing/collect_chunk_s,57.49621199024841
180000,timing/train_chunk_s,20.493615828920156
180000,dense_rhs/training_bucket_horizon,3.0
180000,system/heartbeat,1.0
183992,episode/return,875.6044311523438
183992,episode/length,500.0
183993,episode/return,875.6469116210938
183993,episode/length,500.0
183994,episode/return,875.6485595703125
183994,episode/length,500.0
183995,episode/return,875.69580078125
183995,episode/length,500.0
183996,episode/return,875.960205078125
183996,episode/length,500.0
183997,episode/return,876.5903930664062
183997,episode/length,500.0
183998,episode/return,875.1200561523438
183998,episode/length,500.0
183999,episode/return,875.5623779296875
183999,episode/length,500.0
187992,episode/return,880.9609375
187992,episode/length,500.0
187993,episode/return,880.8938598632812
187993,episode/length,500.0
187994,episode/return,881.0147094726562
187994,episode/length,500.0
187995,episode/return,880.4795532226562
187995,episode/length,500.0
187996,episode/return,880.9860229492188
187996,episode/length,500.0
187997,episode/return,881.2832641601562
187997,episode/length,500.0
187998,episode/return,880.3389282226562
187998,episode/length,500.0
187999,episode/return,880.4300537109375
187999,episode/length,500.0
190000,train/consistency_loss_mean,1.9706588357621512e-06
190000,train/consistency_loss_std,1.2391552608122282e-06
190000,train/continue_loss_mean,0.0
190000,train/continue_loss_std,0.0
190000,train/grad_norm_mean,0.03194000536948442
190000,train/grad_norm_std,0.026714342269641374
190000,train/policy_log_std_mean,-1.748771268081665
190000,train/policy_log_std_std,0.6503177188212546
190000,train/policy_loss_mean,-0.94945693359375
190000,train/policy_loss_std,0.01230619343733971
190000,train/reward_loss_mean,0.3339034454345703
190000,train/reward_loss_std,0.007041926928578142
190000,train/total_loss_mean,0.06984038581252099
190000,train/total_loss_std,0.0009769167475243686
190000,train/value_loss_mean,0.36410625534057617
190000,train/value_loss_std,0.0050618233376829285
190000,train/value_scale_mean,87.37193908691407
190000,train/value_scale_std,0.5608336752792744
190000,timing/collect_chunk_s,61.61313590453938
190000,timing/train_chunk_s,20.544791125226766
190000,dense_rhs/training_bucket_horizon,3.0
190000,system/heartbeat,1.0
191992,episode/return,880.1322631835938
191992,episode/length,500.0
191993,episode/return,880.6129760742188
191993,episode/length,500.0
191994,episode/return,880.564208984375
191994,episode/length,500.0
191995,episode/return,880.6470336914062
191995,episode/length,500.0
191996,episode/return,880.7109985351562
191996,episode/length,500.0
191997,episode/return,880.798583984375
191997,episode/length,500.0
191998,episode/return,880.4518432617188
191998,episode/length,500.0
191999,episode/return,880.3577270507812
191999,episode/length,500.0
195992,episode/return,879.9574584960938
195992,episode/length,500.0
195993,episode/return,880.1870727539062
195993,episode/length,500.0
195994,episode/return,880.4783935546875
195994,episode/length,500.0
195995,episode/return,880.103515625
195995,episode/length,500.0
195996,episode/return,880.6639404296875
195996,episode/length,500.0
195997,episode/return,880.0692749023438
195997,episode/length,500.0
195998,episode/return,880.0449829101562
195998,episode/length,500.0
195999,episode/return,880.2236938476562
195999,episode/length,500.0
199992,episode/return,880.6720581054688
199992,episode/length,500.0
199993,episode/return,880.8072509765625
199993,episode/length,500.0
199994,episode/return,880.97607421875
199994,episode/length,500.0
199995,episode/return,880.5302124023438
199995,episode/length,500.0
199996,episode/return,880.1959228515625
199996,episode/length,500.0
199997,episode/return,881.22802734375
199997,episode/length,500.0
199998,episode/return,880.5870971679688
199998,episode/length,500.0
199999,episode/return,880.9410400390625
199999,episode/length,500.0
200000,train/consistency_loss_mean,1.8926009641290876e-06
200000,train/consistency_loss_std,1.5240347648494813e-06
200000,train/continue_loss_mean,0.0
200000,train/continue_loss_std,0.0
200000,train/grad_norm_mean,0.028991466566175222
200000,train/grad_norm_std,0.025587788825497657
200000,train/policy_log_std_mean,-1.7883615677833558
200000,train/policy_log_std_std,0.6618865639037774
200000,train/policy_loss_mean,-0.960764928483963
200000,train/policy_loss_std,0.013686465562718476
200000,train/reward_loss_mean,0.3362214705705643
200000,train/reward_loss_std,0.006916896879401367
200000,train/total_loss_mean,0.0702487428188324
200000,train/total_loss_std,0.0009545059669437042
200000,train/value_loss_mean,0.3658874262809753
200000,train/value_loss_std,0.00487573928722632
200000,train/value_scale_mean,86.8666783996582
200000,train/value_scale_std,0.7824636958708096
200000,timing/collect_chunk_s,58.377627417910844
200000,timing/train_chunk_s,20.507902066223323
200000,dense_rhs/training_bucket_horizon,3.0
200000,system/heartbeat,1.0
200000,timing/checkpoint_blocking_s,0.40450143069028854
200000,eval/return_mean,881.5982666015625
200000,eval/return_std,0.38395020365715027
200000,eval/return_max,882.156494140625
200000,eval/return_min,880.9774169921875
200000,timing/eval_s,9.237134043127298
200000,eval/selected_horizon,3.0
200000,eval/training_bucket_horizon,3.0
200000,system/heartbeat,1.0
203992,episode/return,880.8472900390625
203992,episode/length,500.0
203993,episode/return,880.99609375
203993,episode/length,500.0
203994,episode/return,881.0768432617188
203994,episode/length,500.0
203995,episode/return,881.2932739257812
203995,episode/length,500.0
203996,episode/return,880.6831665039062
203996,episode/length,500.0
203997,episode/return,880.6570434570312
203997,episode/length,500.0
203998,episode/return,880.98291015625
203998,episode/length,500.0
203999,episode/return,880.9957885742188
203999,episode/length,500.0
207992,episode/return,879.3770141601562
207992,episode/length,500.0
207993,episode/return,879.709716796875
207993,episode/length,500.0
207994,episode/return,879.1101684570312
207994,episode/length,500.0
207995,episode/return,880.1517333984375
207995,episode/length,500.0
207996,episode/return,879.7108154296875
207996,episode/length,500.0
207997,episode/return,878.7442626953125
207997,episode/length,500.0
207998,episode/return,880.0264892578125
207998,episode/length,500.0
207999,episode/return,879.6630249023438
207999,episode/length,500.0
210000,train/consistency_loss_mean,1.8123877296602586e-06
210000,train/consistency_loss_std,1.2920687494969501e-06
210000,train/continue_loss_mean,0.0
210000,train/continue_loss_std,0.0
210000,train/grad_norm_mean,0.028353725275397302
210000,train/grad_norm_std,0.0251486751169937
210000,train/policy_log_std_mean,-1.797467683696747
210000,train/policy_log_std_std,0.6473927265652127
210000,train/policy_loss_mean,-0.9619550817966461
210000,train/policy_loss_std,0.012255879954612676
210000,train/reward_loss_mean,0.33823217499256136
210000,train/reward_loss_std,0.006924115287130648
210000,train/total_loss_mean,0.0704651748597622
210000,train/total_loss_std,0.000970141661883347
210000,train/value_loss_mean,0.3660570727109909
210000,train/value_loss_std,0.004995061923046972
210000,train/value_scale_mean,86.93779412841796
210000,train/value_scale_std,0.5926843519657207
210000,timing/collect_chunk_s,61.731738115660846
210000,timing/train_chunk_s,20.494626141153276
210000,dense_rhs/training_bucket_horizon,3.0
210000,system/heartbeat,1.0
211992,episode/return,880.4762573242188
211992,episode/length,500.0
211993,episode/return,880.4133911132812
211993,episode/length,500.0
211994,episode/return,880.0314331054688
211994,episode/length,500.0
211995,episode/return,880.13134765625
211995,episode/length,500.0
211996,episode/return,879.8639526367188
211996,episode/length,500.0
211997,episode/return,880.8126220703125
211997,episode/length,500.0
211998,episode/return,880.6610717773438
211998,episode/length,500.0
211999,episode/return,880.69677734375
211999,episode/length,500.0
215992,episode/return,814.2852172851562
215992,episode/length,500.0
215993,episode/return,816.1889038085938
215993,episode/length,500.0
215994,episode/return,818.4706420898438
215994,episode/length,500.0
215995,episode/return,816.9364013671875
215995,episode/length,500.0
215996,episode/return,817.0443115234375
215996,episode/length,500.0
215997,episode/return,815.3994140625
215997,episode/length,500.0
215998,episode/return,816.9248657226562
215998,episode/length,500.0
215999,episode/return,816.7784423828125
215999,episode/length,500.0
219992,episode/return,872.6162719726562
219992,episode/length,500.0
219993,episode/return,873.1245727539062
219993,episode/length,500.0
219994,episode/return,872.4878540039062
219994,episode/length,500.0
219995,episode/return,874.4247436523438
219995,episode/length,500.0
219996,episode/return,875.2680053710938
219996,episode/length,500.0
219997,episode/return,874.1349487304688
219997,episode/length,500.0
219998,episode/return,875.4913330078125
219998,episode/length,500.0
219999,episode/return,873.5840454101562
219999,episode/length,500.0
220000,train/consistency_loss_mean,1.7287968822529365e-06
220000,train/consistency_loss_std,1.2534884994410094e-06
220000,train/continue_loss_mean,0.0
220000,train/continue_loss_std,0.0
220000,train/grad_norm_mean,0.027243197184801102
220000,train/grad_norm_std,0.023693632427290653
220000,train/policy_log_std_mean,-1.856125478553772
220000,train/policy_log_std_std,0.6604573308319593
220000,train/policy_loss_mean,-0.9771793664455414
220000,train/policy_loss_std,0.011569855323860552
220000,train/reward_loss_mean,0.33899602036476134
220000,train/reward_loss_std,0.006819260051275772
220000,train/total_loss_mean,0.07049379121661187
220000,train/total_loss_std,0.0009709641964865923
220000,train/value_loss_mean,0.3655961142301559
220000,train/value_loss_std,0.005130885906739778
220000,train/value_scale_mean,86.07805097045899
220000,train/value_scale_std,0.42075419880808496
220000,timing/collect_chunk_s,57.727437163703144
220000,timing/train_chunk_s,20.52091050427407
220000,dense_rhs/training_bucket_horizon,3.0
220000,system/heartbeat,1.0
223992,episode/return,879.8270874023438
223992,episode/length,500.0
223993,episode/return,880.10595703125
223993,episode/length,500.0
223994,episode/return,879.4715576171875
223994,episode/length,500.0
223995,episode/return,879.54296875
223995,episode/length,500.0
223996,episode/return,879.5591430664062
223996,episode/length,500.0
223997,episode/return,879.2699584960938
223997,episode/length,500.0
223998,episode/return,879.6309204101562
223998,episode/length,500.0
223999,episode/return,879.8712158203125
223999,episode/length,500.0
227992,episode/return,882.0421142578125
227992,episode/length,500.0
227993,episode/return,882.1565551757812
227993,episode/length,500.0
227994,episode/return,880.832275390625
227994,episode/length,500.0
227995,episode/return,881.5225830078125
227995,episode/length,500.0
227996,episode/return,881.3594360351562
227996,episode/length,500.0
227997,episode/return,881.5363159179688
227997,episode/length,500.0
227998,episode/return,881.9488525390625
227998,episode/length,500.0
227999,episode/return,881.49267578125
227999,episode/length,500.0
230000,train/consistency_loss_mean,1.6378815082134678e-06
230000,train/consistency_loss_std,1.1881292298818707e-06
230000,train/continue_loss_mean,0.0
230000,train/continue_loss_std,0.0
230000,train/grad_norm_mean,0.025377078460156917
230000,train/grad_norm_std,0.024942961582427935
230000,train/policy_log_std_mean,-1.8094845257759093
230000,train/policy_log_std_std,0.6428226384447928
230000,train/policy_loss_mean,-0.9858757381916046
230000,train/policy_loss_std,0.0134753459999657
230000,train/reward_loss_mean,0.33981599996089934
230000,train/reward_loss_std,0.006868334062936322
230000,train/total_loss_mean,0.07070553322434425
230000,train/total_loss_std,0.000961888069821531
230000,train/value_loss_mean,0.36691173262596133
230000,train/value_loss_std,0.004898878413774875
230000,train/value_scale_mean,85.56574282226562
230000,train/value_scale_std,0.7076610630442459
230000,timing/collect_chunk_s,58.101857150904834
230000,timing/train_chunk_s,20.522397584747523
230000,dense_rhs/training_bucket_horizon,3.0
230000,system/heartbeat,1.0
231992,episode/return,880.4790649414062
231992,episode/length,500.0
231993,episode/return,880.1904296875
231993,episode/length,500.0
231994,episode/return,879.4598388671875
231994,episode/length,500.0
231995,episode/return,880.259765625
231995,episode/length,500.0
231996,episode/return,879.4096069335938
231996,episode/length,500.0
231997,episode/return,879.7824096679688
231997,episode/length,500.0
231998,episode/return,880.1007080078125
231998,episode/length,500.0
231999,episode/return,880.4810791015625
231999,episode/length,500.0
235992,episode/return,880.8060913085938
235992,episode/length,500.0
235993,episode/return,880.2326049804688
235993,episode/length,500.0
235994,episode/return,881.028076171875
235994,episode/length,500.0
235995,episode/return,880.7725219726562
235995,episode/length,500.0
235996,episode/return,880.6669311523438
235996,episode/length,500.0
235997,episode/return,880.3671264648438
235997,episode/length,500.0
235998,episode/return,881.060546875
235998,episode/length,500.0
235999,episode/return,880.4268798828125
235999,episode/length,500.0
239992,episode/return,881.3434448242188
239992,episode/length,500.0
239993,episode/return,881.0623779296875
239993,episode/length,500.0
239994,episode/return,881.1405639648438
239994,episode/length,500.0
239995,episode/return,881.6351928710938
239995,episode/length,500.0
239996,episode/return,881.41455078125
239996,episode/length,500.0
239997,episode/return,880.833251953125
239997,episode/length,500.0
239998,episode/return,880.4967651367188
239998,episode/length,500.0
239999,episode/return,881.02294921875
239999,episode/length,500.0
240000,train/consistency_loss_mean,1.4814010245572717e-06
240000,train/consistency_loss_std,1.1053832540071863e-06
240000,train/continue_loss_mean,0.0
240000,train/continue_loss_std,0.0
240000,train/grad_norm_mean,0.02351351997554302
240000,train/grad_norm_std,0.020706369063210075
240000,train/policy_log_std_mean,-1.8433339790344239
240000,train/policy_log_std_std,0.6421071535283668
240000,train/policy_loss_mean,-0.9858755959510803
240000,train/policy_loss_std,0.011888749326427774
240000,train/reward_loss_mean,0.3414278242111206
240000,train/reward_loss_std,0.006835231008161601
240000,train/total_loss_mean,0.07089115352630615
240000,train/total_loss_std,0.0009584630217465359
240000,train/value_loss_mean,0.3671874139785767
240000,train/value_loss_std,0.00492206906057455
240000,train/value_scale_mean,85.65865773925782
240000,train/value_scale_std,0.44472693089359233
240000,timing/collect_chunk_s,62.28756122197956
240000,timing/train_chunk_s,20.4700162303634
240000,dense_rhs/training_bucket_horizon,3.0
240000,system/heartbeat,1.0
243992,episode/return,879.5465698242188
243992,episode/length,500.0
243993,episode/return,879.8256225585938
243993,episode/length,500.0
243994,episode/return,878.7144775390625
243994,episode/length,500.0
243995,episode/return,879.7909545898438
243995,episode/length,500.0
243996,episode/return,878.8660888671875
243996,episode/length,500.0
243997,episode/return,879.3381958007812
243997,episode/length,500.0
243998,episode/return,879.0397338867188
243998,episode/length,500.0
243999,episode/return,879.1184692382812
243999,episode/length,500.0
247992,episode/return,877.7999267578125
247992,episode/length,500.0
247993,episode/return,877.486572265625
247993,episode/length,500.0
247994,episode/return,877.7445678710938
247994,episode/length,500.0
247995,episode/return,876.8966674804688
247995,episode/length,500.0
247996,episode/return,877.9492797851562
247996,episode/length,500.0
247997,episode/return,877.820556640625
247997,episode/length,500.0
247998,episode/return,878.0140991210938
247998,episode/length,500.0
247999,episode/return,878.2474365234375
247999,episode/length,500.0
250000,train/consistency_loss_mean,1.4334868805235601e-06
250000,train/consistency_loss_std,1.1713792701219902e-06
250000,train/continue_loss_mean,0.0
250000,train/continue_loss_std,0.0
250000,train/grad_norm_mean,0.022755247325450183
250000,train/grad_norm_std,0.021762172052345014
250000,train/policy_log_std_mean,-1.8488710384368896
250000,train/policy_log_std_std,0.6267279664790036
250000,train/policy_loss_mean,-1.0027597159862518
250000,train/policy_loss_std,0.012976197507168507
250000,train/reward_loss_mean,0.3430063736200333
250000,train/reward_loss_std,0.0067783065105842715
250000,train/total_loss_mean,0.07119363025426864
250000,train/total_loss_std,0.000963168426023925
250000,train/value_loss_mean,0.3686432169675827
250000,train/value_loss_std,0.004949927967014057
250000,train/value_scale_mean,84.69276051635742
250000,train/value_scale_std,0.6112775634313159
250000,timing/collect_chunk_s,56.96261237980798
250000,timing/train_chunk_s,20.502357942052186
250000,dense_rhs/training_bucket_horizon,3.0
250000,system/heartbeat,1.0
250000,timing/checkpoint_blocking_s,0.3877266659401357
250000,eval/return_mean,882.83837890625
250000,eval/return_std,0.33983322978019714
250000,eval/return_max,883.60888671875
250000,eval/return_min,882.1778564453125
250000,timing/eval_s,9.253377092070878
250000,eval/selected_horizon,3.0
250000,eval/training_bucket_horizon,3.0
250000,system/heartbeat,1.0
251992,episode/return,880.179931640625
251992,episode/length,500.0
251993,episode/return,880.3505249023438
251993,episode/length,500.0
251994,episode/return,880.3729858398438
251994,episode/length,500.0
251995,episode/return,880.5326538085938
251995,episode/length,500.0
251996,episode/return,880.0506591796875
251996,episode/length,500.0
251997,episode/return,880.3289794921875
251997,episode/length,500.0
251998,episode/return,879.8430786132812
251998,episode/length,500.0
251999,episode/return,880.3700561523438
251999,episode/length,500.0
255992,episode/return,880.03515625
255992,episode/length,500.0
255993,episode/return,879.4390258789062
255993,episode/length,500.0
255994,episode/return,879.9969482421875
255994,episode/length,500.0
255995,episode/return,879.56787109375
255995,episode/length,500.0
255996,episode/return,879.669921875
255996,episode/length,500.0
255997,episode/return,879.3803100585938
255997,episode/length,500.0
255998,episode/return,879.7442626953125
255998,episode/length,500.0
255999,episode/return,880.2084350585938
255999,episode/length,500.0
259992,episode/return,880.6581420898438
259992,episode/length,500.0
259993,episode/return,879.9526977539062
259993,episode/length,500.0
259994,episode/return,879.7570190429688
259994,episode/length,500.0
259995,episode/return,880.607421875
259995,episode/length,500.0
259996,episode/return,880.2760009765625
259996,episode/length,500.0
259997,episode/return,879.8693237304688
259997,episode/length,500.0
259998,episode/return,880.2281494140625
259998,episode/length,500.0
259999,episode/return,879.7638549804688
259999,episode/length,500.0
260000,train/consistency_loss_mean,1.446125870825199e-06
260000,train/consistency_loss_std,1.0359002232701704e-06
260000,train/continue_loss_mean,0.0
260000,train/continue_loss_std,0.0
260000,train/grad_norm_mean,0.02276233803704381
260000,train/grad_norm_std,0.02079092171090068
260000,train/policy_log_std_mean,-1.8336449828147887
260000,train/policy_log_std_std,0.6317241928952416
260000,train/policy_loss_mean,-1.0167088088035583
260000,train/policy_loss_std,0.013848935508989692
260000,train/reward_loss_mean,0.34418646178245543
260000,train/reward_loss_std,0.0066343138785655035
260000,train/total_loss_mean,0.0714026643037796
260000,train/total_loss_std,0.0009554175545389785
260000,train/value_loss_mean,0.3695509489059448
260000,train/value_loss_std,0.004953824776958366
260000,train/value_scale_mean,83.63746760253906
260000,train/value_scale_std,0.6958449134711195
260000,timing/collect_chunk_s,62.36439518863335
260000,timing/train_chunk_s,20.543949319049716
260000,dense_rhs/training_bucket_horizon,3.0
260000,system/heartbeat,1.0
263992,episode/return,880.8944702148438
263992,episode/length,500.0
263993,episode/return,879.3412475585938
263993,episode/length,500.0
263994,episode/return,880.1111450195312
263994,episode/length,500.0
263995,episode/return,879.6449584960938
263995,episode/length,500.0
263996,episode/return,880.6171264648438
263996,episode/length,500.0
263997,episode/return,880.6004028320312
263997,episode/length,500.0
263998,episode/return,878.9744262695312
263998,episode/length,500.0
263999,episode/return,880.958251953125
263999,episode/length,500.0
267992,episode/return,879.5301513671875
267992,episode/length,500.0
267993,episode/return,879.4893188476562
267993,episode/length,500.0
267994,episode/return,878.6865844726562
267994,episode/length,500.0
267995,episode/return,878.7044067382812
267995,episode/length,500.0
267996,episode/return,878.748779296875
267996,episode/length,500.0
267997,episode/return,879.4110717773438
267997,episode/length,500.0
267998,episode/return,879.1095581054688
267998,episode/length,500.0
267999,episode/return,879.4961547851562
267999,episode/length,500.0
270000,train/consistency_loss_mean,1.2879922754564178e-06
270000,train/consistency_loss_std,8.924461688186537e-07
270000,train/continue_loss_mean,0.0
270000,train/continue_loss_std,0.0
270000,train/grad_norm_mean,0.02096401107907295
270000,train/grad_norm_std,0.018678145195971156
270000,train/policy_log_std_mean,-1.9070659456253052
270000,train/policy_log_std_std,0.6462812155188142
270000,train/policy_loss_mean,-1.0273960412025451
270000,train/policy_loss_std,0.01227832485964787
270000,train/reward_loss_mean,0.34547057092189787
270000,train/reward_loss_std,0.006632964276243509
270000,train/total_loss_mean,0.07159291658997535
270000,train/total_loss_std,0.0009371585996247966
270000,train/value_loss_mean,0.37020097353458403
270000,train/value_loss_std,0.0047783180807743
270000,train/value_scale_mean,82.96494244384766
270000,train/value_scale_std,0.510941127645871
270000,timing/collect_chunk_s,57.91379392100498
270000,timing/train_chunk_s,20.504144676029682
270000,dense_rhs/training_bucket_horizon,3.0
270000,system/heartbeat,1.0
271992,episode/return,880.2236328125
271992,episode/length,500.0
271993,episode/return,880.0386352539062
271993,episode/length,500.0
271994,episode/return,879.5826416015625
271994,episode/length,500.0
271995,episode/return,879.583251953125
271995,episode/length,500.0
271996,episode/return,879.216796875
271996,episode/length,500.0
271997,episode/return,879.7671508789062
271997,episode/length,500.0
271998,episode/return,879.115234375
271998,episode/length,500.0
271999,episode/return,880.3175048828125
271999,episode/length,500.0
275992,episode/return,881.4541625976562
275992,episode/length,500.0
275993,episode/return,880.723876953125
275993,episode/length,500.0
275994,episode/return,881.7093505859375
275994,episode/length,500.0
275995,episode/return,881.5012817382812
275995,episode/length,500.0
275996,episode/return,881.5051879882812
275996,episode/length,500.0
275997,episode/return,880.91357421875
275997,episode/length,500.0
275998,episode/return,881.0549926757812
275998,episode/length,500.0
275999,episode/return,880.77978515625
275999,episode/length,500.0
279992,episode/return,881.5451049804688
279992,episode/length,500.0
279993,episode/return,882.3217163085938
279993,episode/length,500.0
279994,episode/return,881.8956909179688
279994,episode/length,500.0
279995,episode/return,881.83984375
279995,episode/length,500.0
279996,episode/return,881.4319458007812
279996,episode/length,500.0
279997,episode/return,881.2468872070312
279997,episode/length,500.0
279998,episode/return,881.58154296875
279998,episode/length,500.0
279999,episode/return,881.2594604492188
279999,episode/length,500.0
280000,train/consistency_loss_mean,1.2818739953672775e-06
280000,train/consistency_loss_std,9.272014776064455e-07
280000,train/continue_loss_mean,0.0
280000,train/continue_loss_std,0.0
280000,train/grad_norm_mean,0.020113482017070056
280000,train/grad_norm_std,0.01922588337869392
280000,train/policy_log_std_mean,-1.924175302696228
280000,train/policy_log_std_std,0.6589172758693387
280000,train/policy_loss_mean,-1.0365209220886231
280000,train/policy_loss_std,0.012013078786479423
280000,train/reward_loss_mean,0.3465986590623856
280000,train/reward_loss_std,0.006472434537528092
280000,train/total_loss_mean,0.07178904567360878
280000,train/total_loss_std,0.0009178889008534287
280000,train/value_loss_mean,0.37103540725708006
280000,train/value_loss_std,0.0047143674320225
280000,train/value_scale_mean,82.50372666015625
280000,train/value_scale_std,0.47743217643788993
280000,timing/collect_chunk_s,57.15946261677891
280000,timing/train_chunk_s,20.462210142984986
280000,dense_rhs/training_bucket_horizon,3.0
280000,system/heartbeat,1.0
283992,episode/return,880.6136474609375
283992,episode/length,500.0
283993,episode/return,880.349609375
283993,episode/length,500.0
283994,episode/return,880.4676513671875
283994,episode/length,500.0
283995,episode/return,879.6944580078125
283995,episode/length,500.0
283996,episode/return,880.8087158203125
283996,episode/length,500.0
283997,episode/return,880.92724609375
283997,episode/length,500.0
283998,episode/return,879.8687133789062
283998,episode/length,500.0
283999,episode/return,880.881103515625
283999,episode/length,500.0
287992,episode/return,879.4271240234375
287992,episode/length,500.0
287993,episode/return,880.2654418945312
287993,episode/length,500.0
287994,episode/return,879.6911010742188
287994,episode/length,500.0
287995,episode/return,880.2058715820312
287995,episode/length,500.0
287996,episode/return,879.5213623046875
287996,episode/length,500.0
287997,episode/return,879.8880004882812
287997,episode/length,500.0
287998,episode/return,879.5567626953125
287998,episode/length,500.0
287999,episode/return,879.9421997070312
287999,episode/length,500.0
290000,train/consistency_loss_mean,1.3487856253505016e-06
290000,train/consistency_loss_std,1.0581581830075798e-06
290000,train/continue_loss_mean,0.0
290000,train/continue_loss_std,0.0
290000,train/grad_norm_mean,0.020695803251862526
290000,train/grad_norm_std,0.019314424289575013
290000,train/policy_log_std_mean,-1.9450911279678345
290000,train/policy_log_std_std,0.6536388577708638
290000,train/policy_loss_mean,-1.0392707323074342
290000,train/policy_loss_std,0.01382926780648652
290000,train/reward_loss_mean,0.34773287813663484
290000,train/reward_loss_std,0.006436394773536748
290000,train/total_loss_mean,0.07200419220924377
290000,train/total_loss_std,0.0009179881559505801
290000,train/value_loss_mean,0.37203926701545714
290000,train/value_loss_std,0.0047196893731883275
290000,train/value_scale_mean,82.48047066040039
290000,train/value_scale_std,0.7064948899013624
290000,timing/collect_chunk_s,63.10646730614826
290000,timing/train_chunk_s,20.496290780138224
290000,dense_rhs/training_bucket_horizon,3.0
290000,system/heartbeat,1.0
291992,episode/return,878.22998046875
291992,episode/length,500.0
291993,episode/return,878.445068359375
291993,episode/length,500.0
291994,episode/return,878.349365234375
291994,episode/length,500.0
291995,episode/return,878.3572998046875
291995,episode/length,500.0
291996,episode/return,878.0355834960938
291996,episode/length,500.0
291997,episode/return,878.9432983398438
291997,episode/length,500.0
291998,episode/return,878.3853149414062
291998,episode/length,500.0
291999,episode/return,878.2325439453125
291999,episode/length,500.0
295992,episode/return,875.1876831054688
295992,episode/length,500.0
295993,episode/return,873.8992919921875
295993,episode/length,500.0
295994,episode/return,874.71435546875
295994,episode/length,500.0
295995,episode/return,874.719970703125
295995,episode/length,500.0
295996,episode/return,875.3048095703125
295996,episode/length,500.0
295997,episode/return,875.5579833984375
295997,episode/length,500.0
295998,episode/return,874.1370239257812
295998,episode/length,500.0
295999,episode/return,875.3658447265625
295999,episode/length,500.0
299992,episode/return,880.888916015625
299992,episode/length,500.0
299993,episode/return,881.5866088867188
299993,episode/length,500.0
299994,episode/return,881.3934936523438
299994,episode/length,500.0
299995,episode/return,881.306396484375
299995,episode/length,500.0
299996,episode/return,880.7435913085938
299996,episode/length,500.0
299997,episode/return,881.5366821289062
299997,episode/length,500.0
299998,episode/return,880.9223022460938
299998,episode/length,500.0
299999,episode/return,880.9717407226562
299999,episode/length,500.0
300000,train/consistency_loss_mean,1.3009174949957015e-06
300000,train/consistency_loss_std,1.0610943709639642e-06
300000,train/continue_loss_mean,0.0
300000,train/continue_loss_std,0.0
300000,train/grad_norm_mean,0.02006491313800216
300000,train/grad_norm_std,0.020226256946698523
300000,train/policy_log_std_mean,-1.9019073163032532
300000,train/policy_log_std_std,0.6441355615805624
300000,train/policy_loss_mean,-1.0497880945205689
300000,train/policy_loss_std,0.013921946201140845
300000,train/reward_loss_mean,0.34859969458580015
300000,train/reward_loss_std,0.006481081058739982
300000,train/total_loss_mean,0.07213331746459008
300000,train/total_loss_std,0.0009206266525526307
300000,train/value_loss_mean,0.3724732801914215
300000,train/value_loss_std,0.004701122845898986
300000,train/value_scale_mean,81.8194721862793
300000,train/value_scale_std,0.6671057959899377
300000,timing/collect_chunk_s,58.767227275297046
300000,timing/train_chunk_s,20.46944260969758
300000,dense_rhs/training_bucket_horizon,3.0
300000,system/heartbeat,1.0
300000,timing/checkpoint_blocking_s,0.39186889212578535
300000,eval/return_mean,880.1608276367188
300000,eval/return_std,0.36528024077415466
300000,eval/return_max,880.714111328125
300000,eval/return_min,879.3675537109375
300000,timing/eval_s,9.244040787685663
300000,eval/selected_horizon,3.0
300000,eval/training_bucket_horizon,3.0
300000,system/heartbeat,1.0
303992,episode/return,880.7191162109375
303992,episode/length,500.0
303993,episode/return,880.626953125
303993,episode/length,500.0
303994,episode/return,880.3729858398438
303994,episode/length,500.0
303995,episode/return,880.795166015625
303995,episode/length,500.0
303996,episode/return,880.3848876953125
303996,episode/length,500.0
303997,episode/return,880.578369140625
303997,episode/length,500.0
303998,episode/return,879.5576782226562
303998,episode/length,500.0
303999,episode/return,880.4566650390625
303999,episode/length,500.0
307992,episode/return,879.9620361328125
307992,episode/length,500.0
307993,episode/return,879.1939697265625
307993,episode/length,500.0
307994,episode/return,879.9166870117188
307994,episode/length,500.0
307995,episode/return,879.7045288085938
307995,episode/length,500.0
307996,episode/return,878.8809814453125
307996,episode/length,500.0
307997,episode/return,879.3206176757812
307997,episode/length,500.0
307998,episode/return,878.9183959960938
307998,episode/length,500.0
307999,episode/return,879.309326171875
307999,episode/length,500.0
310000,train/consistency_loss_mean,1.2075679383542593e-06
310000,train/consistency_loss_std,9.511389856387078e-07
310000,train/continue_loss_mean,0.0
310000,train/continue_loss_std,0.0
310000,train/grad_norm_mean,0.018665819569677115
310000,train/grad_norm_std,0.01709230449774195
310000,train/policy_log_std_mean,-1.9878552825927733
310000,train/policy_log_std_std,0.6777877169679543
310000,train/policy_loss_mean,-1.0660669114112853
310000,train/policy_loss_std,0.013790584144625457
310000,train/reward_loss_mean,0.3496020372390747
310000,train/reward_loss_std,0.0064559103063467505
310000,train/total_loss_mean,0.0723742050409317
310000,train/total_loss_std,0.0009131029128667081
310000,train/value_loss_mean,0.37389847638607027
310000,train/value_loss_std,0.004526984695356435
310000,train/value_scale_mean,80.81572254638672
310000,train/value_scale_std,0.6517085783274695
310000,timing/collect_chunk_s,58.81798088597134
310000,timing/train_chunk_s,20.511297364719212
310000,dense_rhs/training_bucket_horizon,3.0
310000,system/heartbeat,1.0
311992,episode/return,879.3870239257812
311992,episode/length,500.0
311993,episode/return,879.7413940429688
311993,episode/length,500.0
311994,episode/return,879.4297485351562
311994,episode/length,500.0
311995,episode/return,879.60302734375
311995,episode/length,500.0
311996,episode/return,879.7319946289062
311996,episode/length,500.0
311997,episode/return,879.1064453125
311997,episode/length,500.0
311998,episode/return,879.559326171875
311998,episode/length,500.0
311999,episode/return,879.8319702148438
311999,episode/length,500.0
315992,episode/return,880.0548706054688
315992,episode/length,500.0
315993,episode/return,880.6590576171875
315993,episode/length,500.0
315994,episode/return,880.05126953125
315994,episode/length,500.0
315995,episode/return,880.9889526367188
315995,episode/length,500.0
315996,episode/return,880.0891723632812
315996,episode/length,500.0
315997,episode/return,880.2824096679688
315997,episode/length,500.0
315998,episode/return,880.1249389648438
315998,episode/length,500.0
315999,episode/return,879.854248046875
315999,episode/length,500.0
319992,episode/return,880.9074096679688
319992,episode/length,500.0
319993,episode/return,881.142822265625
319993,episode/length,500.0
319994,episode/return,880.595703125
319994,episode/length,500.0
319995,episode/return,880.8430786132812
319995,episode/length,500.0
319996,episode/return,880.7670288085938
319996,episode/length,500.0
319997,episode/return,881.470458984375
319997,episode/length,500.0
319998,episode/return,880.8063354492188
319998,episode/length,500.0
319999,episode/return,880.4811401367188
319999,episode/length,500.0
320000,train/consistency_loss_mean,1.060663016141916e-06
320000,train/consistency_loss_std,8.599116660541988e-07
320000,train/continue_loss_mean,0.0
320000,train/continue_loss_std,0.0
320000,train/grad_norm_mean,0.017093624169752002
320000,train/grad_norm_std,0.016215554857544397
320000,train/policy_log_std_mean,-1.9729206457138062
320000,train/policy_log_std_std,0.6517968684209686
320000,train/policy_loss_mean,-1.0717170685768127
320000,train/policy_loss_std,0.012027820908662118
320000,train/reward_loss_mean,0.35050219559669493
320000,train/reward_loss_std,0.00635184506810933
320000,train/total_loss_mean,0.07244096973538398
320000,train/total_loss_std,0.0009051662601546303
320000,train/value_loss_mean,0.3736953568220139
320000,train/value_loss_std,0.004563803344872078
320000,train/value_scale_mean,80.47563179321288
320000,train/value_scale_std,0.4477918728031288
320000,timing/collect_chunk_s,64.23808082379401
320000,timing/train_chunk_s,20.496509172953665
320000,dense_rhs/training_bucket_horizon,3.0
320000,system/heartbeat,1.0
323992,episode/return,880.2200927734375
323992,episode/length,500.0
323993,episode/return,880.1769409179688
323993,episode/length,500.0
323994,episode/return,880.0552368164062
323994,episode/length,500.0
323995,episode/return,879.7163696289062
323995,episode/length,500.0
323996,episode/return,879.83056640625
323996,episode/length,500.0
323997,episode/return,880.3673706054688
323997,episode/length,500.0
323998,episode/return,879.9651489257812
323998,episode/length,500.0
323999,episode/return,880.937744140625
323999,episode/length,500.0
327992,episode/return,881.3408813476562
327992,episode/length,500.0
327993,episode/return,881.46044921875
327993,episode/length,500.0
327994,episode/return,881.58837890625
327994,episode/length,500.0
327995,episode/return,881.2931518554688
327995,episode/length,500.0
327996,episode/return,881.571533203125
327996,episode/length,500.0
327997,episode/return,881.6908569335938
327997,episode/length,500.0
327998,episode/return,881.0696411132812
327998,episode/length,500.0
327999,episode/return,881.7330932617188
327999,episode/length,500.0
330000,train/consistency_loss_mean,1.1065724993841286e-06
330000,train/consistency_loss_std,8.526134962778334e-07
330000,train/continue_loss_mean,0.0
330000,train/continue_loss_std,0.0
330000,train/grad_norm_mean,0.01738920332118869
330000,train/grad_norm_std,0.016059828170660543
330000,train/policy_log_std_mean,-1.9680405075073242
330000,train/policy_log_std_std,0.6413210171554963
330000,train/policy_loss_mean,-1.0752062721252442
330000,train/policy_loss_std,0.015384953726785434
330000,train/reward_loss_mean,0.3512660962343216
330000,train/reward_loss_std,0.006338024300043609
330000,train/total_loss_mean,0.0725831889629364
330000,train/total_loss_std,0.0008917423782956822
330000,train/value_loss_mean,0.3743444601535797
330000,train/value_loss_std,0.0044752254199506665
330000,train/value_scale_mean,80.39102944335937
330000,train/value_scale_std,0.8174519038159211
330000,timing/collect_chunk_s,58.631556663662195
330000,timing/train_chunk_s,20.475051664747298
330000,dense_rhs/training_bucket_horizon,3.0
330000,system/heartbeat,1.0
331992,episode/return,880.4734497070312
331992,episode/length,500.0
331993,episode/return,880.08935546875
331993,episode/length,500.0
331994,episode/return,880.2979125976562
331994,episode/length,500.0
331995,episode/return,880.5845947265625
331995,episode/length,500.0
331996,episode/return,880.0421142578125
331996,episode/length,500.0
331997,episode/return,880.1260986328125
331997,episode/length,500.0
331998,episode/return,880.4117431640625
331998,episode/length,500.0
331999,episode/return,880.3179931640625
331999,episode/length,500.0
335992,episode/return,881.2158813476562
335992,episode/length,500.0
335993,episode/return,881.584228515625
335993,episode/length,500.0
335994,episode/return,881.5662841796875
335994,episode/length,500.0
335995,episode/return,881.3533935546875
335995,episode/length,500.0
335996,episode/return,881.103271484375
335996,episode/length,500.0
335997,episode/return,881.5154418945312
335997,episode/length,500.0
335998,episode/return,881.5200805664062
335998,episode/length,500.0
335999,episode/return,881.4476318359375
335999,episode/length,500.0
339992,episode/return,880.6410522460938
339992,episode/length,500.0
339993,episode/return,881.193603515625
339993,episode/length,500.0
339994,episode/return,881.3683471679688
339994,episode/length,500.0
339995,episode/return,881.3912963867188
339995,episode/length,500.0
339996,episode/return,881.3090209960938
339996,episode/length,500.0
339997,episode/return,880.7507934570312
339997,episode/length,500.0
339998,episode/return,881.8295288085938
339998,episode/length,500.0
339999,episode/return,880.773193359375
339999,episode/length,500.0
340000,train/consistency_loss_mean,1.0844759754036205e-06
340000,train/consistency_loss_std,9.23777999245365e-07
340000,train/continue_loss_mean,0.0
340000,train/continue_loss_std,0.0
340000,train/grad_norm_mean,0.016917957577481865
340000,train/grad_norm_std,0.01647580340464271
340000,train/policy_log_std_mean,-1.9991499917030335
340000,train/policy_log_std_std,0.6467276260559851
340000,train/policy_loss_mean,-1.0783199634552
340000,train/policy_loss_std,0.013161929912529402
340000,train/reward_loss_mean,0.35206497192382813
340000,train/reward_loss_std,0.006380124302191669
340000,train/total_loss_mean,0.07267544733285904
340000,train/total_loss_std,0.0009095180108260412
340000,train/value_loss_mean,0.37447259604930877
340000,train/value_loss_std,0.004566348939148756
340000,train/value_scale_mean,80.22684170532227
340000,train/value_scale_std,0.5512266761849222
340000,timing/collect_chunk_s,58.51301926467568
340000,timing/train_chunk_s,20.481133277062327
340000,dense_rhs/training_bucket_horizon,3.0
340000,system/heartbeat,1.0
343992,episode/return,881.0134887695312
343992,episode/length,500.0
343993,episode/return,880.732177734375
343993,episode/length,500.0
343994,episode/return,881.18310546875
343994,episode/length,500.0
343995,episode/return,881.1650390625
343995,episode/length,500.0
343996,episode/return,880.5881958007812
343996,episode/length,500.0
343997,episode/return,880.8280029296875
343997,episode/length,500.0
343998,episode/return,881.6083374023438
343998,episode/length,500.0
343999,episode/return,880.9815673828125
343999,episode/length,500.0
347992,episode/return,880.9872436523438
347992,episode/length,500.0
347993,episode/return,880.1094970703125
347993,episode/length,500.0
347994,episode/return,881.1177978515625
347994,episode/length,500.0
347995,episode/return,880.3605346679688
347995,episode/length,500.0
347996,episode/return,880.8862915039062
347996,episode/length,500.0
347997,episode/return,881.0460205078125
347997,episode/length,500.0
347998,episode/return,880.8649291992188
347998,episode/length,500.0
347999,episode/return,880.556396484375
347999,episode/length,500.0
350000,train/consistency_loss_mean,1.0253142981810016e-06
350000,train/consistency_loss_std,8.472067210692073e-07
350000,train/continue_loss_mean,0.0
350000,train/continue_loss_std,0.0
350000,train/grad_norm_mean,0.016306594029814006
350000,train/grad_norm_std,0.017552391562949975
350000,train/policy_log_std_mean,-1.9985006446838378
350000,train/policy_log_std_std,0.639385877001443
350000,train/policy_loss_mean,-1.0800144363403321
350000,train/policy_loss_std,0.012882531249162861
350000,train/reward_loss_mean,0.35279089114665985
350000,train/reward_loss_std,0.006317593857459653
350000,train/total_loss_mean,0.07280046880245208
350000,train/total_loss_std,0.0008986817816569798
350000,train/value_loss_mean,0.3750087136745453
350000,train/value_loss_std,0.004484371691298193
350000,train/value_scale_mean,80.32790853881836
350000,train/value_scale_std,0.5645573607765965
350000,timing/collect_chunk_s,64.12227115826681
350000,timing/train_chunk_s,20.52135709580034
350000,dense_rhs/training_bucket_horizon,3.0
350000,system/heartbeat,1.0
350000,timing/checkpoint_blocking_s,0.38262043381109834
350000,eval/return_mean,882.087890625
350000,eval/return_std,0.2898904085159302
350000,eval/return_max,882.7508544921875
350000,eval/return_min,881.4647216796875
350000,timing/eval_s,9.286612370982766
350000,eval/selected_horizon,3.0
350000,eval/training_bucket_horizon,3.0
350000,system/heartbeat,1.0
351992,episode/return,880.439208984375
351992,episode/length,500.0
351993,episode/return,880.80078125
351993,episode/length,500.0
351994,episode/return,879.9522705078125
351994,episode/length,500.0
351995,episode/return,880.3823852539062
351995,episode/length,500.0
351996,episode/return,880.9814453125
351996,episode/length,500.0
351997,episode/return,880.461669921875
351997,episode/length,500.0
351998,episode/return,879.8366088867188
351998,episode/length,500.0
351999,episode/return,880.896728515625
351999,episode/length,500.0
355992,episode/return,879.9151000976562
355992,episode/length,500.0
355993,episode/return,879.7731323242188
355993,episode/length,500.0
355994,episode/return,879.9432373046875
355994,episode/length,500.0
355995,episode/return,879.9357299804688
355995,episode/length,500.0
355996,episode/return,879.7386474609375
355996,episode/length,500.0
355997,episode/return,879.5770874023438
355997,episode/length,500.0
355998,episode/return,879.8525390625
355998,episode/length,500.0
355999,episode/return,878.9525756835938
355999,episode/length,500.0
359992,episode/return,878.6177978515625
359992,episode/length,500.0
359993,episode/return,878.5960693359375
359993,episode/length,500.0
359994,episode/return,879.3179321289062
359994,episode/length,500.0
359995,episode/return,878.4297485351562
359995,episode/length,500.0
359996,episode/return,878.205810546875
359996,episode/length,500.0
359997,episode/return,879.4448852539062
359997,episode/length,500.0
359998,episode/return,878.6082153320312
359998,episode/length,500.0
359999,episode/return,878.0697021484375
359999,episode/length,500.0
360000,train/consistency_loss_mean,1.0949132246423688e-06
360000,train/consistency_loss_std,1.0767328883285402e-06
360000,train/continue_loss_mean,0.0
360000,train/continue_loss_std,0.0
360000,train/grad_norm_mean,0.01663925429880619
360000,train/grad_norm_std,0.015554870839876911
360000,train/policy_log_std_mean,-1.9290570517539978
360000,train/policy_log_std_std,0.6091834974995475
360000,train/policy_loss_mean,-1.0871318643569947
360000,train/policy_loss_std,0.012448263981109816
360000,train/reward_loss_mean,0.3534848601341248
360000,train/reward_loss_std,0.006213661661670521
360000,train/total_loss_mean,0.07291011993288994
360000,train/total_loss_std,0.0008982616184160834
360000,train/value_loss_mean,0.3753973387002945
360000,train/value_loss_std,0.004609298356111642
360000,train/value_scale_mean,79.81634027709961
360000,train/value_scale_std,0.4808010941341566
360000,timing/collect_chunk_s,58.28404370788485
360000,timing/train_chunk_s,20.530632046051323
360000,dense_rhs/training_bucket_horizon,3.0
360000,system/heartbeat,1.0
363992,episode/return,879.8009643554688
363992,episode/length,500.0
363993,episode/return,880.0401611328125
363993,episode/length,500.0
363994,episode/return,879.4940795898438
363994,episode/length,500.0
363995,episode/return,879.399658203125
363995,episode/length,500.0
363996,episode/return,879.3324584960938
363996,episode/length,500.0
363997,episode/return,879.7181396484375
363997,episode/length,500.0
363998,episode/return,879.50048828125
363998,episode/length,500.0
363999,episode/return,879.9967041015625
363999,episode/length,500.0
367992,episode/return,879.2484741210938
367992,episode/length,500.0
367993,episode/return,880.1181640625
367993,episode/length,500.0
367994,episode/return,879.9835815429688
367994,episode/length,500.0
367995,episode/return,879.7357788085938
367995,episode/length,500.0
367996,episode/return,878.8797607421875
367996,episode/length,500.0
367997,episode/return,879.74951171875
367997,episode/length,500.0
367998,episode/return,879.6873779296875
367998,episode/length,500.0
367999,episode/return,879.2057495117188
367999,episode/length,500.0
370000,train/consistency_loss_mean,1.0824241431691917e-06
370000,train/consistency_loss_std,8.395689164663485e-07
370000,train/continue_loss_mean,0.0
370000,train/continue_loss_std,0.0
370000,train/grad_norm_mean,0.017416780713945628
370000,train/grad_norm_std,0.018211695333935123
370000,train/policy_log_std_mean,-2.0359170968055724
370000,train/policy_log_std_std,0.6326954877099518
370000,train/policy_loss_mean,-1.0999490581512452
370000,train/policy_loss_std,0.013212015763112789
370000,train/reward_loss_mean,0.3541044239521027
370000,train/reward_loss_std,0.006225400740041445
370000,train/total_loss_mean,0.07307738494873046
370000,train/total_loss_std,0.0008830585410837233
370000,train/value_loss_mean,0.3764529246091843
370000,train/value_loss_std,0.00441827196005824
370000,train/value_scale_mean,79.0020749633789
370000,train/value_scale_std,0.5754583059706189
370000,timing/collect_chunk_s,58.85009200684726
370000,timing/train_chunk_s,20.491643426474184
370000,dense_rhs/training_bucket_horizon,3.0
370000,system/heartbeat,1.0
371992,episode/return,871.532470703125
371992,episode/length,500.0
371993,episode/return,872.0722045898438
371993,episode/length,500.0
371994,episode/return,871.1952514648438
371994,episode/length,500.0
371995,episode/return,871.6041259765625
371995,episode/length,500.0
371996,episode/return,871.83935546875
371996,episode/length,500.0
371997,episode/return,871.123046875
371997,episode/length,500.0
371998,episode/return,872.2860717773438
371998,episode/length,500.0
371999,episode/return,871.4342041015625
371999,episode/length,500.0
375992,episode/return,881.2026977539062
375992,episode/length,500.0
375993,episode/return,880.8799438476562
375993,episode/length,500.0
375994,episode/return,881.2096557617188
375994,episode/length,500.0
375995,episode/return,880.8697509765625
375995,episode/length,500.0
375996,episode/return,880.9873657226562
375996,episode/length,500.0
375997,episode/return,881.4796142578125
375997,episode/length,500.0
375998,episode/return,880.1901245117188
375998,episode/length,500.0
375999,episode/return,880.733642578125
375999,episode/length,500.0
379992,episode/return,871.3872680664062
379992,episode/length,500.0
379993,episode/return,871.8856811523438
379993,episode/length,500.0
379994,episode/return,871.1904296875
379994,episode/length,500.0
379995,episode/return,872.0482177734375
379995,episode/length,500.0
379996,episode/return,871.2555541992188
379996,episode/length,500.0
379997,episode/return,872.5748901367188
379997,episode/length,500.0
379998,episode/return,870.2788696289062
379998,episode/length,500.0
379999,episode/return,870.8441162109375
379999,episode/length,500.0
380000,train/consistency_loss_mean,9.469840084875614e-07
380000,train/consistency_loss_std,8.162881335522996e-07
380000,train/continue_loss_mean,0.0
380000,train/continue_loss_std,0.0
380000,train/grad_norm_mean,0.014833715750649571
380000,train/grad_norm_std,0.013752567506572439
380000,train/policy_log_std_mean,-1.915940337753296
380000,train/policy_log_std_std,0.5961732077295057
380000,train/policy_loss_mean,-1.1005595967292785
380000,train/policy_loss_std,0.013227350706044918
380000,train/reward_loss_mean,0.3547881803512573
380000,train/reward_loss_std,0.006168557191259973
380000,train/total_loss_mean,0.07303936684131622
380000,train/total_loss_std,0.0008856800411604373
380000,train/value_loss_mean,0.37541607336997984
380000,train/value_loss_std,0.0044552699352384505
380000,train/value_scale_mean,78.85899270019532
380000,train/value_scale_std,0.5991475047238876
380000,timing/collect_chunk_s,58.27547782706097
380000,timing/train_chunk_s,20.519879636820406
380000,dense_rhs/training_bucket_horizon,3.0
380000,system/heartbeat,1.0
383992,episode/return,881.5009155273438
383992,episode/length,500.0
383993,episode/return,880.2845458984375
383993,episode/length,500.0
383994,episode/return,880.7467651367188
383994,episode/length,500.0
383995,episode/return,880.9235229492188
383995,episode/length,500.0
383996,episode/return,880.6617431640625
383996,episode/length,500.0
383997,episode/return,880.8919677734375
383997,episode/length,500.0
383998,episode/return,880.5596313476562
383998,episode/length,500.0
383999,episode/return,880.7001953125
383999,episode/length,500.0
387992,episode/return,881.3363647460938
387992,episode/length,500.0
387993,episode/return,880.9716796875
387993,episode/length,500.0
387994,episode/return,881.1541137695312
387994,episode/length,500.0
387995,episode/return,881.5037841796875
387995,episode/length,500.0
387996,episode/return,881.0014038085938
387996,episode/length,500.0
387997,episode/return,881.9304809570312
387997,episode/length,500.0
387998,episode/return,880.9462280273438
387998,episode/length,500.0
387999,episode/return,881.412841796875
387999,episode/length,500.0
390000,train/consistency_loss_mean,9.355364019938861e-07
390000,train/consistency_loss_std,9.339103005031987e-07
390000,train/continue_loss_mean,0.0
390000,train/continue_loss_std,0.0
390000,train/grad_norm_mean,0.013947613001614808
390000,train/grad_norm_std,0.014071609764550552
390000,train/policy_log_std_mean,-1.9594435010910034
390000,train/policy_log_std_std,0.6131196119232418
390000,train/policy_loss_mean,-1.1052804543495178
390000,train/policy_loss_std,0.014093407726320449
390000,train/reward_loss_mean,0.3552081258535385
390000,train/reward_loss_std,0.0062391375938113626
390000,train/total_loss_mean,0.07311834335923195
390000,train/total_loss_std,0.000899703484341149
390000,train/value_loss_mean,0.37578817684650423
390000,train/value_loss_std,0.004527024975459171
390000,train/value_scale_mean,78.71711298217774
390000,train/value_scale_std,0.6008876255714826
390000,timing/collect_chunk_s,66.62162517290562
390000,timing/train_chunk_s,20.54470748687163
390000,dense_rhs/training_bucket_horizon,3.0
390000,system/heartbeat,1.0
391992,episode/return,881.3728637695312
391992,episode/length,500.0
391993,episode/return,880.0856323242188
391993,episode/length,500.0
391994,episode/return,881.2760009765625
391994,episode/length,500.0
391995,episode/return,880.3453369140625
391995,episode/length,500.0
391996,episode/return,880.9192504882812
391996,episode/length,500.0
391997,episode/return,881.02392578125
391997,episode/length,500.0
391998,episode/return,881.3563232421875
391998,episode/length,500.0
391999,episode/return,881.3618774414062
391999,episode/length,500.0
395992,episode/return,881.3242797851562
395992,episode/length,500.0
395993,episode/return,881.9690551757812
395993,episode/length,500.0
395994,episode/return,881.6857299804688
395994,episode/length,500.0
395995,episode/return,881.2288208007812
395995,episode/length,500.0
395996,episode/return,881.6858520507812
395996,episode/length,500.0
395997,episode/return,881.861572265625
395997,episode/length,500.0
395998,episode/return,881.234619140625
395998,episode/length,500.0
395999,episode/return,880.92919921875
395999,episode/length,500.0
399992,episode/return,879.584716796875
399992,episode/length,500.0
399993,episode/return,879.936767578125
399993,episode/length,500.0
399994,episode/return,879.4383544921875
399994,episode/length,500.0
399995,episode/return,879.5057373046875
399995,episode/length,500.0
399996,episode/return,879.4029541015625
399996,episode/length,500.0
399997,episode/return,879.89501953125
399997,episode/length,500.0
399998,episode/return,878.84521484375
399998,episode/length,500.0
399999,episode/return,879.7984008789062
399999,episode/length,500.0
400000,train/consistency_loss_mean,9.061989495421585e-07
400000,train/consistency_loss_std,7.506816631456558e-07
400000,train/continue_loss_mean,0.0
400000,train/continue_loss_std,0.0
400000,train/grad_norm_mean,0.014276884005218744
400000,train/grad_norm_std,0.0149293689477051
400000,train/policy_log_std_mean,-1.998919672012329
400000,train/policy_log_std_std,0.622675578927431
400000,train/policy_loss_mean,-1.111032372379303
400000,train/policy_loss_std,0.014271291965454902
400000,train/reward_loss_mean,0.35580725424289705
400000,train/reward_loss_std,0.006102988362355932
400000,train/total_loss_mean,0.07319657598733902
400000,train/total_loss_std,0.0008752569102863114
400000,train/value_loss_mean,0.37597725071907045
400000,train/value_loss_std,0.0044713783303620665
400000,train/value_scale_mean,78.40637290649414
400000,train/value_scale_std,0.6692586787117988
400000,timing/collect_chunk_s,58.25244930759072
400000,timing/train_chunk_s,20.474893203470856
400000,dense_rhs/training_bucket_horizon,3.0
400000,system/heartbeat,1.0
400000,timing/checkpoint_blocking_s,0.40737853618338704
400000,eval/return_mean,881.9249267578125
400000,eval/return_std,0.35764506459236145
400000,eval/return_max,882.7208251953125
400000,eval/return_min,881.3025512695312
400000,timing/eval_s,9.25412486307323
400000,eval/selected_horizon,3.0
400000,eval/training_bucket_horizon,3.0
400000,system/heartbeat,1.0
403992,episode/return,880.0787963867188
403992,episode/length,500.0
403993,episode/return,880.6257934570312
403993,episode/length,500.0
403994,episode/return,880.302978515625
403994,episode/length,500.0
403995,episode/return,880.5394897460938
403995,episode/length,500.0
403996,episode/return,880.3330688476562
403996,episode/length,500.0
403997,episode/return,880.4458618164062
403997,episode/length,500.0
403998,episode/return,880.70654296875
403998,episode/length,500.0
403999,episode/return,880.6637573242188
403999,episode/length,500.0
407992,episode/return,879.2615966796875
407992,episode/length,500.0
407993,episode/return,879.3208618164062
407993,episode/length,500.0
407994,episode/return,879.92236328125
407994,episode/length,500.0
407995,episode/return,879.3480834960938
407995,episode/length,500.0
407996,episode/return,879.5869750976562
407996,episode/length,500.0
407997,episode/return,878.7605590820312
407997,episode/length,500.0
407998,episode/return,880.2988891601562
407998,episode/length,500.0
407999,episode/return,879.7131958007812
407999,episode/length,500.0
410000,train/consistency_loss_mean,8.978766374184489e-07
410000,train/consistency_loss_std,7.360672422294428e-07
410000,train/continue_loss_mean,0.0
410000,train/continue_loss_std,0.0
410000,train/grad_norm_mean,0.01392400151565671
410000,train/grad_norm_std,0.013299487239157345
410000,train/policy_log_std_mean,-1.9552323517799377
410000,train/policy_log_std_std,0.5934542492818771
410000,train/policy_loss_mean,-1.1248208193778992
410000,train/policy_loss_std,0.012498228319048907
410000,train/reward_loss_mean,0.3563609472990036
410000,train/reward_loss_std,0.00609553819077047
410000,train/total_loss_mean,0.07328603724241256
410000,train/total_loss_std,0.0008763885912858824
410000,train/value_loss_mean,0.37631983008384706
410000,train/value_loss_std,0.004383648799440062
410000,train/value_scale_mean,77.51147113037109
410000,train/value_scale_std,0.46576784992476344
410000,timing/collect_chunk_s,58.47803896153346
410000,timing/train_chunk_s,20.498646347783506
410000,dense_rhs/training_bucket_horizon,3.0
410000,system/heartbeat,1.0
411992,episode/return,881.0076904296875
411992,episode/length,500.0
411993,episode/return,880.2289428710938
411993,episode/length,500.0
411994,episode/return,880.7257690429688
411994,episode/length,500.0
411995,episode/return,880.914794921875
411995,episode/length,500.0
411996,episode/return,880.3519897460938
411996,episode/length,500.0
411997,episode/return,880.63330078125
411997,episode/length,500.0
411998,episode/return,880.73974609375
411998,episode/length,500.0
411999,episode/return,880.9854736328125
411999,episode/length,500.0
415992,episode/return,879.606689453125
415992,episode/length,500.0
415993,episode/return,880.493408203125
415993,episode/length,500.0
415994,episode/return,880.22412109375
415994,episode/length,500.0
415995,episode/return,880.2939453125
415995,episode/length,500.0
415996,episode/return,879.7135620117188
415996,episode/length,500.0
415997,episode/return,879.8131713867188
415997,episode/length,500.0
415998,episode/return,879.7945556640625
415998,episode/length,500.0
415999,episode/return,880.2941284179688
415999,episode/length,500.0
419992,episode/return,881.5809326171875
419992,episode/length,500.0
419993,episode/return,882.3937377929688
419993,episode/length,500.0
419994,episode/return,882.0944213867188
419994,episode/length,500.0
419995,episode/return,881.7159423828125
419995,episode/length,500.0
419996,episode/return,881.82080078125
419996,episode/length,500.0
419997,episode/return,881.8323974609375
419997,episode/length,500.0
419998,episode/return,881.6519165039062
419998,episode/length,500.0
419999,episode/return,880.9495849609375
419999,episode/length,500.0
420000,train/consistency_loss_mean,8.799217981731999e-07
420000,train/consistency_loss_std,8.155074911987387e-07
420000,train/continue_loss_mean,0.0
420000,train/continue_loss_std,0.0
420000,train/grad_norm_mean,0.014115168589353562
420000,train/grad_norm_std,0.015399288127408541
420000,train/policy_log_std_mean,-1.9762184184074403
420000,train/policy_log_std_std,0.5973654319812746
420000,train/policy_loss_mean,-1.1322327205657958
420000,train/policy_loss_std,0.014016234981650954
420000,train/reward_loss_mean,0.3569395437955856
420000,train/reward_loss_std,0.006036806695779817
420000,train/total_loss_mean,0.07342866917848587
420000,train/total_loss_std,0.0008632925569826401
420000,train/value_loss_mean,0.377171148443222
420000,train/value_loss_std,0.004318955466787122
420000,train/value_scale_mean,77.2109192565918
420000,train/value_scale_std,0.59454806013678
420000,timing/collect_chunk_s,58.13339484343305
420000,timing/train_chunk_s,20.51150863431394
420000,dense_rhs/training_bucket_horizon,3.0
420000,system/heartbeat,1.0
423992,episode/return,880.2462158203125
423992,episode/length,500.0
423993,episode/return,879.813232421875
423993,episode/length,500.0
423994,episode/return,880.7362060546875
423994,episode/length,500.0
423995,episode/return,880.436279296875
423995,episode/length,500.0
423996,episode/return,880.9306030273438
423996,episode/length,500.0
423997,episode/return,881.1478881835938
423997,episode/length,500.0
423998,episode/return,880.8768310546875
423998,episode/length,500.0
423999,episode/return,880.5584716796875
423999,episode/length,500.0
427992,episode/return,880.9605102539062
427992,episode/length,500.0
427993,episode/return,880.6370239257812
427993,episode/length,500.0
427994,episode/return,880.896484375
427994,episode/length,500.0
427995,episode/return,881.0181274414062
427995,episode/length,500.0
427996,episode/return,881.2919921875
427996,episode/length,500.0
427997,episode/return,880.503662109375
427997,episode/length,500.0
427998,episode/return,880.4635009765625
427998,episode/length,500.0
427999,episode/return,881.4224243164062
427999,episode/length,500.0
430000,train/consistency_loss_mean,8.199668669476523e-07
430000,train/consistency_loss_std,7.473465183854638e-07
430000,train/continue_loss_mean,0.0
430000,train/continue_loss_std,0.0
430000,train/grad_norm_mean,0.013413935731723904
430000,train/grad_norm_std,0.015050455769092507
430000,train/policy_log_std_mean,-1.9884848949432372
430000,train/policy_log_std_std,0.6002372594403188
430000,train/policy_loss_mean,-1.1355348916053771
430000,train/policy_loss_std,0.012385302866661648
430000,train/reward_loss_mean,0.35733535742759703
430000,train/reward_loss_std,0.006026789112705428
430000,train/total_loss_mean,0.07345827347636223
430000,train/total_loss_std,0.0008713432328576147
430000,train/value_loss_mean,0.3770833707094193
430000,train/value_loss_std,0.004385425607476897
430000,train/value_scale_mean,77.06240697631836
430000,train/value_scale_std,0.44512524645302165
430000,timing/collect_chunk_s,73.36236469633877
430000,timing/train_chunk_s,20.516481657978147
430000,dense_rhs/training_bucket_horizon,3.0
430000,system/heartbeat,1.0
431992,episode/return,879.126708984375
431992,episode/length,500.0
431993,episode/return,879.0506591796875
431993,episode/length,500.0
431994,episode/return,879.2355346679688
431994,episode/length,500.0
431995,episode/return,880.035400390625
431995,episode/length,500.0
431996,episode/return,879.2564086914062
431996,episode/length,500.0
431997,episode/return,878.9129028320312
431997,episode/length,500.0
431998,episode/return,879.0324096679688
431998,episode/length,500.0
431999,episode/return,879.1063842773438
431999,episode/length,500.0
435992,episode/return,881.3626098632812
435992,episode/length,500.0
435993,episode/return,881.0366821289062
435993,episode/length,500.0
435994,episode/return,881.1764526367188
435994,episode/length,500.0
435995,episode/return,881.11962890625
435995,episode/length,500.0
435996,episode/return,881.2271728515625
435996,episode/length,500.0
435997,episode/return,881.2276000976562
435997,episode/length,500.0
435998,episode/return,880.8460083007812
435998,episode/length,500.0
435999,episode/return,881.2094116210938
435999,episode/length,500.0
439992,episode/return,880.8399658203125
439992,episode/length,500.0
439993,episode/return,880.22607421875
439993,episode/length,500.0
439994,episode/return,880.8910522460938
439994,episode/length,500.0
439995,episode/return,880.470458984375
439995,episode/length,500.0
439996,episode/return,880.9213256835938
439996,episode/length,500.0
439997,episode/return,880.5714111328125
439997,episode/length,500.0
439998,episode/return,880.7708740234375
439998,episode/length,500.0
439999,episode/return,881.0576171875
439999,episode/length,500.0
440000,train/consistency_loss_mean,8.076320134705383e-07
440000,train/consistency_loss_std,7.577105591973014e-07
440000,train/continue_loss_mean,0.0
440000,train/continue_loss_std,0.0
440000,train/grad_norm_mean,0.012381811856478452
440000,train/grad_norm_std,0.012737653832765242
440000,train/policy_log_std_mean,-2.04463944272995
440000,train/policy_log_std_std,0.6151375324764822
440000,train/policy_loss_mean,-1.137076589012146
440000,train/policy_loss_std,0.014428179009554301
440000,train/reward_loss_mean,0.35788139309883116
440000,train/reward_loss_std,0.006067704407514007
440000,train/total_loss_mean,0.07343458890914917
440000,train/total_loss_std,0.0008828889365509977
440000,train/value_loss_mean,0.37630295100212097
440000,train/value_loss_std,0.00448017959458172
440000,train/value_scale_mean,76.86786564331055
440000,train/value_scale_std,0.635147464241602
440000,timing/collect_chunk_s,59.86254559829831
440000,timing/train_chunk_s,20.55122738983482
440000,dense_rhs/training_bucket_horizon,3.0
440000,system/heartbeat,1.0
443992,episode/return,874.77783203125
443992,episode/length,500.0
443993,episode/return,877.0059814453125
443993,episode/length,500.0
443994,episode/return,875.4197998046875
443994,episode/length,500.0
443995,episode/return,876.0957641601562
443995,episode/length,500.0
443996,episode/return,876.4275512695312
443996,episode/length,500.0
443997,episode/return,875.62890625
443997,episode/length,500.0
443998,episode/return,876.3113403320312
443998,episode/length,500.0
443999,episode/return,876.7015991210938
443999,episode/length,500.0
447992,episode/return,881.278564453125
447992,episode/length,500.0
447993,episode/return,881.4249267578125
447993,episode/length,500.0
447994,episode/return,881.4656372070312
447994,episode/length,500.0
447995,episode/return,881.799072265625
447995,episode/length,500.0
447996,episode/return,881.5432739257812
447996,episode/length,500.0
447997,episode/return,881.6853637695312
447997,episode/length,500.0
447998,episode/return,881.064208984375
447998,episode/length,500.0
447999,episode/return,881.7395629882812
447999,episode/length,500.0
450000,train/consistency_loss_mean,8.102507433704887e-07
450000,train/consistency_loss_std,7.832429390466327e-07
450000,train/continue_loss_mean,0.0
450000,train/continue_loss_std,0.0
450000,train/grad_norm_mean,0.01247776515185833
450000,train/grad_norm_std,0.01231820065597719
450000,train/policy_log_std_mean,-1.9794747144699096
450000,train/policy_log_std_std,0.5839792883608238
450000,train/policy_loss_mean,-1.1469926723480224
450000,train/policy_loss_std,0.012422049202227088
450000,train/reward_loss_mean,0.35805788419246676
450000,train/reward_loss_std,0.006037407972884438
450000,train/total_loss_mean,0.07361176194548606
450000,train/total_loss_std,0.0008652248574439139
450000,train/value_loss_mean,0.3778976589202881
450000,train/value_loss_std,0.004304859905145628
450000,train/value_scale_mean,76.25604307250977
450000,train/value_scale_std,0.4239039194318767
450000,timing/collect_chunk_s,58.98762693302706
450000,timing/train_chunk_s,20.56255615595728
450000,dense_rhs/training_bucket_horizon,3.0
450000,system/heartbeat,1.0
450000,timing/checkpoint_blocking_s,0.4107623603194952
450000,eval/return_mean,881.9308471679688
450000,eval/return_std,0.34737658500671387
450000,eval/return_max,882.53125
450000,eval/return_min,881.323486328125
450000,timing/eval_s,9.292192572262138
450000,eval/selected_horizon,3.0
450000,eval/training_bucket_horizon,3.0
450000,system/heartbeat,1.0
451992,episode/return,880.5221557617188
451992,episode/length,500.0
451993,episode/return,880.8726806640625
451993,episode/length,500.0
451994,episode/return,881.3106079101562
451994,episode/length,500.0
451995,episode/return,880.877685546875
451995,episode/length,500.0
451996,episode/return,880.744873046875
451996,episode/length,500.0
451997,episode/return,881.3648681640625
451997,episode/length,500.0
451998,episode/return,880.9132080078125
451998,episode/length,500.0
451999,episode/return,880.8468017578125
451999,episode/length,500.0
455992,episode/return,879.4487915039062
455992,episode/length,500.0
455993,episode/return,879.6863403320312
455993,episode/length,500.0
455994,episode/return,879.3019409179688
455994,episode/length,500.0
455995,episode/return,879.4615478515625
455995,episode/length,500.0
455996,episode/return,878.9066772460938
455996,episode/length,500.0
455997,episode/return,879.0023193359375
455997,episode/length,500.0
455998,episode/return,879.4017333984375
455998,episode/length,500.0
455999,episode/return,879.1666259765625
455999,episode/length,500.0
459992,episode/return,878.3896484375
459992,episode/length,500.0
459993,episode/return,878.1535034179688
459993,episode/length,500.0
459994,episode/return,878.1864624023438
459994,episode/length,500.0
459995,episode/return,878.1635131835938
459995,episode/length,500.0
459996,episode/return,877.680908203125
459996,episode/length,500.0
459997,episode/return,877.7630004882812
459997,episode/length,500.0
459998,episode/return,877.8285522460938
459998,episode/length,500.0
459999,episode/return,878.165771484375
459999,episode/length,500.0
460000,train/consistency_loss_mean,8.062075510451905e-07
460000,train/consistency_loss_std,6.711683265246441e-07
460000,train/continue_loss_mean,0.0
460000,train/continue_loss_std,0.0
460000,train/grad_norm_mean,0.012861603631824255
460000,train/grad_norm_std,0.012739543881449919
460000,train/policy_log_std_mean,-1.958665079021454
460000,train/policy_log_std_std,0.5889169056596072
460000,train/policy_loss_mean,-1.153305544757843
460000,train/policy_loss_std,0.01286564415045453
460000,train/reward_loss_mean,0.3586073889493942
460000,train/reward_loss_std,0.006017453069290381
460000,train/total_loss_mean,0.07369070215821266
460000,train/total_loss_std,0.0008617744546073641
460000,train/value_loss_mean,0.37813836889266966
460000,train/value_loss_std,0.004260570587919419
460000,train/value_scale_mean,75.87798239746094
460000,train/value_scale_std,0.5028770600090532
460000,timing/collect_chunk_s,59.82941093342379
460000,timing/train_chunk_s,20.54403388639912
460000,dense_rhs/training_bucket_horizon,3.0
460000,system/heartbeat,1.0
463992,episode/return,877.599609375
463992,episode/length,500.0
463993,episode/return,877.2647094726562
463993,episode/length,500.0
463994,episode/return,877.6406860351562
463994,episode/length,500.0
463995,episode/return,878.07763671875
463995,episode/length,500.0
463996,episode/return,877.5091552734375
463996,episode/length,500.0
463997,episode/return,877.5865478515625
463997,episode/length,500.0
463998,episode/return,877.6582641601562
463998,episode/length,500.0
463999,episode/return,876.9657592773438
463999,episode/length,500.0
467992,episode/return,880.9658203125
467992,episode/length,500.0
467993,episode/return,880.8435668945312
467993,episode/length,500.0
467994,episode/return,881.1196899414062
467994,episode/length,500.0
467995,episode/return,881.1854858398438
467995,episode/length,500.0
467996,episode/return,881.3106689453125
467996,episode/length,500.0
467997,episode/return,880.8671875
467997,episode/length,500.0
467998,episode/return,881.5027465820312
467998,episode/length,500.0
467999,episode/return,880.798828125
467999,episode/length,500.0
470000,train/consistency_loss_mean,8.046972700185506e-07
470000,train/consistency_loss_std,7.250839155898033e-07
470000,train/continue_loss_mean,0.0
470000,train/continue_loss_std,0.0
470000,train/grad_norm_mean,0.012757847885787488
470000,train/grad_norm_std,0.01386180194957686
470000,train/policy_log_std_mean,-2.0555316959381105
470000,train/policy_log_std_std,0.6145994547255328
470000,train/policy_loss_mean,-1.1655349231719971
470000,train/policy_loss_std,0.015031798339710186
470000,train/reward_loss_mean,0.3588982774734497
470000,train/reward_loss_std,0.00596572110391903
470000,train/total_loss_mean,0.07371347126364708
470000,train/total_loss_std,0.0008640644558287578
470000,train/value_loss_mean,0.37807547171115874
470000,train/value_loss_std,0.004326735084862385
470000,train/value_scale_mean,75.15829778442382
470000,train/value_scale_std,0.6533453033220157
470000,timing/collect_chunk_s,67.8707313160412
470000,timing/train_chunk_s,20.544730863068253
470000,dense_rhs/training_bucket_horizon,3.0
470000,system/heartbeat,1.0
471992,episode/return,878.26220703125
471992,episode/length,500.0
471993,episode/return,876.2837524414062
471993,episode/length,500.0
471994,episode/return,876.9322509765625
471994,episode/length,500.0
471995,episode/return,876.8771362304688
471995,episode/length,500.0
471996,episode/return,875.97607421875
471996,episode/length,500.0
471997,episode/return,876.3534545898438
471997,episode/length,500.0
471998,episode/return,877.4069213867188
471998,episode/length,500.0
471999,episode/return,878.0449829101562
471999,episode/length,500.0
475992,episode/return,881.2086181640625
475992,episode/length,500.0
475993,episode/return,881.4361572265625
475993,episode/length,500.0
475994,episode/return,881.374267578125
475994,episode/length,500.0
475995,episode/return,881.7339477539062
475995,episode/length,500.0
475996,episode/return,881.75830078125
475996,episode/length,500.0
475997,episode/return,881.2095336914062
475997,episode/length,500.0
475998,episode/return,880.8696899414062
475998,episode/length,500.0
475999,episode/return,881.2463989257812
475999,episode/length,500.0
479992,episode/return,880.4193115234375
479992,episode/length,500.0
479993,episode/return,880.6384887695312
479993,episode/length,500.0
479994,episode/return,880.4889526367188
479994,episode/length,500.0
479995,episode/return,880.0952758789062
479995,episode/length,500.0
479996,episode/return,880.65185546875
479996,episode/length,500.0
479997,episode/return,880.3914184570312
479997,episode/length,500.0
479998,episode/return,880.36865234375
479998,episode/length,500.0
479999,episode/return,880.4727783203125
479999,episode/length,500.0
480000,train/consistency_loss_mean,7.240963963340619e-07
480000,train/consistency_loss_std,6.413450948615999e-07
480000,train/continue_loss_mean,0.0
480000,train/continue_loss_std,0.0
480000,train/grad_norm_mean,0.011331937086209654
480000,train/grad_norm_std,0.010779984697030865
480000,train/policy_log_std_mean,-2.0481463376998903
480000,train/policy_log_std_std,0.6122104190711802
480000,train/policy_loss_mean,-1.1602558567047119
480000,train/policy_loss_std,0.013129812663707444
480000,train/reward_loss_mean,0.3592742557525635
480000,train/reward_loss_std,0.005957913299128805
480000,train/total_loss_mean,0.07374829223155975
480000,train/total_loss_std,0.0008678514437276624
480000,train/value_loss_mean,0.37806383864879606
480000,train/value_loss_std,0.0043412114539242395
480000,train/value_scale_mean,75.65048562011718
480000,train/value_scale_std,0.513717732995819
480000,timing/collect_chunk_s,59.10874651418999
480000,timing/train_chunk_s,20.531417690683156
480000,dense_rhs/training_bucket_horizon,3.0
480000,system/heartbeat,1.0
483992,episode/return,879.888916015625
483992,episode/length,500.0
483993,episode/return,880.666259765625
483993,episode/length,500.0
483994,episode/return,879.9310913085938
483994,episode/length,500.0
483995,episode/return,880.2088623046875
483995,episode/length,500.0
483996,episode/return,880.5746459960938
483996,episode/length,500.0
483997,episode/return,880.541748046875
483997,episode/length,500.0
483998,episode/return,881.07080078125
483998,episode/length,500.0
483999,episode/return,880.848388671875
483999,episode/length,500.0
487992,episode/return,880.5975341796875
487992,episode/length,500.0
487993,episode/return,880.7372436523438
487993,episode/length,500.0
487994,episode/return,881.3489990234375
487994,episode/length,500.0
487995,episode/return,881.0568237304688
487995,episode/length,500.0
487996,episode/return,881.0787963867188
487996,episode/length,500.0
487997,episode/return,882.1038208007812
487997,episode/length,500.0
487998,episode/return,881.93115234375
487998,episode/length,500.0
487999,episode/return,881.20166015625
487999,episode/length,500.0
490000,train/consistency_loss_mean,7.523943821524881e-07
490000,train/consistency_loss_std,7.416886396326777e-07
490000,train/continue_loss_mean,0.0
490000,train/continue_loss_std,0.0
490000,train/grad_norm_mean,0.011421035236120224
490000,train/grad_norm_std,0.011727593588253347
490000,train/policy_log_std_mean,-2.0968009905815124
490000,train/policy_log_std_std,0.6210238761922182
490000,train/policy_loss_mean,-1.161496761226654
490000,train/policy_loss_std,0.013459112956566774
490000,train/reward_loss_mean,0.35963334550857545
490000,train/reward_loss_std,0.005932163542349959
490000,train/total_loss_mean,0.07384665092229843
490000,train/total_loss_std,0.0008501003487110556
490000,train/value_loss_mean,0.3786826646089554
490000,train/value_loss_std,0.004202169998911525
490000,train/value_scale_mean,75.52543162231446
490000,train/value_scale_std,0.5672150831944538
490000,timing/collect_chunk_s,58.9786744043231
490000,timing/train_chunk_s,20.525149314198643
490000,dense_rhs/training_bucket_horizon,3.0
490000,system/heartbeat,1.0
491992,episode/return,880.7789306640625
491992,episode/length,500.0
491993,episode/return,880.7703247070312
491993,episode/length,500.0
491994,episode/return,881.8515014648438
491994,episode/length,500.0
491995,episode/return,881.2843017578125
491995,episode/length,500.0
491996,episode/return,881.7899169921875
491996,episode/length,500.0
491997,episode/return,881.2312622070312
491997,episode/length,500.0
491998,episode/return,881.8779907226562
491998,episode/length,500.0
491999,episode/return,881.1852416992188
491999,episode/length,500.0
495992,episode/return,879.2578125
495992,episode/length,500.0
495993,episode/return,879.362060546875
495993,episode/length,500.0
495994,episode/return,879.1951293945312
495994,episode/length,500.0
495995,episode/return,879.4694213867188
495995,episode/length,500.0
495996,episode/return,878.20068359375
495996,episode/length,500.0
495997,episode/return,878.5135498046875
495997,episode/length,500.0
495998,episode/return,878.08251953125
495998,episode/length,500.0
495999,episode/return,880.0396728515625
495999,episode/length,500.0
499992,episode/return,880.5394897460938
499992,episode/length,500.0
499993,episode/return,880.64208984375
499993,episode/length,500.0
499994,episode/return,879.8098754882812
499994,episode/length,500.0
499995,episode/return,880.9222412109375
499995,episode/length,500.0
499996,episode/return,880.8275146484375
499996,episode/length,500.0
499997,episode/return,880.2208251953125
499997,episode/length,500.0
499998,episode/return,880.3919677734375
499998,episode/length,500.0
499999,episode/return,881.3402099609375
499999,episode/length,500.0
500000,train/consistency_loss_mean,7.49058919154777e-07
500000,train/consistency_loss_std,7.483926149444184e-07
500000,train/continue_loss_mean,0.0
500000,train/continue_loss_std,0.0
500000,train/grad_norm_mean,0.011703485737740993
500000,train/grad_norm_std,0.01326880514826438
500000,train/policy_log_std_mean,-1.991468828010559
500000,train/policy_log_std_std,0.5837896838369118
500000,train/policy_loss_mean,-1.1766361113548278
500000,train/policy_loss_std,0.020116811175411673
500000,train/reward_loss_mean,0.3601137149810791
500000,train/reward_loss_std,0.005855010765820807
500000,train/total_loss_mean,0.07395209974050522
500000,train/total_loss_std,0.0008384661805862268
500000,train/value_loss_mean,0.3792574450969696
500000,train/value_loss_std,0.004180576465566644
500000,train/value_scale_mean,74.75558829345704
500000,train/value_scale_std,1.0926766844078049
500000,timing/collect_chunk_s,59.41441355692223
500000,timing/train_chunk_s,20.525284689385444
500000,dense_rhs/training_bucket_horizon,3.0
500000,system/heartbeat,1.0
500000,timing/checkpoint_blocking_s,0.4020795929245651
500000,eval/return_mean,878.4229736328125
500000,eval/return_std,0.3352751135826111
500000,eval/return_max,879.1351928710938
500000,eval/return_min,877.9801635742188
500000,timing/eval_s,9.296563807874918
500000,eval/selected_horizon,3.0
500000,eval/training_bucket_horizon,3.0
500000,system/heartbeat,1.0
