step,tag,value
0,timing/prewarm_dense_rhs_s,224.74659465812147
0,system/heartbeat,1.0
3992,episode/return,6.428488319443204e-08
3992,episode/length,500.0
3993,episode/return,0.4222283661365509
3993,episode/length,500.0
3994,episode/return,0.16551992297172546
3994,episode/length,500.0
3995,episode/return,4.970618405764071e-08
3995,episode/length,500.0
3996,episode/return,0.33394429087638855
3996,episode/length,500.0
3997,episode/return,3.3803430596890394e-06
3997,episode/length,500.0
3998,episode/return,0.20281682908535004
3998,episode/length,500.0
3999,episode/return,1.7764939912012778e-05
3999,episode/length,500.0
4000,seed_pretrain/updates_completed,512.0
4000,timing/collect_chunk_s,48.38815798424184
4000,timing/train_chunk_s,247.10883018095046
4000,system/heartbeat,1.0
4000,seed_pretrain/updates_completed,1024.0
4000,timing/collect_chunk_s,48.38815798424184
4000,timing/train_chunk_s,248.23095743963495
4000,system/heartbeat,1.0
4000,seed_pretrain/updates_completed,1536.0
4000,timing/collect_chunk_s,48.38815798424184
4000,timing/train_chunk_s,249.35361606394872
4000,system/heartbeat,1.0
4000,seed_pretrain/updates_completed,2048.0
4000,timing/collect_chunk_s,48.38815798424184
4000,timing/train_chunk_s,250.47406912781298
4000,system/heartbeat,1.0
4000,seed_pretrain/updates_completed,2560.0
4000,timing/collect_chunk_s,48.38815798424184
4000,timing/train_chunk_s,251.59450663346797
4000,system/heartbeat,1.0
4000,seed_pretrain/updates_completed,3072.0
4000,timing/collect_chunk_s,48.38815798424184
4000,timing/train_chunk_s,252.72250573476776
4000,system/heartbeat,1.0
4000,seed_pretrain/updates_completed,3584.0
4000,timing/collect_chunk_s,48.38815798424184
4000,timing/train_chunk_s,253.84324832912534
4000,system/heartbeat,1.0
7992,episode/return,0.11249154061079025
7992,episode/length,500.0
7993,episode/return,5.921631336212158
7993,episode/length,500.0
7994,episode/return,0.12098662555217743
7994,episode/length,500.0
7995,episode/return,62.352901458740234
7995,episode/length,500.0
7996,episode/return,0.417329877614975
7996,episode/length,500.0
7997,episode/return,0.43647587299346924
7997,episode/length,500.0
7998,episode/return,46.425559997558594
7998,episode/length,500.0
7999,episode/return,50.904300689697266
7999,episode/length,500.0
10000,train/consistency_loss_mean,6.845684882136993e-05
10000,train/consistency_loss_std,0.00029743949550806414
10000,train/continue_loss_mean,0.0
10000,train/continue_loss_std,0.0
10000,train/grad_norm_mean,0.21844679634571076
10000,train/grad_norm_std,0.24130645720339378
10000,train/policy_log_std_mean,-0.32726985695362093
10000,train/policy_log_std_std,0.467924859010255
10000,train/policy_loss_mean,-0.04581133473962545
10000,train/policy_loss_std,0.04562699468419243
10000,train/reward_loss_mean,0.017636749617010356
10000,train/reward_loss_std,0.08659796106117364
10000,train/total_loss_mean,0.01534249382019043
10000,train/total_loss_std,0.023421204857627435
10000,train/value_loss_mean,0.12209681514501572
10000,train/value_loss_std,0.1008626303178812
10000,train/value_scale_mean,1.7602811918258667
10000,train/value_scale_std,1.1474542980070166
10000,timing/collect_chunk_s,227.17564837168902
10000,timing/train_chunk_s,313.889684129972
10000,dense_rhs/training_bucket_horizon,3.0
10000,system/heartbeat,1.0
11992,episode/return,90.11852264404297
11992,episode/length,500.0
11993,episode/return,40.53006362915039
11993,episode/length,500.0
11994,episode/return,61.714332580566406
11994,episode/length,500.0
11995,episode/return,95.69035339355469
11995,episode/length,500.0
11996,episode/return,29.919437408447266
11996,episode/length,500.0
11997,episode/return,3.3353352546691895
11997,episode/length,500.0
11998,episode/return,0.14223259687423706
11998,episode/length,500.0
11999,episode/return,3.498732805252075
11999,episode/length,500.0
15992,episode/return,45.12423324584961
15992,episode/length,500.0
15993,episode/return,42.52390670776367
15993,episode/length,500.0
15994,episode/return,9.608530044555664
15994,episode/length,500.0
15995,episode/return,66.44112396240234
15995,episode/length,500.0
15996,episode/return,9.266484260559082
15996,episode/length,500.0
15997,episode/return,9.38974666595459
15997,episode/length,500.0
15998,episode/return,2.8647563457489014
15998,episode/length,500.0
15999,episode/return,46.76083755493164
15999,episode/length,500.0
19992,episode/return,132.34234619140625
19992,episode/length,500.0
19993,episode/return,164.1446990966797
19993,episode/length,500.0
19994,episode/return,27.731950759887695
19994,episode/length,500.0
19995,episode/return,230.9862823486328
19995,episode/length,500.0
19996,episode/return,49.68528747558594
19996,episode/length,500.0
19997,episode/return,126.55109405517578
19997,episode/length,500.0
19998,episode/return,43.769004821777344
19998,episode/length,500.0
19999,episode/return,136.15306091308594
19999,episode/length,500.0
20000,train/consistency_loss_mean,6.184686236665584e-05
20000,train/consistency_loss_std,1.4705995257834297e-05
20000,train/continue_loss_mean,0.0
20000,train/continue_loss_std,0.0
20000,train/grad_norm_mean,0.7764445464134216
20000,train/grad_norm_std,0.3420138395314846
20000,train/policy_log_std_mean,-0.5820672969102859
20000,train/policy_log_std_std,0.4431404833817054
20000,train/policy_loss_mean,-0.10375499015450478
20000,train/policy_loss_std,0.015660702248348948
20000,train/reward_loss_mean,0.044128646725416186
20000,train/reward_loss_std,0.01083318953736639
20000,train/total_loss_mean,0.03255251274108887
20000,train/total_loss_std,0.0036963571729212615
20000,train/value_loss_mean,0.2690271040439606
20000,train/value_loss_std,0.02917558392878449
20000,train/value_scale_mean,11.322248400878907
20000,train/value_scale_std,3.235885680772642
20000,timing/collect_chunk_s,57.42218678025529
20000,timing/train_chunk_s,20.754606898874044
20000,dense_rhs/training_bucket_horizon,3.0
20000,system/heartbeat,1.0
23992,episode/return,149.88258361816406
23992,episode/length,500.0
23993,episode/return,45.86574935913086
23993,episode/length,500.0
23994,episode/return,128.36654663085938
23994,episode/length,500.0
23995,episode/return,399.7087707519531
23995,episode/length,500.0
23996,episode/return,106.552978515625
23996,episode/length,500.0
23997,episode/return,49.92152404785156
23997,episode/length,500.0
23998,episode/return,130.1663360595703
23998,episode/length,500.0
23999,episode/return,126.29622650146484
23999,episode/length,500.0
27992,episode/return,150.4464874267578
27992,episode/length,500.0
27993,episode/return,363.0372314453125
27993,episode/length,500.0
27994,episode/return,61.65390396118164
27994,episode/length,500.0
27995,episode/return,101.02946472167969
27995,episode/length,500.0
27996,episode/return,54.36382293701172
27996,episode/length,500.0
27997,episode/return,55.483150482177734
27997,episode/length,500.0
27998,episode/return,17.67043685913086
27998,episode/length,500.0
27999,episode/return,145.84609985351562
27999,episode/length,500.0
30000,train/consistency_loss_mean,5.19777741516009e-05
30000,train/consistency_loss_std,1.02713262587202e-05
30000,train/continue_loss_mean,0.0
30000,train/continue_loss_std,0.0
30000,train/grad_norm_mean,1.0043496008872985
30000,train/grad_norm_std,0.4136439626484188
30000,train/policy_log_std_mean,-0.6165749325037002
30000,train/policy_log_std_std,0.34829104125596066
30000,train/policy_loss_mean,-0.10959892622232437
30000,train/policy_loss_std,0.012458332793067534
30000,train/reward_loss_mean,0.0677547682762146
30000,train/reward_loss_std,0.009248907862754339
30000,train/total_loss_mean,0.03789467840194702
30000,train/total_loss_std,0.002506045222052682
30000,train/value_loss_mean,0.30079645054340365
30000,train/value_loss_std,0.020179606471694155
30000,train/value_scale_mean,29.730771786499023
30000,train/value_scale_std,7.4590452439819686
30000,timing/collect_chunk_s,59.062620553188026
30000,timing/train_chunk_s,20.75694853067398
30000,dense_rhs/training_bucket_horizon,3.0
30000,system/heartbeat,1.0
31992,episode/return,163.1427001953125
31992,episode/length,500.0
31993,episode/return,196.54864501953125
31993,episode/length,500.0
31994,episode/return,0.07084805518388748
31994,episode/length,500.0
31995,episode/return,101.64335632324219
31995,episode/length,500.0
31996,episode/return,250.32566833496094
31996,episode/length,500.0
31997,episode/return,291.1341552734375
31997,episode/length,500.0
31998,episode/return,10.119902610778809
31998,episode/length,500.0
31999,episode/return,56.84728240966797
31999,episode/length,500.0
35992,episode/return,70.94441986083984
35992,episode/length,500.0
35993,episode/return,395.73175048828125
35993,episode/length,500.0
35994,episode/return,370.33154296875
35994,episode/length,500.0
35995,episode/return,0.09907357394695282
35995,episode/length,500.0
35996,episode/return,12.695540428161621
35996,episode/length,500.0
35997,episode/return,256.4700927734375
35997,episode/length,500.0
35998,episode/return,41.96739196777344
35998,episode/length,500.0
35999,episode/return,396.63372802734375
35999,episode/length,500.0
39992,episode/return,235.33663940429688
39992,episode/length,500.0
39993,episode/return,185.55459594726562
39993,episode/length,500.0
39994,episode/return,279.474609375
39994,episode/length,500.0
39995,episode/return,379.7618408203125
39995,episode/length,500.0
39996,episode/return,99.07310485839844
39996,episode/length,500.0
39997,episode/return,213.83670043945312
39997,episode/length,500.0
39998,episode/return,180.0363006591797
39998,episode/length,500.0
39999,episode/return,229.0128936767578
39999,episode/length,500.0
40000,train/consistency_loss_mean,5.138020291633438e-05
40000,train/consistency_loss_std,1.3691816168131355e-05
40000,train/continue_loss_mean,0.0
40000,train/continue_loss_std,0.0
40000,train/grad_norm_mean,1.1669066948413849
40000,train/grad_norm_std,0.464396348669375
40000,train/policy_log_std_mean,-0.6130969101905823
40000,train/policy_log_std_std,0.34795414189756607
40000,train/policy_loss_mean,-0.10860999594926835
40000,train/policy_loss_std,0.01039569764913074
40000,train/reward_loss_mean,0.08206274460554124
40000,train/reward_loss_std,0.010129343734900483
40000,train/total_loss_mean,0.04129102968871593
40000,train/total_loss_std,0.002935139711752391
40000,train/value_loss_mean,0.3205714993953705
40000,train/value_loss_std,0.02351617810600436
40000,train/value_scale_mean,51.574185110473636
40000,train/value_scale_std,6.760284534505542
40000,timing/collect_chunk_s,57.21294061047956
40000,timing/train_chunk_s,20.685011026915163
40000,dense_rhs/training_bucket_horizon,3.0
40000,system/heartbeat,1.0
43992,episode/return,346.3153381347656
43992,episode/length,500.0
43993,episode/return,189.93505859375
43993,episode/length,500.0
43994,episode/return,303.6822509765625
43994,episode/length,500.0
43995,episode/return,426.05194091796875
43995,episode/length,500.0
43996,episode/return,106.09796142578125
43996,episode/length,500.0
43997,episode/return,213.11146545410156
43997,episode/length,500.0
43998,episode/return,188.0303955078125
43998,episode/length,500.0
43999,episode/return,333.7154541015625
43999,episode/length,500.0
47992,episode/return,435.88201904296875
47992,episode/length,500.0
47993,episode/return,433.0904235839844
47993,episode/length,500.0
47994,episode/return,303.2745666503906
47994,episode/length,500.0
47995,episode/return,437.6155090332031
47995,episode/length,500.0
47996,episode/return,226.03643798828125
47996,episode/length,500.0
47997,episode/return,355.5906066894531
47997,episode/length,500.0
47998,episode/return,217.51609802246094
47998,episode/length,500.0
47999,episode/return,373.3102111816406
47999,episode/length,500.0
50000,train/consistency_loss_mean,4.7270122909685596e-05
50000,train/consistency_loss_std,1.322856901550625e-05
50000,train/continue_loss_mean,0.0
50000,train/continue_loss_std,0.0
50000,train/grad_norm_mean,1.2155904109477997
50000,train/grad_norm_std,0.49630518576109245
50000,train/policy_log_std_mean,-0.6903352338790893
50000,train/policy_log_std_std,0.4042131904932716
50000,train/policy_loss_mean,-0.12742029136419297
50000,train/policy_loss_std,0.012787237794575431
50000,train/reward_loss_mean,0.09801136335134507
50000,train/reward_loss_std,0.01039530636795502
50000,train/total_loss_mean,0.0428887815207243
50000,train/total_loss_std,0.002791022599940777
50000,train/value_loss_mean,0.3214224132299423
50000,train/value_loss_std,0.024012392907543537
50000,train/value_scale_mean,71.30240741577148
50000,train/value_scale_std,6.672004934076095
50000,timing/collect_chunk_s,56.25063610589132
50000,timing/train_chunk_s,20.70417509227991
50000,dense_rhs/training_bucket_horizon,3.0
50000,system/heartbeat,1.0
50000,timing/checkpoint_blocking_s,0.40542993089184165
50000,eval/return_mean,373.30291748046875
50000,eval/return_std,130.41891479492188
50000,eval/return_max,526.697998046875
50000,eval/return_min,0.10698430240154266
50000,dense_rhs/deployment_utility_last_observed_gain,0.0
50000,dense_rhs/deployment_utility_observations,0.0
50000,timing/eval_s,95.03665146324784
50000,eval/selected_horizon,3.0
50000,eval/training_bucket_horizon,3.0
50000,system/heartbeat,1.0
51992,episode/return,168.0286865234375
51992,episode/length,500.0
51993,episode/return,399.4519348144531
51993,episode/length,500.0
51994,episode/return,372.52581787109375
51994,episode/length,500.0
51995,episode/return,413.10498046875
51995,episode/length,500.0
51996,episode/return,308.1693420410156
51996,episode/length,500.0
51997,episode/return,424.68743896484375
51997,episode/length,500.0
51998,episode/return,211.60643005371094
51998,episode/length,500.0
51999,episode/return,241.0451202392578
51999,episode/length,500.0
55992,episode/return,450.54730224609375
55992,episode/length,500.0
55993,episode/return,456.5323181152344
55993,episode/length,500.0
55994,episode/return,441.58221435546875
55994,episode/length,500.0
55995,episode/return,281.92236328125
55995,episode/length,500.0
55996,episode/return,245.11033630371094
55996,episode/length,500.0
55997,episode/return,289.9457702636719
55997,episode/length,500.0
55998,episode/return,429.84332275390625
55998,episode/length,500.0
55999,episode/return,125.52239227294922
55999,episode/length,500.0
59992,episode/return,427.5400085449219
59992,episode/length,500.0
59993,episode/return,357.94775390625
59993,episode/length,500.0
59994,episode/return,214.99937438964844
59994,episode/length,500.0
59995,episode/return,192.8899688720703
59995,episode/length,500.0
59996,episode/return,275.15753173828125
59996,episode/length,500.0
59997,episode/return,338.0700988769531
59997,episode/length,500.0
59998,episode/return,278.06024169921875
59998,episode/length,500.0
59999,episode/return,334.1772766113281
59999,episode/length,500.0
60000,train/consistency_loss_mean,4.135096821410116e-05
60000,train/consistency_loss_std,8.384474307056717e-06
60000,train/continue_loss_mean,0.0
60000,train/continue_loss_std,0.0
60000,train/grad_norm_mean,1.16158084025383
60000,train/grad_norm_std,0.4652235963350301
60000,train/policy_log_std_mean,-0.7602247934341431
60000,train/policy_log_std_std,0.4325066653088266
60000,train/policy_loss_mean,-0.15346204274892808
60000,train/policy_loss_std,0.012565120054138101
60000,train/reward_loss_mean,0.11225980710983276
60000,train/reward_loss_std,0.010159568767810098
60000,train/total_loss_mean,0.04337689910829067
60000,train/total_loss_std,0.0022264479824007965
60000,train/value_loss_mean,0.31323898177146914
60000,train/value_loss_std,0.01932428993599534
60000,train/value_scale_mean,96.97827853393555
60000,train/value_scale_std,6.837882560187458
60000,timing/collect_chunk_s,58.83528891671449
60000,timing/train_chunk_s,20.787358670961112
60000,dense_rhs/training_bucket_horizon,3.0
60000,system/heartbeat,1.0
63992,episode/return,353.1940002441406
63992,episode/length,500.0
63993,episode/return,346.7529602050781
63993,episode/length,500.0
63994,episode/return,613.4486083984375
63994,episode/length,500.0
63995,episode/return,334.3866271972656
63995,episode/length,500.0
63996,episode/return,356.97320556640625
63996,episode/length,500.0
63997,episode/return,334.8727111816406
63997,episode/length,500.0
63998,episode/return,137.98391723632812
63998,episode/length,500.0
63999,episode/return,311.4605712890625
63999,episode/length,500.0
67992,episode/return,262.1932067871094
67992,episode/length,500.0
67993,episode/return,386.39300537109375
67993,episode/length,500.0
67994,episode/return,326.5394287109375
67994,episode/length,500.0
67995,episode/return,187.010986328125
67995,episode/length,500.0
67996,episode/return,168.149658203125
67996,episode/length,500.0
67997,episode/return,403.65484619140625
67997,episode/length,500.0
67998,episode/return,212.82359313964844
67998,episode/length,500.0
67999,episode/return,407.93780517578125
67999,episode/length,500.0
70000,train/consistency_loss_mean,3.918992549879476e-05
70000,train/consistency_loss_std,9.808343071880068e-06
70000,train/continue_loss_mean,0.0
70000,train/continue_loss_std,0.0
70000,train/grad_norm_mean,1.0986991619586945
70000,train/grad_norm_std,0.4714228726641746
70000,train/policy_log_std_mean,-0.8421002619743347
70000,train/policy_log_std_std,0.4642187524673199
70000,train/policy_loss_mean,-0.18075339121818543
70000,train/policy_loss_std,0.012429898359753064
70000,train/reward_loss_mean,0.1224009283721447
70000,train/reward_loss_std,0.010056732036496405
70000,train/total_loss_mean,0.04433197548389435
70000,train/total_loss_std,0.002458248822044282
70000,train/value_loss_mean,0.3130808324575424
70000,train/value_loss_std,0.021452003063446214
70000,train/value_scale_mean,114.04586257934571
70000,train/value_scale_std,5.079527731048974
70000,timing/collect_chunk_s,58.308905800804496
70000,timing/train_chunk_s,20.7523195957765
70000,dense_rhs/training_bucket_horizon,3.0
70000,system/heartbeat,1.0
70000,dense_rhs/selected_horizon,3.0
70000,dense_rhs/proposed_horizon,3.0
70000,dense_rhs/phase_id,0.0
70000,dense_rhs/num_active_horizons,7.0
70000,dense_rhs/num_candidate_horizons,3.0
70000,dense_rhs/entropy,1.898428201675415
70000,dense_rhs/norm_entropy,0.9755990505218506
70000,dense_rhs/best_fitness,0.4979360103607178
70000,dense_rhs/deployment_score_best,0.0011418912326917052
70000,dense_rhs/incumbent_deployment_score,0.0011418912326917052
70000,dense_rhs/proposed_deployment_score,0.0011418912326917052
70000,dense_rhs/proposed_transition_cost,0.0
70000,dense_rhs/proposed_switch_probability,0.5
70000,dense_rhs/proposed_expected_net_benefit,0.0
70000,dense_rhs/transition_cost_best,0.0
70000,dense_rhs/transition_adjusted_score_best,0.0011418912326917052
70000,dense_rhs/switch_probability_best,0.5
70000,dense_rhs/expected_improvement_best,0.564189612865448
70000,dense_rhs/expected_loss_best,0.564189612865448
70000,dense_rhs/expected_net_benefit_best,0.0
70000,dense_rhs/return_term_best,0.27607887983322144
70000,dense_rhs/roughness_term_best,0.9729190468788147
70000,dense_rhs/return_std_term_best,0.22886383533477783
70000,dense_rhs/learner_proxy_term_best,0.8827508687973022
70000,dense_rhs/model_prefix_loss_best,0.22634685039520264
70000,dense_rhs/model_probe_prefix_best,0.06849169731140137
70000,dense_rhs/planner_return_best,95.20358276367188
70000,dense_rhs/roughness_best,0.016497623175382614
70000,dense_rhs/robust_return_best,7.4923248291015625
70000,timing/query_model_diag_s,14.948788854293525
70000,timing/query_env_eval_s,26.437991669867188
70000,timing/query_finalize_s,0.8145673968829215
70000,timing/query_total_s,42.39036683086306
70000,dense_rhs/candidate_3_fitness,0.4979360103607178
70000,dense_rhs/candidate_3_deployment_score,0.0011418912326917052
70000,dense_rhs/candidate_3_transition_cost,0.0
70000,dense_rhs/candidate_3_transition_adjusted_score,0.0011418912326917052
70000,dense_rhs/candidate_3_switch_probability,0.5
70000,dense_rhs/candidate_3_expected_net_benefit,0.0
70000,dense_rhs/candidate_3_return,7.4923248291015625
70000,dense_rhs/candidate_3_return_term,0.27607887983322144
70000,dense_rhs/candidate_3_roughness_term,0.9729190468788147
70000,dense_rhs/candidate_3_return_std_term,0.22886383533477783
70000,dense_rhs/candidate_3_learner_proxy_term,0.8827508687973022
70000,dense_rhs/candidate_2_fitness,0.03162277489900589
70000,dense_rhs/candidate_2_deployment_score,1.0000000031710769e-30
70000,dense_rhs/candidate_2_transition_cost,0.06889372318983078
70000,dense_rhs/candidate_2_transition_adjusted_score,-0.06889372318983078
70000,dense_rhs/candidate_2_switch_probability,0.48025140166282654
70000,dense_rhs/candidate_2_expected_net_benefit,-0.07003563642501831
70000,dense_rhs/candidate_2_return,-27.045440673828125
70000,dense_rhs/candidate_2_return_term,0.0
70000,dense_rhs/candidate_2_roughness_term,1.0
70000,dense_rhs/candidate_2_return_std_term,0.0
70000,dense_rhs/candidate_2_learner_proxy_term,1.0
70000,dense_rhs/candidate_4_fitness,0.2836155295372009
70000,dense_rhs/candidate_4_deployment_score,4.789647937286645e-05
70000,dense_rhs/candidate_4_transition_cost,0.045366112142801285
70000,dense_rhs/candidate_4_transition_adjusted_score,-0.04531821608543396
70000,dense_rhs/candidate_4_switch_probability,0.48689621686935425
70000,dense_rhs/candidate_4_expected_net_benefit,-0.04646015167236328
70000,dense_rhs/candidate_4_return,-0.028167724609375
70000,dense_rhs/candidate_4_return_term,0.21596354246139526
70000,dense_rhs/candidate_4_roughness_term,0.8848850131034851
70000,dense_rhs/candidate_4_return_std_term,0.03385210037231445
70000,dense_rhs/candidate_4_learner_proxy_term,0.7350372076034546
70000,dense_rhs/deployment_utility_enabled,1.0
70000,dense_rhs/deployment_utility_observations,0.0
70000,dense_rhs/deployment_utility_last_observed_gain,0.0
70000,dense_rhs/candidate_2_expected_eval_gain,0.0
70000,dense_rhs/candidate_2_eval_gain_uncertainty,150.0
70000,dense_rhs/candidate_2_deployment_utility_score,37.5
70000,dense_rhs/candidate_3_expected_eval_gain,0.0
70000,dense_rhs/candidate_3_eval_gain_uncertainty,150.0
70000,dense_rhs/candidate_3_deployment_utility_score,47.5
70000,dense_rhs/candidate_4_expected_eval_gain,0.0
70000,dense_rhs/candidate_4_eval_gain_uncertainty,150.0
70000,dense_rhs/candidate_4_deployment_utility_score,37.91944870055586
70000,dense_rhs/deployment_utility_override,0.0
70000,dense_rhs/deployment_utility_selected_expected_gain,0.0
70000,dense_rhs/deployment_utility_selected_uncertainty,150.0
70000,dense_rhs/deployment_utility_selected_score,47.5
70000,dense_rhs/deployment_utility_proposed_horizon,3.0
70000,dense_rhs/deployment_utility_proposed_expected_gain,0.0
70000,dense_rhs/deployment_utility_proposed_uncertainty,150.0
70000,dense_rhs/deployment_utility_proposed_score,47.5
70000,dense_rhs/previous_horizon,3.0
70000,dense_rhs/training_bucket_horizon,3.0
70000,dense_rhs/best_h,3.0
70000,dense_rhs/prob_best_h,0.251953125
70000,dense_rhs/gauss_mean_best_h,0.4979360103607178
70000,dense_rhs/gauss_post_std_best_h,1.0
70000,system/heartbeat,1.0
71992,episode/return,481.01934814453125
71992,episode/length,500.0
71993,episode/return,433.7195129394531
71993,episode/length,500.0
71994,episode/return,504.5962829589844
71994,episode/length,500.0
71995,episode/return,638.7267456054688
71995,episode/length,500.0
71996,episode/return,263.9015197753906
71996,episode/length,500.0
71997,episode/return,284.81341552734375
71997,episode/length,500.0
71998,episode/return,422.53851318359375
71998,episode/length,500.0
71999,episode/return,404.5324401855469
71999,episode/length,500.0
75992,episode/return,537.1494750976562
75992,episode/length,500.0
75993,episode/return,522.1284790039062
75993,episode/length,500.0
75994,episode/return,530.912841796875
75994,episode/length,500.0
75995,episode/return,500.8284912109375
75995,episode/length,500.0
75996,episode/return,359.8531494140625
75996,episode/length,500.0
75997,episode/return,402.56378173828125
75997,episode/length,500.0
75998,episode/return,533.12841796875
75998,episode/length,500.0
75999,episode/return,337.6225891113281
75999,episode/length,500.0
79992,episode/return,575.2274169921875
79992,episode/length,500.0
79993,episode/return,433.6719055175781
79993,episode/length,500.0
79994,episode/return,521.8289794921875
79994,episode/length,500.0
79995,episode/return,538.71484375
79995,episode/length,500.0
79996,episode/return,206.48748779296875
79996,episode/length,500.0
79997,episode/return,314.6770935058594
79997,episode/length,500.0
79998,episode/return,421.068359375
79998,episode/length,500.0
79999,episode/return,536.88818359375
79999,episode/length,500.0
80000,train/consistency_loss_mean,3.6295490924385376e-05
80000,train/consistency_loss_std,7.924805986265038e-06
80000,train/continue_loss_mean,0.0
80000,train/continue_loss_std,0.0
80000,train/grad_norm_mean,0.9670772961616516
80000,train/grad_norm_std,0.41292822282741753
80000,train/policy_log_std_mean,-0.8632041324138642
80000,train/policy_log_std_std,0.45032157635691994
80000,train/policy_loss_mean,-0.2059944212436676
80000,train/policy_loss_std,0.010970551155021772
80000,train/reward_loss_mean,0.133203686273098
80000,train/reward_loss_std,0.010476175787872235
80000,train/total_loss_mean,0.045154176878929135
80000,train/total_loss_std,0.0020616704628239777
80000,train/value_loss_mean,0.3110789723157883
80000,train/value_loss_std,0.017870058936616515
80000,train/value_scale_mean,125.53930812988281
80000,train/value_scale_std,4.039917645551699
80000,timing/collect_chunk_s,59.107300117611885
80000,timing/train_chunk_s,20.809376797173172
80000,dense_rhs/training_bucket_horizon,3.0
80000,system/heartbeat,1.0
83992,episode/return,491.1814880371094
83992,episode/length,500.0
83993,episode/return,308.9367980957031
83993,episode/length,500.0
83994,episode/return,328.89971923828125
83994,episode/length,500.0
83995,episode/return,346.43585205078125
83995,episode/length,500.0
83996,episode/return,417.26617431640625
83996,episode/length,500.0
83997,episode/return,415.3338317871094
83997,episode/length,500.0
83998,episode/return,421.1537170410156
83998,episode/length,500.0
83999,episode/return,239.27792358398438
83999,episode/length,500.0
87992,episode/return,336.7793884277344
87992,episode/length,500.0
87993,episode/return,533.4343872070312
87993,episode/length,500.0
87994,episode/return,410.3002624511719
87994,episode/length,500.0
87995,episode/return,214.9647674560547
87995,episode/length,500.0
87996,episode/return,517.2247924804688
87996,episode/length,500.0
87997,episode/return,405.7729797363281
87997,episode/length,500.0
87998,episode/return,413.097900390625
87998,episode/length,500.0
87999,episode/return,267.32366943359375
87999,episode/length,500.0
90000,train/consistency_loss_mean,3.283203827450052e-05
90000,train/consistency_loss_std,1.2353504353666346e-05
90000,train/continue_loss_mean,0.0
90000,train/continue_loss_std,0.0
90000,train/grad_norm_mean,0.851722322511673
90000,train/grad_norm_std,0.409827743781495
90000,train/policy_log_std_mean,-0.882327028465271
90000,train/policy_log_std_std,0.4328167741304141
90000,train/policy_loss_mean,-0.2214147622704506
90000,train/policy_loss_std,0.011155091081341724
90000,train/reward_loss_mean,0.1418351531147957
90000,train/reward_loss_std,0.01034985094083526
90000,train/total_loss_mean,0.04507321645617485
90000,train/total_loss_std,0.002284159756573319
90000,train/value_loss_mean,0.3023305960178375
90000,train/value_loss_std,0.01918749537814981
90000,train/value_scale_mean,133.86385119628906
90000,train/value_scale_std,2.0457312470799325
90000,timing/collect_chunk_s,58.36486378032714
90000,timing/train_chunk_s,20.77971718972549
90000,dense_rhs/training_bucket_horizon,3.0
90000,system/heartbeat,1.0
91992,episode/return,666.4650268554688
91992,episode/length,500.0
91993,episode/return,301.1230163574219
91993,episode/length,500.0
91994,episode/return,446.5608215332031
91994,episode/length,500.0
91995,episode/return,522.0032348632812
91995,episode/length,500.0
91996,episode/return,526.8252563476562
91996,episode/length,500.0
91997,episode/return,286.8217468261719
91997,episode/length,500.0
91998,episode/return,322.0648498535156
91998,episode/length,500.0
91999,episode/return,187.96250915527344
91999,episode/length,500.0
95992,episode/return,501.4140319824219
95992,episode/length,500.0
95993,episode/return,316.6764831542969
95993,episode/length,500.0
95994,episode/return,286.83404541015625
95994,episode/length,500.0
95995,episode/return,454.77166748046875
95995,episode/length,500.0
95996,episode/return,384.6086120605469
95996,episode/length,500.0
95997,episode/return,358.6141662597656
95997,episode/length,500.0
95998,episode/return,300.26971435546875
95998,episode/length,500.0
95999,episode/return,423.5859069824219
95999,episode/length,500.0
99992,episode/return,323.9862976074219
99992,episode/length,500.0
99993,episode/return,440.7325439453125
99993,episode/length,500.0
99994,episode/return,541.0778198242188
99994,episode/length,500.0
99995,episode/return,296.3772888183594
99995,episode/length,500.0
99996,episode/return,285.6778564453125
99996,episode/length,500.0
99997,episode/return,499.4056396484375
99997,episode/length,500.0
99998,episode/return,325.5825500488281
99998,episode/length,500.0
99999,episode/return,316.3677978515625
99999,episode/length,500.0
100000,train/consistency_loss_mean,3.042072382668266e-05
100000,train/consistency_loss_std,1.1281694070246912e-05
100000,train/continue_loss_mean,0.0
100000,train/continue_loss_std,0.0
100000,train/grad_norm_mean,0.8066336008071899
100000,train/grad_norm_std,0.37537832610019783
100000,train/policy_log_std_mean,-0.8943333593845367
100000,train/policy_log_std_std,0.4087149584610818
100000,train/policy_loss_mean,-0.23060743461847305
100000,train/policy_loss_std,0.01034911207529785
100000,train/reward_loss_mean,0.14771712872982026
100000,train/reward_loss_std,0.010309746513586704
100000,train/total_loss_mean,0.04542046450674534
100000,train/total_loss_std,0.0021459757346921947
100000,train/value_loss_mean,0.3004033582687378
100000,train/value_loss_std,0.018034704327566136
100000,train/value_scale_mean,139.65583693847657
100000,train/value_scale_std,0.7474286846530823
100000,timing/collect_chunk_s,59.68850961793214
100000,timing/train_chunk_s,20.75272589875385
100000,dense_rhs/training_bucket_horizon,3.0
100000,system/heartbeat,1.0
100000,timing/checkpoint_blocking_s,0.4308597887866199
100000,eval/return_mean,442.2371520996094
100000,eval/return_std,131.03268432617188
100000,eval/return_max,667.7210693359375
100000,eval/return_min,189.8291473388672
100000,dense_rhs/deployment_utility_last_observed_gain,68.93423461914062
100000,dense_rhs/deployment_utility_observations,1.0
100000,timing/eval_s,6.906237347982824
100000,eval/selected_horizon,3.0
100000,eval/training_bucket_horizon,3.0
100000,system/heartbeat,1.0
103992,episode/return,234.3594970703125
103992,episode/length,500.0
103993,episode/return,609.2086181640625
103993,episode/length,500.0
103994,episode/return,271.8529052734375
103994,episode/length,500.0
103995,episode/return,526.431396484375
103995,episode/length,500.0
103996,episode/return,414.476806640625
103996,episode/length,500.0
103997,episode/return,515.0927734375
103997,episode/length,500.0
103998,episode/return,190.475341796875
103998,episode/length,500.0
103999,episode/return,288.6750793457031
103999,episode/length,500.0
107992,episode/return,296.09625244140625
107992,episode/length,500.0
107993,episode/return,437.1731262207031
107993,episode/length,500.0
107994,episode/return,331.7390441894531
107994,episode/length,500.0
107995,episode/return,278.43792724609375
107995,episode/length,500.0
107996,episode/return,551.7416381835938
107996,episode/length,500.0
107997,episode/return,243.60525512695312
107997,episode/length,500.0
107998,episode/return,189.89376831054688
107998,episode/length,500.0
107999,episode/return,388.11309814453125
107999,episode/length,500.0
110000,train/consistency_loss_mean,2.8237642777094152e-05
110000,train/consistency_loss_std,9.035135626931246e-06
110000,train/continue_loss_mean,0.0
110000,train/continue_loss_std,0.0
110000,train/grad_norm_mean,0.7673761076211929
110000,train/grad_norm_std,0.3698733867704127
110000,train/policy_log_std_mean,-0.8812429989814758
110000,train/policy_log_std_std,0.38463573666874645
110000,train/policy_loss_mean,-0.24047855746746064
110000,train/policy_loss_std,0.010114916743645373
110000,train/reward_loss_mean,0.15219287221431732
110000,train/reward_loss_std,0.010476268028962534
110000,train/total_loss_mean,0.045788532677292826
110000,train/total_loss_std,0.001945562163416437
110000,train/value_loss_mean,0.3000449153661728
110000,train/value_loss_std,0.015896214648559254
110000,train/value_scale_mean,142.17672758789064
110000,train/value_scale_std,0.4892991403408184
110000,timing/collect_chunk_s,57.82009822130203
110000,timing/train_chunk_s,20.80446861544624
110000,dense_rhs/training_bucket_horizon,3.0
110000,system/heartbeat,1.0
111992,episode/return,710.3209838867188
111992,episode/length,500.0
111993,episode/return,228.07412719726562
111993,episode/length,500.0
111994,episode/return,656.6255493164062
111994,episode/length,500.0
111995,episode/return,422.9463195800781
111995,episode/length,500.0
111996,episode/return,624.228759765625
111996,episode/length,500.0
111997,episode/return,523.1444091796875
111997,episode/length,500.0
111998,episode/return,609.196533203125
111998,episode/length,500.0
111999,episode/return,646.0044555664062
111999,episode/length,500.0
115992,episode/return,296.6240539550781
115992,episode/length,500.0
115993,episode/return,750.7341918945312
115993,episode/length,500.0
115994,episode/return,562.1488647460938
115994,episode/length,500.0
115995,episode/return,634.3582763671875
115995,episode/length,500.0
115996,episode/return,621.89453125
115996,episode/length,500.0
115997,episode/return,709.943603515625
115997,episode/length,500.0
115998,episode/return,622.3639526367188
115998,episode/length,500.0
115999,episode/return,481.3909606933594
115999,episode/length,500.0
119992,episode/return,637.84814453125
119992,episode/length,500.0
119993,episode/return,501.9425964355469
119993,episode/length,500.0
119994,episode/return,160.04428100585938
119994,episode/length,500.0
119995,episode/return,631.9567260742188
119995,episode/length,500.0
119996,episode/return,490.3721008300781
119996,episode/length,500.0
119997,episode/return,507.07830810546875
119997,episode/length,500.0
119998,episode/return,325.2978210449219
119998,episode/length,500.0
119999,episode/return,409.449951171875
119999,episode/length,500.0
120000,train/consistency_loss_mean,2.47814937698422e-05
120000,train/consistency_loss_std,6.218945549750716e-06
120000,train/continue_loss_mean,0.0
120000,train/continue_loss_std,0.0
120000,train/grad_norm_mean,0.7449727597475052
120000,train/grad_norm_std,0.3356235251220942
120000,train/policy_log_std_mean,-0.8823752099037171
120000,train/policy_log_std_std,0.370894172759778
120000,train/policy_loss_mean,-0.24552251596450805
120000,train/policy_loss_std,0.009917845222384172
120000,train/reward_loss_mean,0.15943008819818497
120000,train/reward_loss_std,0.010682019865082203
120000,train/total_loss_mean,0.04611923842430115
120000,train/total_loss_std,0.0016293861431040005
120000,train/value_loss_mean,0.2968059888601303
120000,train/value_loss_std,0.013032236934083771
120000,train/value_scale_mean,147.4598027709961
120000,train/value_scale_std,3.6164238449646327
120000,timing/collect_chunk_s,58.03014811268076
120000,timing/train_chunk_s,20.77433154452592
120000,dense_rhs/training_bucket_horizon,3.0
120000,system/heartbeat,1.0
120000,dense_rhs/selected_horizon,3.0
120000,dense_rhs/proposed_horizon,3.0
120000,dense_rhs/phase_id,0.0
120000,dense_rhs/num_active_horizons,7.0
120000,dense_rhs/num_candidate_horizons,3.0
120000,dense_rhs/entropy,1.7441439628601074
120000,dense_rhs/norm_entropy,0.8963126540184021
120000,dense_rhs/best_fitness,0.03174609690904617
120000,dense_rhs/deployment_score_best,5.490992993628652e-09
120000,dense_rhs/incumbent_deployment_score,5.490992993628652e-09
120000,dense_rhs/proposed_deployment_score,5.490992993628652e-09
120000,dense_rhs/proposed_transition_cost,0.0
120000,dense_rhs/proposed_switch_probability,0.5
120000,dense_rhs/proposed_expected_net_benefit,0.0
120000,dense_rhs/transition_cost_best,0.0
120000,dense_rhs/transition_adjusted_score_best,5.490992993628652e-09
120000,dense_rhs/switch_probability_best,0.5
120000,dense_rhs/expected_improvement_best,0.564189612865448
120000,dense_rhs/expected_loss_best,0.564189612865448
120000,dense_rhs/expected_net_benefit_best,0.0
120000,dense_rhs/return_term_best,0.27527910470962524
120000,dense_rhs/roughness_term_best,0.956268846988678
120000,dense_rhs/return_std_term_best,5.960464477539063e-08
120000,dense_rhs/learner_proxy_term_best,0.9999491572380066
120000,dense_rhs/model_prefix_loss_best,0.24717262387275696
120000,dense_rhs/model_probe_prefix_best,0.08835965394973755
120000,dense_rhs/planner_return_best,129.86044311523438
120000,dense_rhs/roughness_best,0.031784363090991974
120000,dense_rhs/robust_return_best,25.700767517089844
120000,timing/query_model_diag_s,14.728849058039486
120000,timing/query_env_eval_s,5.1217810939997435
120000,timing/query_finalize_s,0.820547676179558
120000,timing/query_total_s,20.676320657134056
120000,dense_rhs/candidate_3_fitness,0.03174609690904617
120000,dense_rhs/candidate_3_deployment_score,5.490992993628652e-09
120000,dense_rhs/candidate_3_transition_cost,0.0
120000,dense_rhs/candidate_3_transition_adjusted_score,5.490992993628652e-09
120000,dense_rhs/candidate_3_switch_probability,0.5
120000,dense_rhs/candidate_3_expected_net_benefit,0.0
120000,dense_rhs/candidate_3_return,25.700767517089844
120000,dense_rhs/candidate_3_return_term,0.27527910470962524
120000,dense_rhs/candidate_3_roughness_term,0.956268846988678
120000,dense_rhs/candidate_3_return_std_term,5.960464477539063e-08
120000,dense_rhs/candidate_3_learner_proxy_term,0.9999491572380066
120000,dense_rhs/candidate_4_fitness,0.03162277489900589
120000,dense_rhs/candidate_4_deployment_score,1.036424932282963e-25
120000,dense_rhs/candidate_4_transition_cost,0.05098428204655647
120000,dense_rhs/candidate_4_transition_adjusted_score,-0.05098428204655647
120000,dense_rhs/candidate_4_switch_probability,0.4856207072734833
120000,dense_rhs/candidate_4_expected_net_benefit,-0.050984323024749756
120000,dense_rhs/candidate_4_return,-12.584678649902344
120000,dense_rhs/candidate_4_return_term,0.0
120000,dense_rhs/candidate_4_roughness_term,0.9079340696334839
120000,dense_rhs/candidate_4_return_std_term,0.12410694360733032
120000,dense_rhs/candidate_4_learner_proxy_term,0.9197874069213867
120000,dense_rhs/candidate_2_fitness,0.3483692407608032
120000,dense_rhs/candidate_2_deployment_score,0.00012558791786432266
120000,dense_rhs/candidate_2_transition_cost,0.0673181340098381
120000,dense_rhs/candidate_2_transition_adjusted_score,-0.06719254702329636
120000,dense_rhs/candidate_2_switch_probability,0.4810524582862854
120000,dense_rhs/candidate_2_expected_net_benefit,-0.06719255447387695
120000,dense_rhs/candidate_2_return,15.829376220703125
120000,dense_rhs/candidate_2_return_term,0.20430205762386322
120000,dense_rhs/candidate_2_roughness_term,1.0
120000,dense_rhs/candidate_2_return_std_term,0.07208698987960815
120000,dense_rhs/candidate_2_learner_proxy_term,1.0
120000,dense_rhs/deployment_utility_enabled,1.0
120000,dense_rhs/deployment_utility_observations,1.0
120000,dense_rhs/deployment_utility_last_observed_gain,68.93423461914062
120000,dense_rhs/candidate_2_expected_eval_gain,0.0
120000,dense_rhs/candidate_2_eval_gain_uncertainty,150.0
120000,dense_rhs/candidate_2_deployment_utility_score,47.5
120000,dense_rhs/candidate_3_expected_eval_gain,68.93423461914062
120000,dense_rhs/candidate_3_eval_gain_uncertainty,106.06601717798212
120000,dense_rhs/candidate_3_deployment_utility_score,95.45117613666581
120000,dense_rhs/candidate_4_expected_eval_gain,0.0
120000,dense_rhs/candidate_4_eval_gain_uncertainty,150.0
120000,dense_rhs/candidate_4_deployment_utility_score,37.5
120000,dense_rhs/deployment_utility_override,0.0
120000,dense_rhs/deployment_utility_selected_expected_gain,68.93423461914062
120000,dense_rhs/deployment_utility_selected_uncertainty,106.06601717798212
120000,dense_rhs/deployment_utility_selected_score,95.45117613666581
120000,dense_rhs/deployment_utility_proposed_horizon,3.0
120000,dense_rhs/deployment_utility_proposed_expected_gain,68.93423461914062
120000,dense_rhs/deployment_utility_proposed_uncertainty,106.06601717798212
120000,dense_rhs/deployment_utility_proposed_score,95.45117613666581
120000,dense_rhs/previous_horizon,3.0
120000,dense_rhs/training_bucket_horizon,3.0
120000,dense_rhs/best_h,3.0
120000,dense_rhs/prob_best_h,0.1015625
120000,dense_rhs/gauss_mean_best_h,0.2648410499095917
120000,dense_rhs/gauss_post_std_best_h,0.1648230254650116
120000,system/heartbeat,1.0
123992,episode/return,492.2104187011719
123992,episode/length,500.0
123993,episode/return,499.01580810546875
123993,episode/length,500.0
123994,episode/return,526.3132934570312
123994,episode/length,500.0
123995,episode/return,327.9947204589844
123995,episode/length,500.0
123996,episode/return,528.6962890625
123996,episode/length,500.0
123997,episode/return,401.10040283203125
123997,episode/length,500.0
123998,episode/return,375.9441223144531
123998,episode/length,500.0
123999,episode/return,394.2488708496094
123999,episode/length,500.0
127992,episode/return,210.3111572265625
127992,episode/length,500.0
127993,episode/return,196.95050048828125
127993,episode/length,500.0
127994,episode/return,520.2914428710938
127994,episode/length,500.0
127995,episode/return,427.0599365234375
127995,episode/length,500.0
127996,episode/return,357.41986083984375
127996,episode/length,500.0
127997,episode/return,519.9839477539062
127997,episode/length,500.0
127998,episode/return,542.4976806640625
127998,episode/length,500.0
127999,episode/return,440.72271728515625
127999,episode/length,500.0
130000,train/consistency_loss_mean,2.5566131944651716e-05
130000,train/consistency_loss_std,1.176416413994537e-05
130000,train/continue_loss_mean,0.0
130000,train/continue_loss_std,0.0
130000,train/grad_norm_mean,0.7633649287700653
130000,train/grad_norm_std,0.35686556858043783
130000,train/policy_log_std_mean,-0.8627763804912567
130000,train/policy_log_std_std,0.35658860653753505
130000,train/policy_loss_mean,-0.23953768178224563
130000,train/policy_loss_std,0.009676740014876499
130000,train/reward_loss_mean,0.16434697192907333
130000,train/reward_loss_std,0.01078362478562856
130000,train/total_loss_mean,0.04629913060963154
130000,train/total_loss_std,0.002179901317638766
130000,train/value_loss_mean,0.2935310980796814
130000,train/value_loss_std,0.017538637336237797
130000,train/value_scale_mean,158.81581318359375
130000,train/value_scale_std,2.2667646318821353
130000,timing/collect_chunk_s,59.480341442395
130000,timing/train_chunk_s,20.83781253080815
130000,dense_rhs/training_bucket_horizon,3.0
130000,system/heartbeat,1.0
131992,episode/return,296.1416931152344
131992,episode/length,500.0
131993,episode/return,760.0556640625
131993,episode/length,500.0
131994,episode/return,268.9600524902344
131994,episode/length,500.0
131995,episode/return,548.0269775390625
131995,episode/length,500.0
131996,episode/return,292.8241271972656
131996,episode/length,500.0
131997,episode/return,250.88397216796875
131997,episode/length,500.0
131998,episode/return,502.2674865722656
131998,episode/length,500.0
131999,episode/return,243.46829223632812
131999,episode/length,500.0
135992,episode/return,291.986328125
135992,episode/length,500.0
135993,episode/return,278.4380798339844
135993,episode/length,500.0
135994,episode/return,260.875
135994,episode/length,500.0
135995,episode/return,511.8086242675781
135995,episode/length,500.0
135996,episode/return,276.71490478515625
135996,episode/length,500.0
135997,episode/return,528.5886840820312
135997,episode/length,500.0
135998,episode/return,280.1482849121094
135998,episode/length,500.0
135999,episode/return,280.48895263671875
135999,episode/length,500.0
139992,episode/return,769.1890258789062
139992,episode/length,500.0
139993,episode/return,775.7679443359375
139993,episode/length,500.0
139994,episode/return,375.90948486328125
139994,episode/length,500.0
139995,episode/return,286.1567687988281
139995,episode/length,500.0
139996,episode/return,578.1026611328125
139996,episode/length,500.0
139997,episode/return,633.8065185546875
139997,episode/length,500.0
139998,episode/return,776.2386474609375
139998,episode/length,500.0
139999,episode/return,712.9942626953125
139999,episode/length,500.0
140000,train/consistency_loss_mean,2.3341173575317953e-05
140000,train/consistency_loss_std,8.870335677512421e-06
140000,train/continue_loss_mean,0.0
140000,train/continue_loss_std,0.0
140000,train/grad_norm_mean,0.754593694806099
140000,train/grad_norm_std,0.3624023370438278
140000,train/policy_log_std_mean,-0.8647825139045715
140000,train/policy_log_std_std,0.3672493802308108
140000,train/policy_loss_mean,-0.24515542392730713
140000,train/policy_loss_std,0.009930222154148816
140000,train/reward_loss_mean,0.16750181860923766
140000,train/reward_loss_std,0.010644064705833869
140000,train/total_loss_mean,0.046200008782744405
140000,train/total_loss_std,0.0018949538212862326
140000,train/value_loss_mean,0.28983003141880037
140000,train/value_loss_std,0.0149971794132136
140000,train/value_scale_mean,162.3084760986328
140000,train/value_scale_std,1.7865602360514972
140000,timing/collect_chunk_s,57.03892076946795
140000,timing/train_chunk_s,20.792722791433334
140000,dense_rhs/training_bucket_horizon,3.0
140000,system/heartbeat,1.0
143992,episode/return,298.0144348144531
143992,episode/length,500.0
143993,episode/return,286.69781494140625
143993,episode/length,500.0
143994,episode/return,336.7309875488281
143994,episode/length,500.0
143995,episode/return,553.6722412109375
143995,episode/length,500.0
143996,episode/return,464.66375732421875
143996,episode/length,500.0
143997,episode/return,303.7293395996094
143997,episode/length,500.0
143998,episode/return,216.8056182861328
143998,episode/length,500.0
143999,episode/return,617.8325805664062
143999,episode/length,500.0
147992,episode/return,622.690185546875
147992,episode/length,500.0
147993,episode/return,634.8955078125
147993,episode/length,500.0
147994,episode/return,756.9651489257812
147994,episode/length,500.0
147995,episode/return,738.6231079101562
147995,episode/length,500.0
147996,episode/return,738.95947265625
147996,episode/length,500.0
147997,episode/return,534.9218139648438
147997,episode/length,500.0
147998,episode/return,532.38232421875
147998,episode/length,500.0
147999,episode/return,537.0341186523438
147999,episode/length,500.0
150000,train/consistency_loss_mean,2.1844875492388384e-05
150000,train/consistency_loss_std,6.605561673780132e-06
150000,train/continue_loss_mean,0.0
150000,train/continue_loss_std,0.0
150000,train/grad_norm_mean,0.8247271548032761
150000,train/grad_norm_std,0.36618567662294754
150000,train/policy_log_std_mean,-0.8564996262550354
150000,train/policy_log_std_std,0.3509899253629549
150000,train/policy_loss_mean,-0.24270114775896073
150000,train/policy_loss_std,0.010520225135926731
150000,train/reward_loss_mean,0.17190795840024947
150000,train/reward_loss_std,0.010793649466012956
150000,train/total_loss_mean,0.04666281593739986
150000,train/total_loss_std,0.001649348368204003
150000,train/value_loss_mean,0.29035121099948885
150000,train/value_loss_std,0.012573696376608448
150000,train/value_scale_mean,173.00376121826173
150000,train/value_scale_std,6.400691219288872
150000,timing/collect_chunk_s,61.49816489266232
150000,timing/train_chunk_s,20.797658503986895
150000,dense_rhs/training_bucket_horizon,3.0
150000,system/heartbeat,1.0
150000,timing/checkpoint_blocking_s,0.43429590202867985
150000,eval/return_mean,516.10205078125
150000,eval/return_std,144.331787109375
150000,eval/return_max,810.785888671875
150000,eval/return_min,251.79495239257812
150000,dense_rhs/deployment_utility_last_observed_gain,73.86489868164062
150000,dense_rhs/deployment_utility_observations,2.0
150000,timing/eval_s,6.917648617178202
150000,eval/selected_horizon,3.0
150000,eval/training_bucket_horizon,3.0
150000,system/heartbeat,1.0
151992,episode/return,343.460205078125
151992,episode/length,500.0
151993,episode/return,392.6039123535156
151993,episode/length,500.0
151994,episode/return,324.0626525878906
151994,episode/length,500.0
151995,episode/return,510.9111633300781
151995,episode/length,500.0
151996,episode/return,306.0152893066406
151996,episode/length,500.0
151997,episode/return,224.63893127441406
151997,episode/length,500.0
151998,episode/return,533.7449951171875
151998,episode/length,500.0
151999,episode/return,380.81378173828125
151999,episode/length,500.0
155992,episode/return,500.1853942871094
155992,episode/length,500.0
155993,episode/return,633.9013671875
155993,episode/length,500.0
155994,episode/return,741.331787109375
155994,episode/length,500.0
155995,episode/return,633.1987915039062
155995,episode/length,500.0
155996,episode/return,518.7745971679688
155996,episode/length,500.0
155997,episode/return,756.2265625
155997,episode/length,500.0
155998,episode/return,636.3634033203125
155998,episode/length,500.0
155999,episode/return,525.865234375
155999,episode/length,500.0
159992,episode/return,638.9775390625
159992,episode/length,500.0
159993,episode/return,766.0296630859375
159993,episode/length,500.0
159994,episode/return,508.044921875
159994,episode/length,500.0
159995,episode/return,879.3078002929688
159995,episode/length,500.0
159996,episode/return,527.2684936523438
159996,episode/length,500.0
159997,episode/return,524.3633422851562
159997,episode/length,500.0
159998,episode/return,376.65618896484375
159998,episode/length,500.0
159999,episode/return,353.4698181152344
159999,episode/length,500.0
160000,train/consistency_loss_mean,2.2017687180778012e-05
160000,train/consistency_loss_std,8.67887095566806e-06
160000,train/continue_loss_mean,0.0
160000,train/continue_loss_std,0.0
160000,train/grad_norm_mean,0.9575655071258545
160000,train/grad_norm_std,0.43525634743836833
160000,train/policy_log_std_mean,-0.845665192079544
160000,train/policy_log_std_std,0.33970516542133017
160000,train/policy_loss_mean,-0.23003176126480102
160000,train/policy_loss_std,0.0096400167793145
160000,train/reward_loss_mean,0.17657334703207017
160000,train/reward_loss_std,0.01105847466814515
160000,train/total_loss_mean,0.04708378839790821
160000,train/total_loss_std,0.0019047107020506197
160000,train/value_loss_mean,0.2898609928369522
160000,train/value_loss_std,0.014672628686008502
160000,train/value_scale_mean,195.90585627441405
160000,train/value_scale_std,7.296298240452396
160000,timing/collect_chunk_s,55.65421123197302
160000,timing/train_chunk_s,20.710163373034447
160000,dense_rhs/training_bucket_horizon,3.0
160000,system/heartbeat,1.0
163992,episode/return,345.7745666503906
163992,episode/length,500.0
163993,episode/return,522.5618286132812
163993,episode/length,500.0
163994,episode/return,326.27716064453125
163994,episode/length,500.0
163995,episode/return,726.6385498046875
163995,episode/length,500.0
163996,episode/return,760.1482543945312
163996,episode/length,500.0
163997,episode/return,353.59173583984375
163997,episode/length,500.0
163998,episode/return,533.799072265625
163998,episode/length,500.0
163999,episode/return,670.9234008789062
163999,episode/length,500.0
167992,episode/return,514.6931762695312
167992,episode/length,500.0
167993,episode/return,348.7705383300781
167993,episode/length,500.0
167994,episode/return,544.2830810546875
167994,episode/length,500.0
167995,episode/return,312.107177734375
167995,episode/length,500.0
167996,episode/return,774.1004638671875
167996,episode/length,500.0
167997,episode/return,431.31231689453125
167997,episode/length,500.0
167998,episode/return,645.5328369140625
167998,episode/length,500.0
167999,episode/return,339.9939880371094
167999,episode/length,500.0
170000,train/consistency_loss_mean,2.1539633894280997e-05
170000,train/consistency_loss_std,6.9871463460417365e-06
170000,train/continue_loss_mean,0.0
170000,train/continue_loss_std,0.0
170000,train/grad_norm_mean,0.8807459803581238
170000,train/grad_norm_std,0.4058821073571922
170000,train/policy_log_std_mean,-0.8510084270954132
170000,train/policy_log_std_std,0.34961459044811677
170000,train/policy_loss_mean,-0.23418756892681122
170000,train/policy_loss_std,0.009595881647972997
170000,train/reward_loss_mean,0.18121606513261795
170000,train/reward_loss_std,0.010782814872269505
170000,train/total_loss_mean,0.047224989226460456
170000,train/total_loss_std,0.001714153163785513
170000,train/value_loss_mean,0.2867258884191513
170000,train/value_loss_std,0.013124696783600436
170000,train/value_scale_mean,205.69737169189452
170000,train/value_scale_std,0.9372854669712322
170000,timing/collect_chunk_s,59.17363334959373
170000,timing/train_chunk_s,20.739469760563225
170000,dense_rhs/training_bucket_horizon,3.0
170000,system/heartbeat,1.0
170000,dense_rhs/selected_horizon,3.0
170000,dense_rhs/proposed_horizon,3.0
170000,dense_rhs/phase_id,0.0
170000,dense_rhs/num_active_horizons,7.0
170000,dense_rhs/num_candidate_horizons,3.0
170000,dense_rhs/entropy,1.7096450328826904
170000,dense_rhs/norm_entropy,0.8785836696624756
170000,dense_rhs/best_fitness,0.03162277489900589
170000,dense_rhs/deployment_score_best,9.109484701794759e-26
170000,dense_rhs/incumbent_deployment_score,9.109484701794759e-26
170000,dense_rhs/proposed_deployment_score,9.109484701794759e-26
170000,dense_rhs/proposed_transition_cost,0.0
170000,dense_rhs/proposed_switch_probability,0.5
170000,dense_rhs/proposed_expected_net_benefit,0.0
170000,dense_rhs/transition_cost_best,0.0
170000,dense_rhs/transition_adjusted_score_best,9.109484701794759e-26
170000,dense_rhs/switch_probability_best,0.5
170000,dense_rhs/expected_improvement_best,0.0929914340376854
170000,dense_rhs/expected_loss_best,0.0929914340376854
170000,dense_rhs/expected_net_benefit_best,0.0
170000,dense_rhs/return_term_best,0.0
170000,dense_rhs/roughness_term_best,0.9571751952171326
170000,dense_rhs/return_std_term_best,0.1324152946472168
170000,dense_rhs/learner_proxy_term_best,0.7187274098396301
170000,dense_rhs/model_prefix_loss_best,0.2370593547821045
170000,dense_rhs/model_probe_prefix_best,0.0845966786146164
170000,dense_rhs/planner_return_best,146.88955688476562
170000,dense_rhs/roughness_best,0.024854229763150215
170000,dense_rhs/robust_return_best,16.33795166015625
170000,timing/query_model_diag_s,0.01138698821887374
170000,timing/query_env_eval_s,5.116080917883664
170000,timing/query_finalize_s,0.003494576085358858
170000,timing/query_total_s,5.1358600640669465
170000,dense_rhs/candidate_3_fitness,0.03162277489900589
170000,dense_rhs/candidate_3_deployment_score,9.109484701794759e-26
170000,dense_rhs/candidate_3_transition_cost,0.0
170000,dense_rhs/candidate_3_transition_adjusted_score,9.109484701794759e-26
170000,dense_rhs/candidate_3_switch_probability,0.5
170000,dense_rhs/candidate_3_expected_net_benefit,0.0
170000,dense_rhs/candidate_3_return,16.33795166015625
170000,dense_rhs/candidate_3_return_term,0.0
170000,dense_rhs/candidate_3_roughness_term,0.9571751952171326
170000,dense_rhs/candidate_3_return_std_term,0.1324152946472168
170000,dense_rhs/candidate_3_learner_proxy_term,0.7187274098396301
170000,dense_rhs/candidate_2_fitness,0.29352715611457825
170000,dense_rhs/candidate_2_deployment_score,8.565675670979545e-06
170000,dense_rhs/candidate_2_transition_cost,0.04740239679813385
170000,dense_rhs/candidate_2_transition_adjusted_score,-0.047393832355737686
170000,dense_rhs/candidate_2_switch_probability,0.40600264072418213
170000,dense_rhs/candidate_2_expected_net_benefit,-0.04739382863044739
170000,dense_rhs/candidate_2_return,30.149856567382812
170000,dense_rhs/candidate_2_return_term,0.10489199310541153
170000,dense_rhs/candidate_2_roughness_term,1.0
170000,dense_rhs/candidate_2_return_std_term,0.07076072692871094
170000,dense_rhs/candidate_2_learner_proxy_term,1.0
170000,dense_rhs/candidate_4_fitness,0.03162277489900589
170000,dense_rhs/candidate_4_deployment_score,1.396913806850364e-09
170000,dense_rhs/candidate_4_transition_cost,0.054507847875356674
170000,dense_rhs/candidate_4_transition_adjusted_score,-0.054507847875356674
170000,dense_rhs/candidate_4_switch_probability,0.3855547308921814
170000,dense_rhs/candidate_4_expected_net_benefit,-0.054507844150066376
170000,dense_rhs/candidate_4_return,47.63227844238281
170000,dense_rhs/candidate_4_return_term,0.2376590520143509
170000,dense_rhs/candidate_4_roughness_term,0.8253486752510071
170000,dense_rhs/candidate_4_return_std_term,0.0
170000,dense_rhs/candidate_4_learner_proxy_term,0.5305358171463013
170000,dense_rhs/deployment_utility_enabled,1.0
170000,dense_rhs/deployment_utility_observations,2.0
170000,dense_rhs/deployment_utility_last_observed_gain,73.86489868164062
170000,dense_rhs/candidate_2_expected_eval_gain,0.0
170000,dense_rhs/candidate_2_eval_gain_uncertainty,150.0
170000,dense_rhs/candidate_2_deployment_utility_score,47.5
170000,dense_rhs/candidate_3_expected_eval_gain,71.39956665039062
170000,dense_rhs/candidate_3_eval_gain_uncertainty,1.4233601118839945
170000,dense_rhs/candidate_3_deployment_utility_score,71.75540667836162
170000,dense_rhs/candidate_4_expected_eval_gain,0.0
170000,dense_rhs/candidate_4_eval_gain_uncertainty,150.0
170000,dense_rhs/candidate_4_deployment_utility_score,37.501630827339845
170000,dense_rhs/deployment_utility_override,0.0
170000,dense_rhs/deployment_utility_selected_expected_gain,71.39956665039062
170000,dense_rhs/deployment_utility_selected_uncertainty,1.4233601118839945
170000,dense_rhs/deployment_utility_selected_score,71.75540667836162
170000,dense_rhs/deployment_utility_proposed_horizon,3.0
170000,dense_rhs/deployment_utility_proposed_expected_gain,71.39956665039062
170000,dense_rhs/deployment_utility_proposed_uncertainty,1.4233601118839945
170000,dense_rhs/deployment_utility_proposed_score,71.75540667836162
170000,dense_rhs/previous_horizon,3.0
170000,dense_rhs/training_bucket_horizon,3.0
170000,dense_rhs/best_h,3.0
170000,dense_rhs/prob_best_h,0.048828125
170000,dense_rhs/gauss_mean_best_h,0.18710163235664368
170000,dense_rhs/gauss_post_std_best_h,0.12689760327339172
170000,system/heartbeat,1.0
171992,episode/return,872.8090209960938
171992,episode/length,500.0
171993,episode/return,231.131591796875
171993,episode/length,500.0
171994,episode/return,249.62704467773438
171994,episode/length,500.0
171995,episode/return,756.3013916015625
171995,episode/length,500.0
171996,episode/return,647.515625
171996,episode/length,500.0
171997,episode/return,775.3590087890625
171997,episode/length,500.0
171998,episode/return,632.8388671875
171998,episode/length,500.0
171999,episode/return,309.6180114746094
171999,episode/length,500.0
175992,episode/return,465.88720703125
175992,episode/length,500.0
175993,episode/return,537.3174438476562
175993,episode/length,500.0
175994,episode/return,529.5943603515625
175994,episode/length,500.0
175995,episode/return,299.331298828125
175995,episode/length,500.0
175996,episode/return,376.21514892578125
175996,episode/length,500.0
175997,episode/return,485.12615966796875
175997,episode/length,500.0
175998,episode/return,319.82489013671875
175998,episode/length,500.0
175999,episode/return,321.7778625488281
175999,episode/length,500.0
179992,episode/return,370.7071228027344
179992,episode/length,500.0
179993,episode/return,265.9907531738281
179993,episode/length,500.0
179994,episode/return,646.202392578125
179994,episode/length,500.0
179995,episode/return,429.2402648925781
179995,episode/length,500.0
179996,episode/return,422.3027038574219
179996,episode/length,500.0
179997,episode/return,368.73077392578125
179997,episode/length,500.0
179998,episode/return,640.2399291992188
179998,episode/length,500.0
179999,episode/return,299.7046203613281
179999,episode/length,500.0
180000,train/consistency_loss_mean,2.1749931793601717e-05
180000,train/consistency_loss_std,7.39216485635717e-06
180000,train/continue_loss_mean,0.0
180000,train/continue_loss_std,0.0
180000,train/grad_norm_mean,0.816256736946106
180000,train/grad_norm_std,0.3599967489438931
180000,train/policy_log_std_mean,-0.8320329840660096
180000,train/policy_log_std_std,0.3321504315369072
180000,train/policy_loss_mean,-0.2392336777329445
180000,train/policy_loss_std,0.009178777605696556
180000,train/reward_loss_mean,0.18399219297170638
180000,train/reward_loss_std,0.01093100483008711
180000,train/total_loss_mean,0.048071033221483234
180000,train/total_loss_std,0.001754866830861214
180000,train/value_loss_mean,0.2923681404590607
180000,train/value_loss_std,0.013141861156821177
180000,train/value_scale_mean,206.6060073486328
180000,train/value_scale_std,0.7954279236281139
180000,timing/collect_chunk_s,56.06822411669418
180000,timing/train_chunk_s,20.71685123303905
180000,dense_rhs/training_bucket_horizon,3.0
180000,system/heartbeat,1.0
183992,episode/return,397.60540771484375
183992,episode/length,500.0
183993,episode/return,373.8021545410156
183993,episode/length,500.0
183994,episode/return,386.5237121582031
183994,episode/length,500.0
183995,episode/return,463.07354736328125
183995,episode/length,500.0
183996,episode/return,673.7476806640625
183996,episode/length,500.0
183997,episode/return,652.68115234375
183997,episode/length,500.0
183998,episode/return,770.2438354492188
183998,episode/length,500.0
183999,episode/return,197.000244140625
183999,episode/length,500.0
187992,episode/return,777.0026245117188
187992,episode/length,500.0
187993,episode/return,752.2027587890625
187993,episode/length,500.0
187994,episode/return,482.5099792480469
187994,episode/length,500.0
187995,episode/return,629.8634643554688
187995,episode/length,500.0
187996,episode/return,630.8683471679688
187996,episode/length,500.0
187997,episode/return,637.2256469726562
187997,episode/length,500.0
187998,episode/return,637.0394287109375
187998,episode/length,500.0
187999,episode/return,527.2073364257812
187999,episode/length,500.0
190000,train/consistency_loss_mean,2.115192703422508e-05
190000,train/consistency_loss_std,7.390784811918612e-06
190000,train/continue_loss_mean,0.0
190000,train/continue_loss_std,0.0
190000,train/grad_norm_mean,0.7766869273424148
190000,train/grad_norm_std,0.3480147665826277
190000,train/policy_log_std_mean,-0.8352670481681824
190000,train/policy_log_std_std,0.33145054906656574
190000,train/policy_loss_mean,-0.24588823244571686
190000,train/policy_loss_std,0.009307372717226085
190000,train/reward_loss_mean,0.1866792583823204
190000,train/reward_loss_std,0.011032522674919606
190000,train/total_loss_mean,0.04882137695848942
190000,train/total_loss_std,0.0017485918611417081
190000,train/value_loss_mean,0.2973041182756424
190000,train/value_loss_std,0.012959115262081076
190000,train/value_scale_mean,203.5019665527344
190000,train/value_scale_std,1.2255112891241668
190000,timing/collect_chunk_s,62.08223672630265
190000,timing/train_chunk_s,20.749231406487525
190000,dense_rhs/training_bucket_horizon,3.0
190000,system/heartbeat,1.0
191992,episode/return,411.5751953125
191992,episode/length,500.0
191993,episode/return,816.8709716796875
191993,episode/length,500.0
191994,episode/return,420.1704406738281
191994,episode/length,500.0
191995,episode/return,524.9439086914062
191995,episode/length,500.0
191996,episode/return,540.7763671875
191996,episode/length,500.0
191997,episode/return,271.5728759765625
191997,episode/length,500.0
191998,episode/return,629.302490234375
191998,episode/length,500.0
191999,episode/return,325.87152099609375
191999,episode/length,500.0
195992,episode/return,396.3782653808594
195992,episode/length,500.0
195993,episode/return,635.790283203125
195993,episode/length,500.0
195994,episode/return,491.026123046875
195994,episode/length,500.0
195995,episode/return,558.4871215820312
195995,episode/length,500.0
195996,episode/return,632.1333618164062
195996,episode/length,500.0
195997,episode/return,518.358642578125
195997,episode/length,500.0
195998,episode/return,400.036376953125
195998,episode/length,500.0
195999,episode/return,634.022705078125
195999,episode/length,500.0
199992,episode/return,643.6570434570312
199992,episode/length,500.0
199993,episode/return,488.4509582519531
199993,episode/length,500.0
199994,episode/return,725.1138305664062
199994,episode/length,500.0
199995,episode/return,630.9189453125
199995,episode/length,500.0
199996,episode/return,414.046630859375
199996,episode/length,500.0
199997,episode/return,526.4567260742188
199997,episode/length,500.0
199998,episode/return,350.924072265625
199998,episode/length,500.0
199999,episode/return,553.6006469726562
199999,episode/length,500.0
200000,train/consistency_loss_mean,2.0655601254838985e-05
200000,train/consistency_loss_std,6.676502014054317e-06
200000,train/continue_loss_mean,0.0
200000,train/continue_loss_std,0.0
200000,train/grad_norm_mean,0.750502918601036
200000,train/grad_norm_std,0.32568319957310915
200000,train/policy_log_std_mean,-0.828305596780777
200000,train/policy_log_std_std,0.33136214837231065
200000,train/policy_loss_mean,-0.25094798542261126
200000,train/policy_loss_std,0.00931400104102825
200000,train/reward_loss_mean,0.18975800597667694
200000,train/reward_loss_std,0.010966234031774613
200000,train/total_loss_mean,0.0493903996437788
200000,train/total_loss_std,0.0016478753123260552
200000,train/value_loss_mean,0.3000148591995239
200000,train/value_loss_std,0.011754115073119588
200000,train/value_scale_mean,203.10416345214844
200000,train/value_scale_std,0.7481107223989614
200000,timing/collect_chunk_s,56.906855083070695
200000,timing/train_chunk_s,20.758303003385663
200000,dense_rhs/training_bucket_horizon,3.0
200000,system/heartbeat,1.0
200000,timing/checkpoint_blocking_s,0.4538572859019041
200000,eval/return_mean,467.06231689453125
200000,eval/return_std,125.67279052734375
200000,eval/return_max,652.3712158203125
200000,eval/return_min,200.393798828125
200000,dense_rhs/deployment_utility_last_observed_gain,-49.03973388671875
200000,dense_rhs/deployment_utility_observations,3.0
200000,timing/eval_s,6.9012147821486
200000,eval/selected_horizon,3.0
200000,eval/training_bucket_horizon,3.0
200000,system/heartbeat,1.0
203992,episode/return,365.60577392578125
203992,episode/length,500.0
203993,episode/return,346.9200134277344
203993,episode/length,500.0
203994,episode/return,714.8948974609375
203994,episode/length,500.0
203995,episode/return,242.1117401123047
203995,episode/length,500.0
203996,episode/return,201.03662109375
203996,episode/length,500.0
203997,episode/return,418.11639404296875
203997,episode/length,500.0
203998,episode/return,634.197265625
203998,episode/length,500.0
203999,episode/return,414.3797607421875
203999,episode/length,500.0
207992,episode/return,500.8939208984375
207992,episode/length,500.0
207993,episode/return,813.9235229492188
207993,episode/length,500.0
207994,episode/return,656.7743530273438
207994,episode/length,500.0
207995,episode/return,483.7549743652344
207995,episode/length,500.0
207996,episode/return,416.5352478027344
207996,episode/length,500.0
207997,episode/return,756.6770629882812
207997,episode/length,500.0
207998,episode/return,499.30731201171875
207998,episode/length,500.0
207999,episode/return,366.1874084472656
207999,episode/length,500.0
210000,train/consistency_loss_mean,2.0879898862040136e-05
210000,train/consistency_loss_std,1.1831619680851131e-05
210000,train/continue_loss_mean,0.0
210000,train/continue_loss_std,0.0
210000,train/grad_norm_mean,0.7411406518220901
210000,train/grad_norm_std,0.3260307811657114
210000,train/policy_log_std_mean,-0.8339987311840057
210000,train/policy_log_std_std,0.3416326353207563
210000,train/policy_loss_mean,-0.2548927962303162
210000,train/policy_loss_std,0.009447948183858046
210000,train/reward_loss_mean,0.19209333157539368
210000,train/reward_loss_std,0.01094080939583618
210000,train/total_loss_mean,0.04988566375076771
210000,train/total_loss_std,0.001983067846902929
210000,train/value_loss_mean,0.3025873197555542
210000,train/value_loss_std,0.014782317734103486
210000,train/value_scale_mean,201.93338555908204
210000,train/value_scale_std,0.2836807574007923
210000,timing/collect_chunk_s,62.231644086074084
210000,timing/train_chunk_s,20.77866486972198
210000,dense_rhs/training_bucket_horizon,3.0
210000,system/heartbeat,1.0
211992,episode/return,335.5471496582031
211992,episode/length,500.0
211993,episode/return,638.8778076171875
211993,episode/length,500.0
211994,episode/return,340.09503173828125
211994,episode/length,500.0
211995,episode/return,248.62966918945312
211995,episode/length,500.0
211996,episode/return,649.7855224609375
211996,episode/length,500.0
211997,episode/return,528.8116455078125
211997,episode/length,500.0
211998,episode/return,270.3165283203125
211998,episode/length,500.0
211999,episode/return,636.31103515625
211999,episode/length,500.0
215992,episode/return,380.370849609375
215992,episode/length,500.0
215993,episode/return,406.9219665527344
215993,episode/length,500.0
215994,episode/return,199.81764221191406
215994,episode/length,500.0
215995,episode/return,537.5779418945312
215995,episode/length,500.0
215996,episode/return,529.6583251953125
215996,episode/length,500.0
215997,episode/return,532.0261840820312
215997,episode/length,500.0
215998,episode/return,476.9031066894531
215998,episode/length,500.0
215999,episode/return,516.1674194335938
215999,episode/length,500.0
219992,episode/return,742.7711791992188
219992,episode/length,500.0
219993,episode/return,402.53863525390625
219993,episode/length,500.0
219994,episode/return,278.5528259277344
219994,episode/length,500.0
219995,episode/return,772.1726684570312
219995,episode/length,500.0
219996,episode/return,638.99462890625
219996,episode/length,500.0
219997,episode/return,749.9901733398438
219997,episode/length,500.0
219998,episode/return,268.9609375
219998,episode/length,500.0
219999,episode/return,793.7869262695312
219999,episode/length,500.0
220000,train/consistency_loss_mean,1.9874029175844042e-05
220000,train/consistency_loss_std,6.056637205489587e-06
220000,train/continue_loss_mean,0.0
220000,train/continue_loss_std,0.0
220000,train/grad_norm_mean,0.7346547830581664
220000,train/grad_norm_std,0.32984701851650644
220000,train/policy_log_std_mean,-0.8362504753112793
220000,train/policy_log_std_std,0.33908390835554725
220000,train/policy_loss_mean,-0.2585501896619797
220000,train/policy_loss_std,0.009279853415676961
220000,train/reward_loss_mean,0.19408112791776658
220000,train/reward_loss_std,0.010987886087293744
220000,train/total_loss_mean,0.05020706034898758
220000,train/total_loss_std,0.001641688945842819
220000,train/value_loss_mean,0.3040146610021591
220000,train/value_loss_std,0.011604711166768282
220000,train/value_scale_mean,201.86421610107422
220000,train/value_scale_std,0.294175370844375
220000,timing/collect_chunk_s,57.04423218546435
220000,timing/train_chunk_s,20.769041278399527
220000,dense_rhs/training_bucket_horizon,3.0
220000,system/heartbeat,1.0
220000,dense_rhs/selected_horizon,4.0
220000,dense_rhs/proposed_horizon,3.0
220000,dense_rhs/phase_id,0.0
220000,dense_rhs/num_active_horizons,7.0
220000,dense_rhs/num_candidate_horizons,3.0
220000,dense_rhs/entropy,1.6770820617675781
220000,dense_rhs/norm_entropy,0.8618496656417847
220000,dense_rhs/best_fitness,0.23257359862327576
220000,dense_rhs/deployment_score_best,2.7837382731377147e-05
220000,dense_rhs/incumbent_deployment_score,2.821603602251304e-25
220000,dense_rhs/proposed_deployment_score,2.821603602251304e-25
220000,dense_rhs/proposed_transition_cost,0.0
220000,dense_rhs/proposed_switch_probability,0.5
220000,dense_rhs/proposed_expected_net_benefit,0.0
220000,dense_rhs/transition_cost_best,0.0
220000,dense_rhs/transition_adjusted_score_best,2.821603602251304e-25
220000,dense_rhs/switch_probability_best,0.5
220000,dense_rhs/expected_improvement_best,0.07159431278705597
220000,dense_rhs/expected_loss_best,0.07159431278705597
220000,dense_rhs/expected_net_benefit_best,0.0
220000,dense_rhs/return_term_best,0.24437668919563293
220000,dense_rhs/roughness_term_best,0.8374595642089844
220000,dense_rhs/return_std_term_best,0.014291226863861084
220000,dense_rhs/learner_proxy_term_best,0.6521626710891724
220000,dense_rhs/model_prefix_loss_best,0.2639218270778656
220000,dense_rhs/model_probe_prefix_best,0.10730159282684326
220000,dense_rhs/planner_return_best,163.81272888183594
220000,dense_rhs/roughness_best,0.031205859035253525
220000,dense_rhs/robust_return_best,34.51666259765625
220000,timing/query_model_diag_s,0.011660396121442318
220000,timing/query_env_eval_s,5.131959095131606
220000,timing/query_finalize_s,0.003607420716434717
220000,timing/query_total_s,5.152887742035091
220000,dense_rhs/candidate_3_fitness,0.03162277489900589
220000,dense_rhs/candidate_3_deployment_score,2.821603602251304e-25
220000,dense_rhs/candidate_3_transition_cost,0.0
220000,dense_rhs/candidate_3_transition_adjusted_score,2.821603602251304e-25
220000,dense_rhs/candidate_3_switch_probability,0.5
220000,dense_rhs/candidate_3_expected_net_benefit,0.0
220000,dense_rhs/candidate_3_return,-8.314903259277344
220000,dense_rhs/candidate_3_return_term,0.0
220000,dense_rhs/candidate_3_roughness_term,0.941726803779602
220000,dense_rhs/candidate_3_return_std_term,0.35920554399490356
220000,dense_rhs/candidate_3_learner_proxy_term,0.8341189622879028
220000,dense_rhs/candidate_2_fitness,0.03162277489900589
220000,dense_rhs/candidate_2_deployment_score,1.5447419732250722e-10
220000,dense_rhs/candidate_2_transition_cost,0.05989955738186836
220000,dense_rhs/candidate_2_transition_adjusted_score,-0.05989955738186836
220000,dense_rhs/candidate_2_switch_probability,0.3447292447090149
220000,dense_rhs/candidate_2_expected_net_benefit,-0.059899553656578064
220000,dense_rhs/candidate_2_return,11.224807739257812
220000,dense_rhs/candidate_2_return_term,0.11148437112569809
220000,dense_rhs/candidate_2_roughness_term,1.0
220000,dense_rhs/candidate_2_return_std_term,0.0
220000,dense_rhs/candidate_2_learner_proxy_term,1.0
220000,dense_rhs/candidate_4_fitness,0.23257359862327576
220000,dense_rhs/candidate_4_deployment_score,2.7837382731377147e-05
220000,dense_rhs/candidate_4_transition_cost,0.04549747705459595
220000,dense_rhs/candidate_4_transition_adjusted_score,-0.04546963796019554
220000,dense_rhs/candidate_4_switch_probability,0.37629571557044983
220000,dense_rhs/candidate_4_expected_net_benefit,-0.04546963423490524
220000,dense_rhs/candidate_4_return,34.51666259765625
220000,dense_rhs/candidate_4_return_term,0.24437668919563293
220000,dense_rhs/candidate_4_roughness_term,0.8374595642089844
220000,dense_rhs/candidate_4_return_std_term,0.014291226863861084
220000,dense_rhs/candidate_4_learner_proxy_term,0.6521626710891724
220000,dense_rhs/deployment_utility_enabled,1.0
220000,dense_rhs/deployment_utility_observations,3.0
220000,dense_rhs/deployment_utility_last_observed_gain,-49.03973388671875
220000,dense_rhs/candidate_2_expected_eval_gain,0.0
220000,dense_rhs/candidate_2_eval_gain_uncertainty,150.0
220000,dense_rhs/candidate_2_deployment_utility_score,37.50005549163828
220000,dense_rhs/candidate_3_expected_eval_gain,31.253133138020832
220000,dense_rhs/candidate_3_eval_gain_uncertainty,28.40565153073619
220000,dense_rhs/candidate_3_deployment_utility_score,38.35454602070488
220000,dense_rhs/candidate_4_expected_eval_gain,0.0
220000,dense_rhs/candidate_4_eval_gain_uncertainty,150.0
220000,dense_rhs/candidate_4_deployment_utility_score,47.5
220000,dense_rhs/deployment_utility_override,1.0
220000,dense_rhs/deployment_utility_selected_expected_gain,0.0
220000,dense_rhs/deployment_utility_selected_uncertainty,150.0
220000,dense_rhs/deployment_utility_selected_score,47.5
220000,dense_rhs/deployment_utility_proposed_horizon,4.0
220000,dense_rhs/deployment_utility_proposed_expected_gain,0.0
220000,dense_rhs/deployment_utility_proposed_uncertainty,150.0
220000,dense_rhs/deployment_utility_proposed_score,47.5
220000,dense_rhs/previous_horizon,3.0
220000,dense_rhs/training_bucket_horizon,4.0
220000,dense_rhs/best_h,4.0
220000,dense_rhs/prob_best_h,0.013671875
220000,dense_rhs/gauss_mean_best_h,0.14485865831375122
220000,dense_rhs/gauss_post_std_best_h,0.05733243376016617
220000,system/heartbeat,1.0
223992,episode/return,483.90478515625
223992,episode/length,500.0
223993,episode/return,559.0665283203125
223993,episode/length,500.0
223994,episode/return,558.6871337890625
223994,episode/length,500.0
223995,episode/return,540.9168701171875
223995,episode/length,500.0
223996,episode/return,480.242919921875
223996,episode/length,500.0
223997,episode/return,331.8050842285156
223997,episode/length,500.0
223998,episode/return,559.0819702148438
223998,episode/length,500.0
223999,episode/return,807.6221923828125
223999,episode/length,500.0
227992,episode/return,393.93988037109375
227992,episode/length,500.0
227993,episode/return,217.12783813476562
227993,episode/length,500.0
227994,episode/return,379.5429992675781
227994,episode/length,500.0
227995,episode/return,392.9146728515625
227995,episode/length,500.0
227996,episode/return,391.6781005859375
227996,episode/length,500.0
227997,episode/return,629.799072265625
227997,episode/length,500.0
227998,episode/return,819.07177734375
227998,episode/length,500.0
227999,episode/return,359.90228271484375
227999,episode/length,500.0
230000,train/consistency_loss_mean,1.5938531592837535e-05
230000,train/consistency_loss_std,4.099592653083517e-06
230000,train/continue_loss_mean,0.0
230000,train/continue_loss_std,0.0
230000,train/grad_norm_mean,0.58754896337986
230000,train/grad_norm_std,0.25884492688555555
230000,train/policy_log_std_mean,-0.8241643279647827
230000,train/policy_log_std_std,0.33494215012470135
230000,train/policy_loss_mean,-0.21515706362724304
230000,train/policy_loss_std,0.0077515075245797906
230000,train/reward_loss_mean,0.1578002081155777
230000,train/reward_loss_std,0.008850467947106921
230000,train/total_loss_mean,0.04031318661272526
230000,train/total_loss_std,0.0012371620028954083
230000,train/value_loss_mean,0.24214393877983093
230000,train/value_loss_std,0.008466089173381949
230000,train/value_scale_mean,202.29464592285157
230000,train/value_scale_std,0.6294985687898408
230000,timing/collect_chunk_s,120.04474758729339
230000,timing/train_chunk_s,228.5131778465584
230000,dense_rhs/training_bucket_horizon,4.0
230000,system/heartbeat,1.0
231992,episode/return,535.96923828125
231992,episode/length,500.0
231993,episode/return,370.7495422363281
231993,episode/length,500.0
231994,episode/return,633.7805786132812
231994,episode/length,500.0
231995,episode/return,542.333251953125
231995,episode/length,500.0
231996,episode/return,242.0789031982422
231996,episode/length,500.0
231997,episode/return,795.275634765625
231997,episode/length,500.0
231998,episode/return,371.6453857421875
231998,episode/length,500.0
231999,episode/return,235.22000122070312
231999,episode/length,500.0
235992,episode/return,261.9796447753906
235992,episode/length,500.0
235993,episode/return,527.4872436523438
235993,episode/length,500.0
235994,episode/return,534.3460083007812
235994,episode/length,500.0
235995,episode/return,284.3546142578125
235995,episode/length,500.0
235996,episode/return,373.67742919921875
235996,episode/length,500.0
235997,episode/return,660.700439453125
235997,episode/length,500.0
235998,episode/return,242.210693359375
235998,episode/length,500.0
235999,episode/return,380.13958740234375
235999,episode/length,500.0
239992,episode/return,673.0938720703125
239992,episode/length,500.0
239993,episode/return,745.763916015625
239993,episode/length,500.0
239994,episode/return,533.0797119140625
239994,episode/length,500.0
239995,episode/return,428.88177490234375
239995,episode/length,500.0
239996,episode/return,406.51708984375
239996,episode/length,500.0
239997,episode/return,522.2998657226562
239997,episode/length,500.0
239998,episode/return,496.573486328125
239998,episode/length,500.0
239999,episode/return,544.737548828125
239999,episode/length,500.0
240000,train/consistency_loss_mean,1.65744083285972e-05
240000,train/consistency_loss_std,4.5890286110037025e-06
240000,train/continue_loss_mean,0.0
240000,train/continue_loss_std,0.0
240000,train/grad_norm_mean,0.5635503351449966
240000,train/grad_norm_std,0.25169291296306257
240000,train/policy_log_std_mean,-0.8135511235427857
240000,train/policy_log_std_std,0.3337932693844323
240000,train/policy_loss_mean,-0.21717991058826447
240000,train/policy_loss_std,0.007747792848332073
240000,train/reward_loss_mean,0.1586440398454666
240000,train/reward_loss_std,0.008759053569914275
240000,train/total_loss_mean,0.0405102467238903
240000,train/total_loss_std,0.0012195890798506414
240000,train/value_loss_mean,0.24314353386163712
240000,train/value_loss_std,0.008303370541658417
240000,train/value_scale_mean,202.61376514892578
240000,train/value_scale_std,0.3736897790264616
240000,timing/collect_chunk_s,59.0313702179119
240000,timing/train_chunk_s,25.37961052916944
240000,dense_rhs/training_bucket_horizon,4.0
240000,system/heartbeat,1.0
243992,episode/return,516.0401000976562
243992,episode/length,500.0
243993,episode/return,626.826904296875
243993,episode/length,500.0
243994,episode/return,767.6367797851562
243994,episode/length,500.0
243995,episode/return,379.65576171875
243995,episode/length,500.0
243996,episode/return,740.4892578125
243996,episode/length,500.0
243997,episode/return,625.9381713867188
243997,episode/length,500.0
243998,episode/return,760.6083984375
243998,episode/length,500.0
243999,episode/return,474.3446044921875
243999,episode/length,500.0
247992,episode/return,394.620361328125
247992,episode/length,500.0
247993,episode/return,620.974609375
247993,episode/length,500.0
247994,episode/return,645.765869140625
247994,episode/length,500.0
247995,episode/return,530.3450927734375
247995,episode/length,500.0
247996,episode/return,373.5422668457031
247996,episode/length,500.0
247997,episode/return,666.3153686523438
247997,episode/length,500.0
247998,episode/return,271.4844055175781
247998,episode/length,500.0
247999,episode/return,649.580322265625
247999,episode/length,500.0
250000,train/consistency_loss_mean,1.601138931728201e-05
250000,train/consistency_loss_std,3.537414703248399e-06
250000,train/continue_loss_mean,0.0
250000,train/continue_loss_std,0.0
250000,train/grad_norm_mean,0.5605533933639526
250000,train/grad_norm_std,0.24500638587018522
250000,train/policy_log_std_mean,-0.798558921585083
250000,train/policy_log_std_std,0.33387987457179313
250000,train/policy_loss_mean,-0.21993004772663116
250000,train/policy_loss_std,0.007859762624749604
250000,train/reward_loss_mean,0.16021525223255156
250000,train/reward_loss_std,0.008775665256716443
250000,train/total_loss_mean,0.04071717604696751
250000,train/total_loss_std,0.0011966060664458423
250000,train/value_loss_mean,0.2437542194008827
250000,train/value_loss_std,0.007956419076380002
250000,train/value_scale_mean,201.81822716064454
250000,train/value_scale_std,0.4854586588816607
250000,timing/collect_chunk_s,57.65947595378384
250000,timing/train_chunk_s,25.36522035067901
250000,dense_rhs/training_bucket_horizon,4.0
250000,system/heartbeat,1.0
250000,timing/checkpoint_blocking_s,0.4367590770125389
250000,eval/return_mean,503.1759338378906
250000,eval/return_std,149.66049194335938
250000,eval/return_max,878.4818115234375
250000,eval/return_min,215.03746032714844
250000,dense_rhs/deployment_utility_last_observed_gain,36.113616943359375
250000,dense_rhs/deployment_utility_observations,4.0
250000,timing/eval_s,27.500128130428493
250000,eval/selected_horizon,4.0
250000,eval/training_bucket_horizon,4.0
250000,system/heartbeat,1.0
251992,episode/return,548.94970703125
251992,episode/length,500.0
251993,episode/return,635.3773193359375
251993,episode/length,500.0
251994,episode/return,416.5910339355469
251994,episode/length,500.0
251995,episode/return,347.1422119140625
251995,episode/length,500.0
251996,episode/return,632.1455078125
251996,episode/length,500.0
251997,episode/return,279.967529296875
251997,episode/length,500.0
251998,episode/return,551.0107421875
251998,episode/length,500.0
251999,episode/return,332.7709655761719
251999,episode/length,500.0
255992,episode/return,357.7761535644531
255992,episode/length,500.0
255993,episode/return,466.60064697265625
255993,episode/length,500.0
255994,episode/return,551.5081787109375
255994,episode/length,500.0
255995,episode/return,688.1615600585938
255995,episode/length,500.0
255996,episode/return,457.5980224609375
255996,episode/length,500.0
255997,episode/return,425.0433654785156
255997,episode/length,500.0
255998,episode/return,373.79119873046875
255998,episode/length,500.0
255999,episode/return,538.1751708984375
255999,episode/length,500.0
259992,episode/return,526.0836181640625
259992,episode/length,500.0
259993,episode/return,656.6109619140625
259993,episode/length,500.0
259994,episode/return,374.3336181640625
259994,episode/length,500.0
259995,episode/return,526.6792602539062
259995,episode/length,500.0
259996,episode/return,655.8067626953125
259996,episode/length,500.0
259997,episode/return,225.23594665527344
259997,episode/length,500.0
259998,episode/return,372.509765625
259998,episode/length,500.0
259999,episode/return,529.0284423828125
259999,episode/length,500.0
260000,train/consistency_loss_mean,1.60094768012641e-05
260000,train/consistency_loss_std,4.022713672202005e-06
260000,train/continue_loss_mean,0.0
260000,train/continue_loss_std,0.0
260000,train/grad_norm_mean,0.5559809688568115
260000,train/grad_norm_std,0.24527847357563273
260000,train/policy_log_std_mean,-0.7920984059524536
260000,train/policy_log_std_std,0.3185631896590855
260000,train/policy_loss_mean,-0.2211002848982811
260000,train/policy_loss_std,0.007883411342071425
260000,train/reward_loss_mean,0.1614969416975975
260000,train/reward_loss_std,0.008822797138042321
260000,train/total_loss_mean,0.040691473615169525
260000,train/total_loss_std,0.0011995891177847388
260000,train/value_loss_mean,0.24221589292287826
260000,train/value_loss_std,0.00800023575259167
260000,train/value_scale_mean,202.61255518798828
260000,train/value_scale_std,0.6666466038326725
260000,timing/collect_chunk_s,63.954720250330865
260000,timing/train_chunk_s,25.45728569990024
260000,dense_rhs/training_bucket_horizon,4.0
260000,system/heartbeat,1.0
263992,episode/return,738.4024047851562
263992,episode/length,500.0
263993,episode/return,494.851318359375
263993,episode/length,500.0
263994,episode/return,633.4860229492188
263994,episode/length,500.0
263995,episode/return,459.5401306152344
263995,episode/length,500.0
263996,episode/return,299.77813720703125
263996,episode/length,500.0
263997,episode/return,738.184326171875
263997,episode/length,500.0
263998,episode/return,423.5113220214844
263998,episode/length,500.0
263999,episode/return,633.4136962890625
263999,episode/length,500.0
267992,episode/return,759.0587768554688
267992,episode/length,500.0
267993,episode/return,304.2612609863281
267993,episode/length,500.0
267994,episode/return,629.031494140625
267994,episode/length,500.0
267995,episode/return,762.6371459960938
267995,episode/length,500.0
267996,episode/return,759.7921142578125
267996,episode/length,500.0
267997,episode/return,655.37939453125
267997,episode/length,500.0
267998,episode/return,430.791259765625
267998,episode/length,500.0
267999,episode/return,630.273681640625
267999,episode/length,500.0
270000,train/consistency_loss_mean,1.5795832297590094e-05
270000,train/consistency_loss_std,4.296797866605564e-06
270000,train/continue_loss_mean,0.0
270000,train/continue_loss_std,0.0
270000,train/grad_norm_mean,0.5561945218324661
270000,train/grad_norm_std,0.2521150844859721
270000,train/policy_log_std_mean,-0.7726816680145263
270000,train/policy_log_std_std,0.32966778334997937
270000,train/policy_loss_mean,-0.22342596735954284
270000,train/policy_loss_std,0.007890882189874627
270000,train/reward_loss_mean,0.16293949654102324
270000,train/reward_loss_std,0.0088510409309177
270000,train/total_loss_mean,0.04080843378901482
270000,train/total_loss_std,0.001237151121906608
270000,train/value_loss_mean,0.24198566859960555
270000,train/value_loss_std,0.008515920455930161
270000,train/value_scale_mean,202.8318577270508
270000,train/value_scale_std,0.31393230708194125
270000,timing/collect_chunk_s,59.02876538829878
270000,timing/train_chunk_s,25.354081630706787
270000,dense_rhs/training_bucket_horizon,4.0
270000,system/heartbeat,1.0
270000,dense_rhs/selected_horizon,4.0
270000,dense_rhs/proposed_horizon,4.0
270000,dense_rhs/phase_id,0.0
270000,dense_rhs/num_active_horizons,7.0
270000,dense_rhs/num_candidate_horizons,3.0
270000,dense_rhs/entropy,1.6788561344146729
270000,dense_rhs/norm_entropy,0.8627613186836243
270000,dense_rhs/best_fitness,0.3641093373298645
270000,dense_rhs/deployment_score_best,4.1774517740122974e-05
270000,dense_rhs/incumbent_deployment_score,4.1774517740122974e-05
270000,dense_rhs/proposed_deployment_score,4.1774517740122974e-05
270000,dense_rhs/proposed_transition_cost,0.0
270000,dense_rhs/proposed_switch_probability,0.5
270000,dense_rhs/proposed_expected_net_benefit,0.0
270000,dense_rhs/transition_cost_best,0.0
270000,dense_rhs/transition_adjusted_score_best,4.1774517740122974e-05
270000,dense_rhs/switch_probability_best,0.5
270000,dense_rhs/expected_improvement_best,0.03234636038541794
270000,dense_rhs/expected_loss_best,0.03234636038541794
270000,dense_rhs/expected_net_benefit_best,0.0
270000,dense_rhs/return_term_best,0.14377889037132263
270000,dense_rhs/roughness_term_best,0.868004560470581
270000,dense_rhs/return_std_term_best,0.14082682132720947
270000,dense_rhs/learner_proxy_term_best,0.7996934652328491
270000,dense_rhs/model_prefix_loss_best,0.3550814390182495
270000,dense_rhs/model_probe_prefix_best,0.14684933423995972
270000,dense_rhs/planner_return_best,178.05284118652344
270000,dense_rhs/roughness_best,0.10758019238710403
270000,dense_rhs/robust_return_best,30.46642303466797
270000,timing/query_model_diag_s,14.971739292144775
270000,timing/query_env_eval_s,26.395818886812776
270000,timing/query_finalize_s,0.8643474080599844
270000,timing/query_total_s,42.23773668007925
270000,dense_rhs/candidate_4_fitness,0.3641093373298645
270000,dense_rhs/candidate_4_deployment_score,4.1774517740122974e-05
270000,dense_rhs/candidate_4_transition_cost,0.0
270000,dense_rhs/candidate_4_transition_adjusted_score,4.1774517740122974e-05
270000,dense_rhs/candidate_4_switch_probability,0.5
270000,dense_rhs/candidate_4_expected_net_benefit,0.0
270000,dense_rhs/candidate_4_return,30.46642303466797
270000,dense_rhs/candidate_4_return_term,0.14377889037132263
270000,dense_rhs/candidate_4_roughness_term,0.868004560470581
270000,dense_rhs/candidate_4_return_std_term,0.14082682132720947
270000,dense_rhs/candidate_4_learner_proxy_term,0.7996934652328491
270000,dense_rhs/candidate_5_fitness,0.22943732142448425
270000,dense_rhs/candidate_5_deployment_score,3.275453650530835e-07
270000,dense_rhs/candidate_5_transition_cost,0.050650306046009064
270000,dense_rhs/candidate_5_transition_adjusted_score,-0.0506499782204628
270000,dense_rhs/candidate_5_switch_probability,0.4798187017440796
270000,dense_rhs/candidate_5_expected_net_benefit,-0.05069175362586975
270000,dense_rhs/candidate_5_return,15.098861694335938
270000,dense_rhs/candidate_5_return_term,0.05742105841636658
270000,dense_rhs/candidate_5_roughness_term,0.7379010915756226
270000,dense_rhs/candidate_5_return_std_term,0.06537777185440063
270000,dense_rhs/candidate_5_learner_proxy_term,0.6245374083518982
270000,dense_rhs/candidate_3_fitness,0.03162277489900589
270000,dense_rhs/candidate_3_deployment_score,8.337614980382409e-31
270000,dense_rhs/candidate_3_transition_cost,0.0487140454351902
270000,dense_rhs/candidate_3_transition_adjusted_score,-0.0487140454351902
270000,dense_rhs/candidate_3_switch_probability,0.3372557759284973
270000,dense_rhs/candidate_3_expected_net_benefit,-0.04875582084059715
270000,dense_rhs/candidate_3_return,4.8806610107421875
270000,dense_rhs/candidate_3_return_term,0.0
270000,dense_rhs/candidate_3_roughness_term,0.9600356221199036
270000,dense_rhs/candidate_3_return_std_term,0.0
270000,dense_rhs/candidate_3_learner_proxy_term,0.8684693574905396
270000,dense_rhs/deployment_utility_enabled,1.0
270000,dense_rhs/deployment_utility_observations,4.0
270000,dense_rhs/deployment_utility_last_observed_gain,36.113616943359375
270000,dense_rhs/candidate_3_expected_eval_gain,31.253133138020832
270000,dense_rhs/candidate_3_eval_gain_uncertainty,28.40565153073619
270000,dense_rhs/candidate_3_deployment_utility_score,38.35454602070488
270000,dense_rhs/candidate_4_expected_eval_gain,36.113616943359375
270000,dense_rhs/candidate_4_eval_gain_uncertainty,106.06601717798212
270000,dense_rhs/candidate_4_deployment_utility_score,72.63012123785491
270000,dense_rhs/candidate_5_expected_eval_gain,0.0
270000,dense_rhs/candidate_5_eval_gain_uncertainty,150.0
270000,dense_rhs/candidate_5_deployment_utility_score,37.578407934495075
270000,dense_rhs/deployment_utility_override,0.0
270000,dense_rhs/deployment_utility_selected_expected_gain,36.113616943359375
270000,dense_rhs/deployment_utility_selected_uncertainty,106.06601717798212
270000,dense_rhs/deployment_utility_selected_score,72.63012123785491
270000,dense_rhs/deployment_utility_proposed_horizon,4.0
270000,dense_rhs/deployment_utility_proposed_expected_gain,36.113616943359375
270000,dense_rhs/deployment_utility_proposed_uncertainty,106.06601717798212
270000,dense_rhs/deployment_utility_proposed_score,72.63012123785491
270000,dense_rhs/previous_horizon,4.0
270000,dense_rhs/training_bucket_horizon,4.0
270000,dense_rhs/best_h,4.0
270000,dense_rhs/prob_best_h,0.056640625
270000,dense_rhs/gauss_mean_best_h,0.18870879709720612
270000,dense_rhs/gauss_post_std_best_h,0.060348596423864365
270000,system/heartbeat,1.0
271992,episode/return,637.0347900390625
271992,episode/length,500.0
271993,episode/return,401.028076171875
271993,episode/length,500.0
271994,episode/return,282.18414306640625
271994,episode/length,500.0
271995,episode/return,618.1011962890625
271995,episode/length,500.0
271996,episode/return,392.9730529785156
271996,episode/length,500.0
271997,episode/return,626.1990356445312
271997,episode/length,500.0
271998,episode/return,403.4479675292969
271998,episode/length,500.0
271999,episode/return,413.1446228027344
271999,episode/length,500.0
275992,episode/return,409.7275085449219
275992,episode/length,500.0
275993,episode/return,484.4727783203125
275993,episode/length,500.0
275994,episode/return,512.990234375
275994,episode/length,500.0
275995,episode/return,507.564208984375
275995,episode/length,500.0
275996,episode/return,878.6052856445312
275996,episode/length,500.0
275997,episode/return,371.64117431640625
275997,episode/length,500.0
275998,episode/return,755.4356689453125
275998,episode/length,500.0
275999,episode/return,381.9496154785156
275999,episode/length,500.0
279992,episode/return,437.7414855957031
279992,episode/length,500.0
279993,episode/return,633.7044677734375
279993,episode/length,500.0
279994,episode/return,375.0019836425781
279994,episode/length,500.0
279995,episode/return,752.4873046875
279995,episode/length,500.0
279996,episode/return,656.469970703125
279996,episode/length,500.0
279997,episode/return,450.06451416015625
279997,episode/length,500.0
279998,episode/return,765.245361328125
279998,episode/length,500.0
279999,episode/return,400.95880126953125
279999,episode/length,500.0
280000,train/consistency_loss_mean,1.5962573279830393e-05
280000,train/consistency_loss_std,4.4249465809227185e-06
280000,train/continue_loss_mean,0.0
280000,train/continue_loss_std,0.0
280000,train/grad_norm_mean,0.5512793695449829
280000,train/grad_norm_std,0.2438726311290072
280000,train/policy_log_std_mean,-0.7746132192993164
280000,train/policy_log_std_std,0.3258214195778775
280000,train/policy_loss_mean,-0.22524452590942382
280000,train/policy_loss_std,0.008007501889265307
280000,train/reward_loss_mean,0.16405578861236572
280000,train/reward_loss_std,0.008849250344367942
280000,train/total_loss_mean,0.04091347861289978
280000,train/total_loss_std,0.001227475909706121
280000,train/value_loss_mean,0.24188647167682648
280000,train/value_loss_std,0.008436226086800199
280000,train/value_scale_mean,202.91637009277343
280000,train/value_scale_std,0.7239463879345456
280000,timing/collect_chunk_s,59.963741509243846
280000,timing/train_chunk_s,25.369116719346493
280000,dense_rhs/training_bucket_horizon,4.0
280000,system/heartbeat,1.0
283992,episode/return,399.2596130371094
283992,episode/length,500.0
283993,episode/return,433.8409423828125
283993,episode/length,500.0
283994,episode/return,538.9297485351562
283994,episode/length,500.0
283995,episode/return,740.9012451171875
283995,episode/length,500.0
283996,episode/return,764.395263671875
283996,episode/length,500.0
283997,episode/return,628.6655883789062
283997,episode/length,500.0
283998,episode/return,760.3279418945312
283998,episode/length,500.0
283999,episode/return,387.85723876953125
283999,episode/length,500.0
287992,episode/return,362.6238098144531
287992,episode/length,500.0
287993,episode/return,484.71026611328125
287993,episode/length,500.0
287994,episode/return,507.9857177734375
287994,episode/length,500.0
287995,episode/return,500.84100341796875
287995,episode/length,500.0
287996,episode/return,776.311767578125
287996,episode/length,500.0
287997,episode/return,635.5049438476562
287997,episode/length,500.0
287998,episode/return,359.94744873046875
287998,episode/length,500.0
287999,episode/return,507.8179931640625
287999,episode/length,500.0
290000,train/consistency_loss_mean,1.5291415672982112e-05
290000,train/consistency_loss_std,4.082439267576424e-06
290000,train/continue_loss_mean,0.0
290000,train/continue_loss_std,0.0
290000,train/grad_norm_mean,0.527880015873909
290000,train/grad_norm_std,0.23945604770060355
290000,train/policy_log_std_mean,-0.7739646403884888
290000,train/policy_log_std_std,0.32078158838444043
290000,train/policy_loss_mean,-0.23012466690540315
290000,train/policy_loss_std,0.008074558545225118
290000,train/reward_loss_mean,0.16572276935577393
290000,train/reward_loss_std,0.008862001857694224
290000,train/total_loss_mean,0.041247899758815765
290000,train/total_loss_std,0.001203513731219397
290000,train/value_loss_mean,0.2436979399204254
290000,train/value_loss_std,0.007738032736174528
290000,train/value_scale_mean,201.64823414306642
290000,train/value_scale_std,0.71573702088156
290000,timing/collect_chunk_s,66.9538523000665
290000,timing/train_chunk_s,25.37128847371787
290000,dense_rhs/training_bucket_horizon,4.0
290000,system/heartbeat,1.0
291992,episode/return,628.6536254882812
291992,episode/length,500.0
291993,episode/return,369.6169128417969
291993,episode/length,500.0
291994,episode/return,308.10382080078125
291994,episode/length,500.0
291995,episode/return,628.1359252929688
291995,episode/length,500.0
291996,episode/return,877.843994140625
291996,episode/length,500.0
291997,episode/return,642.4443969726562
291997,episode/length,500.0
291998,episode/return,527.9022827148438
291998,episode/length,500.0
291999,episode/return,748.1038208007812
291999,episode/length,500.0
295992,episode/return,555.8611450195312
295992,episode/length,500.0
295993,episode/return,503.6775207519531
295993,episode/length,500.0
295994,episode/return,430.2248229980469
295994,episode/length,500.0
295995,episode/return,551.644287109375
295995,episode/length,500.0
295996,episode/return,429.56695556640625
295996,episode/length,500.0
295997,episode/return,406.43450927734375
295997,episode/length,500.0
295998,episode/return,432.1711120605469
295998,episode/length,500.0
295999,episode/return,384.72003173828125
295999,episode/length,500.0
299992,episode/return,646.9716186523438
299992,episode/length,500.0
299993,episode/return,641.8274536132812
299993,episode/length,500.0
299994,episode/return,530.82470703125
299994,episode/length,500.0
299995,episode/return,603.3652954101562
299995,episode/length,500.0
299996,episode/return,647.9686889648438
299996,episode/length,500.0
299997,episode/return,535.3009643554688
299997,episode/length,500.0
299998,episode/return,633.8551635742188
299998,episode/length,500.0
299999,episode/return,648.3146362304688
299999,episode/length,500.0
300000,train/consistency_loss_mean,1.4745694339944748e-05
300000,train/consistency_loss_std,3.6963909021342544e-06
300000,train/continue_loss_mean,0.0
300000,train/continue_loss_std,0.0
300000,train/grad_norm_mean,0.509644570684433
300000,train/grad_norm_std,0.23452949182997923
300000,train/policy_log_std_mean,-0.7769930118179321
300000,train/policy_log_std_std,0.32336144195633804
300000,train/policy_loss_mean,-0.23290318516492844
300000,train/policy_loss_std,0.007978498015443323
300000,train/reward_loss_mean,0.16696301050186158
300000,train/reward_loss_std,0.008780181070435695
300000,train/total_loss_mean,0.041497767665982246
300000,train/total_loss_std,0.0011904180635716993
300000,train/value_loss_mean,0.24506551614999772
300000,train/value_loss_std,0.007620729736088653
300000,train/value_scale_mean,200.002671484375
300000,train/value_scale_std,0.44644679208771626
300000,timing/collect_chunk_s,60.937793510966
300000,timing/train_chunk_s,25.323148909024894
300000,dense_rhs/training_bucket_horizon,4.0
300000,system/heartbeat,1.0
300000,timing/checkpoint_blocking_s,0.441398907918483
300000,eval/return_mean,539.6638793945312
300000,eval/return_std,155.5881805419922
300000,eval/return_max,893.201416015625
300000,eval/return_min,280.79791259765625
300000,dense_rhs/deployment_utility_last_observed_gain,36.487945556640625
300000,dense_rhs/deployment_utility_observations,5.0
300000,timing/eval_s,8.15143570676446
300000,eval/selected_horizon,4.0
300000,eval/training_bucket_horizon,4.0
300000,system/heartbeat,1.0
303992,episode/return,366.4460754394531
303992,episode/length,500.0
303993,episode/return,818.2579345703125
303993,episode/length,500.0
303994,episode/return,411.1219787597656
303994,episode/length,500.0
303995,episode/return,406.1669616699219
303995,episode/length,500.0
303996,episode/return,393.7548522949219
303996,episode/length,500.0
303997,episode/return,399.752685546875
303997,episode/length,500.0
303998,episode/return,400.1736145019531
303998,episode/length,500.0
303999,episode/return,527.3709716796875
303999,episode/length,500.0
307992,episode/return,386.8871765136719
307992,episode/length,500.0
307993,episode/return,530.4815673828125
307993,episode/length,500.0
307994,episode/return,546.9585571289062
307994,episode/length,500.0
307995,episode/return,636.8225708007812
307995,episode/length,500.0
307996,episode/return,410.02001953125
307996,episode/length,500.0
307997,episode/return,765.50048828125
307997,episode/length,500.0
307998,episode/return,750.1806030273438
307998,episode/length,500.0
307999,episode/return,519.18994140625
307999,episode/length,500.0
310000,train/consistency_loss_mean,1.4990100487193558e-05
310000,train/consistency_loss_std,3.6505916497350797e-06
310000,train/continue_loss_mean,0.0
310000,train/continue_loss_std,0.0
310000,train/grad_norm_mean,0.5080307876586914
310000,train/grad_norm_std,0.22769549148429694
310000,train/policy_log_std_mean,-0.7769417979431152
310000,train/policy_log_std_std,0.30836974873780537
310000,train/policy_loss_mean,-0.23402279361486436
310000,train/policy_loss_std,0.007999801410565019
310000,train/reward_loss_mean,0.16811061537265778
310000,train/reward_loss_std,0.008937272822554871
310000,train/total_loss_mean,0.04161075912117958
310000,train/total_loss_std,0.0011799652394503266
310000,train/value_loss_mean,0.24499894573688508
310000,train/value_loss_std,0.0076273200513765375
310000,train/value_scale_mean,200.37297841796874
310000,train/value_scale_std,0.7650640739378693
310000,timing/collect_chunk_s,60.69881962426007
310000,timing/train_chunk_s,25.37625298788771
310000,dense_rhs/training_bucket_horizon,4.0
310000,system/heartbeat,1.0
311992,episode/return,659.0986938476562
311992,episode/length,500.0
311993,episode/return,659.3751220703125
311993,episode/length,500.0
311994,episode/return,385.1484375
311994,episode/length,500.0
311995,episode/return,714.3583984375
311995,episode/length,500.0
311996,episode/return,643.3060913085938
311996,episode/length,500.0
311997,episode/return,530.18603515625
311997,episode/length,500.0
311998,episode/return,530.3975830078125
311998,episode/length,500.0
311999,episode/return,714.9012451171875
311999,episode/length,500.0
315992,episode/return,535.3832397460938
315992,episode/length,500.0
315993,episode/return,746.2391357421875
315993,episode/length,500.0
315994,episode/return,375.01031494140625
315994,episode/length,500.0
315995,episode/return,527.845458984375
315995,episode/length,500.0
315996,episode/return,536.5294189453125
315996,episode/length,500.0
315997,episode/return,403.35760498046875
315997,episode/length,500.0
315998,episode/return,492.2420349121094
315998,episode/length,500.0
315999,episode/return,506.59991455078125
315999,episode/length,500.0
319992,episode/return,524.0775146484375
319992,episode/length,500.0
319993,episode/return,288.48626708984375
319993,episode/length,500.0
319994,episode/return,755.79736328125
319994,episode/length,500.0
319995,episode/return,511.4852600097656
319995,episode/length,500.0
319996,episode/return,740.28271484375
319996,episode/length,500.0
319997,episode/return,387.05743408203125
319997,episode/length,500.0
319998,episode/return,637.67919921875
319998,episode/length,500.0
319999,episode/return,639.2645263671875
319999,episode/length,500.0
320000,train/consistency_loss_mean,1.497528323379811e-05
320000,train/consistency_loss_std,5.479849430641278e-06
320000,train/continue_loss_mean,0.0
320000,train/continue_loss_std,0.0
320000,train/grad_norm_mean,0.5038002171754837
320000,train/grad_norm_std,0.23335819127980945
320000,train/policy_log_std_mean,-0.7728674787902832
320000,train/policy_log_std_std,0.3170956654990191
320000,train/policy_loss_mean,-0.23472040981054307
320000,train/policy_loss_std,0.00803520639435169
320000,train/reward_loss_mean,0.16941523406505585
320000,train/reward_loss_std,0.00889273657932092
320000,train/total_loss_mean,0.041234153652191165
320000,train/total_loss_std,0.001240769933046765
320000,train/value_loss_mean,0.23993124113082887
320000,train/value_loss_std,0.008265329867607323
320000,train/value_scale_mean,202.42058845214845
320000,train/value_scale_std,0.6183107519296769
320000,timing/collect_chunk_s,65.69331761263311
320000,timing/train_chunk_s,25.363149328157306
320000,dense_rhs/training_bucket_horizon,4.0
320000,system/heartbeat,1.0
320000,dense_rhs/selected_horizon,3.0
320000,dense_rhs/proposed_horizon,4.0
320000,dense_rhs/phase_id,0.0
320000,dense_rhs/num_active_horizons,7.0
320000,dense_rhs/num_candidate_horizons,3.0
320000,dense_rhs/entropy,1.6606420278549194
320000,dense_rhs/norm_entropy,0.8534011244773865
320000,dense_rhs/best_fitness,0.3765374422073364
320000,dense_rhs/deployment_score_best,6.843380106147379e-05
320000,dense_rhs/incumbent_deployment_score,8.484066782443733e-09
320000,dense_rhs/proposed_deployment_score,8.484066782443733e-09
320000,dense_rhs/proposed_transition_cost,0.0
320000,dense_rhs/proposed_switch_probability,0.5
320000,dense_rhs/proposed_expected_net_benefit,0.0
320000,dense_rhs/transition_cost_best,0.0
320000,dense_rhs/transition_adjusted_score_best,8.484066782443733e-09
320000,dense_rhs/switch_probability_best,0.5
320000,dense_rhs/expected_improvement_best,0.03404804691672325
320000,dense_rhs/expected_loss_best,0.03404804691672325
320000,dense_rhs/expected_net_benefit_best,0.0
320000,dense_rhs/return_term_best,0.15043649077415466
320000,dense_rhs/roughness_term_best,0.940728485584259
320000,dense_rhs/return_std_term_best,0.1420344114303589
320000,dense_rhs/learner_proxy_term_best,1.0
320000,dense_rhs/model_prefix_loss_best,0.361543744802475
320000,dense_rhs/model_probe_prefix_best,0.14472371339797974
320000,dense_rhs/planner_return_best,209.6368865966797
320000,dense_rhs/roughness_best,0.061405688524246216
320000,dense_rhs/robust_return_best,11.296310424804688
320000,timing/query_model_diag_s,14.908411242999136
320000,timing/query_env_eval_s,5.141923359129578
320000,timing/query_finalize_s,0.0043029156513512135
320000,timing/query_total_s,20.06048332992941
320000,dense_rhs/candidate_4_fitness,0.03162277489900589
320000,dense_rhs/candidate_4_deployment_score,8.484066782443733e-09
320000,dense_rhs/candidate_4_transition_cost,0.0
320000,dense_rhs/candidate_4_transition_adjusted_score,8.484066782443733e-09
320000,dense_rhs/candidate_4_switch_probability,0.5
320000,dense_rhs/candidate_4_expected_net_benefit,0.0
320000,dense_rhs/candidate_4_return,53.41856384277344
320000,dense_rhs/candidate_4_return_term,0.3308282196521759
320000,dense_rhs/candidate_4_roughness_term,0.83868008852005
320000,dense_rhs/candidate_4_return_std_term,0.0
320000,dense_rhs/candidate_4_learner_proxy_term,0.844495952129364
320000,dense_rhs/candidate_5_fitness,0.03162277489900589
320000,dense_rhs/candidate_5_deployment_score,2.418094100178803e-26
320000,dense_rhs/candidate_5_transition_cost,0.05165702477097511
320000,dense_rhs/candidate_5_transition_adjusted_score,-0.05165702477097511
320000,dense_rhs/candidate_5_switch_probability,0.4794383645057678
320000,dense_rhs/candidate_5_expected_net_benefit,-0.051657021045684814
320000,dense_rhs/candidate_5_return,-23.831268310546875
320000,dense_rhs/candidate_5_return_term,0.0
320000,dense_rhs/candidate_5_roughness_term,0.6989601850509644
320000,dense_rhs/candidate_5_return_std_term,0.049593329429626465
320000,dense_rhs/candidate_5_learner_proxy_term,0.6975855827331543
320000,dense_rhs/candidate_3_fitness,0.3765374422073364
320000,dense_rhs/candidate_3_deployment_score,6.843380106147379e-05
320000,dense_rhs/candidate_3_transition_cost,0.04924214631319046
320000,dense_rhs/candidate_3_transition_adjusted_score,-0.049173712730407715
320000,dense_rhs/candidate_3_switch_probability,0.31645622849464417
320000,dense_rhs/candidate_3_expected_net_benefit,-0.04917372390627861
320000,dense_rhs/candidate_3_return,11.296310424804688
320000,dense_rhs/candidate_3_return_term,0.15043649077415466
320000,dense_rhs/candidate_3_roughness_term,0.940728485584259
320000,dense_rhs/candidate_3_return_std_term,0.1420344114303589
320000,dense_rhs/candidate_3_learner_proxy_term,1.0
320000,dense_rhs/deployment_utility_enabled,1.0
320000,dense_rhs/deployment_utility_observations,5.0
320000,dense_rhs/deployment_utility_last_observed_gain,36.487945556640625
320000,dense_rhs/candidate_3_expected_eval_gain,31.253133138020832
320000,dense_rhs/candidate_3_eval_gain_uncertainty,28.40565153073619
320000,dense_rhs/candidate_3_deployment_utility_score,48.35454602070488
320000,dense_rhs/candidate_4_expected_eval_gain,36.30078125
320000,dense_rhs/candidate_4_eval_gain_uncertainty,0.5773502691896258
320000,dense_rhs/candidate_4_deployment_utility_score,36.446358565294865
320000,dense_rhs/candidate_5_expected_eval_gain,0.0
320000,dense_rhs/candidate_5_eval_gain_uncertainty,150.0
320000,dense_rhs/candidate_5_deployment_utility_score,37.5
320000,dense_rhs/deployment_utility_override,1.0
320000,dense_rhs/deployment_utility_selected_expected_gain,31.253133138020832
320000,dense_rhs/deployment_utility_selected_uncertainty,28.40565153073619
320000,dense_rhs/deployment_utility_selected_score,48.35454602070488
320000,dense_rhs/deployment_utility_proposed_horizon,3.0
320000,dense_rhs/deployment_utility_proposed_expected_gain,31.253133138020832
320000,dense_rhs/deployment_utility_proposed_uncertainty,28.40565153073619
320000,dense_rhs/deployment_utility_proposed_score,48.35454602070488
320000,dense_rhs/previous_horizon,4.0
320000,dense_rhs/training_bucket_horizon,3.0
320000,dense_rhs/best_h,3.0
320000,dense_rhs/prob_best_h,0.076171875
320000,dense_rhs/gauss_mean_best_h,0.16684798896312714
320000,dense_rhs/gauss_post_std_best_h,0.07935486733913422
320000,system/heartbeat,1.0
323992,episode/return,815.6871337890625
323992,episode/length,500.0
323993,episode/return,409.6081848144531
323993,episode/length,500.0
323994,episode/return,498.84381103515625
323994,episode/length,500.0
323995,episode/return,374.9576110839844
323995,episode/length,500.0
323996,episode/return,484.82568359375
323996,episode/length,500.0
323997,episode/return,372.990234375
323997,episode/length,500.0
323998,episode/return,523.3111572265625
323998,episode/length,500.0
323999,episode/return,387.8304138183594
323999,episode/length,500.0
327992,episode/return,387.9039611816406
327992,episode/length,500.0
327993,episode/return,357.9483642578125
327993,episode/length,500.0
327994,episode/return,405.8458557128906
327994,episode/length,500.0
327995,episode/return,635.4132690429688
327995,episode/length,500.0
327996,episode/return,761.9365234375
327996,episode/length,500.0
327997,episode/return,532.6241455078125
327997,episode/length,500.0
327998,episode/return,467.99066162109375
327998,episode/length,500.0
327999,episode/return,397.66009521484375
327999,episode/length,500.0
330000,train/consistency_loss_mean,1.8810949561884625e-05
330000,train/consistency_loss_std,7.766743140593321e-06
330000,train/continue_loss_mean,0.0
330000,train/continue_loss_std,0.0
330000,train/grad_norm_mean,0.6192715667963028
330000,train/grad_norm_std,0.28173791673624593
330000,train/policy_log_std_mean,-0.7816113028526306
330000,train/policy_log_std_std,0.2974158192398495
330000,train/policy_loss_mean,-0.2843765439748764
330000,train/policy_loss_std,0.009808072991277223
330000,train/reward_loss_mean,0.21160680648088456
330000,train/reward_loss_std,0.011026594859153182
330000,train/total_loss_mean,0.05144862203896046
330000,train/total_loss_std,0.0016428942829695597
330000,train/value_loss_mean,0.29911721539497377
330000,train/value_loss_std,0.011655349047972443
330000,train/value_scale_mean,203.19484512939454
330000,train/value_scale_std,0.595845274693378
330000,timing/collect_chunk_s,57.5446086213924
330000,timing/train_chunk_s,20.79808452539146
330000,dense_rhs/training_bucket_horizon,3.0
330000,system/heartbeat,1.0
331992,episode/return,322.1286926269531
331992,episode/length,500.0
331993,episode/return,528.49658203125
331993,episode/length,500.0
331994,episode/return,246.384033203125
331994,episode/length,500.0
331995,episode/return,526.69970703125
331995,episode/length,500.0
331996,episode/return,557.5328979492188
331996,episode/length,500.0
331997,episode/return,373.4281005859375
331997,episode/length,500.0
331998,episode/return,824.2321166992188
331998,episode/length,500.0
331999,episode/return,629.523681640625
331999,episode/length,500.0
335992,episode/return,489.863525390625
335992,episode/length,500.0
335993,episode/return,290.61627197265625
335993,episode/length,500.0
335994,episode/return,648.0989379882812
335994,episode/length,500.0
335995,episode/return,689.9360961914062
335995,episode/length,500.0
335996,episode/return,650.3189697265625
335996,episode/length,500.0
335997,episode/return,649.2343139648438
335997,episode/length,500.0
335998,episode/return,534.608642578125
335998,episode/length,500.0
335999,episode/return,635.5120239257812
335999,episode/length,500.0
339992,episode/return,505.55712890625
339992,episode/length,500.0
339993,episode/return,500.79150390625
339993,episode/length,500.0
339994,episode/return,675.9242553710938
339994,episode/length,500.0
339995,episode/return,446.4985046386719
339995,episode/length,500.0
339996,episode/return,681.12646484375
339996,episode/length,500.0
339997,episode/return,498.04248046875
339997,episode/length,500.0
339998,episode/return,501.1653137207031
339998,episode/length,500.0
339999,episode/return,436.03411865234375
339999,episode/length,500.0
340000,train/consistency_loss_mean,1.7559757330309368e-05
340000,train/consistency_loss_std,5.10585034791215e-06
340000,train/continue_loss_mean,0.0
340000,train/continue_loss_std,0.0
340000,train/grad_norm_mean,0.6144833437442779
340000,train/grad_norm_std,0.2774535147639416
340000,train/policy_log_std_mean,-0.791030692577362
340000,train/policy_log_std_std,0.29784628014527864
340000,train/policy_loss_mean,-0.28565062208175657
340000,train/policy_loss_std,0.009723736296200807
340000,train/reward_loss_mean,0.21254823482036592
340000,train/reward_loss_std,0.010999719258986207
340000,train/total_loss_mean,0.05144209880530834
340000,train/total_loss_std,0.0014892431689382166
340000,train/value_loss_mean,0.29836079399585724
340000,train/value_loss_std,0.010149471081381398
340000,train/value_scale_mean,204.1464552734375
340000,train/value_scale_std,0.24787076346008816
340000,timing/collect_chunk_s,57.21277569048107
340000,timing/train_chunk_s,20.712206898722798
340000,dense_rhs/training_bucket_horizon,3.0
340000,system/heartbeat,1.0
343992,episode/return,377.74560546875
343992,episode/length,500.0
343993,episode/return,635.797607421875
343993,episode/length,500.0
343994,episode/return,542.4423217773438
343994,episode/length,500.0
343995,episode/return,523.5919799804688
343995,episode/length,500.0
343996,episode/return,649.103759765625
343996,episode/length,500.0
343997,episode/return,690.469970703125
343997,episode/length,500.0
343998,episode/return,637.1868896484375
343998,episode/length,500.0
343999,episode/return,340.3764953613281
343999,episode/length,500.0
347992,episode/return,396.2604064941406
347992,episode/length,500.0
347993,episode/return,533.44921875
347993,episode/length,500.0
347994,episode/return,632.35888671875
347994,episode/length,500.0
347995,episode/return,328.49810791015625
347995,episode/length,500.0
347996,episode/return,531.0662231445312
347996,episode/length,500.0
347997,episode/return,795.9591674804688
347997,episode/length,500.0
347998,episode/return,557.9901123046875
347998,episode/length,500.0
347999,episode/return,213.22915649414062
347999,episode/length,500.0
350000,train/consistency_loss_mean,1.7059765073645395e-05
350000,train/consistency_loss_std,5.184828063465976e-06
350000,train/continue_loss_mean,0.0
350000,train/continue_loss_std,0.0
350000,train/grad_norm_mean,0.6096933954238891
350000,train/grad_norm_std,0.28012925835484115
350000,train/policy_log_std_mean,-0.789707062625885
350000,train/policy_log_std_std,0.29947011553554637
350000,train/policy_loss_mean,-0.28757798364162446
350000,train/policy_loss_std,0.009764575872074069
350000,train/reward_loss_mean,0.21389439935684204
350000,train/reward_loss_std,0.01101877672639459
350000,train/total_loss_mean,0.05148341885209084
350000,train/total_loss_std,0.0015190089191495938
350000,train/value_loss_mean,0.29752782731056215
350000,train/value_loss_std,0.01060608288416938
350000,train/value_scale_mean,204.3766525390625
350000,train/value_scale_std,0.47919860426057986
350000,timing/collect_chunk_s,63.38979022204876
350000,timing/train_chunk_s,20.76678518112749
350000,dense_rhs/training_bucket_horizon,3.0
350000,system/heartbeat,1.0
350000,timing/checkpoint_blocking_s,0.4277592352591455
350000,eval/return_mean,717.0919189453125
350000,eval/return_std,136.7559051513672
350000,eval/return_max,878.66650390625
350000,eval/return_min,378.7493591308594
350000,dense_rhs/deployment_utility_last_observed_gain,177.42803955078125
350000,dense_rhs/deployment_utility_observations,6.0
350000,timing/eval_s,6.895342590752989
350000,eval/selected_horizon,3.0
350000,eval/training_bucket_horizon,3.0
350000,system/heartbeat,1.0
351992,episode/return,620.4606323242188
351992,episode/length,500.0
351993,episode/return,574.6751098632812
351993,episode/length,500.0
351994,episode/return,401.4144592285156
351994,episode/length,500.0
351995,episode/return,592.304931640625
351995,episode/length,500.0
351996,episode/return,703.7479248046875
351996,episode/length,500.0
351997,episode/return,444.0874938964844
351997,episode/length,500.0
351998,episode/return,539.6563720703125
351998,episode/length,500.0
351999,episode/return,406.7362365722656
351999,episode/length,500.0
355992,episode/return,326.708251953125
355992,episode/length,500.0
355993,episode/return,543.6625366210938
355993,episode/length,500.0
355994,episode/return,539.7857666015625
355994,episode/length,500.0
355995,episode/return,400.8343505859375
355995,episode/length,500.0
355996,episode/return,655.581787109375
355996,episode/length,500.0
355997,episode/return,542.5768432617188
355997,episode/length,500.0
355998,episode/return,814.5997314453125
355998,episode/length,500.0
355999,episode/return,417.0003967285156
355999,episode/length,500.0
359992,episode/return,534.4278564453125
359992,episode/length,500.0
359993,episode/return,655.19775390625
359993,episode/length,500.0
359994,episode/return,488.82330322265625
359994,episode/length,500.0
359995,episode/return,653.558837890625
359995,episode/length,500.0
359996,episode/return,710.504638671875
359996,episode/length,500.0
359997,episode/return,532.480712890625
359997,episode/length,500.0
359998,episode/return,641.1383666992188
359998,episode/length,500.0
359999,episode/return,488.4218444824219
359999,episode/length,500.0
360000,train/consistency_loss_mean,1.6823682291578736e-05
360000,train/consistency_loss_std,4.2191286077564945e-06
360000,train/continue_loss_mean,0.0
360000,train/continue_loss_std,0.0
360000,train/grad_norm_mean,0.6072404470920563
360000,train/grad_norm_std,0.27914937519174726
360000,train/policy_log_std_mean,-0.7997820232391357
360000,train/policy_log_std_std,0.2991165708542606
360000,train/policy_loss_mean,-0.2886853914260864
360000,train/policy_loss_std,0.009683950288855218
360000,train/reward_loss_mean,0.21459702695608138
360000,train/reward_loss_std,0.010946374528881786
360000,train/total_loss_mean,0.05179447647929192
360000,train/total_loss_std,0.001417600513578977
360000,train/value_loss_mean,0.29998299441337584
360000,train/value_loss_std,0.009447318218928793
360000,train/value_scale_mean,203.5318762084961
360000,train/value_scale_std,0.5193940454204561
360000,timing/collect_chunk_s,57.70028597023338
360000,timing/train_chunk_s,20.75526430271566
360000,dense_rhs/training_bucket_horizon,3.0
360000,system/heartbeat,1.0
363992,episode/return,411.0057678222656
363992,episode/length,500.0
363993,episode/return,641.778076171875
363993,episode/length,500.0
363994,episode/return,795.2232055664062
363994,episode/length,500.0
363995,episode/return,418.72344970703125
363995,episode/length,500.0
363996,episode/return,338.8763732910156
363996,episode/length,500.0
363997,episode/return,353.9385070800781
363997,episode/length,500.0
363998,episode/return,406.84393310546875
363998,episode/length,500.0
363999,episode/return,716.37060546875
363999,episode/length,500.0
367992,episode/return,425.24884033203125
367992,episode/length,500.0
367993,episode/return,517.974609375
367993,episode/length,500.0
367994,episode/return,393.5526428222656
367994,episode/length,500.0
367995,episode/return,718.642578125
367995,episode/length,500.0
367996,episode/return,230.794921875
367996,episode/length,500.0
367997,episode/return,400.78643798828125
367997,episode/length,500.0
367998,episode/return,758.0145263671875
367998,episode/length,500.0
367999,episode/return,635.741943359375
367999,episode/length,500.0
370000,train/consistency_loss_mean,1.6524788790411548e-05
370000,train/consistency_loss_std,6.15693845719683e-06
370000,train/continue_loss_mean,0.0
370000,train/continue_loss_std,0.0
370000,train/grad_norm_mean,0.5757025636434555
370000,train/grad_norm_std,0.2669871511969446
370000,train/policy_log_std_mean,-0.8043886793613434
370000,train/policy_log_std_std,0.29430552784180003
370000,train/policy_loss_mean,-0.29122234611511233
370000,train/policy_loss_std,0.00963439807646538
370000,train/reward_loss_mean,0.21577590544223785
370000,train/reward_loss_std,0.011054049764362939
370000,train/total_loss_mean,0.05182862938642502
370000,train/total_loss_std,0.001556798748625179
370000,train/value_loss_mean,0.2992054209947586
370000,train/value_loss_std,0.010715116111319844
370000,train/value_scale_mean,203.08777575683592
370000,train/value_scale_std,0.320240169445091
370000,timing/collect_chunk_s,58.06484627537429
370000,timing/train_chunk_s,20.802268797531724
370000,dense_rhs/training_bucket_horizon,3.0
370000,system/heartbeat,1.0
370000,dense_rhs/selected_horizon,3.0
370000,dense_rhs/proposed_horizon,3.0
370000,dense_rhs/phase_id,0.0
370000,dense_rhs/num_active_horizons,7.0
370000,dense_rhs/num_candidate_horizons,3.0
370000,dense_rhs/entropy,1.6880789995193481
370000,dense_rhs/norm_entropy,0.8675009608268738
370000,dense_rhs/best_fitness,0.03162277489900589
370000,dense_rhs/deployment_score_best,3.8540349262015858e-25
370000,dense_rhs/incumbent_deployment_score,3.8540349262015858e-25
370000,dense_rhs/proposed_deployment_score,3.8540349262015858e-25
370000,dense_rhs/proposed_transition_cost,0.0
370000,dense_rhs/proposed_switch_probability,0.5
370000,dense_rhs/proposed_expected_net_benefit,0.0
370000,dense_rhs/transition_cost_best,0.0
370000,dense_rhs/transition_adjusted_score_best,3.8540349262015858e-25
370000,dense_rhs/switch_probability_best,0.5
370000,dense_rhs/expected_improvement_best,0.044771190732717514
370000,dense_rhs/expected_loss_best,0.044771190732717514
370000,dense_rhs/expected_net_benefit_best,0.0
370000,dense_rhs/return_term_best,0.0
370000,dense_rhs/roughness_term_best,0.9593934416770935
370000,dense_rhs/return_std_term_best,0.4017157554626465
370000,dense_rhs/learner_proxy_term_best,1.0
370000,dense_rhs/model_prefix_loss_best,0.2723878026008606
370000,dense_rhs/model_probe_prefix_best,0.11940988898277283
370000,dense_rhs/planner_return_best,212.34788513183594
370000,dense_rhs/roughness_best,0.01532803289592266
370000,dense_rhs/robust_return_best,-28.077987670898438
370000,timing/query_model_diag_s,14.802299826871604
370000,timing/query_env_eval_s,5.1337212710641325
370000,timing/query_finalize_s,0.006094899959862232
370000,timing/query_total_s,19.94828984607011
370000,dense_rhs/candidate_3_fitness,0.03162277489900589
370000,dense_rhs/candidate_3_deployment_score,3.8540349262015858e-25
370000,dense_rhs/candidate_3_transition_cost,0.0
370000,dense_rhs/candidate_3_transition_adjusted_score,3.8540349262015858e-25
370000,dense_rhs/candidate_3_switch_probability,0.5
370000,dense_rhs/candidate_3_expected_net_benefit,0.0
370000,dense_rhs/candidate_3_return,-28.077987670898438
370000,dense_rhs/candidate_3_return_term,0.0
370000,dense_rhs/candidate_3_roughness_term,0.9593934416770935
370000,dense_rhs/candidate_3_return_std_term,0.4017157554626465
370000,dense_rhs/candidate_3_learner_proxy_term,1.0
370000,dense_rhs/candidate_2_fitness,0.03162277489900589
370000,dense_rhs/candidate_2_deployment_score,3.245667623552606e-10
370000,dense_rhs/candidate_2_transition_cost,0.04484345763921738
370000,dense_rhs/candidate_2_transition_adjusted_score,-0.04484345763921738
370000,dense_rhs/candidate_2_switch_probability,0.3387237787246704
370000,dense_rhs/candidate_2_expected_net_benefit,-0.04484345763921738
370000,dense_rhs/candidate_2_return,4.6709442138671875
370000,dense_rhs/candidate_2_return_term,0.13640561699867249
370000,dense_rhs/candidate_2_roughness_term,1.0
370000,dense_rhs/candidate_2_return_std_term,0.0
370000,dense_rhs/candidate_2_learner_proxy_term,0.9375080466270447
370000,dense_rhs/candidate_4_fitness,0.3398851752281189
370000,dense_rhs/candidate_4_deployment_score,3.621236464823596e-05
370000,dense_rhs/candidate_4_transition_cost,0.05577236786484718
370000,dense_rhs/candidate_4_transition_adjusted_score,-0.055736154317855835
370000,dense_rhs/candidate_4_switch_probability,0.282662570476532
370000,dense_rhs/candidate_4_expected_net_benefit,-0.055736150592565536
370000,dense_rhs/candidate_4_return,6.5121917724609375
370000,dense_rhs/candidate_4_return_term,0.14407478272914886
370000,dense_rhs/candidate_4_roughness_term,0.8670903444290161
370000,dense_rhs/candidate_4_return_std_term,0.10681790113449097
370000,dense_rhs/candidate_4_learner_proxy_term,0.9073954224586487
370000,dense_rhs/deployment_utility_enabled,1.0
370000,dense_rhs/deployment_utility_observations,6.0
370000,dense_rhs/deployment_utility_last_observed_gain,177.42803955078125
370000,dense_rhs/candidate_2_expected_eval_gain,0.0
370000,dense_rhs/candidate_2_eval_gain_uncertainty,150.0
370000,dense_rhs/candidate_2_deployment_utility_score,37.5000896287126
370000,dense_rhs/candidate_3_expected_eval_gain,67.79685974121094
370000,dense_rhs/candidate_3_eval_gain_uncertainty,35.85240571789558
370000,dense_rhs/candidate_3_deployment_utility_score,76.75996117068483
370000,dense_rhs/candidate_4_expected_eval_gain,36.30078125
370000,dense_rhs/candidate_4_eval_gain_uncertainty,0.5773502691896258
370000,dense_rhs/candidate_4_deployment_utility_score,46.445118817297406
370000,dense_rhs/deployment_utility_override,0.0
370000,dense_rhs/deployment_utility_selected_expected_gain,67.79685974121094
370000,dense_rhs/deployment_utility_selected_uncertainty,35.85240571789558
370000,dense_rhs/deployment_utility_selected_score,76.75996117068483
370000,dense_rhs/deployment_utility_proposed_horizon,3.0
370000,dense_rhs/deployment_utility_proposed_expected_gain,67.79685974121094
370000,dense_rhs/deployment_utility_proposed_uncertainty,35.85240571789558
370000,dense_rhs/deployment_utility_proposed_score,76.75996117068483
370000,dense_rhs/previous_horizon,3.0
370000,dense_rhs/training_bucket_horizon,3.0
370000,dense_rhs/best_h,3.0
370000,dense_rhs/prob_best_h,0.05859375
370000,dense_rhs/gauss_mean_best_h,0.14753010869026184
370000,dense_rhs/gauss_post_std_best_h,0.07033049315214157
370000,system/heartbeat,1.0
371992,episode/return,479.14276123046875
371992,episode/length,500.0
371993,episode/return,537.83984375
371993,episode/length,500.0
371994,episode/return,795.4593505859375
371994,episode/length,500.0
371995,episode/return,656.2197875976562
371995,episode/length,500.0
371996,episode/return,714.7516479492188
371996,episode/length,500.0
371997,episode/return,657.7806396484375
371997,episode/length,500.0
371998,episode/return,403.182861328125
371998,episode/length,500.0
371999,episode/return,661.8156127929688
371999,episode/length,500.0
375992,episode/return,711.33056640625
375992,episode/length,500.0
375993,episode/return,378.9613037109375
375993,episode/length,500.0
375994,episode/return,694.4737548828125
375994,episode/length,500.0
375995,episode/return,706.3088989257812
375995,episode/length,500.0
375996,episode/return,491.9247741699219
375996,episode/length,500.0
375997,episode/return,708.7125854492188
375997,episode/length,500.0
375998,episode/return,433.2475280761719
375998,episode/length,500.0
375999,episode/return,581.993408203125
375999,episode/length,500.0
379992,episode/return,103.30866241455078
379992,episode/length,500.0
379993,episode/return,377.4866027832031
379993,episode/length,500.0
379994,episode/return,549.3513793945312
379994,episode/length,500.0
379995,episode/return,381.5175476074219
379995,episode/length,500.0
379996,episode/return,404.3826599121094
379996,episode/length,500.0
379997,episode/return,422.92938232421875
379997,episode/length,500.0
379998,episode/return,410.5529479980469
379998,episode/length,500.0
379999,episode/return,542.0933227539062
379999,episode/length,500.0
380000,train/consistency_loss_mean,1.631805298748077e-05
380000,train/consistency_loss_std,4.620451507203171e-06
380000,train/continue_loss_mean,0.0
380000,train/continue_loss_std,0.0
380000,train/grad_norm_mean,0.5774452069759369
380000,train/grad_norm_std,0.27765379431396664
380000,train/policy_log_std_mean,-0.7975067842483521
380000,train/policy_log_std_std,0.2936932918365329
380000,train/policy_loss_mean,-0.2919971750020981
380000,train/policy_loss_std,0.009733658534627555
380000,train/reward_loss_mean,0.2167908695578575
380000,train/reward_loss_std,0.01104809219843583
380000,train/total_loss_mean,0.05183887395262718
380000,train/total_loss_std,0.0015175634469633795
380000,train/value_loss_mean,0.29833424911499024
380000,train/value_loss_std,0.010618124482966205
380000,train/value_scale_mean,203.08960621337891
380000,train/value_scale_std,0.8241783603575303
380000,timing/collect_chunk_s,66.38059307448566
380000,timing/train_chunk_s,20.79220157302916
380000,dense_rhs/training_bucket_horizon,3.0
380000,system/heartbeat,1.0
383992,episode/return,649.3536376953125
383992,episode/length,500.0
383993,episode/return,648.3526000976562
383993,episode/length,500.0
383994,episode/return,405.6913757324219
383994,episode/length,500.0
383995,episode/return,527.8451538085938
383995,episode/length,500.0
383996,episode/return,641.51171875
383996,episode/length,500.0
383997,episode/return,711.9569702148438
383997,episode/length,500.0
383998,episode/return,417.9898681640625
383998,episode/length,500.0
383999,episode/return,330.0520324707031
383999,episode/length,500.0
387992,episode/return,419.94061279296875
387992,episode/length,500.0
387993,episode/return,375.6202392578125
387993,episode/length,500.0
387994,episode/return,320.9989013671875
387994,episode/length,500.0
387995,episode/return,402.3164978027344
387995,episode/length,500.0
387996,episode/return,422.10894775390625
387996,episode/length,500.0
387997,episode/return,459.77886962890625
387997,episode/length,500.0
387998,episode/return,109.57572174072266
387998,episode/length,500.0
387999,episode/return,405.92327880859375
387999,episode/length,500.0
390000,train/consistency_loss_mean,1.5568076132331045e-05
390000,train/consistency_loss_std,3.2914773035089026e-06
390000,train/continue_loss_mean,0.0
390000,train/continue_loss_std,0.0
390000,train/grad_norm_mean,0.5741659054279328
390000,train/grad_norm_std,0.26747411420836353
390000,train/policy_log_std_mean,-0.7993244297504425
390000,train/policy_log_std_std,0.29647541425226565
390000,train/policy_loss_mean,-0.293960679769516
390000,train/policy_loss_std,0.009929869058339917
390000,train/reward_loss_mean,0.21698020462989806
390000,train/reward_loss_std,0.011151401760679292
390000,train/total_loss_mean,0.05172214959859848
390000,train/total_loss_std,0.0014179547267393709
390000,train/value_loss_mean,0.2971276636838913
390000,train/value_loss_std,0.009380443098697393
390000,train/value_scale_mean,202.82942022705078
390000,train/value_scale_std,0.8154655777228618
390000,timing/collect_chunk_s,57.08732875576243
390000,timing/train_chunk_s,20.79309534933418
390000,dense_rhs/training_bucket_horizon,3.0
390000,system/heartbeat,1.0
391992,episode/return,280.27191162109375
391992,episode/length,500.0
391993,episode/return,328.56787109375
391993,episode/length,500.0
391994,episode/return,691.1165771484375
391994,episode/length,500.0
391995,episode/return,698.8536987304688
391995,episode/length,500.0
391996,episode/return,723.0637817382812
391996,episode/length,500.0
391997,episode/return,319.4383239746094
391997,episode/length,500.0
391998,episode/return,588.5070190429688
391998,episode/length,500.0
391999,episode/return,556.5680541992188
391999,episode/length,500.0
395992,episode/return,411.13250732421875
395992,episode/length,500.0
395993,episode/return,309.398193359375
395993,episode/length,500.0
395994,episode/return,764.7604370117188
395994,episode/length,500.0
395995,episode/return,645.2752685546875
395995,episode/length,500.0
395996,episode/return,404.4371643066406
395996,episode/length,500.0
395997,episode/return,638.2188110351562
395997,episode/length,500.0
395998,episode/return,638.1151123046875
395998,episode/length,500.0
395999,episode/return,775.3485717773438
395999,episode/length,500.0
399992,episode/return,404.3108215332031
399992,episode/length,500.0
399993,episode/return,387.99786376953125
399993,episode/length,500.0
399994,episode/return,641.5966796875
399994,episode/length,500.0
399995,episode/return,746.6671142578125
399995,episode/length,500.0
399996,episode/return,548.682373046875
399996,episode/length,500.0
399997,episode/return,380.63348388671875
399997,episode/length,500.0
399998,episode/return,266.3655090332031
399998,episode/length,500.0
399999,episode/return,287.779541015625
399999,episode/length,500.0
400000,train/consistency_loss_mean,1.5414630941086217e-05
400000,train/consistency_loss_std,3.535414202405653e-06
400000,train/continue_loss_mean,0.0
400000,train/continue_loss_std,0.0
400000,train/grad_norm_mean,0.5553968863248825
400000,train/grad_norm_std,0.2615694446778707
400000,train/policy_log_std_mean,-0.8105324966907501
400000,train/policy_log_std_std,0.3009016752592221
400000,train/policy_loss_mean,-0.2945968532562256
400000,train/policy_loss_std,0.00981448423293599
400000,train/reward_loss_mean,0.21729029476642608
400000,train/reward_loss_std,0.011114307752692237
400000,train/total_loss_mean,0.051835145008563996
400000,train/total_loss_std,0.0014259326405835534
400000,train/value_loss_mean,0.2979782220602036
400000,train/value_loss_std,0.009354731922558104
400000,train/value_scale_mean,202.44375682373047
400000,train/value_scale_std,0.4570708033571541
400000,timing/collect_chunk_s,58.27259421814233
400000,timing/train_chunk_s,20.76852088747546
400000,dense_rhs/training_bucket_horizon,3.0
400000,system/heartbeat,1.0
400000,timing/checkpoint_blocking_s,0.4359671510756016
400000,eval/return_mean,520.8760986328125
400000,eval/return_std,117.59414672851562
400000,eval/return_max,707.6660766601562
400000,eval/return_min,354.706298828125
400000,dense_rhs/deployment_utility_last_observed_gain,-196.2158203125
400000,dense_rhs/deployment_utility_observations,7.0
400000,timing/eval_s,6.9128583408892155
400000,eval/selected_horizon,3.0
400000,eval/training_bucket_horizon,3.0
400000,system/heartbeat,1.0
403992,episode/return,408.3427429199219
403992,episode/length,500.0
403993,episode/return,636.924560546875
403993,episode/length,500.0
403994,episode/return,715.25
403994,episode/length,500.0
403995,episode/return,364.1705017089844
403995,episode/length,500.0
403996,episode/return,740.2174072265625
403996,episode/length,500.0
403997,episode/return,438.83477783203125
403997,episode/length,500.0
403998,episode/return,379.471435546875
403998,episode/length,500.0
403999,episode/return,230.4208526611328
403999,episode/length,500.0
407992,episode/return,757.8289794921875
407992,episode/length,500.0
407993,episode/return,815.3574829101562
407993,episode/length,500.0
407994,episode/return,532.1533203125
407994,episode/length,500.0
407995,episode/return,632.3052978515625
407995,episode/length,500.0
407996,episode/return,526.5049438476562
407996,episode/length,500.0
407997,episode/return,814.0391845703125
407997,episode/length,500.0
407998,episode/return,396.420166015625
407998,episode/length,500.0
407999,episode/return,344.4531555175781
407999,episode/length,500.0
410000,train/consistency_loss_mean,1.5721354643028463e-05
410000,train/consistency_loss_std,4.618828689723905e-06
410000,train/continue_loss_mean,0.0
410000,train/continue_loss_std,0.0
410000,train/grad_norm_mean,0.5628970528125763
410000,train/grad_norm_std,0.27480577879473544
410000,train/policy_log_std_mean,-0.8037537631988525
410000,train/policy_log_std_std,0.301974677047586
410000,train/policy_loss_mean,-0.2957948247432709
410000,train/policy_loss_std,0.00976781829206372
410000,train/reward_loss_mean,0.2180439844250679
410000,train/reward_loss_std,0.011048478920867922
410000,train/total_loss_mean,0.05173334371447563
410000,train/total_loss_std,0.0014080591419904339
410000,train/value_loss_mean,0.2961451734781265
410000,train/value_loss_std,0.009148933458736169
410000,train/value_scale_mean,202.38184130859375
410000,train/value_scale_std,0.42466065061165637
410000,timing/collect_chunk_s,60.40684254094958
410000,timing/train_chunk_s,20.753879983443767
410000,dense_rhs/training_bucket_horizon,3.0
410000,system/heartbeat,1.0
411992,episode/return,406.52618408203125
411992,episode/length,500.0
411993,episode/return,638.5799560546875
411993,episode/length,500.0
411994,episode/return,638.1781005859375
411994,episode/length,500.0
411995,episode/return,516.378173828125
411995,episode/length,500.0
411996,episode/return,634.8411865234375
411996,episode/length,500.0
411997,episode/return,770.7151489257812
411997,episode/length,500.0
411998,episode/return,639.194580078125
411998,episode/length,500.0
411999,episode/return,739.1076049804688
411999,episode/length,500.0
415992,episode/return,326.4497985839844
415992,episode/length,500.0
415993,episode/return,634.8140869140625
415993,episode/length,500.0
415994,episode/return,637.5509643554688
415994,episode/length,500.0
415995,episode/return,742.9466552734375
415995,episode/length,500.0
415996,episode/return,709.959228515625
415996,episode/length,500.0
415997,episode/return,430.4498596191406
415997,episode/length,500.0
415998,episode/return,653.2870483398438
415998,episode/length,500.0
415999,episode/return,542.8427734375
415999,episode/length,500.0
419992,episode/return,739.4202880859375
419992,episode/length,500.0
419993,episode/return,272.58026123046875
419993,episode/length,500.0
419994,episode/return,880.6882934570312
419994,episode/length,500.0
419995,episode/return,490.71160888671875
419995,episode/length,500.0
419996,episode/return,236.91372680664062
419996,episode/length,500.0
419997,episode/return,627.67236328125
419997,episode/length,500.0
419998,episode/return,400.2012939453125
419998,episode/length,500.0
419999,episode/return,392.6719665527344
419999,episode/length,500.0
420000,train/consistency_loss_mean,1.4452009132946842e-05
420000,train/consistency_loss_std,3.0985370025355703e-06
420000,train/continue_loss_mean,0.0
420000,train/continue_loss_std,0.0
420000,train/grad_norm_mean,0.545590532541275
420000,train/grad_norm_std,0.2539743340423405
420000,train/policy_log_std_mean,-0.7959106876373291
420000,train/policy_log_std_std,0.29905627132522583
420000,train/policy_loss_mean,-0.2985171189069748
420000,train/policy_loss_std,0.009783057896195551
420000,train/reward_loss_mean,0.21929783264398575
420000,train/reward_loss_std,0.011125168901592422
420000,train/total_loss_mean,0.05148950828611851
420000,train/total_loss_std,0.0013654776776361953
420000,train/value_loss_mean,0.2927068414926529
420000,train/value_loss_std,0.008623599974039414
420000,train/value_scale_mean,202.66836499023438
420000,train/value_scale_std,0.25800496146571933
420000,timing/collect_chunk_s,66.00651399884373
420000,timing/train_chunk_s,20.79604227328673
420000,dense_rhs/training_bucket_horizon,3.0
420000,system/heartbeat,1.0
420000,dense_rhs/selected_horizon,4.0
420000,dense_rhs/proposed_horizon,3.0
420000,dense_rhs/phase_id,0.0
420000,dense_rhs/num_active_horizons,7.0
420000,dense_rhs/num_candidate_horizons,3.0
420000,dense_rhs/entropy,1.6140464544296265
420000,dense_rhs/norm_entropy,0.8294557332992554
420000,dense_rhs/best_fitness,0.33136993646621704
420000,dense_rhs/deployment_score_best,2.0941384718753397e-05
420000,dense_rhs/incumbent_deployment_score,1.909437560243532e-05
420000,dense_rhs/proposed_deployment_score,1.909437560243532e-05
420000,dense_rhs/proposed_transition_cost,0.0
420000,dense_rhs/proposed_switch_probability,0.5
420000,dense_rhs/proposed_expected_net_benefit,0.0
420000,dense_rhs/transition_cost_best,0.0
420000,dense_rhs/transition_adjusted_score_best,1.909437560243532e-05
420000,dense_rhs/switch_probability_best,0.5
420000,dense_rhs/expected_improvement_best,0.03967972844839096
420000,dense_rhs/expected_loss_best,0.03967972844839096
420000,dense_rhs/expected_net_benefit_best,0.0
420000,dense_rhs/return_term_best,0.1418464332818985
420000,dense_rhs/roughness_term_best,0.8792150616645813
420000,dense_rhs/return_std_term_best,0.09667247533798218
420000,dense_rhs/learner_proxy_term_best,0.6086025238037109
420000,dense_rhs/model_prefix_loss_best,0.2631415128707886
420000,dense_rhs/model_probe_prefix_best,0.10938422381877899
420000,dense_rhs/planner_return_best,173.96861267089844
420000,dense_rhs/roughness_best,0.02163180150091648
420000,dense_rhs/robust_return_best,27.0296630859375
420000,timing/query_model_diag_s,0.011661275755614042
420000,timing/query_env_eval_s,5.129249578807503
420000,timing/query_finalize_s,0.005266914144158363
420000,timing/query_total_s,5.152264752890915
420000,dense_rhs/candidate_3_fitness,0.19627724587917328
420000,dense_rhs/candidate_3_deployment_score,1.909437560243532e-05
420000,dense_rhs/candidate_3_transition_cost,0.0
420000,dense_rhs/candidate_3_transition_adjusted_score,1.909437560243532e-05
420000,dense_rhs/candidate_3_switch_probability,0.5
420000,dense_rhs/candidate_3_expected_net_benefit,0.0
420000,dense_rhs/candidate_3_return,47.492340087890625
420000,dense_rhs/candidate_3_return_term,0.2626756429672241
420000,dense_rhs/candidate_3_roughness_term,0.9422113299369812
420000,dense_rhs/candidate_3_return_std_term,0.0059926509857177734
420000,dense_rhs/candidate_3_learner_proxy_term,0.7103279829025269
420000,dense_rhs/candidate_4_fitness,0.33136993646621704
420000,dense_rhs/candidate_4_deployment_score,2.0941384718753397e-05
420000,dense_rhs/candidate_4_transition_cost,0.05505703389644623
420000,dense_rhs/candidate_4_transition_adjusted_score,-0.055036094039678574
420000,dense_rhs/candidate_4_switch_probability,0.2661818563938141
420000,dense_rhs/candidate_4_expected_net_benefit,-0.05505518987774849
420000,dense_rhs/candidate_4_return,27.0296630859375
420000,dense_rhs/candidate_4_return_term,0.1418464332818985
420000,dense_rhs/candidate_4_roughness_term,0.8792150616645813
420000,dense_rhs/candidate_4_return_std_term,0.09667247533798218
420000,dense_rhs/candidate_4_learner_proxy_term,0.6086025238037109
420000,dense_rhs/candidate_2_fitness,0.03162277489900589
420000,dense_rhs/candidate_2_deployment_score,1.0000000031710769e-30
420000,dense_rhs/candidate_2_transition_cost,0.058325234800577164
420000,dense_rhs/candidate_2_transition_adjusted_score,-0.058325234800577164
420000,dense_rhs/candidate_2_switch_probability,0.2695530354976654
420000,dense_rhs/candidate_2_expected_net_benefit,-0.05834432691335678
420000,dense_rhs/candidate_2_return,3.0076751708984375
420000,dense_rhs/candidate_2_return_term,0.0
420000,dense_rhs/candidate_2_roughness_term,1.0
420000,dense_rhs/candidate_2_return_std_term,0.0
420000,dense_rhs/candidate_2_learner_proxy_term,1.0
420000,dense_rhs/deployment_utility_enabled,1.0
420000,dense_rhs/deployment_utility_observations,7.0
420000,dense_rhs/deployment_utility_last_observed_gain,-196.2158203125
420000,dense_rhs/candidate_2_expected_eval_gain,0.0
420000,dense_rhs/candidate_2_eval_gain_uncertainty,150.0
420000,dense_rhs/candidate_2_deployment_utility_score,37.5
420000,dense_rhs/candidate_3_expected_eval_gain,14.99432373046875
420000,dense_rhs/candidate_3_eval_gain_uncertainty,52.112076686863524
420000,dense_rhs/candidate_3_deployment_utility_score,37.14035293775595
420000,dense_rhs/candidate_4_expected_eval_gain,36.30078125
420000,dense_rhs/candidate_4_eval_gain_uncertainty,0.5773502691896258
420000,dense_rhs/candidate_4_deployment_utility_score,46.445118817297406
420000,dense_rhs/deployment_utility_override,1.0
420000,dense_rhs/deployment_utility_selected_expected_gain,36.30078125
420000,dense_rhs/deployment_utility_selected_uncertainty,0.5773502691896258
420000,dense_rhs/deployment_utility_selected_score,46.445118817297406
420000,dense_rhs/deployment_utility_proposed_horizon,4.0
420000,dense_rhs/deployment_utility_proposed_expected_gain,36.30078125
420000,dense_rhs/deployment_utility_proposed_uncertainty,0.5773502691896258
420000,dense_rhs/deployment_utility_proposed_score,46.445118817297406
420000,dense_rhs/previous_horizon,3.0
420000,dense_rhs/training_bucket_horizon,4.0
420000,dense_rhs/best_h,4.0
420000,dense_rhs/prob_best_h,0.123046875
420000,dense_rhs/gauss_mean_best_h,0.20580273866653442
420000,dense_rhs/gauss_post_std_best_h,0.04946490377187729
420000,system/heartbeat,1.0
423992,episode/return,634.2490234375
423992,episode/length,500.0
423993,episode/return,503.87896728515625
423993,episode/length,500.0
423994,episode/return,500.5065612792969
423994,episode/length,500.0
423995,episode/return,498.8770751953125
423995,episode/length,500.0
423996,episode/return,260.8055725097656
423996,episode/length,500.0
423997,episode/return,819.0582275390625
423997,episode/length,500.0
423998,episode/return,373.5230712890625
423998,episode/length,500.0
423999,episode/return,511.5637512207031
423999,episode/length,500.0
427992,episode/return,752.0482177734375
427992,episode/length,500.0
427993,episode/return,638.970703125
427993,episode/length,500.0
427994,episode/return,634.5589599609375
427994,episode/length,500.0
427995,episode/return,395.9571838378906
427995,episode/length,500.0
427996,episode/return,627.9217529296875
427996,episode/length,500.0
427997,episode/return,498.7650451660156
427997,episode/length,500.0
427998,episode/return,666.8681640625
427998,episode/length,500.0
427999,episode/return,658.8658447265625
427999,episode/length,500.0
430000,train/consistency_loss_mean,1.2677958294807467e-05
430000,train/consistency_loss_std,4.7656818268114905e-06
430000,train/continue_loss_mean,0.0
430000,train/continue_loss_std,0.0
430000,train/grad_norm_mean,0.42704114029407503
430000,train/grad_norm_std,0.20708109732782223
430000,train/policy_log_std_mean,-0.7803259469985961
430000,train/policy_log_std_std,0.2923354613764102
430000,train/policy_loss_mean,-0.24719017361402512
430000,train/policy_loss_std,0.008238965508265783
430000,train/reward_loss_mean,0.176603955411911
430000,train/reward_loss_std,0.008872799110171553
430000,train/total_loss_mean,0.04164090898931026
430000,train/total_loss_std,0.0011849011456509942
430000,train/value_loss_mean,0.23726953377723695
430000,train/value_loss_std,0.007683839692390614
430000,train/value_scale_mean,201.9749285522461
430000,train/value_scale_std,0.610805361864956
430000,timing/collect_chunk_s,60.191699656657875
430000,timing/train_chunk_s,25.374365293886513
430000,dense_rhs/training_bucket_horizon,4.0
430000,system/heartbeat,1.0
431992,episode/return,412.2421569824219
431992,episode/length,500.0
431993,episode/return,376.1329650878906
431993,episode/length,500.0
431994,episode/return,663.8732299804688
431994,episode/length,500.0
431995,episode/return,544.6398315429688
431995,episode/length,500.0
431996,episode/return,531.8296508789062
431996,episode/length,500.0
431997,episode/return,502.7828063964844
431997,episode/length,500.0
431998,episode/return,536.1669311523438
431998,episode/length,500.0
431999,episode/return,448.8089294433594
431999,episode/length,500.0
435992,episode/return,408.8337097167969
435992,episode/length,500.0
435993,episode/return,589.9810180664062
435993,episode/length,500.0
435994,episode/return,494.839599609375
435994,episode/length,500.0
435995,episode/return,661.75537109375
435995,episode/length,500.0
435996,episode/return,272.0220031738281
435996,episode/length,500.0
435997,episode/return,666.7144165039062
435997,episode/length,500.0
435998,episode/return,534.327880859375
435998,episode/length,500.0
435999,episode/return,615.6774291992188
435999,episode/length,500.0
439992,episode/return,506.978515625
439992,episode/length,500.0
439993,episode/return,452.8863525390625
439993,episode/length,500.0
439994,episode/return,647.3851928710938
439994,episode/length,500.0
439995,episode/return,405.1937255859375
439995,episode/length,500.0
439996,episode/return,661.1502075195312
439996,episode/length,500.0
439997,episode/return,532.94873046875
439997,episode/length,500.0
439998,episode/return,472.99456787109375
439998,episode/length,500.0
439999,episode/return,428.85137939453125
439999,episode/length,500.0
440000,train/consistency_loss_mean,1.2413263956841547e-05
440000,train/consistency_loss_std,2.736831925317443e-06
440000,train/continue_loss_mean,0.0
440000,train/continue_loss_std,0.0
440000,train/grad_norm_mean,0.4311489724159241
440000,train/grad_norm_std,0.2034862255661872
440000,train/policy_log_std_mean,-0.792806541557312
440000,train/policy_log_std_std,0.29336488081924433
440000,train/policy_loss_mean,-0.24851867275238038
440000,train/policy_loss_std,0.008146741625341267
440000,train/reward_loss_mean,0.17730329749584198
440000,train/reward_loss_std,0.008902918627752625
440000,train/total_loss_mean,0.041798875579237935
440000,train/total_loss_std,0.001093674086611996
440000,train/value_loss_mean,0.23820279451608659
440000,train/value_loss_std,0.006802595429059682
440000,train/value_scale_mean,201.52939213867188
440000,train/value_scale_std,0.3771246046249769
440000,timing/collect_chunk_s,59.694673395715654
440000,timing/train_chunk_s,25.399434364400804
440000,dense_rhs/training_bucket_horizon,4.0
440000,system/heartbeat,1.0
443992,episode/return,644.1754760742188
443992,episode/length,500.0
443993,episode/return,896.2037353515625
443993,episode/length,500.0
443994,episode/return,813.248779296875
443994,episode/length,500.0
443995,episode/return,609.0488891601562
443995,episode/length,500.0
443996,episode/return,478.3541259765625
443996,episode/length,500.0
443997,episode/return,377.9620361328125
443997,episode/length,500.0
443998,episode/return,531.0023803710938
443998,episode/length,500.0
443999,episode/return,399.9374694824219
443999,episode/length,500.0
447992,episode/return,665.1220703125
447992,episode/length,500.0
447993,episode/return,647.36962890625
447993,episode/length,500.0
447994,episode/return,628.3812255859375
447994,episode/length,500.0
447995,episode/return,501.76873779296875
447995,episode/length,500.0
447996,episode/return,759.5167236328125
447996,episode/length,500.0
447997,episode/return,758.7632446289062
447997,episode/length,500.0
447998,episode/return,637.6903076171875
447998,episode/length,500.0
447999,episode/return,232.87509155273438
447999,episode/length,500.0
450000,train/consistency_loss_mean,1.218849809229141e-05
450000,train/consistency_loss_std,2.5983109525357887e-06
450000,train/continue_loss_mean,0.0
450000,train/continue_loss_std,0.0
450000,train/grad_norm_mean,0.4289051220178604
450000,train/grad_norm_std,0.20252214188050086
450000,train/policy_log_std_mean,-0.7874396604156494
450000,train/policy_log_std_std,0.2933166514411572
450000,train/policy_loss_mean,-0.24940284880399705
450000,train/policy_loss_std,0.008095867012974564
450000,train/reward_loss_mean,0.17789980285167695
450000,train/reward_loss_std,0.008866773896063026
450000,train/total_loss_mean,0.04159773017466068
450000,train/total_loss_std,0.001075772288734242
450000,train/value_loss_mean,0.23563979095220566
450000,train/value_loss_std,0.006682467282031706
450000,train/value_scale_mean,201.80291531982422
450000,train/value_scale_std,0.25428142844554275
450000,timing/collect_chunk_s,60.30489187594503
450000,timing/train_chunk_s,25.38141097407788
450000,dense_rhs/training_bucket_horizon,4.0
450000,system/heartbeat,1.0
450000,timing/checkpoint_blocking_s,0.4541727821342647
450000,eval/return_mean,647.2491455078125
450000,eval/return_std,128.37413024902344
450000,eval/return_max,893.896240234375
450000,eval/return_min,444.06298828125
450000,dense_rhs/deployment_utility_last_observed_gain,126.373046875
450000,dense_rhs/deployment_utility_observations,8.0
450000,timing/eval_s,8.14343430986628
450000,eval/selected_horizon,4.0
450000,eval/training_bucket_horizon,4.0
450000,system/heartbeat,1.0
451992,episode/return,541.0863037109375
451992,episode/length,500.0
451993,episode/return,371.64837646484375
451993,episode/length,500.0
451994,episode/return,437.3117370605469
451994,episode/length,500.0
451995,episode/return,492.7244567871094
451995,episode/length,500.0
451996,episode/return,527.7342529296875
451996,episode/length,500.0
451997,episode/return,647.7622680664062
451997,episode/length,500.0
451998,episode/return,756.3933715820312
451998,episode/length,500.0
451999,episode/return,811.2755737304688
451999,episode/length,500.0
455992,episode/return,392.6295166015625
455992,episode/length,500.0
455993,episode/return,500.36328125
455993,episode/length,500.0
455994,episode/return,615.59033203125
455994,episode/length,500.0
455995,episode/return,647.4613647460938
455995,episode/length,500.0
455996,episode/return,503.8456726074219
455996,episode/length,500.0
455997,episode/return,516.83740234375
455997,episode/length,500.0
455998,episode/return,430.8116760253906
455998,episode/length,500.0
455999,episode/return,393.9834289550781
455999,episode/length,500.0
459992,episode/return,713.4197387695312
459992,episode/length,500.0
459993,episode/return,415.90631103515625
459993,episode/length,500.0
459994,episode/return,533.4163208007812
459994,episode/length,500.0
459995,episode/return,400.88165283203125
459995,episode/length,500.0
459996,episode/return,659.862548828125
459996,episode/length,500.0
459997,episode/return,437.87799072265625
459997,episode/length,500.0
459998,episode/return,637.8677978515625
459998,episode/length,500.0
459999,episode/return,381.1434020996094
459999,episode/length,500.0
460000,train/consistency_loss_mean,1.2106169301114278e-05
460000,train/consistency_loss_std,3.103144943286937e-06
460000,train/continue_loss_mean,0.0
460000,train/continue_loss_std,0.0
460000,train/grad_norm_mean,0.43097960312366485
460000,train/grad_norm_std,0.2071125766383987
460000,train/policy_log_std_mean,-0.7895856015777588
460000,train/policy_log_std_std,0.297225186516824
460000,train/policy_loss_mean,-0.25082096141576765
460000,train/policy_loss_std,0.00815359487269242
460000,train/reward_loss_mean,0.17856707696914673
460000,train/reward_loss_std,0.008856870840073168
460000,train/total_loss_mean,0.04161014500260353
460000,train/total_loss_std,0.001089391238590265
460000,train/value_loss_mean,0.23511313121318816
460000,train/value_loss_std,0.006902855785250855
460000,train/value_scale_mean,201.5106260864258
460000,train/value_scale_std,0.37628846208918165
460000,timing/collect_chunk_s,70.02418829221278
460000,timing/train_chunk_s,25.37336959829554
460000,dense_rhs/training_bucket_horizon,4.0
460000,system/heartbeat,1.0
463992,episode/return,375.74749755859375
463992,episode/length,500.0
463993,episode/return,816.1726684570312
463993,episode/length,500.0
463994,episode/return,751.66943359375
463994,episode/length,500.0
463995,episode/return,506.95355224609375
463995,episode/length,500.0
463996,episode/return,497.93463134765625
463996,episode/length,500.0
463997,episode/return,636.413330078125
463997,episode/length,500.0
463998,episode/return,456.8162841796875
463998,episode/length,500.0
463999,episode/return,775.9194946289062
463999,episode/length,500.0
467992,episode/return,393.95355224609375
467992,episode/length,500.0
467993,episode/return,633.5248413085938
467993,episode/length,500.0
467994,episode/return,289.3563537597656
467994,episode/length,500.0
467995,episode/return,751.517333984375
467995,episode/length,500.0
467996,episode/return,629.4403076171875
467996,episode/length,500.0
467997,episode/return,369.78033447265625
467997,episode/length,500.0
467998,episode/return,390.1385498046875
467998,episode/length,500.0
467999,episode/return,744.0821533203125
467999,episode/length,500.0
470000,train/consistency_loss_mean,1.2139393454708625e-05
470000,train/consistency_loss_std,2.527278047075813e-06
470000,train/continue_loss_mean,0.0
470000,train/continue_loss_std,0.0
470000,train/grad_norm_mean,0.4242370652914047
470000,train/grad_norm_std,0.20909429187793668
470000,train/policy_log_std_mean,-0.790169284439087
470000,train/policy_log_std_std,0.29708761972462827
470000,train/policy_loss_mean,-0.251789825797081
470000,train/policy_loss_std,0.008196252159006039
470000,train/reward_loss_mean,0.17862790781259535
470000,train/reward_loss_std,0.009026409544506227
470000,train/total_loss_mean,0.04160307001173496
470000,train/total_loss_std,0.0010772411822571185
470000,train/value_loss_mean,0.23497490104436874
470000,train/value_loss_std,0.006442228391175147
470000,train/value_scale_mean,201.28749898681642
470000,train/value_scale_std,0.3926374057299624
470000,timing/collect_chunk_s,60.20414284383878
470000,timing/train_chunk_s,25.362069844268262
470000,dense_rhs/training_bucket_horizon,4.0
470000,system/heartbeat,1.0
470000,dense_rhs/selected_horizon,4.0
470000,dense_rhs/proposed_horizon,4.0
470000,dense_rhs/phase_id,0.0
470000,dense_rhs/num_active_horizons,7.0
470000,dense_rhs/num_candidate_horizons,3.0
470000,dense_rhs/entropy,1.6227710247039795
470000,dense_rhs/norm_entropy,0.8339393138885498
470000,dense_rhs/best_fitness,0.03162277489900589
470000,dense_rhs/deployment_score_best,1.1415158727408582e-25
470000,dense_rhs/incumbent_deployment_score,1.1415158727408582e-25
470000,dense_rhs/proposed_deployment_score,1.1415158727408582e-25
470000,dense_rhs/proposed_transition_cost,0.0
470000,dense_rhs/proposed_switch_probability,0.5
470000,dense_rhs/proposed_expected_net_benefit,0.0
470000,dense_rhs/transition_cost_best,0.0
470000,dense_rhs/transition_adjusted_score_best,1.1415158727408582e-25
470000,dense_rhs/switch_probability_best,0.5
470000,dense_rhs/expected_improvement_best,0.02820948138833046
470000,dense_rhs/expected_loss_best,0.02820948138833046
470000,dense_rhs/expected_net_benefit_best,0.0
470000,dense_rhs/return_term_best,0.0
470000,dense_rhs/roughness_term_best,0.8248022794723511
470000,dense_rhs/return_std_term_best,0.17348849773406982
470000,dense_rhs/learner_proxy_term_best,0.79774010181427
470000,dense_rhs/model_prefix_loss_best,0.34526076912879944
470000,dense_rhs/model_probe_prefix_best,0.13794881105422974
470000,dense_rhs/planner_return_best,166.0509033203125
470000,dense_rhs/roughness_best,0.017290880903601646
470000,dense_rhs/robust_return_best,21.99066925048828
470000,timing/query_model_diag_s,0.012274621985852718
470000,timing/query_env_eval_s,5.14304751297459
470000,timing/query_finalize_s,0.004467956256121397
470000,timing/query_total_s,5.165368523914367
470000,dense_rhs/candidate_4_fitness,0.03162277489900589
470000,dense_rhs/candidate_4_deployment_score,1.1415158727408582e-25
470000,dense_rhs/candidate_4_transition_cost,0.0
470000,dense_rhs/candidate_4_transition_adjusted_score,1.1415158727408582e-25
470000,dense_rhs/candidate_4_switch_probability,0.5
470000,dense_rhs/candidate_4_expected_net_benefit,0.0
470000,dense_rhs/candidate_4_return,21.99066925048828
470000,dense_rhs/candidate_4_return_term,0.0
470000,dense_rhs/candidate_4_roughness_term,0.8248022794723511
470000,dense_rhs/candidate_4_return_std_term,0.17348849773406982
470000,dense_rhs/candidate_4_learner_proxy_term,0.79774010181427
470000,dense_rhs/candidate_5_fitness,0.16872121393680573
470000,dense_rhs/candidate_5_deployment_score,1.7774917182578065e-07
470000,dense_rhs/candidate_5_transition_cost,0.062346942722797394
470000,dense_rhs/candidate_5_transition_adjusted_score,-0.06234676390886307
470000,dense_rhs/candidate_5_switch_probability,0.23416724801063538
470000,dense_rhs/candidate_5_expected_net_benefit,-0.06234676390886307
470000,dense_rhs/candidate_5_return,32.04949188232422
470000,dense_rhs/candidate_5_return_term,0.06838800758123398
470000,dense_rhs/candidate_5_roughness_term,0.5703592300415039
470000,dense_rhs/candidate_5_return_std_term,0.020749807357788086
470000,dense_rhs/candidate_5_learner_proxy_term,0.6866339445114136
470000,dense_rhs/candidate_3_fitness,0.03162277489900589
470000,dense_rhs/candidate_3_deployment_score,8.923938844829227e-12
470000,dense_rhs/candidate_3_transition_cost,0.04820675402879715
470000,dense_rhs/candidate_3_transition_adjusted_score,-0.04820675402879715
470000,dense_rhs/candidate_3_switch_probability,0.2721221446990967
470000,dense_rhs/candidate_3_expected_net_benefit,-0.04820675402879715
470000,dense_rhs/candidate_3_return,30.27960968017578
470000,dense_rhs/candidate_3_return_term,0.05635491758584976
470000,dense_rhs/candidate_3_roughness_term,0.8847678303718567
470000,dense_rhs/candidate_3_return_std_term,0.0
470000,dense_rhs/candidate_3_learner_proxy_term,1.0
470000,dense_rhs/deployment_utility_enabled,1.0
470000,dense_rhs/deployment_utility_observations,8.0
470000,dense_rhs/deployment_utility_last_observed_gain,126.373046875
470000,dense_rhs/candidate_3_expected_eval_gain,14.99432373046875
470000,dense_rhs/candidate_3_eval_gain_uncertainty,52.112076686863524
470000,dense_rhs/candidate_3_deployment_utility_score,28.022844954529134
470000,dense_rhs/candidate_4_expected_eval_gain,66.32486979166667
470000,dense_rhs/candidate_4_eval_gain_uncertainty,21.230374108617738
470000,dense_rhs/candidate_4_deployment_utility_score,71.63246331882111
470000,dense_rhs/candidate_5_expected_eval_gain,0.0
470000,dense_rhs/candidate_5_eval_gain_uncertainty,150.0
470000,dense_rhs/candidate_5_deployment_utility_score,47.5
470000,dense_rhs/deployment_utility_override,0.0
470000,dense_rhs/deployment_utility_selected_expected_gain,66.32486979166667
470000,dense_rhs/deployment_utility_selected_uncertainty,21.230374108617738
470000,dense_rhs/deployment_utility_selected_score,71.63246331882111
470000,dense_rhs/deployment_utility_proposed_horizon,4.0
470000,dense_rhs/deployment_utility_proposed_expected_gain,66.32486979166667
470000,dense_rhs/deployment_utility_proposed_uncertainty,21.230374108617738
470000,dense_rhs/deployment_utility_proposed_score,71.63246331882111
470000,dense_rhs/previous_horizon,4.0
470000,dense_rhs/training_bucket_horizon,4.0
470000,dense_rhs/best_h,4.0
470000,dense_rhs/prob_best_h,0.115234375
470000,dense_rhs/gauss_mean_best_h,0.18644940853118896
470000,dense_rhs/gauss_post_std_best_h,0.0476045198738575
470000,system/heartbeat,1.0
471992,episode/return,533.4172973632812
471992,episode/length,500.0
471993,episode/return,534.8400268554688
471993,episode/length,500.0
471994,episode/return,661.3673095703125
471994,episode/length,500.0
471995,episode/return,365.3411560058594
471995,episode/length,500.0
471996,episode/return,533.709228515625
471996,episode/length,500.0
471997,episode/return,525.262451171875
471997,episode/length,500.0
471998,episode/return,391.4867858886719
471998,episode/length,500.0
471999,episode/return,657.1453857421875
471999,episode/length,500.0
475992,episode/return,502.15313720703125
475992,episode/length,500.0
475993,episode/return,532.67919921875
475993,episode/length,500.0
475994,episode/return,386.3768005371094
475994,episode/length,500.0
475995,episode/return,712.8585205078125
475995,episode/length,500.0
475996,episode/return,404.6155700683594
475996,episode/length,500.0
475997,episode/return,654.4397583007812
475997,episode/length,500.0
475998,episode/return,635.1984252929688
475998,episode/length,500.0
475999,episode/return,502.49884033203125
475999,episode/length,500.0
479992,episode/return,524.5965576171875
479992,episode/length,500.0
479993,episode/return,373.07012939453125
479993,episode/length,500.0
479994,episode/return,282.3124084472656
479994,episode/length,500.0
479995,episode/return,406.4088134765625
479995,episode/length,500.0
479996,episode/return,649.3162841796875
479996,episode/length,500.0
479997,episode/return,377.18048095703125
479997,episode/length,500.0
479998,episode/return,660.0382080078125
479998,episode/length,500.0
479999,episode/return,637.6659545898438
479999,episode/length,500.0
480000,train/consistency_loss_mean,1.1594486197282095e-05
480000,train/consistency_loss_std,2.0915026106708926e-06
480000,train/continue_loss_mean,0.0
480000,train/continue_loss_std,0.0
480000,train/grad_norm_mean,0.4209899654150009
480000,train/grad_norm_std,0.19796009485514926
480000,train/policy_log_std_mean,-0.8044376905822754
480000,train/policy_log_std_std,0.3057632720549231
480000,train/policy_loss_mean,-0.25239425632953644
480000,train/policy_loss_std,0.008113884562453082
480000,train/reward_loss_mean,0.1794652814388275
480000,train/reward_loss_std,0.008910724403716085
480000,train/total_loss_mean,0.04160336985290051
480000,train/total_loss_std,0.0010522535632927217
480000,train/value_loss_mean,0.234249508869648
480000,train/value_loss_std,0.006276135626904983
480000,train/value_scale_mean,201.36939739990234
480000,train/value_scale_std,0.3538187038677989
480000,timing/collect_chunk_s,60.20013815583661
480000,timing/train_chunk_s,25.38972495822236
480000,dense_rhs/training_bucket_horizon,4.0
480000,system/heartbeat,1.0
483992,episode/return,438.4933166503906
483992,episode/length,500.0
483993,episode/return,370.1100769042969
483993,episode/length,500.0
483994,episode/return,633.4750366210938
483994,episode/length,500.0
483995,episode/return,818.9237670898438
483995,episode/length,500.0
483996,episode/return,768.308349609375
483996,episode/length,500.0
483997,episode/return,508.1067810058594
483997,episode/length,500.0
483998,episode/return,897.5989379882812
483998,episode/length,500.0
483999,episode/return,638.755859375
483999,episode/length,500.0
487992,episode/return,637.7071533203125
487992,episode/length,500.0
487993,episode/return,455.42681884765625
487993,episode/length,500.0
487994,episode/return,532.5892944335938
487994,episode/length,500.0
487995,episode/return,647.6572875976562
487995,episode/length,500.0
487996,episode/return,534.3623046875
487996,episode/length,500.0
487997,episode/return,579.3355102539062
487997,episode/length,500.0
487998,episode/return,500.08843994140625
487998,episode/length,500.0
487999,episode/return,373.4806823730469
487999,episode/length,500.0
490000,train/consistency_loss_mean,1.1751249960070708e-05
490000,train/consistency_loss_std,3.255811599059388e-06
490000,train/continue_loss_mean,0.0
490000,train/continue_loss_std,0.0
490000,train/grad_norm_mean,0.4120307278394699
490000,train/grad_norm_std,0.19897645502651096
490000,train/policy_log_std_mean,-0.7983323628234863
490000,train/policy_log_std_std,0.31008281501069745
490000,train/policy_loss_mean,-0.25433333755731585
490000,train/policy_loss_std,0.008216245792059578
490000,train/reward_loss_mean,0.17986254037618638
490000,train/reward_loss_std,0.008876683011846567
490000,train/total_loss_mean,0.0417273945838213
490000,train/total_loss_std,0.0010950917348367716
490000,train/value_loss_mean,0.2350611473560333
490000,train/value_loss_std,0.006696929727437382
490000,train/value_scale_mean,200.62062658691406
490000,train/value_scale_std,0.3195608298782126
490000,timing/collect_chunk_s,60.33244971930981
490000,timing/train_chunk_s,25.402562391012907
490000,dense_rhs/training_bucket_horizon,4.0
490000,system/heartbeat,1.0
491992,episode/return,541.1165771484375
491992,episode/length,500.0
491993,episode/return,511.8143310546875
491993,episode/length,500.0
491994,episode/return,396.73663330078125
491994,episode/length,500.0
491995,episode/return,652.4776611328125
491995,episode/length,500.0
491996,episode/return,665.80615234375
491996,episode/length,500.0
491997,episode/return,634.0895385742188
491997,episode/length,500.0
491998,episode/return,493.59283447265625
491998,episode/length,500.0
491999,episode/return,377.1904296875
491999,episode/length,500.0
495992,episode/return,751.6779174804688
495992,episode/length,500.0
495993,episode/return,395.41217041015625
495993,episode/length,500.0
495994,episode/return,662.9473876953125
495994,episode/length,500.0
495995,episode/return,398.8390197753906
495995,episode/length,500.0
495996,episode/return,546.5033569335938
495996,episode/length,500.0
495997,episode/return,636.216796875
495997,episode/length,500.0
495998,episode/return,635.3026733398438
495998,episode/length,500.0
495999,episode/return,410.6993713378906
495999,episode/length,500.0
499992,episode/return,755.8527221679688
499992,episode/length,500.0
499993,episode/return,735.9978637695312
499993,episode/length,500.0
499994,episode/return,742.6690063476562
499994,episode/length,500.0
499995,episode/return,650.1171875
499995,episode/length,500.0
499996,episode/return,637.4993896484375
499996,episode/length,500.0
499997,episode/return,553.030029296875
499997,episode/length,500.0
499998,episode/return,494.3946228027344
499998,episode/length,500.0
499999,episode/return,376.7397766113281
499999,episode/length,500.0
500000,train/consistency_loss_mean,1.1947479659284e-05
500000,train/consistency_loss_std,3.5681588924374294e-06
500000,train/continue_loss_mean,0.0
500000,train/continue_loss_std,0.0
500000,train/grad_norm_mean,0.41482040388584135
500000,train/grad_norm_std,0.20937780657052316
500000,train/policy_log_std_mean,-0.7916599293899537
500000,train/policy_log_std_std,0.30189471977727117
500000,train/policy_loss_mean,-0.2555929504275322
500000,train/policy_loss_std,0.008226534804857643
500000,train/reward_loss_mean,0.18049602265357972
500000,train/reward_loss_std,0.008884239932244695
500000,train/total_loss_mean,0.041883498913049697
500000,train/total_loss_std,0.0010940751486484934
500000,train/value_loss_mean,0.23594946262836455
500000,train/value_loss_std,0.006717231824503616
500000,train/value_scale_mean,200.02762946777344
500000,train/value_scale_std,0.29143953598570793
500000,timing/collect_chunk_s,69.51159535488114
500000,timing/train_chunk_s,25.4090365213342
500000,dense_rhs/training_bucket_horizon,4.0
500000,system/heartbeat,1.0
500000,timing/checkpoint_blocking_s,0.4602930499240756
500000,eval/return_mean,684.3912963867188
500000,eval/return_std,138.92149353027344
500000,eval/return_max,878.414794921875
500000,eval/return_min,380.4779357910156
500000,dense_rhs/deployment_utility_last_observed_gain,37.14215087890625
500000,dense_rhs/deployment_utility_observations,9.0
500000,timing/eval_s,8.157756824977696
500000,eval/selected_horizon,4.0
500000,eval/training_bucket_horizon,4.0
500000,system/heartbeat,1.0
