step,tag,value
3992,episode/return,55.88888168334961
3992,episode/length,500.0
3993,episode/return,17.13601303100586
3993,episode/length,500.0
3994,episode/return,18.29896354675293
3994,episode/length,500.0
3995,episode/return,37.54521942138672
3995,episode/length,500.0
3996,episode/return,48.423309326171875
3996,episode/length,500.0
3997,episode/return,38.86504364013672
3997,episode/length,500.0
3998,episode/return,46.364688873291016
3998,episode/length,500.0
3999,episode/return,12.83977222442627
3999,episode/length,500.0
4000,seed_pretrain/updates_completed,512.0
4000,timing/collect_chunk_s,52.406752918846905
4000,timing/train_chunk_s,245.72573527274653
4000,system/heartbeat,1.0
4000,seed_pretrain/updates_completed,1024.0
4000,timing/collect_chunk_s,52.406752918846905
4000,timing/train_chunk_s,246.83470470597968
4000,system/heartbeat,1.0
4000,seed_pretrain/updates_completed,1536.0
4000,timing/collect_chunk_s,52.406752918846905
4000,timing/train_chunk_s,247.94460924901068
4000,system/heartbeat,1.0
4000,seed_pretrain/updates_completed,2048.0
4000,timing/collect_chunk_s,52.406752918846905
4000,timing/train_chunk_s,249.05427103396505
4000,system/heartbeat,1.0
4000,seed_pretrain/updates_completed,2560.0
4000,timing/collect_chunk_s,52.406752918846905
4000,timing/train_chunk_s,250.16460799286142
4000,system/heartbeat,1.0
4000,seed_pretrain/updates_completed,3072.0
4000,timing/collect_chunk_s,52.406752918846905
4000,timing/train_chunk_s,251.27500362927094
4000,system/heartbeat,1.0
4000,seed_pretrain/updates_completed,3584.0
4000,timing/collect_chunk_s,52.406752918846905
4000,timing/train_chunk_s,252.38690590672195
4000,system/heartbeat,1.0
7992,episode/return,197.37103271484375
7992,episode/length,500.0
7993,episode/return,178.0773162841797
7993,episode/length,500.0
7994,episode/return,209.98226928710938
7994,episode/length,500.0
7995,episode/return,167.7305450439453
7995,episode/length,500.0
7996,episode/return,176.70191955566406
7996,episode/length,500.0
7997,episode/return,172.7775115966797
7997,episode/length,500.0
7998,episode/return,172.16036987304688
7998,episode/length,500.0
7999,episode/return,221.36679077148438
7999,episode/length,500.0
10000,train/consistency_loss_mean,5.11736527303583e-05
10000,train/consistency_loss_std,0.00028260014557791613
10000,train/continue_loss_mean,0.0
10000,train/continue_loss_std,0.0
10000,train/grad_norm_mean,0.21016075468063355
10000,train/grad_norm_std,0.11721188523499952
10000,train/policy_log_std_mean,-0.8197792814731598
10000,train/policy_log_std_std,0.5242262622849809
10000,train/policy_loss_mean,-0.5114047670125962
10000,train/policy_loss_std,0.20372757225800536
10000,train/reward_loss_mean,0.23402303971052169
10000,train/reward_loss_std,0.08372909502009179
10000,train/total_loss_mean,0.051193748757243154
10000,train/total_loss_std,0.021933230882490426
10000,train/value_loss_mean,0.26767970752716064
10000,train/value_loss_std,0.08417375522014162
10000,train/value_scale_mean,10.686297590637206
10000,train/value_scale_std,8.65974650222206
10000,timing/collect_chunk_s,233.9458834179677
10000,timing/train_chunk_s,311.40845975931734
10000,dense_rhs/training_bucket_horizon,3.0
10000,system/heartbeat,1.0
11992,episode/return,383.94708251953125
11992,episode/length,500.0
11993,episode/return,389.492919921875
11993,episode/length,500.0
11994,episode/return,412.3849182128906
11994,episode/length,500.0
11995,episode/return,287.67822265625
11995,episode/length,500.0
11996,episode/return,379.2715148925781
11996,episode/length,500.0
11997,episode/return,336.0565490722656
11997,episode/length,500.0
11998,episode/return,370.4645690917969
11998,episode/length,500.0
11999,episode/return,374.9470520019531
11999,episode/length,500.0
15992,episode/return,408.7572021484375
15992,episode/length,500.0
15993,episode/return,319.0731506347656
15993,episode/length,500.0
15994,episode/return,382.0578308105469
15994,episode/length,500.0
15995,episode/return,305.3417053222656
15995,episode/length,500.0
15996,episode/return,307.18463134765625
15996,episode/length,500.0
15997,episode/return,304.77569580078125
15997,episode/length,500.0
15998,episode/return,301.78094482421875
15998,episode/length,500.0
15999,episode/return,296.61529541015625
15999,episode/length,500.0
19992,episode/return,438.4052734375
19992,episode/length,500.0
19993,episode/return,444.39324951171875
19993,episode/length,500.0
19994,episode/return,444.8857727050781
19994,episode/length,500.0
19995,episode/return,434.2018737792969
19995,episode/length,500.0
19996,episode/return,473.0662841796875
19996,episode/length,500.0
19997,episode/return,440.8717041015625
19997,episode/length,500.0
19998,episode/return,440.7183837890625
19998,episode/length,500.0
19999,episode/return,482.8185119628906
19999,episode/length,500.0
20000,train/consistency_loss_mean,2.768777491437504e-05
20000,train/consistency_loss_std,9.759405420381664e-06
20000,train/continue_loss_mean,0.0
20000,train/continue_loss_std,0.0
20000,train/grad_norm_mean,0.31711749923229215
20000,train/grad_norm_std,0.14928048132346333
20000,train/policy_log_std_mean,-0.7967118523597717
20000,train/policy_log_std_std,0.3815889478142072
20000,train/policy_loss_mean,-0.390202613735199
20000,train/policy_loss_std,0.028711561779334663
20000,train/reward_loss_mean,0.2588678647994995
20000,train/reward_loss_std,0.0074898184691566585
20000,train/total_loss_mean,0.05366577679514885
20000,train/total_loss_std,0.00135221854608334
20000,train/value_loss_mean,0.27225234011411664
20000,train/value_loss_std,0.011020084223690526
20000,train/value_scale_mean,57.39261519165039
20000,train/value_scale_std,15.105625283752431
20000,timing/collect_chunk_s,61.235374592244625
20000,timing/train_chunk_s,21.208875852636993
20000,dense_rhs/training_bucket_horizon,3.0
20000,system/heartbeat,1.0
23992,episode/return,452.53167724609375
23992,episode/length,500.0
23993,episode/return,495.7510986328125
23993,episode/length,500.0
23994,episode/return,487.8160705566406
23994,episode/length,500.0
23995,episode/return,525.0338745117188
23995,episode/length,500.0
23996,episode/return,491.93585205078125
23996,episode/length,500.0
23997,episode/return,455.5879821777344
23997,episode/length,500.0
23998,episode/return,490.9959716796875
23998,episode/length,500.0
23999,episode/return,486.0620422363281
23999,episode/length,500.0
27992,episode/return,501.8204345703125
27992,episode/length,500.0
27993,episode/return,529.3770751953125
27993,episode/length,500.0
27994,episode/return,607.8290405273438
27994,episode/length,500.0
27995,episode/return,619.1009521484375
27995,episode/length,500.0
27996,episode/return,526.7700805664062
27996,episode/length,500.0
27997,episode/return,533.2530517578125
27997,episode/length,500.0
27998,episode/return,569.642822265625
27998,episode/length,500.0
27999,episode/return,568.3681030273438
27999,episode/length,500.0
30000,train/consistency_loss_mean,1.7851191158842992e-05
30000,train/consistency_loss_std,5.352443235229125e-06
30000,train/continue_loss_mean,0.0
30000,train/continue_loss_std,0.0
30000,train/grad_norm_mean,0.25305559225082397
30000,train/grad_norm_std,0.11094705873111096
30000,train/policy_log_std_mean,-0.9432323505878448
30000,train/policy_log_std_std,0.45736519986500473
30000,train/policy_loss_mean,-0.5334857856273651
30000,train/policy_loss_std,0.049224591803680016
30000,train/reward_loss_mean,0.26545700776576997
30000,train/reward_loss_std,0.007420857153439874
30000,train/total_loss_mean,0.05388129025995731
30000,train/total_loss_std,0.0015198600855930715
30000,train/value_loss_mean,0.2697856441736221
30000,train/value_loss_std,0.012579731746022952
30000,train/value_scale_mean,83.63553980102539
30000,train/value_scale_std,1.8663526019615362
30000,timing/collect_chunk_s,59.349498165305704
30000,timing/train_chunk_s,21.26598182413727
30000,dense_rhs/training_bucket_horizon,3.0
30000,system/heartbeat,1.0
31992,episode/return,639.677001953125
31992,episode/length,500.0
31993,episode/return,645.7349853515625
31993,episode/length,500.0
31994,episode/return,641.5166015625
31994,episode/length,500.0
31995,episode/return,638.1405639648438
31995,episode/length,500.0
31996,episode/return,643.5892333984375
31996,episode/length,500.0
31997,episode/return,636.2328491210938
31997,episode/length,500.0
31998,episode/return,646.9793090820312
31998,episode/length,500.0
31999,episode/return,638.6723022460938
31999,episode/length,500.0
35992,episode/return,753.1249389648438
35992,episode/length,500.0
35993,episode/return,752.9085083007812
35993,episode/length,500.0
35994,episode/return,752.1185302734375
35994,episode/length,500.0
35995,episode/return,751.3927612304688
35995,episode/length,500.0
35996,episode/return,752.4302978515625
35996,episode/length,500.0
35997,episode/return,751.712646484375
35997,episode/length,500.0
35998,episode/return,751.9140014648438
35998,episode/length,500.0
35999,episode/return,752.8892211914062
35999,episode/length,500.0
39992,episode/return,804.023193359375
39992,episode/length,500.0
39993,episode/return,802.5853881835938
39993,episode/length,500.0
39994,episode/return,800.95751953125
39994,episode/length,500.0
39995,episode/return,801.1024780273438
39995,episode/length,500.0
39996,episode/return,801.156982421875
39996,episode/length,500.0
39997,episode/return,798.3397827148438
39997,episode/length,500.0
39998,episode/return,801.2529907226562
39998,episode/length,500.0
39999,episode/return,802.1846313476562
39999,episode/length,500.0
40000,train/consistency_loss_mean,1.1781873813015409e-05
40000,train/consistency_loss_std,5.383954968606691e-06
40000,train/continue_loss_mean,0.0
40000,train/continue_loss_std,0.0
40000,train/grad_norm_mean,0.173358164614439
40000,train/grad_norm_std,0.12288716172103109
40000,train/policy_log_std_mean,-1.1103101472377777
40000,train/policy_log_std_std,0.5283602705699947
40000,train/policy_loss_mean,-0.5915189183235169
40000,train/policy_loss_std,0.04247319170128073
40000,train/reward_loss_mean,0.27290265572071076
40000,train/reward_loss_std,0.00766689219769095
40000,train/total_loss_mean,0.055929279434680935
40000,train/total_loss_std,0.0019058287770267466
40000,train/value_loss_mean,0.2840337506532669
40000,train/value_loss_std,0.015075058179403118
40000,train/value_scale_mean,92.79730559692383
40000,train/value_scale_std,9.515004994474726
40000,timing/collect_chunk_s,59.33585811033845
40000,timing/train_chunk_s,21.205925977323204
40000,dense_rhs/training_bucket_horizon,3.0
40000,system/heartbeat,1.0
43992,episode/return,714.4764404296875
43992,episode/length,500.0
43993,episode/return,714.1808471679688
43993,episode/length,500.0
43994,episode/return,715.2871704101562
43994,episode/length,500.0
43995,episode/return,716.1162719726562
43995,episode/length,500.0
43996,episode/return,715.3331909179688
43996,episode/length,500.0
43997,episode/return,714.2445068359375
43997,episode/length,500.0
43998,episode/return,716.90869140625
43998,episode/length,500.0
43999,episode/return,724.1318359375
43999,episode/length,500.0
47992,episode/return,735.432861328125
47992,episode/length,500.0
47993,episode/return,736.9566040039062
47993,episode/length,500.0
47994,episode/return,735.929931640625
47994,episode/length,500.0
47995,episode/return,737.7259521484375
47995,episode/length,500.0
47996,episode/return,737.0630493164062
47996,episode/length,500.0
47997,episode/return,736.0932006835938
47997,episode/length,500.0
47998,episode/return,736.880615234375
47998,episode/length,500.0
47999,episode/return,736.166748046875
47999,episode/length,500.0
50000,train/consistency_loss_mean,1.088662090805883e-05
50000,train/consistency_loss_std,4.349725276343286e-06
50000,train/continue_loss_mean,0.0
50000,train/continue_loss_std,0.0
50000,train/grad_norm_mean,0.14310672804117203
50000,train/grad_norm_std,0.08244201055753363
50000,train/policy_log_std_mean,-1.164855069732666
50000,train/policy_log_std_std,0.524059589727656
50000,train/policy_loss_mean,-0.576961191368103
50000,train/policy_loss_std,0.03401948381690276
50000,train/reward_loss_mean,0.27920590963363645
50000,train/reward_loss_std,0.007648643558506903
50000,train/total_loss_mean,0.057194438749551775
50000,train/total_loss_std,0.0016409352200455285
50000,train/value_loss_mean,0.2905611445665359
50000,train/value_loss_std,0.012233532142415893
50000,train/value_scale_mean,108.21088637695313
50000,train/value_scale_std,3.3019430806556835
50000,timing/collect_chunk_s,59.73018828732893
50000,timing/train_chunk_s,21.231673404108733
50000,dense_rhs/training_bucket_horizon,3.0
50000,system/heartbeat,1.0
50000,timing/checkpoint_blocking_s,0.38991523580625653
50000,eval/return_mean,765.9500732421875
50000,eval/return_std,0.815770149230957
50000,eval/return_max,767.101806640625
50000,eval/return_min,764.185791015625
50000,timing/eval_s,99.90052293194458
50000,eval/selected_horizon,3.0
50000,eval/training_bucket_horizon,3.0
50000,system/heartbeat,1.0
51992,episode/return,769.4038696289062
51992,episode/length,500.0
51993,episode/return,773.2381591796875
51993,episode/length,500.0
51994,episode/return,778.582763671875
51994,episode/length,500.0
51995,episode/return,779.1841430664062
51995,episode/length,500.0
51996,episode/return,777.1539306640625
51996,episode/length,500.0
51997,episode/return,774.993408203125
51997,episode/length,500.0
51998,episode/return,776.1478881835938
51998,episode/length,500.0
51999,episode/return,775.0515747070312
51999,episode/length,500.0
55992,episode/return,853.7317504882812
55992,episode/length,500.0
55993,episode/return,854.07275390625
55993,episode/length,500.0
55994,episode/return,854.2844848632812
55994,episode/length,500.0
55995,episode/return,853.2703857421875
55995,episode/length,500.0
55996,episode/return,852.6437377929688
55996,episode/length,500.0
55997,episode/return,854.630126953125
55997,episode/length,500.0
55998,episode/return,853.949951171875
55998,episode/length,500.0
55999,episode/return,854.4224243164062
55999,episode/length,500.0
59992,episode/return,710.919189453125
59992,episode/length,500.0
59993,episode/return,710.6380615234375
59993,episode/length,500.0
59994,episode/return,712.0733032226562
59994,episode/length,500.0
59995,episode/return,710.7747192382812
59995,episode/length,500.0
59996,episode/return,711.5902099609375
59996,episode/length,500.0
59997,episode/return,712.1066284179688
59997,episode/length,500.0
59998,episode/return,710.7080078125
59998,episode/length,500.0
59999,episode/return,713.3737182617188
59999,episode/length,500.0
60000,train/consistency_loss_mean,8.242602569953305e-06
60000,train/consistency_loss_std,3.350247248013045e-06
60000,train/continue_loss_mean,0.0
60000,train/continue_loss_std,0.0
60000,train/grad_norm_mean,0.12398866815567017
60000,train/grad_norm_std,0.07465727262588004
60000,train/policy_log_std_mean,-1.2215223780632019
60000,train/policy_log_std_std,0.7135712452731044
60000,train/policy_loss_mean,-0.6037974540710449
60000,train/policy_loss_std,0.057432342860003996
60000,train/reward_loss_mean,0.27496943140029906
60000,train/reward_loss_std,0.007434847377564502
60000,train/total_loss_mean,0.055731131678819656
60000,train/total_loss_std,0.001495724459334301
60000,train/value_loss_mean,0.2806933569908142
60000,train/value_loss_std,0.012200975439942403
60000,train/value_scale_mean,118.2535970336914
60000,train/value_scale_std,16.11154694135018
60000,timing/collect_chunk_s,60.354968096129596
60000,timing/train_chunk_s,21.286314899101853
60000,dense_rhs/training_bucket_horizon,3.0
60000,system/heartbeat,1.0
63992,episode/return,725.8973388671875
63992,episode/length,500.0
63993,episode/return,727.480224609375
63993,episode/length,500.0
63994,episode/return,723.2080078125
63994,episode/length,500.0
63995,episode/return,725.6824951171875
63995,episode/length,500.0
63996,episode/return,720.7166137695312
63996,episode/length,500.0
63997,episode/return,727.4754028320312
63997,episode/length,500.0
63998,episode/return,724.366455078125
63998,episode/length,500.0
63999,episode/return,725.048828125
63999,episode/length,500.0
67992,episode/return,735.7730102539062
67992,episode/length,500.0
67993,episode/return,719.3338623046875
67993,episode/length,500.0
67994,episode/return,717.5303344726562
67994,episode/length,500.0
67995,episode/return,757.5526733398438
67995,episode/length,500.0
67996,episode/return,758.912353515625
67996,episode/length,500.0
67997,episode/return,716.87451171875
67997,episode/length,500.0
67998,episode/return,729.43115234375
67998,episode/length,500.0
67999,episode/return,756.0641479492188
67999,episode/length,500.0
70000,train/consistency_loss_mean,8.683519715123112e-06
70000,train/consistency_loss_std,3.8108213506818193e-06
70000,train/continue_loss_mean,0.0
70000,train/continue_loss_std,0.0
70000,train/grad_norm_mean,0.11057000120282173
70000,train/grad_norm_std,0.07892783379042309
70000,train/policy_log_std_mean,-1.238643367767334
70000,train/policy_log_std_std,0.6021800233110431
70000,train/policy_loss_mean,-0.6551176570892334
70000,train/policy_loss_std,0.07098687585476342
70000,train/reward_loss_mean,0.27828758282661437
70000,train/reward_loss_std,0.007031501849878497
70000,train/total_loss_mean,0.05907743672728538
70000,train/total_loss_std,0.0018078421102807175
70000,train/value_loss_mean,0.3107500652074814
70000,train/value_loss_std,0.01653275708092652
70000,train/value_scale_mean,120.19017100830078
70000,train/value_scale_std,13.413808563674783
70000,timing/collect_chunk_s,58.89822616893798
70000,timing/train_chunk_s,21.16429524263367
70000,dense_rhs/training_bucket_horizon,3.0
70000,system/heartbeat,1.0
71992,episode/return,848.5404663085938
71992,episode/length,500.0
71993,episode/return,848.8884887695312
71993,episode/length,500.0
71994,episode/return,848.220703125
71994,episode/length,500.0
71995,episode/return,848.532470703125
71995,episode/length,500.0
71996,episode/return,848.2713623046875
71996,episode/length,500.0
71997,episode/return,847.40576171875
71997,episode/length,500.0
71998,episode/return,848.6687622070312
71998,episode/length,500.0
71999,episode/return,847.4014282226562
71999,episode/length,500.0
75992,episode/return,858.1528930664062
75992,episode/length,500.0
75993,episode/return,858.0280151367188
75993,episode/length,500.0
75994,episode/return,857.4519653320312
75994,episode/length,500.0
75995,episode/return,858.2784423828125
75995,episode/length,500.0
75996,episode/return,859.5259399414062
75996,episode/length,500.0
75997,episode/return,858.4800415039062
75997,episode/length,500.0
75998,episode/return,858.8135986328125
75998,episode/length,500.0
75999,episode/return,858.7330322265625
75999,episode/length,500.0
79992,episode/return,861.5844116210938
79992,episode/length,500.0
79993,episode/return,862.0776977539062
79993,episode/length,500.0
79994,episode/return,862.459228515625
79994,episode/length,500.0
79995,episode/return,862.15087890625
79995,episode/length,500.0
79996,episode/return,862.0217895507812
79996,episode/length,500.0
79997,episode/return,862.728515625
79997,episode/length,500.0
79998,episode/return,861.94482421875
79998,episode/length,500.0
79999,episode/return,862.208251953125
79999,episode/length,500.0
80000,train/consistency_loss_mean,6.21618347504409e-06
80000,train/consistency_loss_std,2.7754212324071235e-06
80000,train/continue_loss_mean,0.0
80000,train/continue_loss_std,0.0
80000,train/grad_norm_mean,0.08632093631923199
80000,train/grad_norm_std,0.06022405717976537
80000,train/policy_log_std_mean,-1.4690579829216004
80000,train/policy_log_std_std,0.7338580509202305
80000,train/policy_loss_mean,-0.70921743516922
80000,train/policy_loss_std,0.017467419349296857
80000,train/reward_loss_mean,0.2857933782339096
80000,train/reward_loss_std,0.007768686799278821
80000,train/total_loss_mean,0.05717216258347035
80000,train/total_loss_std,0.0016190357803849058
80000,train/value_loss_mean,0.2846849988222122
80000,train/value_loss_std,0.011629532679697843
80000,train/value_scale_mean,106.51892526855468
80000,train/value_scale_std,2.2818410756588605
80000,timing/collect_chunk_s,58.66561287501827
80000,timing/train_chunk_s,21.21930346544832
80000,dense_rhs/training_bucket_horizon,3.0
80000,system/heartbeat,1.0
83992,episode/return,857.7365112304688
83992,episode/length,500.0
83993,episode/return,858.7444458007812
83993,episode/length,500.0
83994,episode/return,858.4581909179688
83994,episode/length,500.0
83995,episode/return,858.4720458984375
83995,episode/length,500.0
83996,episode/return,858.6323852539062
83996,episode/length,500.0
83997,episode/return,858.0592041015625
83997,episode/length,500.0
83998,episode/return,858.4570922851562
83998,episode/length,500.0
83999,episode/return,858.3545532226562
83999,episode/length,500.0
87992,episode/return,862.8619995117188
87992,episode/length,500.0
87993,episode/return,862.44287109375
87993,episode/length,500.0
87994,episode/return,862.2774047851562
87994,episode/length,500.0
87995,episode/return,862.4017333984375
87995,episode/length,500.0
87996,episode/return,862.8724365234375
87996,episode/length,500.0
87997,episode/return,862.5513916015625
87997,episode/length,500.0
87998,episode/return,862.72314453125
87998,episode/length,500.0
87999,episode/return,862.693115234375
87999,episode/length,500.0
90000,train/consistency_loss_mean,5.635519506722631e-06
90000,train/consistency_loss_std,2.6141595644396492e-06
90000,train/continue_loss_mean,0.0
90000,train/continue_loss_std,0.0
90000,train/grad_norm_mean,0.07950752823054791
90000,train/grad_norm_std,0.05405365101388085
90000,train/policy_log_std_mean,-1.4538801920890807
90000,train/policy_log_std_std,0.7473170822042683
90000,train/policy_loss_mean,-0.7380897185325622
90000,train/policy_loss_std,0.013439913027423393
90000,train/reward_loss_mean,0.29591873822212217
90000,train/reward_loss_std,0.007657078386170629
90000,train/total_loss_mean,0.06011695857644081
90000,train/total_loss_std,0.0014835640706921838
90000,train/value_loss_mean,0.30412372696399687
90000,train/value_loss_std,0.010101139376336922
90000,train/value_scale_mean,104.91607778930664
90000,train/value_scale_std,0.7532291289228732
90000,timing/collect_chunk_s,58.37290627323091
90000,timing/train_chunk_s,21.261487054638565
90000,dense_rhs/training_bucket_horizon,3.0
90000,system/heartbeat,1.0
91992,episode/return,850.1179809570312
91992,episode/length,500.0
91993,episode/return,851.3589477539062
91993,episode/length,500.0
91994,episode/return,850.8557739257812
91994,episode/length,500.0
91995,episode/return,852.5003662109375
91995,episode/length,500.0
91996,episode/return,850.8499755859375
91996,episode/length,500.0
91997,episode/return,851.400634765625
91997,episode/length,500.0
91998,episode/return,852.1453857421875
91998,episode/length,500.0
91999,episode/return,852.1925659179688
91999,episode/length,500.0
95992,episode/return,855.8923950195312
95992,episode/length,500.0
95993,episode/return,856.8670043945312
95993,episode/length,500.0
95994,episode/return,855.5109252929688
95994,episode/length,500.0
95995,episode/return,856.3958740234375
95995,episode/length,500.0
95996,episode/return,856.9680786132812
95996,episode/length,500.0
95997,episode/return,856.6310424804688
95997,episode/length,500.0
95998,episode/return,856.1845703125
95998,episode/length,500.0
95999,episode/return,856.3912353515625
95999,episode/length,500.0
99992,episode/return,860.279541015625
99992,episode/length,500.0
99993,episode/return,860.2084350585938
99993,episode/length,500.0
99994,episode/return,860.9408569335938
99994,episode/length,500.0
99995,episode/return,860.1682739257812
99995,episode/length,500.0
99996,episode/return,860.9605102539062
99996,episode/length,500.0
99997,episode/return,860.0494384765625
99997,episode/length,500.0
99998,episode/return,861.28271484375
99998,episode/length,500.0
99999,episode/return,860.6951904296875
99999,episode/length,500.0
100000,train/consistency_loss_mean,5.087921249651117e-06
100000,train/consistency_loss_std,2.5469358498713018e-06
100000,train/continue_loss_mean,0.0
100000,train/continue_loss_std,0.0
100000,train/grad_norm_mean,0.075905736759305
100000,train/grad_norm_std,0.05895326647888868
100000,train/policy_log_std_mean,-1.5511776995658875
100000,train/policy_log_std_std,0.7269387313180151
100000,train/policy_loss_mean,-0.7478452541828156
100000,train/policy_loss_std,0.015436258135374636
100000,train/reward_loss_mean,0.30385107860565186
100000,train/reward_loss_std,0.0071113428478579346
100000,train/total_loss_mean,0.06195475384891033
100000,train/total_loss_std,0.001202615041418628
100000,train/value_loss_mean,0.3146788670539856
100000,train/value_loss_std,0.009408712839740483
100000,train/value_scale_mean,105.07728362426758
100000,train/value_scale_std,1.823919557293679
100000,timing/collect_chunk_s,59.342408725526184
100000,timing/train_chunk_s,21.22015674971044
100000,dense_rhs/training_bucket_horizon,3.0
100000,system/heartbeat,1.0
100000,timing/checkpoint_blocking_s,0.4059477671980858
100000,eval/return_mean,856.181640625
100000,eval/return_std,0.30751681327819824
100000,eval/return_max,856.9998779296875
100000,eval/return_min,855.5599365234375
100000,timing/eval_s,9.34512370172888
100000,eval/selected_horizon,3.0
100000,eval/training_bucket_horizon,3.0
100000,system/heartbeat,1.0
103992,episode/return,863.7990112304688
103992,episode/length,500.0
103993,episode/return,864.043701171875
103993,episode/length,500.0
103994,episode/return,863.8375854492188
103994,episode/length,500.0
103995,episode/return,863.5768432617188
103995,episode/length,500.0
103996,episode/return,863.699462890625
103996,episode/length,500.0
103997,episode/return,863.627197265625
103997,episode/length,500.0
103998,episode/return,862.4862670898438
103998,episode/length,500.0
103999,episode/return,863.7622680664062
103999,episode/length,500.0
107992,episode/return,833.3760375976562
107992,episode/length,500.0
107993,episode/return,832.9944458007812
107993,episode/length,500.0
107994,episode/return,834.8516845703125
107994,episode/length,500.0
107995,episode/return,835.230712890625
107995,episode/length,500.0
107996,episode/return,834.4469604492188
107996,episode/length,500.0
107997,episode/return,835.4594116210938
107997,episode/length,500.0
107998,episode/return,834.0054931640625
107998,episode/length,500.0
107999,episode/return,834.1842041015625
107999,episode/length,500.0
110000,train/consistency_loss_mean,4.6123218800858015e-06
110000,train/consistency_loss_std,2.1723913796255744e-06
110000,train/continue_loss_mean,0.0
110000,train/continue_loss_std,0.0
110000,train/grad_norm_mean,0.07096611346304417
110000,train/grad_norm_std,0.060832449008262734
110000,train/policy_log_std_mean,-1.543178622341156
110000,train/policy_log_std_std,0.6937537817620624
110000,train/policy_loss_mean,-0.7616646583080292
110000,train/policy_loss_std,0.01660688001872969
110000,train/reward_loss_mean,0.30993362572193145
110000,train/reward_loss_std,0.007052182549046999
110000,train/total_loss_mean,0.06355106719732284
110000,train/total_loss_std,0.0012977512591767998
110000,train/value_loss_mean,0.3246545632600784
110000,train/value_loss_std,0.009190579880499023
110000,train/value_scale_mean,104.30853057250977
110000,train/value_scale_std,1.4187042252686288
110000,timing/collect_chunk_s,59.82157842582092
110000,timing/train_chunk_s,21.18195091933012
110000,dense_rhs/training_bucket_horizon,3.0
110000,system/heartbeat,1.0
111992,episode/return,851.9915771484375
111992,episode/length,500.0
111993,episode/return,851.3660278320312
111993,episode/length,500.0
111994,episode/return,853.4735717773438
111994,episode/length,500.0
111995,episode/return,853.4904174804688
111995,episode/length,500.0
111996,episode/return,852.9492797851562
111996,episode/length,500.0
111997,episode/return,851.8995361328125
111997,episode/length,500.0
111998,episode/return,853.0689086914062
111998,episode/length,500.0
111999,episode/return,852.5677490234375
111999,episode/length,500.0
115992,episode/return,862.8984375
115992,episode/length,500.0
115993,episode/return,863.7011108398438
115993,episode/length,500.0
115994,episode/return,863.539794921875
115994,episode/length,500.0
115995,episode/return,863.2911376953125
115995,episode/length,500.0
115996,episode/return,863.308837890625
115996,episode/length,500.0
115997,episode/return,863.6054077148438
115997,episode/length,500.0
115998,episode/return,863.837890625
115998,episode/length,500.0
115999,episode/return,863.6150512695312
115999,episode/length,500.0
119992,episode/return,825.49853515625
119992,episode/length,500.0
119993,episode/return,826.97607421875
119993,episode/length,500.0
119994,episode/return,822.853515625
119994,episode/length,500.0
119995,episode/return,824.0068359375
119995,episode/length,500.0
119996,episode/return,823.8340454101562
119996,episode/length,500.0
119997,episode/return,824.0277709960938
119997,episode/length,500.0
119998,episode/return,823.4083862304688
119998,episode/length,500.0
119999,episode/return,825.5277709960938
119999,episode/length,500.0
120000,train/consistency_loss_mean,3.989387196452299e-06
120000,train/consistency_loss_std,2.1001308469117063e-06
120000,train/continue_loss_mean,0.0
120000,train/continue_loss_std,0.0
120000,train/grad_norm_mean,0.05235926034003496
120000,train/grad_norm_std,0.03850237410253972
120000,train/policy_log_std_mean,-1.7017361492156982
120000,train/policy_log_std_std,0.7471618199978667
120000,train/policy_loss_mean,-0.825148504114151
120000,train/policy_loss_std,0.019953177545578637
120000,train/reward_loss_mean,0.31445657279491424
120000,train/reward_loss_std,0.006838442080404163
120000,train/total_loss_mean,0.06412098500132561
120000,train/total_loss_std,0.0010742639059852783
120000,train/value_loss_mean,0.325955389046669
120000,train/value_loss_std,0.006821501088605893
120000,train/value_scale_mean,97.14819711303711
120000,train/value_scale_std,1.8655710919148865
120000,timing/collect_chunk_s,60.999458332546055
120000,timing/train_chunk_s,21.243250315077603
120000,dense_rhs/training_bucket_horizon,3.0
120000,system/heartbeat,1.0
123992,episode/return,861.2886962890625
123992,episode/length,500.0
123993,episode/return,860.9902954101562
123993,episode/length,500.0
123994,episode/return,861.4332275390625
123994,episode/length,500.0
123995,episode/return,862.0809936523438
123995,episode/length,500.0
123996,episode/return,861.4199829101562
123996,episode/length,500.0
123997,episode/return,861.9332885742188
123997,episode/length,500.0
123998,episode/return,861.003662109375
123998,episode/length,500.0
123999,episode/return,861.8087768554688
123999,episode/length,500.0
127992,episode/return,863.6862182617188
127992,episode/length,500.0
127993,episode/return,863.3557739257812
127993,episode/length,500.0
127994,episode/return,864.3343505859375
127994,episode/length,500.0
127995,episode/return,863.302490234375
127995,episode/length,500.0
127996,episode/return,863.8597412109375
127996,episode/length,500.0
127997,episode/return,863.8598022460938
127997,episode/length,500.0
127998,episode/return,863.7195434570312
127998,episode/length,500.0
127999,episode/return,863.629150390625
127999,episode/length,500.0
130000,train/consistency_loss_mean,3.5137829434461308e-06
130000,train/consistency_loss_std,1.8500080025485547e-06
130000,train/continue_loss_mean,0.0
130000,train/continue_loss_std,0.0
130000,train/grad_norm_mean,0.048455213740468024
130000,train/grad_norm_std,0.036672117677196435
130000,train/policy_log_std_mean,-1.6893444403648377
130000,train/policy_log_std_std,0.7281219575506467
130000,train/policy_loss_mean,-0.8325052221298218
130000,train/policy_loss_std,0.012919691735055958
130000,train/reward_loss_mean,0.3180171043872833
130000,train/reward_loss_std,0.006885644750674272
130000,train/total_loss_mean,0.06491205086112023
130000,train/total_loss_std,0.0010644047823253622
130000,train/value_loss_mean,0.3304006262779236
130000,train/value_loss_std,0.006538060671446551
130000,train/value_scale_mean,96.9166427307129
130000,train/value_scale_std,0.8632990471760293
130000,timing/collect_chunk_s,57.96496004471555
130000,timing/train_chunk_s,21.19325016392395
130000,dense_rhs/training_bucket_horizon,3.0
130000,system/heartbeat,1.0
131992,episode/return,861.841064453125
131992,episode/length,500.0
131993,episode/return,861.5911254882812
131993,episode/length,500.0
131994,episode/return,861.1065673828125
131994,episode/length,500.0
131995,episode/return,861.64013671875
131995,episode/length,500.0
131996,episode/return,861.7108154296875
131996,episode/length,500.0
131997,episode/return,861.7118530273438
131997,episode/length,500.0
131998,episode/return,861.866455078125
131998,episode/length,500.0
131999,episode/return,861.753662109375
131999,episode/length,500.0
135992,episode/return,858.1864624023438
135992,episode/length,500.0
135993,episode/return,857.9644165039062
135993,episode/length,500.0
135994,episode/return,857.827880859375
135994,episode/length,500.0
135995,episode/return,857.614013671875
135995,episode/length,500.0
135996,episode/return,857.4146728515625
135996,episode/length,500.0
135997,episode/return,856.9845581054688
135997,episode/length,500.0
135998,episode/return,857.7362060546875
135998,episode/length,500.0
135999,episode/return,857.87841796875
135999,episode/length,500.0
139992,episode/return,859.8004760742188
139992,episode/length,500.0
139993,episode/return,859.60107421875
139993,episode/length,500.0
139994,episode/return,860.3230590820312
139994,episode/length,500.0
139995,episode/return,860.5136108398438
139995,episode/length,500.0
139996,episode/return,859.5226440429688
139996,episode/length,500.0
139997,episode/return,860.2611694335938
139997,episode/length,500.0
139998,episode/return,859.58935546875
139998,episode/length,500.0
139999,episode/return,861.1307983398438
139999,episode/length,500.0
140000,train/consistency_loss_mean,3.458546000911156e-06
140000,train/consistency_loss_std,1.7587270409704326e-06
140000,train/continue_loss_mean,0.0
140000,train/continue_loss_std,0.0
140000,train/grad_norm_mean,0.050841250357031825
140000,train/grad_norm_std,0.042839845276474865
140000,train/policy_log_std_mean,-1.7604200989723207
140000,train/policy_log_std_std,0.7495993915539158
140000,train/policy_loss_mean,-0.8592876009941101
140000,train/policy_loss_std,0.014442079180743332
140000,train/reward_loss_mean,0.3223591890335083
140000,train/reward_loss_std,0.0067450963413145945
140000,train/total_loss_mean,0.06560756451487541
140000,train/total_loss_std,0.001149853402259685
140000,train/value_loss_mean,0.3330247283220291
140000,train/value_loss_std,0.007214253013652625
140000,train/value_scale_mean,94.51705424194336
140000,train/value_scale_std,0.8162555056706884
140000,timing/collect_chunk_s,61.06355459522456
140000,timing/train_chunk_s,21.264754950534552
140000,dense_rhs/training_bucket_horizon,3.0
140000,system/heartbeat,1.0
143992,episode/return,856.3052978515625
143992,episode/length,500.0
143993,episode/return,856.59033203125
143993,episode/length,500.0
143994,episode/return,856.3990478515625
143994,episode/length,500.0
143995,episode/return,856.7669677734375
143995,episode/length,500.0
143996,episode/return,857.23095703125
143996,episode/length,500.0
143997,episode/return,856.1860961914062
143997,episode/length,500.0
143998,episode/return,856.4795532226562
143998,episode/length,500.0
143999,episode/return,857.8359985351562
143999,episode/length,500.0
147992,episode/return,864.6892700195312
147992,episode/length,500.0
147993,episode/return,864.20068359375
147993,episode/length,500.0
147994,episode/return,864.3539428710938
147994,episode/length,500.0
147995,episode/return,864.659423828125
147995,episode/length,500.0
147996,episode/return,864.5087890625
147996,episode/length,500.0
147997,episode/return,863.8296508789062
147997,episode/length,500.0
147998,episode/return,864.032470703125
147998,episode/length,500.0
147999,episode/return,863.9127807617188
147999,episode/length,500.0
150000,train/consistency_loss_mean,3.2164586732505997e-06
150000,train/consistency_loss_std,1.995775329565926e-06
150000,train/continue_loss_mean,0.0
150000,train/continue_loss_std,0.0
150000,train/grad_norm_mean,0.04674571972042322
150000,train/grad_norm_std,0.041332205087889484
150000,train/policy_log_std_mean,-1.8480912567138672
150000,train/policy_log_std_std,0.7681097975528306
150000,train/policy_loss_mean,-0.8656129115104675
150000,train/policy_loss_std,0.012847565927117189
150000,train/reward_loss_mean,0.3258116770267487
150000,train/reward_loss_std,0.006748551307458464
150000,train/total_loss_mean,0.06665169791579247
150000,train/total_loss_std,0.001139943115856722
150000,train/value_loss_mean,0.34006199481487276
150000,train/value_loss_std,0.007457629153021894
150000,train/value_scale_mean,94.87429340820313
150000,train/value_scale_std,0.6667876445569917
150000,timing/collect_chunk_s,59.287369350437075
150000,timing/train_chunk_s,21.214802097994834
150000,dense_rhs/training_bucket_horizon,3.0
150000,system/heartbeat,1.0
150000,timing/checkpoint_blocking_s,0.39001841377466917
150000,eval/return_mean,864.94140625
150000,eval/return_std,0.29067105054855347
150000,eval/return_max,865.3294067382812
150000,eval/return_min,864.37109375
150000,timing/eval_s,9.392052988987416
150000,eval/selected_horizon,3.0
150000,eval/training_bucket_horizon,3.0
150000,system/heartbeat,1.0
151992,episode/return,865.6876220703125
151992,episode/length,500.0
151993,episode/return,865.2424926757812
151993,episode/length,500.0
151994,episode/return,866.07763671875
151994,episode/length,500.0
151995,episode/return,865.9794311523438
151995,episode/length,500.0
151996,episode/return,865.8887329101562
151996,episode/length,500.0
151997,episode/return,865.7149658203125
151997,episode/length,500.0
151998,episode/return,865.5137939453125
151998,episode/length,500.0
151999,episode/return,865.5811157226562
151999,episode/length,500.0
155992,episode/return,864.8724365234375
155992,episode/length,500.0
155993,episode/return,864.8494262695312
155993,episode/length,500.0
155994,episode/return,864.7817993164062
155994,episode/length,500.0
155995,episode/return,864.69091796875
155995,episode/length,500.0
155996,episode/return,864.49755859375
155996,episode/length,500.0
155997,episode/return,864.68603515625
155997,episode/length,500.0
155998,episode/return,865.0128784179688
155998,episode/length,500.0
155999,episode/return,864.5531005859375
155999,episode/length,500.0
159992,episode/return,863.56494140625
159992,episode/length,500.0
159993,episode/return,863.3335571289062
159993,episode/length,500.0
159994,episode/return,863.2122802734375
159994,episode/length,500.0
159995,episode/return,862.5224609375
159995,episode/length,500.0
159996,episode/return,863.2511596679688
159996,episode/length,500.0
159997,episode/return,863.3770141601562
159997,episode/length,500.0
159998,episode/return,862.6940307617188
159998,episode/length,500.0
159999,episode/return,862.5903930664062
159999,episode/length,500.0
160000,train/consistency_loss_mean,3.130640092513204e-06
160000,train/consistency_loss_std,1.6616400952458974e-06
160000,train/continue_loss_mean,0.0
160000,train/continue_loss_std,0.0
160000,train/grad_norm_mean,0.04504738221615553
160000,train/grad_norm_std,0.03736624997145076
160000,train/policy_log_std_mean,-1.8487634879112245
160000,train/policy_log_std_std,0.7439768210980389
160000,train/policy_loss_mean,-0.8789188331604004
160000,train/policy_loss_std,0.015706513534705396
160000,train/reward_loss_mean,0.3290552413225174
160000,train/reward_loss_std,0.006533309601674849
160000,train/total_loss_mean,0.06764853465557098
160000,train/total_loss_std,0.001019031517220774
160000,train/value_loss_mean,0.34680396196842195
160000,train/value_loss_std,0.006191726521892228
160000,train/value_scale_mean,94.27338262939453
160000,train/value_scale_std,1.1196303599952622
160000,timing/collect_chunk_s,60.02111902832985
160000,timing/train_chunk_s,21.101586979813874
160000,dense_rhs/training_bucket_horizon,3.0
160000,system/heartbeat,1.0
163992,episode/return,861.0233764648438
163992,episode/length,500.0
163993,episode/return,859.9345703125
163993,episode/length,500.0
163994,episode/return,859.3417358398438
163994,episode/length,500.0
163995,episode/return,860.7135009765625
163995,episode/length,500.0
163996,episode/return,859.5919799804688
163996,episode/length,500.0
163997,episode/return,860.0419311523438
163997,episode/length,500.0
163998,episode/return,860.3388061523438
163998,episode/length,500.0
163999,episode/return,859.023193359375
163999,episode/length,500.0
167992,episode/return,813.5826416015625
167992,episode/length,500.0
167993,episode/return,817.6505126953125
167993,episode/length,500.0
167994,episode/return,822.6817626953125
167994,episode/length,500.0
167995,episode/return,816.8084716796875
167995,episode/length,500.0
167996,episode/return,815.9247436523438
167996,episode/length,500.0
167997,episode/return,812.2733764648438
167997,episode/length,500.0
167998,episode/return,816.8340454101562
167998,episode/length,500.0
167999,episode/return,818.0331420898438
167999,episode/length,500.0
170000,train/consistency_loss_mean,2.950044993940537e-06
170000,train/consistency_loss_std,1.8635798028710076e-06
170000,train/continue_loss_mean,0.0
170000,train/continue_loss_std,0.0
170000,train/grad_norm_mean,0.04218074299097061
170000,train/grad_norm_std,0.0381305896649304
170000,train/policy_log_std_mean,-1.8638608162879944
170000,train/policy_log_std_std,0.7118016309381272
170000,train/policy_loss_mean,-0.909366349697113
170000,train/policy_loss_std,0.012424960669885242
170000,train/reward_loss_mean,0.33096951394081114
170000,train/reward_loss_std,0.006439015245617897
170000,train/total_loss_mean,0.06788871980905532
170000,train/total_loss_std,0.0009953476994403745
170000,train/value_loss_mean,0.3473276628494263
170000,train/value_loss_std,0.005925827333559403
170000,train/value_scale_mean,91.58324792480468
170000,train/value_scale_std,0.759743180298393
170000,timing/collect_chunk_s,60.67639208724722
170000,timing/train_chunk_s,21.189884243533015
170000,dense_rhs/training_bucket_horizon,3.0
170000,system/heartbeat,1.0
171992,episode/return,862.033935546875
171992,episode/length,500.0
171993,episode/return,861.7826538085938
171993,episode/length,500.0
171994,episode/return,861.9273071289062
171994,episode/length,500.0
171995,episode/return,862.6088256835938
171995,episode/length,500.0
171996,episode/return,862.0547485351562
171996,episode/length,500.0
171997,episode/return,862.4639892578125
171997,episode/length,500.0
171998,episode/return,862.3989868164062
171998,episode/length,500.0
171999,episode/return,861.8440551757812
171999,episode/length,500.0
175992,episode/return,860.2896118164062
175992,episode/length,500.0
175993,episode/return,859.733154296875
175993,episode/length,500.0
175994,episode/return,860.052978515625
175994,episode/length,500.0
175995,episode/return,859.5556640625
175995,episode/length,500.0
175996,episode/return,861.2908935546875
175996,episode/length,500.0
175997,episode/return,859.1212158203125
175997,episode/length,500.0
175998,episode/return,860.5105590820312
175998,episode/length,500.0
175999,episode/return,860.3554077148438
175999,episode/length,500.0
179992,episode/return,862.83837890625
179992,episode/length,500.0
179993,episode/return,862.84130859375
179993,episode/length,500.0
179994,episode/return,862.83740234375
179994,episode/length,500.0
179995,episode/return,863.0806884765625
179995,episode/length,500.0
179996,episode/return,862.7294921875
179996,episode/length,500.0
179997,episode/return,862.914794921875
179997,episode/length,500.0
179998,episode/return,863.2314453125
179998,episode/length,500.0
179999,episode/return,862.701416015625
179999,episode/length,500.0
180000,train/consistency_loss_mean,2.789652604042203e-06
180000,train/consistency_loss_std,1.725011577659882e-06
180000,train/continue_loss_mean,0.0
180000,train/continue_loss_std,0.0
180000,train/grad_norm_mean,0.03920909403562546
180000,train/grad_norm_std,0.036252311951147594
180000,train/policy_log_std_mean,-1.9206117694854736
180000,train/policy_log_std_std,0.7451200510406548
180000,train/policy_loss_mean,-0.9146961530208587
180000,train/policy_loss_std,0.012185769054325054
180000,train/reward_loss_mean,0.3324835415840149
180000,train/reward_loss_std,0.0064538347320279915
180000,train/total_loss_mean,0.06807789800167084
180000,train/total_loss_std,0.0009964839723853177
180000,train/value_loss_mean,0.34773749084472655
180000,train/value_loss_std,0.005910625719579201
180000,train/value_scale_mean,91.03229192504882
180000,train/value_scale_std,0.6017425198458469
180000,timing/collect_chunk_s,65.15229124110192
180000,timing/train_chunk_s,21.221876895055175
180000,dense_rhs/training_bucket_horizon,3.0
180000,system/heartbeat,1.0
183992,episode/return,866.074462890625
183992,episode/length,500.0
183993,episode/return,865.2779541015625
183993,episode/length,500.0
183994,episode/return,865.400146484375
183994,episode/length,500.0
183995,episode/return,865.553466796875
183995,episode/length,500.0
183996,episode/return,864.8796997070312
183996,episode/length,500.0
183997,episode/return,865.3880615234375
183997,episode/length,500.0
183998,episode/return,864.861328125
183998,episode/length,500.0
183999,episode/return,865.2311401367188
183999,episode/length,500.0
187992,episode/return,847.4287109375
187992,episode/length,500.0
187993,episode/return,847.425048828125
187993,episode/length,500.0
187994,episode/return,846.7841796875
187994,episode/length,500.0
187995,episode/return,846.7886962890625
187995,episode/length,500.0
187996,episode/return,846.9888305664062
187996,episode/length,500.0
187997,episode/return,847.4371337890625
187997,episode/length,500.0
187998,episode/return,846.5377807617188
187998,episode/length,500.0
187999,episode/return,846.8106079101562
187999,episode/length,500.0
190000,train/consistency_loss_mean,2.671301415284688e-06
190000,train/consistency_loss_std,1.3633482146866927e-06
190000,train/continue_loss_mean,0.0
190000,train/continue_loss_std,0.0
190000,train/grad_norm_mean,0.038692878291010854
190000,train/grad_norm_std,0.03441222498884396
190000,train/policy_log_std_mean,-1.917801121711731
190000,train/policy_log_std_std,0.7373115931912996
190000,train/policy_loss_mean,-0.9115772215366363
190000,train/policy_loss_std,0.012924162922712564
190000,train/reward_loss_mean,0.33452471115589144
190000,train/reward_loss_std,0.006424950299738876
190000,train/total_loss_mean,0.06878430435657501
190000,train/total_loss_std,0.0009791855643829955
190000,train/value_loss_mean,0.3527840577840805
190000,train/value_loss_std,0.005736485522467231
190000,train/value_scale_mean,91.78685854492187
190000,train/value_scale_std,0.6798494903305582
190000,timing/collect_chunk_s,62.2322013117373
190000,timing/train_chunk_s,20.655579147394747
190000,dense_rhs/training_bucket_horizon,3.0
190000,system/heartbeat,1.0
191992,episode/return,864.0873413085938
191992,episode/length,500.0
191993,episode/return,864.4654541015625
191993,episode/length,500.0
191994,episode/return,863.9874267578125
191994,episode/length,500.0
191995,episode/return,863.9238891601562
191995,episode/length,500.0
191996,episode/return,864.4205322265625
191996,episode/length,500.0
191997,episode/return,864.4484252929688
191997,episode/length,500.0
191998,episode/return,863.9605102539062
191998,episode/length,500.0
191999,episode/return,864.3510131835938
191999,episode/length,500.0
195992,episode/return,846.034912109375
195992,episode/length,500.0
195993,episode/return,846.6524658203125
195993,episode/length,500.0
195994,episode/return,846.4358520507812
195994,episode/length,500.0
195995,episode/return,845.6177368164062
195995,episode/length,500.0
195996,episode/return,845.8650512695312
195996,episode/length,500.0
195997,episode/return,846.2758178710938
195997,episode/length,500.0
195998,episode/return,846.636962890625
195998,episode/length,500.0
195999,episode/return,845.9725341796875
195999,episode/length,500.0
199992,episode/return,863.7191162109375
199992,episode/length,500.0
199993,episode/return,863.5753173828125
199993,episode/length,500.0
199994,episode/return,864.516357421875
199994,episode/length,500.0
199995,episode/return,863.078125
199995,episode/length,500.0
199996,episode/return,862.8131713867188
199996,episode/length,500.0
199997,episode/return,862.882568359375
199997,episode/length,500.0
199998,episode/return,863.3946533203125
199998,episode/length,500.0
199999,episode/return,863.51220703125
199999,episode/length,500.0
200000,train/consistency_loss_mean,2.9553338426921983e-06
200000,train/consistency_loss_std,1.411989296071847e-06
200000,train/continue_loss_mean,0.0
200000,train/continue_loss_std,0.0
200000,train/grad_norm_mean,0.042084709343314174
200000,train/grad_norm_std,0.03808737722941028
200000,train/policy_log_std_mean,-1.9015969855308532
200000,train/policy_log_std_std,0.7124494452298192
200000,train/policy_loss_mean,-0.936504626083374
200000,train/policy_loss_std,0.01278537402634831
200000,train/reward_loss_mean,0.33629831862449644
200000,train/reward_loss_std,0.00631588899838642
200000,train/total_loss_mean,0.06938863296508789
200000,train/total_loss_std,0.0009416173982933546
200000,train/value_loss_mean,0.35699692940711975
200000,train/value_loss_std,0.005564208453134663
200000,train/value_scale_mean,89.91354226074219
200000,train/value_scale_std,0.6795843748961382
200000,timing/collect_chunk_s,57.65996213397011
200000,timing/train_chunk_s,20.64951928285882
200000,dense_rhs/training_bucket_horizon,3.0
200000,system/heartbeat,1.0
200000,timing/checkpoint_blocking_s,0.3872505989857018
200000,eval/return_mean,865.3909912109375
200000,eval/return_std,0.22618986666202545
200000,eval/return_max,865.671142578125
200000,eval/return_min,864.8189086914062
200000,timing/eval_s,9.316233601886779
200000,eval/selected_horizon,3.0
200000,eval/training_bucket_horizon,3.0
200000,system/heartbeat,1.0
203992,episode/return,864.4962158203125
203992,episode/length,500.0
203993,episode/return,863.2179565429688
203993,episode/length,500.0
203994,episode/return,864.2509765625
203994,episode/length,500.0
203995,episode/return,864.3484497070312
203995,episode/length,500.0
203996,episode/return,864.1051635742188
203996,episode/length,500.0
203997,episode/return,864.2896118164062
203997,episode/length,500.0
203998,episode/return,864.2041625976562
203998,episode/length,500.0
203999,episode/return,864.07080078125
203999,episode/length,500.0
207992,episode/return,856.79296875
207992,episode/length,500.0
207993,episode/return,857.5855102539062
207993,episode/length,500.0
207994,episode/return,856.98974609375
207994,episode/length,500.0
207995,episode/return,855.9894409179688
207995,episode/length,500.0
207996,episode/return,856.6596069335938
207996,episode/length,500.0
207997,episode/return,856.5542602539062
207997,episode/length,500.0
207998,episode/return,857.447509765625
207998,episode/length,500.0
207999,episode/return,856.7862548828125
207999,episode/length,500.0
210000,train/consistency_loss_mean,2.5167831978251343e-06
210000,train/consistency_loss_std,1.4468960312775365e-06
210000,train/continue_loss_mean,0.0
210000,train/continue_loss_std,0.0
210000,train/grad_norm_mean,0.03929890342205763
210000,train/grad_norm_std,0.03655763761651579
210000,train/policy_log_std_mean,-1.9334627447128296
210000,train/policy_log_std_std,0.6896461226776585
210000,train/policy_loss_mean,-0.9445956159114838
210000,train/policy_loss_std,0.012303889581726733
210000,train/reward_loss_mean,0.33809590644836424
210000,train/reward_loss_std,0.006379169704800866
210000,train/total_loss_mean,0.0696170814692974
210000,train/total_loss_std,0.0010059965418972592
210000,train/value_loss_mean,0.3575715365886688
210000,train/value_loss_std,0.00604043975401086
210000,train/value_scale_mean,89.78630130004883
210000,train/value_scale_std,0.7357888181906462
210000,timing/collect_chunk_s,58.20277444971725
210000,timing/train_chunk_s,20.559399711433798
210000,dense_rhs/training_bucket_horizon,3.0
210000,system/heartbeat,1.0
211992,episode/return,851.7861938476562
211992,episode/length,500.0
211993,episode/return,853.7970581054688
211993,episode/length,500.0
211994,episode/return,853.0983276367188
211994,episode/length,500.0
211995,episode/return,847.30908203125
211995,episode/length,500.0
211996,episode/return,844.4613647460938
211996,episode/length,500.0
211997,episode/return,856.2303466796875
211997,episode/length,500.0
211998,episode/return,848.5071411132812
211998,episode/length,500.0
211999,episode/return,850.2200927734375
211999,episode/length,500.0
215992,episode/return,865.3563232421875
215992,episode/length,500.0
215993,episode/return,865.3027954101562
215993,episode/length,500.0
215994,episode/return,865.7413940429688
215994,episode/length,500.0
215995,episode/return,865.8841552734375
215995,episode/length,500.0
215996,episode/return,865.17919921875
215996,episode/length,500.0
215997,episode/return,865.1419067382812
215997,episode/length,500.0
215998,episode/return,865.4306030273438
215998,episode/length,500.0
215999,episode/return,865.5523681640625
215999,episode/length,500.0
219992,episode/return,859.9053344726562
219992,episode/length,500.0
219993,episode/return,859.55615234375
219993,episode/length,500.0
219994,episode/return,860.409423828125
219994,episode/length,500.0
219995,episode/return,859.6296997070312
219995,episode/length,500.0
219996,episode/return,859.5011596679688
219996,episode/length,500.0
219997,episode/return,858.7509765625
219997,episode/length,500.0
219998,episode/return,859.8148803710938
219998,episode/length,500.0
219999,episode/return,860.395263671875
219999,episode/length,500.0
220000,train/consistency_loss_mean,2.310094448057498e-06
220000,train/consistency_loss_std,1.4968242698564336e-06
220000,train/continue_loss_mean,0.0
220000,train/continue_loss_std,0.0
220000,train/grad_norm_mean,0.0353894962310791
220000,train/grad_norm_std,0.035408126819516765
220000,train/policy_log_std_mean,-1.936970632171631
220000,train/policy_log_std_std,0.6970139785588337
220000,train/policy_loss_mean,-0.9628128474235534
220000,train/policy_loss_std,0.013104913679839738
220000,train/reward_loss_mean,0.3396172941684723
220000,train/reward_loss_std,0.006215643667494283
220000,train/total_loss_mean,0.06994123027920723
220000,train/total_loss_std,0.0009301822053885474
220000,train/value_loss_mean,0.3593329655170441
220000,train/value_loss_std,0.005340242212630859
220000,train/value_scale_mean,88.31007667236328
220000,train/value_scale_std,0.663007409041364
220000,timing/collect_chunk_s,61.64980279887095
220000,timing/train_chunk_s,20.63110619597137
220000,dense_rhs/training_bucket_horizon,3.0
220000,system/heartbeat,1.0
223992,episode/return,860.6976318359375
223992,episode/length,500.0
223993,episode/return,859.9276733398438
223993,episode/length,500.0
223994,episode/return,860.2088623046875
223994,episode/length,500.0
223995,episode/return,860.0736694335938
223995,episode/length,500.0
223996,episode/return,860.7196655273438
223996,episode/length,500.0
223997,episode/return,861.4127807617188
223997,episode/length,500.0
223998,episode/return,858.9880981445312
223998,episode/length,500.0
223999,episode/return,860.7694091796875
223999,episode/length,500.0
227992,episode/return,864.4078979492188
227992,episode/length,500.0
227993,episode/return,863.87646484375
227993,episode/length,500.0
227994,episode/return,863.9337158203125
227994,episode/length,500.0
227995,episode/return,864.2203979492188
227995,episode/length,500.0
227996,episode/return,863.9783935546875
227996,episode/length,500.0
227997,episode/return,864.3992309570312
227997,episode/length,500.0
227998,episode/return,864.8056640625
227998,episode/length,500.0
227999,episode/return,864.1895751953125
227999,episode/length,500.0
230000,train/consistency_loss_mean,2.1429198272016945e-06
230000,train/consistency_loss_std,1.4052199206432302e-06
230000,train/continue_loss_mean,0.0
230000,train/continue_loss_std,0.0
230000,train/grad_norm_mean,0.034484637786448
230000,train/grad_norm_std,0.03421533589460591
230000,train/policy_log_std_mean,-1.9919016256332398
230000,train/policy_log_std_std,0.7076235881875488
230000,train/policy_loss_mean,-0.973718365240097
230000,train/policy_loss_std,0.013725591999903594
230000,train/reward_loss_mean,0.34116634883880614
230000,train/reward_loss_std,0.006243336621433334
230000,train/total_loss_mean,0.07032431824803352
230000,train/total_loss_std,0.0009279521533039763
230000,train/value_loss_mean,0.3616482328414917
230000,train/value_loss_std,0.005316245875841139
230000,train/value_scale_mean,87.53862531738281
230000,train/value_scale_std,0.7285927976180336
230000,timing/collect_chunk_s,58.04482452105731
230000,timing/train_chunk_s,20.64967585168779
230000,dense_rhs/training_bucket_horizon,3.0
230000,system/heartbeat,1.0
231992,episode/return,864.2174072265625
231992,episode/length,500.0
231993,episode/return,863.9410400390625
231993,episode/length,500.0
231994,episode/return,863.9998168945312
231994,episode/length,500.0
231995,episode/return,864.71923828125
231995,episode/length,500.0
231996,episode/return,864.1436157226562
231996,episode/length,500.0
231997,episode/return,864.3008422851562
231997,episode/length,500.0
231998,episode/return,863.6793212890625
231998,episode/length,500.0
231999,episode/return,863.9575805664062
231999,episode/length,500.0
235992,episode/return,865.2847900390625
235992,episode/length,500.0
235993,episode/return,866.1437377929688
235993,episode/length,500.0
235994,episode/return,865.5817260742188
235994,episode/length,500.0
235995,episode/return,865.4708251953125
235995,episode/length,500.0
235996,episode/return,866.2594604492188
235996,episode/length,500.0
235997,episode/return,866.0838623046875
235997,episode/length,500.0
235998,episode/return,865.7061157226562
235998,episode/length,500.0
235999,episode/return,865.7181396484375
235999,episode/length,500.0
239992,episode/return,851.6396484375
239992,episode/length,500.0
239993,episode/return,851.7855224609375
239993,episode/length,500.0
239994,episode/return,852.8269653320312
239994,episode/length,500.0
239995,episode/return,851.631591796875
239995,episode/length,500.0
239996,episode/return,851.564208984375
239996,episode/length,500.0
239997,episode/return,853.0477294921875
239997,episode/length,500.0
239998,episode/return,851.6370239257812
239998,episode/length,500.0
239999,episode/return,852.5675659179688
239999,episode/length,500.0
240000,train/consistency_loss_mean,1.997580863007897e-06
240000,train/consistency_loss_std,1.1801165626056881e-06
240000,train/continue_loss_mean,0.0
240000,train/continue_loss_std,0.0
240000,train/grad_norm_mean,0.028651486342400313
240000,train/grad_norm_std,0.024619933305824276
240000,train/policy_log_std_mean,-2.000923186683655
240000,train/policy_log_std_std,0.6833008663354987
240000,train/policy_loss_mean,-0.9865034699916839
240000,train/policy_loss_std,0.014376902320852775
240000,train/reward_loss_mean,0.3426001981019974
240000,train/reward_loss_std,0.006160875976073056
240000,train/total_loss_mean,0.07064258473515511
240000,train/total_loss_std,0.0009087580136436997
240000,train/value_loss_mean,0.3634261145114899
240000,train/value_loss_std,0.005140346865567367
240000,train/value_scale_mean,86.83929280395508
240000,train/value_scale_std,0.7610231063055068
240000,timing/collect_chunk_s,62.752518737223
240000,timing/train_chunk_s,20.621384788304567
240000,dense_rhs/training_bucket_horizon,3.0
240000,system/heartbeat,1.0
243992,episode/return,855.362548828125
243992,episode/length,500.0
243993,episode/return,855.6199340820312
243993,episode/length,500.0
243994,episode/return,855.3140258789062
243994,episode/length,500.0
243995,episode/return,856.64404296875
243995,episode/length,500.0
243996,episode/return,856.5941162109375
243996,episode/length,500.0
243997,episode/return,855.3875732421875
243997,episode/length,500.0
243998,episode/return,855.9419555664062
243998,episode/length,500.0
243999,episode/return,855.0706787109375
243999,episode/length,500.0
247992,episode/return,829.7261352539062
247992,episode/length,500.0
247993,episode/return,834.3859252929688
247993,episode/length,500.0
247994,episode/return,837.894287109375
247994,episode/length,500.0
247995,episode/return,793.1627807617188
247995,episode/length,500.0
247996,episode/return,835.7743530273438
247996,episode/length,500.0
247997,episode/return,791.6782836914062
247997,episode/length,500.0
247998,episode/return,831.0156860351562
247998,episode/length,500.0
247999,episode/return,833.8264770507812
247999,episode/length,500.0
250000,train/consistency_loss_mean,2.1744910871348113e-06
250000,train/consistency_loss_std,1.207229360627174e-06
250000,train/continue_loss_mean,0.0
250000,train/continue_loss_std,0.0
250000,train/grad_norm_mean,0.03212732463926077
250000,train/grad_norm_std,0.02922323931569101
250000,train/policy_log_std_mean,-1.8223261311531067
250000,train/policy_log_std_std,0.6510450568469575
250000,train/policy_loss_mean,-0.9996257169246674
250000,train/policy_loss_std,0.013730106086065591
250000,train/reward_loss_mean,0.3435000267267227
250000,train/reward_loss_std,0.006107614215611045
250000,train/total_loss_mean,0.07076358671188354
250000,train/total_loss_std,0.0009094602075316636
250000,train/value_loss_mean,0.3637009269952774
250000,train/value_loss_std,0.005207178196952413
250000,train/value_scale_mean,85.9036534790039
250000,train/value_scale_std,0.7474810657099825
250000,timing/collect_chunk_s,57.41049866937101
250000,timing/train_chunk_s,20.60750810150057
250000,dense_rhs/training_bucket_horizon,3.0
250000,system/heartbeat,1.0
250000,timing/checkpoint_blocking_s,0.4143170500174165
250000,eval/return_mean,862.4471435546875
250000,eval/return_std,0.29468151926994324
250000,eval/return_max,863.0594482421875
250000,eval/return_min,861.9867553710938
250000,timing/eval_s,9.333227097988129
250000,eval/selected_horizon,3.0
250000,eval/training_bucket_horizon,3.0
250000,system/heartbeat,1.0
251992,episode/return,865.273681640625
251992,episode/length,500.0
251993,episode/return,864.9026489257812
251993,episode/length,500.0
251994,episode/return,864.0490112304688
251994,episode/length,500.0
251995,episode/return,865.9241943359375
251995,episode/length,500.0
251996,episode/return,864.9509887695312
251996,episode/length,500.0
251997,episode/return,865.2750244140625
251997,episode/length,500.0
251998,episode/return,865.4052734375
251998,episode/length,500.0
251999,episode/return,865.1347045898438
251999,episode/length,500.0
255992,episode/return,829.7606201171875
255992,episode/length,500.0
255993,episode/return,840.1641235351562
255993,episode/length,500.0
255994,episode/return,838.2311401367188
255994,episode/length,500.0
255995,episode/return,841.5816040039062
255995,episode/length,500.0
255996,episode/return,840.9268188476562
255996,episode/length,500.0
255997,episode/return,839.296142578125
255997,episode/length,500.0
255998,episode/return,844.4194946289062
255998,episode/length,500.0
255999,episode/return,831.062744140625
255999,episode/length,500.0
259992,episode/return,850.59814453125
259992,episode/length,500.0
259993,episode/return,850.127685546875
259993,episode/length,500.0
259994,episode/return,849.77880859375
259994,episode/length,500.0
259995,episode/return,850.1029052734375
259995,episode/length,500.0
259996,episode/return,850.8486938476562
259996,episode/length,500.0
259997,episode/return,849.24609375
259997,episode/length,500.0
259998,episode/return,851.3587646484375
259998,episode/length,500.0
259999,episode/return,850.133056640625
259999,episode/length,500.0
260000,train/consistency_loss_mean,2.1354550671276228e-06
260000,train/consistency_loss_std,1.1379487943552936e-06
260000,train/continue_loss_mean,0.0
260000,train/continue_loss_std,0.0
260000,train/grad_norm_mean,0.03392550667375326
260000,train/grad_norm_std,0.03338914742028084
260000,train/policy_log_std_mean,-1.9810452674865722
260000,train/policy_log_std_std,0.6809979910509413
260000,train/policy_loss_mean,-1.0056470709323884
260000,train/policy_loss_std,0.01301640699947749
260000,train/reward_loss_mean,0.3440291419267654
260000,train/reward_loss_std,0.0061379819851544995
260000,train/total_loss_mean,0.07053122124671936
260000,train/total_loss_std,0.0009442105541963616
260000,train/value_loss_mean,0.36085596837997436
260000,train/value_loss_std,0.005513334441928724
260000,train/value_scale_mean,85.3545469909668
260000,train/value_scale_std,0.6971550432589619
260000,timing/collect_chunk_s,57.24668858293444
260000,timing/train_chunk_s,20.54956469172612
260000,dense_rhs/training_bucket_horizon,3.0
260000,system/heartbeat,1.0
263992,episode/return,860.2498168945312
263992,episode/length,500.0
263993,episode/return,859.3880004882812
263993,episode/length,500.0
263994,episode/return,860.728515625
263994,episode/length,500.0
263995,episode/return,859.9063720703125
263995,episode/length,500.0
263996,episode/return,858.9337768554688
263996,episode/length,500.0
263997,episode/return,860.0554809570312
263997,episode/length,500.0
263998,episode/return,861.098388671875
263998,episode/length,500.0
263999,episode/return,860.1734008789062
263999,episode/length,500.0
267992,episode/return,862.5097045898438
267992,episode/length,500.0
267993,episode/return,862.94091796875
267993,episode/length,500.0
267994,episode/return,862.5653686523438
267994,episode/length,500.0
267995,episode/return,863.48095703125
267995,episode/length,500.0
267996,episode/return,863.0560302734375
267996,episode/length,500.0
267997,episode/return,862.6763916015625
267997,episode/length,500.0
267998,episode/return,862.47705078125
267998,episode/length,500.0
267999,episode/return,863.623779296875
267999,episode/length,500.0
270000,train/consistency_loss_mean,1.8820038473677415e-06
270000,train/consistency_loss_std,1.0946955050256162e-06
270000,train/continue_loss_mean,0.0
270000,train/continue_loss_std,0.0
270000,train/grad_norm_mean,0.02915548785701394
270000,train/grad_norm_std,0.02780226591821415
270000,train/policy_log_std_mean,-1.952281302833557
270000,train/policy_log_std_std,0.661719454888112
270000,train/policy_loss_mean,-1.014601498222351
270000,train/policy_loss_std,0.014516533872616462
270000,train/reward_loss_mean,0.34496931071281434
270000,train/reward_loss_std,0.006077516651233334
270000,train/total_loss_mean,0.0708156072795391
270000,train/total_loss_std,0.0009231483450633166
270000,train/value_loss_mean,0.3628103416442871
270000,train/value_loss_std,0.005277834006708927
270000,train/value_scale_mean,84.89797839355468
270000,train/value_scale_std,0.8614850459509603
270000,timing/collect_chunk_s,62.65828415332362
270000,timing/train_chunk_s,20.547105299308896
270000,dense_rhs/training_bucket_horizon,3.0
270000,system/heartbeat,1.0
271992,episode/return,865.0999145507812
271992,episode/length,500.0
271993,episode/return,865.400146484375
271993,episode/length,500.0
271994,episode/return,863.5934448242188
271994,episode/length,500.0
271995,episode/return,864.3343505859375
271995,episode/length,500.0
271996,episode/return,864.8738403320312
271996,episode/length,500.0
271997,episode/return,865.0482788085938
271997,episode/length,500.0
271998,episode/return,864.7117309570312
271998,episode/length,500.0
271999,episode/return,864.7628173828125
271999,episode/length,500.0
275992,episode/return,864.7703247070312
275992,episode/length,500.0
275993,episode/return,864.2022705078125
275993,episode/length,500.0
275994,episode/return,864.2904663085938
275994,episode/length,500.0
275995,episode/return,864.6688232421875
275995,episode/length,500.0
275996,episode/return,864.782958984375
275996,episode/length,500.0
275997,episode/return,864.5467529296875
275997,episode/length,500.0
275998,episode/return,864.3756713867188
275998,episode/length,500.0
275999,episode/return,864.7020263671875
275999,episode/length,500.0
279992,episode/return,863.7520751953125
279992,episode/length,500.0
279993,episode/return,863.9813842773438
279993,episode/length,500.0
279994,episode/return,863.9124755859375
279994,episode/length,500.0
279995,episode/return,863.1434326171875
279995,episode/length,500.0
279996,episode/return,863.5592041015625
279996,episode/length,500.0
279997,episode/return,862.8927001953125
279997,episode/length,500.0
279998,episode/return,863.5486450195312
279998,episode/length,500.0
279999,episode/return,863.9761352539062
279999,episode/length,500.0
280000,train/consistency_loss_mean,1.862679490386654e-06
280000,train/consistency_loss_std,1.1197763865821786e-06
280000,train/continue_loss_mean,0.0
280000,train/continue_loss_std,0.0
280000,train/grad_norm_mean,0.026576056626439096
280000,train/grad_norm_std,0.02607805910895421
280000,train/policy_log_std_mean,-1.9890388229370117
280000,train/policy_log_std_std,0.6842994395428966
280000,train/policy_loss_mean,-1.0230149297714233
280000,train/policy_loss_std,0.012458026310086615
280000,train/reward_loss_mean,0.34611043884754183
280000,train/reward_loss_std,0.00597087109347517
280000,train/total_loss_mean,0.07083620686531067
280000,train/total_loss_std,0.0009375333937479367
280000,train/value_loss_mean,0.3618790799856186
280000,train/value_loss_std,0.005462812493231317
280000,train/value_scale_mean,83.96632122192383
280000,train/value_scale_std,0.47699669530023214
280000,timing/collect_chunk_s,57.07031729351729
280000,timing/train_chunk_s,20.512972003314644
280000,dense_rhs/training_bucket_horizon,3.0
280000,system/heartbeat,1.0
283992,episode/return,862.9390258789062
283992,episode/length,500.0
283993,episode/return,864.0675659179688
283993,episode/length,500.0
283994,episode/return,863.7315673828125
283994,episode/length,500.0
283995,episode/return,863.5070190429688
283995,episode/length,500.0
283996,episode/return,863.6966552734375
283996,episode/length,500.0
283997,episode/return,863.2418823242188
283997,episode/length,500.0
283998,episode/return,863.8118896484375
283998,episode/length,500.0
283999,episode/return,863.333984375
283999,episode/length,500.0
287992,episode/return,865.5735473632812
287992,episode/length,500.0
287993,episode/return,865.27392578125
287993,episode/length,500.0
287994,episode/return,864.24755859375
287994,episode/length,500.0
287995,episode/return,864.2740478515625
287995,episode/length,500.0
287996,episode/return,864.6860961914062
287996,episode/length,500.0
287997,episode/return,864.5325927734375
287997,episode/length,500.0
287998,episode/return,865.0347900390625
287998,episode/length,500.0
287999,episode/return,864.6121826171875
287999,episode/length,500.0
290000,train/consistency_loss_mean,1.7997035625739954e-06
290000,train/consistency_loss_std,1.0248949060722613e-06
290000,train/continue_loss_mean,0.0
290000,train/continue_loss_std,0.0
290000,train/grad_norm_mean,0.026409071566909553
290000,train/grad_norm_std,0.026067993313559565
290000,train/policy_log_std_mean,-2.012549264717102
290000,train/policy_log_std_std,0.6758989519476108
290000,train/policy_loss_mean,-1.0315879028320312
290000,train/policy_loss_std,0.012284340170245244
290000,train/reward_loss_mean,0.3470613031387329
290000,train/reward_loss_std,0.006005093071742467
290000,train/total_loss_mean,0.07105392220616341
290000,train/total_loss_std,0.0009434549743458946
290000,train/value_loss_mean,0.3631179666519165
290000,train/value_loss_std,0.0056258119954184106
290000,train/value_scale_mean,83.37080411376954
290000,train/value_scale_std,0.5790799019504337
290000,timing/collect_chunk_s,63.58856164757162
290000,timing/train_chunk_s,20.562743288464844
290000,dense_rhs/training_bucket_horizon,3.0
290000,system/heartbeat,1.0
291992,episode/return,865.512939453125
291992,episode/length,500.0
291993,episode/return,864.6100463867188
291993,episode/length,500.0
291994,episode/return,865.6270751953125
291994,episode/length,500.0
291995,episode/return,865.1236572265625
291995,episode/length,500.0
291996,episode/return,865.1744384765625
291996,episode/length,500.0
291997,episode/return,865.2048950195312
291997,episode/length,500.0
291998,episode/return,865.5988159179688
291998,episode/length,500.0
291999,episode/return,865.0696411132812
291999,episode/length,500.0
295992,episode/return,865.5152587890625
295992,episode/length,500.0
295993,episode/return,866.0559692382812
295993,episode/length,500.0
295994,episode/return,865.3289794921875
295994,episode/length,500.0
295995,episode/return,864.8838500976562
295995,episode/length,500.0
295996,episode/return,864.99853515625
295996,episode/length,500.0
295997,episode/return,865.4358520507812
295997,episode/length,500.0
295998,episode/return,865.4542846679688
295998,episode/length,500.0
295999,episode/return,864.8596801757812
295999,episode/length,500.0
299992,episode/return,861.2705078125
299992,episode/length,500.0
299993,episode/return,860.8134155273438
299993,episode/length,500.0
299994,episode/return,861.2916870117188
299994,episode/length,500.0
299995,episode/return,861.7498779296875
299995,episode/length,500.0
299996,episode/return,861.1253662109375
299996,episode/length,500.0
299997,episode/return,861.4423828125
299997,episode/length,500.0
299998,episode/return,861.8126831054688
299998,episode/length,500.0
299999,episode/return,861.6653442382812
299999,episode/length,500.0
300000,train/consistency_loss_mean,1.7323542231679313e-06
300000,train/consistency_loss_std,1.0777427820991086e-06
300000,train/continue_loss_mean,0.0
300000,train/continue_loss_std,0.0
300000,train/grad_norm_mean,0.025899502740055324
300000,train/grad_norm_std,0.026509828061679355
300000,train/policy_log_std_mean,-2.075687163734436
300000,train/policy_log_std_std,0.6918602991368387
300000,train/policy_loss_mean,-1.0430214957237243
300000,train/policy_loss_std,0.01217297828733224
300000,train/reward_loss_mean,0.348034808921814
300000,train/reward_loss_std,0.005962078694691581
300000,train/total_loss_mean,0.07125691421627998
300000,train/total_loss_std,0.0009147484134976669
300000,train/value_loss_mean,0.36418784561157225
300000,train/value_loss_std,0.005279070321976624
300000,train/value_scale_mean,82.72651979980469
300000,train/value_scale_std,0.4517975556294372
300000,timing/collect_chunk_s,58.72783087613061
300000,timing/train_chunk_s,20.625548165291548
300000,dense_rhs/training_bucket_horizon,3.0
300000,system/heartbeat,1.0
300000,timing/checkpoint_blocking_s,0.4070373070426285
300000,eval/return_mean,863.7052001953125
300000,eval/return_std,0.3141699731349945
300000,eval/return_max,864.3156127929688
300000,eval/return_min,863.1505126953125
300000,timing/eval_s,9.386075265239924
300000,eval/selected_horizon,3.0
300000,eval/training_bucket_horizon,3.0
300000,system/heartbeat,1.0
303992,episode/return,866.4268188476562
303992,episode/length,500.0
303993,episode/return,866.2821655273438
303993,episode/length,500.0
303994,episode/return,865.7334594726562
303994,episode/length,500.0
303995,episode/return,866.2662353515625
303995,episode/length,500.0
303996,episode/return,866.1438598632812
303996,episode/length,500.0
303997,episode/return,865.8772583007812
303997,episode/length,500.0
303998,episode/return,866.3877563476562
303998,episode/length,500.0
303999,episode/return,865.8712768554688
303999,episode/length,500.0
307992,episode/return,864.5681762695312
307992,episode/length,500.0
307993,episode/return,865.3422241210938
307993,episode/length,500.0
307994,episode/return,865.0502319335938
307994,episode/length,500.0
307995,episode/return,865.19970703125
307995,episode/length,500.0
307996,episode/return,865.0753784179688
307996,episode/length,500.0
307997,episode/return,865.1017456054688
307997,episode/length,500.0
307998,episode/return,864.77783203125
307998,episode/length,500.0
307999,episode/return,864.6143188476562
307999,episode/length,500.0
310000,train/consistency_loss_mean,1.664273280539419e-06
310000,train/consistency_loss_std,9.992320878476082e-07
310000,train/continue_loss_mean,0.0
310000,train/continue_loss_std,0.0
310000,train/grad_norm_mean,0.02516104524284601
310000,train/grad_norm_std,0.02534972483098681
310000,train/policy_log_std_mean,-2.069772303199768
310000,train/policy_log_std_std,0.673168716124477
310000,train/policy_loss_mean,-1.0548526176452637
310000,train/policy_loss_std,0.013371672717163826
310000,train/reward_loss_mean,0.34889303753376005
310000,train/reward_loss_std,0.005928963756943169
310000,train/total_loss_mean,0.0713632791697979
310000,train/total_loss_std,0.000908911936043635
310000,train/value_loss_mean,0.3644068814754486
310000,train/value_loss_std,0.005277861812754502
310000,train/value_scale_mean,82.00440238037109
310000,train/value_scale_std,0.7256852929734575
310000,timing/collect_chunk_s,58.154727103654295
310000,timing/train_chunk_s,20.59521354921162
310000,dense_rhs/training_bucket_horizon,3.0
310000,system/heartbeat,1.0
311992,episode/return,863.6194458007812
311992,episode/length,500.0
311993,episode/return,863.7802734375
311993,episode/length,500.0
311994,episode/return,862.7404174804688
311994,episode/length,500.0
311995,episode/return,863.6689453125
311995,episode/length,500.0
311996,episode/return,863.6824340820312
311996,episode/length,500.0
311997,episode/return,863.48291015625
311997,episode/length,500.0
311998,episode/return,863.0230102539062
311998,episode/length,500.0
311999,episode/return,863.7225952148438
311999,episode/length,500.0
315992,episode/return,864.0447387695312
315992,episode/length,500.0
315993,episode/return,863.7721557617188
315993,episode/length,500.0
315994,episode/return,863.9429321289062
315994,episode/length,500.0
315995,episode/return,864.38134765625
315995,episode/length,500.0
315996,episode/return,863.9298706054688
315996,episode/length,500.0
315997,episode/return,863.9480590820312
315997,episode/length,500.0
315998,episode/return,863.59619140625
315998,episode/length,500.0
315999,episode/return,864.6483154296875
315999,episode/length,500.0
319992,episode/return,864.0912475585938
319992,episode/length,500.0
319993,episode/return,864.794189453125
319993,episode/length,500.0
319994,episode/return,865.1039428710938
319994,episode/length,500.0
319995,episode/return,864.5489501953125
319995,episode/length,500.0
319996,episode/return,865.2615966796875
319996,episode/length,500.0
319997,episode/return,864.7290649414062
319997,episode/length,500.0
319998,episode/return,864.8201293945312
319998,episode/length,500.0
319999,episode/return,865.0455322265625
319999,episode/length,500.0
320000,train/consistency_loss_mean,1.604300549115578e-06
320000,train/consistency_loss_std,1.0658399658376214e-06
320000,train/continue_loss_mean,0.0
320000,train/continue_loss_std,0.0
320000,train/grad_norm_mean,0.02298166424110532
320000,train/grad_norm_std,0.021404677836850964
320000,train/policy_log_std_mean,-2.109352410697937
320000,train/policy_log_std_std,0.6711196083060352
320000,train/policy_loss_mean,-1.0507172715187072
320000,train/policy_loss_std,0.012501634882415727
320000,train/reward_loss_mean,0.34988151857852934
320000,train/reward_loss_std,0.005940768015136607
320000,train/total_loss_mean,0.07149739017486573
320000,train/total_loss_std,0.0009110810988563378
320000,train/value_loss_mean,0.36477149782180784
320000,train/value_loss_std,0.0052234375916488055
320000,train/value_scale_mean,82.42539167480469
320000,train/value_scale_std,0.5428597499938896
320000,timing/collect_chunk_s,64.78773016901687
320000,timing/train_chunk_s,20.637720600236207
320000,dense_rhs/training_bucket_horizon,3.0
320000,system/heartbeat,1.0
323992,episode/return,859.094970703125
323992,episode/length,500.0
323993,episode/return,859.5414428710938
323993,episode/length,500.0
323994,episode/return,858.6079711914062
323994,episode/length,500.0
323995,episode/return,859.9346313476562
323995,episode/length,500.0
323996,episode/return,859.2221069335938
323996,episode/length,500.0
323997,episode/return,859.136962890625
323997,episode/length,500.0
323998,episode/return,858.808837890625
323998,episode/length,500.0
323999,episode/return,858.6151733398438
323999,episode/length,500.0
327992,episode/return,865.2130126953125
327992,episode/length,500.0
327993,episode/return,865.2119750976562
327993,episode/length,500.0
327994,episode/return,865.7927856445312
327994,episode/length,500.0
327995,episode/return,864.9891357421875
327995,episode/length,500.0
327996,episode/return,865.5895385742188
327996,episode/length,500.0
327997,episode/return,865.041748046875
327997,episode/length,500.0
327998,episode/return,865.5054321289062
327998,episode/length,500.0
327999,episode/return,865.4813232421875
327999,episode/length,500.0
330000,train/consistency_loss_mean,1.6228998571023112e-06
330000,train/consistency_loss_std,1.1496979937801675e-06
330000,train/continue_loss_mean,0.0
330000,train/continue_loss_std,0.0
330000,train/grad_norm_mean,0.024570345405489205
330000,train/grad_norm_std,0.02629005540783319
330000,train/policy_log_std_mean,-2.0383764432907103
330000,train/policy_log_std_std,0.6404342973620026
330000,train/policy_loss_mean,-1.056474091720581
330000,train/policy_loss_std,0.01378407187966154
330000,train/reward_loss_mean,0.3505453934431076
330000,train/reward_loss_std,0.005806934573084135
330000,train/total_loss_mean,0.07186443530321121
330000,train/total_loss_std,0.0008662473530352122
330000,train/value_loss_mean,0.36777435474395753
330000,train/value_loss_std,0.0049244344331751295
330000,train/value_scale_mean,82.31964784545899
330000,train/value_scale_std,0.6238305355780053
330000,timing/collect_chunk_s,58.84365745494142
330000,timing/train_chunk_s,20.605856338050216
330000,dense_rhs/training_bucket_horizon,3.0
330000,system/heartbeat,1.0
331992,episode/return,866.5526733398438
331992,episode/length,500.0
331993,episode/return,867.0308837890625
331993,episode/length,500.0
331994,episode/return,866.5309448242188
331994,episode/length,500.0
331995,episode/return,866.54443359375
331995,episode/length,500.0
331996,episode/return,865.98193359375
331996,episode/length,500.0
331997,episode/return,866.2745361328125
331997,episode/length,500.0
331998,episode/return,866.451904296875
331998,episode/length,500.0
331999,episode/return,866.2781982421875
331999,episode/length,500.0
335992,episode/return,865.2415771484375
335992,episode/length,500.0
335993,episode/return,865.5852661132812
335993,episode/length,500.0
335994,episode/return,865.978515625
335994,episode/length,500.0
335995,episode/return,865.550048828125
335995,episode/length,500.0
335996,episode/return,865.6805419921875
335996,episode/length,500.0
335997,episode/return,865.9871826171875
335997,episode/length,500.0
335998,episode/return,865.9856567382812
335998,episode/length,500.0
335999,episode/return,865.359619140625
335999,episode/length,500.0
339992,episode/return,861.3397216796875
339992,episode/length,500.0
339993,episode/return,862.2207641601562
339993,episode/length,500.0
339994,episode/return,861.9674072265625
339994,episode/length,500.0
339995,episode/return,861.9644165039062
339995,episode/length,500.0
339996,episode/return,862.1635131835938
339996,episode/length,500.0
339997,episode/return,862.2496948242188
339997,episode/length,500.0
339998,episode/return,862.689453125
339998,episode/length,500.0
339999,episode/return,861.4796142578125
339999,episode/length,500.0
340000,train/consistency_loss_mean,1.55446220956037e-06
340000,train/consistency_loss_std,1.0155132908296035e-06
340000,train/continue_loss_mean,0.0
340000,train/continue_loss_std,0.0
340000,train/grad_norm_mean,0.023283136317133902
340000,train/grad_norm_std,0.023152874224233937
340000,train/policy_log_std_mean,-2.1491283033370974
340000,train/policy_log_std_std,0.6917449238216316
340000,train/policy_loss_mean,-1.0675759125709534
340000,train/policy_loss_std,0.014326179991438662
340000,train/reward_loss_mean,0.35136395938396453
340000,train/reward_loss_std,0.00583295831198104
340000,train/total_loss_mean,0.07178446874022484
340000,train/total_loss_std,0.0009044060804513054
340000,train/value_loss_mean,0.36616981270313265
340000,train/value_loss_std,0.005228695019327549
340000,train/value_scale_mean,81.34138615112305
340000,train/value_scale_std,0.7671119427032413
340000,timing/collect_chunk_s,57.671526063233614
340000,timing/train_chunk_s,20.566878357436508
340000,dense_rhs/training_bucket_horizon,3.0
340000,system/heartbeat,1.0
343992,episode/return,865.1288452148438
343992,episode/length,500.0
343993,episode/return,865.5424194335938
343993,episode/length,500.0
343994,episode/return,863.6392211914062
343994,episode/length,500.0
343995,episode/return,864.670654296875
343995,episode/length,500.0
343996,episode/return,864.7862548828125
343996,episode/length,500.0
343997,episode/return,864.9745483398438
343997,episode/length,500.0
343998,episode/return,865.0001831054688
343998,episode/length,500.0
343999,episode/return,864.9569702148438
343999,episode/length,500.0
347992,episode/return,866.0043334960938
347992,episode/length,500.0
347993,episode/return,864.8428955078125
347993,episode/length,500.0
347994,episode/return,866.1168212890625
347994,episode/length,500.0
347995,episode/return,864.9183959960938
347995,episode/length,500.0
347996,episode/return,865.8878173828125
347996,episode/length,500.0
347997,episode/return,864.9745483398438
347997,episode/length,500.0
347998,episode/return,865.5442504882812
347998,episode/length,500.0
347999,episode/return,865.6640625
347999,episode/length,500.0
350000,train/consistency_loss_mean,1.5710783468875888e-06
350000,train/consistency_loss_std,1.0654145365285411e-06
350000,train/continue_loss_mean,0.0
350000,train/continue_loss_std,0.0
350000,train/grad_norm_mean,0.02342188480719924
350000,train/grad_norm_std,0.025551035868246034
350000,train/policy_log_std_mean,-2.08183656873703
350000,train/policy_log_std_std,0.6438436561270522
350000,train/policy_loss_mean,-1.0664037634849548
350000,train/policy_loss_std,0.012816450879374027
350000,train/reward_loss_mean,0.35200007762908936
350000,train/reward_loss_std,0.0058143372364891106
350000,train/total_loss_mean,0.07201655484437942
350000,train/total_loss_std,0.000891122041440461
350000,train/value_loss_mean,0.3678512420415878
350000,train/value_loss_std,0.005225955583254296
350000,train/value_scale_mean,81.4544592956543
350000,train/value_scale_std,0.586634263273739
350000,timing/collect_chunk_s,57.83140143239871
350000,timing/train_chunk_s,20.589093598071486
350000,dense_rhs/training_bucket_horizon,3.0
350000,system/heartbeat,1.0
350000,timing/checkpoint_blocking_s,0.4031637660227716
350000,eval/return_mean,859.16064453125
350000,eval/return_std,0.3655560314655304
350000,eval/return_max,860.0059814453125
350000,eval/return_min,858.5203857421875
350000,timing/eval_s,9.386332951951772
350000,eval/selected_horizon,3.0
350000,eval/training_bucket_horizon,3.0
350000,system/heartbeat,1.0
351992,episode/return,858.5933227539062
351992,episode/length,500.0
351993,episode/return,857.4099731445312
351993,episode/length,500.0
351994,episode/return,857.439697265625
351994,episode/length,500.0
351995,episode/return,858.432861328125
351995,episode/length,500.0
351996,episode/return,858.8745727539062
351996,episode/length,500.0
351997,episode/return,857.1058959960938
351997,episode/length,500.0
351998,episode/return,859.125244140625
351998,episode/length,500.0
351999,episode/return,858.4197998046875
351999,episode/length,500.0
355992,episode/return,863.3018798828125
355992,episode/length,500.0
355993,episode/return,862.7305908203125
355993,episode/length,500.0
355994,episode/return,863.986328125
355994,episode/length,500.0
355995,episode/return,863.0048217773438
355995,episode/length,500.0
355996,episode/return,863.000732421875
355996,episode/length,500.0
355997,episode/return,862.9613037109375
355997,episode/length,500.0
355998,episode/return,863.5836791992188
355998,episode/length,500.0
355999,episode/return,864.0103759765625
355999,episode/length,500.0
359992,episode/return,863.0318603515625
359992,episode/length,500.0
359993,episode/return,862.7930908203125
359993,episode/length,500.0
359994,episode/return,863.3260498046875
359994,episode/length,500.0
359995,episode/return,862.4765014648438
359995,episode/length,500.0
359996,episode/return,862.9157104492188
359996,episode/length,500.0
359997,episode/return,862.9094848632812
359997,episode/length,500.0
359998,episode/return,863.6088256835938
359998,episode/length,500.0
359999,episode/return,863.08740234375
359999,episode/length,500.0
360000,train/consistency_loss_mean,1.456445726853417e-06
360000,train/consistency_loss_std,9.429594051519101e-07
360000,train/continue_loss_mean,0.0
360000,train/continue_loss_std,0.0
360000,train/grad_norm_mean,0.021421472592651845
360000,train/grad_norm_std,0.021676708354222585
360000,train/policy_log_std_mean,-2.0647862754821777
360000,train/policy_log_std_std,0.6604341630364683
360000,train/policy_loss_mean,-1.0650159591674804
360000,train/policy_loss_std,0.01494177839013663
360000,train/reward_loss_mean,0.352774022102356
360000,train/reward_loss_std,0.0058373645151864
360000,train/total_loss_mean,0.07206796298623085
360000,train/total_loss_std,0.0009001923559052409
360000,train/value_loss_mean,0.3676143026828766
360000,train/value_loss_std,0.005338766662976925
360000,train/value_scale_mean,81.79164728393555
360000,train/value_scale_std,0.8422786999586529
360000,timing/collect_chunk_s,64.3055634344928
360000,timing/train_chunk_s,20.565358605235815
360000,dense_rhs/training_bucket_horizon,3.0
360000,system/heartbeat,1.0
363992,episode/return,858.2498168945312
363992,episode/length,500.0
363993,episode/return,857.7515258789062
363993,episode/length,500.0
363994,episode/return,858.4080200195312
363994,episode/length,500.0
363995,episode/return,858.273681640625
363995,episode/length,500.0
363996,episode/return,857.1134643554688
363996,episode/length,500.0
363997,episode/return,857.9086303710938
363997,episode/length,500.0
363998,episode/return,858.00244140625
363998,episode/length,500.0
363999,episode/return,858.6162719726562
363999,episode/length,500.0
367992,episode/return,866.1437377929688
367992,episode/length,500.0
367993,episode/return,865.9811401367188
367993,episode/length,500.0
367994,episode/return,865.8294677734375
367994,episode/length,500.0
367995,episode/return,866.7669067382812
367995,episode/length,500.0
367996,episode/return,866.3720092773438
367996,episode/length,500.0
367997,episode/return,866.8425903320312
367997,episode/length,500.0
367998,episode/return,866.587158203125
367998,episode/length,500.0
367999,episode/return,866.3130493164062
367999,episode/length,500.0
370000,train/consistency_loss_mean,1.5210908514745825e-06
370000,train/consistency_loss_std,1.0957796893577936e-06
370000,train/continue_loss_mean,0.0
370000,train/continue_loss_std,0.0
370000,train/grad_norm_mean,0.0218075517475605
370000,train/grad_norm_std,0.02162583912108991
370000,train/policy_log_std_mean,-2.070823143863678
370000,train/policy_log_std_std,0.6462355050759775
370000,train/policy_loss_mean,-1.0829198551177979
370000,train/policy_loss_std,0.01634947068831529
370000,train/reward_loss_mean,0.353193533039093
370000,train/reward_loss_std,0.005751705824454093
370000,train/total_loss_mean,0.07215740997195244
370000,train/total_loss_std,0.000877327443866312
370000,train/value_loss_mean,0.3680763293027878
370000,train/value_loss_std,0.005027109053283381
370000,train/value_scale_mean,80.39386023559571
370000,train/value_scale_std,0.9641755371186552
370000,timing/collect_chunk_s,57.47276636492461
370000,timing/train_chunk_s,20.607548208441585
370000,dense_rhs/training_bucket_horizon,3.0
370000,system/heartbeat,1.0
371992,episode/return,865.2997436523438
371992,episode/length,500.0
371993,episode/return,864.8814697265625
371993,episode/length,500.0
371994,episode/return,865.1975708007812
371994,episode/length,500.0
371995,episode/return,864.5089111328125
371995,episode/length,500.0
371996,episode/return,864.9371337890625
371996,episode/length,500.0
371997,episode/return,864.62646484375
371997,episode/length,500.0
371998,episode/return,864.7327880859375
371998,episode/length,500.0
371999,episode/return,865.2142944335938
371999,episode/length,500.0
375992,episode/return,855.8642578125
375992,episode/length,500.0
375993,episode/return,856.597900390625
375993,episode/length,500.0
375994,episode/return,856.8704833984375
375994,episode/length,500.0
375995,episode/return,857.8547973632812
375995,episode/length,500.0
375996,episode/return,858.2031860351562
375996,episode/length,500.0
375997,episode/return,857.3817138671875
375997,episode/length,500.0
375998,episode/return,858.1931762695312
375998,episode/length,500.0
375999,episode/return,857.8598022460938
375999,episode/length,500.0
379992,episode/return,865.6710205078125
379992,episode/length,500.0
379993,episode/return,865.0487670898438
379993,episode/length,500.0
379994,episode/return,865.2843627929688
379994,episode/length,500.0
379995,episode/return,865.1926879882812
379995,episode/length,500.0
379996,episode/return,865.19091796875
379996,episode/length,500.0
379997,episode/return,865.1025390625
379997,episode/length,500.0
379998,episode/return,864.7814331054688
379998,episode/length,500.0
379999,episode/return,865.4393920898438
379999,episode/length,500.0
380000,train/consistency_loss_mean,1.4571880946732563e-06
380000,train/consistency_loss_std,9.425258056444059e-07
380000,train/continue_loss_mean,0.0
380000,train/continue_loss_std,0.0
380000,train/grad_norm_mean,0.02233344071954489
380000,train/grad_norm_std,0.02345990358674755
380000,train/policy_log_std_mean,-2.1188158187866213
380000,train/policy_log_std_std,0.6719983462340651
380000,train/policy_loss_mean,-1.084238155555725
380000,train/policy_loss_std,0.015312319546457835
380000,train/reward_loss_mean,0.3538377521038055
380000,train/reward_loss_std,0.005692468056863501
380000,train/total_loss_mean,0.07233764069080353
380000,train/total_loss_std,0.0008683256528985965
380000,train/value_loss_mean,0.36924719519615173
380000,train/value_loss_std,0.0049591326145039015
380000,train/value_scale_mean,80.41096049194336
380000,train/value_scale_std,0.8369545503636878
380000,timing/collect_chunk_s,58.09103092411533
380000,timing/train_chunk_s,20.661933456081897
380000,dense_rhs/training_bucket_horizon,3.0
380000,system/heartbeat,1.0
383992,episode/return,863.9719848632812
383992,episode/length,500.0
383993,episode/return,863.7564086914062
383993,episode/length,500.0
383994,episode/return,863.167724609375
383994,episode/length,500.0
383995,episode/return,863.7446899414062
383995,episode/length,500.0
383996,episode/return,863.70849609375
383996,episode/length,500.0
383997,episode/return,862.5706176757812
383997,episode/length,500.0
383998,episode/return,863.5070190429688
383998,episode/length,500.0
383999,episode/return,863.8090209960938
383999,episode/length,500.0
387992,episode/return,866.0858154296875
387992,episode/length,500.0
387993,episode/return,866.1502685546875
387993,episode/length,500.0
387994,episode/return,866.0249633789062
387994,episode/length,500.0
387995,episode/return,865.9140014648438
387995,episode/length,500.0
387996,episode/return,866.0051879882812
387996,episode/length,500.0
387997,episode/return,866.4295654296875
387997,episode/length,500.0
387998,episode/return,866.1644897460938
387998,episode/length,500.0
387999,episode/return,866.0748901367188
387999,episode/length,500.0
390000,train/consistency_loss_mean,1.3637998539252293e-06
390000,train/consistency_loss_std,9.38285001491354e-07
390000,train/continue_loss_mean,0.0
390000,train/continue_loss_std,0.0
390000,train/grad_norm_mean,0.0208228710077703
390000,train/grad_norm_std,0.02035289718555949
390000,train/policy_log_std_mean,-2.121935515213013
390000,train/policy_log_std_std,0.6432509726570138
390000,train/policy_loss_mean,-1.0968555848121644
390000,train/policy_loss_std,0.01426507886075991
390000,train/reward_loss_mean,0.35439821927547455
390000,train/reward_loss_std,0.005649650867188938
390000,train/total_loss_mean,0.07237871056199074
390000,train/total_loss_std,0.000880253339537289
390000,train/value_loss_mean,0.3691161067485809
390000,train/value_loss_std,0.005117045568529914
390000,train/value_scale_mean,79.53046833496094
390000,train/value_scale_std,0.7116770026843509
390000,timing/collect_chunk_s,64.81833446770906
390000,timing/train_chunk_s,20.56788066122681
390000,dense_rhs/training_bucket_horizon,3.0
390000,system/heartbeat,1.0
391992,episode/return,859.6640014648438
391992,episode/length,500.0
391993,episode/return,859.1282958984375
391993,episode/length,500.0
391994,episode/return,859.7476196289062
391994,episode/length,500.0
391995,episode/return,858.5425415039062
391995,episode/length,500.0
391996,episode/return,859.5723876953125
391996,episode/length,500.0
391997,episode/return,859.0016479492188
391997,episode/length,500.0
391998,episode/return,859.0470581054688
391998,episode/length,500.0
391999,episode/return,858.9948120117188
391999,episode/length,500.0
395992,episode/return,861.2349853515625
395992,episode/length,500.0
395993,episode/return,860.597412109375
395993,episode/length,500.0
395994,episode/return,861.2509765625
395994,episode/length,500.0
395995,episode/return,860.7839965820312
395995,episode/length,500.0
395996,episode/return,861.1707763671875
395996,episode/length,500.0
395997,episode/return,861.570556640625
395997,episode/length,500.0
395998,episode/return,861.1461791992188
395998,episode/length,500.0
395999,episode/return,861.1658325195312
395999,episode/length,500.0
399992,episode/return,863.2130737304688
399992,episode/length,500.0
399993,episode/return,863.7335205078125
399993,episode/length,500.0
399994,episode/return,864.7001342773438
399994,episode/length,500.0
399995,episode/return,863.7554931640625
399995,episode/length,500.0
399996,episode/return,864.1918334960938
399996,episode/length,500.0
399997,episode/return,863.8405151367188
399997,episode/length,500.0
399998,episode/return,863.5088500976562
399998,episode/length,500.0
399999,episode/return,863.8477783203125
399999,episode/length,500.0
400000,train/consistency_loss_mean,1.5910228202301368e-06
400000,train/consistency_loss_std,9.485617118059994e-07
400000,train/continue_loss_mean,0.0
400000,train/continue_loss_std,0.0
400000,train/grad_norm_mean,0.02439482220634818
400000,train/grad_norm_std,0.02654581216746136
400000,train/policy_log_std_mean,-2.176491340827942
400000,train/policy_log_std_std,0.6456576265396581
400000,train/policy_loss_mean,-1.0889270461082459
400000,train/policy_loss_std,0.013299175553659925
400000,train/reward_loss_mean,0.3549520270586014
400000,train/reward_loss_std,0.005781775233472218
400000,train/total_loss_mean,0.07248178635835648
400000,train/total_loss_std,0.0008753739351924426
400000,train/value_loss_mean,0.3695476076602936
400000,train/value_loss_std,0.0049346754627609445
400000,train/value_scale_mean,80.04787160644531
400000,train/value_scale_std,0.5888137809790995
400000,timing/collect_chunk_s,57.7180423787795
400000,timing/train_chunk_s,20.592587815597653
400000,dense_rhs/training_bucket_horizon,3.0
400000,system/heartbeat,1.0
400000,timing/checkpoint_blocking_s,0.4013413400389254
400000,eval/return_mean,865.6068115234375
400000,eval/return_std,0.9490873217582703
400000,eval/return_max,866.7964477539062
400000,eval/return_min,864.1015625
400000,timing/eval_s,9.374828826170415
400000,eval/selected_horizon,3.0
400000,eval/training_bucket_horizon,3.0
400000,system/heartbeat,1.0
403992,episode/return,862.8807983398438
403992,episode/length,500.0
403993,episode/return,862.6428833007812
403993,episode/length,500.0
403994,episode/return,862.0703735351562
403994,episode/length,500.0
403995,episode/return,862.5596313476562
403995,episode/length,500.0
403996,episode/return,862.884765625
403996,episode/length,500.0
403997,episode/return,862.5457763671875
403997,episode/length,500.0
403998,episode/return,860.4149169921875
403998,episode/length,500.0
403999,episode/return,861.9689331054688
403999,episode/length,500.0
407992,episode/return,865.431396484375
407992,episode/length,500.0
407993,episode/return,865.5858154296875
407993,episode/length,500.0
407994,episode/return,865.1298828125
407994,episode/length,500.0
407995,episode/return,864.89208984375
407995,episode/length,500.0
407996,episode/return,864.2064819335938
407996,episode/length,500.0
407997,episode/return,865.3072509765625
407997,episode/length,500.0
407998,episode/return,865.05859375
407998,episode/length,500.0
407999,episode/return,865.0075073242188
407999,episode/length,500.0
410000,train/consistency_loss_mean,1.344975779829838e-06
410000,train/consistency_loss_std,8.280832978268639e-07
410000,train/continue_loss_mean,0.0
410000,train/continue_loss_std,0.0
410000,train/grad_norm_mean,0.020316265246272086
410000,train/grad_norm_std,0.02001315795510637
410000,train/policy_log_std_mean,-2.1861017503738402
410000,train/policy_log_std_std,0.6597114062452857
410000,train/policy_loss_mean,-1.0856030771255494
410000,train/policy_loss_std,0.01668476841864591
410000,train/reward_loss_mean,0.3554431361198425
410000,train/reward_loss_std,0.005585701039558548
410000,train/total_loss_mean,0.07260222375392913
410000,train/total_loss_std,0.0008584358353108256
410000,train/value_loss_mean,0.37031008460521697
410000,train/value_loss_std,0.005025778676483237
410000,train/value_scale_mean,80.47989006958008
410000,train/value_scale_std,0.9850558427347582
410000,timing/collect_chunk_s,59.981725175864995
410000,timing/train_chunk_s,20.65213177166879
410000,dense_rhs/training_bucket_horizon,3.0
410000,system/heartbeat,1.0
411992,episode/return,864.8837890625
411992,episode/length,500.0
411993,episode/return,864.5302124023438
411993,episode/length,500.0
411994,episode/return,864.7008056640625
411994,episode/length,500.0
411995,episode/return,864.0629272460938
411995,episode/length,500.0
411996,episode/return,864.4218139648438
411996,episode/length,500.0
411997,episode/return,864.6395263671875
411997,episode/length,500.0
411998,episode/return,864.0377807617188
411998,episode/length,500.0
411999,episode/return,864.9110107421875
411999,episode/length,500.0
415992,episode/return,864.2793579101562
415992,episode/length,500.0
415993,episode/return,864.9909057617188
415993,episode/length,500.0
415994,episode/return,865.5546264648438
415994,episode/length,500.0
415995,episode/return,865.1541137695312
415995,episode/length,500.0
415996,episode/return,864.807861328125
415996,episode/length,500.0
415997,episode/return,865.164794921875
415997,episode/length,500.0
415998,episode/return,865.0580444335938
415998,episode/length,500.0
415999,episode/return,864.8843994140625
415999,episode/length,500.0
419992,episode/return,865.7391967773438
419992,episode/length,500.0
419993,episode/return,865.7420043945312
419993,episode/length,500.0
419994,episode/return,865.7421875
419994,episode/length,500.0
419995,episode/return,865.7601928710938
419995,episode/length,500.0
419996,episode/return,865.3889770507812
419996,episode/length,500.0
419997,episode/return,865.4454345703125
419997,episode/length,500.0
419998,episode/return,865.0908813476562
419998,episode/length,500.0
419999,episode/return,865.4041748046875
419999,episode/length,500.0
420000,train/consistency_loss_mean,1.3896101303544129e-06
420000,train/consistency_loss_std,8.937233967580176e-07
420000,train/continue_loss_mean,0.0
420000,train/continue_loss_std,0.0
420000,train/grad_norm_mean,0.021064591627568005
420000,train/grad_norm_std,0.02124642612845475
420000,train/policy_log_std_mean,-2.1381409894943237
420000,train/policy_log_std_std,0.6500303379235407
420000,train/policy_loss_mean,-1.1061817601203918
420000,train/policy_loss_std,0.013241657829055113
420000,train/reward_loss_mean,0.3559819619655609
420000,train/reward_loss_std,0.005668626202603821
420000,train/total_loss_mean,0.07272300990223884
420000,train/total_loss_std,0.0008632815858668538
420000,train/value_loss_mean,0.37097019648551943
420000,train/value_loss_std,0.004842761041196187
420000,train/value_scale_mean,79.0152220275879
420000,train/value_scale_std,0.5604316498142822
420000,timing/collect_chunk_s,59.123159293551
420000,timing/train_chunk_s,20.627509355545044
420000,dense_rhs/training_bucket_horizon,3.0
420000,system/heartbeat,1.0
423992,episode/return,865.106201171875
423992,episode/length,500.0
423993,episode/return,865.809814453125
423993,episode/length,500.0
423994,episode/return,864.9760131835938
423994,episode/length,500.0
423995,episode/return,865.198974609375
423995,episode/length,500.0
423996,episode/return,864.91552734375
423996,episode/length,500.0
423997,episode/return,865.5576782226562
423997,episode/length,500.0
423998,episode/return,865.0643920898438
423998,episode/length,500.0
423999,episode/return,865.132080078125
423999,episode/length,500.0
427992,episode/return,864.1931762695312
427992,episode/length,500.0
427993,episode/return,864.6332397460938
427993,episode/length,500.0
427994,episode/return,864.350341796875
427994,episode/length,500.0
427995,episode/return,864.3190307617188
427995,episode/length,500.0
427996,episode/return,864.4785766601562
427996,episode/length,500.0
427997,episode/return,864.087890625
427997,episode/length,500.0
427998,episode/return,864.1248168945312
427998,episode/length,500.0
427999,episode/return,864.3561401367188
427999,episode/length,500.0
430000,train/consistency_loss_mean,1.2917065147121321e-06
430000,train/consistency_loss_std,8.164925182829888e-07
430000,train/continue_loss_mean,0.0
430000,train/continue_loss_std,0.0
430000,train/grad_norm_mean,0.019206903863698246
430000,train/grad_norm_std,0.01886538876143908
430000,train/policy_log_std_mean,-2.1174481258392333
430000,train/policy_log_std_std,0.63897656938369
430000,train/policy_loss_mean,-1.1097796615600586
430000,train/policy_loss_std,0.01337590653579625
430000,train/reward_loss_mean,0.35626440126895903
430000,train/reward_loss_std,0.005578469655602763
430000,train/total_loss_mean,0.07278864394426346
430000,train/total_loss_std,0.0008465183115770394
430000,train/value_loss_mean,0.37136367456912994
430000,train/value_loss_std,0.004846412648958573
430000,train/value_scale_mean,78.80351840820312
430000,train/value_scale_std,0.5888672286619852
430000,timing/collect_chunk_s,66.36348919197917
430000,timing/train_chunk_s,20.657697584480047
430000,dense_rhs/training_bucket_horizon,3.0
430000,system/heartbeat,1.0
431992,episode/return,865.84912109375
431992,episode/length,500.0
431993,episode/return,865.9423217773438
431993,episode/length,500.0
431994,episode/return,865.4819946289062
431994,episode/length,500.0
431995,episode/return,865.7523193359375
431995,episode/length,500.0
431996,episode/return,865.2913208007812
431996,episode/length,500.0
431997,episode/return,865.6689453125
431997,episode/length,500.0
431998,episode/return,865.6282348632812
431998,episode/length,500.0
431999,episode/return,865.0763549804688
431999,episode/length,500.0
435992,episode/return,864.2709350585938
435992,episode/length,500.0
435993,episode/return,864.7091674804688
435993,episode/length,500.0
435994,episode/return,864.400634765625
435994,episode/length,500.0
435995,episode/return,863.9032592773438
435995,episode/length,500.0
435996,episode/return,863.4178466796875
435996,episode/length,500.0
435997,episode/return,864.8611450195312
435997,episode/length,500.0
435998,episode/return,863.4024047851562
435998,episode/length,500.0
435999,episode/return,864.4390869140625
435999,episode/length,500.0
439992,episode/return,863.84326171875
439992,episode/length,500.0
439993,episode/return,863.3230590820312
439993,episode/length,500.0
439994,episode/return,863.1867065429688
439994,episode/length,500.0
439995,episode/return,862.5230712890625
439995,episode/length,500.0
439996,episode/return,863.6800537109375
439996,episode/length,500.0
439997,episode/return,863.5883178710938
439997,episode/length,500.0
439998,episode/return,864.0277709960938
439998,episode/length,500.0
439999,episode/return,863.4898071289062
439999,episode/length,500.0
440000,train/consistency_loss_mean,1.3294696641423797e-06
440000,train/consistency_loss_std,8.767907859645724e-07
440000,train/continue_loss_mean,0.0
440000,train/continue_loss_std,0.0
440000,train/grad_norm_mean,0.02011186773478985
440000,train/grad_norm_std,0.02158365939414619
440000,train/policy_log_std_mean,-2.1904543363571167
440000,train/policy_log_std_std,0.6492264055668527
440000,train/policy_loss_mean,-1.1014978425979614
440000,train/policy_loss_std,0.014150779011168596
440000,train/reward_loss_mean,0.3568410314083099
440000,train/reward_loss_std,0.005653672913453433
440000,train/total_loss_mean,0.07281978052258492
440000,train/total_loss_std,0.0008568753264690601
440000,train/value_loss_mean,0.3710908582687378
440000,train/value_loss_std,0.0048484412499557
440000,train/value_scale_mean,79.3495664428711
440000,train/value_scale_std,0.6828932705854724
440000,timing/collect_chunk_s,59.859472177457064
440000,timing/train_chunk_s,20.673445612192154
440000,dense_rhs/training_bucket_horizon,3.0
440000,system/heartbeat,1.0
443992,episode/return,855.46337890625
443992,episode/length,500.0
443993,episode/return,856.2982177734375
443993,episode/length,500.0
443994,episode/return,855.7891235351562
443994,episode/length,500.0
443995,episode/return,854.4712524414062
443995,episode/length,500.0
443996,episode/return,855.7719116210938
443996,episode/length,500.0
443997,episode/return,855.9000244140625
443997,episode/length,500.0
443998,episode/return,856.2886962890625
443998,episode/length,500.0
443999,episode/return,855.3739624023438
443999,episode/length,500.0
447992,episode/return,861.8687133789062
447992,episode/length,500.0
447993,episode/return,862.4876098632812
447993,episode/length,500.0
447994,episode/return,862.1260375976562
447994,episode/length,500.0
447995,episode/return,860.5722045898438
447995,episode/length,500.0
447996,episode/return,861.1113891601562
447996,episode/length,500.0
447997,episode/return,861.7097778320312
447997,episode/length,500.0
447998,episode/return,862.366943359375
447998,episode/length,500.0
447999,episode/return,860.7689819335938
447999,episode/length,500.0
450000,train/consistency_loss_mean,1.302834726539004e-06
450000,train/consistency_loss_std,9.837726906975336e-07
450000,train/continue_loss_mean,0.0
450000,train/continue_loss_std,0.0
450000,train/grad_norm_mean,0.020754682230204345
450000,train/grad_norm_std,0.0223688621778391
450000,train/policy_log_std_mean,-2.171793173789978
450000,train/policy_log_std_std,0.6253392233358361
450000,train/policy_loss_mean,-1.1017212327003478
450000,train/policy_loss_std,0.013100235043419384
450000,train/reward_loss_mean,0.3571398629903793
450000,train/reward_loss_std,0.00564214078170705
450000,train/total_loss_mean,0.07290020962953568
450000,train/total_loss_std,0.0008524072762480909
450000,train/value_loss_mean,0.37160164742469787
450000,train/value_loss_std,0.004849464270326115
450000,train/value_scale_mean,79.5697587524414
450000,train/value_scale_std,0.5365109797569849
450000,timing/collect_chunk_s,59.321480514016
450000,timing/train_chunk_s,20.64467756683007
450000,dense_rhs/training_bucket_horizon,3.0
450000,system/heartbeat,1.0
450000,timing/checkpoint_blocking_s,0.41584267606958747
450000,eval/return_mean,865.6227416992188
450000,eval/return_std,0.3507373631000519
450000,eval/return_max,866.139404296875
450000,eval/return_min,864.9501342773438
450000,timing/eval_s,9.38353741588071
450000,eval/selected_horizon,3.0
450000,eval/training_bucket_horizon,3.0
450000,system/heartbeat,1.0
451992,episode/return,864.6107177734375
451992,episode/length,500.0
451993,episode/return,864.3724365234375
451993,episode/length,500.0
451994,episode/return,865.7363891601562
451994,episode/length,500.0
451995,episode/return,864.7484130859375
451995,episode/length,500.0
451996,episode/return,864.923583984375
451996,episode/length,500.0
451997,episode/return,865.3531494140625
451997,episode/length,500.0
451998,episode/return,865.1763916015625
451998,episode/length,500.0
451999,episode/return,865.0966186523438
451999,episode/length,500.0
455992,episode/return,866.234130859375
455992,episode/length,500.0
455993,episode/return,865.98388671875
455993,episode/length,500.0
455994,episode/return,865.8515625
455994,episode/length,500.0
455995,episode/return,866.2630004882812
455995,episode/length,500.0
455996,episode/return,865.7882690429688
455996,episode/length,500.0
455997,episode/return,865.9514770507812
455997,episode/length,500.0
455998,episode/return,865.7686767578125
455998,episode/length,500.0
455999,episode/return,865.9608154296875
455999,episode/length,500.0
459992,episode/return,864.6021118164062
459992,episode/length,500.0
459993,episode/return,863.8375244140625
459993,episode/length,500.0
459994,episode/return,864.459228515625
459994,episode/length,500.0
459995,episode/return,864.5802612304688
459995,episode/length,500.0
459996,episode/return,864.03515625
459996,episode/length,500.0
459997,episode/return,864.0853881835938
459997,episode/length,500.0
459998,episode/return,864.218505859375
459998,episode/length,500.0
459999,episode/return,864.2871704101562
459999,episode/length,500.0
460000,train/consistency_loss_mean,1.2608140730662854e-06
460000,train/consistency_loss_std,1.0097740556004816e-06
460000,train/continue_loss_mean,0.0
460000,train/continue_loss_std,0.0
460000,train/grad_norm_mean,0.01864186503738165
460000,train/grad_norm_std,0.019512358525142878
460000,train/policy_log_std_mean,-2.1857345975875853
460000,train/policy_log_std_std,0.6596210906640622
460000,train/policy_loss_mean,-1.1229489186286927
460000,train/policy_loss_std,0.01288854905098436
460000,train/reward_loss_mean,0.3575634382247925
460000,train/reward_loss_std,0.005635198088668532
460000,train/total_loss_mean,0.07308412861824036
460000,train/total_loss_std,0.0008436480713680615
460000,train/value_loss_mean,0.37302566351890565
460000,train/value_loss_std,0.004657446431393893
460000,train/value_scale_mean,78.15464294433593
460000,train/value_scale_std,0.5068479427912859
460000,timing/collect_chunk_s,65.98588268086314
460000,timing/train_chunk_s,20.664013422559947
460000,dense_rhs/training_bucket_horizon,3.0
460000,system/heartbeat,1.0
463992,episode/return,865.7183837890625
463992,episode/length,500.0
463993,episode/return,866.072509765625
463993,episode/length,500.0
463994,episode/return,866.0134887695312
463994,episode/length,500.0
463995,episode/return,865.8496704101562
463995,episode/length,500.0
463996,episode/return,866.0136108398438
463996,episode/length,500.0
463997,episode/return,866.0652465820312
463997,episode/length,500.0
463998,episode/return,865.4706420898438
463998,episode/length,500.0
463999,episode/return,866.2142333984375
463999,episode/length,500.0
467992,episode/return,865.44287109375
467992,episode/length,500.0
467993,episode/return,864.70703125
467993,episode/length,500.0
467994,episode/return,865.5178833007812
467994,episode/length,500.0
467995,episode/return,865.2256469726562
467995,episode/length,500.0
467996,episode/return,864.9510498046875
467996,episode/length,500.0
467997,episode/return,865.6490478515625
467997,episode/length,500.0
467998,episode/return,864.9071655273438
467998,episode/length,500.0
467999,episode/return,865.6845092773438
467999,episode/length,500.0
470000,train/consistency_loss_mean,1.2693972052147728e-06
470000,train/consistency_loss_std,8.87008267223769e-07
470000,train/continue_loss_mean,0.0
470000,train/continue_loss_std,0.0
470000,train/grad_norm_mean,0.018560338071733712
470000,train/grad_norm_std,0.01957154451375032
470000,train/policy_log_std_mean,-2.2014462955474854
470000,train/policy_log_std_std,0.6474147993165486
470000,train/policy_loss_mean,-1.1221786973953247
470000,train/policy_loss_std,0.012637437524653558
470000,train/reward_loss_mean,0.3578634881019592
470000,train/reward_loss_std,0.005541692530766306
470000,train/total_loss_mean,0.07306139311790466
470000,train/total_loss_std,0.0008415732879299793
470000,train/value_loss_mean,0.37249655382633207
470000,train/value_loss_std,0.004799506734498849
470000,train/value_scale_mean,78.13517848510742
470000,train/value_scale_std,0.5058871141686735
470000,timing/collect_chunk_s,70.23989510210231
470000,timing/train_chunk_s,20.720796593930572
470000,dense_rhs/training_bucket_horizon,3.0
470000,system/heartbeat,1.0
471992,episode/return,864.19287109375
471992,episode/length,500.0
471993,episode/return,864.7343139648438
471993,episode/length,500.0
471994,episode/return,864.6592407226562
471994,episode/length,500.0
471995,episode/return,865.2503662109375
471995,episode/length,500.0
471996,episode/return,864.4288330078125
471996,episode/length,500.0
471997,episode/return,864.3063354492188
471997,episode/length,500.0
471998,episode/return,864.9143676757812
471998,episode/length,500.0
471999,episode/return,864.5536499023438
471999,episode/length,500.0
475992,episode/return,864.2608032226562
475992,episode/length,500.0
475993,episode/return,864.2821655273438
475993,episode/length,500.0
475994,episode/return,863.6619873046875
475994,episode/length,500.0
475995,episode/return,864.06787109375
475995,episode/length,500.0
475996,episode/return,864.7249145507812
475996,episode/length,500.0
475997,episode/return,864.2492065429688
475997,episode/length,500.0
475998,episode/return,864.0939331054688
475998,episode/length,500.0
475999,episode/return,863.7316284179688
475999,episode/length,500.0
479992,episode/return,865.4620361328125
479992,episode/length,500.0
479993,episode/return,865.8612060546875
479993,episode/length,500.0
479994,episode/return,865.939697265625
479994,episode/length,500.0
479995,episode/return,865.980224609375
479995,episode/length,500.0
479996,episode/return,866.2799682617188
479996,episode/length,500.0
479997,episode/return,865.8070068359375
479997,episode/length,500.0
479998,episode/return,866.1212158203125
479998,episode/length,500.0
479999,episode/return,865.9357299804688
479999,episode/length,500.0
480000,train/consistency_loss_mean,1.209532407392544e-06
480000,train/consistency_loss_std,8.698781968701436e-07
480000,train/continue_loss_mean,0.0
480000,train/continue_loss_std,0.0
480000,train/grad_norm_mean,0.018833229053765534
480000,train/grad_norm_std,0.021703773331454523
480000,train/policy_log_std_mean,-2.186302188682556
480000,train/policy_log_std_std,0.6292032999954161
480000,train/policy_loss_mean,-1.1246779934883118
480000,train/policy_loss_std,0.012117537179922692
480000,train/reward_loss_mean,0.358395356965065
480000,train/reward_loss_std,0.005441670595912814
480000,train/total_loss_mean,0.07309177941679955
480000,train/total_loss_std,0.0008337475592584458
480000,train/value_loss_mean,0.3722805144071579
480000,train/value_loss_std,0.004778965832283991
480000,train/value_scale_mean,77.95216185913085
480000,train/value_scale_std,0.43078571426553375
480000,timing/collect_chunk_s,61.41134438710287
480000,timing/train_chunk_s,20.6468619806692
480000,dense_rhs/training_bucket_horizon,3.0
480000,system/heartbeat,1.0
483992,episode/return,864.038818359375
483992,episode/length,500.0
483993,episode/return,863.5684204101562
483993,episode/length,500.0
483994,episode/return,864.0114135742188
483994,episode/length,500.0
483995,episode/return,864.4312133789062
483995,episode/length,500.0
483996,episode/return,864.0812377929688
483996,episode/length,500.0
483997,episode/return,863.8143310546875
483997,episode/length,500.0
483998,episode/return,864.3365478515625
483998,episode/length,500.0
483999,episode/return,863.3948974609375
483999,episode/length,500.0
487992,episode/return,863.8901977539062
487992,episode/length,500.0
487993,episode/return,863.97216796875
487993,episode/length,500.0
487994,episode/return,862.6067504882812
487994,episode/length,500.0
487995,episode/return,863.1990966796875
487995,episode/length,500.0
487996,episode/return,863.96533203125
487996,episode/length,500.0
487997,episode/return,863.4837036132812
487997,episode/length,500.0
487998,episode/return,864.31640625
487998,episode/length,500.0
487999,episode/return,863.8685913085938
487999,episode/length,500.0
490000,train/consistency_loss_mean,1.2489305207054713e-06
490000,train/consistency_loss_std,8.632381701138623e-07
490000,train/continue_loss_mean,0.0
490000,train/continue_loss_std,0.0
490000,train/grad_norm_mean,0.01744731664657593
490000,train/grad_norm_std,0.017452743262965968
490000,train/policy_log_std_mean,-2.1337263513565063
490000,train/policy_log_std_std,0.6169560340893532
490000,train/policy_loss_mean,-1.119227126979828
490000,train/policy_loss_std,0.014006170931230631
490000,train/reward_loss_mean,0.3586425597190857
490000,train/reward_loss_std,0.005539663207728366
490000,train/total_loss_mean,0.07321513677835464
490000,train/total_loss_std,0.0008464115753956307
490000,train/value_loss_mean,0.3732589925765991
490000,train/value_loss_std,0.004831104789158179
490000,train/value_scale_mean,78.34184936523438
490000,train/value_scale_std,0.6672545690553986
490000,timing/collect_chunk_s,60.14439629903063
490000,timing/train_chunk_s,20.677219151053578
490000,dense_rhs/training_bucket_horizon,3.0
490000,system/heartbeat,1.0
491992,episode/return,861.16748046875
491992,episode/length,500.0
491993,episode/return,860.4781494140625
491993,episode/length,500.0
491994,episode/return,860.3269653320312
491994,episode/length,500.0
491995,episode/return,861.1286010742188
491995,episode/length,500.0
491996,episode/return,860.31689453125
491996,episode/length,500.0
491997,episode/return,861.1070556640625
491997,episode/length,500.0
491998,episode/return,860.9993286132812
491998,episode/length,500.0
491999,episode/return,860.1668090820312
491999,episode/length,500.0
495992,episode/return,863.6602783203125
495992,episode/length,500.0
495993,episode/return,862.3236083984375
495993,episode/length,500.0
495994,episode/return,863.3231811523438
495994,episode/length,500.0
495995,episode/return,863.2865600585938
495995,episode/length,500.0
495996,episode/return,864.0819091796875
495996,episode/length,500.0
495997,episode/return,863.6275634765625
495997,episode/length,500.0
495998,episode/return,863.0109252929688
495998,episode/length,500.0
495999,episode/return,863.8321533203125
495999,episode/length,500.0
499992,episode/return,865.984130859375
499992,episode/length,500.0
499993,episode/return,866.4742431640625
499993,episode/length,500.0
499994,episode/return,866.2365112304688
499994,episode/length,500.0
499995,episode/return,866.0501098632812
499995,episode/length,500.0
499996,episode/return,866.23974609375
499996,episode/length,500.0
499997,episode/return,866.3555908203125
499997,episode/length,500.0
499998,episode/return,866.02490234375
499998,episode/length,500.0
499999,episode/return,865.9864501953125
499999,episode/length,500.0
500000,train/consistency_loss_mean,1.245845192215711e-06
500000,train/consistency_loss_std,8.609594441999294e-07
500000,train/continue_loss_mean,0.0
500000,train/continue_loss_std,0.0
500000,train/grad_norm_mean,0.018723855186253788
500000,train/grad_norm_std,0.018915383099717065
500000,train/policy_log_std_mean,-2.2324342702865603
500000,train/policy_log_std_std,0.6575277089700251
500000,train/policy_loss_mean,-1.124324978351593
500000,train/policy_loss_std,0.012456792041745695
500000,train/reward_loss_mean,0.3589193673849106
500000,train/reward_loss_std,0.005496790357636826
500000,train/total_loss_mean,0.07313917012810707
500000,train/total_loss_std,0.0008488634236578114
500000,train/value_loss_mean,0.3722231496334076
500000,train/value_loss_std,0.004897358700400569
500000,train/value_scale_mean,78.1170360168457
500000,train/value_scale_std,0.5215061921553475
500000,timing/collect_chunk_s,61.035053378902376
500000,timing/train_chunk_s,20.69355136854574
500000,dense_rhs/training_bucket_horizon,3.0
500000,system/heartbeat,1.0
500000,timing/checkpoint_blocking_s,0.417725024279207
500000,eval/return_mean,865.4943237304688
500000,eval/return_std,0.24859991669654846
500000,eval/return_max,865.9784545898438
500000,eval/return_min,865.0511474609375
500000,timing/eval_s,9.383369438815862
500000,eval/selected_horizon,3.0
500000,eval/training_bucket_horizon,3.0
500000,system/heartbeat,1.0
