step,tag,value
3992,episode/return,0.0
3992,episode/length,500.0
3993,episode/return,0.0
3993,episode/length,500.0
3994,episode/return,0.0
3994,episode/length,500.0
3995,episode/return,0.0
3995,episode/length,500.0
3996,episode/return,0.0
3996,episode/length,500.0
3997,episode/return,0.0
3997,episode/length,500.0
3998,episode/return,0.0
3998,episode/length,500.0
3999,episode/return,0.0
3999,episode/length,500.0
4000,seed_pretrain/updates_completed,512.0
4000,timing/collect_chunk_s,43.92261036252603
4000,timing/train_chunk_s,233.41910150181502
4000,system/heartbeat,1.0
4000,seed_pretrain/updates_completed,1024.0
4000,timing/collect_chunk_s,43.92261036252603
4000,timing/train_chunk_s,234.54957573954016
4000,system/heartbeat,1.0
4000,seed_pretrain/updates_completed,1536.0
4000,timing/collect_chunk_s,43.92261036252603
4000,timing/train_chunk_s,235.6814830894582
4000,system/heartbeat,1.0
4000,seed_pretrain/updates_completed,2048.0
4000,timing/collect_chunk_s,43.92261036252603
4000,timing/train_chunk_s,236.8141819415614
4000,system/heartbeat,1.0
4000,seed_pretrain/updates_completed,2560.0
4000,timing/collect_chunk_s,43.92261036252603
4000,timing/train_chunk_s,237.9476802814752
4000,system/heartbeat,1.0
4000,seed_pretrain/updates_completed,3072.0
4000,timing/collect_chunk_s,43.92261036252603
4000,timing/train_chunk_s,239.08047105092555
4000,system/heartbeat,1.0
4000,seed_pretrain/updates_completed,3584.0
4000,timing/collect_chunk_s,43.92261036252603
4000,timing/train_chunk_s,240.21395054180175
4000,system/heartbeat,1.0
7992,episode/return,0.0
7992,episode/length,500.0
7993,episode/return,0.0
7993,episode/length,500.0
7994,episode/return,0.0
7994,episode/length,500.0
7995,episode/return,0.0
7995,episode/length,500.0
7996,episode/return,0.0
7996,episode/length,500.0
7997,episode/return,0.0
7997,episode/length,500.0
7998,episode/return,0.0
7998,episode/length,500.0
7999,episode/return,0.0
7999,episode/length,500.0
10000,train/consistency_loss_mean,9.823604317207355e-05
10000,train/consistency_loss_std,0.0004555258059424503
10000,train/continue_loss_mean,0.0
10000,train/continue_loss_std,0.0
10000,train/grad_norm_mean,0.12425386958420277
10000,train/grad_norm_std,0.06641049020179994
10000,train/policy_log_std_mean,-0.1350333568096161
10000,train/policy_log_std_std,0.08060014129214005
10000,train/policy_loss_mean,-0.00012699245604453607
10000,train/policy_loss_std,9.895493874840566e-06
10000,train/reward_loss_mean,0.00472745733223992
10000,train/reward_loss_std,0.08694923171322409
10000,train/total_loss_mean,0.0029114105276064946
10000,train/total_loss_std,0.025590384501084612
10000,train/value_loss_mean,0.004739437199768145
10000,train/value_loss_std,0.08682211557840762
10000,train/value_scale_mean,1.0
10000,train/value_scale_std,0.0
10000,timing/collect_chunk_s,223.5069424645044
10000,timing/train_chunk_s,297.75954105053097
10000,dense_rhs/training_bucket_horizon,3.0
10000,system/heartbeat,1.0
11992,episode/return,0.0
11992,episode/length,500.0
11993,episode/return,0.0
11993,episode/length,500.0
11994,episode/return,0.0
11994,episode/length,500.0
11995,episode/return,0.0
11995,episode/length,500.0
11996,episode/return,0.0
11996,episode/length,500.0
11997,episode/return,0.0
11997,episode/length,500.0
11998,episode/return,0.0
11998,episode/length,500.0
11999,episode/return,0.0
11999,episode/length,500.0
15992,episode/return,0.0
15992,episode/length,500.0
15993,episode/return,0.0
15993,episode/length,500.0
15994,episode/return,0.0
15994,episode/length,500.0
15995,episode/return,0.0
15995,episode/length,500.0
15996,episode/return,0.0
15996,episode/length,500.0
15997,episode/return,0.0
15997,episode/length,500.0
15998,episode/return,0.0
15998,episode/length,500.0
15999,episode/return,0.0
15999,episode/length,500.0
19992,episode/return,0.0
19992,episode/length,500.0
19993,episode/return,0.0
19993,episode/length,500.0
19994,episode/return,0.0
19994,episode/length,500.0
19995,episode/return,29.0
19995,episode/length,500.0
19996,episode/return,0.0
19996,episode/length,500.0
19997,episode/return,139.0
19997,episode/length,500.0
19998,episode/return,0.0
19998,episode/length,500.0
19999,episode/return,0.0
19999,episode/length,500.0
20000,train/consistency_loss_mean,3.0398982382030225e-05
20000,train/consistency_loss_std,1.9462182370976113e-05
20000,train/continue_loss_mean,0.0
20000,train/continue_loss_std,0.0
20000,train/grad_norm_mean,0.1053459457397461
20000,train/grad_norm_std,0.06557781032680922
20000,train/policy_log_std_mean,-0.26691167454719544
20000,train/policy_log_std_std,0.4446509988570614
20000,train/policy_loss_mean,-0.06095239554494619
20000,train/policy_loss_std,0.14586242908430894
20000,train/reward_loss_mean,0.0005713904007462891
20000,train/reward_loss_std,0.002312260818021156
20000,train/total_loss_mean,0.005733573905657977
20000,train/total_loss_std,0.010838324987773809
20000,train/value_loss_mean,0.05068455170136876
20000,train/value_loss_std,0.10478667178402622
20000,train/value_scale_mean,1.0
20000,train/value_scale_std,0.0
20000,timing/collect_chunk_s,98.33697598613799
20000,timing/train_chunk_s,21.497814399190247
20000,dense_rhs/training_bucket_horizon,3.0
20000,system/heartbeat,1.0
23992,episode/return,0.0
23992,episode/length,500.0
23993,episode/return,0.0
23993,episode/length,500.0
23994,episode/return,0.0
23994,episode/length,500.0
23995,episode/return,0.0
23995,episode/length,500.0
23996,episode/return,579.0
23996,episode/length,500.0
23997,episode/return,0.0
23997,episode/length,500.0
23998,episode/return,981.0
23998,episode/length,500.0
23999,episode/return,0.0
23999,episode/length,500.0
27992,episode/return,985.0
27992,episode/length,500.0
27993,episode/return,757.0
27993,episode/length,500.0
27994,episode/return,989.0
27994,episode/length,500.0
27995,episode/return,676.0
27995,episode/length,500.0
27996,episode/return,761.0
27996,episode/length,500.0
27997,episode/return,541.0
27997,episode/length,500.0
27998,episode/return,761.0
27998,episode/length,500.0
27999,episode/return,764.0
27999,episode/length,500.0
30000,train/consistency_loss_mean,6.183478684397415e-05
30000,train/consistency_loss_std,1.910153859678081e-05
30000,train/continue_loss_mean,0.0
30000,train/continue_loss_std,0.0
30000,train/grad_norm_mean,0.19678844708204268
30000,train/grad_norm_std,0.11984853986005792
30000,train/policy_log_std_mean,-1.0919629064559937
30000,train/policy_log_std_std,0.7578438416262395
30000,train/policy_loss_mean,-0.4369185530424118
30000,train/policy_loss_std,0.2089540392524483
30000,train/reward_loss_mean,0.032589698220789436
30000,train/reward_loss_std,0.025165502502257867
30000,train/total_loss_mean,0.036621413683891296
30000,train/total_loss_std,0.00420041098027604
30000,train/value_loss_mean,0.32125746982097625
30000,train/value_loss_std,0.04070385481230377
30000,train/value_scale_mean,37.45367158050537
30000,train/value_scale_std,30.306551959744883
30000,timing/collect_chunk_s,96.01970130903646
30000,timing/train_chunk_s,21.45763602014631
30000,dense_rhs/training_bucket_horizon,3.0
30000,system/heartbeat,1.0
31992,episode/return,981.0
31992,episode/length,500.0
31993,episode/return,865.0
31993,episode/length,500.0
31994,episode/return,782.0
31994,episode/length,500.0
31995,episode/return,945.0
31995,episode/length,500.0
31996,episode/return,928.0
31996,episode/length,500.0
31997,episode/return,849.0
31997,episode/length,500.0
31998,episode/return,850.0
31998,episode/length,500.0
31999,episode/return,975.0
31999,episode/length,500.0
35992,episode/return,928.0
35992,episode/length,500.0
35993,episode/return,980.0
35993,episode/length,500.0
35994,episode/return,823.0
35994,episode/length,500.0
35995,episode/return,986.0
35995,episode/length,500.0
35996,episode/return,985.0
35996,episode/length,500.0
35997,episode/return,850.0
35997,episode/length,500.0
35998,episode/return,965.0
35998,episode/length,500.0
35999,episode/return,958.0
35999,episode/length,500.0
39992,episode/return,965.0
39992,episode/length,500.0
39993,episode/return,967.0
39993,episode/length,500.0
39994,episode/return,988.0
39994,episode/length,500.0
39995,episode/return,949.0
39995,episode/length,500.0
39996,episode/return,962.0
39996,episode/length,500.0
39997,episode/return,990.0
39997,episode/length,500.0
39998,episode/return,965.0
39998,episode/length,500.0
39999,episode/return,963.0
39999,episode/length,500.0
40000,train/consistency_loss_mean,4.718163826619275e-05
40000,train/consistency_loss_std,1.1870270006021063e-05
40000,train/continue_loss_mean,0.0
40000,train/continue_loss_std,0.0
40000,train/grad_norm_mean,0.11451194467544555
40000,train/grad_norm_std,0.06259685733182091
40000,train/policy_log_std_mean,-1.2428562171936035
40000,train/policy_log_std_std,0.7065993099468608
40000,train/policy_loss_mean,-1.4438586181640625
40000,train/policy_loss_std,0.5284415309298827
40000,train/reward_loss_mean,0.12248645426034928
40000,train/reward_loss_std,0.024594352584637658
40000,train/total_loss_mean,0.04430699784606695
40000,train/total_loss_std,0.0061159828701178864
40000,train/value_loss_mean,0.3111471855044365
40000,train/value_loss_std,0.06515539730143499
40000,train/value_scale_mean,47.66006791381836
40000,train/value_scale_std,13.34053999317857
40000,timing/collect_chunk_s,100.31570992665365
40000,timing/train_chunk_s,21.541426228825003
40000,dense_rhs/training_bucket_horizon,3.0
40000,system/heartbeat,1.0
43992,episode/return,993.0
43992,episode/length,500.0
43993,episode/return,991.0
43993,episode/length,500.0
43994,episode/return,967.0
43994,episode/length,500.0
43995,episode/return,983.0
43995,episode/length,500.0
43996,episode/return,967.0
43996,episode/length,500.0
43997,episode/return,965.0
43997,episode/length,500.0
43998,episode/return,971.0
43998,episode/length,500.0
43999,episode/return,962.0
43999,episode/length,500.0
47992,episode/return,970.0
47992,episode/length,500.0
47993,episode/return,991.0
47993,episode/length,500.0
47994,episode/return,969.0
47994,episode/length,500.0
47995,episode/return,984.0
47995,episode/length,500.0
47996,episode/return,969.0
47996,episode/length,500.0
47997,episode/return,988.0
47997,episode/length,500.0
47998,episode/return,969.0
47998,episode/length,500.0
47999,episode/return,982.0
47999,episode/length,500.0
50000,train/consistency_loss_mean,4.342107057454996e-05
50000,train/consistency_loss_std,1.0932264382889999e-05
50000,train/continue_loss_mean,0.0
50000,train/continue_loss_std,0.0
50000,train/grad_norm_mean,0.1090556668907404
50000,train/grad_norm_std,0.06733152737013384
50000,train/policy_log_std_mean,-1.2078527772903442
50000,train/policy_log_std_std,0.6325902551599122
50000,train/policy_loss_mean,-2.6211187522888184
50000,train/policy_loss_std,0.2236627733991411
50000,train/reward_loss_mean,0.1825926602602005
50000,train/reward_loss_std,0.01855688024169076
50000,train/total_loss_mean,0.048894951328635215
50000,train/total_loss_std,0.009365394553680599
50000,train/value_loss_mean,0.29767262403964995
50000,train/value_loss_std,0.08073213084772783
50000,train/value_scale_mean,30.95248317871094
50000,train/value_scale_std,1.8531367419883162
50000,timing/collect_chunk_s,100.82542165601626
50000,timing/train_chunk_s,21.51742896810174
50000,dense_rhs/training_bucket_horizon,3.0
50000,system/heartbeat,1.0
50000,timing/checkpoint_blocking_s,0.3559741950593889
50000,eval/return_mean,972.9000244140625
50000,eval/return_std,20.84682273864746
50000,eval/return_max,999.0
50000,eval/return_min,942.0
50000,timing/eval_s,100.13420320302248
50000,eval/selected_horizon,3.0
50000,eval/training_bucket_horizon,3.0
50000,system/heartbeat,1.0
51992,episode/return,969.0
51992,episode/length,500.0
51993,episode/return,969.0
51993,episode/length,500.0
51994,episode/return,991.0
51994,episode/length,500.0
51995,episode/return,971.0
51995,episode/length,500.0
51996,episode/return,988.0
51996,episode/length,500.0
51997,episode/return,974.0
51997,episode/length,500.0
51998,episode/return,994.0
51998,episode/length,500.0
51999,episode/return,967.0
51999,episode/length,500.0
55992,episode/return,930.0
55992,episode/length,500.0
55993,episode/return,970.0
55993,episode/length,500.0
55994,episode/return,989.0
55994,episode/length,500.0
55995,episode/return,954.0
55995,episode/length,500.0
55996,episode/return,973.0
55996,episode/length,500.0
55997,episode/return,980.0
55997,episode/length,500.0
55998,episode/return,941.0
55998,episode/length,500.0
55999,episode/return,979.0
55999,episode/length,500.0
59992,episode/return,987.0
59992,episode/length,500.0
59993,episode/return,992.0
59993,episode/length,500.0
59994,episode/return,971.0
59994,episode/length,500.0
59995,episode/return,970.0
59995,episode/length,500.0
59996,episode/return,970.0
59996,episode/length,500.0
59997,episode/return,970.0
59997,episode/length,500.0
59998,episode/return,989.0
59998,episode/length,500.0
59999,episode/return,995.0
59999,episode/length,500.0
60000,train/consistency_loss_mean,4.077186287468066e-05
60000,train/consistency_loss_std,1.0331984568398716e-05
60000,train/continue_loss_mean,0.0
60000,train/continue_loss_std,0.0
60000,train/grad_norm_mean,0.11006015687584877
60000,train/grad_norm_std,0.06964732194014676
60000,train/policy_log_std_mean,-1.2892006136894225
60000,train/policy_log_std_std,0.6305107807010406
60000,train/policy_loss_mean,-2.919703001213074
60000,train/policy_loss_std,0.028281610457756293
60000,train/reward_loss_mean,0.22148605272769928
60000,train/reward_loss_std,0.015471368713640913
60000,train/total_loss_mean,0.06053814895153046
60000,train/total_loss_std,0.0016227180722538335
60000,train/value_loss_mean,0.3757410542488098
60000,train/value_loss_std,0.003712254345427353
60000,train/value_scale_mean,29.564548626708984
60000,train/value_scale_std,0.40783871675183025
60000,timing/collect_chunk_s,101.1676906379871
60000,timing/train_chunk_s,21.531044743489474
60000,dense_rhs/training_bucket_horizon,3.0
60000,system/heartbeat,1.0
63992,episode/return,986.0
63992,episode/length,500.0
63993,episode/return,993.0
63993,episode/length,500.0
63994,episode/return,968.0
63994,episode/length,500.0
63995,episode/return,971.0
63995,episode/length,500.0
63996,episode/return,971.0
63996,episode/length,500.0
63997,episode/return,996.0
63997,episode/length,500.0
63998,episode/return,959.0
63998,episode/length,500.0
63999,episode/return,989.0
63999,episode/length,500.0
67992,episode/return,967.0
67992,episode/length,500.0
67993,episode/return,995.0
67993,episode/length,500.0
67994,episode/return,968.0
67994,episode/length,500.0
67995,episode/return,970.0
67995,episode/length,500.0
67996,episode/return,971.0
67996,episode/length,500.0
67997,episode/return,987.0
67997,episode/length,500.0
67998,episode/return,970.0
67998,episode/length,500.0
67999,episode/return,990.0
67999,episode/length,500.0
70000,train/consistency_loss_mean,3.691579352453118e-05
70000,train/consistency_loss_std,9.750047241364881e-06
70000,train/continue_loss_mean,0.0
70000,train/continue_loss_std,0.0
70000,train/grad_norm_mean,0.10183922952413559
70000,train/grad_norm_std,0.06442941185705056
70000,train/policy_log_std_mean,-1.2405520615577699
70000,train/policy_log_std_std,0.5894620085158667
70000,train/policy_loss_mean,-3.1793537475585936
70000,train/policy_loss_std,0.09158558940888269
70000,train/reward_loss_mean,0.2477420643210411
70000,train/reward_loss_std,0.01392728428535024
70000,train/total_loss_mean,0.060575250300765035
70000,train/total_loss_std,0.0017927841873819701
70000,train/value_loss_mean,0.3506272680044174
70000,train/value_loss_std,0.007615528768060367
70000,train/value_scale_mean,28.1856424987793
70000,train/value_scale_std,0.7064047102050766
70000,timing/collect_chunk_s,100.41568648302928
70000,timing/train_chunk_s,21.54562240699306
70000,dense_rhs/training_bucket_horizon,3.0
70000,system/heartbeat,1.0
71992,episode/return,967.0
71992,episode/length,500.0
71993,episode/return,969.0
71993,episode/length,500.0
71994,episode/return,943.0
71994,episode/length,500.0
71995,episode/return,965.0
71995,episode/length,500.0
71996,episode/return,991.0
71996,episode/length,500.0
71997,episode/return,964.0
71997,episode/length,500.0
71998,episode/return,971.0
71998,episode/length,500.0
71999,episode/return,991.0
71999,episode/length,500.0
75992,episode/return,960.0
75992,episode/length,500.0
75993,episode/return,990.0
75993,episode/length,500.0
75994,episode/return,986.0
75994,episode/length,500.0
75995,episode/return,968.0
75995,episode/length,500.0
75996,episode/return,968.0
75996,episode/length,500.0
75997,episode/return,971.0
75997,episode/length,500.0
75998,episode/return,986.0
75998,episode/length,500.0
75999,episode/return,970.0
75999,episode/length,500.0
79992,episode/return,971.0
79992,episode/length,500.0
79993,episode/return,961.0
79993,episode/length,500.0
79994,episode/return,987.0
79994,episode/length,500.0
79995,episode/return,970.0
79995,episode/length,500.0
79996,episode/return,965.0
79996,episode/length,500.0
79997,episode/return,994.0
79997,episode/length,500.0
79998,episode/return,970.0
79998,episode/length,500.0
79999,episode/return,994.0
79999,episode/length,500.0
80000,train/consistency_loss_mean,3.570636773947626e-05
80000,train/consistency_loss_std,9.771589870700132e-06
80000,train/continue_loss_mean,0.0
80000,train/continue_loss_std,0.0
80000,train/grad_norm_mean,0.10287282638549805
80000,train/grad_norm_std,0.064422153798038
80000,train/policy_log_std_mean,-1.2075051414489746
80000,train/policy_log_std_std,0.5948338750520329
80000,train/policy_loss_mean,-3.2260186183929442
80000,train/policy_loss_std,0.08496561339345693
80000,train/reward_loss_mean,0.2674608815908432
80000,train/reward_loss_std,0.012963563402810026
80000,train/total_loss_mean,0.061799987173080446
80000,train/total_loss_std,0.0018275736523852186
80000,train/value_loss_mean,0.34339770686626436
80000,train/value_loss_std,0.007703551116738328
80000,train/value_scale_mean,28.186179412841796
80000,train/value_scale_std,0.6982435900168215
80000,timing/collect_chunk_s,99.59078132268041
80000,timing/train_chunk_s,21.53739863447845
80000,dense_rhs/training_bucket_horizon,3.0
80000,system/heartbeat,1.0
83992,episode/return,993.0
83992,episode/length,500.0
83993,episode/return,967.0
83993,episode/length,500.0
83994,episode/return,988.0
83994,episode/length,500.0
83995,episode/return,990.0
83995,episode/length,500.0
83996,episode/return,967.0
83996,episode/length,500.0
83997,episode/return,968.0
83997,episode/length,500.0
83998,episode/return,960.0
83998,episode/length,500.0
83999,episode/return,977.0
83999,episode/length,500.0
87992,episode/return,971.0
87992,episode/length,500.0
87993,episode/return,989.0
87993,episode/length,500.0
87994,episode/return,968.0
87994,episode/length,500.0
87995,episode/return,963.0
87995,episode/length,500.0
87996,episode/return,968.0
87996,episode/length,500.0
87997,episode/return,966.0
87997,episode/length,500.0
87998,episode/return,995.0
87998,episode/length,500.0
87999,episode/return,963.0
87999,episode/length,500.0
90000,train/consistency_loss_mean,3.9889330277219416e-05
90000,train/consistency_loss_std,1.1695397357529983e-05
90000,train/continue_loss_mean,0.0
90000,train/continue_loss_std,0.0
90000,train/grad_norm_mean,0.12426045483350753
90000,train/grad_norm_std,0.07470903562430113
90000,train/policy_log_std_mean,-1.2071776630401612
90000,train/policy_log_std_std,0.529496994098081
90000,train/policy_loss_mean,-3.3809979036331175
90000,train/policy_loss_std,0.04509241033449685
90000,train/reward_loss_mean,0.28318761882781984
90000,train/reward_loss_std,0.012213203709383925
90000,train/total_loss_mean,0.06335711233615875
90000,train/total_loss_std,0.0019340838752333286
90000,train/value_loss_mean,0.34240562880039216
90000,train/value_loss_std,0.007694672663082763
90000,train/value_scale_mean,27.077825836181642
90000,train/value_scale_std,0.34056971607549574
90000,timing/collect_chunk_s,103.69288482656702
90000,timing/train_chunk_s,21.535950698889792
90000,dense_rhs/training_bucket_horizon,3.0
90000,system/heartbeat,1.0
91992,episode/return,989.0
91992,episode/length,500.0
91993,episode/return,991.0
91993,episode/length,500.0
91994,episode/return,962.0
91994,episode/length,500.0
91995,episode/return,966.0
91995,episode/length,500.0
91996,episode/return,992.0
91996,episode/length,500.0
91997,episode/return,966.0
91997,episode/length,500.0
91998,episode/return,989.0
91998,episode/length,500.0
91999,episode/return,991.0
91999,episode/length,500.0
95992,episode/return,970.0
95992,episode/length,500.0
95993,episode/return,971.0
95993,episode/length,500.0
95994,episode/return,971.0
95994,episode/length,500.0
95995,episode/return,997.0
95995,episode/length,500.0
95996,episode/return,971.0
95996,episode/length,500.0
95997,episode/return,971.0
95997,episode/length,500.0
95998,episode/return,987.0
95998,episode/length,500.0
95999,episode/return,968.0
95999,episode/length,500.0
99992,episode/return,995.0
99992,episode/length,500.0
99993,episode/return,967.0
99993,episode/length,500.0
99994,episode/return,970.0
99994,episode/length,500.0
99995,episode/return,971.0
99995,episode/length,500.0
99996,episode/return,970.0
99996,episode/length,500.0
99997,episode/return,969.0
99997,episode/length,500.0
99998,episode/return,995.0
99998,episode/length,500.0
99999,episode/return,971.0
99999,episode/length,500.0
100000,train/consistency_loss_mean,4.287716903490946e-05
100000,train/consistency_loss_std,1.1307424375106837e-05
100000,train/continue_loss_mean,0.0
100000,train/continue_loss_std,0.0
100000,train/grad_norm_mean,0.14033444445729257
100000,train/grad_norm_std,0.07887071699261132
100000,train/policy_log_std_mean,-1.1632031332969666
100000,train/policy_log_std_std,0.5353214395984862
100000,train/policy_loss_mean,-3.442032335090637
100000,train/policy_loss_std,0.05291173257334781
100000,train/reward_loss_mean,0.29480238087177274
100000,train/reward_loss_std,0.01183001375933261
100000,train/total_loss_mean,0.06550000052452087
100000,train/total_loss_std,0.0017412413897716192
100000,train/value_loss_mean,0.35162216889858244
100000,train/value_loss_std,0.0059308350852483906
100000,train/value_scale_mean,26.61775776824951
100000,train/value_scale_std,0.3769847919623268
100000,timing/collect_chunk_s,101.6614758069627
100000,timing/train_chunk_s,21.51403013896197
100000,dense_rhs/training_bucket_horizon,3.0
100000,system/heartbeat,1.0
100000,timing/checkpoint_blocking_s,0.3686927971430123
100000,eval/return_mean,981.7999877929688
100000,eval/return_std,11.910499572753906
100000,eval/return_max,1000.0
100000,eval/return_min,969.0
100000,timing/eval_s,24.882287894375622
100000,eval/selected_horizon,3.0
100000,eval/training_bucket_horizon,3.0
100000,system/heartbeat,1.0
103992,episode/return,975.0
103992,episode/length,500.0
103993,episode/return,993.0
103993,episode/length,500.0
103994,episode/return,989.0
103994,episode/length,500.0
103995,episode/return,993.0
103995,episode/length,500.0
103996,episode/return,992.0
103996,episode/length,500.0
103997,episode/return,965.0
103997,episode/length,500.0
103998,episode/return,972.0
103998,episode/length,500.0
103999,episode/return,970.0
103999,episode/length,500.0
107992,episode/return,969.0
107992,episode/length,500.0
107993,episode/return,969.0
107993,episode/length,500.0
107994,episode/return,963.0
107994,episode/length,500.0
107995,episode/return,970.0
107995,episode/length,500.0
107996,episode/return,973.0
107996,episode/length,500.0
107997,episode/return,969.0
107997,episode/length,500.0
107998,episode/return,971.0
107998,episode/length,500.0
107999,episode/return,972.0
107999,episode/length,500.0
110000,train/consistency_loss_mean,4.3969114469655324e-05
110000,train/consistency_loss_std,1.2556858000407384e-05
110000,train/continue_loss_mean,0.0
110000,train/continue_loss_std,0.0
110000,train/grad_norm_mean,0.149091249114275
110000,train/grad_norm_std,0.0824279305813876
110000,train/policy_log_std_mean,-1.1746965456962586
110000,train/policy_log_std_std,0.5099079361802672
110000,train/policy_loss_mean,-3.5062952810287475
110000,train/policy_loss_std,0.05601625954521981
110000,train/reward_loss_mean,0.30436836199760436
110000,train/reward_loss_std,0.01119949566071816
110000,train/total_loss_mean,0.06691838124990464
110000,train/total_loss_std,0.001664931552245012
110000,train/value_loss_mean,0.3560216159343719
110000,train/value_loss_std,0.005660195878849816
110000,train/value_scale_mean,26.187059089660643
110000,train/value_scale_std,0.4610754076036345
110000,timing/collect_chunk_s,100.66382603161037
110000,timing/train_chunk_s,21.510758235119283
110000,dense_rhs/training_bucket_horizon,3.0
110000,system/heartbeat,1.0
111992,episode/return,984.0
111992,episode/length,500.0
111993,episode/return,990.0
111993,episode/length,500.0
111994,episode/return,970.0
111994,episode/length,500.0
111995,episode/return,994.0
111995,episode/length,500.0
111996,episode/return,995.0
111996,episode/length,500.0
111997,episode/return,995.0
111997,episode/length,500.0
111998,episode/return,997.0
111998,episode/length,500.0
111999,episode/return,970.0
111999,episode/length,500.0
115992,episode/return,971.0
115992,episode/length,500.0
115993,episode/return,969.0
115993,episode/length,500.0
115994,episode/return,972.0
115994,episode/length,500.0
115995,episode/return,993.0
115995,episode/length,500.0
115996,episode/return,995.0
115996,episode/length,500.0
115997,episode/return,987.0
115997,episode/length,500.0
115998,episode/return,972.0
115998,episode/length,500.0
115999,episode/return,973.0
115999,episode/length,500.0
119992,episode/return,969.0
119992,episode/length,500.0
119993,episode/return,996.0
119993,episode/length,500.0
119994,episode/return,972.0
119994,episode/length,500.0
119995,episode/return,989.0
119995,episode/length,500.0
119996,episode/return,946.0
119996,episode/length,500.0
119997,episode/return,996.0
119997,episode/length,500.0
119998,episode/return,992.0
119998,episode/length,500.0
119999,episode/return,971.0
119999,episode/length,500.0
120000,train/consistency_loss_mean,4.2581675206020006e-05
120000,train/consistency_loss_std,1.1072219890180535e-05
120000,train/continue_loss_mean,0.0
120000,train/continue_loss_std,0.0
120000,train/grad_norm_mean,0.14882942562699317
120000,train/grad_norm_std,0.07820714778513388
120000,train/policy_log_std_mean,-1.2423950271606445
120000,train/policy_log_std_std,0.5477246116084074
120000,train/policy_loss_mean,-3.5784107305526733
120000,train/policy_loss_std,0.08579635569641045
120000,train/reward_loss_mean,0.31244080209732056
120000,train/reward_loss_std,0.010725097117350056
120000,train/total_loss_mean,0.06694030078649521
120000,train/total_loss_std,0.0016902360408363785
120000,train/value_loss_mean,0.3484458618402481
120000,train/value_loss_std,0.006624122076438787
120000,train/value_scale_mean,25.92129694366455
120000,train/value_scale_std,0.6396665944980989
120000,timing/collect_chunk_s,97.32625946868211
120000,timing/train_chunk_s,21.465012088883668
120000,dense_rhs/training_bucket_horizon,3.0
120000,system/heartbeat,1.0
123992,episode/return,987.0
123992,episode/length,500.0
123993,episode/return,996.0
123993,episode/length,500.0
123994,episode/return,995.0
123994,episode/length,500.0
123995,episode/return,995.0
123995,episode/length,500.0
123996,episode/return,972.0
123996,episode/length,500.0
123997,episode/return,992.0
123997,episode/length,500.0
123998,episode/return,996.0
123998,episode/length,500.0
123999,episode/return,974.0
123999,episode/length,500.0
127992,episode/return,946.0
127992,episode/length,500.0
127993,episode/return,994.0
127993,episode/length,500.0
127994,episode/return,984.0
127994,episode/length,500.0
127995,episode/return,996.0
127995,episode/length,500.0
127996,episode/return,990.0
127996,episode/length,500.0
127997,episode/return,994.0
127997,episode/length,500.0
127998,episode/return,972.0
127998,episode/length,500.0
127999,episode/return,970.0
127999,episode/length,500.0
130000,train/consistency_loss_mean,3.8688999133592e-05
130000,train/consistency_loss_std,9.556451181081312e-06
130000,train/continue_loss_mean,0.0
130000,train/continue_loss_std,0.0
130000,train/grad_norm_mean,0.1336836454808712
130000,train/grad_norm_std,0.07155191670289572
130000,train/policy_log_std_mean,-1.1360156331062317
130000,train/policy_log_std_std,0.47786978806708513
130000,train/policy_loss_mean,-3.6802888710021975
130000,train/policy_loss_std,0.056969741453152645
130000,train/reward_loss_mean,0.31911205303668977
130000,train/reward_loss_std,0.010567798423334024
130000,train/total_loss_mean,0.06836507459282876
130000,train/total_loss_std,0.001648261837196065
130000,train/value_loss_mean,0.3568008777141571
130000,train/value_loss_std,0.006216323585603059
130000,train/value_scale_mean,25.127700108337404
130000,train/value_scale_std,0.38356858984631065
130000,timing/collect_chunk_s,101.48988365055993
130000,timing/train_chunk_s,21.468446935527027
130000,dense_rhs/training_bucket_horizon,3.0
130000,system/heartbeat,1.0
131992,episode/return,943.0
131992,episode/length,500.0
131993,episode/return,943.0
131993,episode/length,500.0
131994,episode/return,994.0
131994,episode/length,500.0
131995,episode/return,989.0
131995,episode/length,500.0
131996,episode/return,989.0
131996,episode/length,500.0
131997,episode/return,980.0
131997,episode/length,500.0
131998,episode/return,947.0
131998,episode/length,500.0
131999,episode/return,947.0
131999,episode/length,500.0
135992,episode/return,995.0
135992,episode/length,500.0
135993,episode/return,970.0
135993,episode/length,500.0
135994,episode/return,993.0
135994,episode/length,500.0
135995,episode/return,970.0
135995,episode/length,500.0
135996,episode/return,990.0
135996,episode/length,500.0
135997,episode/return,964.0
135997,episode/length,500.0
135998,episode/return,972.0
135998,episode/length,500.0
135999,episode/return,990.0
135999,episode/length,500.0
139992,episode/return,994.0
139992,episode/length,500.0
139993,episode/return,984.0
139993,episode/length,500.0
139994,episode/return,972.0
139994,episode/length,500.0
139995,episode/return,991.0
139995,episode/length,500.0
139996,episode/return,969.0
139996,episode/length,500.0
139997,episode/return,992.0
139997,episode/length,500.0
139998,episode/return,991.0
139998,episode/length,500.0
139999,episode/return,989.0
139999,episode/length,500.0
140000,train/consistency_loss_mean,3.699913579475833e-05
140000,train/consistency_loss_std,8.442187314957334e-06
140000,train/continue_loss_mean,0.0
140000,train/continue_loss_std,0.0
140000,train/grad_norm_mean,0.12710423847436905
140000,train/grad_norm_std,0.06858142537146683
140000,train/policy_log_std_mean,-1.2482299557685852
140000,train/policy_log_std_std,0.445583398599415
140000,train/policy_loss_mean,-3.747987437438965
140000,train/policy_loss_std,0.037437305676868295
140000,train/reward_loss_mean,0.32486027143001556
140000,train/reward_loss_std,0.010263558632399349
140000,train/total_loss_mean,0.06950156732201576
140000,train/total_loss_std,0.0015978877422028997
140000,train/value_loss_mean,0.36275555555820466
140000,train/value_loss_std,0.006181593246804147
140000,train/value_scale_mean,24.639214262390137
140000,train/value_scale_std,0.22581465972359174
140000,timing/collect_chunk_s,102.8405299121514
140000,timing/train_chunk_s,21.521002736873925
140000,dense_rhs/training_bucket_horizon,3.0
140000,system/heartbeat,1.0
143992,episode/return,993.0
143992,episode/length,500.0
143993,episode/return,949.0
143993,episode/length,500.0
143994,episode/return,971.0
143994,episode/length,500.0
143995,episode/return,964.0
143995,episode/length,500.0
143996,episode/return,966.0
143996,episode/length,500.0
143997,episode/return,970.0
143997,episode/length,500.0
143998,episode/return,969.0
143998,episode/length,500.0
143999,episode/return,972.0
143999,episode/length,500.0
147992,episode/return,983.0
147992,episode/length,500.0
147993,episode/return,990.0
147993,episode/length,500.0
147994,episode/return,987.0
147994,episode/length,500.0
147995,episode/return,968.0
147995,episode/length,500.0
147996,episode/return,987.0
147996,episode/length,500.0
147997,episode/return,971.0
147997,episode/length,500.0
147998,episode/return,985.0
147998,episode/length,500.0
147999,episode/return,995.0
147999,episode/length,500.0
150000,train/consistency_loss_mean,3.6896690679714085e-05
150000,train/consistency_loss_std,9.679534871060742e-06
150000,train/continue_loss_mean,0.0
150000,train/continue_loss_std,0.0
150000,train/grad_norm_mean,0.12932898433208465
150000,train/grad_norm_std,0.07170776242441643
150000,train/policy_log_std_mean,-1.1834629691123963
150000,train/policy_log_std_std,0.44195426105517277
150000,train/policy_loss_mean,-3.791335572242737
150000,train/policy_loss_std,0.04698808562846449
150000,train/reward_loss_mean,0.3300218467950821
150000,train/reward_loss_std,0.009982782826545775
150000,train/total_loss_mean,0.07045718409419059
150000,train/total_loss_std,0.0015017795820166057
150000,train/value_loss_mean,0.3671706340789795
150000,train/value_loss_std,0.005274854272289066
150000,train/value_scale_mean,24.344142599487306
150000,train/value_scale_std,0.28978558568558005
150000,timing/collect_chunk_s,100.56202736962587
150000,timing/train_chunk_s,21.487561911344528
150000,dense_rhs/training_bucket_horizon,3.0
150000,system/heartbeat,1.0
150000,timing/checkpoint_blocking_s,0.3691722908988595
150000,eval/return_mean,981.3499755859375
150000,eval/return_std,10.73906421661377
150000,eval/return_max,997.0
150000,eval/return_min,968.0
150000,timing/eval_s,21.433193576987833
150000,eval/selected_horizon,3.0
150000,eval/training_bucket_horizon,3.0
150000,system/heartbeat,1.0
151992,episode/return,993.0
151992,episode/length,500.0
151993,episode/return,994.0
151993,episode/length,500.0
151994,episode/return,991.0
151994,episode/length,500.0
151995,episode/return,988.0
151995,episode/length,500.0
151996,episode/return,971.0
151996,episode/length,500.0
151997,episode/return,995.0
151997,episode/length,500.0
151998,episode/return,970.0
151998,episode/length,500.0
151999,episode/return,996.0
151999,episode/length,500.0
155992,episode/return,967.0
155992,episode/length,500.0
155993,episode/return,994.0
155993,episode/length,500.0
155994,episode/return,992.0
155994,episode/length,500.0
155995,episode/return,972.0
155995,episode/length,500.0
155996,episode/return,988.0
155996,episode/length,500.0
155997,episode/return,991.0
155997,episode/length,500.0
155998,episode/return,996.0
155998,episode/length,500.0
155999,episode/return,994.0
155999,episode/length,500.0
159992,episode/return,971.0
159992,episode/length,500.0
159993,episode/return,990.0
159993,episode/length,500.0
159994,episode/return,989.0
159994,episode/length,500.0
159995,episode/return,971.0
159995,episode/length,500.0
159996,episode/return,969.0
159996,episode/length,500.0
159997,episode/return,995.0
159997,episode/length,500.0
159998,episode/return,970.0
159998,episode/length,500.0
159999,episode/return,986.0
159999,episode/length,500.0
160000,train/consistency_loss_mean,3.615589310938958e-05
160000,train/consistency_loss_std,8.99176032118252e-06
160000,train/continue_loss_mean,0.0
160000,train/continue_loss_std,0.0
160000,train/grad_norm_mean,0.1337545648097992
160000,train/grad_norm_std,0.07189393603046834
160000,train/policy_log_std_mean,-1.153900779056549
160000,train/policy_log_std_std,0.45240092030197154
160000,train/policy_loss_mean,-3.838384090232849
160000,train/policy_loss_std,0.03463837110930253
160000,train/reward_loss_mean,0.33428395376205444
160000,train/reward_loss_std,0.009661705551986342
160000,train/total_loss_mean,0.07113227574825287
160000,train/total_loss_std,0.0014508063177610365
160000,train/value_loss_mean,0.36980759603977204
160000,train/value_loss_std,0.005106631691474096
160000,train/value_scale_mean,24.055106611633303
160000,train/value_scale_std,0.20466926117866513
160000,timing/collect_chunk_s,100.53822095924988
160000,timing/train_chunk_s,21.509531946852803
160000,dense_rhs/training_bucket_horizon,3.0
160000,system/heartbeat,1.0
163992,episode/return,969.0
163992,episode/length,500.0
163993,episode/return,992.0
163993,episode/length,500.0
163994,episode/return,994.0
163994,episode/length,500.0
163995,episode/return,970.0
163995,episode/length,500.0
163996,episode/return,971.0
163996,episode/length,500.0
163997,episode/return,989.0
163997,episode/length,500.0
163998,episode/return,961.0
163998,episode/length,500.0
163999,episode/return,995.0
163999,episode/length,500.0
167992,episode/return,973.0
167992,episode/length,500.0
167993,episode/return,989.0
167993,episode/length,500.0
167994,episode/return,991.0
167994,episode/length,500.0
167995,episode/return,987.0
167995,episode/length,500.0
167996,episode/return,996.0
167996,episode/length,500.0
167997,episode/return,993.0
167997,episode/length,500.0
167998,episode/return,972.0
167998,episode/length,500.0
167999,episode/return,990.0
167999,episode/length,500.0
170000,train/consistency_loss_mean,3.71708449893049e-05
170000,train/consistency_loss_std,9.539092422102503e-06
170000,train/continue_loss_mean,0.0
170000,train/continue_loss_std,0.0
170000,train/grad_norm_mean,0.1416711933195591
170000,train/grad_norm_std,0.07555688243290126
170000,train/policy_log_std_mean,-1.2438317853927612
170000,train/policy_log_std_std,0.45153257368637545
170000,train/policy_loss_mean,-3.8652058822631834
170000,train/policy_loss_std,0.03875731389924075
170000,train/reward_loss_mean,0.3382126537322998
170000,train/reward_loss_std,0.00953933930892389
170000,train/total_loss_mean,0.07168004387021065
170000,train/total_loss_std,0.0014312387087450874
170000,train/value_loss_mean,0.371153603219986
170000,train/value_loss_std,0.005045127934849446
170000,train/value_scale_mean,23.93093042297363
170000,train/value_scale_std,0.2232582300374262
170000,timing/collect_chunk_s,101.13132349774241
170000,timing/train_chunk_s,21.473859317600727
170000,dense_rhs/training_bucket_horizon,3.0
170000,system/heartbeat,1.0
171992,episode/return,971.0
171992,episode/length,500.0
171993,episode/return,971.0
171993,episode/length,500.0
171994,episode/return,973.0
171994,episode/length,500.0
171995,episode/return,995.0
171995,episode/length,500.0
171996,episode/return,971.0
171996,episode/length,500.0
171997,episode/return,973.0
171997,episode/length,500.0
171998,episode/return,972.0
171998,episode/length,500.0
171999,episode/return,991.0
171999,episode/length,500.0
175992,episode/return,970.0
175992,episode/length,500.0
175993,episode/return,973.0
175993,episode/length,500.0
175994,episode/return,973.0
175994,episode/length,500.0
175995,episode/return,991.0
175995,episode/length,500.0
175996,episode/return,971.0
175996,episode/length,500.0
175997,episode/return,992.0
175997,episode/length,500.0
175998,episode/return,961.0
175998,episode/length,500.0
175999,episode/return,996.0
175999,episode/length,500.0
179992,episode/return,975.0
179992,episode/length,500.0
179993,episode/return,971.0
179993,episode/length,500.0
179994,episode/return,994.0
179994,episode/length,500.0
179995,episode/return,990.0
179995,episode/length,500.0
179996,episode/return,971.0
179996,episode/length,500.0
179997,episode/return,990.0
179997,episode/length,500.0
179998,episode/return,993.0
179998,episode/length,500.0
179999,episode/return,992.0
179999,episode/length,500.0
180000,train/consistency_loss_mean,3.793502939515747e-05
180000,train/consistency_loss_std,1.059040857912117e-05
180000,train/continue_loss_mean,0.0
180000,train/continue_loss_std,0.0
180000,train/grad_norm_mean,0.14435768389105796
180000,train/grad_norm_std,0.07571245913669247
180000,train/policy_log_std_mean,-1.2222532826423644
180000,train/policy_log_std_std,0.4511470110962516
180000,train/policy_loss_mean,-3.9343852310180663
180000,train/policy_loss_std,0.06318457438201158
180000,train/reward_loss_mean,0.34162667236328126
180000,train/reward_loss_std,0.009170848346670691
180000,train/total_loss_mean,0.07197674255371093
180000,train/total_loss_std,0.0014048837776263106
180000,train/value_loss_mean,0.3705537261486053
180000,train/value_loss_std,0.005078139820853921
180000,train/value_scale_mean,23.581793380737306
180000,train/value_scale_std,0.36919041624691334
180000,timing/collect_chunk_s,104.52642265195027
180000,timing/train_chunk_s,21.49240057868883
180000,dense_rhs/training_bucket_horizon,3.0
180000,system/heartbeat,1.0
183992,episode/return,972.0
183992,episode/length,500.0
183993,episode/return,971.0
183993,episode/length,500.0
183994,episode/return,995.0
183994,episode/length,500.0
183995,episode/return,971.0
183995,episode/length,500.0
183996,episode/return,972.0
183996,episode/length,500.0
183997,episode/return,972.0
183997,episode/length,500.0
183998,episode/return,990.0
183998,episode/length,500.0
183999,episode/return,971.0
183999,episode/length,500.0
187992,episode/return,987.0
187992,episode/length,500.0
187993,episode/return,958.0
187993,episode/length,500.0
187994,episode/return,996.0
187994,episode/length,500.0
187995,episode/return,995.0
187995,episode/length,500.0
187996,episode/return,996.0
187996,episode/length,500.0
187997,episode/return,963.0
187997,episode/length,500.0
187998,episode/return,972.0
187998,episode/length,500.0
187999,episode/return,990.0
187999,episode/length,500.0
190000,train/consistency_loss_mean,3.834130546747474e-05
190000,train/consistency_loss_std,1.041727597908847e-05
190000,train/continue_loss_mean,0.0
190000,train/continue_loss_std,0.0
190000,train/grad_norm_mean,0.14986766114234926
190000,train/grad_norm_std,0.07617690029723861
190000,train/policy_log_std_mean,-1.1811744195461273
190000,train/policy_log_std_std,0.43930075386391476
190000,train/policy_loss_mean,-4.00189223651886
190000,train/policy_loss_std,0.048785848022989055
190000,train/reward_loss_mean,0.344641474533081
190000,train/reward_loss_std,0.009039911519065077
190000,train/total_loss_mean,0.07252609118819237
190000,train/total_loss_std,0.0013927566854380633
190000,train/value_loss_mean,0.37295116102695464
190000,train/value_loss_std,0.005092273019578028
190000,train/value_scale_mean,23.165419555664062
190000,train/value_scale_std,0.271682750811129
190000,timing/collect_chunk_s,99.60482882708311
190000,timing/train_chunk_s,21.42651423579082
190000,dense_rhs/training_bucket_horizon,3.0
190000,system/heartbeat,1.0
191992,episode/return,988.0
191992,episode/length,500.0
191993,episode/return,997.0
191993,episode/length,500.0
191994,episode/return,994.0
191994,episode/length,500.0
191995,episode/return,994.0
191995,episode/length,500.0
191996,episode/return,973.0
191996,episode/length,500.0
191997,episode/return,972.0
191997,episode/length,500.0
191998,episode/return,994.0
191998,episode/length,500.0
191999,episode/return,992.0
191999,episode/length,500.0
195992,episode/return,989.0
195992,episode/length,500.0
195993,episode/return,987.0
195993,episode/length,500.0
195994,episode/return,995.0
195994,episode/length,500.0
195995,episode/return,995.0
195995,episode/length,500.0
195996,episode/return,994.0
195996,episode/length,500.0
195997,episode/return,971.0
195997,episode/length,500.0
195998,episode/return,988.0
195998,episode/length,500.0
195999,episode/return,991.0
195999,episode/length,500.0
199992,episode/return,995.0
199992,episode/length,500.0
199993,episode/return,982.0
199993,episode/length,500.0
199994,episode/return,972.0
199994,episode/length,500.0
199995,episode/return,970.0
199995,episode/length,500.0
199996,episode/return,987.0
199996,episode/length,500.0
199997,episode/return,989.0
199997,episode/length,500.0
199998,episode/return,974.0
199998,episode/length,500.0
199999,episode/return,965.0
199999,episode/length,500.0
200000,train/consistency_loss_mean,3.761714992142515e-05
200000,train/consistency_loss_std,1.0349047639820007e-05
200000,train/continue_loss_mean,0.0
200000,train/continue_loss_std,0.0
200000,train/grad_norm_mean,0.145476345205307
200000,train/grad_norm_std,0.07520853457497839
200000,train/policy_log_std_mean,-1.235717036819458
200000,train/policy_log_std_std,0.42155361950755227
200000,train/policy_loss_mean,-3.984219136047363
200000,train/policy_loss_std,0.041993540770649845
200000,train/reward_loss_mean,0.34724631319046023
200000,train/reward_loss_std,0.008677828203353482
200000,train/total_loss_mean,0.07303335174322129
200000,train/total_loss_std,0.001318049057266432
200000,train/value_loss_mean,0.37556375529766084
200000,train/value_loss_std,0.0046614505771408994
200000,train/value_scale_mean,23.266324949645995
200000,train/value_scale_std,0.23474647141053234
200000,timing/collect_chunk_s,101.75559942657128
200000,timing/train_chunk_s,21.37348391674459
200000,dense_rhs/training_bucket_horizon,3.0
200000,system/heartbeat,1.0
200000,timing/checkpoint_blocking_s,0.3756840508431196
200000,eval/return_mean,980.9000244140625
200000,eval/return_std,13.129737854003906
200000,eval/return_max,998.0
200000,eval/return_min,947.0
200000,timing/eval_s,25.913554790895432
200000,eval/selected_horizon,3.0
200000,eval/training_bucket_horizon,3.0
200000,system/heartbeat,1.0
203992,episode/return,989.0
203992,episode/length,500.0
203993,episode/return,990.0
203993,episode/length,500.0
203994,episode/return,968.0
203994,episode/length,500.0
203995,episode/return,970.0
203995,episode/length,500.0
203996,episode/return,974.0
203996,episode/length,500.0
203997,episode/return,990.0
203997,episode/length,500.0
203998,episode/return,993.0
203998,episode/length,500.0
203999,episode/return,972.0
203999,episode/length,500.0
207992,episode/return,950.0
207992,episode/length,500.0
207993,episode/return,971.0
207993,episode/length,500.0
207994,episode/return,973.0
207994,episode/length,500.0
207995,episode/return,994.0
207995,episode/length,500.0
207996,episode/return,970.0
207996,episode/length,500.0
207997,episode/return,973.0
207997,episode/length,500.0
207998,episode/return,991.0
207998,episode/length,500.0
207999,episode/return,970.0
207999,episode/length,500.0
210000,train/consistency_loss_mean,3.660563862649724e-05
210000,train/consistency_loss_std,9.426718935166371e-06
210000,train/continue_loss_mean,0.0
210000,train/continue_loss_std,0.0
210000,train/grad_norm_mean,0.1385504515349865
210000,train/grad_norm_std,0.0691457049448215
210000,train/policy_log_std_mean,-1.2202270109176636
210000,train/policy_log_std_std,0.4464042878283514
210000,train/policy_loss_mean,-4.000227515411377
210000,train/policy_loss_std,0.05821030231052872
210000,train/reward_loss_mean,0.34976002011299134
210000,train/reward_loss_std,0.008744418797204619
210000,train/total_loss_mean,0.07340021627545357
210000,train/total_loss_std,0.0013262632438013203
210000,train/value_loss_mean,0.376920999956131
210000,train/value_loss_std,0.0047353013172879346
210000,train/value_scale_mean,23.195652127075196
210000,train/value_scale_std,0.32843257504774537
210000,timing/collect_chunk_s,102.08448637742549
210000,timing/train_chunk_s,21.473892687819898
210000,dense_rhs/training_bucket_horizon,3.0
210000,system/heartbeat,1.0
211992,episode/return,971.0
211992,episode/length,500.0
211993,episode/return,989.0
211993,episode/length,500.0
211994,episode/return,993.0
211994,episode/length,500.0
211995,episode/return,967.0
211995,episode/length,500.0
211996,episode/return,973.0
211996,episode/length,500.0
211997,episode/return,946.0
211997,episode/length,500.0
211998,episode/return,990.0
211998,episode/length,500.0
211999,episode/return,991.0
211999,episode/length,500.0
215992,episode/return,971.0
215992,episode/length,500.0
215993,episode/return,971.0
215993,episode/length,500.0
215994,episode/return,970.0
215994,episode/length,500.0
215995,episode/return,973.0
215995,episode/length,500.0
215996,episode/return,995.0
215996,episode/length,500.0
215997,episode/return,971.0
215997,episode/length,500.0
215998,episode/return,973.0
215998,episode/length,500.0
215999,episode/return,996.0
215999,episode/length,500.0
219992,episode/return,972.0
219992,episode/length,500.0
219993,episode/return,974.0
219993,episode/length,500.0
219994,episode/return,972.0
219994,episode/length,500.0
219995,episode/return,972.0
219995,episode/length,500.0
219996,episode/return,988.0
219996,episode/length,500.0
219997,episode/return,993.0
219997,episode/length,500.0
219998,episode/return,990.0
219998,episode/length,500.0
219999,episode/return,988.0
219999,episode/length,500.0
220000,train/consistency_loss_mean,3.425736954959575e-05
220000,train/consistency_loss_std,8.077303568685257e-06
220000,train/continue_loss_mean,0.0
220000,train/continue_loss_std,0.0
220000,train/grad_norm_mean,0.12459393640160561
220000,train/grad_norm_std,0.06271515674832451
220000,train/policy_log_std_mean,-1.0827529581546784
220000,train/policy_log_std_std,0.43527655989320346
220000,train/policy_loss_mean,-4.033492515945435
220000,train/policy_loss_std,0.036051446003488134
220000,train/reward_loss_mean,0.35180315706729887
220000,train/reward_loss_std,0.008499465983320895
220000,train/total_loss_mean,0.07373372281193734
220000,train/total_loss_std,0.0012699892287153312
220000,train/value_loss_mean,0.3786825742483139
220000,train/value_loss_std,0.004439545051933146
220000,train/value_scale_mean,22.995701379394532
220000,train/value_scale_std,0.19510915260736592
220000,timing/collect_chunk_s,102.5935282483697
220000,timing/train_chunk_s,21.465568711981177
220000,dense_rhs/training_bucket_horizon,3.0
220000,system/heartbeat,1.0
223992,episode/return,973.0
223992,episode/length,500.0
223993,episode/return,974.0
223993,episode/length,500.0
223994,episode/return,991.0
223994,episode/length,500.0
223995,episode/return,991.0
223995,episode/length,500.0
223996,episode/return,991.0
223996,episode/length,500.0
223997,episode/return,971.0
223997,episode/length,500.0
223998,episode/return,970.0
223998,episode/length,500.0
223999,episode/return,994.0
223999,episode/length,500.0
227992,episode/return,995.0
227992,episode/length,500.0
227993,episode/return,971.0
227993,episode/length,500.0
227994,episode/return,996.0
227994,episode/length,500.0
227995,episode/return,971.0
227995,episode/length,500.0
227996,episode/return,971.0
227996,episode/length,500.0
227997,episode/return,995.0
227997,episode/length,500.0
227998,episode/return,968.0
227998,episode/length,500.0
227999,episode/return,994.0
227999,episode/length,500.0
230000,train/consistency_loss_mean,3.334696800011443e-05
230000,train/consistency_loss_std,8.195681536347349e-06
230000,train/continue_loss_mean,0.0
230000,train/continue_loss_std,0.0
230000,train/grad_norm_mean,0.12322785871624947
230000,train/grad_norm_std,0.06445910492956052
230000,train/policy_log_std_mean,-1.1194091537475586
230000,train/policy_log_std_std,0.44132660810883756
230000,train/policy_loss_mean,-4.0485459991455075
230000,train/policy_loss_std,0.04896502513726529
230000,train/reward_loss_mean,0.3540125293254852
230000,train/reward_loss_std,0.008532444896947022
230000,train/total_loss_mean,0.07407033796310425
230000,train/total_loss_std,0.001268955547710461
230000,train/value_loss_mean,0.38002144360542295
230000,train/value_loss_std,0.004395064565643858
230000,train/value_scale_mean,22.922287884521484
230000,train/value_scale_std,0.2703165181394045
230000,timing/collect_chunk_s,98.37438465841115
230000,timing/train_chunk_s,21.466117813717574
230000,dense_rhs/training_bucket_horizon,3.0
230000,system/heartbeat,1.0
231992,episode/return,992.0
231992,episode/length,500.0
231993,episode/return,986.0
231993,episode/length,500.0
231994,episode/return,990.0
231994,episode/length,500.0
231995,episode/return,992.0
231995,episode/length,500.0
231996,episode/return,968.0
231996,episode/length,500.0
231997,episode/return,989.0
231997,episode/length,500.0
231998,episode/return,966.0
231998,episode/length,500.0
231999,episode/return,974.0
231999,episode/length,500.0
235992,episode/return,991.0
235992,episode/length,500.0
235993,episode/return,991.0
235993,episode/length,500.0
235994,episode/return,966.0
235994,episode/length,500.0
235995,episode/return,990.0
235995,episode/length,500.0
235996,episode/return,991.0
235996,episode/length,500.0
235997,episode/return,993.0
235997,episode/length,500.0
235998,episode/return,974.0
235998,episode/length,500.0
235999,episode/return,991.0
235999,episode/length,500.0
239992,episode/return,967.0
239992,episode/length,500.0
239993,episode/return,994.0
239993,episode/length,500.0
239994,episode/return,990.0
239994,episode/length,500.0
239995,episode/return,973.0
239995,episode/length,500.0
239996,episode/return,973.0
239996,episode/length,500.0
239997,episode/return,972.0
239997,episode/length,500.0
239998,episode/return,996.0
239998,episode/length,500.0
239999,episode/return,992.0
239999,episode/length,500.0
240000,train/consistency_loss_mean,3.270433802681509e-05
240000,train/consistency_loss_std,7.394989796371483e-06
240000,train/continue_loss_mean,0.0
240000,train/continue_loss_std,0.0
240000,train/grad_norm_mean,0.12134406532049179
240000,train/grad_norm_std,0.061598334167695785
240000,train/policy_log_std_mean,-1.072314139842987
240000,train/policy_log_std_std,0.41919594719882
240000,train/policy_loss_mean,-4.0946069442749025
240000,train/policy_loss_std,0.0381994386800766
240000,train/reward_loss_mean,0.3558448957204819
240000,train/reward_loss_std,0.008235295835439124
240000,train/total_loss_mean,0.07433361876010895
240000,train/total_loss_std,0.0012269766607065024
240000,train/value_loss_mean,0.3809504093647003
240000,train/value_loss_std,0.004307395391769564
240000,train/value_scale_mean,22.669529608154296
240000,train/value_scale_std,0.2017237758284372
240000,timing/collect_chunk_s,104.56832291837782
240000,timing/train_chunk_s,21.431956906802952
240000,dense_rhs/training_bucket_horizon,3.0
240000,system/heartbeat,1.0
243992,episode/return,988.0
243992,episode/length,500.0
243993,episode/return,972.0
243993,episode/length,500.0
243994,episode/return,971.0
243994,episode/length,500.0
243995,episode/return,984.0
243995,episode/length,500.0
243996,episode/return,990.0
243996,episode/length,500.0
243997,episode/return,970.0
243997,episode/length,500.0
243998,episode/return,972.0
243998,episode/length,500.0
243999,episode/return,970.0
243999,episode/length,500.0
247992,episode/return,973.0
247992,episode/length,500.0
247993,episode/return,971.0
247993,episode/length,500.0
247994,episode/return,989.0
247994,episode/length,500.0
247995,episode/return,991.0
247995,episode/length,500.0
247996,episode/return,974.0
247996,episode/length,500.0
247997,episode/return,992.0
247997,episode/length,500.0
247998,episode/return,993.0
247998,episode/length,500.0
247999,episode/return,970.0
247999,episode/length,500.0
250000,train/consistency_loss_mean,3.755099234986119e-05
250000,train/consistency_loss_std,9.077566284525614e-06
250000,train/continue_loss_mean,0.0
250000,train/continue_loss_std,0.0
250000,train/grad_norm_mean,0.14355087232589722
250000,train/grad_norm_std,0.06643826552834303
250000,train/policy_log_std_mean,-1.1098641363143922
250000,train/policy_log_std_std,0.42173672784251337
250000,train/policy_loss_mean,-4.147911275482178
250000,train/policy_loss_std,0.04355063681026192
250000,train/reward_loss_mean,0.35756767230033876
250000,train/reward_loss_std,0.008101890476632213
250000,train/total_loss_mean,0.07469686596989632
250000,train/total_loss_std,0.0012134635503830557
250000,train/value_loss_mean,0.38189077043533326
250000,train/value_loss_std,0.004178047196248987
250000,train/value_scale_mean,22.379107987976074
250000,train/value_scale_std,0.2279436959450636
250000,timing/collect_chunk_s,101.13977435370907
250000,timing/train_chunk_s,21.44669726397842
250000,dense_rhs/training_bucket_horizon,3.0
250000,system/heartbeat,1.0
250000,timing/checkpoint_blocking_s,0.3972367700189352
250000,eval/return_mean,979.0
250000,eval/return_std,12.557866096496582
250000,eval/return_max,995.0
250000,eval/return_min,963.0
250000,timing/eval_s,26.57499845419079
250000,eval/selected_horizon,3.0
250000,eval/training_bucket_horizon,3.0
250000,system/heartbeat,1.0
251992,episode/return,993.0
251992,episode/length,500.0
251993,episode/return,988.0
251993,episode/length,500.0
251994,episode/return,993.0
251994,episode/length,500.0
251995,episode/return,967.0
251995,episode/length,500.0
251996,episode/return,986.0
251996,episode/length,500.0
251997,episode/return,992.0
251997,episode/length,500.0
251998,episode/return,994.0
251998,episode/length,500.0
251999,episode/return,970.0
251999,episode/length,500.0
255992,episode/return,971.0
255992,episode/length,500.0
255993,episode/return,969.0
255993,episode/length,500.0
255994,episode/return,971.0
255994,episode/length,500.0
255995,episode/return,973.0
255995,episode/length,500.0
255996,episode/return,971.0
255996,episode/length,500.0
255997,episode/return,968.0
255997,episode/length,500.0
255998,episode/return,985.0
255998,episode/length,500.0
255999,episode/return,971.0
255999,episode/length,500.0
259992,episode/return,971.0
259992,episode/length,500.0
259993,episode/return,995.0
259993,episode/length,500.0
259994,episode/return,974.0
259994,episode/length,500.0
259995,episode/return,988.0
259995,episode/length,500.0
259996,episode/return,991.0
259996,episode/length,500.0
259997,episode/return,971.0
259997,episode/length,500.0
259998,episode/return,952.0
259998,episode/length,500.0
259999,episode/return,989.0
259999,episode/length,500.0
260000,train/consistency_loss_mean,3.592160123080248e-05
260000,train/consistency_loss_std,8.903212494783582e-06
260000,train/continue_loss_mean,0.0
260000,train/continue_loss_std,0.0
260000,train/grad_norm_mean,0.13284177989065646
260000,train/grad_norm_std,0.06562557018987597
260000,train/policy_log_std_mean,-1.108076458644867
260000,train/policy_log_std_std,0.4218522766808092
260000,train/policy_loss_mean,-4.22212421875
260000,train/policy_loss_std,0.05087429120141872
260000,train/reward_loss_mean,0.359316708946228
260000,train/reward_loss_std,0.007996416472420094
260000,train/total_loss_mean,0.07489984197020531
260000,train/total_loss_std,0.0011936532618239254
260000,train/value_loss_mean,0.3824973693132401
260000,train/value_loss_std,0.004143766383983819
260000,train/value_scale_mean,21.99500401763916
260000,train/value_scale_std,0.2582494826463561
260000,timing/collect_chunk_s,102.45790232159197
260000,timing/train_chunk_s,21.43416422791779
260000,dense_rhs/training_bucket_horizon,3.0
260000,system/heartbeat,1.0
263992,episode/return,992.0
263992,episode/length,500.0
263993,episode/return,971.0
263993,episode/length,500.0
263994,episode/return,988.0
263994,episode/length,500.0
263995,episode/return,970.0
263995,episode/length,500.0
263996,episode/return,992.0
263996,episode/length,500.0
263997,episode/return,966.0
263997,episode/length,500.0
263998,episode/return,973.0
263998,episode/length,500.0
263999,episode/return,973.0
263999,episode/length,500.0
267992,episode/return,989.0
267992,episode/length,500.0
267993,episode/return,989.0
267993,episode/length,500.0
267994,episode/return,990.0
267994,episode/length,500.0
267995,episode/return,970.0
267995,episode/length,500.0
267996,episode/return,972.0
267996,episode/length,500.0
267997,episode/return,991.0
267997,episode/length,500.0
267998,episode/return,989.0
267998,episode/length,500.0
267999,episode/return,986.0
267999,episode/length,500.0
270000,train/consistency_loss_mean,3.435462627821835e-05
270000,train/consistency_loss_std,8.189547211104006e-06
270000,train/continue_loss_mean,0.0
270000,train/continue_loss_std,0.0
270000,train/grad_norm_mean,0.12315583409667015
270000,train/grad_norm_std,0.06373811082691717
270000,train/policy_log_std_mean,-1.104857618713379
270000,train/policy_log_std_std,0.4403672825094183
270000,train/policy_loss_mean,-4.241195092773437
270000,train/policy_loss_std,0.07235992901119531
270000,train/reward_loss_mean,0.3605769588470459
270000,train/reward_loss_std,0.007883298403297587
270000,train/total_loss_mean,0.07503767546415328
270000,train/total_loss_std,0.00117896985939715
270000,train/value_loss_mean,0.38292885556221007
270000,train/value_loss_std,0.004131982869347798
270000,train/value_scale_mean,21.919921708679198
270000,train/value_scale_std,0.3672587167950459
270000,timing/collect_chunk_s,106.42293120268732
270000,timing/train_chunk_s,21.463804706465453
270000,dense_rhs/training_bucket_horizon,3.0
270000,system/heartbeat,1.0
271992,episode/return,988.0
271992,episode/length,500.0
271993,episode/return,969.0
271993,episode/length,500.0
271994,episode/return,963.0
271994,episode/length,500.0
271995,episode/return,969.0
271995,episode/length,500.0
271996,episode/return,996.0
271996,episode/length,500.0
271997,episode/return,968.0
271997,episode/length,500.0
271998,episode/return,990.0
271998,episode/length,500.0
271999,episode/return,987.0
271999,episode/length,500.0
275992,episode/return,967.0
275992,episode/length,500.0
275993,episode/return,965.0
275993,episode/length,500.0
275994,episode/return,972.0
275994,episode/length,500.0
275995,episode/return,973.0
275995,episode/length,500.0
275996,episode/return,991.0
275996,episode/length,500.0
275997,episode/return,973.0
275997,episode/length,500.0
275998,episode/return,970.0
275998,episode/length,500.0
275999,episode/return,988.0
275999,episode/length,500.0
279992,episode/return,970.0
279992,episode/length,500.0
279993,episode/return,989.0
279993,episode/length,500.0
279994,episode/return,974.0
279994,episode/length,500.0
279995,episode/return,993.0
279995,episode/length,500.0
279996,episode/return,989.0
279996,episode/length,500.0
279997,episode/return,975.0
279997,episode/length,500.0
279998,episode/return,994.0
279998,episode/length,500.0
279999,episode/return,990.0
279999,episode/length,500.0
280000,train/consistency_loss_mean,3.542976018361514e-05
280000,train/consistency_loss_std,9.404847113176326e-06
280000,train/continue_loss_mean,0.0
280000,train/continue_loss_std,0.0
280000,train/grad_norm_mean,0.12308583448529244
280000,train/grad_norm_std,0.06666438207911787
280000,train/policy_log_std_mean,-1.0499447742938994
280000,train/policy_log_std_std,0.4219570181197887
280000,train/policy_loss_mean,-4.307282021713257
280000,train/policy_loss_std,0.044650235511420666
280000,train/reward_loss_mean,0.36206289682388304
280000,train/reward_loss_std,0.007827165947520328
280000,train/total_loss_mean,0.0752808737397194
280000,train/total_loss_std,0.001169924784414729
280000,train/value_loss_mean,0.38365986931324003
280000,train/value_loss_std,0.004070247412424074
280000,train/value_scale_mean,21.577724545288085
280000,train/value_scale_std,0.2143450585327967
280000,timing/collect_chunk_s,102.72413022490218
280000,timing/train_chunk_s,21.471188886556774
280000,dense_rhs/training_bucket_horizon,3.0
280000,system/heartbeat,1.0
283992,episode/return,971.0
283992,episode/length,500.0
283993,episode/return,972.0
283993,episode/length,500.0
283994,episode/return,993.0
283994,episode/length,500.0
283995,episode/return,991.0
283995,episode/length,500.0
283996,episode/return,987.0
283996,episode/length,500.0
283997,episode/return,975.0
283997,episode/length,500.0
283998,episode/return,991.0
283998,episode/length,500.0
283999,episode/return,974.0
283999,episode/length,500.0
287992,episode/return,987.0
287992,episode/length,500.0
287993,episode/return,989.0
287993,episode/length,500.0
287994,episode/return,990.0
287994,episode/length,500.0
287995,episode/return,974.0
287995,episode/length,500.0
287996,episode/return,996.0
287996,episode/length,500.0
287997,episode/return,993.0
287997,episode/length,500.0
287998,episode/return,973.0
287998,episode/length,500.0
287999,episode/return,969.0
287999,episode/length,500.0
290000,train/consistency_loss_mean,3.61491132323863e-05
290000,train/consistency_loss_std,9.342847991458389e-06
290000,train/continue_loss_mean,0.0
290000,train/continue_loss_std,0.0
290000,train/grad_norm_mean,0.12851048093438147
290000,train/grad_norm_std,0.06614995269563896
290000,train/policy_log_std_mean,-1.075248579788208
290000,train/policy_log_std_std,0.4086331735256017
290000,train/policy_loss_mean,-4.392588938903809
290000,train/policy_loss_std,0.04493025602889937
290000,train/reward_loss_mean,0.36333220405578615
290000,train/reward_loss_std,0.007705097429756301
290000,train/total_loss_mean,0.07547744718790055
290000,train/total_loss_std,0.001161305022968792
290000,train/value_loss_mean,0.3842124256134033
290000,train/value_loss_std,0.004052352342711944
290000,train/value_scale_mean,21.163762239074707
290000,train/value_scale_std,0.2068901458426254
290000,timing/collect_chunk_s,100.58556679170579
290000,timing/train_chunk_s,21.496951988898218
290000,dense_rhs/training_bucket_horizon,3.0
290000,system/heartbeat,1.0
291992,episode/return,971.0
291992,episode/length,500.0
291993,episode/return,989.0
291993,episode/length,500.0
291994,episode/return,992.0
291994,episode/length,500.0
291995,episode/return,993.0
291995,episode/length,500.0
291996,episode/return,988.0
291996,episode/length,500.0
291997,episode/return,991.0
291997,episode/length,500.0
291998,episode/return,973.0
291998,episode/length,500.0
291999,episode/return,992.0
291999,episode/length,500.0
295992,episode/return,973.0
295992,episode/length,500.0
295993,episode/return,991.0
295993,episode/length,500.0
295994,episode/return,995.0
295994,episode/length,500.0
295995,episode/return,991.0
295995,episode/length,500.0
295996,episode/return,987.0
295996,episode/length,500.0
295997,episode/return,971.0
295997,episode/length,500.0
295998,episode/return,971.0
295998,episode/length,500.0
295999,episode/return,972.0
295999,episode/length,500.0
299992,episode/return,971.0
299992,episode/length,500.0
299993,episode/return,986.0
299993,episode/length,500.0
299994,episode/return,971.0
299994,episode/length,500.0
299995,episode/return,971.0
299995,episode/length,500.0
299996,episode/return,989.0
299996,episode/length,500.0
299997,episode/return,946.0
299997,episode/length,500.0
299998,episode/return,970.0
299998,episode/length,500.0
299999,episode/return,971.0
299999,episode/length,500.0
300000,train/consistency_loss_mean,3.6349463392980394e-05
300000,train/consistency_loss_std,9.416511586160798e-06
300000,train/continue_loss_mean,0.0
300000,train/continue_loss_std,0.0
300000,train/grad_norm_mean,0.12607551655769347
300000,train/grad_norm_std,0.06725599058728551
300000,train/policy_log_std_mean,-1.049612517595291
300000,train/policy_log_std_std,0.417918344401326
300000,train/policy_loss_mean,-4.456471831512451
300000,train/policy_loss_std,0.05713820979927114
300000,train/reward_loss_mean,0.36443562319278716
300000,train/reward_loss_std,0.0076763339995477645
300000,train/total_loss_mean,0.07565564047694207
300000,train/total_loss_std,0.001149795242750423
300000,train/value_loss_mean,0.3848508561849594
300000,train/value_loss_std,0.003976932153678439
300000,train/value_scale_mean,20.860856462097168
300000,train/value_scale_std,0.25881045830052146
300000,timing/collect_chunk_s,107.25101971952245
300000,timing/train_chunk_s,21.487208895385265
300000,dense_rhs/training_bucket_horizon,3.0
300000,system/heartbeat,1.0
300000,timing/checkpoint_blocking_s,0.4124923381023109
300000,eval/return_mean,976.5
300000,eval/return_std,12.142898559570312
300000,eval/return_max,994.0
300000,eval/return_min,946.0
300000,timing/eval_s,26.642621180042624
300000,eval/selected_horizon,3.0
300000,eval/training_bucket_horizon,3.0
300000,system/heartbeat,1.0
303992,episode/return,987.0
303992,episode/length,500.0
303993,episode/return,991.0
303993,episode/length,500.0
303994,episode/return,995.0
303994,episode/length,500.0
303995,episode/return,971.0
303995,episode/length,500.0
303996,episode/return,991.0
303996,episode/length,500.0
303997,episode/return,972.0
303997,episode/length,500.0
303998,episode/return,992.0
303998,episode/length,500.0
303999,episode/return,972.0
303999,episode/length,500.0
307992,episode/return,971.0
307992,episode/length,500.0
307993,episode/return,996.0
307993,episode/length,500.0
307994,episode/return,972.0
307994,episode/length,500.0
307995,episode/return,968.0
307995,episode/length,500.0
307996,episode/return,995.0
307996,episode/length,500.0
307997,episode/return,958.0
307997,episode/length,500.0
307998,episode/return,987.0
307998,episode/length,500.0
307999,episode/return,972.0
307999,episode/length,500.0
310000,train/consistency_loss_mean,3.512519126525149e-05
310000,train/consistency_loss_std,8.443529199305247e-06
310000,train/continue_loss_mean,0.0
310000,train/continue_loss_std,0.0
310000,train/grad_norm_mean,0.11995768774151802
310000,train/grad_norm_std,0.06054709529863386
310000,train/policy_log_std_mean,-1.0635592096805573
310000,train/policy_log_std_std,0.4443615155058295
310000,train/policy_loss_mean,-4.506777677917481
310000,train/policy_loss_std,0.08458987560112159
310000,train/reward_loss_mean,0.3655161905527115
310000,train/reward_loss_std,0.007569217652794356
310000,train/total_loss_mean,0.07581288070678711
310000,train/total_loss_std,0.0011341891800808097
310000,train/value_loss_mean,0.38558755607604983
310000,train/value_loss_std,0.003960096623978609
310000,train/value_scale_mean,20.637293296813965
310000,train/value_scale_std,0.38064150393725826
310000,timing/collect_chunk_s,102.84877552604303
310000,timing/train_chunk_s,21.511509054340422
310000,dense_rhs/training_bucket_horizon,3.0
310000,system/heartbeat,1.0
311992,episode/return,986.0
311992,episode/length,500.0
311993,episode/return,984.0
311993,episode/length,500.0
311994,episode/return,963.0
311994,episode/length,500.0
311995,episode/return,973.0
311995,episode/length,500.0
311996,episode/return,972.0
311996,episode/length,500.0
311997,episode/return,990.0
311997,episode/length,500.0
311998,episode/return,970.0
311998,episode/length,500.0
311999,episode/return,973.0
311999,episode/length,500.0
315992,episode/return,972.0
315992,episode/length,500.0
315993,episode/return,943.0
315993,episode/length,500.0
315994,episode/return,971.0
315994,episode/length,500.0
315995,episode/return,971.0
315995,episode/length,500.0
315996,episode/return,996.0
315996,episode/length,500.0
315997,episode/return,990.0
315997,episode/length,500.0
315998,episode/return,987.0
315998,episode/length,500.0
315999,episode/return,973.0
315999,episode/length,500.0
319992,episode/return,944.0
319992,episode/length,500.0
319993,episode/return,989.0
319993,episode/length,500.0
319994,episode/return,972.0
319994,episode/length,500.0
319995,episode/return,990.0
319995,episode/length,500.0
319996,episode/return,971.0
319996,episode/length,500.0
319997,episode/return,968.0
319997,episode/length,500.0
319998,episode/return,970.0
319998,episode/length,500.0
319999,episode/return,969.0
319999,episode/length,500.0
320000,train/consistency_loss_mean,3.583426282857545e-05
320000,train/consistency_loss_std,9.04733449678339e-06
320000,train/continue_loss_mean,0.0
320000,train/continue_loss_std,0.0
320000,train/grad_norm_mean,0.1187730155467987
320000,train/grad_norm_std,0.06344409196250604
320000,train/policy_log_std_mean,-1.0903490960121154
320000,train/policy_log_std_std,0.42610096330750163
320000,train/policy_loss_mean,-4.591728665924072
320000,train/policy_loss_std,0.06492814264186687
320000,train/reward_loss_mean,0.3665284352779388
320000,train/reward_loss_std,0.007353521623668955
320000,train/total_loss_mean,0.07593923463225365
320000,train/total_loss_std,0.0011052624258711566
320000,train/value_loss_mean,0.38569704518318176
320000,train/value_loss_std,0.00385149667245724
320000,train/value_scale_mean,20.26405975036621
320000,train/value_scale_std,0.2788347895046091
320000,timing/collect_chunk_s,101.86560083599761
320000,timing/train_chunk_s,21.517064944375306
320000,dense_rhs/training_bucket_horizon,3.0
320000,system/heartbeat,1.0
323992,episode/return,991.0
323992,episode/length,500.0
323993,episode/return,963.0
323993,episode/length,500.0
323994,episode/return,969.0
323994,episode/length,500.0
323995,episode/return,992.0
323995,episode/length,500.0
323996,episode/return,991.0
323996,episode/length,500.0
323997,episode/return,966.0
323997,episode/length,500.0
323998,episode/return,968.0
323998,episode/length,500.0
323999,episode/return,973.0
323999,episode/length,500.0
327992,episode/return,970.0
327992,episode/length,500.0
327993,episode/return,971.0
327993,episode/length,500.0
327994,episode/return,985.0
327994,episode/length,500.0
327995,episode/return,969.0
327995,episode/length,500.0
327996,episode/return,964.0
327996,episode/length,500.0
327997,episode/return,971.0
327997,episode/length,500.0
327998,episode/return,968.0
327998,episode/length,500.0
327999,episode/return,988.0
327999,episode/length,500.0
330000,train/consistency_loss_mean,3.4685720900597515e-05
330000,train/consistency_loss_std,8.830416560265907e-06
330000,train/continue_loss_mean,0.0
330000,train/continue_loss_std,0.0
330000,train/grad_norm_mean,0.11265065954327583
330000,train/grad_norm_std,0.062407710547601365
330000,train/policy_log_std_mean,-1.0208807463169098
330000,train/policy_log_std_std,0.43895882793912755
330000,train/policy_loss_mean,-4.622657976531983
330000,train/policy_loss_std,0.07000908849246672
330000,train/reward_loss_mean,0.3674916984796524
330000,train/reward_loss_std,0.007374175323809309
330000,train/total_loss_mean,0.07605903371572495
330000,train/total_loss_std,0.0011011221037706951
330000,train/value_loss_mean,0.3861614725112915
330000,train/value_loss_std,0.003821491979958779
330000,train/value_scale_mean,20.13891657562256
330000,train/value_scale_std,0.2985125068662259
330000,timing/collect_chunk_s,106.73700867360458
330000,timing/train_chunk_s,21.527121348306537
330000,dense_rhs/training_bucket_horizon,3.0
330000,system/heartbeat,1.0
331992,episode/return,951.0
331992,episode/length,500.0
331993,episode/return,938.0
331993,episode/length,500.0
331994,episode/return,997.0
331994,episode/length,500.0
331995,episode/return,971.0
331995,episode/length,500.0
331996,episode/return,991.0
331996,episode/length,500.0
331997,episode/return,945.0
331997,episode/length,500.0
331998,episode/return,992.0
331998,episode/length,500.0
331999,episode/return,985.0
331999,episode/length,500.0
335992,episode/return,995.0
335992,episode/length,500.0
335993,episode/return,973.0
335993,episode/length,500.0
335994,episode/return,969.0
335994,episode/length,500.0
335995,episode/return,968.0
335995,episode/length,500.0
335996,episode/return,974.0
335996,episode/length,500.0
335997,episode/return,991.0
335997,episode/length,500.0
335998,episode/return,972.0
335998,episode/length,500.0
335999,episode/return,971.0
335999,episode/length,500.0
339992,episode/return,992.0
339992,episode/length,500.0
339993,episode/return,989.0
339993,episode/length,500.0
339994,episode/return,973.0
339994,episode/length,500.0
339995,episode/return,970.0
339995,episode/length,500.0
339996,episode/return,971.0
339996,episode/length,500.0
339997,episode/return,971.0
339997,episode/length,500.0
339998,episode/return,995.0
339998,episode/length,500.0
339999,episode/return,994.0
339999,episode/length,500.0
340000,train/consistency_loss_mean,3.550683477515122e-05
340000,train/consistency_loss_std,8.61249831553313e-06
340000,train/continue_loss_mean,0.0
340000,train/continue_loss_std,0.0
340000,train/grad_norm_mean,0.11887629417777061
340000,train/grad_norm_std,0.06383539880162979
340000,train/policy_log_std_mean,-0.9989342695713043
340000,train/policy_log_std_std,0.4436952656013143
340000,train/policy_loss_mean,-4.670105072784424
340000,train/policy_loss_std,0.06675496326105067
340000,train/reward_loss_mean,0.36829097578525544
340000,train/reward_loss_std,0.007174583652438029
340000,train/total_loss_mean,0.07621665226221085
340000,train/total_loss_std,0.0010711409928929269
340000,train/value_loss_mean,0.3867741544485092
340000,train/value_loss_std,0.003720620495497702
340000,train/value_scale_mean,19.936171922302247
340000,train/value_scale_std,0.2773988720457746
340000,timing/collect_chunk_s,101.14690570626408
340000,timing/train_chunk_s,21.522122606169432
340000,dense_rhs/training_bucket_horizon,3.0
340000,system/heartbeat,1.0
343992,episode/return,993.0
343992,episode/length,500.0
343993,episode/return,969.0
343993,episode/length,500.0
343994,episode/return,973.0
343994,episode/length,500.0
343995,episode/return,995.0
343995,episode/length,500.0
343996,episode/return,972.0
343996,episode/length,500.0
343997,episode/return,992.0
343997,episode/length,500.0
343998,episode/return,991.0
343998,episode/length,500.0
343999,episode/return,974.0
343999,episode/length,500.0
347992,episode/return,995.0
347992,episode/length,500.0
347993,episode/return,996.0
347993,episode/length,500.0
347994,episode/return,970.0
347994,episode/length,500.0
347995,episode/return,994.0
347995,episode/length,500.0
347996,episode/return,989.0
347996,episode/length,500.0
347997,episode/return,991.0
347997,episode/length,500.0
347998,episode/return,971.0
347998,episode/length,500.0
347999,episode/return,961.0
347999,episode/length,500.0
350000,train/consistency_loss_mean,3.615004221792333e-05
350000,train/consistency_loss_std,9.801626103364875e-06
350000,train/continue_loss_mean,0.0
350000,train/continue_loss_std,0.0
350000,train/grad_norm_mean,0.11728675138354301
350000,train/grad_norm_std,0.0645237848314613
350000,train/policy_log_std_mean,-1.000872394800186
350000,train/policy_log_std_std,0.4324322054296084
350000,train/policy_loss_mean,-4.741764941024781
350000,train/policy_loss_std,0.10423195803157151
350000,train/reward_loss_mean,0.36917462141513824
350000,train/reward_loss_std,0.007194424804599906
350000,train/total_loss_mean,0.07638941400051116
350000,train/total_loss_std,0.001075048378986649
350000,train/value_loss_mean,0.38748949677944183
350000,train/value_loss_std,0.003645888711959735
350000,train/value_scale_mean,19.64141495513916
350000,train/value_scale_std,0.42755422773355856
350000,timing/collect_chunk_s,102.02228742977604
350000,timing/train_chunk_s,21.509001990780234
350000,dense_rhs/training_bucket_horizon,3.0
350000,system/heartbeat,1.0
350000,timing/checkpoint_blocking_s,0.3928971001878381
350000,eval/return_mean,984.0999755859375
350000,eval/return_std,10.885311126708984
350000,eval/return_max,1000.0
350000,eval/return_min,969.0
350000,timing/eval_s,26.762619732879102
350000,eval/selected_horizon,3.0
350000,eval/training_bucket_horizon,3.0
350000,system/heartbeat,1.0
351992,episode/return,974.0
351992,episode/length,500.0
351993,episode/return,971.0
351993,episode/length,500.0
351994,episode/return,990.0
351994,episode/length,500.0
351995,episode/return,990.0
351995,episode/length,500.0
351996,episode/return,963.0
351996,episode/length,500.0
351997,episode/return,993.0
351997,episode/length,500.0
351998,episode/return,970.0
351998,episode/length,500.0
351999,episode/return,991.0
351999,episode/length,500.0
355992,episode/return,991.0
355992,episode/length,500.0
355993,episode/return,989.0
355993,episode/length,500.0
355994,episode/return,992.0
355994,episode/length,500.0
355995,episode/return,970.0
355995,episode/length,500.0
355996,episode/return,996.0
355996,episode/length,500.0
355997,episode/return,997.0
355997,episode/length,500.0
355998,episode/return,973.0
355998,episode/length,500.0
355999,episode/return,985.0
355999,episode/length,500.0
359992,episode/return,990.0
359992,episode/length,500.0
359993,episode/return,990.0
359993,episode/length,500.0
359994,episode/return,995.0
359994,episode/length,500.0
359995,episode/return,993.0
359995,episode/length,500.0
359996,episode/return,974.0
359996,episode/length,500.0
359997,episode/return,970.0
359997,episode/length,500.0
359998,episode/return,971.0
359998,episode/length,500.0
359999,episode/return,972.0
359999,episode/length,500.0
360000,train/consistency_loss_mean,3.3823254198068754e-05
360000,train/consistency_loss_std,8.428125792916273e-06
360000,train/continue_loss_mean,0.0
360000,train/continue_loss_std,0.0
360000,train/grad_norm_mean,0.10861547966003418
360000,train/grad_norm_std,0.06104196669250617
360000,train/policy_log_std_mean,-1.0998860558509826
360000,train/policy_log_std_std,0.4292494848956489
360000,train/policy_loss_mean,-4.815441214752197
360000,train/policy_loss_std,0.07720365494063695
360000,train/reward_loss_mean,0.3699876643657684
360000,train/reward_loss_std,0.007126202929522206
360000,train/total_loss_mean,0.07641707233190537
360000,train/total_loss_std,0.001065521461928212
360000,train/value_loss_mean,0.387418391418457
360000,train/value_loss_std,0.003678472430908859
360000,train/value_scale_mean,19.356896992492675
360000,train/value_scale_std,0.30250488883690746
360000,timing/collect_chunk_s,107.2609276282601
360000,timing/train_chunk_s,21.54815329518169
360000,dense_rhs/training_bucket_horizon,3.0
360000,system/heartbeat,1.0
363992,episode/return,961.0
363992,episode/length,500.0
363993,episode/return,992.0
363993,episode/length,500.0
363994,episode/return,995.0
363994,episode/length,500.0
363995,episode/return,969.0
363995,episode/length,500.0
363996,episode/return,991.0
363996,episode/length,500.0
363997,episode/return,970.0
363997,episode/length,500.0
363998,episode/return,995.0
363998,episode/length,500.0
363999,episode/return,991.0
363999,episode/length,500.0
367992,episode/return,993.0
367992,episode/length,500.0
367993,episode/return,993.0
367993,episode/length,500.0
367994,episode/return,989.0
367994,episode/length,500.0
367995,episode/return,968.0
367995,episode/length,500.0
367996,episode/return,990.0
367996,episode/length,500.0
367997,episode/return,971.0
367997,episode/length,500.0
367998,episode/return,973.0
367998,episode/length,500.0
367999,episode/return,991.0
367999,episode/length,500.0
370000,train/consistency_loss_mean,3.285027438832913e-05
370000,train/consistency_loss_std,7.5922113369036795e-06
370000,train/continue_loss_mean,0.0
370000,train/continue_loss_std,0.0
370000,train/grad_norm_mean,0.10903659445345401
370000,train/grad_norm_std,0.06262066913692962
370000,train/policy_log_std_mean,-0.9562979053974152
370000,train/policy_log_std_std,0.45527807953430655
370000,train/policy_loss_mean,-4.98197218170166
370000,train/policy_loss_std,0.11221447828615284
370000,train/reward_loss_mean,0.3708222222328186
370000,train/reward_loss_std,0.007013584295493507
370000,train/total_loss_mean,0.07651498375535011
370000,train/total_loss_std,0.0010438526122592642
370000,train/value_loss_mean,0.38775754795074463
370000,train/value_loss_std,0.0036072544571329403
370000,train/value_scale_mean,18.715189268493653
370000,train/value_scale_std,0.41881522920950126
370000,timing/collect_chunk_s,103.69505081046373
370000,timing/train_chunk_s,21.524841375183314
370000,dense_rhs/training_bucket_horizon,3.0
370000,system/heartbeat,1.0
371992,episode/return,972.0
371992,episode/length,500.0
371993,episode/return,970.0
371993,episode/length,500.0
371994,episode/return,970.0
371994,episode/length,500.0
371995,episode/return,967.0
371995,episode/length,500.0
371996,episode/return,989.0
371996,episode/length,500.0
371997,episode/return,989.0
371997,episode/length,500.0
371998,episode/return,973.0
371998,episode/length,500.0
371999,episode/return,970.0
371999,episode/length,500.0
375992,episode/return,985.0
375992,episode/length,500.0
375993,episode/return,996.0
375993,episode/length,500.0
375994,episode/return,992.0
375994,episode/length,500.0
375995,episode/return,985.0
375995,episode/length,500.0
375996,episode/return,996.0
375996,episode/length,500.0
375997,episode/return,970.0
375997,episode/length,500.0
375998,episode/return,966.0
375998,episode/length,500.0
375999,episode/return,972.0
375999,episode/length,500.0
379992,episode/return,992.0
379992,episode/length,500.0
379993,episode/return,993.0
379993,episode/length,500.0
379994,episode/return,971.0
379994,episode/length,500.0
379995,episode/return,992.0
379995,episode/length,500.0
379996,episode/return,992.0
379996,episode/length,500.0
379997,episode/return,995.0
379997,episode/length,500.0
379998,episode/return,971.0
379998,episode/length,500.0
379999,episode/return,971.0
379999,episode/length,500.0
380000,train/consistency_loss_mean,3.236053319706116e-05
380000,train/consistency_loss_std,7.84265328115258e-06
380000,train/continue_loss_mean,0.0
380000,train/continue_loss_std,0.0
380000,train/grad_norm_mean,0.10617394906878472
380000,train/grad_norm_std,0.06538672627564604
380000,train/policy_log_std_mean,-0.9552041423797607
380000,train/policy_log_std_std,0.4713955593127437
380000,train/policy_loss_mean,-5.104076333999634
380000,train/policy_loss_std,0.12090386107896625
380000,train/reward_loss_mean,0.37156254181861875
380000,train/reward_loss_std,0.006970475327399802
380000,train/total_loss_mean,0.07661325289011002
380000,train/total_loss_std,0.0010402438521065107
380000,train/value_loss_mean,0.3880978658914566
380000,train/value_loss_std,0.0036185187335825274
380000,train/value_scale_mean,18.268917739868165
380000,train/value_scale_std,0.4256677711904292
380000,timing/collect_chunk_s,103.2490999493748
380000,timing/train_chunk_s,21.54343679640442
380000,dense_rhs/training_bucket_horizon,3.0
380000,system/heartbeat,1.0
383992,episode/return,971.0
383992,episode/length,500.0
383993,episode/return,971.0
383993,episode/length,500.0
383994,episode/return,970.0
383994,episode/length,500.0
383995,episode/return,972.0
383995,episode/length,500.0
383996,episode/return,994.0
383996,episode/length,500.0
383997,episode/return,995.0
383997,episode/length,500.0
383998,episode/return,971.0
383998,episode/length,500.0
383999,episode/return,992.0
383999,episode/length,500.0
387992,episode/return,992.0
387992,episode/length,500.0
387993,episode/return,988.0
387993,episode/length,500.0
387994,episode/return,991.0
387994,episode/length,500.0
387995,episode/return,996.0
387995,episode/length,500.0
387996,episode/return,993.0
387996,episode/length,500.0
387997,episode/return,973.0
387997,episode/length,500.0
387998,episode/return,995.0
387998,episode/length,500.0
387999,episode/return,996.0
387999,episode/length,500.0
390000,train/consistency_loss_mean,3.1074060573882886e-05
390000,train/consistency_loss_std,7.255246223476999e-06
390000,train/continue_loss_mean,0.0
390000,train/continue_loss_std,0.0
390000,train/grad_norm_mean,0.10180949603021144
390000,train/grad_norm_std,0.062465299049676376
390000,train/policy_log_std_mean,-0.9369388159751892
390000,train/policy_log_std_std,0.4608159041668414
390000,train/policy_loss_mean,-5.186994534683228
390000,train/policy_loss_std,0.12134311028399196
390000,train/reward_loss_mean,0.3722043617963791
390000,train/reward_loss_std,0.006877876931052627
390000,train/total_loss_mean,0.07673771815896034
390000,train/total_loss_std,0.0010165116214897196
390000,train/value_loss_mean,0.38895798602104187
390000,train/value_loss_std,0.003506483459924125
390000,train/value_scale_mean,17.968493730163573
390000,train/value_scale_std,0.411722500848828
390000,timing/collect_chunk_s,109.11843808693811
390000,timing/train_chunk_s,21.532215281855315
390000,dense_rhs/training_bucket_horizon,3.0
390000,system/heartbeat,1.0
391992,episode/return,991.0
391992,episode/length,500.0
391993,episode/return,982.0
391993,episode/length,500.0
391994,episode/return,973.0
391994,episode/length,500.0
391995,episode/return,993.0
391995,episode/length,500.0
391996,episode/return,988.0
391996,episode/length,500.0
391997,episode/return,988.0
391997,episode/length,500.0
391998,episode/return,986.0
391998,episode/length,500.0
391999,episode/return,970.0
391999,episode/length,500.0
395992,episode/return,990.0
395992,episode/length,500.0
395993,episode/return,991.0
395993,episode/length,500.0
395994,episode/return,974.0
395994,episode/length,500.0
395995,episode/return,994.0
395995,episode/length,500.0
395996,episode/return,972.0
395996,episode/length,500.0
395997,episode/return,971.0
395997,episode/length,500.0
395998,episode/return,973.0
395998,episode/length,500.0
395999,episode/return,986.0
395999,episode/length,500.0
399992,episode/return,969.0
399992,episode/length,500.0
399993,episode/return,939.0
399993,episode/length,500.0
399994,episode/return,995.0
399994,episode/length,500.0
399995,episode/return,970.0
399995,episode/length,500.0
399996,episode/return,970.0
399996,episode/length,500.0
399997,episode/return,988.0
399997,episode/length,500.0
399998,episode/return,968.0
399998,episode/length,500.0
399999,episode/return,991.0
399999,episode/length,500.0
400000,train/consistency_loss_mean,3.140414756344399e-05
400000,train/consistency_loss_std,6.959661724737433e-06
400000,train/continue_loss_mean,0.0
400000,train/continue_loss_std,0.0
400000,train/grad_norm_mean,0.10457029372155667
400000,train/grad_norm_std,0.06230227613075685
400000,train/policy_log_std_mean,-0.9820867656230926
400000,train/policy_log_std_std,0.4701681118216554
400000,train/policy_loss_mean,-5.304188255310058
400000,train/policy_loss_std,0.1388654899136052
400000,train/reward_loss_mean,0.3728100891113281
400000,train/reward_loss_std,0.006839166990029249
400000,train/total_loss_mean,0.07683765802383423
400000,train/total_loss_std,0.0010055458383432642
400000,train/value_loss_mean,0.38928564274311067
400000,train/value_loss_std,0.003436233643906368
400000,train/value_scale_mean,17.575203312683104
400000,train/value_scale_std,0.4554325696192894
400000,timing/collect_chunk_s,102.3092349092476
400000,timing/train_chunk_s,21.524984883144498
400000,dense_rhs/training_bucket_horizon,3.0
400000,system/heartbeat,1.0
400000,timing/checkpoint_blocking_s,0.409967252984643
400000,eval/return_mean,981.1500244140625
400000,eval/return_std,10.364723205566406
400000,eval/return_max,998.0
400000,eval/return_min,970.0
400000,timing/eval_s,26.4039559927769
400000,eval/selected_horizon,3.0
400000,eval/training_bucket_horizon,3.0
400000,system/heartbeat,1.0
403992,episode/return,988.0
403992,episode/length,500.0
403993,episode/return,971.0
403993,episode/length,500.0
403994,episode/return,971.0
403994,episode/length,500.0
403995,episode/return,971.0
403995,episode/length,500.0
403996,episode/return,972.0
403996,episode/length,500.0
403997,episode/return,993.0
403997,episode/length,500.0
403998,episode/return,994.0
403998,episode/length,500.0
403999,episode/return,973.0
403999,episode/length,500.0
407992,episode/return,973.0
407992,episode/length,500.0
407993,episode/return,994.0
407993,episode/length,500.0
407994,episode/return,991.0
407994,episode/length,500.0
407995,episode/return,970.0
407995,episode/length,500.0
407996,episode/return,971.0
407996,episode/length,500.0
407997,episode/return,971.0
407997,episode/length,500.0
407998,episode/return,965.0
407998,episode/length,500.0
407999,episode/return,996.0
407999,episode/length,500.0
410000,train/consistency_loss_mean,3.098825904162368e-05
410000,train/consistency_loss_std,7.350765423473207e-06
410000,train/continue_loss_mean,0.0
410000,train/continue_loss_std,0.0
410000,train/grad_norm_mean,0.10367653520703315
410000,train/grad_norm_std,0.0647970556164391
410000,train/policy_log_std_mean,-1.0059564044475555
410000,train/policy_log_std_std,0.4630435502661479
410000,train/policy_loss_mean,-5.4630165390014644
410000,train/policy_loss_std,0.17171233898626045
410000,train/reward_loss_mean,0.3735302997350693
410000,train/reward_loss_std,0.006822406551653727
410000,train/total_loss_mean,0.07692304029464722
410000,train/total_loss_std,0.0010069729499724836
410000,train/value_loss_mean,0.38950243537425994
410000,train/value_loss_std,0.0034498757596865253
410000,train/value_scale_mean,17.076437815093993
410000,train/value_scale_std,0.5288524846762509
410000,timing/collect_chunk_s,103.53822219418362
410000,timing/train_chunk_s,21.541426971089095
410000,dense_rhs/training_bucket_horizon,3.0
410000,system/heartbeat,1.0
411992,episode/return,966.0
411992,episode/length,500.0
411993,episode/return,991.0
411993,episode/length,500.0
411994,episode/return,994.0
411994,episode/length,500.0
411995,episode/return,969.0
411995,episode/length,500.0
411996,episode/return,994.0
411996,episode/length,500.0
411997,episode/return,972.0
411997,episode/length,500.0
411998,episode/return,968.0
411998,episode/length,500.0
411999,episode/return,992.0
411999,episode/length,500.0
415992,episode/return,972.0
415992,episode/length,500.0
415993,episode/return,990.0
415993,episode/length,500.0
415994,episode/return,993.0
415994,episode/length,500.0
415995,episode/return,992.0
415995,episode/length,500.0
415996,episode/return,996.0
415996,episode/length,500.0
415997,episode/return,986.0
415997,episode/length,500.0
415998,episode/return,988.0
415998,episode/length,500.0
415999,episode/return,971.0
415999,episode/length,500.0
419992,episode/return,994.0
419992,episode/length,500.0
419993,episode/return,968.0
419993,episode/length,500.0
419994,episode/return,997.0
419994,episode/length,500.0
419995,episode/return,967.0
419995,episode/length,500.0
419996,episode/return,991.0
419996,episode/length,500.0
419997,episode/return,970.0
419997,episode/length,500.0
419998,episode/return,967.0
419998,episode/length,500.0
419999,episode/return,992.0
419999,episode/length,500.0
420000,train/consistency_loss_mean,3.068112050386844e-05
420000,train/consistency_loss_std,6.958351406238421e-06
420000,train/continue_loss_mean,0.0
420000,train/continue_loss_std,0.0
420000,train/grad_norm_mean,0.10250212618708611
420000,train/grad_norm_std,0.06276409664566736
420000,train/policy_log_std_mean,-1.0212919654369355
420000,train/policy_log_std_std,0.449628735014796
420000,train/policy_loss_mean,-5.655301567077637
420000,train/policy_loss_std,0.14961121362788776
420000,train/reward_loss_mean,0.3742002252101898
420000,train/reward_loss_std,0.006709307872849222
420000,train/total_loss_mean,0.07700821667909623
420000,train/total_loss_std,0.0009895618436556294
420000,train/value_loss_mean,0.38974569451808927
420000,train/value_loss_std,0.0034255899617186463
420000,train/value_scale_mean,16.492497119140626
420000,train/value_scale_std,0.4308719960656402
420000,timing/collect_chunk_s,103.40108994673938
420000,timing/train_chunk_s,21.53006741264835
420000,dense_rhs/training_bucket_horizon,3.0
420000,system/heartbeat,1.0
423992,episode/return,984.0
423992,episode/length,500.0
423993,episode/return,990.0
423993,episode/length,500.0
423994,episode/return,983.0
423994,episode/length,500.0
423995,episode/return,990.0
423995,episode/length,500.0
423996,episode/return,970.0
423996,episode/length,500.0
423997,episode/return,990.0
423997,episode/length,500.0
423998,episode/return,969.0
423998,episode/length,500.0
423999,episode/return,991.0
423999,episode/length,500.0
427992,episode/return,990.0
427992,episode/length,500.0
427993,episode/return,996.0
427993,episode/length,500.0
427994,episode/return,992.0
427994,episode/length,500.0
427995,episode/return,990.0
427995,episode/length,500.0
427996,episode/return,991.0
427996,episode/length,500.0
427997,episode/return,996.0
427997,episode/length,500.0
427998,episode/return,968.0
427998,episode/length,500.0
427999,episode/return,994.0
427999,episode/length,500.0
430000,train/consistency_loss_mean,3.108951073663775e-05
430000,train/consistency_loss_std,7.136555507180569e-06
430000,train/continue_loss_mean,0.0
430000,train/continue_loss_std,0.0
430000,train/grad_norm_mean,0.10371787222921848
430000,train/grad_norm_std,0.06393734633212585
430000,train/policy_log_std_mean,-1.055114875984192
430000,train/policy_log_std_std,0.45244435266466054
430000,train/policy_loss_mean,-5.818269226074219
430000,train/policy_loss_std,0.20891060328236216
430000,train/reward_loss_mean,0.3747634537220001
430000,train/reward_loss_std,0.00665032719330542
430000,train/total_loss_mean,0.07710220745801925
430000,train/total_loss_std,0.0009847610393872537
430000,train/value_loss_mean,0.390040705704689
430000,train/value_loss_std,0.003384060749796468
430000,train/value_scale_mean,16.040256239318847
430000,train/value_scale_std,0.5656809292450342
430000,timing/collect_chunk_s,110.72509310534224
430000,timing/train_chunk_s,21.51555310515687
430000,dense_rhs/training_bucket_horizon,3.0
430000,system/heartbeat,1.0
431992,episode/return,984.0
431992,episode/length,500.0
431993,episode/return,987.0
431993,episode/length,500.0
431994,episode/return,993.0
431994,episode/length,500.0
431995,episode/return,996.0
431995,episode/length,500.0
431996,episode/return,991.0
431996,episode/length,500.0
431997,episode/return,981.0
431997,episode/length,500.0
431998,episode/return,967.0
431998,episode/length,500.0
431999,episode/return,995.0
431999,episode/length,500.0
435992,episode/return,965.0
435992,episode/length,500.0
435993,episode/return,971.0
435993,episode/length,500.0
435994,episode/return,990.0
435994,episode/length,500.0
435995,episode/return,972.0
435995,episode/length,500.0
435996,episode/return,971.0
435996,episode/length,500.0
435997,episode/return,963.0
435997,episode/length,500.0
435998,episode/return,989.0
435998,episode/length,500.0
435999,episode/return,972.0
435999,episode/length,500.0
439992,episode/return,987.0
439992,episode/length,500.0
439993,episode/return,988.0
439993,episode/length,500.0
439994,episode/return,969.0
439994,episode/length,500.0
439995,episode/return,970.0
439995,episode/length,500.0
439996,episode/return,994.0
439996,episode/length,500.0
439997,episode/return,989.0
439997,episode/length,500.0
439998,episode/return,972.0
439998,episode/length,500.0
439999,episode/return,972.0
439999,episode/length,500.0
440000,train/consistency_loss_mean,3.045323671976803e-05
440000,train/consistency_loss_std,7.475856499433035e-06
440000,train/continue_loss_mean,0.0
440000,train/continue_loss_std,0.0
440000,train/grad_norm_mean,0.10171069432497025
440000,train/grad_norm_std,0.06672629338557276
440000,train/policy_log_std_mean,-1.0313196259975432
440000,train/policy_log_std_std,0.4664812871560709
440000,train/policy_loss_mean,-5.9594546394348145
440000,train/policy_loss_std,0.16878526326093757
440000,train/reward_loss_mean,0.3751783850669861
440000,train/reward_loss_std,0.006695234836030669
440000,train/total_loss_mean,0.07719135423898697
440000,train/total_loss_std,0.0009882502463316614
440000,train/value_loss_mean,0.3906444905757904
440000,train/value_loss_std,0.0033618292748329305
440000,train/value_scale_mean,15.648128199005127
440000,train/value_scale_std,0.43451758880511904
440000,timing/collect_chunk_s,102.41594217065722
440000,timing/train_chunk_s,21.54533177940175
440000,dense_rhs/training_bucket_horizon,3.0
440000,system/heartbeat,1.0
443992,episode/return,995.0
443992,episode/length,500.0
443993,episode/return,990.0
443993,episode/length,500.0
443994,episode/return,988.0
443994,episode/length,500.0
443995,episode/return,941.0
443995,episode/length,500.0
443996,episode/return,995.0
443996,episode/length,500.0
443997,episode/return,971.0
443997,episode/length,500.0
443998,episode/return,993.0
443998,episode/length,500.0
443999,episode/return,974.0
443999,episode/length,500.0
447992,episode/return,990.0
447992,episode/length,500.0
447993,episode/return,996.0
447993,episode/length,500.0
447994,episode/return,990.0
447994,episode/length,500.0
447995,episode/return,992.0
447995,episode/length,500.0
447996,episode/return,992.0
447996,episode/length,500.0
447997,episode/return,968.0
447997,episode/length,500.0
447998,episode/return,988.0
447998,episode/length,500.0
447999,episode/return,971.0
447999,episode/length,500.0
450000,train/consistency_loss_mean,2.986593734822236e-05
450000,train/consistency_loss_std,7.0742739147506484e-06
450000,train/continue_loss_mean,0.0
450000,train/continue_loss_std,0.0
450000,train/grad_norm_mean,0.10038492644429207
450000,train/grad_norm_std,0.06515448227768843
450000,train/policy_log_std_mean,-1.0692450934410096
450000,train/policy_log_std_std,0.4564837525301958
450000,train/policy_loss_mean,-6.1434885612487795
450000,train/policy_loss_std,0.20475437410127295
450000,train/reward_loss_mean,0.3757353998661041
450000,train/reward_loss_std,0.00664182075103276
450000,train/total_loss_mean,0.07725616217851639
450000,train/total_loss_std,0.0009766438802183421
450000,train/value_loss_mean,0.3908530163764954
450000,train/value_loss_std,0.003318025388401331
450000,train/value_scale_mean,15.187234608459473
450000,train/value_scale_std,0.5030420072791066
450000,timing/collect_chunk_s,102.2982220207341
450000,timing/train_chunk_s,21.548655311577022
450000,dense_rhs/training_bucket_horizon,3.0
450000,system/heartbeat,1.0
450000,timing/checkpoint_blocking_s,0.4225612450391054
450000,eval/return_mean,982.9000244140625
450000,eval/return_std,10.435036659240723
450000,eval/return_max,1000.0
450000,eval/return_min,970.0
450000,timing/eval_s,26.585938110016286
450000,eval/selected_horizon,3.0
450000,eval/training_bucket_horizon,3.0
450000,system/heartbeat,1.0
451992,episode/return,989.0
451992,episode/length,500.0
451993,episode/return,996.0
451993,episode/length,500.0
451994,episode/return,972.0
451994,episode/length,500.0
451995,episode/return,990.0
451995,episode/length,500.0
451996,episode/return,974.0
451996,episode/length,500.0
451997,episode/return,988.0
451997,episode/length,500.0
451998,episode/return,972.0
451998,episode/length,500.0
451999,episode/return,971.0
451999,episode/length,500.0
455992,episode/return,989.0
455992,episode/length,500.0
455993,episode/return,996.0
455993,episode/length,500.0
455994,episode/return,991.0
455994,episode/length,500.0
455995,episode/return,989.0
455995,episode/length,500.0
455996,episode/return,988.0
455996,episode/length,500.0
455997,episode/return,971.0
455997,episode/length,500.0
455998,episode/return,960.0
455998,episode/length,500.0
455999,episode/return,990.0
455999,episode/length,500.0
459992,episode/return,995.0
459992,episode/length,500.0
459993,episode/return,969.0
459993,episode/length,500.0
459994,episode/return,971.0
459994,episode/length,500.0
459995,episode/return,973.0
459995,episode/length,500.0
459996,episode/return,995.0
459996,episode/length,500.0
459997,episode/return,990.0
459997,episode/length,500.0
459998,episode/return,997.0
459998,episode/length,500.0
459999,episode/return,972.0
459999,episode/length,500.0
460000,train/consistency_loss_mean,2.9811516535119154e-05
460000,train/consistency_loss_std,6.897928841388433e-06
460000,train/continue_loss_mean,0.0
460000,train/continue_loss_std,0.0
460000,train/grad_norm_mean,0.10195419766306878
460000,train/grad_norm_std,0.06761878783753542
460000,train/policy_log_std_mean,-1.0589379774093628
460000,train/policy_log_std_std,0.44909867991083335
460000,train/policy_loss_mean,-6.3170891277313235
460000,train/policy_loss_std,0.24852296933675777
460000,train/reward_loss_mean,0.3762533879995346
460000,train/reward_loss_std,0.006457043713741689
460000,train/total_loss_mean,0.07733233560323716
460000,train/total_loss_std,0.0009508281865428232
460000,train/value_loss_mean,0.39110764446258545
460000,train/value_loss_std,0.0032506397796521528
460000,train/value_scale_mean,14.778428464508057
460000,train/value_scale_std,0.5696201343398883
460000,timing/collect_chunk_s,102.92637672834098
460000,timing/train_chunk_s,21.546888832002878
460000,dense_rhs/training_bucket_horizon,3.0
460000,system/heartbeat,1.0
463992,episode/return,992.0
463992,episode/length,500.0
463993,episode/return,994.0
463993,episode/length,500.0
463994,episode/return,990.0
463994,episode/length,500.0
463995,episode/return,959.0
463995,episode/length,500.0
463996,episode/return,993.0
463996,episode/length,500.0
463997,episode/return,989.0
463997,episode/length,500.0
463998,episode/return,991.0
463998,episode/length,500.0
463999,episode/return,994.0
463999,episode/length,500.0
467992,episode/return,995.0
467992,episode/length,500.0
467993,episode/return,990.0
467993,episode/length,500.0
467994,episode/return,988.0
467994,episode/length,500.0
467995,episode/return,983.0
467995,episode/length,500.0
467996,episode/return,972.0
467996,episode/length,500.0
467997,episode/return,974.0
467997,episode/length,500.0
467998,episode/return,992.0
467998,episode/length,500.0
467999,episode/return,996.0
467999,episode/length,500.0
470000,train/consistency_loss_mean,2.9637195670511574e-05
470000,train/consistency_loss_std,6.9404759192464394e-06
470000,train/continue_loss_mean,0.0
470000,train/continue_loss_std,0.0
470000,train/grad_norm_mean,0.09971843678951263
470000,train/grad_norm_std,0.06428978247813799
470000,train/policy_log_std_mean,-1.079072855091095
470000,train/policy_log_std_std,0.46315046963740547
470000,train/policy_loss_mean,-6.63571594543457
470000,train/policy_loss_std,0.2552015384381741
470000,train/reward_loss_mean,0.3767612519264221
470000,train/reward_loss_std,0.00646335889426087
470000,train/total_loss_mean,0.0773845567882061
470000,train/total_loss_std,0.0009531883242140347
470000,train/value_loss_mean,0.39115685737133027
470000,train/value_loss_std,0.0032753014316186874
470000,train/value_scale_mean,14.071260465240478
470000,train/value_scale_std,0.5389918440334143
470000,timing/collect_chunk_s,112.5287138982676
470000,timing/train_chunk_s,20.80578917823732
470000,dense_rhs/training_bucket_horizon,3.0
470000,system/heartbeat,1.0
471992,episode/return,944.0
471992,episode/length,500.0
471993,episode/return,971.0
471993,episode/length,500.0
471994,episode/return,988.0
471994,episode/length,500.0
471995,episode/return,971.0
471995,episode/length,500.0
471996,episode/return,992.0
471996,episode/length,500.0
471997,episode/return,991.0
471997,episode/length,500.0
471998,episode/return,972.0
471998,episode/length,500.0
471999,episode/return,992.0
471999,episode/length,500.0
475992,episode/return,972.0
475992,episode/length,500.0
475993,episode/return,990.0
475993,episode/length,500.0
475994,episode/return,972.0
475994,episode/length,500.0
475995,episode/return,947.0
475995,episode/length,500.0
475996,episode/return,994.0
475996,episode/length,500.0
475997,episode/return,989.0
475997,episode/length,500.0
475998,episode/return,971.0
475998,episode/length,500.0
475999,episode/return,991.0
475999,episode/length,500.0
479992,episode/return,984.0
479992,episode/length,500.0
479993,episode/return,995.0
479993,episode/length,500.0
479994,episode/return,968.0
479994,episode/length,500.0
479995,episode/return,993.0
479995,episode/length,500.0
479996,episode/return,991.0
479996,episode/length,500.0
479997,episode/return,970.0
479997,episode/length,500.0
479998,episode/return,970.0
479998,episode/length,500.0
479999,episode/return,988.0
479999,episode/length,500.0
480000,train/consistency_loss_mean,2.9417519354319665e-05
480000,train/consistency_loss_std,7.046303170114732e-06
480000,train/continue_loss_mean,0.0
480000,train/continue_loss_std,0.0
480000,train/grad_norm_mean,0.09882213533520698
480000,train/grad_norm_std,0.06804064994772926
480000,train/policy_log_std_mean,-1.2086702731132508
480000,train/policy_log_std_std,0.4434074698256513
480000,train/policy_loss_mean,-6.924078951263428
480000,train/policy_loss_std,0.30247368882676584
480000,train/reward_loss_mean,0.37720761687755583
480000,train/reward_loss_std,0.006429385418938573
480000,train/total_loss_mean,0.07741890326738357
480000,train/total_loss_std,0.0009561089292699235
480000,train/value_loss_mean,0.3910978899002075
480000,train/value_loss_std,0.003318981105309184
480000,train/value_scale_mean,13.499343496704101
480000,train/value_scale_std,0.5799725434507758
480000,timing/collect_chunk_s,102.53811560757458
480000,timing/train_chunk_s,20.60882852645591
480000,dense_rhs/training_bucket_horizon,3.0
480000,system/heartbeat,1.0
483992,episode/return,996.0
483992,episode/length,500.0
483993,episode/return,995.0
483993,episode/length,500.0
483994,episode/return,990.0
483994,episode/length,500.0
483995,episode/return,995.0
483995,episode/length,500.0
483996,episode/return,988.0
483996,episode/length,500.0
483997,episode/return,986.0
483997,episode/length,500.0
483998,episode/return,970.0
483998,episode/length,500.0
483999,episode/return,969.0
483999,episode/length,500.0
487992,episode/return,988.0
487992,episode/length,500.0
487993,episode/return,996.0
487993,episode/length,500.0
487994,episode/return,963.0
487994,episode/length,500.0
487995,episode/return,973.0
487995,episode/length,500.0
487996,episode/return,970.0
487996,episode/length,500.0
487997,episode/return,996.0
487997,episode/length,500.0
487998,episode/return,971.0
487998,episode/length,500.0
487999,episode/return,990.0
487999,episode/length,500.0
490000,train/consistency_loss_mean,2.899929036066169e-05
490000,train/consistency_loss_std,7.307281071357781e-06
490000,train/continue_loss_mean,0.0
490000,train/continue_loss_std,0.0
490000,train/grad_norm_mean,0.0968333190560341
490000,train/grad_norm_std,0.06778258566215276
490000,train/policy_log_std_mean,-1.1321831560134887
490000,train/policy_log_std_std,0.4574919113198091
490000,train/policy_loss_mean,-7.110461330032349
490000,train/policy_loss_std,0.32763474076746996
490000,train/reward_loss_mean,0.3775641379594803
490000,train/reward_loss_std,0.006357225931026683
490000,train/total_loss_mean,0.07747854703068734
490000,train/total_loss_std,0.0009393250780197891
490000,train/value_loss_mean,0.39142145438194276
490000,train/value_loss_std,0.0032376790958836142
490000,train/value_scale_mean,13.146908777618409
490000,train/value_scale_std,0.6026773907456486
490000,timing/collect_chunk_s,101.95927880238742
490000,timing/train_chunk_s,20.563941095024347
490000,dense_rhs/training_bucket_horizon,3.0
490000,system/heartbeat,1.0
491992,episode/return,992.0
491992,episode/length,500.0
491993,episode/return,971.0
491993,episode/length,500.0
491994,episode/return,965.0
491994,episode/length,500.0
491995,episode/return,997.0
491995,episode/length,500.0
491996,episode/return,973.0
491996,episode/length,500.0
491997,episode/return,973.0
491997,episode/length,500.0
491998,episode/return,972.0
491998,episode/length,500.0
491999,episode/return,969.0
491999,episode/length,500.0
495992,episode/return,971.0
495992,episode/length,500.0
495993,episode/return,992.0
495993,episode/length,500.0
495994,episode/return,991.0
495994,episode/length,500.0
495995,episode/return,972.0
495995,episode/length,500.0
495996,episode/return,994.0
495996,episode/length,500.0
495997,episode/return,973.0
495997,episode/length,500.0
495998,episode/return,991.0
495998,episode/length,500.0
495999,episode/return,992.0
495999,episode/length,500.0
499992,episode/return,961.0
499992,episode/length,500.0
499993,episode/return,997.0
499993,episode/length,500.0
499994,episode/return,947.0
499994,episode/length,500.0
499995,episode/return,991.0
499995,episode/length,500.0
499996,episode/return,964.0
499996,episode/length,500.0
499997,episode/return,995.0
499997,episode/length,500.0
499998,episode/return,970.0
499998,episode/length,500.0
499999,episode/return,993.0
499999,episode/length,500.0
500000,train/consistency_loss_mean,2.8991452761692925e-05
500000,train/consistency_loss_std,7.025806873016868e-06
500000,train/continue_loss_mean,0.0
500000,train/continue_loss_std,0.0
500000,train/grad_norm_mean,0.09725782540142536
500000,train/grad_norm_std,0.06649541602840726
500000,train/policy_log_std_mean,-1.1473228010177612
500000,train/policy_log_std_std,0.45854730116468295
500000,train/policy_loss_mean,-7.363554290008545
500000,train/policy_loss_std,0.28715610114004775
500000,train/reward_loss_mean,0.3779819430351257
500000,train/reward_loss_std,0.00632065819605889
500000,train/total_loss_mean,0.07753951776027679
500000,train/total_loss_std,0.0009373119421213262
500000,train/value_loss_mean,0.3916149290084839
500000,train/value_loss_std,0.0032286313125478093
500000,train/value_scale_mean,12.686987613677978
500000,train/value_scale_std,0.4835707560675562
500000,timing/collect_chunk_s,101.45293768541887
500000,timing/train_chunk_s,20.589369541034102
500000,dense_rhs/training_bucket_horizon,3.0
500000,system/heartbeat,1.0
500000,timing/checkpoint_blocking_s,0.4323288551531732
500000,eval/return_mean,976.9000244140625
500000,eval/return_std,9.766780853271484
500000,eval/return_max,996.0
500000,eval/return_min,970.0
500000,timing/eval_s,26.353226559702307
500000,eval/selected_horizon,3.0
500000,eval/training_bucket_horizon,3.0
500000,system/heartbeat,1.0
