step,tag,value
3992,episode/return,13.535736083984375
3992,episode/length,500.0
3993,episode/return,21.795455932617188
3993,episode/length,500.0
3994,episode/return,14.886930465698242
3994,episode/length,500.0
3995,episode/return,21.94482421875
3995,episode/length,500.0
3996,episode/return,9.216166496276855
3996,episode/length,500.0
3997,episode/return,17.794902801513672
3997,episode/length,500.0
3998,episode/return,12.10688591003418
3998,episode/length,500.0
3999,episode/return,12.837281227111816
3999,episode/length,500.0
4000,seed_pretrain/updates_completed,512.0
4000,timing/collect_chunk_s,54.099394384305924
4000,timing/train_chunk_s,239.57168505713344
4000,system/heartbeat,1.0
4000,seed_pretrain/updates_completed,1024.0
4000,timing/collect_chunk_s,54.099394384305924
4000,timing/train_chunk_s,240.70040707709268
4000,system/heartbeat,1.0
4000,seed_pretrain/updates_completed,1536.0
4000,timing/collect_chunk_s,54.099394384305924
4000,timing/train_chunk_s,241.8292461046949
4000,system/heartbeat,1.0
4000,seed_pretrain/updates_completed,2048.0
4000,timing/collect_chunk_s,54.099394384305924
4000,timing/train_chunk_s,242.95916275214404
4000,system/heartbeat,1.0
4000,seed_pretrain/updates_completed,2560.0
4000,timing/collect_chunk_s,54.099394384305924
4000,timing/train_chunk_s,244.0880916514434
4000,system/heartbeat,1.0
4000,seed_pretrain/updates_completed,3072.0
4000,timing/collect_chunk_s,54.099394384305924
4000,timing/train_chunk_s,245.21701465174556
4000,system/heartbeat,1.0
4000,seed_pretrain/updates_completed,3584.0
4000,timing/collect_chunk_s,54.099394384305924
4000,timing/train_chunk_s,246.34759052284062
4000,system/heartbeat,1.0
7992,episode/return,52.92923355102539
7992,episode/length,500.0
7993,episode/return,61.51670455932617
7993,episode/length,500.0
7994,episode/return,60.832862854003906
7994,episode/length,500.0
7995,episode/return,73.52526092529297
7995,episode/length,500.0
7996,episode/return,64.39972686767578
7996,episode/length,500.0
7997,episode/return,48.217811584472656
7997,episode/length,500.0
7998,episode/return,63.43218231201172
7998,episode/length,500.0
7999,episode/return,60.246585845947266
7999,episode/length,500.0
10000,train/consistency_loss_mean,0.0018193200438283384
10000,train/consistency_loss_std,0.0009750964137615732
10000,train/continue_loss_mean,0.0
10000,train/continue_loss_std,0.0
10000,train/grad_norm_mean,0.6377812771320343
10000,train/grad_norm_std,0.13958441364618623
10000,train/policy_log_std_mean,-1.24617879931132
10000,train/policy_log_std_std,0.643059570058065
10000,train/policy_loss_mean,-2.269004638648033
10000,train/policy_loss_std,1.1352803436066674
10000,train/reward_loss_mean,0.16665460399389267
10000,train/reward_loss_std,0.08928969955536072
10000,train/total_loss_mean,0.08405183593034744
10000,train/total_loss_std,0.03240780607971731
10000,train/value_loss_mean,0.3099997309446335
10000,train/value_loss_std,0.08947895212888132
10000,train/value_scale_mean,1.1866957052230835
10000,train/value_scale_std,0.2584119463751011
10000,timing/collect_chunk_s,267.32022107439116
10000,timing/train_chunk_s,306.4729096740484
10000,dense_rhs/training_bucket_horizon,3.0
10000,system/heartbeat,1.0
11992,episode/return,109.8215560913086
11992,episode/length,500.0
11993,episode/return,125.04132080078125
11993,episode/length,500.0
11994,episode/return,80.46918487548828
11994,episode/length,500.0
11995,episode/return,118.76564025878906
11995,episode/length,500.0
11996,episode/return,115.05413818359375
11996,episode/length,500.0
11997,episode/return,118.92527770996094
11997,episode/length,500.0
11998,episode/return,114.81974029541016
11998,episode/length,500.0
11999,episode/return,111.40385437011719
11999,episode/length,500.0
15992,episode/return,167.67977905273438
15992,episode/length,500.0
15993,episode/return,118.352783203125
15993,episode/length,500.0
15994,episode/return,163.32679748535156
15994,episode/length,500.0
15995,episode/return,165.90487670898438
15995,episode/length,500.0
15996,episode/return,179.0095672607422
15996,episode/length,500.0
15997,episode/return,63.03887939453125
15997,episode/length,500.0
15998,episode/return,0.2780523896217346
15998,episode/length,500.0
15999,episode/return,168.2986297607422
15999,episode/length,500.0
19992,episode/return,153.54000854492188
19992,episode/length,500.0
19993,episode/return,191.4285430908203
19993,episode/length,500.0
19994,episode/return,188.00607299804688
19994,episode/length,500.0
19995,episode/return,150.3415069580078
19995,episode/length,500.0
19996,episode/return,216.6580352783203
19996,episode/length,500.0
19997,episode/return,176.54974365234375
19997,episode/length,500.0
19998,episode/return,229.11366271972656
19998,episode/length,500.0
19999,episode/return,171.16595458984375
19999,episode/length,500.0
20000,train/consistency_loss_mean,0.001922045338805765
20000,train/consistency_loss_std,0.00010447279435856963
20000,train/continue_loss_mean,0.0
20000,train/continue_loss_std,0.0
20000,train/grad_norm_mean,0.582860592508316
20000,train/grad_norm_std,0.05496684379463442
20000,train/policy_log_std_mean,-1.3331829681396485
20000,train/policy_log_std_std,0.5389712053206839
20000,train/policy_loss_mean,-2.2352799458503725
20000,train/policy_loss_std,0.43503171553962333
20000,train/reward_loss_mean,0.2285703182220459
20000,train/reward_loss_std,0.010933686786511677
20000,train/total_loss_mean,0.09013291809558868
20000,train/total_loss_std,0.003045792854356968
20000,train/value_loss_mean,0.2883497817993164
20000,train/value_loss_std,0.013255492700352811
20000,train/value_scale_mean,4.72438773765564
20000,train/value_scale_std,1.8669381755654773
20000,timing/collect_chunk_s,98.6264287950471
20000,timing/train_chunk_s,21.42969075869769
20000,dense_rhs/training_bucket_horizon,3.0
20000,system/heartbeat,1.0
23992,episode/return,276.50390625
23992,episode/length,500.0
23993,episode/return,143.79420471191406
23993,episode/length,500.0
23994,episode/return,164.79734802246094
23994,episode/length,500.0
23995,episode/return,269.3414001464844
23995,episode/length,500.0
23996,episode/return,190.10626220703125
23996,episode/length,500.0
23997,episode/return,258.52099609375
23997,episode/length,500.0
23998,episode/return,168.71505737304688
23998,episode/length,500.0
23999,episode/return,179.89906311035156
23999,episode/length,500.0
27992,episode/return,229.5681915283203
27992,episode/length,500.0
27993,episode/return,251.5589141845703
27993,episode/length,500.0
27994,episode/return,239.50559997558594
27994,episode/length,500.0
27995,episode/return,178.3592529296875
27995,episode/length,500.0
27996,episode/return,318.1423034667969
27996,episode/length,500.0
27997,episode/return,151.44700622558594
27997,episode/length,500.0
27998,episode/return,165.40138244628906
27998,episode/length,500.0
27999,episode/return,254.73455810546875
27999,episode/length,500.0
30000,train/consistency_loss_mean,0.0020452980292961003
30000,train/consistency_loss_std,6.412192849195367e-05
30000,train/continue_loss_mean,0.0
30000,train/continue_loss_std,0.0
30000,train/grad_norm_mean,0.5319383813381195
30000,train/grad_norm_std,0.040649727008276466
30000,train/policy_log_std_mean,-1.078228231048584
30000,train/policy_log_std_std,0.4196672254886697
30000,train/policy_loss_mean,-1.1716413635253906
30000,train/policy_loss_std,0.2063545784101216
30000,train/reward_loss_mean,0.24605973923206328
30000,train/reward_loss_std,0.009350935198290224
30000,train/total_loss_mean,0.09519337381124496
30000,train/total_loss_std,0.002290787978485953
30000,train/value_loss_mean,0.2968143789052963
30000,train/value_loss_std,0.014248396772038183
30000,train/value_scale_mean,15.945695735168457
30000,train/value_scale_std,3.944147169722562
30000,timing/collect_chunk_s,98.42723836749792
30000,timing/train_chunk_s,21.501498346682638
30000,dense_rhs/training_bucket_horizon,3.0
30000,system/heartbeat,1.0
31992,episode/return,189.12454223632812
31992,episode/length,500.0
31993,episode/return,312.2374572753906
31993,episode/length,500.0
31994,episode/return,274.40081787109375
31994,episode/length,500.0
31995,episode/return,247.1802215576172
31995,episode/length,500.0
31996,episode/return,210.07484436035156
31996,episode/length,500.0
31997,episode/return,284.82147216796875
31997,episode/length,500.0
31998,episode/return,341.9408874511719
31998,episode/length,500.0
31999,episode/return,0.08691191673278809
31999,episode/length,500.0
35992,episode/return,325.9331359863281
35992,episode/length,500.0
35993,episode/return,0.08451181650161743
35993,episode/length,500.0
35994,episode/return,302.5669250488281
35994,episode/length,500.0
35995,episode/return,343.5141906738281
35995,episode/length,500.0
35996,episode/return,134.5104522705078
35996,episode/length,500.0
35997,episode/return,314.5560607910156
35997,episode/length,500.0
35998,episode/return,332.51983642578125
35998,episode/length,500.0
35999,episode/return,310.9637145996094
35999,episode/length,500.0
39992,episode/return,354.68389892578125
39992,episode/length,500.0
39993,episode/return,341.2150573730469
39993,episode/length,500.0
39994,episode/return,214.14382934570312
39994,episode/length,500.0
39995,episode/return,338.6028747558594
39995,episode/length,500.0
39996,episode/return,365.79833984375
39996,episode/length,500.0
39997,episode/return,292.1678161621094
39997,episode/length,500.0
39998,episode/return,372.3125915527344
39998,episode/length,500.0
39999,episode/return,355.2903747558594
39999,episode/length,500.0
40000,train/consistency_loss_mean,0.0020759376442059875
40000,train/consistency_loss_std,6.43611046198664e-05
40000,train/continue_loss_mean,0.0
40000,train/continue_loss_std,0.0
40000,train/grad_norm_mean,0.5072672377347947
40000,train/grad_norm_std,0.03604138740189087
40000,train/policy_log_std_mean,-1.0078685061772665
40000,train/policy_log_std_std,0.34525789145737107
40000,train/policy_loss_mean,-1.2718764742851256
40000,train/policy_loss_std,0.040443623694899476
40000,train/reward_loss_mean,0.2504568322300911
40000,train/reward_loss_std,0.008830119109958862
40000,train/total_loss_mean,0.09678030114769935
40000,train/total_loss_std,0.0027131509752232165
40000,train/value_loss_mean,0.30215863111019137
40000,train/value_loss_std,0.020370126356967496
40000,train/value_scale_mean,19.42039755859375
40000,train/value_scale_std,1.2337219986191996
40000,timing/collect_chunk_s,99.70196920633316
40000,timing/train_chunk_s,21.529694912955165
40000,dense_rhs/training_bucket_horizon,3.0
40000,system/heartbeat,1.0
43992,episode/return,125.33320617675781
43992,episode/length,500.0
43993,episode/return,240.8665313720703
43993,episode/length,500.0
43994,episode/return,216.42105102539062
43994,episode/length,500.0
43995,episode/return,179.13108825683594
43995,episode/length,500.0
43996,episode/return,100.74974060058594
43996,episode/length,500.0
43997,episode/return,119.40404510498047
43997,episode/length,500.0
43998,episode/return,302.42816162109375
43998,episode/length,500.0
43999,episode/return,245.51629638671875
43999,episode/length,500.0
47992,episode/return,61.43017578125
47992,episode/length,500.0
47993,episode/return,172.89846801757812
47993,episode/length,500.0
47994,episode/return,217.5553741455078
47994,episode/length,500.0
47995,episode/return,0.07449108362197876
47995,episode/length,500.0
47996,episode/return,224.152587890625
47996,episode/length,500.0
47997,episode/return,271.3175964355469
47997,episode/length,500.0
47998,episode/return,201.045166015625
47998,episode/length,500.0
47999,episode/return,260.61956787109375
47999,episode/length,500.0
50000,train/consistency_loss_mean,0.002129452904872596
50000,train/consistency_loss_std,7.546003937619038e-05
50000,train/continue_loss_mean,0.0
50000,train/continue_loss_std,0.0
50000,train/grad_norm_mean,0.5017530684232712
50000,train/grad_norm_std,0.03707993830764391
50000,train/policy_log_std_mean,-0.8794001720428467
50000,train/policy_log_std_std,0.2996079866755048
50000,train/policy_loss_mean,-1.1038747559547424
50000,train/policy_loss_std,0.0843645467381461
50000,train/reward_loss_mean,0.24973268904685975
50000,train/reward_loss_std,0.008745826957646934
50000,train/total_loss_mean,0.09580880204439163
50000,train/total_loss_std,0.002536567046792076
50000,train/value_loss_mean,0.2824647420167923
50000,train/value_loss_std,0.01589545284404871
50000,train/value_scale_mean,26.18226506652832
50000,train/value_scale_std,2.176507186957789
50000,timing/collect_chunk_s,99.18959287321195
50000,timing/train_chunk_s,21.5137062901631
50000,dense_rhs/training_bucket_horizon,3.0
50000,system/heartbeat,1.0
50000,timing/checkpoint_blocking_s,0.396578551735729
50000,eval/return_mean,180.1767120361328
50000,eval/return_std,56.01200866699219
50000,eval/return_max,298.56463623046875
50000,eval/return_min,93.64727783203125
50000,timing/eval_s,104.11849818192422
50000,eval/selected_horizon,3.0
50000,eval/training_bucket_horizon,3.0
50000,system/heartbeat,1.0
51992,episode/return,275.89508056640625
51992,episode/length,500.0
51993,episode/return,252.50363159179688
51993,episode/length,500.0
51994,episode/return,77.7878646850586
51994,episode/length,500.0
51995,episode/return,312.35516357421875
51995,episode/length,500.0
51996,episode/return,325.92254638671875
51996,episode/length,500.0
51997,episode/return,213.40867614746094
51997,episode/length,500.0
51998,episode/return,199.85614013671875
51998,episode/length,500.0
51999,episode/return,236.63424682617188
51999,episode/length,500.0
55992,episode/return,135.40396118164062
55992,episode/length,500.0
55993,episode/return,191.7629852294922
55993,episode/length,500.0
55994,episode/return,147.9537353515625
55994,episode/length,500.0
55995,episode/return,274.5085754394531
55995,episode/length,500.0
55996,episode/return,373.6888732910156
55996,episode/length,500.0
55997,episode/return,206.13534545898438
55997,episode/length,500.0
55998,episode/return,342.39666748046875
55998,episode/length,500.0
55999,episode/return,325.6283874511719
55999,episode/length,500.0
59992,episode/return,326.7158508300781
59992,episode/length,500.0
59993,episode/return,148.9477996826172
59993,episode/length,500.0
59994,episode/return,139.26605224609375
59994,episode/length,500.0
59995,episode/return,351.5268859863281
59995,episode/length,500.0
59996,episode/return,344.5419006347656
59996,episode/length,500.0
59997,episode/return,302.1927490234375
59997,episode/length,500.0
59998,episode/return,284.3140563964844
59998,episode/length,500.0
59999,episode/return,0.22809827327728271
59999,episode/length,500.0
60000,train/consistency_loss_mean,0.00226804479714483
60000,train/consistency_loss_std,8.292944121402402e-05
60000,train/continue_loss_mean,0.0
60000,train/continue_loss_std,0.0
60000,train/grad_norm_mean,0.5023723659992217
60000,train/grad_norm_std,0.03764614809258719
60000,train/policy_log_std_mean,-0.9116756805419922
60000,train/policy_log_std_std,0.31449794088443755
60000,train/policy_loss_mean,-1.043807443332672
60000,train/policy_loss_std,0.05266547139842637
60000,train/reward_loss_mean,0.24661847540140153
60000,train/reward_loss_std,0.008624578748095803
60000,train/total_loss_mean,0.10140049458742141
60000,train/total_loss_std,0.0021725465874570214
60000,train/value_loss_mean,0.3137775007724762
60000,train/value_loss_std,0.0074524530452448464
60000,train/value_scale_mean,30.071660528564454
60000,train/value_scale_std,1.8843605016267928
60000,timing/collect_chunk_s,97.34458530321717
60000,timing/train_chunk_s,21.476346804760396
60000,dense_rhs/training_bucket_horizon,3.0
60000,system/heartbeat,1.0
63992,episode/return,317.49981689453125
63992,episode/length,500.0
63993,episode/return,400.1947326660156
63993,episode/length,500.0
63994,episode/return,346.9300231933594
63994,episode/length,500.0
63995,episode/return,276.560302734375
63995,episode/length,500.0
63996,episode/return,237.57826232910156
63996,episode/length,500.0
63997,episode/return,231.16128540039062
63997,episode/length,500.0
63998,episode/return,418.8104248046875
63998,episode/length,500.0
63999,episode/return,370.8128356933594
63999,episode/length,500.0
67992,episode/return,159.55642700195312
67992,episode/length,500.0
67993,episode/return,361.90423583984375
67993,episode/length,500.0
67994,episode/return,244.17884826660156
67994,episode/length,500.0
67995,episode/return,67.06072235107422
67995,episode/length,500.0
67996,episode/return,246.0964813232422
67996,episode/length,500.0
67997,episode/return,345.6452941894531
67997,episode/length,500.0
67998,episode/return,253.9207763671875
67998,episode/length,500.0
67999,episode/return,275.9258117675781
67999,episode/length,500.0
70000,train/consistency_loss_mean,0.0023581064380705356
70000,train/consistency_loss_std,8.346999034902642e-05
70000,train/continue_loss_mean,0.0
70000,train/continue_loss_std,0.0
70000,train/grad_norm_mean,0.508751795911789
70000,train/grad_norm_std,0.04115898731479194
70000,train/policy_log_std_mean,-0.835961083094279
70000,train/policy_log_std_std,0.29041798801479884
70000,train/policy_loss_mean,-1.0289491061210632
70000,train/policy_loss_std,0.014342724658900958
70000,train/reward_loss_mean,0.24634254492521285
70000,train/reward_loss_std,0.008561284929135368
70000,train/total_loss_mean,0.1000233521938324
70000,train/total_loss_std,0.002476344137648138
70000,train/value_loss_mean,0.28226967310905454
70000,train/value_loss_std,0.019105688512570093
70000,train/value_scale_mean,32.24032258605957
70000,train/value_scale_std,0.23477639782010742
70000,timing/collect_chunk_s,97.38003454636782
70000,timing/train_chunk_s,21.444070232100785
70000,dense_rhs/training_bucket_horizon,3.0
70000,system/heartbeat,1.0
71992,episode/return,416.4151306152344
71992,episode/length,500.0
71993,episode/return,317.7765808105469
71993,episode/length,500.0
71994,episode/return,245.03775024414062
71994,episode/length,500.0
71995,episode/return,351.0894470214844
71995,episode/length,500.0
71996,episode/return,358.8972473144531
71996,episode/length,500.0
71997,episode/return,272.3133544921875
71997,episode/length,500.0
71998,episode/return,290.30169677734375
71998,episode/length,500.0
71999,episode/return,322.4773864746094
71999,episode/length,500.0
75992,episode/return,303.0011291503906
75992,episode/length,500.0
75993,episode/return,317.5687561035156
75993,episode/length,500.0
75994,episode/return,257.437255859375
75994,episode/length,500.0
75995,episode/return,360.5744323730469
75995,episode/length,500.0
75996,episode/return,316.9156188964844
75996,episode/length,500.0
75997,episode/return,411.90283203125
75997,episode/length,500.0
75998,episode/return,356.4703063964844
75998,episode/length,500.0
75999,episode/return,396.34423828125
75999,episode/length,500.0
79992,episode/return,352.8889465332031
79992,episode/length,500.0
79993,episode/return,463.991455078125
79993,episode/length,500.0
79994,episode/return,192.10760498046875
79994,episode/length,500.0
79995,episode/return,440.68939208984375
79995,episode/length,500.0
79996,episode/return,437.5014953613281
79996,episode/length,500.0
79997,episode/return,267.9500427246094
79997,episode/length,500.0
79998,episode/return,196.94822692871094
79998,episode/length,500.0
79999,episode/return,418.1539611816406
79999,episode/length,500.0
80000,train/consistency_loss_mean,0.0024470210734754802
80000,train/consistency_loss_std,8.369009882032308e-05
80000,train/continue_loss_mean,0.0
80000,train/continue_loss_std,0.0
80000,train/grad_norm_mean,0.5154675686359406
80000,train/grad_norm_std,0.044632003414831346
80000,train/policy_log_std_mean,-0.8585343020757039
80000,train/policy_log_std_std,0.30743020894712264
80000,train/policy_loss_mean,-1.0928161520957946
80000,train/policy_loss_std,0.021498744197740064
80000,train/reward_loss_mean,0.24885009254217147
80000,train/reward_loss_std,0.008534352778194462
80000,train/total_loss_mean,0.0991424308180809
80000,train/total_loss_std,0.002219295657195765
80000,train/value_loss_mean,0.25316998653411865
80000,train/value_loss_std,0.00909940593028572
80000,train/value_scale_mean,31.271348428344726
80000,train/value_scale_std,0.5680087824744117
80000,timing/collect_chunk_s,106.04996594181284
80000,timing/train_chunk_s,21.496000891551375
80000,dense_rhs/training_bucket_horizon,3.0
80000,system/heartbeat,1.0
83992,episode/return,407.86334228515625
83992,episode/length,500.0
83993,episode/return,356.4464416503906
83993,episode/length,500.0
83994,episode/return,283.9331970214844
83994,episode/length,500.0
83995,episode/return,329.26190185546875
83995,episode/length,500.0
83996,episode/return,437.2558288574219
83996,episode/length,500.0
83997,episode/return,114.41541290283203
83997,episode/length,500.0
83998,episode/return,450.14111328125
83998,episode/length,500.0
83999,episode/return,388.0882568359375
83999,episode/length,500.0
87992,episode/return,395.3465270996094
87992,episode/length,500.0
87993,episode/return,322.2740478515625
87993,episode/length,500.0
87994,episode/return,382.31903076171875
87994,episode/length,500.0
87995,episode/return,354.6604309082031
87995,episode/length,500.0
87996,episode/return,227.94723510742188
87996,episode/length,500.0
87997,episode/return,327.3600769042969
87997,episode/length,500.0
87998,episode/return,169.53924560546875
87998,episode/length,500.0
87999,episode/return,311.7100524902344
87999,episode/length,500.0
90000,train/consistency_loss_mean,0.002497138019092381
90000,train/consistency_loss_std,8.612437549637242e-05
90000,train/continue_loss_mean,0.0
90000,train/continue_loss_std,0.0
90000,train/grad_norm_mean,0.5190150196790695
90000,train/grad_norm_std,0.048705330753166506
90000,train/policy_log_std_mean,-0.9139419612248738
90000,train/policy_log_std_std,0.3320017002749745
90000,train/policy_loss_mean,-1.0283671751022339
90000,train/policy_loss_std,0.018310134983560565
90000,train/reward_loss_mean,0.25226183792352674
90000,train/reward_loss_std,0.008314737985263377
90000,train/total_loss_mean,0.1056963813483715
90000,train/total_loss_std,0.0028776751410886925
90000,train/value_loss_mean,0.3052743586540222
90000,train/value_loss_std,0.018397570790311808
90000,train/value_scale_mean,35.22359014892578
90000,train/value_scale_std,1.161305606593336
90000,timing/collect_chunk_s,100.9184217536822
90000,timing/train_chunk_s,20.602783881127834
90000,dense_rhs/training_bucket_horizon,3.0
90000,system/heartbeat,1.0
91992,episode/return,315.5259094238281
91992,episode/length,500.0
91993,episode/return,306.8854064941406
91993,episode/length,500.0
91994,episode/return,180.17575073242188
91994,episode/length,500.0
91995,episode/return,398.4365234375
91995,episode/length,500.0
91996,episode/return,377.2161865234375
91996,episode/length,500.0
91997,episode/return,102.54701232910156
91997,episode/length,500.0
91998,episode/return,136.05661010742188
91998,episode/length,500.0
91999,episode/return,245.54750061035156
91999,episode/length,500.0
95992,episode/return,139.2323760986328
95992,episode/length,500.0
95993,episode/return,127.28533935546875
95993,episode/length,500.0
95994,episode/return,239.37139892578125
95994,episode/length,500.0
95995,episode/return,374.29754638671875
95995,episode/length,500.0
95996,episode/return,136.16513061523438
95996,episode/length,500.0
95997,episode/return,171.45138549804688
95997,episode/length,500.0
95998,episode/return,354.2948303222656
95998,episode/length,500.0
95999,episode/return,282.22174072265625
95999,episode/length,500.0
99992,episode/return,295.58221435546875
99992,episode/length,500.0
99993,episode/return,188.34996032714844
99993,episode/length,500.0
99994,episode/return,298.7698974609375
99994,episode/length,500.0
99995,episode/return,167.02764892578125
99995,episode/length,500.0
99996,episode/return,125.13709259033203
99996,episode/length,500.0
99997,episode/return,361.537841796875
99997,episode/length,500.0
99998,episode/return,441.41619873046875
99998,episode/length,500.0
99999,episode/return,397.58935546875
99999,episode/length,500.0
100000,train/consistency_loss_mean,0.0025251308515667915
100000,train/consistency_loss_std,8.65802355300607e-05
100000,train/continue_loss_mean,0.0
100000,train/continue_loss_std,0.0
100000,train/grad_norm_mean,0.5202967952251434
100000,train/grad_norm_std,0.051430835256509794
100000,train/policy_log_std_mean,-0.8861275825500489
100000,train/policy_log_std_std,0.3348250831213018
100000,train/policy_loss_mean,-0.9766159417629242
100000,train/policy_loss_std,0.04141758169648015
100000,train/reward_loss_mean,0.25326213552951815
100000,train/reward_loss_std,0.008376569382394694
100000,train/total_loss_mean,0.10812774214744568
100000,train/total_loss_std,0.0020277135632372815
100000,train/value_loss_mean,0.3229890985250473
100000,train/value_loss_std,0.0065870557519387505
100000,train/value_scale_mean,38.56487152099609
100000,train/value_scale_std,1.7622137951138575
100000,timing/collect_chunk_s,100.17665434954688
100000,timing/train_chunk_s,20.58482022350654
100000,dense_rhs/training_bucket_horizon,3.0
100000,system/heartbeat,1.0
100000,timing/checkpoint_blocking_s,0.44084350019693375
100000,eval/return_mean,301.9411315917969
100000,eval/return_std,87.24280548095703
100000,eval/return_max,446.57867431640625
100000,eval/return_min,159.23883056640625
100000,timing/eval_s,11.39188733510673
100000,eval/selected_horizon,3.0
100000,eval/training_bucket_horizon,3.0
100000,system/heartbeat,1.0
103992,episode/return,344.8625183105469
103992,episode/length,500.0
103993,episode/return,348.1694641113281
103993,episode/length,500.0
103994,episode/return,311.141357421875
103994,episode/length,500.0
103995,episode/return,252.06329345703125
103995,episode/length,500.0
103996,episode/return,453.4545593261719
103996,episode/length,500.0
103997,episode/return,296.9236145019531
103997,episode/length,500.0
103998,episode/return,374.337646484375
103998,episode/length,500.0
103999,episode/return,98.46768951416016
103999,episode/length,500.0
107992,episode/return,483.04156494140625
107992,episode/length,500.0
107993,episode/return,414.1510925292969
107993,episode/length,500.0
107994,episode/return,354.2217102050781
107994,episode/length,500.0
107995,episode/return,103.06595611572266
107995,episode/length,500.0
107996,episode/return,340.49822998046875
107996,episode/length,500.0
107997,episode/return,361.8148193359375
107997,episode/length,500.0
107998,episode/return,377.8802795410156
107998,episode/length,500.0
107999,episode/return,312.1717529296875
107999,episode/length,500.0
110000,train/consistency_loss_mean,0.0025577920604497196
110000,train/consistency_loss_std,9.025373783707412e-05
110000,train/continue_loss_mean,0.0
110000,train/continue_loss_std,0.0
110000,train/grad_norm_mean,0.5205708475112915
110000,train/grad_norm_std,0.05523581646245521
110000,train/policy_log_std_mean,-0.8671982793807983
110000,train/policy_log_std_std,0.3406129941137368
110000,train/policy_loss_mean,-0.9047931228160858
110000,train/policy_loss_std,0.011500477713192538
110000,train/reward_loss_mean,0.25474085671901703
110000,train/reward_loss_std,0.008446558046309886
110000,train/total_loss_mean,0.10766639881730079
110000,train/total_loss_std,0.0021509807368171384
110000,train/value_loss_mean,0.3103647002220154
110000,train/value_loss_std,0.009456935453128106
110000,train/value_scale_mean,42.2958259979248
110000,train/value_scale_std,0.4925001278423976
110000,timing/collect_chunk_s,99.68246865039691
110000,timing/train_chunk_s,20.555136170238256
110000,dense_rhs/training_bucket_horizon,3.0
110000,system/heartbeat,1.0
111992,episode/return,424.10406494140625
111992,episode/length,500.0
111993,episode/return,290.60455322265625
111993,episode/length,500.0
111994,episode/return,311.20013427734375
111994,episode/length,500.0
111995,episode/return,363.7243957519531
111995,episode/length,500.0
111996,episode/return,161.77882385253906
111996,episode/length,500.0
111997,episode/return,445.60784912109375
111997,episode/length,500.0
111998,episode/return,374.0323791503906
111998,episode/length,500.0
111999,episode/return,262.9871520996094
111999,episode/length,500.0
115992,episode/return,426.4642639160156
115992,episode/length,500.0
115993,episode/return,456.9486083984375
115993,episode/length,500.0
115994,episode/return,465.7592468261719
115994,episode/length,500.0
115995,episode/return,429.4781799316406
115995,episode/length,500.0
115996,episode/return,343.5953674316406
115996,episode/length,500.0
115997,episode/return,327.55889892578125
115997,episode/length,500.0
115998,episode/return,459.626708984375
115998,episode/length,500.0
115999,episode/return,300.80694580078125
115999,episode/length,500.0
119992,episode/return,312.19293212890625
119992,episode/length,500.0
119993,episode/return,0.04421055316925049
119993,episode/length,500.0
119994,episode/return,436.5755920410156
119994,episode/length,500.0
119995,episode/return,428.7808532714844
119995,episode/length,500.0
119996,episode/return,337.5938415527344
119996,episode/length,500.0
119997,episode/return,406.98626708984375
119997,episode/length,500.0
119998,episode/return,379.7093811035156
119998,episode/length,500.0
119999,episode/return,481.1020812988281
119999,episode/length,500.0
120000,train/consistency_loss_mean,0.002581071473658085
120000,train/consistency_loss_std,9.342951470383895e-05
120000,train/continue_loss_mean,0.0
120000,train/continue_loss_std,0.0
120000,train/grad_norm_mean,0.5195201417922973
120000,train/grad_norm_std,0.06001628694654474
120000,train/policy_log_std_mean,-0.8570628742853801
120000,train/policy_log_std_std,0.3365035852053189
120000,train/policy_loss_mean,-0.9054719158649445
120000,train/policy_loss_std,0.021541114060633436
120000,train/reward_loss_mean,0.2576405128955841
120000,train/reward_loss_std,0.00842895825942774
120000,train/total_loss_mean,0.10617876970171929
120000,train/total_loss_std,0.002342311071043863
120000,train/value_loss_mean,0.287932875084877
120000,train/value_loss_std,0.008598275332411106
120000,train/value_scale_mean,43.201321505737305
120000,train/value_scale_std,0.629756697275389
120000,timing/collect_chunk_s,99.7375331367366
120000,timing/train_chunk_s,20.567612716928124
120000,dense_rhs/training_bucket_horizon,3.0
120000,system/heartbeat,1.0
123992,episode/return,498.1001892089844
123992,episode/length,500.0
123993,episode/return,482.79229736328125
123993,episode/length,500.0
123994,episode/return,0.33623266220092773
123994,episode/length,500.0
123995,episode/return,416.7166442871094
123995,episode/length,500.0
123996,episode/return,480.7877197265625
123996,episode/length,500.0
123997,episode/return,350.434326171875
123997,episode/length,500.0
123998,episode/return,489.8296813964844
123998,episode/length,500.0
123999,episode/return,458.9562683105469
123999,episode/length,500.0
127992,episode/return,396.0132751464844
127992,episode/length,500.0
127993,episode/return,495.8206787109375
127993,episode/length,500.0
127994,episode/return,385.99835205078125
127994,episode/length,500.0
127995,episode/return,515.7738647460938
127995,episode/length,500.0
127996,episode/return,500.5745849609375
127996,episode/length,500.0
127997,episode/return,492.8279724121094
127997,episode/length,500.0
127998,episode/return,352.9920959472656
127998,episode/length,500.0
127999,episode/return,391.36376953125
127999,episode/length,500.0
130000,train/consistency_loss_mean,0.0025631816821172835
130000,train/consistency_loss_std,9.480652148249865e-05
130000,train/continue_loss_mean,0.0
130000,train/continue_loss_std,0.0
130000,train/grad_norm_mean,0.5170036791801452
130000,train/grad_norm_std,0.06489437602003896
130000,train/policy_log_std_mean,-0.8370470841725667
130000,train/policy_log_std_std,0.32914518845973056
130000,train/policy_loss_mean,-0.9556039413452149
130000,train/policy_loss_std,0.019970063048251198
130000,train/reward_loss_mean,0.2594090713024139
130000,train/reward_loss_std,0.008344820557925053
130000,train/total_loss_mean,0.10454218026995658
130000,train/total_loss_std,0.002354022325525133
130000,train/value_loss_mean,0.2733763800382614
130000,train/value_loss_std,0.008135450391389902
130000,train/value_scale_mean,41.76725241394043
130000,train/value_scale_std,0.5847036251380173
130000,timing/collect_chunk_s,101.21236764313653
130000,timing/train_chunk_s,20.593362629413605
130000,dense_rhs/training_bucket_horizon,3.0
130000,system/heartbeat,1.0
131992,episode/return,194.17926025390625
131992,episode/length,500.0
131993,episode/return,237.63442993164062
131993,episode/length,500.0
131994,episode/return,374.692626953125
131994,episode/length,500.0
131995,episode/return,498.0364990234375
131995,episode/length,500.0
131996,episode/return,384.4405212402344
131996,episode/length,500.0
131997,episode/return,463.74298095703125
131997,episode/length,500.0
131998,episode/return,382.22052001953125
131998,episode/length,500.0
131999,episode/return,441.32940673828125
131999,episode/length,500.0
135992,episode/return,380.6288757324219
135992,episode/length,500.0
135993,episode/return,427.8564758300781
135993,episode/length,500.0
135994,episode/return,376.2865295410156
135994,episode/length,500.0
135995,episode/return,462.1978759765625
135995,episode/length,500.0
135996,episode/return,516.092041015625
135996,episode/length,500.0
135997,episode/return,369.62713623046875
135997,episode/length,500.0
135998,episode/return,479.55029296875
135998,episode/length,500.0
135999,episode/return,423.9370422363281
135999,episode/length,500.0
139992,episode/return,500.0813293457031
139992,episode/length,500.0
139993,episode/return,354.8965759277344
139993,episode/length,500.0
139994,episode/return,475.80645751953125
139994,episode/length,500.0
139995,episode/return,495.9749755859375
139995,episode/length,500.0
139996,episode/return,204.1725311279297
139996,episode/length,500.0
139997,episode/return,380.6682434082031
139997,episode/length,500.0
139998,episode/return,426.90582275390625
139998,episode/length,500.0
139999,episode/return,477.5903015136719
139999,episode/length,500.0
140000,train/consistency_loss_mean,0.0025663119280710817
140000,train/consistency_loss_std,9.543449832400387e-05
140000,train/continue_loss_mean,0.0
140000,train/continue_loss_std,0.0
140000,train/grad_norm_mean,0.5175821371793747
140000,train/grad_norm_std,0.07045076358508595
140000,train/policy_log_std_mean,-0.8236644121805827
140000,train/policy_log_std_std,0.3298464405603283
140000,train/policy_loss_mean,-0.9667558647632599
140000,train/policy_loss_std,0.014512650649161284
140000,train/reward_loss_mean,0.26292771530151365
140000,train/reward_loss_std,0.008311230246086916
140000,train/total_loss_mean,0.10362684463858604
140000,train/total_loss_std,0.002376409578354336
140000,train/value_loss_mean,0.260078333735466
140000,train/value_loss_std,0.008626029036410295
140000,train/value_scale_mean,41.71750088806152
140000,train/value_scale_std,0.40990188695582813
140000,timing/collect_chunk_s,97.24043620424345
140000,timing/train_chunk_s,20.499490134883672
140000,dense_rhs/training_bucket_horizon,3.0
140000,system/heartbeat,1.0
143992,episode/return,379.51068115234375
143992,episode/length,500.0
143993,episode/return,519.8168334960938
143993,episode/length,500.0
143994,episode/return,484.5123596191406
143994,episode/length,500.0
143995,episode/return,478.7982177734375
143995,episode/length,500.0
143996,episode/return,412.60772705078125
143996,episode/length,500.0
143997,episode/return,262.924072265625
143997,episode/length,500.0
143998,episode/return,408.18548583984375
143998,episode/length,500.0
143999,episode/return,467.17919921875
143999,episode/length,500.0
147992,episode/return,423.052001953125
147992,episode/length,500.0
147993,episode/return,489.606201171875
147993,episode/length,500.0
147994,episode/return,260.4603576660156
147994,episode/length,500.0
147995,episode/return,303.7969970703125
147995,episode/length,500.0
147996,episode/return,259.0103759765625
147996,episode/length,500.0
147997,episode/return,466.426513671875
147997,episode/length,500.0
147998,episode/return,458.17486572265625
147998,episode/length,500.0
147999,episode/return,388.4584045410156
147999,episode/length,500.0
150000,train/consistency_loss_mean,0.0025761438466608525
150000,train/consistency_loss_std,9.851142746974583e-05
150000,train/continue_loss_mean,0.0
150000,train/continue_loss_std,0.0
150000,train/grad_norm_mean,0.5171879343986511
150000,train/grad_norm_std,0.0753899572755306
150000,train/policy_log_std_mean,-0.8082795483271281
150000,train/policy_log_std_std,0.3244411967162286
150000,train/policy_loss_mean,-0.9882942655563355
150000,train/policy_loss_std,0.011902207483925713
150000,train/reward_loss_mean,0.2656041419029236
150000,train/reward_loss_std,0.00812954097508276
150000,train/total_loss_mean,0.10368286411166192
150000,train/total_loss_std,0.0024439787901564193
150000,train/value_loss_mean,0.25599571866989135
150000,train/value_loss_std,0.007915665060685494
150000,train/value_scale_mean,41.30413772583008
150000,train/value_scale_std,0.3440820655709485
150000,timing/collect_chunk_s,100.52036479348317
150000,timing/train_chunk_s,20.4800127428025
150000,dense_rhs/training_bucket_horizon,3.0
150000,system/heartbeat,1.0
150000,timing/checkpoint_blocking_s,0.4245815398171544
150000,eval/return_mean,421.9183654785156
150000,eval/return_std,108.2644271850586
150000,eval/return_max,550.457275390625
150000,eval/return_min,46.36335754394531
150000,timing/eval_s,11.375875425059348
150000,eval/selected_horizon,3.0
150000,eval/training_bucket_horizon,3.0
150000,system/heartbeat,1.0
151992,episode/return,502.04400634765625
151992,episode/length,500.0
151993,episode/return,324.16497802734375
151993,episode/length,500.0
151994,episode/return,392.0619201660156
151994,episode/length,500.0
151995,episode/return,308.8200988769531
151995,episode/length,500.0
151996,episode/return,318.2264404296875
151996,episode/length,500.0
151997,episode/return,378.10919189453125
151997,episode/length,500.0
151998,episode/return,408.7478332519531
151998,episode/length,500.0
151999,episode/return,385.4461975097656
151999,episode/length,500.0
155992,episode/return,481.2339782714844
155992,episode/length,500.0
155993,episode/return,446.36944580078125
155993,episode/length,500.0
155994,episode/return,361.239013671875
155994,episode/length,500.0
155995,episode/return,322.8668518066406
155995,episode/length,500.0
155996,episode/return,438.1622619628906
155996,episode/length,500.0
155997,episode/return,494.90484619140625
155997,episode/length,500.0
155998,episode/return,493.2108459472656
155998,episode/length,500.0
155999,episode/return,262.75433349609375
155999,episode/length,500.0
159992,episode/return,237.65487670898438
159992,episode/length,500.0
159993,episode/return,220.97998046875
159993,episode/length,500.0
159994,episode/return,410.59210205078125
159994,episode/length,500.0
159995,episode/return,340.13671875
159995,episode/length,500.0
159996,episode/return,310.28167724609375
159996,episode/length,500.0
159997,episode/return,370.8641662597656
159997,episode/length,500.0
159998,episode/return,511.65655517578125
159998,episode/length,500.0
159999,episode/return,508.4659423828125
159999,episode/length,500.0
160000,train/consistency_loss_mean,0.0025932295620441437
160000,train/consistency_loss_std,0.00010045415521236999
160000,train/continue_loss_mean,0.0
160000,train/continue_loss_std,0.0
160000,train/grad_norm_mean,0.5171220682859421
160000,train/grad_norm_std,0.07925124363130279
160000,train/policy_log_std_mean,-0.8158546827316284
160000,train/policy_log_std_std,0.3212204915302136
160000,train/policy_loss_mean,-0.9914468624591828
160000,train/policy_loss_std,0.011560549370133216
160000,train/reward_loss_mean,0.2672770097017288
160000,train/reward_loss_std,0.008113504613038763
160000,train/total_loss_mean,0.10400262698531151
160000,train/total_loss_std,0.00244005291127476
160000,train/value_loss_mean,0.2541033364534378
160000,train/value_loss_std,0.007541585137687183
160000,train/value_scale_mean,41.56240682983398
160000,train/value_scale_std,0.30892270543322653
160000,timing/collect_chunk_s,98.58432920929044
160000,timing/train_chunk_s,20.528895386494696
160000,dense_rhs/training_bucket_horizon,3.0
160000,system/heartbeat,1.0
163992,episode/return,519.4178466796875
163992,episode/length,500.0
163993,episode/return,478.31207275390625
163993,episode/length,500.0
163994,episode/return,417.61346435546875
163994,episode/length,500.0
163995,episode/return,411.5956726074219
163995,episode/length,500.0
163996,episode/return,482.2413024902344
163996,episode/length,500.0
163997,episode/return,497.8121643066406
163997,episode/length,500.0
163998,episode/return,481.6385803222656
163998,episode/length,500.0
163999,episode/return,442.22900390625
163999,episode/length,500.0
167992,episode/return,431.0745544433594
167992,episode/length,500.0
167993,episode/return,455.2561950683594
167993,episode/length,500.0
167994,episode/return,413.8690490722656
167994,episode/length,500.0
167995,episode/return,383.80926513671875
167995,episode/length,500.0
167996,episode/return,338.9959411621094
167996,episode/length,500.0
167997,episode/return,358.923583984375
167997,episode/length,500.0
167998,episode/return,409.404541015625
167998,episode/length,500.0
167999,episode/return,350.6285095214844
167999,episode/length,500.0
170000,train/consistency_loss_mean,0.0025914582574740053
170000,train/consistency_loss_std,0.00010158800222384102
170000,train/continue_loss_mean,0.0
170000,train/continue_loss_std,0.0
170000,train/grad_norm_mean,0.5149453865528106
170000,train/grad_norm_std,0.0829634913729554
170000,train/policy_log_std_mean,-0.817822077178955
170000,train/policy_log_std_std,0.3168418739103361
170000,train/policy_loss_mean,-1.0035590681552886
170000,train/policy_loss_std,0.011097814253629231
170000,train/reward_loss_mean,0.26835024733543394
170000,train/reward_loss_std,0.008032246205384248
170000,train/total_loss_mean,0.10409616035819054
170000,train/total_loss_std,0.0024274962426872678
170000,train/value_loss_mean,0.25431969606876376
170000,train/value_loss_std,0.007163592419728002
170000,train/value_scale_mean,41.59498788146973
170000,train/value_scale_std,0.21047132690467638
170000,timing/collect_chunk_s,101.76452671829611
170000,timing/train_chunk_s,20.558228820562363
170000,dense_rhs/training_bucket_horizon,3.0
170000,system/heartbeat,1.0
171992,episode/return,415.4474182128906
171992,episode/length,500.0
171993,episode/return,412.0067443847656
171993,episode/length,500.0
171994,episode/return,489.925537109375
171994,episode/length,500.0
171995,episode/return,423.7233581542969
171995,episode/length,500.0
171996,episode/return,353.8555603027344
171996,episode/length,500.0
171997,episode/return,297.06195068359375
171997,episode/length,500.0
171998,episode/return,460.2085876464844
171998,episode/length,500.0
171999,episode/return,503.1926574707031
171999,episode/length,500.0
175992,episode/return,504.8257141113281
175992,episode/length,500.0
175993,episode/return,329.3553466796875
175993,episode/length,500.0
175994,episode/return,434.4774169921875
175994,episode/length,500.0
175995,episode/return,0.09164714813232422
175995,episode/length,500.0
175996,episode/return,386.23565673828125
175996,episode/length,500.0
175997,episode/return,498.80841064453125
175997,episode/length,500.0
175998,episode/return,479.0109558105469
175998,episode/length,500.0
175999,episode/return,495.86981201171875
175999,episode/length,500.0
179992,episode/return,347.2615966796875
179992,episode/length,500.0
179993,episode/return,326.0175476074219
179993,episode/length,500.0
179994,episode/return,540.11962890625
179994,episode/length,500.0
179995,episode/return,339.3096923828125
179995,episode/length,500.0
179996,episode/return,432.46246337890625
179996,episode/length,500.0
179997,episode/return,465.0469055175781
179997,episode/length,500.0
179998,episode/return,283.8212890625
179998,episode/length,500.0
179999,episode/return,390.69720458984375
179999,episode/length,500.0
180000,train/consistency_loss_mean,0.002581407315656543
180000,train/consistency_loss_std,0.00010129824448141759
180000,train/continue_loss_mean,0.0
180000,train/continue_loss_std,0.0
180000,train/grad_norm_mean,0.5123283179998398
180000,train/grad_norm_std,0.08450113734858104
180000,train/policy_log_std_mean,-0.8295472124735515
180000,train/policy_log_std_std,0.3191157751276479
180000,train/policy_loss_mean,-1.0010546259880067
180000,train/policy_loss_std,0.010675080519759782
180000,train/reward_loss_mean,0.26932279448509217
180000,train/reward_loss_std,0.008132948194028343
180000,train/total_loss_mean,0.10480621972084045
180000,train/total_loss_std,0.0023919984783270553
180000,train/value_loss_mean,0.26245792047977445
180000,train/value_loss_std,0.007813568892096624
180000,train/value_scale_mean,42.28718157043457
180000,train/value_scale_std,0.3185784234868449
180000,timing/collect_chunk_s,101.38603190192953
180000,timing/train_chunk_s,20.570934064220637
180000,dense_rhs/training_bucket_horizon,3.0
180000,system/heartbeat,1.0
183992,episode/return,462.7227478027344
183992,episode/length,500.0
183993,episode/return,354.9165954589844
183993,episode/length,500.0
183994,episode/return,388.5289306640625
183994,episode/length,500.0
183995,episode/return,406.80377197265625
183995,episode/length,500.0
183996,episode/return,335.62530517578125
183996,episode/length,500.0
183997,episode/return,311.1201477050781
183997,episode/length,500.0
183998,episode/return,349.576171875
183998,episode/length,500.0
183999,episode/return,446.67205810546875
183999,episode/length,500.0
187992,episode/return,416.58746337890625
187992,episode/length,500.0
187993,episode/return,230.1977996826172
187993,episode/length,500.0
187994,episode/return,419.6826477050781
187994,episode/length,500.0
187995,episode/return,404.57159423828125
187995,episode/length,500.0
187996,episode/return,443.5674743652344
187996,episode/length,500.0
187997,episode/return,390.8631896972656
187997,episode/length,500.0
187998,episode/return,479.67828369140625
187998,episode/length,500.0
187999,episode/return,440.0725402832031
187999,episode/length,500.0
190000,train/consistency_loss_mean,0.0025862578930333255
190000,train/consistency_loss_std,0.0001024522694635458
190000,train/continue_loss_mean,0.0
190000,train/continue_loss_std,0.0
190000,train/grad_norm_mean,0.5156444168329238
190000,train/grad_norm_std,0.09468288406044574
190000,train/policy_log_std_mean,-0.8533989803949992
190000,train/policy_log_std_std,0.3244735955678625
190000,train/policy_loss_mean,-0.9983496792793274
190000,train/policy_loss_std,0.013493203039498611
190000,train/reward_loss_mean,0.26893075678348544
190000,train/reward_loss_std,0.008084297208309712
190000,train/total_loss_mean,0.10657913447618485
190000,train/total_loss_std,0.0023879771000818654
190000,train/value_loss_mean,0.2796089927196503
190000,train/value_loss_std,0.00954368000580355
190000,train/value_scale_mean,43.19742402954102
190000,train/value_scale_std,0.6403010500447827
190000,timing/collect_chunk_s,101.46538672503084
190000,timing/train_chunk_s,20.543811411131173
190000,dense_rhs/training_bucket_horizon,3.0
190000,system/heartbeat,1.0
191992,episode/return,460.29986572265625
191992,episode/length,500.0
191993,episode/return,519.5192260742188
191993,episode/length,500.0
191994,episode/return,347.0864562988281
191994,episode/length,500.0
191995,episode/return,462.5091552734375
191995,episode/length,500.0
191996,episode/return,290.1028747558594
191996,episode/length,500.0
191997,episode/return,442.14996337890625
191997,episode/length,500.0
191998,episode/return,286.954833984375
191998,episode/length,500.0
191999,episode/return,441.9471130371094
191999,episode/length,500.0
195992,episode/return,392.2597351074219
195992,episode/length,500.0
195993,episode/return,400.25262451171875
195993,episode/length,500.0
195994,episode/return,464.307861328125
195994,episode/length,500.0
195995,episode/return,574.292236328125
195995,episode/length,500.0
195996,episode/return,400.8740234375
195996,episode/length,500.0
195997,episode/return,404.88104248046875
195997,episode/length,500.0
195998,episode/return,542.9159545898438
195998,episode/length,500.0
195999,episode/return,470.1792907714844
195999,episode/length,500.0
199992,episode/return,194.66978454589844
199992,episode/length,500.0
199993,episode/return,481.8986511230469
199993,episode/length,500.0
199994,episode/return,392.864013671875
199994,episode/length,500.0
199995,episode/return,464.94586181640625
199995,episode/length,500.0
199996,episode/return,564.9427490234375
199996,episode/length,500.0
199997,episode/return,229.5395965576172
199997,episode/length,500.0
199998,episode/return,406.8157043457031
199998,episode/length,500.0
199999,episode/return,566.9174194335938
199999,episode/length,500.0
200000,train/consistency_loss_mean,0.002583893254213035
200000,train/consistency_loss_std,0.00010254985459990738
200000,train/continue_loss_mean,0.0
200000,train/continue_loss_std,0.0
200000,train/grad_norm_mean,0.5194157929182053
200000,train/grad_norm_std,0.0963059583800169
200000,train/policy_log_std_mean,-0.8728601993560791
200000,train/policy_log_std_std,0.33220496518816595
200000,train/policy_loss_mean,-0.9726597845077515
200000,train/policy_loss_std,0.011824739189291021
200000,train/reward_loss_mean,0.26879885261058806
200000,train/reward_loss_std,0.007867652215928436
200000,train/total_loss_mean,0.10909276475906372
200000,train/total_loss_std,0.0023599589530148624
200000,train/value_loss_mean,0.30535013539791106
200000,train/value_loss_std,0.010508226602364688
200000,train/value_scale_mean,45.367605081176755
200000,train/value_scale_std,0.6562589427562066
200000,timing/collect_chunk_s,98.8303235094063
200000,timing/train_chunk_s,20.526776787359267
200000,dense_rhs/training_bucket_horizon,3.0
200000,system/heartbeat,1.0
200000,timing/checkpoint_blocking_s,0.44147332664579153
200000,eval/return_mean,369.18621826171875
200000,eval/return_std,61.88713836669922
200000,eval/return_max,488.3206787109375
200000,eval/return_min,232.95327758789062
200000,timing/eval_s,11.323124438058585
200000,eval/selected_horizon,3.0
200000,eval/training_bucket_horizon,3.0
200000,system/heartbeat,1.0
203992,episode/return,336.79754638671875
203992,episode/length,500.0
203993,episode/return,340.3857727050781
203993,episode/length,500.0
203994,episode/return,368.90350341796875
203994,episode/length,500.0
203995,episode/return,323.3040771484375
203995,episode/length,500.0
203996,episode/return,413.1024169921875
203996,episode/length,500.0
203997,episode/return,256.6748046875
203997,episode/length,500.0
203998,episode/return,427.81451416015625
203998,episode/length,500.0
203999,episode/return,312.366943359375
203999,episode/length,500.0
207992,episode/return,506.7237548828125
207992,episode/length,500.0
207993,episode/return,485.9589538574219
207993,episode/length,500.0
207994,episode/return,380.5577392578125
207994,episode/length,500.0
207995,episode/return,275.5645446777344
207995,episode/length,500.0
207996,episode/return,565.4981689453125
207996,episode/length,500.0
207997,episode/return,580.0535888671875
207997,episode/length,500.0
207998,episode/return,400.8289794921875
207998,episode/length,500.0
207999,episode/return,502.1103210449219
207999,episode/length,500.0
210000,train/consistency_loss_mean,0.0025794472398236396
210000,train/consistency_loss_std,0.00010351587975973717
210000,train/continue_loss_mean,0.0
210000,train/continue_loss_std,0.0
210000,train/grad_norm_mean,0.520209751701355
210000,train/grad_norm_std,0.10511311458020561
210000,train/policy_log_std_mean,-0.8840490048726399
210000,train/policy_log_std_std,0.3382320101073922
210000,train/policy_loss_mean,-0.9557954967021942
210000,train/policy_loss_std,0.010317228348788884
210000,train/reward_loss_mean,0.2684905668258667
210000,train/reward_loss_std,0.008002622233783122
210000,train/total_loss_mean,0.11110566557645797
210000,train/total_loss_std,0.0022302004944081224
210000,train/value_loss_mean,0.3266766294956207
210000,train/value_loss_std,0.0071275721941974875
210000,train/value_scale_mean,47.391063842773434
210000,train/value_scale_std,0.5039475792900834
210000,timing/collect_chunk_s,103.62896259874105
210000,timing/train_chunk_s,20.569471574854106
210000,dense_rhs/training_bucket_horizon,3.0
210000,system/heartbeat,1.0
211992,episode/return,351.2186584472656
211992,episode/length,500.0
211993,episode/return,442.6789245605469
211993,episode/length,500.0
211994,episode/return,399.0372619628906
211994,episode/length,500.0
211995,episode/return,364.52197265625
211995,episode/length,500.0
211996,episode/return,322.7401123046875
211996,episode/length,500.0
211997,episode/return,488.8626708984375
211997,episode/length,500.0
211998,episode/return,506.89898681640625
211998,episode/length,500.0
211999,episode/return,515.8646240234375
211999,episode/length,500.0
215992,episode/return,328.2559509277344
215992,episode/length,500.0
215993,episode/return,462.6824645996094
215993,episode/length,500.0
215994,episode/return,295.7742004394531
215994,episode/length,500.0
215995,episode/return,460.5956115722656
215995,episode/length,500.0
215996,episode/return,334.05206298828125
215996,episode/length,500.0
215997,episode/return,336.0204162597656
215997,episode/length,500.0
215998,episode/return,512.2346801757812
215998,episode/length,500.0
215999,episode/return,410.78509521484375
215999,episode/length,500.0
219992,episode/return,233.13780212402344
219992,episode/length,500.0
219993,episode/return,378.172119140625
219993,episode/length,500.0
219994,episode/return,297.64141845703125
219994,episode/length,500.0
219995,episode/return,404.25244140625
219995,episode/length,500.0
219996,episode/return,481.01568603515625
219996,episode/length,500.0
219997,episode/return,490.7205505371094
219997,episode/length,500.0
219998,episode/return,285.8363952636719
219998,episode/length,500.0
219999,episode/return,429.1230773925781
219999,episode/length,500.0
220000,train/consistency_loss_mean,0.00257620066087693
220000,train/consistency_loss_std,0.00010450643901581438
220000,train/continue_loss_mean,0.0
220000,train/continue_loss_std,0.0
220000,train/grad_norm_mean,0.5204055181503295
220000,train/grad_norm_std,0.1103125504251034
220000,train/policy_log_std_mean,-0.8821223915735881
220000,train/policy_log_std_std,0.33782209069622754
220000,train/policy_loss_mean,-0.9434961864948272
220000,train/policy_loss_std,0.01085351536143202
220000,train/reward_loss_mean,0.2680117665052414
220000,train/reward_loss_std,0.007895357061334653
220000,train/total_loss_mean,0.11147975326776505
220000,train/total_loss_std,0.00222150990821152
220000,train/value_loss_mean,0.3315456138849258
220000,train/value_loss_std,0.005609878001493498
220000,train/value_scale_mean,49.21534012451172
220000,train/value_scale_std,0.5085560353850179
220000,timing/collect_chunk_s,99.92051692446694
220000,timing/train_chunk_s,20.628832710441202
220000,dense_rhs/training_bucket_horizon,3.0
220000,system/heartbeat,1.0
223992,episode/return,354.5240173339844
223992,episode/length,500.0
223993,episode/return,469.14434814453125
223993,episode/length,500.0
223994,episode/return,353.2826843261719
223994,episode/length,500.0
223995,episode/return,250.19850158691406
223995,episode/length,500.0
223996,episode/return,388.6117858886719
223996,episode/length,500.0
223997,episode/return,433.6541748046875
223997,episode/length,500.0
223998,episode/return,504.4261169433594
223998,episode/length,500.0
223999,episode/return,411.5400695800781
223999,episode/length,500.0
227992,episode/return,310.8828125
227992,episode/length,500.0
227993,episode/return,498.3948669433594
227993,episode/length,500.0
227994,episode/return,387.17083740234375
227994,episode/length,500.0
227995,episode/return,226.03347778320312
227995,episode/length,500.0
227996,episode/return,302.8254699707031
227996,episode/length,500.0
227997,episode/return,323.2281188964844
227997,episode/length,500.0
227998,episode/return,417.1998291015625
227998,episode/length,500.0
227999,episode/return,250.6596221923828
227999,episode/length,500.0
230000,train/consistency_loss_mean,0.002577885618247092
230000,train/consistency_loss_std,0.00010409035492102032
230000,train/continue_loss_mean,0.0
230000,train/continue_loss_std,0.0
230000,train/grad_norm_mean,0.5210839984178544
230000,train/grad_norm_std,0.11408740251647678
230000,train/policy_log_std_mean,-0.8710035287221273
230000,train/policy_log_std_std,0.3383765966018298
230000,train/policy_loss_mean,-0.9320114990711212
230000,train/policy_loss_std,0.010429558468055133
230000,train/reward_loss_mean,0.26770074560642243
230000,train/reward_loss_std,0.007839856371954442
230000,train/total_loss_mean,0.110927188706398
230000,train/total_loss_std,0.002259059963315182
230000,train/value_loss_mean,0.32599400017261504
230000,train/value_loss_std,0.0060918524348165925
230000,train/value_scale_mean,50.57383422241211
230000,train/value_scale_std,0.1961167268245618
230000,timing/collect_chunk_s,103.88043564045802
230000,timing/train_chunk_s,20.581964029930532
230000,dense_rhs/training_bucket_horizon,3.0
230000,system/heartbeat,1.0
231992,episode/return,398.3589782714844
231992,episode/length,500.0
231993,episode/return,355.84765625
231993,episode/length,500.0
231994,episode/return,395.8620910644531
231994,episode/length,500.0
231995,episode/return,548.9468383789062
231995,episode/length,500.0
231996,episode/return,462.1822509765625
231996,episode/length,500.0
231997,episode/return,418.3160400390625
231997,episode/length,500.0
231998,episode/return,437.26788330078125
231998,episode/length,500.0
231999,episode/return,235.54942321777344
231999,episode/length,500.0
235992,episode/return,467.50592041015625
235992,episode/length,500.0
235993,episode/return,444.8845520019531
235993,episode/length,500.0
235994,episode/return,481.04949951171875
235994,episode/length,500.0
235995,episode/return,377.98040771484375
235995,episode/length,500.0
235996,episode/return,0.201002299785614
235996,episode/length,500.0
235997,episode/return,486.5812683105469
235997,episode/length,500.0
235998,episode/return,225.7663116455078
235998,episode/length,500.0
235999,episode/return,286.06378173828125
235999,episode/length,500.0
239992,episode/return,359.0662536621094
239992,episode/length,500.0
239993,episode/return,321.437744140625
239993,episode/length,500.0
239994,episode/return,530.3109741210938
239994,episode/length,500.0
239995,episode/return,329.2332763671875
239995,episode/length,500.0
239996,episode/return,263.11187744140625
239996,episode/length,500.0
239997,episode/return,0.06110525131225586
239997,episode/length,500.0
239998,episode/return,314.7732849121094
239998,episode/length,500.0
239999,episode/return,330.2395935058594
239999,episode/length,500.0
240000,train/consistency_loss_mean,0.0025735536873340605
240000,train/consistency_loss_std,0.00010535750279641807
240000,train/continue_loss_mean,0.0
240000,train/continue_loss_std,0.0
240000,train/grad_norm_mean,0.5186631238937378
240000,train/grad_norm_std,0.11222896417866664
240000,train/policy_log_std_mean,-0.8580130999247233
240000,train/policy_log_std_std,0.33784334033957003
240000,train/policy_loss_mean,-0.9387195748806
240000,train/policy_loss_std,0.010719823387425002
240000,train/reward_loss_mean,0.26660948684215546
240000,train/reward_loss_std,0.00801592028086134
240000,train/total_loss_mean,0.10977230483293533
240000,train/total_loss_std,0.002321703744088799
240000,train/value_loss_mean,0.31640281746387483
240000,train/value_loss_std,0.005823099182003776
240000,train/value_scale_mean,50.77105755615234
240000,train/value_scale_std,0.24287016887332252
240000,timing/collect_chunk_s,98.47459725942463
240000,timing/train_chunk_s,20.56105926632881
240000,dense_rhs/training_bucket_horizon,3.0
240000,system/heartbeat,1.0
243992,episode/return,377.2223205566406
243992,episode/length,500.0
243993,episode/return,185.31971740722656
243993,episode/length,500.0
243994,episode/return,416.3464660644531
243994,episode/length,500.0
243995,episode/return,351.67840576171875
243995,episode/length,500.0
243996,episode/return,557.89990234375
243996,episode/length,500.0
243997,episode/return,306.11859130859375
243997,episode/length,500.0
243998,episode/return,453.5270690917969
243998,episode/length,500.0
243999,episode/return,354.4146728515625
243999,episode/length,500.0
247992,episode/return,533.0587158203125
247992,episode/length,500.0
247993,episode/return,368.806884765625
247993,episode/length,500.0
247994,episode/return,390.7116394042969
247994,episode/length,500.0
247995,episode/return,392.60272216796875
247995,episode/length,500.0
247996,episode/return,308.0035705566406
247996,episode/length,500.0
247997,episode/return,258.0342102050781
247997,episode/length,500.0
247998,episode/return,308.64947509765625
247998,episode/length,500.0
247999,episode/return,218.9968719482422
247999,episode/length,500.0
250000,train/consistency_loss_mean,0.0025707238567993047
250000,train/consistency_loss_std,0.00010770432051915619
250000,train/continue_loss_mean,0.0
250000,train/continue_loss_std,0.0
250000,train/grad_norm_mean,0.5179163639783859
250000,train/grad_norm_std,0.11761378858862613
250000,train/policy_log_std_mean,-0.8573717410405477
250000,train/policy_log_std_std,0.3413045229590033
250000,train/policy_loss_mean,-0.9418559556961059
250000,train/policy_loss_std,0.010449703686304986
250000,train/reward_loss_mean,0.2659645939588547
250000,train/reward_loss_std,0.007891367304746953
250000,train/total_loss_mean,0.10917992758750915
250000,train/total_loss_std,0.002374192545690153
250000,train/value_loss_mean,0.31168989520072937
250000,train/value_loss_std,0.0057941206897291694
250000,train/value_scale_mean,50.79728487854004
250000,train/value_scale_std,0.23752208715230388
250000,timing/collect_chunk_s,101.75042239110917
250000,timing/train_chunk_s,20.54216465121135
250000,dense_rhs/training_bucket_horizon,3.0
250000,system/heartbeat,1.0
250000,timing/checkpoint_blocking_s,0.44886981835588813
250000,eval/return_mean,437.378173828125
250000,eval/return_std,69.58960723876953
250000,eval/return_max,610.274658203125
250000,eval/return_min,288.8686218261719
250000,timing/eval_s,11.317529403138906
250000,eval/selected_horizon,3.0
250000,eval/training_bucket_horizon,3.0
250000,system/heartbeat,1.0
251992,episode/return,375.95074462890625
251992,episode/length,500.0
251993,episode/return,281.4641418457031
251993,episode/length,500.0
251994,episode/return,367.0868835449219
251994,episode/length,500.0
251995,episode/return,374.8912048339844
251995,episode/length,500.0
251996,episode/return,209.2835693359375
251996,episode/length,500.0
251997,episode/return,419.6044616699219
251997,episode/length,500.0
251998,episode/return,393.54681396484375
251998,episode/length,500.0
251999,episode/return,392.944580078125
251999,episode/length,500.0
255992,episode/return,373.6207275390625
255992,episode/length,500.0
255993,episode/return,495.5779724121094
255993,episode/length,500.0
255994,episode/return,230.54269409179688
255994,episode/length,500.0
255995,episode/return,0.411349356174469
255995,episode/length,500.0
255996,episode/return,318.55657958984375
255996,episode/length,500.0
255997,episode/return,444.8503723144531
255997,episode/length,500.0
255998,episode/return,378.8343505859375
255998,episode/length,500.0
255999,episode/return,436.1874084472656
255999,episode/length,500.0
259992,episode/return,0.15244698524475098
259992,episode/length,500.0
259993,episode/return,392.40313720703125
259993,episode/length,500.0
259994,episode/return,340.8714599609375
259994,episode/length,500.0
259995,episode/return,583.7158203125
259995,episode/length,500.0
259996,episode/return,467.9813537597656
259996,episode/length,500.0
259997,episode/return,389.25494384765625
259997,episode/length,500.0
259998,episode/return,400.1181640625
259998,episode/length,500.0
259999,episode/return,433.2830810546875
259999,episode/length,500.0
260000,train/consistency_loss_mean,0.0025665310239419343
260000,train/consistency_loss_std,0.00010877097829589783
260000,train/continue_loss_mean,0.0
260000,train/continue_loss_std,0.0
260000,train/grad_norm_mean,0.5132965932130814
260000,train/grad_norm_std,0.1192691719918274
260000,train/policy_log_std_mean,-0.8524116778691609
260000,train/policy_log_std_std,0.3439008947208502
260000,train/policy_loss_mean,-0.9513331663608551
260000,train/policy_loss_std,0.012180945046994083
260000,train/reward_loss_mean,0.2660161062479019
260000,train/reward_loss_std,0.00796931424032821
260000,train/total_loss_mean,0.1091461618423462
260000,train/total_loss_std,0.002387431207474473
260000,train/value_loss_mean,0.3121392865419388
260000,train/value_loss_std,0.005628791145992407
260000,train/value_scale_mean,50.29082481689453
260000,train/value_scale_std,0.36351552002661836
260000,timing/collect_chunk_s,97.4902881118469
260000,timing/train_chunk_s,20.541462171357125
260000,dense_rhs/training_bucket_horizon,3.0
260000,system/heartbeat,1.0
263992,episode/return,331.7756042480469
263992,episode/length,500.0
263993,episode/return,397.0048828125
263993,episode/length,500.0
263994,episode/return,470.1563720703125
263994,episode/length,500.0
263995,episode/return,413.8214111328125
263995,episode/length,500.0
263996,episode/return,408.9302978515625
263996,episode/length,500.0
263997,episode/return,370.2740173339844
263997,episode/length,500.0
263998,episode/return,277.3819885253906
263998,episode/length,500.0
263999,episode/return,537.1904296875
263999,episode/length,500.0
267992,episode/return,300.54534912109375
267992,episode/length,500.0
267993,episode/return,377.9580383300781
267993,episode/length,500.0
267994,episode/return,360.0083312988281
267994,episode/length,500.0
267995,episode/return,206.3585205078125
267995,episode/length,500.0
267996,episode/return,383.882080078125
267996,episode/length,500.0
267997,episode/return,295.4438781738281
267997,episode/length,500.0
267998,episode/return,188.42347717285156
267998,episode/length,500.0
267999,episode/return,577.7984619140625
267999,episode/length,500.0
270000,train/consistency_loss_mean,0.0025510602360591292
270000,train/consistency_loss_std,0.00010873492800571115
270000,train/continue_loss_mean,0.0
270000,train/continue_loss_std,0.0
270000,train/grad_norm_mean,0.5089455415248871
270000,train/grad_norm_std,0.11871708058681436
270000,train/policy_log_std_mean,-0.8519869242350261
270000,train/policy_log_std_std,0.3433461342317256
270000,train/policy_loss_mean,-0.9689554740428925
270000,train/policy_loss_std,0.011157916820576333
270000,train/reward_loss_mean,0.2654721638917923
270000,train/reward_loss_std,0.007976727477757429
270000,train/total_loss_mean,0.10856397516727448
270000,train/total_loss_std,0.002418411417000857
270000,train/value_loss_mean,0.30995552449226377
270000,train/value_loss_std,0.005821242994031306
270000,train/value_scale_mean,49.548161083984375
270000,train/value_scale_std,0.260657582325918
270000,timing/collect_chunk_s,101.9987363005057
270000,timing/train_chunk_s,20.49141910346225
270000,dense_rhs/training_bucket_horizon,3.0
270000,system/heartbeat,1.0
271992,episode/return,471.1673278808594
271992,episode/length,500.0
271993,episode/return,294.0733337402344
271993,episode/length,500.0
271994,episode/return,301.4355773925781
271994,episode/length,500.0
271995,episode/return,367.5858154296875
271995,episode/length,500.0
271996,episode/return,371.5480041503906
271996,episode/length,500.0
271997,episode/return,355.72802734375
271997,episode/length,500.0
271998,episode/return,377.4771423339844
271998,episode/length,500.0
271999,episode/return,445.9549865722656
271999,episode/length,500.0
275992,episode/return,400.0901184082031
275992,episode/length,500.0
275993,episode/return,331.51849365234375
275993,episode/length,500.0
275994,episode/return,500.4088439941406
275994,episode/length,500.0
275995,episode/return,551.857177734375
275995,episode/length,500.0
275996,episode/return,485.9456481933594
275996,episode/length,500.0
275997,episode/return,499.9480285644531
275997,episode/length,500.0
275998,episode/return,506.0560302734375
275998,episode/length,500.0
275999,episode/return,445.8309631347656
275999,episode/length,500.0
279992,episode/return,323.4869384765625
279992,episode/length,500.0
279993,episode/return,366.8901672363281
279993,episode/length,500.0
279994,episode/return,0.2436760663986206
279994,episode/length,500.0
279995,episode/return,282.3171081542969
279995,episode/length,500.0
279996,episode/return,527.3363647460938
279996,episode/length,500.0
279997,episode/return,500.39080810546875
279997,episode/length,500.0
279998,episode/return,409.606201171875
279998,episode/length,500.0
279999,episode/return,481.22882080078125
279999,episode/length,500.0
280000,train/consistency_loss_mean,0.0025386001531034707
280000,train/consistency_loss_std,0.00010874665224654347
280000,train/continue_loss_mean,0.0
280000,train/continue_loss_std,0.0
280000,train/grad_norm_mean,0.508199948978424
280000,train/grad_norm_std,0.1229058632577877
280000,train/policy_log_std_mean,-0.8554743536631266
280000,train/policy_log_std_std,0.3499750920376167
280000,train/policy_loss_mean,-0.9715842545032501
280000,train/policy_loss_std,0.011305816513711547
280000,train/reward_loss_mean,0.26560751295089724
280000,train/reward_loss_std,0.008001959991189876
280000,train/total_loss_mean,0.10787200949788094
280000,train/total_loss_std,0.0024568604218528165
280000,train/value_loss_mean,0.3053925354480743
280000,train/value_loss_std,0.006202972766446725
280000,train/value_scale_mean,49.51263493041992
280000,train/value_scale_std,0.27307783647480005
280000,timing/collect_chunk_s,100.59040237171575
280000,timing/train_chunk_s,20.572832114063203
280000,dense_rhs/training_bucket_horizon,3.0
280000,system/heartbeat,1.0
283992,episode/return,287.612060546875
283992,episode/length,500.0
283993,episode/return,303.9864807128906
283993,episode/length,500.0
283994,episode/return,323.4679870605469
283994,episode/length,500.0
283995,episode/return,383.9189758300781
283995,episode/length,500.0
283996,episode/return,239.52511596679688
283996,episode/length,500.0
283997,episode/return,399.9068908691406
283997,episode/length,500.0
283998,episode/return,419.5730285644531
283998,episode/length,500.0
283999,episode/return,448.4641418457031
283999,episode/length,500.0
287992,episode/return,370.2503662109375
287992,episode/length,500.0
287993,episode/return,362.16461181640625
287993,episode/length,500.0
287994,episode/return,380.4068298339844
287994,episode/length,500.0
287995,episode/return,424.4272766113281
287995,episode/length,500.0
287996,episode/return,451.74835205078125
287996,episode/length,500.0
287997,episode/return,461.4242248535156
287997,episode/length,500.0
287998,episode/return,462.11224365234375
287998,episode/length,500.0
287999,episode/return,379.90826416015625
287999,episode/length,500.0
290000,train/consistency_loss_mean,0.0025265395080670714
290000,train/consistency_loss_std,0.00010956066797979297
290000,train/continue_loss_mean,0.0
290000,train/continue_loss_std,0.0
290000,train/grad_norm_mean,0.5060464303731919
290000,train/grad_norm_std,0.12556498270234376
290000,train/policy_log_std_mean,-0.8571908270517985
290000,train/policy_log_std_std,0.3518137464477761
290000,train/policy_loss_mean,-0.96899696559906
290000,train/policy_loss_std,0.01125491067924743
290000,train/reward_loss_mean,0.26534706528186797
290000,train/reward_loss_std,0.007995139299481169
290000,train/total_loss_mean,0.10680788928866386
290000,train/total_loss_std,0.002512521741205992
290000,train/value_loss_mean,0.2974239209890366
290000,train/value_loss_std,0.006760168043001429
290000,train/value_scale_mean,49.790248266601566
290000,train/value_scale_std,0.2892724092304786
290000,timing/collect_chunk_s,99.19895895197988
290000,timing/train_chunk_s,20.53161112125963
290000,dense_rhs/training_bucket_horizon,3.0
290000,system/heartbeat,1.0
291992,episode/return,350.03533935546875
291992,episode/length,500.0
291993,episode/return,383.00079345703125
291993,episode/length,500.0
291994,episode/return,379.0631103515625
291994,episode/length,500.0
291995,episode/return,390.9483947753906
291995,episode/length,500.0
291996,episode/return,509.6623229980469
291996,episode/length,500.0
291997,episode/return,416.27386474609375
291997,episode/length,500.0
291998,episode/return,414.2802734375
291998,episode/length,500.0
291999,episode/return,437.2098693847656
291999,episode/length,500.0
295992,episode/return,422.2201232910156
295992,episode/length,500.0
295993,episode/return,536.3944091796875
295993,episode/length,500.0
295994,episode/return,485.8154296875
295994,episode/length,500.0
295995,episode/return,384.2427062988281
295995,episode/length,500.0
295996,episode/return,401.2603454589844
295996,episode/length,500.0
295997,episode/return,329.0401916503906
295997,episode/length,500.0
295998,episode/return,260.2080383300781
295998,episode/length,500.0
295999,episode/return,402.0326232910156
295999,episode/length,500.0
299992,episode/return,330.5964660644531
299992,episode/length,500.0
299993,episode/return,606.5069580078125
299993,episode/length,500.0
299994,episode/return,478.71148681640625
299994,episode/length,500.0
299995,episode/return,494.4446105957031
299995,episode/length,500.0
299996,episode/return,463.53277587890625
299996,episode/length,500.0
299997,episode/return,282.6332092285156
299997,episode/length,500.0
299998,episode/return,365.7265319824219
299998,episode/length,500.0
299999,episode/return,439.14471435546875
299999,episode/length,500.0
300000,train/consistency_loss_mean,0.0025160107092931866
300000,train/consistency_loss_std,0.00010953922175992674
300000,train/continue_loss_mean,0.0
300000,train/continue_loss_std,0.0
300000,train/grad_norm_mean,0.5045017923593521
300000,train/grad_norm_std,0.12922503277010658
300000,train/policy_log_std_mean,-0.856675445874532
300000,train/policy_log_std_std,0.3569144536349349
300000,train/policy_loss_mean,-0.9739481410503388
300000,train/policy_loss_std,0.010536258374180756
300000,train/reward_loss_mean,0.2655688127994537
300000,train/reward_loss_std,0.007978502586117394
300000,train/total_loss_mean,0.10644152916669845
300000,train/total_loss_std,0.002523565233742663
300000,train/value_loss_mean,0.2956443163156509
300000,train/value_loss_std,0.006578557431034911
300000,train/value_scale_mean,49.6475417175293
300000,train/value_scale_std,0.1965886805310342
300000,timing/collect_chunk_s,105.26702196570113
300000,timing/train_chunk_s,20.574447131250054
300000,dense_rhs/training_bucket_horizon,3.0
300000,system/heartbeat,1.0
300000,timing/checkpoint_blocking_s,0.4806734030134976
300000,eval/return_mean,451.8829650878906
300000,eval/return_std,124.93071746826172
300000,eval/return_max,616.961181640625
300000,eval/return_min,0.11828213930130005
300000,timing/eval_s,11.273225822020322
300000,eval/selected_horizon,3.0
300000,eval/training_bucket_horizon,3.0
300000,system/heartbeat,1.0
303992,episode/return,431.796630859375
303992,episode/length,500.0
303993,episode/return,397.9478759765625
303993,episode/length,500.0
303994,episode/return,509.10308837890625
303994,episode/length,500.0
303995,episode/return,397.04656982421875
303995,episode/length,500.0
303996,episode/return,526.72509765625
303996,episode/length,500.0
303997,episode/return,526.2373046875
303997,episode/length,500.0
303998,episode/return,533.5233764648438
303998,episode/length,500.0
303999,episode/return,491.8333435058594
303999,episode/length,500.0
307992,episode/return,546.49609375
307992,episode/length,500.0
307993,episode/return,445.5107116699219
307993,episode/length,500.0
307994,episode/return,370.8578186035156
307994,episode/length,500.0
307995,episode/return,370.81781005859375
307995,episode/length,500.0
307996,episode/return,401.61383056640625
307996,episode/length,500.0
307997,episode/return,252.5630340576172
307997,episode/length,500.0
307998,episode/return,384.50823974609375
307998,episode/length,500.0
307999,episode/return,414.7550048828125
307999,episode/length,500.0
310000,train/consistency_loss_mean,0.0025036620154976845
310000,train/consistency_loss_std,0.00010905545006339822
310000,train/continue_loss_mean,0.0
310000,train/continue_loss_std,0.0
310000,train/grad_norm_mean,0.5060346624851226
310000,train/grad_norm_std,0.13152176015238703
310000,train/policy_log_std_mean,-0.8499069889704386
310000,train/policy_log_std_std,0.3562638667419006
310000,train/policy_loss_mean,-0.9846623705863953
310000,train/policy_loss_std,0.011044344039894115
310000,train/reward_loss_mean,0.2658205302476883
310000,train/reward_loss_std,0.00793474237220727
310000,train/total_loss_mean,0.10570368453860284
310000,train/total_loss_std,0.002544798239215298
310000,train/value_loss_mean,0.29048389923572543
310000,train/value_loss_std,0.00713086041467318
310000,train/value_scale_mean,49.3159571472168
310000,train/value_scale_std,0.2461459757465444
310000,timing/collect_chunk_s,98.92942787893116
310000,timing/train_chunk_s,20.5603091372177
310000,dense_rhs/training_bucket_horizon,3.0
310000,system/heartbeat,1.0
311992,episode/return,482.9717712402344
311992,episode/length,500.0
311993,episode/return,390.5290222167969
311993,episode/length,500.0
311994,episode/return,417.11236572265625
311994,episode/length,500.0
311995,episode/return,444.9152526855469
311995,episode/length,500.0
311996,episode/return,395.27532958984375
311996,episode/length,500.0
311997,episode/return,434.1262512207031
311997,episode/length,500.0
311998,episode/return,449.2996826171875
311998,episode/length,500.0
311999,episode/return,428.8136901855469
311999,episode/length,500.0
315992,episode/return,403.9573669433594
315992,episode/length,500.0
315993,episode/return,447.25396728515625
315993,episode/length,500.0
315994,episode/return,520.5358276367188
315994,episode/length,500.0
315995,episode/return,428.63580322265625
315995,episode/length,500.0
315996,episode/return,468.3801574707031
315996,episode/length,500.0
315997,episode/return,270.22845458984375
315997,episode/length,500.0
315998,episode/return,508.7668151855469
315998,episode/length,500.0
315999,episode/return,259.4933776855469
315999,episode/length,500.0
319992,episode/return,343.4213562011719
319992,episode/length,500.0
319993,episode/return,499.09283447265625
319993,episode/length,500.0
319994,episode/return,407.8271789550781
319994,episode/length,500.0
319995,episode/return,454.5766296386719
319995,episode/length,500.0
319996,episode/return,534.0790405273438
319996,episode/length,500.0
319997,episode/return,495.87506103515625
319997,episode/length,500.0
319998,episode/return,580.7015380859375
319998,episode/length,500.0
319999,episode/return,343.485107421875
319999,episode/length,500.0
320000,train/consistency_loss_mean,0.0024935609923675654
320000,train/consistency_loss_std,0.00010895292353942866
320000,train/continue_loss_mean,0.0
320000,train/continue_loss_std,0.0
320000,train/grad_norm_mean,0.5033857073783875
320000,train/grad_norm_std,0.13446561089980547
320000,train/policy_log_std_mean,-0.8465235311508179
320000,train/policy_log_std_std,0.3563036602401673
320000,train/policy_loss_mean,-0.9928786464691162
320000,train/policy_loss_std,0.01074456899904202
320000,train/reward_loss_mean,0.26620457739830017
320000,train/reward_loss_std,0.007857748568759324
320000,train/total_loss_mean,0.10513934717774391
320000,train/total_loss_std,0.0025499349843826112
320000,train/value_loss_mean,0.28647668681144717
320000,train/value_loss_std,0.007152179862823479
320000,train/value_scale_mean,49.09256971740723
320000,train/value_scale_std,0.2131568582016907
320000,timing/collect_chunk_s,97.45948581583798
320000,timing/train_chunk_s,20.553841205779463
320000,dense_rhs/training_bucket_horizon,3.0
320000,system/heartbeat,1.0
323992,episode/return,426.0022277832031
323992,episode/length,500.0
323993,episode/return,442.7702331542969
323993,episode/length,500.0
323994,episode/return,509.59942626953125
323994,episode/length,500.0
323995,episode/return,301.99163818359375
323995,episode/length,500.0
323996,episode/return,450.8363342285156
323996,episode/length,500.0
323997,episode/return,454.0359191894531
323997,episode/length,500.0
323998,episode/return,504.3541259765625
323998,episode/length,500.0
323999,episode/return,400.8767395019531
323999,episode/length,500.0
327992,episode/return,0.23648250102996826
327992,episode/length,500.0
327993,episode/return,277.3619384765625
327993,episode/length,500.0
327994,episode/return,435.8163757324219
327994,episode/length,500.0
327995,episode/return,501.4637451171875
327995,episode/length,500.0
327996,episode/return,518.4849853515625
327996,episode/length,500.0
327997,episode/return,408.7012023925781
327997,episode/length,500.0
327998,episode/return,381.96893310546875
327998,episode/length,500.0
327999,episode/return,302.2661437988281
327999,episode/length,500.0
330000,train/consistency_loss_mean,0.0024855535516515375
330000,train/consistency_loss_std,0.00011219818019388787
330000,train/continue_loss_mean,0.0
330000,train/continue_loss_std,0.0
330000,train/grad_norm_mean,0.5031784014940262
330000,train/grad_norm_std,0.1376418203361056
330000,train/policy_log_std_mean,-0.8420155665079753
330000,train/policy_log_std_std,0.35345182216495835
330000,train/policy_loss_mean,-0.9917042358875274
330000,train/policy_loss_std,0.011716286440911463
330000,train/reward_loss_mean,0.26615736768245696
330000,train/reward_loss_std,0.007903210609725663
330000,train/total_loss_mean,0.10468544867038727
330000,train/total_loss_std,0.0026458336360435145
330000,train/value_loss_mean,0.2835863973617554
330000,train/value_loss_std,0.007233447647810573
330000,train/value_scale_mean,49.25526718444824
330000,train/value_scale_std,0.31726753722770634
330000,timing/collect_chunk_s,104.21740755811334
330000,timing/train_chunk_s,20.5728424154222
330000,dense_rhs/training_bucket_horizon,3.0
330000,system/heartbeat,1.0
331992,episode/return,396.7171630859375
331992,episode/length,500.0
331993,episode/return,363.7286682128906
331993,episode/length,500.0
331994,episode/return,549.9713134765625
331994,episode/length,500.0
331995,episode/return,528.3629760742188
331995,episode/length,500.0
331996,episode/return,545.680908203125
331996,episode/length,500.0
331997,episode/return,420.2793273925781
331997,episode/length,500.0
331998,episode/return,465.3755798339844
331998,episode/length,500.0
331999,episode/return,466.68304443359375
331999,episode/length,500.0
335992,episode/return,552.1890869140625
335992,episode/length,500.0
335993,episode/return,478.326904296875
335993,episode/length,500.0
335994,episode/return,354.1419372558594
335994,episode/length,500.0
335995,episode/return,478.8343505859375
335995,episode/length,500.0
335996,episode/return,345.027099609375
335996,episode/length,500.0
335997,episode/return,365.018310546875
335997,episode/length,500.0
335998,episode/return,551.3411865234375
335998,episode/length,500.0
335999,episode/return,374.8339538574219
335999,episode/length,500.0
339992,episode/return,370.8023376464844
339992,episode/length,500.0
339993,episode/return,556.5620727539062
339993,episode/length,500.0
339994,episode/return,398.5628356933594
339994,episode/length,500.0
339995,episode/return,611.4036254882812
339995,episode/length,500.0
339996,episode/return,479.0263366699219
339996,episode/length,500.0
339997,episode/return,405.2723693847656
339997,episode/length,500.0
339998,episode/return,548.20068359375
339998,episode/length,500.0
339999,episode/return,448.5085144042969
339999,episode/length,500.0
340000,train/consistency_loss_mean,0.00246901020295918
340000,train/consistency_loss_std,0.00011133557693292986
340000,train/continue_loss_mean,0.0
340000,train/continue_loss_std,0.0
340000,train/grad_norm_mean,0.5005047655820847
340000,train/grad_norm_std,0.13809333372728333
340000,train/policy_log_std_mean,-0.8432454465230306
340000,train/policy_log_std_std,0.3549837455828562
340000,train/policy_loss_mean,-0.9964813893318176
340000,train/policy_loss_std,0.010852827243398231
340000,train/reward_loss_mean,0.26613627784252164
340000,train/reward_loss_std,0.007922172983989968
340000,train/total_loss_mean,0.10402938160300255
340000,train/total_loss_std,0.002637169733980075
340000,train/value_loss_mean,0.2803554802894592
340000,train/value_loss_std,0.007378512751608077
340000,train/value_scale_mean,49.12742900085449
340000,train/value_scale_std,0.24059342403401981
340000,timing/collect_chunk_s,98.83525296859443
340000,timing/train_chunk_s,20.592675192281604
340000,dense_rhs/training_bucket_horizon,3.0
340000,system/heartbeat,1.0
343992,episode/return,395.2424621582031
343992,episode/length,500.0
343993,episode/return,531.3118286132812
343993,episode/length,500.0
343994,episode/return,543.72998046875
343994,episode/length,500.0
343995,episode/return,501.6905822753906
343995,episode/length,500.0
343996,episode/return,322.8185729980469
343996,episode/length,500.0
343997,episode/return,421.9674377441406
343997,episode/length,500.0
343998,episode/return,466.0498046875
343998,episode/length,500.0
343999,episode/return,0.11173355579376221
343999,episode/length,500.0
347992,episode/return,559.9208374023438
347992,episode/length,500.0
347993,episode/return,474.3751220703125
347993,episode/length,500.0
347994,episode/return,395.05242919921875
347994,episode/length,500.0
347995,episode/return,389.8531188964844
347995,episode/length,500.0
347996,episode/return,448.5422668457031
347996,episode/length,500.0
347997,episode/return,607.4838256835938
347997,episode/length,500.0
347998,episode/return,0.0543062686920166
347998,episode/length,500.0
347999,episode/return,310.7515563964844
347999,episode/length,500.0
350000,train/consistency_loss_mean,0.0024540803553536536
350000,train/consistency_loss_std,0.0001122358246727456
350000,train/continue_loss_mean,0.0
350000,train/continue_loss_std,0.0
350000,train/grad_norm_mean,0.4976552484989166
350000,train/grad_norm_std,0.140532215794118
350000,train/policy_log_std_mean,-0.8435872472127278
350000,train/policy_log_std_std,0.3559861276824429
350000,train/policy_loss_mean,-1.0005340519428254
350000,train/policy_loss_std,0.010519925606753175
350000,train/reward_loss_mean,0.26596618552207946
350000,train/reward_loss_std,0.007853841992423451
350000,train/total_loss_mean,0.10346423410773277
350000,train/total_loss_std,0.0026637466870072903
350000,train/value_loss_mean,0.2778600683927536
350000,train/value_loss_std,0.007511469338734002
350000,train/value_scale_mean,49.001392373657225
350000,train/value_scale_std,0.1919043481139963
350000,timing/collect_chunk_s,98.35089329676703
350000,timing/train_chunk_s,20.575826946180314
350000,dense_rhs/training_bucket_horizon,3.0
350000,system/heartbeat,1.0
350000,timing/checkpoint_blocking_s,0.5015945918858051
350000,eval/return_mean,556.0848388671875
350000,eval/return_std,77.05238342285156
350000,eval/return_max,670.8524780273438
350000,eval/return_min,412.62152099609375
350000,timing/eval_s,11.276222593151033
350000,eval/selected_horizon,3.0
350000,eval/training_bucket_horizon,3.0
350000,system/heartbeat,1.0
351992,episode/return,572.5162353515625
351992,episode/length,500.0
351993,episode/return,611.7468872070312
351993,episode/length,500.0
351994,episode/return,488.16583251953125
351994,episode/length,500.0
351995,episode/return,0.23022496700286865
351995,episode/length,500.0
351996,episode/return,414.11767578125
351996,episode/length,500.0
351997,episode/return,481.9639587402344
351997,episode/length,500.0
351998,episode/return,383.42974853515625
351998,episode/length,500.0
351999,episode/return,540.5173950195312
351999,episode/length,500.0
355992,episode/return,409.6107482910156
355992,episode/length,500.0
355993,episode/return,370.5857849121094
355993,episode/length,500.0
355994,episode/return,335.63311767578125
355994,episode/length,500.0
355995,episode/return,472.1633605957031
355995,episode/length,500.0
355996,episode/return,551.4970703125
355996,episode/length,500.0
355997,episode/return,368.0690612792969
355997,episode/length,500.0
355998,episode/return,294.95587158203125
355998,episode/length,500.0
355999,episode/return,0.24361616373062134
355999,episode/length,500.0
359992,episode/return,528.9546508789062
359992,episode/length,500.0
359993,episode/return,570.1937866210938
359993,episode/length,500.0
359994,episode/return,617.5693359375
359994,episode/length,500.0
359995,episode/return,466.6781921386719
359995,episode/length,500.0
359996,episode/return,525.8614501953125
359996,episode/length,500.0
359997,episode/return,371.4189147949219
359997,episode/length,500.0
359998,episode/return,489.49090576171875
359998,episode/length,500.0
359999,episode/return,472.5288391113281
359999,episode/length,500.0
360000,train/consistency_loss_mean,0.0024424840612336995
360000,train/consistency_loss_std,0.00011133501831606513
360000,train/continue_loss_mean,0.0
360000,train/continue_loss_std,0.0
360000,train/grad_norm_mean,0.4948902683734894
360000,train/grad_norm_std,0.14301052551968768
360000,train/policy_log_std_mean,-0.8445599133173625
360000,train/policy_log_std_std,0.3575237469542645
360000,train/policy_loss_mean,-1.0032892486572265
360000,train/policy_loss_std,0.01090671203482795
360000,train/reward_loss_mean,0.26571240634918214
360000,train/reward_loss_std,0.007876280878185185
360000,train/total_loss_mean,0.10277346540689468
360000,train/total_loss_std,0.0026554969162114815
360000,train/value_loss_mean,0.2735254328966141
360000,train/value_loss_std,0.0076643820084784774
360000,train/value_scale_mean,48.96286004333496
360000,train/value_scale_std,0.19605048037468942
360000,timing/collect_chunk_s,98.41961478907615
360000,timing/train_chunk_s,20.537257726769894
360000,dense_rhs/training_bucket_horizon,3.0
360000,system/heartbeat,1.0
363992,episode/return,364.6767578125
363992,episode/length,500.0
363993,episode/return,471.82598876953125
363993,episode/length,500.0
363994,episode/return,529.2852172851562
363994,episode/length,500.0
363995,episode/return,521.6634521484375
363995,episode/length,500.0
363996,episode/return,505.2129821777344
363996,episode/length,500.0
363997,episode/return,614.954833984375
363997,episode/length,500.0
363998,episode/return,467.1375732421875
363998,episode/length,500.0
363999,episode/return,405.4573059082031
363999,episode/length,500.0
367992,episode/return,623.798583984375
367992,episode/length,500.0
367993,episode/return,417.8157043457031
367993,episode/length,500.0
367994,episode/return,473.0576171875
367994,episode/length,500.0
367995,episode/return,515.2063598632812
367995,episode/length,500.0
367996,episode/return,548.059814453125
367996,episode/length,500.0
367997,episode/return,540.1051635742188
367997,episode/length,500.0
367998,episode/return,470.9530029296875
367998,episode/length,500.0
367999,episode/return,569.4874877929688
367999,episode/length,500.0
370000,train/consistency_loss_mean,0.0024283956982195376
370000,train/consistency_loss_std,0.00011187998514922934
370000,train/continue_loss_mean,0.0
370000,train/continue_loss_std,0.0
370000,train/grad_norm_mean,0.48988573031425475
370000,train/grad_norm_std,0.13982532473319545
370000,train/policy_log_std_mean,-0.8409406836191813
370000,train/policy_log_std_std,0.3496674912444339
370000,train/policy_loss_mean,-1.0079337638378143
370000,train/policy_loss_std,0.010702287139698672
370000,train/reward_loss_mean,0.2661803220748901
370000,train/reward_loss_std,0.007884870634381109
370000,train/total_loss_mean,0.10212003259062767
370000,train/total_loss_std,0.0026626538839393077
370000,train/value_loss_mean,0.2693408440589905
370000,train/value_loss_std,0.00768063608337769
370000,train/value_scale_mean,49.03436763000488
370000,train/value_scale_std,0.21419022772902502
370000,timing/collect_chunk_s,105.24753351509571
370000,timing/train_chunk_s,20.542705846950412
370000,dense_rhs/training_bucket_horizon,3.0
370000,system/heartbeat,1.0
371992,episode/return,475.19708251953125
371992,episode/length,500.0
371993,episode/return,455.3132629394531
371993,episode/length,500.0
371994,episode/return,438.15673828125
371994,episode/length,500.0
371995,episode/return,445.7916564941406
371995,episode/length,500.0
371996,episode/return,403.76837158203125
371996,episode/length,500.0
371997,episode/return,554.57568359375
371997,episode/length,500.0
371998,episode/return,478.2197265625
371998,episode/length,500.0
371999,episode/return,400.427001953125
371999,episode/length,500.0
375992,episode/return,541.213134765625
375992,episode/length,500.0
375993,episode/return,428.6724548339844
375993,episode/length,500.0
375994,episode/return,398.2868347167969
375994,episode/length,500.0
375995,episode/return,620.8173217773438
375995,episode/length,500.0
375996,episode/return,428.7434997558594
375996,episode/length,500.0
375997,episode/return,523.1480102539062
375997,episode/length,500.0
375998,episode/return,505.87139892578125
375998,episode/length,500.0
375999,episode/return,428.7959289550781
375999,episode/length,500.0
379992,episode/return,493.06854248046875
379992,episode/length,500.0
379993,episode/return,0.18362927436828613
379993,episode/length,500.0
379994,episode/return,512.1529541015625
379994,episode/length,500.0
379995,episode/return,502.2302551269531
379995,episode/length,500.0
379996,episode/return,386.02264404296875
379996,episode/length,500.0
379997,episode/return,476.3543701171875
379997,episode/length,500.0
379998,episode/return,545.936767578125
379998,episode/length,500.0
379999,episode/return,575.1673583984375
379999,episode/length,500.0
380000,train/consistency_loss_mean,0.0024163293186575175
380000,train/consistency_loss_std,0.00011114156235888396
380000,train/continue_loss_mean,0.0
380000,train/continue_loss_std,0.0
380000,train/grad_norm_mean,0.48797026612758637
380000,train/grad_norm_std,0.14102183337819743
380000,train/policy_log_std_mean,-0.8397557291030884
380000,train/policy_log_std_std,0.3475594422451518
380000,train/policy_loss_mean,-1.0075108635902406
380000,train/policy_loss_std,0.010001056460335268
380000,train/reward_loss_mean,0.26677972185611726
380000,train/reward_loss_std,0.007766551663610232
380000,train/total_loss_mean,0.10173868905305862
380000,train/total_loss_std,0.0026423352223861707
380000,train/value_loss_mean,0.2673412868738174
380000,train/value_loss_std,0.007423004619917778
380000,train/value_scale_mean,49.28353298339844
380000,train/value_scale_std,0.1175918626145648
380000,timing/collect_chunk_s,98.46161578595638
380000,timing/train_chunk_s,20.531446780078113
380000,dense_rhs/training_bucket_horizon,3.0
380000,system/heartbeat,1.0
383992,episode/return,502.85693359375
383992,episode/length,500.0
383993,episode/return,509.79840087890625
383993,episode/length,500.0
383994,episode/return,523.6340942382812
383994,episode/length,500.0
383995,episode/return,494.2859802246094
383995,episode/length,500.0
383996,episode/return,532.670166015625
383996,episode/length,500.0
383997,episode/return,401.75262451171875
383997,episode/length,500.0
383998,episode/return,607.8712768554688
383998,episode/length,500.0
383999,episode/return,490.54473876953125
383999,episode/length,500.0
387992,episode/return,529.8533325195312
387992,episode/length,500.0
387993,episode/return,279.23046875
387993,episode/length,500.0
387994,episode/return,511.1442565917969
387994,episode/length,500.0
387995,episode/return,360.84857177734375
387995,episode/length,500.0
387996,episode/return,410.9309387207031
387996,episode/length,500.0
387997,episode/return,428.453369140625
387997,episode/length,500.0
387998,episode/return,455.96514892578125
387998,episode/length,500.0
387999,episode/return,0.19295942783355713
387999,episode/length,500.0
390000,train/consistency_loss_mean,0.002401584269478917
390000,train/consistency_loss_std,0.00011348416825130761
390000,train/continue_loss_mean,0.0
390000,train/continue_loss_std,0.0
390000,train/grad_norm_mean,0.4840314208984375
390000,train/grad_norm_std,0.13946471049307416
390000,train/policy_log_std_mean,-0.8408258508046468
390000,train/policy_log_std_std,0.34591769184330834
390000,train/policy_loss_mean,-0.999590437078476
390000,train/policy_loss_std,0.012396266042361812
390000,train/reward_loss_mean,0.26694987869262693
390000,train/reward_loss_std,0.007812291688786534
390000,train/total_loss_mean,0.10135656020641327
390000,train/total_loss_std,0.0026695396067142533
390000,train/value_loss_mean,0.2662988466262817
390000,train/value_loss_std,0.007378020903115817
390000,train/value_scale_mean,49.925236264038084
390000,train/value_scale_std,0.44566728793938687
390000,timing/collect_chunk_s,99.34721091296524
390000,timing/train_chunk_s,20.541954403277487
390000,dense_rhs/training_bucket_horizon,3.0
390000,system/heartbeat,1.0
391992,episode/return,289.45404052734375
391992,episode/length,500.0
391993,episode/return,377.7814025878906
391993,episode/length,500.0
391994,episode/return,399.2281494140625
391994,episode/length,500.0
391995,episode/return,456.68133544921875
391995,episode/length,500.0
391996,episode/return,396.2085266113281
391996,episode/length,500.0
391997,episode/return,335.6067810058594
391997,episode/length,500.0
391998,episode/return,416.6396789550781
391998,episode/length,500.0
391999,episode/return,388.63983154296875
391999,episode/length,500.0
395992,episode/return,340.52886962890625
395992,episode/length,500.0
395993,episode/return,610.2899780273438
395993,episode/length,500.0
395994,episode/return,406.44964599609375
395994,episode/length,500.0
395995,episode/return,408.6285705566406
395995,episode/length,500.0
395996,episode/return,378.66961669921875
395996,episode/length,500.0
395997,episode/return,407.0406799316406
395997,episode/length,500.0
395998,episode/return,289.2720947265625
395998,episode/length,500.0
395999,episode/return,445.2449951171875
395999,episode/length,500.0
399992,episode/return,403.8201904296875
399992,episode/length,500.0
399993,episode/return,410.0477294921875
399993,episode/length,500.0
399994,episode/return,325.34771728515625
399994,episode/length,500.0
399995,episode/return,363.015869140625
399995,episode/length,500.0
399996,episode/return,0.29448890686035156
399996,episode/length,500.0
399997,episode/return,404.9496154785156
399997,episode/length,500.0
399998,episode/return,419.1718444824219
399998,episode/length,500.0
399999,episode/return,477.6349792480469
399999,episode/length,500.0
400000,train/consistency_loss_mean,0.0023931101439520716
400000,train/consistency_loss_std,0.00011223227889034931
400000,train/continue_loss_mean,0.0
400000,train/continue_loss_std,0.0
400000,train/grad_norm_mean,0.48510246090888975
400000,train/grad_norm_std,0.1453748494860058
400000,train/policy_log_std_mean,-0.8394433840433756
400000,train/policy_log_std_std,0.34573104216630823
400000,train/policy_loss_mean,-0.9794304555416107
400000,train/policy_loss_std,0.011250887347675346
400000,train/reward_loss_mean,0.2670821044683456
400000,train/reward_loss_std,0.007919931691704405
400000,train/total_loss_mean,0.10116293990015983
400000,train/total_loss_std,0.0026696679441274383
400000,train/value_loss_mean,0.26592525298595426
400000,train/value_loss_std,0.0073677068523079845
400000,train/value_scale_mean,51.20610426330566
400000,train/value_scale_std,0.40312287266982116
400000,timing/collect_chunk_s,98.77400630293414
400000,timing/train_chunk_s,20.522364482283592
400000,dense_rhs/training_bucket_horizon,3.0
400000,system/heartbeat,1.0
400000,timing/checkpoint_blocking_s,8.122914677951485
400000,eval/return_mean,423.8426818847656
400000,eval/return_std,88.77298736572266
400000,eval/return_max,624.357666015625
400000,eval/return_min,279.13330078125
400000,timing/eval_s,11.357268664985895
400000,eval/selected_horizon,3.0
400000,eval/training_bucket_horizon,3.0
400000,system/heartbeat,1.0
403992,episode/return,352.0242004394531
403992,episode/length,500.0
403993,episode/return,362.75885009765625
403993,episode/length,500.0
403994,episode/return,451.7785949707031
403994,episode/length,500.0
403995,episode/return,574.2836303710938
403995,episode/length,500.0
403996,episode/return,336.13641357421875
403996,episode/length,500.0
403997,episode/return,443.0063781738281
403997,episode/length,500.0
403998,episode/return,367.9059143066406
403998,episode/length,500.0
403999,episode/return,703.2431640625
403999,episode/length,500.0
407992,episode/return,398.85443115234375
407992,episode/length,500.0
407993,episode/return,311.6477355957031
407993,episode/length,500.0
407994,episode/return,398.6412353515625
407994,episode/length,500.0
407995,episode/return,388.0212707519531
407995,episode/length,500.0
407996,episode/return,431.3913879394531
407996,episode/length,500.0
407997,episode/return,392.82403564453125
407997,episode/length,500.0
407998,episode/return,311.7899475097656
407998,episode/length,500.0
407999,episode/return,399.0550842285156
407999,episode/length,500.0
410000,train/consistency_loss_mean,0.0023808446146547793
410000,train/consistency_loss_std,0.00011242575234872541
410000,train/continue_loss_mean,0.0
410000,train/continue_loss_std,0.0
410000,train/grad_norm_mean,0.4834145042181015
410000,train/grad_norm_std,0.14006160698921713
410000,train/policy_log_std_mean,-0.8420124933878581
410000,train/policy_log_std_std,0.34550704569875923
410000,train/policy_loss_mean,-0.9658864894866943
410000,train/policy_loss_std,0.012269240869205191
410000,train/reward_loss_mean,0.2671158003091812
410000,train/reward_loss_std,0.007869374457723455
410000,train/total_loss_mean,0.10130171720981598
410000,train/total_loss_std,0.0026350163027310434
410000,train/value_loss_mean,0.2697324330091476
410000,train/value_loss_std,0.007195317337603061
410000,train/value_scale_mean,52.39965742797852
410000,train/value_scale_std,0.5614982962981033
410000,timing/collect_chunk_s,100.44640607619658
410000,timing/train_chunk_s,20.571349419653416
410000,dense_rhs/training_bucket_horizon,3.0
410000,system/heartbeat,1.0
411992,episode/return,315.3504638671875
411992,episode/length,500.0
411993,episode/return,290.84527587890625
411993,episode/length,500.0
411994,episode/return,327.4794006347656
411994,episode/length,500.0
411995,episode/return,463.7605895996094
411995,episode/length,500.0
411996,episode/return,431.1436462402344
411996,episode/length,500.0
411997,episode/return,483.6013488769531
411997,episode/length,500.0
411998,episode/return,309.488525390625
411998,episode/length,500.0
411999,episode/return,299.2359924316406
411999,episode/length,500.0
415992,episode/return,402.4322509765625
415992,episode/length,500.0
415993,episode/return,324.5726013183594
415993,episode/length,500.0
415994,episode/return,331.6568603515625
415994,episode/length,500.0
415995,episode/return,268.38653564453125
415995,episode/length,500.0
415996,episode/return,352.656982421875
415996,episode/length,500.0
415997,episode/return,264.2724914550781
415997,episode/length,500.0
415998,episode/return,558.0931396484375
415998,episode/length,500.0
415999,episode/return,405.1076354980469
415999,episode/length,500.0
419992,episode/return,388.219482421875
419992,episode/length,500.0
419993,episode/return,533.4741821289062
419993,episode/length,500.0
419994,episode/return,411.743408203125
419994,episode/length,500.0
419995,episode/return,361.0965270996094
419995,episode/length,500.0
419996,episode/return,400.3927917480469
419996,episode/length,500.0
419997,episode/return,543.07568359375
419997,episode/length,500.0
419998,episode/return,303.0626220703125
419998,episode/length,500.0
419999,episode/return,459.4256591796875
419999,episode/length,500.0
420000,train/consistency_loss_mean,0.002375293887220323
420000,train/consistency_loss_std,0.00011204784372470389
420000,train/continue_loss_mean,0.0
420000,train/continue_loss_std,0.0
420000,train/grad_norm_mean,0.48251255717277525
420000,train/grad_norm_std,0.14513246699864124
420000,train/policy_log_std_mean,-0.8505512966156006
420000,train/policy_log_std_std,0.3487808420292926
420000,train/policy_loss_mean,-0.944393623304367
420000,train/policy_loss_std,0.013214482793748126
420000,train/reward_loss_mean,0.2676055866956711
420000,train/reward_loss_std,0.007871212185949711
420000,train/total_loss_mean,0.10177085312008857
420000,train/total_loss_std,0.0025683971716560687
420000,train/value_loss_mean,0.27504415667057036
420000,train/value_loss_std,0.0077871295500648715
420000,train/value_scale_mean,54.012551049804685
420000,train/value_scale_std,0.667404304979889
420000,timing/collect_chunk_s,100.47743171220645
420000,timing/train_chunk_s,20.540534498170018
420000,dense_rhs/training_bucket_horizon,3.0
420000,system/heartbeat,1.0
423992,episode/return,416.9700012207031
423992,episode/length,500.0
423993,episode/return,436.1756896972656
423993,episode/length,500.0
423994,episode/return,297.8670654296875
423994,episode/length,500.0
423995,episode/return,326.5024108886719
423995,episode/length,500.0
423996,episode/return,282.2762756347656
423996,episode/length,500.0
423997,episode/return,405.5125732421875
423997,episode/length,500.0
423998,episode/return,487.427490234375
423998,episode/length,500.0
423999,episode/return,409.1851806640625
423999,episode/length,500.0
427992,episode/return,371.3236999511719
427992,episode/length,500.0
427993,episode/return,378.83868408203125
427993,episode/length,500.0
427994,episode/return,364.204833984375
427994,episode/length,500.0
427995,episode/return,346.451416015625
427995,episode/length,500.0
427996,episode/return,324.79901123046875
427996,episode/length,500.0
427997,episode/return,422.4549865722656
427997,episode/length,500.0
427998,episode/return,319.26422119140625
427998,episode/length,500.0
427999,episode/return,434.20086669921875
427999,episode/length,500.0
430000,train/consistency_loss_mean,0.0023647682523354886
430000,train/consistency_loss_std,0.0001124107937427629
430000,train/continue_loss_mean,0.0
430000,train/continue_loss_std,0.0
430000,train/grad_norm_mean,0.48247864859104156
430000,train/grad_norm_std,0.1434882390384744
430000,train/policy_log_std_mean,-0.8576375132878622
430000,train/policy_log_std_std,0.3493108037538213
430000,train/policy_loss_mean,-0.9332887759208679
430000,train/policy_loss_std,0.010298457561688927
430000,train/reward_loss_mean,0.2679420342206955
430000,train/reward_loss_std,0.007714155344800621
430000,train/total_loss_mean,0.10241095136404038
430000,train/total_loss_std,0.002529562633661008
430000,train/value_loss_mean,0.28321380825042725
430000,train/value_loss_std,0.007251830378389022
430000,train/value_scale_mean,55.20072554321289
430000,train/value_scale_std,0.24679328345675294
430000,timing/collect_chunk_s,101.36844552541152
430000,timing/train_chunk_s,20.53720729984343
430000,dense_rhs/training_bucket_horizon,3.0
430000,system/heartbeat,1.0
431992,episode/return,390.185791015625
431992,episode/length,500.0
431993,episode/return,437.04144287109375
431993,episode/length,500.0
431994,episode/return,409.2476501464844
431994,episode/length,500.0
431995,episode/return,423.7439880371094
431995,episode/length,500.0
431996,episode/return,306.1967468261719
431996,episode/length,500.0
431997,episode/return,582.7884521484375
431997,episode/length,500.0
431998,episode/return,336.9742431640625
431998,episode/length,500.0
431999,episode/return,461.444091796875
431999,episode/length,500.0
435992,episode/return,342.490966796875
435992,episode/length,500.0
435993,episode/return,326.12921142578125
435993,episode/length,500.0
435994,episode/return,299.984375
435994,episode/length,500.0
435995,episode/return,433.58837890625
435995,episode/length,500.0
435996,episode/return,401.6558837890625
435996,episode/length,500.0
435997,episode/return,436.30352783203125
435997,episode/length,500.0
435998,episode/return,321.93609619140625
435998,episode/length,500.0
435999,episode/return,428.3133239746094
435999,episode/length,500.0
439992,episode/return,328.7198181152344
439992,episode/length,500.0
439993,episode/return,314.4818115234375
439993,episode/length,500.0
439994,episode/return,415.0066223144531
439994,episode/length,500.0
439995,episode/return,262.4042663574219
439995,episode/length,500.0
439996,episode/return,257.5664367675781
439996,episode/length,500.0
439997,episode/return,325.2245788574219
439997,episode/length,500.0
439998,episode/return,379.5117492675781
439998,episode/length,500.0
439999,episode/return,312.1768798828125
439999,episode/length,500.0
440000,train/consistency_loss_mean,0.002361357431858778
440000,train/consistency_loss_std,0.0001128403973653433
440000,train/continue_loss_mean,0.0
440000,train/continue_loss_std,0.0
440000,train/grad_norm_mean,0.4824049780368805
440000,train/grad_norm_std,0.14768000295121453
440000,train/policy_log_std_mean,-0.8611862785975138
440000,train/policy_log_std_std,0.3514658284950579
440000,train/policy_loss_mean,-0.9355757016181946
440000,train/policy_loss_std,0.01066270600189755
440000,train/reward_loss_mean,0.26842673943042755
440000,train/reward_loss_std,0.007850301801210963
440000,train/total_loss_mean,0.10297124824523926
440000,train/total_loss_std,0.0025203360614932013
440000,train/value_loss_mean,0.28901425342559817
440000,train/value_loss_std,0.007010579123956364
440000,train/value_scale_mean,55.504943154907224
440000,train/value_scale_std,0.352408315051801
440000,timing/collect_chunk_s,109.33321502059698
440000,timing/train_chunk_s,20.592064255848527
440000,dense_rhs/training_bucket_horizon,3.0
440000,system/heartbeat,1.0
443992,episode/return,0.20421254634857178
443992,episode/length,500.0
443993,episode/return,539.7174682617188
443993,episode/length,500.0
443994,episode/return,339.6328125
443994,episode/length,500.0
443995,episode/return,373.54119873046875
443995,episode/length,500.0
443996,episode/return,370.5202331542969
443996,episode/length,500.0
443997,episode/return,341.5673828125
443997,episode/length,500.0
443998,episode/return,382.4339294433594
443998,episode/length,500.0
443999,episode/return,308.6883544921875
443999,episode/length,500.0
447992,episode/return,268.23150634765625
447992,episode/length,500.0
447993,episode/return,355.7089538574219
447993,episode/length,500.0
447994,episode/return,331.92034912109375
447994,episode/length,500.0
447995,episode/return,403.9106140136719
447995,episode/length,500.0
447996,episode/return,326.6959228515625
447996,episode/length,500.0
447997,episode/return,397.18011474609375
447997,episode/length,500.0
447998,episode/return,377.78619384765625
447998,episode/length,500.0
447999,episode/return,335.9230041503906
447999,episode/length,500.0
450000,train/consistency_loss_mean,0.0023468176381662488
450000,train/consistency_loss_std,0.00011193660234582325
450000,train/continue_loss_mean,0.0
450000,train/continue_loss_std,0.0
450000,train/grad_norm_mean,0.4779178167104721
450000,train/grad_norm_std,0.14185921922419936
450000,train/policy_log_std_mean,-0.8677059865951539
450000,train/policy_log_std_std,0.3533838750461098
450000,train/policy_loss_mean,-0.9369049544811249
450000,train/policy_loss_std,0.010297797841264632
450000,train/reward_loss_mean,0.2683894939184189
450000,train/reward_loss_std,0.007822280751374464
450000,train/total_loss_mean,0.10294703643918038
450000,train/total_loss_std,0.002496937576971299
450000,train/value_loss_mean,0.2917173268318176
450000,train/value_loss_std,0.0066735896179584055
450000,train/value_scale_mean,55.65723881225586
450000,train/value_scale_std,0.22988750350958423
450000,timing/collect_chunk_s,101.01459211623296
450000,timing/train_chunk_s,20.58326178183779
450000,dense_rhs/training_bucket_horizon,3.0
450000,system/heartbeat,1.0
450000,timing/checkpoint_blocking_s,0.5006276741623878
450000,eval/return_mean,358.5934753417969
450000,eval/return_std,41.61688232421875
450000,eval/return_max,446.20989990234375
450000,eval/return_min,284.10498046875
450000,timing/eval_s,11.377937550190836
450000,eval/selected_horizon,3.0
450000,eval/training_bucket_horizon,3.0
450000,system/heartbeat,1.0
451992,episode/return,354.6300964355469
451992,episode/length,500.0
451993,episode/return,288.8974304199219
451993,episode/length,500.0
451994,episode/return,342.19049072265625
451994,episode/length,500.0
451995,episode/return,397.9656982421875
451995,episode/length,500.0
451996,episode/return,337.7911682128906
451996,episode/length,500.0
451997,episode/return,352.73956298828125
451997,episode/length,500.0
451998,episode/return,326.672119140625
451998,episode/length,500.0
451999,episode/return,323.611083984375
451999,episode/length,500.0
455992,episode/return,391.5778503417969
455992,episode/length,500.0
455993,episode/return,444.9891662597656
455993,episode/length,500.0
455994,episode/return,455.4572448730469
455994,episode/length,500.0
455995,episode/return,296.8400573730469
455995,episode/length,500.0
455996,episode/return,437.2886962890625
455996,episode/length,500.0
455997,episode/return,390.4504089355469
455997,episode/length,500.0
455998,episode/return,326.4288635253906
455998,episode/length,500.0
455999,episode/return,354.9667053222656
455999,episode/length,500.0
459992,episode/return,334.2101135253906
459992,episode/length,500.0
459993,episode/return,0.031184077262878418
459993,episode/length,500.0
459994,episode/return,331.3836669921875
459994,episode/length,500.0
459995,episode/return,396.6309509277344
459995,episode/length,500.0
459996,episode/return,422.5566711425781
459996,episode/length,500.0
459997,episode/return,279.947998046875
459997,episode/length,500.0
459998,episode/return,393.55657958984375
459998,episode/length,500.0
459999,episode/return,364.7757263183594
459999,episode/length,500.0
460000,train/consistency_loss_mean,0.002346389876306057
460000,train/consistency_loss_std,0.0001133683258070398
460000,train/continue_loss_mean,0.0
460000,train/continue_loss_std,0.0
460000,train/grad_norm_mean,0.47431637222766876
460000,train/grad_norm_std,0.1399652653587626
460000,train/policy_log_std_mean,-0.8697266447703044
460000,train/policy_log_std_std,0.3577037003440264
460000,train/policy_loss_mean,-0.9438630522251129
460000,train/policy_loss_std,0.009775489718716375
460000,train/reward_loss_mean,0.2687955216407776
460000,train/reward_loss_std,0.007672360243363377
460000,train/total_loss_mean,0.1029922081232071
460000,train/total_loss_std,0.0025228110075932305
460000,train/value_loss_mean,0.2918485642433167
460000,train/value_loss_std,0.006749858877929026
460000,train/value_scale_mean,55.29292861938477
460000,train/value_scale_std,0.16454234655099786
460000,timing/collect_chunk_s,101.71909583359957
460000,timing/train_chunk_s,20.610295894555748
460000,dense_rhs/training_bucket_horizon,3.0
460000,system/heartbeat,1.0
463992,episode/return,448.93426513671875
463992,episode/length,500.0
463993,episode/return,458.8403015136719
463993,episode/length,500.0
463994,episode/return,371.1720886230469
463994,episode/length,500.0
463995,episode/return,289.95440673828125
463995,episode/length,500.0
463996,episode/return,294.9820251464844
463996,episode/length,500.0
463997,episode/return,338.74578857421875
463997,episode/length,500.0
463998,episode/return,393.9451904296875
463998,episode/length,500.0
463999,episode/return,346.4366760253906
463999,episode/length,500.0
467992,episode/return,347.0702819824219
467992,episode/length,500.0
467993,episode/return,440.5621337890625
467993,episode/length,500.0
467994,episode/return,408.6883544921875
467994,episode/length,500.0
467995,episode/return,363.413330078125
467995,episode/length,500.0
467996,episode/return,518.402587890625
467996,episode/length,500.0
467997,episode/return,343.1568298339844
467997,episode/length,500.0
467998,episode/return,326.056396484375
467998,episode/length,500.0
467999,episode/return,380.2339172363281
467999,episode/length,500.0
470000,train/consistency_loss_mean,0.002333346146903932
470000,train/consistency_loss_std,0.0001124628347665354
470000,train/continue_loss_mean,0.0
470000,train/continue_loss_std,0.0
470000,train/grad_norm_mean,0.4768615310192108
470000,train/grad_norm_std,0.14744768923459262
470000,train/policy_log_std_mean,-0.8790570807139079
470000,train/policy_log_std_std,0.36202098281184536
470000,train/policy_loss_mean,-0.9485571444034576
470000,train/policy_loss_std,0.0106950187622958
470000,train/reward_loss_mean,0.2687833428144455
470000,train/reward_loss_std,0.007769509336241849
470000,train/total_loss_mean,0.10274251311421394
470000,train/total_loss_std,0.0025223761311042154
470000,train/value_loss_mean,0.2919725410938263
470000,train/value_loss_std,0.006745351789770462
470000,train/value_scale_mean,55.16722988586426
470000,train/value_scale_std,0.2084411110313856
470000,timing/collect_chunk_s,100.27706568222493
470000,timing/train_chunk_s,20.629955854732543
470000,dense_rhs/training_bucket_horizon,3.0
470000,system/heartbeat,1.0
471992,episode/return,266.3948059082031
471992,episode/length,500.0
471993,episode/return,281.1646728515625
471993,episode/length,500.0
471994,episode/return,392.1053771972656
471994,episode/length,500.0
471995,episode/return,254.9333953857422
471995,episode/length,500.0
471996,episode/return,418.474853515625
471996,episode/length,500.0
471997,episode/return,415.1768493652344
471997,episode/length,500.0
471998,episode/return,398.9010925292969
471998,episode/length,500.0
471999,episode/return,401.40216064453125
471999,episode/length,500.0
475992,episode/return,329.431640625
475992,episode/length,500.0
475993,episode/return,391.6642761230469
475993,episode/length,500.0
475994,episode/return,421.7015075683594
475994,episode/length,500.0
475995,episode/return,372.9519958496094
475995,episode/length,500.0
475996,episode/return,393.1743469238281
475996,episode/length,500.0
475997,episode/return,342.083984375
475997,episode/length,500.0
475998,episode/return,483.9031066894531
475998,episode/length,500.0
475999,episode/return,454.4076843261719
475999,episode/length,500.0
479992,episode/return,371.5566101074219
479992,episode/length,500.0
479993,episode/return,354.86798095703125
479993,episode/length,500.0
479994,episode/return,306.5377197265625
479994,episode/length,500.0
479995,episode/return,396.6603088378906
479995,episode/length,500.0
479996,episode/return,391.0169677734375
479996,episode/length,500.0
479997,episode/return,412.9577941894531
479997,episode/length,500.0
479998,episode/return,292.8351745605469
479998,episode/length,500.0
479999,episode/return,406.65277099609375
479999,episode/length,500.0
480000,train/consistency_loss_mean,0.0023252238215878606
480000,train/consistency_loss_std,0.00011196182161345366
480000,train/continue_loss_mean,0.0
480000,train/continue_loss_std,0.0
480000,train/grad_norm_mean,0.470682621383667
480000,train/grad_norm_std,0.14371601002918438
480000,train/policy_log_std_mean,-0.881952916653951
480000,train/policy_log_std_std,0.3640276712128304
480000,train/policy_loss_mean,-0.9550348444461823
480000,train/policy_loss_std,0.01074056989714755
480000,train/reward_loss_mean,0.26914149081707
480000,train/reward_loss_std,0.007930099078187466
480000,train/total_loss_mean,0.1029162205696106
480000,train/total_loss_std,0.002481214671749161
480000,train/value_loss_mean,0.2949759419202805
480000,train/value_loss_std,0.006714555511122972
480000,train/value_scale_mean,55.05732726745605
480000,train/value_scale_std,0.2817452309757998
480000,timing/collect_chunk_s,99.92223038850352
480000,timing/train_chunk_s,20.607283860910684
480000,dense_rhs/training_bucket_horizon,3.0
480000,system/heartbeat,1.0
483992,episode/return,442.42584228515625
483992,episode/length,500.0
483993,episode/return,438.227294921875
483993,episode/length,500.0
483994,episode/return,510.1913757324219
483994,episode/length,500.0
483995,episode/return,420.9321594238281
483995,episode/length,500.0
483996,episode/return,367.7418518066406
483996,episode/length,500.0
483997,episode/return,526.4815673828125
483997,episode/length,500.0
483998,episode/return,317.95013427734375
483998,episode/length,500.0
483999,episode/return,496.836181640625
483999,episode/length,500.0
487992,episode/return,412.16265869140625
487992,episode/length,500.0
487993,episode/return,383.40618896484375
487993,episode/length,500.0
487994,episode/return,284.0115661621094
487994,episode/length,500.0
487995,episode/return,374.7316589355469
487995,episode/length,500.0
487996,episode/return,396.71514892578125
487996,episode/length,500.0
487997,episode/return,358.62908935546875
487997,episode/length,500.0
487998,episode/return,314.176025390625
487998,episode/length,500.0
487999,episode/return,332.2171325683594
487999,episode/length,500.0
490000,train/consistency_loss_mean,0.0023168580684810878
490000,train/consistency_loss_std,0.00011094669455692467
490000,train/continue_loss_mean,0.0
490000,train/continue_loss_std,0.0
490000,train/grad_norm_mean,0.47024287981987
490000,train/grad_norm_std,0.1419960635434303
490000,train/policy_log_std_mean,-0.8813967299779256
490000,train/policy_log_std_std,0.36564955502990876
490000,train/policy_loss_mean,-0.9584480382919311
490000,train/policy_loss_std,0.01068057309477455
490000,train/reward_loss_mean,0.2692379886388779
490000,train/reward_loss_std,0.007687047742334213
490000,train/total_loss_mean,0.1029396589398384
490000,train/total_loss_std,0.0024539972191403837
490000,train/value_loss_mean,0.296786970949173
490000,train/value_loss_std,0.006801133483336535
490000,train/value_scale_mean,55.05182205810547
490000,train/value_scale_std,0.31595464944182605
490000,timing/collect_chunk_s,107.6885321890004
490000,timing/train_chunk_s,20.586094356141984
490000,dense_rhs/training_bucket_horizon,3.0
490000,system/heartbeat,1.0
491992,episode/return,398.7909851074219
491992,episode/length,500.0
491993,episode/return,385.5344543457031
491993,episode/length,500.0
491994,episode/return,0.20159810781478882
491994,episode/length,500.0
491995,episode/return,394.7922058105469
491995,episode/length,500.0
491996,episode/return,414.7689514160156
491996,episode/length,500.0
491997,episode/return,386.982666015625
491997,episode/length,500.0
491998,episode/return,367.4060363769531
491998,episode/length,500.0
491999,episode/return,397.6835632324219
491999,episode/length,500.0
495992,episode/return,394.7066345214844
495992,episode/length,500.0
495993,episode/return,343.2942810058594
495993,episode/length,500.0
495994,episode/return,348.29193115234375
495994,episode/length,500.0
495995,episode/return,323.5945129394531
495995,episode/length,500.0
495996,episode/return,330.4863586425781
495996,episode/length,500.0
495997,episode/return,400.0631408691406
495997,episode/length,500.0
495998,episode/return,312.24957275390625
495998,episode/length,500.0
495999,episode/return,374.21063232421875
495999,episode/length,500.0
499992,episode/return,352.5458679199219
499992,episode/length,500.0
499993,episode/return,477.479736328125
499993,episode/length,500.0
499994,episode/return,465.4604187011719
499994,episode/length,500.0
499995,episode/return,417.5718078613281
499995,episode/length,500.0
499996,episode/return,433.55828857421875
499996,episode/length,500.0
499997,episode/return,371.9985656738281
499997,episode/length,500.0
499998,episode/return,336.72515869140625
499998,episode/length,500.0
499999,episode/return,324.947509765625
499999,episode/length,500.0
500000,train/consistency_loss_mean,0.0023105709319934248
500000,train/consistency_loss_std,0.00011235704484188374
500000,train/continue_loss_mean,0.0
500000,train/continue_loss_std,0.0
500000,train/grad_norm_mean,0.4711884683847427
500000,train/grad_norm_std,0.1458366390523687
500000,train/policy_log_std_mean,-0.8838323190053304
500000,train/policy_log_std_std,0.36789640327009115
500000,train/policy_loss_mean,-0.9608514987945557
500000,train/policy_loss_std,0.010703101644650615
500000,train/reward_loss_mean,0.26942364327907564
500000,train/reward_loss_std,0.007779360383859748
500000,train/total_loss_mean,0.10300223915576935
500000,train/total_loss_std,0.002486306010829738
500000,train/value_loss_mean,0.2984845447540283
500000,train/value_loss_std,0.006690163538798138
500000,train/value_scale_mean,55.10548552856445
500000,train/value_scale_std,0.26873439824246953
500000,timing/collect_chunk_s,99.4240142237395
500000,timing/train_chunk_s,20.633078545797616
500000,dense_rhs/training_bucket_horizon,3.0
500000,system/heartbeat,1.0
500000,timing/checkpoint_blocking_s,0.5152952647767961
500000,eval/return_mean,354.4768981933594
500000,eval/return_std,93.78353881835938
500000,eval/return_max,484.039306640625
500000,eval/return_min,0.3601917028427124
500000,timing/eval_s,11.34839425701648
500000,eval/selected_horizon,3.0
500000,eval/training_bucket_horizon,3.0
500000,system/heartbeat,1.0
