step,tag,value
0,timing/prewarm_dense_rhs_s,224.33133181929588
0,system/heartbeat,1.0
3992,episode/return,9.792936427055476e-12
3992,episode/length,500.0
3993,episode/return,0.0026445193216204643
3993,episode/length,500.0
3994,episode/return,11.618054389953613
3994,episode/length,500.0
3995,episode/return,1.7584891054411855e-07
3995,episode/length,500.0
3996,episode/return,3.8871711183219304e-08
3996,episode/length,500.0
3997,episode/return,0.6870405673980713
3997,episode/length,500.0
3998,episode/return,0.006526640150696039
3998,episode/length,500.0
3999,episode/return,0.0019410429522395134
3999,episode/length,500.0
4000,seed_pretrain/updates_completed,512.0
4000,timing/collect_chunk_s,48.163464904762805
4000,timing/train_chunk_s,245.49364487128332
4000,system/heartbeat,1.0
4000,seed_pretrain/updates_completed,1024.0
4000,timing/collect_chunk_s,48.163464904762805
4000,timing/train_chunk_s,246.57558132568374
4000,system/heartbeat,1.0
4000,seed_pretrain/updates_completed,1536.0
4000,timing/collect_chunk_s,48.163464904762805
4000,timing/train_chunk_s,247.6595245692879
4000,system/heartbeat,1.0
4000,seed_pretrain/updates_completed,2048.0
4000,timing/collect_chunk_s,48.163464904762805
4000,timing/train_chunk_s,248.7427927753888
4000,system/heartbeat,1.0
4000,seed_pretrain/updates_completed,2560.0
4000,timing/collect_chunk_s,48.163464904762805
4000,timing/train_chunk_s,249.82286410033703
4000,system/heartbeat,1.0
4000,seed_pretrain/updates_completed,3072.0
4000,timing/collect_chunk_s,48.163464904762805
4000,timing/train_chunk_s,250.90198154002428
4000,system/heartbeat,1.0
4000,seed_pretrain/updates_completed,3584.0
4000,timing/collect_chunk_s,48.163464904762805
4000,timing/train_chunk_s,251.98110074503347
4000,system/heartbeat,1.0
7992,episode/return,3.5761446952819824
7992,episode/length,500.0
7993,episode/return,67.3520736694336
7993,episode/length,500.0
7994,episode/return,52.51655578613281
7994,episode/length,500.0
7995,episode/return,17.31680679321289
7995,episode/length,500.0
7996,episode/return,9.274603843688965
7996,episode/length,500.0
7997,episode/return,0.09028929471969604
7997,episode/length,500.0
7998,episode/return,6.424864292144775
7998,episode/length,500.0
7999,episode/return,51.87081527709961
7999,episode/length,500.0
10000,train/consistency_loss_mean,7.976072010933422e-05
10000,train/consistency_loss_std,0.000323101726735257
10000,train/continue_loss_mean,0.0
10000,train/continue_loss_std,0.0
10000,train/grad_norm_mean,0.2031598553419113
10000,train/grad_norm_std,0.19147550219223097
10000,train/policy_log_std_mean,-0.2738497292742133
10000,train/policy_log_std_std,0.6199671972886747
10000,train/policy_loss_mean,-0.04769001122117043
10000,train/policy_loss_std,0.04387668321818055
10000,train/reward_loss_mean,0.022335792689025403
10000,train/reward_loss_std,0.08650468323019048
10000,train/total_loss_mean,0.01972176388502121
10000,train/total_loss_std,0.02297340025586995
10000,train/value_loss_mean,0.15892969869375229
10000,train/value_loss_std,0.08493010767219906
10000,train/value_scale_mean,1.604166296195984
10000,train/value_scale_std,1.0362521202850892
10000,timing/collect_chunk_s,258.13291971432045
10000,timing/train_chunk_s,312.3827900760807
10000,dense_rhs/training_bucket_horizon,3.0
10000,system/heartbeat,1.0
11992,episode/return,0.8008978962898254
11992,episode/length,500.0
11993,episode/return,3.775254726409912
11993,episode/length,500.0
11994,episode/return,58.14332580566406
11994,episode/length,500.0
11995,episode/return,0.09493247419595718
11995,episode/length,500.0
11996,episode/return,13.886463165283203
11996,episode/length,500.0
11997,episode/return,32.79403305053711
11997,episode/length,500.0
11998,episode/return,7.1573486328125
11998,episode/length,500.0
11999,episode/return,14.585887908935547
11999,episode/length,500.0
15992,episode/return,0.06797446310520172
15992,episode/length,500.0
15993,episode/return,25.687957763671875
15993,episode/length,500.0
15994,episode/return,14.759303092956543
15994,episode/length,500.0
15995,episode/return,92.40486145019531
15995,episode/length,500.0
15996,episode/return,174.88519287109375
15996,episode/length,500.0
15997,episode/return,24.600034713745117
15997,episode/length,500.0
15998,episode/return,64.47413635253906
15998,episode/length,500.0
15999,episode/return,71.85710144042969
15999,episode/length,500.0
19992,episode/return,52.45154571533203
19992,episode/length,500.0
19993,episode/return,92.12760162353516
19993,episode/length,500.0
19994,episode/return,17.581857681274414
19994,episode/length,500.0
19995,episode/return,58.27023696899414
19995,episode/length,500.0
19996,episode/return,105.34820556640625
19996,episode/length,500.0
19997,episode/return,0.0737701952457428
19997,episode/length,500.0
19998,episode/return,0.08788217604160309
19998,episode/length,500.0
19999,episode/return,67.80825805664062
19999,episode/length,500.0
20000,train/consistency_loss_mean,6.313965050794649e-05
20000,train/consistency_loss_std,1.369343880331003e-05
20000,train/continue_loss_mean,0.0
20000,train/continue_loss_std,0.0
20000,train/grad_norm_mean,0.7460691593647003
20000,train/grad_norm_std,0.31245978904568167
20000,train/policy_log_std_mean,-0.47226318373680115
20000,train/policy_log_std_std,0.4585003197574968
20000,train/policy_loss_mean,-0.10061182669997215
20000,train/policy_loss_std,0.014625479649920723
20000,train/reward_loss_mean,0.044547175911068916
20000,train/reward_loss_std,0.009457271908526492
20000,train/total_loss_mean,0.031088071477413177
20000,train/total_loss_std,0.002875714108829636
20000,train/value_loss_mean,0.253705606508255
20000,train/value_loss_std,0.02233302042808713
20000,train/value_scale_mean,9.02861566543579
20000,train/value_scale_std,2.970818116335869
20000,timing/collect_chunk_s,86.62780688144267
20000,timing/train_chunk_s,20.60853186296299
20000,dense_rhs/training_bucket_horizon,3.0
20000,system/heartbeat,1.0
23992,episode/return,199.30230712890625
23992,episode/length,500.0
23993,episode/return,100.6650619506836
23993,episode/length,500.0
23994,episode/return,176.9803466796875
23994,episode/length,500.0
23995,episode/return,75.11134338378906
23995,episode/length,500.0
23996,episode/return,101.3370361328125
23996,episode/length,500.0
23997,episode/return,149.02554321289062
23997,episode/length,500.0
23998,episode/return,68.12833404541016
23998,episode/length,500.0
23999,episode/return,13.906540870666504
23999,episode/length,500.0
27992,episode/return,149.54159545898438
27992,episode/length,500.0
27993,episode/return,106.64250183105469
27993,episode/length,500.0
27994,episode/return,36.2046012878418
27994,episode/length,500.0
27995,episode/return,74.50767517089844
27995,episode/length,500.0
27996,episode/return,31.878826141357422
27996,episode/length,500.0
27997,episode/return,3.283322811126709
27997,episode/length,500.0
27998,episode/return,0.23248963057994843
27998,episode/length,500.0
27999,episode/return,19.11249351501465
27999,episode/length,500.0
30000,train/consistency_loss_mean,5.727106421254575e-05
30000,train/consistency_loss_std,8.366123700430081e-06
30000,train/continue_loss_mean,0.0
30000,train/continue_loss_std,0.0
30000,train/grad_norm_mean,0.8954157719612121
30000,train/grad_norm_std,0.3602842699973998
30000,train/policy_log_std_mean,-0.5368703728914261
30000,train/policy_log_std_std,0.46258874266394745
30000,train/policy_loss_mean,-0.1134431563436985
30000,train/policy_loss_std,0.01222129253617297
30000,train/reward_loss_mean,0.05900963412821293
30000,train/reward_loss_std,0.007882115782707854
30000,train/total_loss_mean,0.03475556980669498
30000,train/total_loss_std,0.002439459025094818
30000,train/value_loss_mean,0.27709184267520903
30000,train/value_loss_std,0.020529155765616945
30000,train/value_scale_mean,19.866763760375978
30000,train/value_scale_std,3.3250592223282114
30000,timing/collect_chunk_s,87.60939830867574
30000,timing/train_chunk_s,20.60147629212588
30000,dense_rhs/training_bucket_horizon,3.0
30000,system/heartbeat,1.0
31992,episode/return,172.4920196533203
31992,episode/length,500.0
31993,episode/return,5.737634181976318
31993,episode/length,500.0
31994,episode/return,13.28668212890625
31994,episode/length,500.0
31995,episode/return,172.04403686523438
31995,episode/length,500.0
31996,episode/return,210.0042724609375
31996,episode/length,500.0
31997,episode/return,272.7193603515625
31997,episode/length,500.0
31998,episode/return,46.627994537353516
31998,episode/length,500.0
31999,episode/return,118.35491180419922
31999,episode/length,500.0
35992,episode/return,115.82813262939453
35992,episode/length,500.0
35993,episode/return,193.1103515625
35993,episode/length,500.0
35994,episode/return,18.507963180541992
35994,episode/length,500.0
35995,episode/return,151.9954376220703
35995,episode/length,500.0
35996,episode/return,98.36968231201172
35996,episode/length,500.0
35997,episode/return,11.745262145996094
35997,episode/length,500.0
35998,episode/return,118.48631286621094
35998,episode/length,500.0
35999,episode/return,10.135396003723145
35999,episode/length,500.0
39992,episode/return,283.3465270996094
39992,episode/length,500.0
39993,episode/return,162.04592895507812
39993,episode/length,500.0
39994,episode/return,96.68236541748047
39994,episode/length,500.0
39995,episode/return,115.84932708740234
39995,episode/length,500.0
39996,episode/return,221.76171875
39996,episode/length,500.0
39997,episode/return,129.365478515625
39997,episode/length,500.0
39998,episode/return,348.26727294921875
39998,episode/length,500.0
39999,episode/return,272.9096374511719
39999,episode/length,500.0
40000,train/consistency_loss_mean,5.339203556650318e-05
40000,train/consistency_loss_std,9.286267726020319e-06
40000,train/continue_loss_mean,0.0
40000,train/continue_loss_std,0.0
40000,train/grad_norm_mean,1.0103982582569122
40000,train/grad_norm_std,0.42021214798714046
40000,train/policy_log_std_mean,-0.5980565344810486
40000,train/policy_log_std_std,0.4800267647964205
40000,train/policy_loss_mean,-0.11843959742188453
40000,train/policy_loss_std,0.010663388808790596
40000,train/reward_loss_mean,0.06811908739805221
40000,train/reward_loss_std,0.00831447201023963
40000,train/total_loss_mean,0.03776162629425526
40000,train/total_loss_std,0.002308903309184115
40000,train/value_loss_mean,0.2988187620639801
40000,train/value_loss_std,0.019832261076638203
40000,train/value_scale_mean,31.52080612487793
40000,train/value_scale_std,3.931435233559188
40000,timing/collect_chunk_s,88.31764517817646
40000,timing/train_chunk_s,20.605353948194534
40000,dense_rhs/training_bucket_horizon,3.0
40000,system/heartbeat,1.0
43992,episode/return,118.468994140625
43992,episode/length,500.0
43993,episode/return,126.57548522949219
43993,episode/length,500.0
43994,episode/return,348.478515625
43994,episode/length,500.0
43995,episode/return,7.9530534744262695
43995,episode/length,500.0
43996,episode/return,2.0326761107636315e-11
43996,episode/length,500.0
43997,episode/return,366.137939453125
43997,episode/length,500.0
43998,episode/return,85.85760498046875
43998,episode/length,500.0
43999,episode/return,3.359445013839668e-11
43999,episode/length,500.0
47992,episode/return,120.48627471923828
47992,episode/length,500.0
47993,episode/return,5.325868218664098e-11
47993,episode/length,500.0
47994,episode/return,25.164691925048828
47994,episode/length,500.0
47995,episode/return,207.03465270996094
47995,episode/length,500.0
47996,episode/return,114.50608825683594
47996,episode/length,500.0
47997,episode/return,151.0753631591797
47997,episode/length,500.0
47998,episode/return,316.0692443847656
47998,episode/length,500.0
47999,episode/return,107.60558319091797
47999,episode/length,500.0
50000,train/consistency_loss_mean,5.077914111316204e-05
50000,train/consistency_loss_std,8.747439236377517e-06
50000,train/continue_loss_mean,0.0
50000,train/continue_loss_std,0.0
50000,train/grad_norm_mean,1.0725157334327697
50000,train/grad_norm_std,0.48125855591729416
50000,train/policy_log_std_mean,-0.6604617105960846
50000,train/policy_log_std_std,0.5297267796179123
50000,train/policy_loss_mean,-0.1274091307103634
50000,train/policy_loss_std,0.011295589481264792
50000,train/reward_loss_mean,0.07678542113900184
50000,train/reward_loss_std,0.008406479615216773
50000,train/total_loss_mean,0.03882603149414063
50000,train/total_loss_std,0.002456310705951068
50000,train/value_loss_mean,0.30131905648708346
50000,train/value_loss_std,0.02122537349118284
50000,train/value_scale_mean,44.55848341674805
50000,train/value_scale_std,2.9818875978588344
50000,timing/collect_chunk_s,86.25386488623917
50000,timing/train_chunk_s,20.584016238339245
50000,dense_rhs/training_bucket_horizon,3.0
50000,system/heartbeat,1.0
50000,timing/checkpoint_blocking_s,0.4123400948010385
50000,eval/return_mean,92.45692443847656
50000,eval/return_std,50.25733947753906
50000,eval/return_max,210.66311645507812
50000,eval/return_min,30.26456069946289
50000,dense_rhs/deployment_utility_last_observed_gain,0.0
50000,dense_rhs/deployment_utility_observations,0.0
50000,timing/eval_s,93.50404184823856
50000,eval/selected_horizon,3.0
50000,eval/training_bucket_horizon,3.0
50000,system/heartbeat,1.0
51992,episode/return,0.019919369369745255
51992,episode/length,500.0
51993,episode/return,191.7762908935547
51993,episode/length,500.0
51994,episode/return,19.319869995117188
51994,episode/length,500.0
51995,episode/return,14.844472885131836
51995,episode/length,500.0
51996,episode/return,27.783832550048828
51996,episode/length,500.0
51997,episode/return,41.99226760864258
51997,episode/length,500.0
51998,episode/return,220.06137084960938
51998,episode/length,500.0
51999,episode/return,104.73062896728516
51999,episode/length,500.0
55992,episode/return,257.1211242675781
55992,episode/length,500.0
55993,episode/return,179.91578674316406
55993,episode/length,500.0
55994,episode/return,187.94866943359375
55994,episode/length,500.0
55995,episode/return,0.6915537118911743
55995,episode/length,500.0
55996,episode/return,191.16163635253906
55996,episode/length,500.0
55997,episode/return,85.62577056884766
55997,episode/length,500.0
55998,episode/return,134.48080444335938
55998,episode/length,500.0
55999,episode/return,308.8551940917969
55999,episode/length,500.0
59992,episode/return,212.58892822265625
59992,episode/length,500.0
59993,episode/return,86.0417709350586
59993,episode/length,500.0
59994,episode/return,188.01547241210938
59994,episode/length,500.0
59995,episode/return,146.14173889160156
59995,episode/length,500.0
59996,episode/return,137.99111938476562
59996,episode/length,500.0
59997,episode/return,69.9579849243164
59997,episode/length,500.0
59998,episode/return,163.58741760253906
59998,episode/length,500.0
59999,episode/return,175.6028289794922
59999,episode/length,500.0
60000,train/consistency_loss_mean,4.993936593236867e-05
60000,train/consistency_loss_std,8.106705589681095e-06
60000,train/continue_loss_mean,0.0
60000,train/continue_loss_std,0.0
60000,train/grad_norm_mean,1.1224106516361236
60000,train/grad_norm_std,0.48953090559233503
60000,train/policy_log_std_mean,-0.685669036579132
60000,train/policy_log_std_std,0.4983013219494265
60000,train/policy_loss_mean,-0.13687571123838424
60000,train/policy_loss_std,0.011017483743164568
60000,train/reward_loss_mean,0.08084358187317849
60000,train/reward_loss_std,0.008547875859928
60000,train/total_loss_mean,0.03998397526741028
60000,train/total_loss_std,0.0023757838371402545
60000,train/value_loss_mean,0.30900828335285185
60000,train/value_loss_std,0.020796827349259726
60000,train/value_scale_mean,53.32893196411133
60000,train/value_scale_std,2.522415706594091
60000,timing/collect_chunk_s,86.631477791816
60000,timing/train_chunk_s,20.58182633202523
60000,dense_rhs/training_bucket_horizon,3.0
60000,system/heartbeat,1.0
63992,episode/return,253.2960662841797
63992,episode/length,500.0
63993,episode/return,32.844139099121094
63993,episode/length,500.0
63994,episode/return,249.64002990722656
63994,episode/length,500.0
63995,episode/return,50.155147552490234
63995,episode/length,500.0
63996,episode/return,229.41607666015625
63996,episode/length,500.0
63997,episode/return,299.30743408203125
63997,episode/length,500.0
63998,episode/return,174.7077178955078
63998,episode/length,500.0
63999,episode/return,303.3429870605469
63999,episode/length,500.0
67992,episode/return,189.02626037597656
67992,episode/length,500.0
67993,episode/return,39.80290222167969
67993,episode/length,500.0
67994,episode/return,190.21368408203125
67994,episode/length,500.0
67995,episode/return,239.18081665039062
67995,episode/length,500.0
67996,episode/return,78.73381805419922
67996,episode/length,500.0
67997,episode/return,117.8798599243164
67997,episode/length,500.0
67998,episode/return,95.67920684814453
67998,episode/length,500.0
67999,episode/return,255.8861846923828
67999,episode/length,500.0
70000,train/consistency_loss_mean,4.8672670146333985e-05
70000,train/consistency_loss_std,7.714559944950871e-06
70000,train/continue_loss_mean,0.0
70000,train/continue_loss_std,0.0
70000,train/grad_norm_mean,1.1241964824676514
70000,train/grad_norm_std,0.48201814076304217
70000,train/policy_log_std_mean,-0.724348687505722
70000,train/policy_log_std_std,0.4790149843108155
70000,train/policy_loss_mean,-0.14503895897865296
70000,train/policy_loss_std,0.010595473207031211
70000,train/reward_loss_mean,0.08686427494883538
70000,train/reward_loss_std,0.00875033577903762
70000,train/total_loss_mean,0.040770697924494746
70000,train/total_loss_std,0.0023129902759370553
70000,train/value_loss_mean,0.31110816071033476
70000,train/value_loss_std,0.020185042743302004
70000,train/value_scale_mean,63.940199932861326
70000,train/value_scale_std,2.943817761762884
70000,timing/collect_chunk_s,88.08513465849683
70000,timing/train_chunk_s,20.599822818301618
70000,dense_rhs/training_bucket_horizon,3.0
70000,system/heartbeat,1.0
70000,dense_rhs/selected_horizon,3.0
70000,dense_rhs/proposed_horizon,3.0
70000,dense_rhs/phase_id,0.0
70000,dense_rhs/num_active_horizons,7.0
70000,dense_rhs/num_candidate_horizons,3.0
70000,dense_rhs/entropy,1.9251538515090942
70000,dense_rhs/norm_entropy,0.9893333315849304
70000,dense_rhs/best_fitness,0.03162277489900589
70000,dense_rhs/deployment_score_best,8.058266871557862e-07
70000,dense_rhs/incumbent_deployment_score,8.058266871557862e-07
70000,dense_rhs/proposed_deployment_score,8.058266871557862e-07
70000,dense_rhs/proposed_transition_cost,0.0
70000,dense_rhs/proposed_switch_probability,0.5
70000,dense_rhs/proposed_expected_net_benefit,0.0
70000,dense_rhs/transition_cost_best,0.0
70000,dense_rhs/transition_adjusted_score_best,8.058266871557862e-07
70000,dense_rhs/switch_probability_best,0.5
70000,dense_rhs/expected_improvement_best,0.564189612865448
70000,dense_rhs/expected_loss_best,0.564189612865448
70000,dense_rhs/expected_net_benefit_best,0.0
70000,dense_rhs/return_term_best,1.0
70000,dense_rhs/roughness_term_best,0.8838196396827698
70000,dense_rhs/return_std_term_best,0.0
70000,dense_rhs/learner_proxy_term_best,0.9117547273635864
70000,dense_rhs/model_prefix_loss_best,0.21094009280204773
70000,dense_rhs/model_probe_prefix_best,0.04929313436150551
70000,dense_rhs/planner_return_best,0.0005465116119012237
70000,dense_rhs/roughness_best,0.11095879971981049
70000,dense_rhs/robust_return_best,11.102252960205078
70000,timing/query_model_diag_s,14.682317077182233
70000,timing/query_env_eval_s,27.43076033424586
70000,timing/query_finalize_s,0.8204502249136567
70000,timing/query_total_s,43.127865131013095
70000,dense_rhs/candidate_3_fitness,0.03162277489900589
70000,dense_rhs/candidate_3_deployment_score,8.058266871557862e-07
70000,dense_rhs/candidate_3_transition_cost,0.0
70000,dense_rhs/candidate_3_transition_adjusted_score,8.058266871557862e-07
70000,dense_rhs/candidate_3_switch_probability,0.5
70000,dense_rhs/candidate_3_expected_net_benefit,0.0
70000,dense_rhs/candidate_3_return,11.102252960205078
70000,dense_rhs/candidate_3_return_term,1.0
70000,dense_rhs/candidate_3_roughness_term,0.8838196396827698
70000,dense_rhs/candidate_3_return_std_term,0.0
70000,dense_rhs/candidate_3_learner_proxy_term,0.9117547273635864
70000,dense_rhs/candidate_2_fitness,0.03162277489900589
70000,dense_rhs/candidate_2_deployment_score,2.090469565922103e-25
70000,dense_rhs/candidate_2_transition_cost,0.06201360374689102
70000,dense_rhs/candidate_2_transition_adjusted_score,-0.06201360374689102
70000,dense_rhs/candidate_2_switch_probability,0.4825116693973541
70000,dense_rhs/candidate_2_expected_net_benefit,-0.06201440095901489
70000,dense_rhs/candidate_2_return,-3.299285888671875
70000,dense_rhs/candidate_2_return_term,0.0
70000,dense_rhs/candidate_2_roughness_term,1.0
70000,dense_rhs/candidate_2_return_std_term,0.20904695987701416
70000,dense_rhs/candidate_2_learner_proxy_term,1.0
70000,dense_rhs/candidate_4_fitness,0.2985377311706543
70000,dense_rhs/candidate_4_deployment_score,0.00033529469510540366
70000,dense_rhs/candidate_4_transition_cost,0.05481339618563652
70000,dense_rhs/candidate_4_transition_adjusted_score,-0.054478101432323456
70000,dense_rhs/candidate_4_switch_probability,0.484635591506958
70000,dense_rhs/candidate_4_expected_net_benefit,-0.05447888374328613
70000,dense_rhs/candidate_4_return,2.1236801147460938
70000,dense_rhs/candidate_4_return_term,0.3765546381473541
70000,dense_rhs/candidate_4_roughness_term,0.7692506313323975
70000,dense_rhs/candidate_4_return_std_term,0.027418673038482666
70000,dense_rhs/candidate_4_learner_proxy_term,0.7906793355941772
70000,dense_rhs/deployment_utility_enabled,1.0
70000,dense_rhs/deployment_utility_observations,0.0
70000,dense_rhs/deployment_utility_last_observed_gain,0.0
70000,dense_rhs/candidate_2_expected_eval_gain,0.0
70000,dense_rhs/candidate_2_eval_gain_uncertainty,150.0
70000,dense_rhs/candidate_2_deployment_utility_score,37.5
70000,dense_rhs/candidate_3_expected_eval_gain,0.0
70000,dense_rhs/candidate_3_eval_gain_uncertainty,150.0
70000,dense_rhs/candidate_3_deployment_utility_score,37.5240333861203
70000,dense_rhs/candidate_4_expected_eval_gain,0.0
70000,dense_rhs/candidate_4_eval_gain_uncertainty,150.0
70000,dense_rhs/candidate_4_deployment_utility_score,47.5
70000,dense_rhs/deployment_utility_override,0.0
70000,dense_rhs/deployment_utility_selected_expected_gain,0.0
70000,dense_rhs/deployment_utility_selected_uncertainty,150.0
70000,dense_rhs/deployment_utility_selected_score,37.5240333861203
70000,dense_rhs/deployment_utility_proposed_horizon,4.0
70000,dense_rhs/deployment_utility_proposed_expected_gain,0.0
70000,dense_rhs/deployment_utility_proposed_uncertainty,150.0
70000,dense_rhs/deployment_utility_proposed_score,47.5
70000,dense_rhs/previous_horizon,3.0
70000,dense_rhs/training_bucket_horizon,3.0
70000,dense_rhs/best_h,3.0
70000,dense_rhs/prob_best_h,0.130859375
70000,dense_rhs/gauss_mean_best_h,0.03162277489900589
70000,dense_rhs/gauss_post_std_best_h,1.0
70000,system/heartbeat,1.0
71992,episode/return,368.970703125
71992,episode/length,500.0
71993,episode/return,357.3128662109375
71993,episode/length,500.0
71994,episode/return,322.7488098144531
71994,episode/length,500.0
71995,episode/return,44.02155685424805
71995,episode/length,500.0
71996,episode/return,146.27816772460938
71996,episode/length,500.0
71997,episode/return,184.344482421875
71997,episode/length,500.0
71998,episode/return,103.7825927734375
71998,episode/length,500.0
71999,episode/return,346.96441650390625
71999,episode/length,500.0
75992,episode/return,213.8867645263672
75992,episode/length,500.0
75993,episode/return,41.17049789428711
75993,episode/length,500.0
75994,episode/return,247.63497924804688
75994,episode/length,500.0
75995,episode/return,378.1257629394531
75995,episode/length,500.0
75996,episode/return,383.19219970703125
75996,episode/length,500.0
75997,episode/return,240.45379638671875
75997,episode/length,500.0
75998,episode/return,163.25973510742188
75998,episode/length,500.0
75999,episode/return,179.42794799804688
75999,episode/length,500.0
79992,episode/return,343.9169921875
79992,episode/length,500.0
79993,episode/return,365.5375061035156
79993,episode/length,500.0
79994,episode/return,276.62908935546875
79994,episode/length,500.0
79995,episode/return,235.14964294433594
79995,episode/length,500.0
79996,episode/return,292.1162109375
79996,episode/length,500.0
79997,episode/return,356.6238708496094
79997,episode/length,500.0
79998,episode/return,134.53614807128906
79998,episode/length,500.0
79999,episode/return,247.541015625
79999,episode/length,500.0
80000,train/consistency_loss_mean,4.6451611781958494e-05
80000,train/consistency_loss_std,6.290532059085748e-06
80000,train/continue_loss_mean,0.0
80000,train/continue_loss_std,0.0
80000,train/grad_norm_mean,1.0978538437843324
80000,train/grad_norm_std,0.4671614673754639
80000,train/policy_log_std_mean,-0.7483114256381989
80000,train/policy_log_std_std,0.4669671759328978
80000,train/policy_loss_mean,-0.15229098044633865
80000,train/policy_loss_std,0.010316446830135453
80000,train/reward_loss_mean,0.0932130795776844
80000,train/reward_loss_std,0.009266445781422588
80000,train/total_loss_mean,0.04150710846483707
80000,train/total_loss_std,0.002123656583550817
80000,train/value_loss_mean,0.31256767127513885
80000,train/value_loss_std,0.018611947491812327
80000,train/value_scale_mean,73.6637021850586
80000,train/value_scale_std,2.5871714617017005
80000,timing/collect_chunk_s,89.84311459725723
80000,timing/train_chunk_s,20.688259670045227
80000,dense_rhs/training_bucket_horizon,3.0
80000,system/heartbeat,1.0
83992,episode/return,301.32440185546875
83992,episode/length,500.0
83993,episode/return,253.5228271484375
83993,episode/length,500.0
83994,episode/return,356.0077209472656
83994,episode/length,500.0
83995,episode/return,131.50941467285156
83995,episode/length,500.0
83996,episode/return,74.62733459472656
83996,episode/length,500.0
83997,episode/return,166.61724853515625
83997,episode/length,500.0
83998,episode/return,222.00323486328125
83998,episode/length,500.0
83999,episode/return,119.46198272705078
83999,episode/length,500.0
87992,episode/return,352.33355712890625
87992,episode/length,500.0
87993,episode/return,347.8742980957031
87993,episode/length,500.0
87994,episode/return,220.40162658691406
87994,episode/length,500.0
87995,episode/return,345.2311706542969
87995,episode/length,500.0
87996,episode/return,311.7310791015625
87996,episode/length,500.0
87997,episode/return,202.08506774902344
87997,episode/length,500.0
87998,episode/return,321.6352233886719
87998,episode/length,500.0
87999,episode/return,227.41522216796875
87999,episode/length,500.0
90000,train/consistency_loss_mean,4.5899654846289196e-05
90000,train/consistency_loss_std,6.879362918299224e-06
90000,train/continue_loss_mean,0.0
90000,train/continue_loss_std,0.0
90000,train/grad_norm_mean,1.0434137697696686
90000,train/grad_norm_std,0.4436280347449999
90000,train/policy_log_std_mean,-0.760548508644104
90000,train/policy_log_std_std,0.4457203271284531
90000,train/policy_loss_mean,-0.16088041652441024
90000,train/policy_loss_std,0.010277237201597173
90000,train/reward_loss_mean,0.09902630822658538
90000,train/reward_loss_std,0.009261778717318387
90000,train/total_loss_mean,0.04264650637507439
90000,train/total_loss_std,0.0022093469520459872
90000,train/value_loss_mean,0.31825881111621857
90000,train/value_loss_std,0.01943477722013044
90000,train/value_scale_mean,81.82234579467773
90000,train/value_scale_std,2.5012627560760916
90000,timing/collect_chunk_s,88.46151204919443
90000,timing/train_chunk_s,20.638165049720556
90000,dense_rhs/training_bucket_horizon,3.0
90000,system/heartbeat,1.0
91992,episode/return,164.66537475585938
91992,episode/length,500.0
91993,episode/return,139.5587921142578
91993,episode/length,500.0
91994,episode/return,318.81842041015625
91994,episode/length,500.0
91995,episode/return,1.0882136821746826
91995,episode/length,500.0
91996,episode/return,479.820068359375
91996,episode/length,500.0
91997,episode/return,137.7046661376953
91997,episode/length,500.0
91998,episode/return,330.58612060546875
91998,episode/length,500.0
91999,episode/return,385.77142333984375
91999,episode/length,500.0
95992,episode/return,383.51397705078125
95992,episode/length,500.0
95993,episode/return,384.2561950683594
95993,episode/length,500.0
95994,episode/return,182.95401000976562
95994,episode/length,500.0
95995,episode/return,489.9855041503906
95995,episode/length,500.0
95996,episode/return,350.2034606933594
95996,episode/length,500.0
95997,episode/return,3.0156185626983643
95997,episode/length,500.0
95998,episode/return,336.23760986328125
95998,episode/length,500.0
95999,episode/return,237.76559448242188
95999,episode/length,500.0
99992,episode/return,256.75592041015625
99992,episode/length,500.0
99993,episode/return,284.3924560546875
99993,episode/length,500.0
99994,episode/return,177.72816467285156
99994,episode/length,500.0
99995,episode/return,164.55393981933594
99995,episode/length,500.0
99996,episode/return,36.166725158691406
99996,episode/length,500.0
99997,episode/return,311.99298095703125
99997,episode/length,500.0
99998,episode/return,23.315858840942383
99998,episode/length,500.0
99999,episode/return,289.3539123535156
99999,episode/length,500.0
100000,train/consistency_loss_mean,4.5430702882003974e-05
100000,train/consistency_loss_std,5.722420393271228e-06
100000,train/continue_loss_mean,0.0
100000,train/continue_loss_std,0.0
100000,train/grad_norm_mean,1.0127610048294067
100000,train/grad_norm_std,0.4265254417025759
100000,train/policy_log_std_mean,-0.7581751415252685
100000,train/policy_log_std_std,0.4301225861581131
100000,train/policy_loss_mean,-0.16446934090852738
100000,train/policy_loss_std,0.009835198040722264
100000,train/reward_loss_mean,0.10408652129173279
100000,train/reward_loss_std,0.00932902117333133
100000,train/total_loss_mean,0.043158050894737246
100000,train/total_loss_std,0.0020368966711190647
100000,train/value_loss_mean,0.3184078362703323
100000,train/value_loss_std,0.017805777126578663
100000,train/value_scale_mean,89.77419998779297
100000,train/value_scale_std,2.1512618365166816
100000,timing/collect_chunk_s,86.75296638114378
100000,timing/train_chunk_s,20.6404847712256
100000,dense_rhs/training_bucket_horizon,3.0
100000,system/heartbeat,1.0
100000,timing/checkpoint_blocking_s,0.44950140407308936
100000,eval/return_mean,255.83560180664062
100000,eval/return_std,122.52600860595703
100000,eval/return_max,448.8802490234375
100000,eval/return_min,0.05406210571527481
100000,dense_rhs/deployment_utility_last_observed_gain,163.37867736816406
100000,dense_rhs/deployment_utility_observations,1.0
100000,timing/eval_s,6.845375488046557
100000,eval/selected_horizon,3.0
100000,eval/training_bucket_horizon,3.0
100000,system/heartbeat,1.0
103992,episode/return,118.97407531738281
103992,episode/length,500.0
103993,episode/return,63.274749755859375
103993,episode/length,500.0
103994,episode/return,353.82611083984375
103994,episode/length,500.0
103995,episode/return,341.14617919921875
103995,episode/length,500.0
103996,episode/return,304.8761291503906
103996,episode/length,500.0
103997,episode/return,258.74139404296875
103997,episode/length,500.0
103998,episode/return,303.0882263183594
103998,episode/length,500.0
103999,episode/return,327.22650146484375
103999,episode/length,500.0
107992,episode/return,22.13128662109375
107992,episode/length,500.0
107993,episode/return,369.70306396484375
107993,episode/length,500.0
107994,episode/return,151.91262817382812
107994,episode/length,500.0
107995,episode/return,318.0594177246094
107995,episode/length,500.0
107996,episode/return,358.7517395019531
107996,episode/length,500.0
107997,episode/return,254.00364685058594
107997,episode/length,500.0
107998,episode/return,234.63623046875
107998,episode/length,500.0
107999,episode/return,411.1077880859375
107999,episode/length,500.0
110000,train/consistency_loss_mean,4.550442209583707e-05
110000,train/consistency_loss_std,7.598591360442121e-06
110000,train/continue_loss_mean,0.0
110000,train/continue_loss_std,0.0
110000,train/grad_norm_mean,0.9779856781482696
110000,train/grad_norm_std,0.4244912269028561
110000,train/policy_log_std_mean,-0.7556729647636413
110000,train/policy_log_std_std,0.4122250156780974
110000,train/policy_loss_mean,-0.16929490345716477
110000,train/policy_loss_std,0.010074683940795255
110000,train/reward_loss_mean,0.10744936443567275
110000,train/reward_loss_std,0.009491797351693435
110000,train/total_loss_mean,0.04367217535972595
110000,train/total_loss_std,0.0022906375979501207
110000,train/value_loss_mean,0.320171492934227
110000,train/value_loss_std,0.020220624493355883
110000,train/value_scale_mean,94.54779837036133
110000,train/value_scale_std,1.838468037184314
110000,timing/collect_chunk_s,90.20268849935383
110000,timing/train_chunk_s,20.59422860434279
110000,dense_rhs/training_bucket_horizon,3.0
110000,system/heartbeat,1.0
111992,episode/return,289.873779296875
111992,episode/length,500.0
111993,episode/return,294.1518249511719
111993,episode/length,500.0
111994,episode/return,171.53695678710938
111994,episode/length,500.0
111995,episode/return,404.1619567871094
111995,episode/length,500.0
111996,episode/return,298.5743408203125
111996,episode/length,500.0
111997,episode/return,145.61737060546875
111997,episode/length,500.0
111998,episode/return,276.85247802734375
111998,episode/length,500.0
111999,episode/return,308.2138366699219
111999,episode/length,500.0
115992,episode/return,357.96820068359375
115992,episode/length,500.0
115993,episode/return,0.16241827607154846
115993,episode/length,500.0
115994,episode/return,374.6360168457031
115994,episode/length,500.0
115995,episode/return,372.3279113769531
115995,episode/length,500.0
115996,episode/return,318.77459716796875
115996,episode/length,500.0
115997,episode/return,316.0375061035156
115997,episode/length,500.0
115998,episode/return,340.61761474609375
115998,episode/length,500.0
115999,episode/return,254.51959228515625
115999,episode/length,500.0
119992,episode/return,258.09423828125
119992,episode/length,500.0
119993,episode/return,184.5606689453125
119993,episode/length,500.0
119994,episode/return,235.5100555419922
119994,episode/length,500.0
119995,episode/return,419.8107604980469
119995,episode/length,500.0
119996,episode/return,218.25128173828125
119996,episode/length,500.0
119997,episode/return,248.30032348632812
119997,episode/length,500.0
119998,episode/return,119.65754699707031
119998,episode/length,500.0
119999,episode/return,338.3565979003906
119999,episode/length,500.0
120000,train/consistency_loss_mean,4.481403207173571e-05
120000,train/consistency_loss_std,5.946758786299036e-06
120000,train/continue_loss_mean,0.0
120000,train/continue_loss_std,0.0
120000,train/grad_norm_mean,0.9287267629146576
120000,train/grad_norm_std,0.3892905878874106
120000,train/policy_log_std_mean,-0.7515933544635772
120000,train/policy_log_std_std,0.40254282844670686
120000,train/policy_loss_mean,-0.17569571830034256
120000,train/policy_loss_std,0.01024745042011865
120000,train/reward_loss_mean,0.11099425487518311
120000,train/reward_loss_std,0.00961654568022941
120000,train/total_loss_mean,0.04381403416097164
120000,train/total_loss_std,0.0020676211950789356
120000,train/value_loss_mean,0.31818327267169955
120000,train/value_loss_std,0.017894928728606485
120000,train/value_scale_mean,99.10133900756836
120000,train/value_scale_std,1.1104309555352394
120000,timing/collect_chunk_s,90.96727953152731
120000,timing/train_chunk_s,20.613590619992465
120000,dense_rhs/training_bucket_horizon,3.0
120000,system/heartbeat,1.0
120000,dense_rhs/selected_horizon,3.0
120000,dense_rhs/proposed_horizon,3.0
120000,dense_rhs/phase_id,0.0
120000,dense_rhs/num_active_horizons,7.0
120000,dense_rhs/num_candidate_horizons,3.0
120000,dense_rhs/entropy,1.6668157577514648
120000,dense_rhs/norm_entropy,0.8565738201141357
120000,dense_rhs/best_fitness,0.47502267360687256
120000,dense_rhs/deployment_score_best,0.000483647920191288
120000,dense_rhs/incumbent_deployment_score,0.000483647920191288
120000,dense_rhs/proposed_deployment_score,0.000483647920191288
120000,dense_rhs/proposed_transition_cost,0.0
120000,dense_rhs/proposed_switch_probability,0.5
120000,dense_rhs/proposed_expected_net_benefit,0.0
120000,dense_rhs/transition_cost_best,0.0
120000,dense_rhs/transition_adjusted_score_best,0.000483647920191288
120000,dense_rhs/switch_probability_best,0.5
120000,dense_rhs/expected_improvement_best,0.564189612865448
120000,dense_rhs/expected_loss_best,0.564189612865448
120000,dense_rhs/expected_net_benefit_best,0.0
120000,dense_rhs/return_term_best,0.2220820039510727
120000,dense_rhs/roughness_term_best,0.9573380947113037
120000,dense_rhs/return_std_term_best,0.23948049545288086
120000,dense_rhs/learner_proxy_term_best,0.8672420382499695
120000,dense_rhs/model_prefix_loss_best,0.22784334421157837
120000,dense_rhs/model_probe_prefix_best,0.06113068014383316
120000,dense_rhs/planner_return_best,47.779239654541016
120000,dense_rhs/roughness_best,0.038469769060611725
120000,dense_rhs/robust_return_best,20.861083984375
120000,timing/query_model_diag_s,14.013466788921505
120000,timing/query_env_eval_s,5.098552486859262
120000,timing/query_finalize_s,0.7759496853686869
120000,timing/query_total_s,19.892980040051043
120000,dense_rhs/candidate_3_fitness,0.47502267360687256
120000,dense_rhs/candidate_3_deployment_score,0.000483647920191288
120000,dense_rhs/candidate_3_transition_cost,0.0
120000,dense_rhs/candidate_3_transition_adjusted_score,0.000483647920191288
120000,dense_rhs/candidate_3_switch_probability,0.5
120000,dense_rhs/candidate_3_expected_net_benefit,0.0
120000,dense_rhs/candidate_3_return,20.861083984375
120000,dense_rhs/candidate_3_return_term,0.2220820039510727
120000,dense_rhs/candidate_3_roughness_term,0.9573380947113037
120000,dense_rhs/candidate_3_return_std_term,0.23948049545288086
120000,dense_rhs/candidate_3_learner_proxy_term,0.8672420382499695
120000,dense_rhs/candidate_4_fitness,0.03162277489900589
120000,dense_rhs/candidate_4_deployment_score,1.1690536510874429e-25
120000,dense_rhs/candidate_4_transition_cost,0.06310298293828964
120000,dense_rhs/candidate_4_transition_adjusted_score,-0.06310298293828964
120000,dense_rhs/candidate_4_switch_probability,0.48206859827041626
120000,dense_rhs/candidate_4_expected_net_benefit,-0.06358665227890015
120000,dense_rhs/candidate_4_return,-0.91015625
120000,dense_rhs/candidate_4_return_term,0.0
120000,dense_rhs/candidate_4_roughness_term,0.8801764249801636
120000,dense_rhs/candidate_4_return_std_term,0.17757391929626465
120000,dense_rhs/candidate_4_learner_proxy_term,0.747972309589386
120000,dense_rhs/candidate_2_fitness,0.031724244356155396
120000,dense_rhs/candidate_2_deployment_score,2.191787196181849e-09
120000,dense_rhs/candidate_2_transition_cost,0.04608083888888359
120000,dense_rhs/candidate_2_transition_adjusted_score,-0.04608083516359329
120000,dense_rhs/candidate_2_switch_probability,0.4868667721748352
120000,dense_rhs/candidate_2_expected_net_benefit,-0.046564459800720215
120000,dense_rhs/candidate_2_return,20.301246643066406
120000,dense_rhs/candidate_2_return_term,0.21637126803398132
120000,dense_rhs/candidate_2_roughness_term,1.0
120000,dense_rhs/candidate_2_return_std_term,5.960464477539063e-08
120000,dense_rhs/candidate_2_learner_proxy_term,1.0
120000,dense_rhs/deployment_utility_enabled,1.0
120000,dense_rhs/deployment_utility_observations,1.0
120000,dense_rhs/deployment_utility_last_observed_gain,163.37867736816406
120000,dense_rhs/candidate_2_expected_eval_gain,0.0
120000,dense_rhs/candidate_2_eval_gain_uncertainty,150.0
120000,dense_rhs/candidate_2_deployment_utility_score,37.50004531782532
120000,dense_rhs/candidate_3_expected_eval_gain,163.37867736816406
120000,dense_rhs/candidate_3_eval_gain_uncertainty,106.06601717798212
120000,dense_rhs/candidate_3_deployment_utility_score,199.89518166265958
120000,dense_rhs/candidate_4_expected_eval_gain,0.0
120000,dense_rhs/candidate_4_eval_gain_uncertainty,150.0
120000,dense_rhs/candidate_4_deployment_utility_score,37.5
120000,dense_rhs/deployment_utility_override,0.0
120000,dense_rhs/deployment_utility_selected_expected_gain,163.37867736816406
120000,dense_rhs/deployment_utility_selected_uncertainty,106.06601717798212
120000,dense_rhs/deployment_utility_selected_score,199.89518166265958
120000,dense_rhs/deployment_utility_proposed_horizon,3.0
120000,dense_rhs/deployment_utility_proposed_expected_gain,163.37867736816406
120000,dense_rhs/deployment_utility_proposed_uncertainty,106.06601717798212
120000,dense_rhs/deployment_utility_proposed_score,199.89518166265958
120000,dense_rhs/previous_horizon,3.0
120000,dense_rhs/training_bucket_horizon,3.0
120000,dense_rhs/best_h,3.0
120000,dense_rhs/prob_best_h,0.119140625
120000,dense_rhs/gauss_mean_best_h,0.2533227205276489
120000,dense_rhs/gauss_post_std_best_h,0.15676553547382355
120000,system/heartbeat,1.0
123992,episode/return,508.6318664550781
123992,episode/length,500.0
123993,episode/return,290.8923645019531
123993,episode/length,500.0
123994,episode/return,356.2781066894531
123994,episode/length,500.0
123995,episode/return,184.4873504638672
123995,episode/length,500.0
123996,episode/return,182.45387268066406
123996,episode/length,500.0
123997,episode/return,356.6188659667969
123997,episode/length,500.0
123998,episode/return,248.73294067382812
123998,episode/length,500.0
123999,episode/return,204.8961944580078
123999,episode/length,500.0
127992,episode/return,154.81028747558594
127992,episode/length,500.0
127993,episode/return,223.4241485595703
127993,episode/length,500.0
127994,episode/return,410.88427734375
127994,episode/length,500.0
127995,episode/return,330.85992431640625
127995,episode/length,500.0
127996,episode/return,144.5233917236328
127996,episode/length,500.0
127997,episode/return,310.6513671875
127997,episode/length,500.0
127998,episode/return,296.5467529296875
127998,episode/length,500.0
127999,episode/return,436.220458984375
127999,episode/length,500.0
130000,train/consistency_loss_mean,4.4504331742064096e-05
130000,train/consistency_loss_std,7.1396081487410705e-06
130000,train/continue_loss_mean,0.0
130000,train/continue_loss_std,0.0
130000,train/grad_norm_mean,0.9008169375419617
130000,train/grad_norm_std,0.38191595374746706
130000,train/policy_log_std_mean,-0.7628073415279388
130000,train/policy_log_std_std,0.4064872632254218
130000,train/policy_loss_mean,-0.17988831163644792
130000,train/policy_loss_std,0.010229665878774377
130000,train/reward_loss_mean,0.11408621081709862
130000,train/reward_loss_std,0.009840617856597912
130000,train/total_loss_mean,0.044558223217725755
130000,train/total_loss_std,0.002217343331159845
130000,train/value_loss_mean,0.3225951433420181
130000,train/value_loss_std,0.019360188961011073
130000,train/value_scale_mean,102.88272749633789
130000,train/value_scale_std,1.3095929503205186
130000,timing/collect_chunk_s,87.11957593075931
130000,timing/train_chunk_s,20.631775595713407
130000,dense_rhs/training_bucket_horizon,3.0
130000,system/heartbeat,1.0
131992,episode/return,196.22108459472656
131992,episode/length,500.0
131993,episode/return,334.22271728515625
131993,episode/length,500.0
131994,episode/return,122.6630859375
131994,episode/length,500.0
131995,episode/return,230.82505798339844
131995,episode/length,500.0
131996,episode/return,128.94512939453125
131996,episode/length,500.0
131997,episode/return,189.81166076660156
131997,episode/length,500.0
131998,episode/return,360.5805969238281
131998,episode/length,500.0
131999,episode/return,286.0849609375
131999,episode/length,500.0
135992,episode/return,164.45191955566406
135992,episode/length,500.0
135993,episode/return,352.3041076660156
135993,episode/length,500.0
135994,episode/return,222.83750915527344
135994,episode/length,500.0
135995,episode/return,306.3018493652344
135995,episode/length,500.0
135996,episode/return,421.6504211425781
135996,episode/length,500.0
135997,episode/return,110.74829864501953
135997,episode/length,500.0
135998,episode/return,168.27427673339844
135998,episode/length,500.0
135999,episode/return,146.74851989746094
135999,episode/length,500.0
139992,episode/return,350.7631530761719
139992,episode/length,500.0
139993,episode/return,282.6962890625
139993,episode/length,500.0
139994,episode/return,161.20367431640625
139994,episode/length,500.0
139995,episode/return,482.07501220703125
139995,episode/length,500.0
139996,episode/return,219.94580078125
139996,episode/length,500.0
139997,episode/return,483.2940673828125
139997,episode/length,500.0
139998,episode/return,390.92181396484375
139998,episode/length,500.0
139999,episode/return,195.81658935546875
139999,episode/length,500.0
140000,train/consistency_loss_mean,4.324986430583522e-05
140000,train/consistency_loss_std,4.870623990759961e-06
140000,train/continue_loss_mean,0.0
140000,train/continue_loss_std,0.0
140000,train/grad_norm_mean,0.8859593399047851
140000,train/grad_norm_std,0.36715014139558516
140000,train/policy_log_std_mean,-0.7704405868530273
140000,train/policy_log_std_std,0.40355422626727383
140000,train/policy_loss_mean,-0.1831012520313263
140000,train/policy_loss_std,0.009971135984644913
140000,train/reward_loss_mean,0.11606808497905731
140000,train/reward_loss_std,0.009603810893189435
140000,train/total_loss_mean,0.04471732124388218
140000,train/total_loss_std,0.0018632136879282715
140000,train/value_loss_mean,0.32245514733791353
140000,train/value_loss_std,0.015922384488367126
140000,train/value_scale_mean,106.13071877441406
140000,train/value_scale_std,1.106445429623055
140000,timing/collect_chunk_s,90.91355488914996
140000,timing/train_chunk_s,20.594107039272785
140000,dense_rhs/training_bucket_horizon,3.0
140000,system/heartbeat,1.0
143992,episode/return,133.84060668945312
143992,episode/length,500.0
143993,episode/return,185.5972137451172
143993,episode/length,500.0
143994,episode/return,197.88327026367188
143994,episode/length,500.0
143995,episode/return,114.9066390991211
143995,episode/length,500.0
143996,episode/return,335.55279541015625
143996,episode/length,500.0
143997,episode/return,339.0588684082031
143997,episode/length,500.0
143998,episode/return,479.3576354980469
143998,episode/length,500.0
143999,episode/return,464.53265380859375
143999,episode/length,500.0
147992,episode/return,376.99993896484375
147992,episode/length,500.0
147993,episode/return,251.68890380859375
147993,episode/length,500.0
147994,episode/return,461.4422607421875
147994,episode/length,500.0
147995,episode/return,320.0272521972656
147995,episode/length,500.0
147996,episode/return,100.58882141113281
147996,episode/length,500.0
147997,episode/return,518.8123779296875
147997,episode/length,500.0
147998,episode/return,233.8019256591797
147998,episode/length,500.0
147999,episode/return,83.2154541015625
147999,episode/length,500.0
150000,train/consistency_loss_mean,4.30708761268761e-05
150000,train/consistency_loss_std,4.664461136256859e-06
150000,train/continue_loss_mean,0.0
150000,train/continue_loss_std,0.0
150000,train/grad_norm_mean,0.838625806760788
150000,train/grad_norm_std,0.3583087158664438
150000,train/policy_log_std_mean,-0.7754703711986541
150000,train/policy_log_std_std,0.39727014881485195
150000,train/policy_loss_mean,-0.18784628447294235
150000,train/policy_loss_std,0.010058345072420193
150000,train/reward_loss_mean,0.11841881853938102
150000,train/reward_loss_std,0.009704855881954227
150000,train/total_loss_mean,0.04484578373134136
150000,train/total_loss_std,0.0018572188330423277
150000,train/value_loss_mean,0.321424831032753
150000,train/value_loss_std,0.015657927958977646
150000,train/value_scale_mean,108.70077000732422
150000,train/value_scale_std,0.7534015378954981
150000,timing/collect_chunk_s,86.42358414037153
150000,timing/train_chunk_s,20.65994123974815
150000,dense_rhs/training_bucket_horizon,3.0
150000,system/heartbeat,1.0
150000,timing/checkpoint_blocking_s,0.422345656901598
150000,eval/return_mean,264.9982604980469
150000,eval/return_std,103.31587219238281
150000,eval/return_max,418.2347412109375
150000,eval/return_min,9.707874298095703
150000,dense_rhs/deployment_utility_last_observed_gain,9.16265869140625
150000,dense_rhs/deployment_utility_observations,2.0
150000,timing/eval_s,6.8694568779319525
150000,eval/selected_horizon,3.0
150000,eval/training_bucket_horizon,3.0
150000,system/heartbeat,1.0
151992,episode/return,185.4727783203125
151992,episode/length,500.0
151993,episode/return,362.7201232910156
151993,episode/length,500.0
151994,episode/return,298.9756774902344
151994,episode/length,500.0
151995,episode/return,462.64166259765625
151995,episode/length,500.0
151996,episode/return,282.3450622558594
151996,episode/length,500.0
151997,episode/return,414.58258056640625
151997,episode/length,500.0
151998,episode/return,376.6532287597656
151998,episode/length,500.0
151999,episode/return,278.1405944824219
151999,episode/length,500.0
155992,episode/return,257.9005432128906
155992,episode/length,500.0
155993,episode/return,365.1904296875
155993,episode/length,500.0
155994,episode/return,444.43328857421875
155994,episode/length,500.0
155995,episode/return,10.896920204162598
155995,episode/length,500.0
155996,episode/return,200.69351196289062
155996,episode/length,500.0
155997,episode/return,228.97784423828125
155997,episode/length,500.0
155998,episode/return,158.43215942382812
155998,episode/length,500.0
155999,episode/return,194.0268096923828
155999,episode/length,500.0
159992,episode/return,337.4818420410156
159992,episode/length,500.0
159993,episode/return,249.69528198242188
159993,episode/length,500.0
159994,episode/return,157.7083282470703
159994,episode/length,500.0
159995,episode/return,57.15283966064453
159995,episode/length,500.0
159996,episode/return,317.6585388183594
159996,episode/length,500.0
159997,episode/return,344.66748046875
159997,episode/length,500.0
159998,episode/return,316.3231506347656
159998,episode/length,500.0
159999,episode/return,373.2307434082031
159999,episode/length,500.0
160000,train/consistency_loss_mean,4.235709272616077e-05
160000,train/consistency_loss_std,4.6677479098910925e-06
160000,train/continue_loss_mean,0.0
160000,train/continue_loss_std,0.0
160000,train/grad_norm_mean,0.7998679939746857
160000,train/grad_norm_std,0.34524507361472906
160000,train/policy_log_std_mean,-0.779167642211914
160000,train/policy_log_std_std,0.38467804346320816
160000,train/policy_loss_mean,-0.19127943902015687
160000,train/policy_loss_std,0.009865866064191722
160000,train/reward_loss_mean,0.12067574120759963
160000,train/reward_loss_std,0.009805017164707512
160000,train/total_loss_mean,0.04516026558876038
160000,train/total_loss_std,0.0018685602260507072
160000,train/value_loss_mean,0.32245548446178435
160000,train/value_loss_std,0.01570444839691954
160000,train/value_scale_mean,110.9363571899414
160000,train/value_scale_std,0.6486677362007875
160000,timing/collect_chunk_s,91.39958551339805
160000,timing/train_chunk_s,20.66596880927682
160000,dense_rhs/training_bucket_horizon,3.0
160000,system/heartbeat,1.0
163992,episode/return,226.04833984375
163992,episode/length,500.0
163993,episode/return,283.6373291015625
163993,episode/length,500.0
163994,episode/return,146.714111328125
163994,episode/length,500.0
163995,episode/return,288.8879089355469
163995,episode/length,500.0
163996,episode/return,251.02716064453125
163996,episode/length,500.0
163997,episode/return,205.44546508789062
163997,episode/length,500.0
163998,episode/return,465.1518249511719
163998,episode/length,500.0
163999,episode/return,233.3008575439453
163999,episode/length,500.0
167992,episode/return,304.62457275390625
167992,episode/length,500.0
167993,episode/return,166.03565979003906
167993,episode/length,500.0
167994,episode/return,157.5560760498047
167994,episode/length,500.0
167995,episode/return,384.5557861328125
167995,episode/length,500.0
167996,episode/return,77.73552703857422
167996,episode/length,500.0
167997,episode/return,382.3836975097656
167997,episode/length,500.0
167998,episode/return,424.03338623046875
167998,episode/length,500.0
167999,episode/return,162.38821411132812
167999,episode/length,500.0
170000,train/consistency_loss_mean,4.244586257555056e-05
170000,train/consistency_loss_std,4.37414031134318e-06
170000,train/continue_loss_mean,0.0
170000,train/continue_loss_std,0.0
170000,train/grad_norm_mean,0.8140277815818786
170000,train/grad_norm_std,0.3397446152032167
170000,train/policy_log_std_mean,-0.7673314856529236
170000,train/policy_log_std_std,0.3724482146717692
170000,train/policy_loss_mean,-0.192469098675251
170000,train/policy_loss_std,0.009744097324604012
170000,train/reward_loss_mean,0.12175152244567872
170000,train/reward_loss_std,0.009740935297038872
170000,train/total_loss_mean,0.045652980697154996
170000,train/total_loss_std,0.0018164874793628854
170000,train/value_loss_mean,0.3262891030550003
170000,train/value_loss_std,0.015368856896583197
170000,train/value_scale_mean,112.53311666870117
170000,train/value_scale_std,0.6607102123778817
170000,timing/collect_chunk_s,86.70094264438376
170000,timing/train_chunk_s,20.608345318585634
170000,dense_rhs/training_bucket_horizon,3.0
170000,system/heartbeat,1.0
170000,dense_rhs/selected_horizon,3.0
170000,dense_rhs/proposed_horizon,3.0
170000,dense_rhs/phase_id,0.0
170000,dense_rhs/num_active_horizons,7.0
170000,dense_rhs/num_candidate_horizons,3.0
170000,dense_rhs/entropy,1.6693297624588013
170000,dense_rhs/norm_entropy,0.8578657507896423
170000,dense_rhs/best_fitness,0.03162277489900589
170000,dense_rhs/deployment_score_best,2.1338317707679047e-25
170000,dense_rhs/incumbent_deployment_score,2.1338317707679047e-25
170000,dense_rhs/proposed_deployment_score,2.1338317707679047e-25
170000,dense_rhs/proposed_transition_cost,0.0
170000,dense_rhs/proposed_switch_probability,0.5
170000,dense_rhs/proposed_expected_net_benefit,0.0
170000,dense_rhs/transition_cost_best,0.0
170000,dense_rhs/transition_adjusted_score_best,2.1338317707679047e-25
170000,dense_rhs/switch_probability_best,0.5
170000,dense_rhs/expected_improvement_best,0.08844548463821411
170000,dense_rhs/expected_loss_best,0.08844548463821411
170000,dense_rhs/expected_net_benefit_best,0.0
170000,dense_rhs/return_term_best,0.0
170000,dense_rhs/roughness_term_best,0.9670623540878296
170000,dense_rhs/return_std_term_best,0.2400304079055786
170000,dense_rhs/learner_proxy_term_best,0.919262170791626
170000,dense_rhs/model_prefix_loss_best,0.24134713411331177
170000,dense_rhs/model_probe_prefix_best,0.06302423775196075
170000,dense_rhs/planner_return_best,108.5602035522461
170000,dense_rhs/roughness_best,0.013402330689132214
170000,dense_rhs/robust_return_best,0.4763031005859375
170000,timing/query_model_diag_s,0.01299194898456335
170000,timing/query_env_eval_s,5.103219672106206
170000,timing/query_finalize_s,0.00647161528468132
170000,timing/query_total_s,5.128053842578083
170000,dense_rhs/candidate_3_fitness,0.03162277489900589
170000,dense_rhs/candidate_3_deployment_score,2.1338317707679047e-25
170000,dense_rhs/candidate_3_transition_cost,0.0
170000,dense_rhs/candidate_3_transition_adjusted_score,2.1338317707679047e-25
170000,dense_rhs/candidate_3_switch_probability,0.5
170000,dense_rhs/candidate_3_expected_net_benefit,0.0
170000,dense_rhs/candidate_3_return,0.4763031005859375
170000,dense_rhs/candidate_3_return_term,0.0
170000,dense_rhs/candidate_3_roughness_term,0.9670623540878296
170000,dense_rhs/candidate_3_return_std_term,0.2400304079055786
170000,dense_rhs/candidate_3_learner_proxy_term,0.919262170791626
170000,dense_rhs/candidate_4_fitness,0.03162277489900589
170000,dense_rhs/candidate_4_deployment_score,1.6782285283678533e-10
170000,dense_rhs/candidate_4_transition_cost,0.05540057271718979
170000,dense_rhs/candidate_4_transition_adjusted_score,-0.05540057271718979
170000,dense_rhs/candidate_4_switch_probability,0.3810317814350128
170000,dense_rhs/candidate_4_expected_net_benefit,-0.05540057271718979
170000,dense_rhs/candidate_4_return,14.262863159179688
170000,dense_rhs/candidate_4_return_term,0.12469647079706192
170000,dense_rhs/candidate_4_roughness_term,0.897316038608551
170000,dense_rhs/candidate_4_return_std_term,0.0
170000,dense_rhs/candidate_4_learner_proxy_term,0.7735511064529419
170000,dense_rhs/candidate_2_fitness,0.37993860244750977
170000,dense_rhs/candidate_2_deployment_score,0.00017142374417744577
170000,dense_rhs/candidate_2_transition_cost,0.04632650688290596
170000,dense_rhs/candidate_2_transition_adjusted_score,-0.04615508392453194
170000,dense_rhs/candidate_2_switch_probability,0.3895472288131714
170000,dense_rhs/candidate_2_expected_net_benefit,-0.04615508019924164
170000,dense_rhs/candidate_2_return,22.795631408691406
170000,dense_rhs/candidate_2_return_term,0.2018735259771347
170000,dense_rhs/candidate_2_roughness_term,1.0
170000,dense_rhs/candidate_2_return_std_term,0.10321754217147827
170000,dense_rhs/candidate_2_learner_proxy_term,1.0
170000,dense_rhs/deployment_utility_enabled,1.0
170000,dense_rhs/deployment_utility_observations,2.0
170000,dense_rhs/deployment_utility_last_observed_gain,9.16265869140625
170000,dense_rhs/candidate_2_expected_eval_gain,0.0
170000,dense_rhs/candidate_2_eval_gain_uncertainty,150.0
170000,dense_rhs/candidate_2_deployment_utility_score,47.5
170000,dense_rhs/candidate_3_expected_eval_gain,86.27066802978516
170000,dense_rhs/candidate_3_eval_gain_uncertainty,44.51832994818924
170000,dense_rhs/candidate_3_deployment_utility_score,97.40025051683247
170000,dense_rhs/candidate_4_expected_eval_gain,0.0
170000,dense_rhs/candidate_4_eval_gain_uncertainty,150.0
170000,dense_rhs/candidate_4_deployment_utility_score,37.50000978994209
170000,dense_rhs/deployment_utility_override,0.0
170000,dense_rhs/deployment_utility_selected_expected_gain,86.27066802978516
170000,dense_rhs/deployment_utility_selected_uncertainty,44.51832994818924
170000,dense_rhs/deployment_utility_selected_score,97.40025051683247
170000,dense_rhs/deployment_utility_proposed_horizon,3.0
170000,dense_rhs/deployment_utility_proposed_expected_gain,86.27066802978516
170000,dense_rhs/deployment_utility_proposed_uncertainty,44.51832994818924
170000,dense_rhs/deployment_utility_proposed_score,97.40025051683247
170000,dense_rhs/previous_horizon,3.0
170000,dense_rhs/training_bucket_horizon,3.0
170000,dense_rhs/best_h,3.0
170000,dense_rhs/prob_best_h,0.048828125
170000,dense_rhs/gauss_mean_best_h,0.17942273616790771
170000,dense_rhs/gauss_post_std_best_h,0.12067817151546478
170000,system/heartbeat,1.0
171992,episode/return,222.39393615722656
171992,episode/length,500.0
171993,episode/return,272.1706237792969
171993,episode/length,500.0
171994,episode/return,245.52328491210938
171994,episode/length,500.0
171995,episode/return,345.0141296386719
171995,episode/length,500.0
171996,episode/return,223.27255249023438
171996,episode/length,500.0
171997,episode/return,357.7735900878906
171997,episode/length,500.0
171998,episode/return,368.35595703125
171998,episode/length,500.0
171999,episode/return,314.3308410644531
171999,episode/length,500.0
175992,episode/return,359.164794921875
175992,episode/length,500.0
175993,episode/return,252.4073944091797
175993,episode/length,500.0
175994,episode/return,339.54638671875
175994,episode/length,500.0
175995,episode/return,325.0335388183594
175995,episode/length,500.0
175996,episode/return,158.4179229736328
175996,episode/length,500.0
175997,episode/return,150.14234924316406
175997,episode/length,500.0
175998,episode/return,346.4933166503906
175998,episode/length,500.0
175999,episode/return,205.74240112304688
175999,episode/length,500.0
179992,episode/return,196.8101348876953
179992,episode/length,500.0
179993,episode/return,164.24256896972656
179993,episode/length,500.0
179994,episode/return,503.1885986328125
179994,episode/length,500.0
179995,episode/return,243.92022705078125
179995,episode/length,500.0
179996,episode/return,483.425537109375
179996,episode/length,500.0
179997,episode/return,301.5542297363281
179997,episode/length,500.0
179998,episode/return,209.217041015625
179998,episode/length,500.0
179999,episode/return,225.88995361328125
179999,episode/length,500.0
180000,train/consistency_loss_mean,4.2210060937213714e-05
180000,train/consistency_loss_std,4.658388475818531e-06
180000,train/continue_loss_mean,0.0
180000,train/continue_loss_std,0.0
180000,train/grad_norm_mean,0.8124245538711548
180000,train/grad_norm_std,0.33992985612815513
180000,train/policy_log_std_mean,-0.779104453086853
180000,train/policy_log_std_std,0.36627223553072447
180000,train/policy_loss_mean,-0.19442551350593568
180000,train/policy_loss_std,0.009806005065708364
180000,train/reward_loss_mean,0.12314588388800621
180000,train/reward_loss_std,0.009868095985760198
180000,train/total_loss_mean,0.04590136964917183
180000,train/total_loss_std,0.001836779414318051
180000,train/value_loss_mean,0.32742579114437104
180000,train/value_loss_std,0.015498595679099302
180000,train/value_scale_mean,113.77752438964843
180000,train/value_scale_std,0.5366221149056736
180000,timing/collect_chunk_s,91.20897140074521
180000,timing/train_chunk_s,20.61028611054644
180000,dense_rhs/training_bucket_horizon,3.0
180000,system/heartbeat,1.0
183992,episode/return,123.10066223144531
183992,episode/length,500.0
183993,episode/return,243.7136993408203
183993,episode/length,500.0
183994,episode/return,397.67437744140625
183994,episode/length,500.0
183995,episode/return,314.92095947265625
183995,episode/length,500.0
183996,episode/return,1.1712226744009513e-09
183996,episode/length,500.0
183997,episode/return,344.63214111328125
183997,episode/length,500.0
183998,episode/return,273.2283630371094
183998,episode/length,500.0
183999,episode/return,472.9031066894531
183999,episode/length,500.0
187992,episode/return,330.7333679199219
187992,episode/length,500.0
187993,episode/return,363.29364013671875
187993,episode/length,500.0
187994,episode/return,355.51361083984375
187994,episode/length,500.0
187995,episode/return,404.0452880859375
187995,episode/length,500.0
187996,episode/return,330.2750244140625
187996,episode/length,500.0
187997,episode/return,351.19525146484375
187997,episode/length,500.0
187998,episode/return,258.2308349609375
187998,episode/length,500.0
187999,episode/return,451.6631774902344
187999,episode/length,500.0
190000,train/consistency_loss_mean,4.15183768782299e-05
190000,train/consistency_loss_std,5.047869463343777e-06
190000,train/continue_loss_mean,0.0
190000,train/continue_loss_std,0.0
190000,train/grad_norm_mean,0.8012855648517608
190000,train/grad_norm_std,0.33927008578742274
190000,train/policy_log_std_mean,-0.775688003396988
190000,train/policy_log_std_std,0.37020581035995304
190000,train/policy_loss_mean,-0.1962525002002716
190000,train/policy_loss_std,0.009919539599144088
190000,train/reward_loss_mean,0.12497196640372277
190000,train/reward_loss_std,0.00987288859610591
190000,train/total_loss_mean,0.04608139601945877
190000,train/total_loss_std,0.0019110593261747395
190000,train/value_loss_mean,0.32753830890655516
190000,train/value_loss_std,0.016158831905131378
190000,train/value_scale_mean,114.49986084594727
190000,train/value_scale_std,0.3526238824321491
190000,timing/collect_chunk_s,85.54596700752154
190000,timing/train_chunk_s,20.579700751695782
190000,dense_rhs/training_bucket_horizon,3.0
190000,system/heartbeat,1.0
191992,episode/return,255.5714111328125
191992,episode/length,500.0
191993,episode/return,222.45159912109375
191993,episode/length,500.0
191994,episode/return,169.5890655517578
191994,episode/length,500.0
191995,episode/return,366.17431640625
191995,episode/length,500.0
191996,episode/return,363.9129333496094
191996,episode/length,500.0
191997,episode/return,370.11572265625
191997,episode/length,500.0
191998,episode/return,365.0583190917969
191998,episode/length,500.0
191999,episode/return,322.3408508300781
191999,episode/length,500.0
195992,episode/return,346.24737548828125
195992,episode/length,500.0
195993,episode/return,436.1891174316406
195993,episode/length,500.0
195994,episode/return,298.4498291015625
195994,episode/length,500.0
195995,episode/return,325.37322998046875
195995,episode/length,500.0
195996,episode/return,343.43072509765625
195996,episode/length,500.0
195997,episode/return,286.33062744140625
195997,episode/length,500.0
195998,episode/return,6.039367894672409e-10
195998,episode/length,500.0
195999,episode/return,382.6204833984375
195999,episode/length,500.0
199992,episode/return,248.75363159179688
199992,episode/length,500.0
199993,episode/return,185.42080688476562
199993,episode/length,500.0
199994,episode/return,411.0715637207031
199994,episode/length,500.0
199995,episode/return,30.908475875854492
199995,episode/length,500.0
199996,episode/return,501.98284912109375
199996,episode/length,500.0
199997,episode/return,322.5281677246094
199997,episode/length,500.0
199998,episode/return,309.2522277832031
199998,episode/length,500.0
199999,episode/return,380.3995666503906
199999,episode/length,500.0
200000,train/consistency_loss_mean,4.4293627253500745e-05
200000,train/consistency_loss_std,2.1378435235236964e-05
200000,train/continue_loss_mean,0.0
200000,train/continue_loss_std,0.0
200000,train/grad_norm_mean,0.7773221883296967
200000,train/grad_norm_std,0.3420632262218661
200000,train/policy_log_std_mean,-0.778521198606491
200000,train/policy_log_std_std,0.3816655809182351
200000,train/policy_loss_mean,-0.19838599178791047
200000,train/policy_loss_std,0.01007295190297425
200000,train/reward_loss_mean,0.12676551183462142
200000,train/reward_loss_std,0.009903348176464419
200000,train/total_loss_mean,0.0466382447630167
200000,train/total_loss_std,0.003579186416934913
200000,train/value_loss_mean,0.3307582009792328
200000,train/value_loss_std,0.03046272193477063
200000,train/value_scale_mean,115.29248635253906
200000,train/value_scale_std,0.5557181667400922
200000,timing/collect_chunk_s,92.99056784249842
200000,timing/train_chunk_s,20.646465019788593
200000,dense_rhs/training_bucket_horizon,3.0
200000,system/heartbeat,1.0
200000,timing/checkpoint_blocking_s,0.4132585567422211
200000,eval/return_mean,329.1925354003906
200000,eval/return_std,130.24676513671875
200000,eval/return_max,609.439697265625
200000,eval/return_min,3.954937072281339e-12
200000,dense_rhs/deployment_utility_last_observed_gain,64.19427490234375
200000,dense_rhs/deployment_utility_observations,3.0
200000,timing/eval_s,6.856465255841613
200000,eval/selected_horizon,3.0
200000,eval/training_bucket_horizon,3.0
200000,system/heartbeat,1.0
203992,episode/return,199.3068389892578
203992,episode/length,500.0
203993,episode/return,54.5582275390625
203993,episode/length,500.0
203994,episode/return,360.5211486816406
203994,episode/length,500.0
203995,episode/return,355.1407470703125
203995,episode/length,500.0
203996,episode/return,189.38368225097656
203996,episode/length,500.0
203997,episode/return,279.7637023925781
203997,episode/length,500.0
203998,episode/return,55.129398345947266
203998,episode/length,500.0
203999,episode/return,420.8914794921875
203999,episode/length,500.0
207992,episode/return,284.3963317871094
207992,episode/length,500.0
207993,episode/return,275.88385009765625
207993,episode/length,500.0
207994,episode/return,243.37062072753906
207994,episode/length,500.0
207995,episode/return,216.529052734375
207995,episode/length,500.0
207996,episode/return,182.90159606933594
207996,episode/length,500.0
207997,episode/return,265.13995361328125
207997,episode/length,500.0
207998,episode/return,133.94241333007812
207998,episode/length,500.0
207999,episode/return,196.19932556152344
207999,episode/length,500.0
210000,train/consistency_loss_mean,4.184761989454273e-05
210000,train/consistency_loss_std,6.467897673316477e-06
210000,train/continue_loss_mean,0.0
210000,train/continue_loss_std,0.0
210000,train/grad_norm_mean,0.7955674509048462
210000,train/grad_norm_std,0.34518751638734374
210000,train/policy_log_std_mean,-0.7857694446563721
210000,train/policy_log_std_std,0.37612600667525153
210000,train/policy_loss_mean,-0.1994278173685074
210000,train/policy_loss_std,0.010134769752222649
210000,train/reward_loss_mean,0.1279664985895157
210000,train/reward_loss_std,0.009935378440728925
210000,train/total_loss_mean,0.04655983763635158
210000,train/total_loss_std,0.002052468243397497
210000,train/value_loss_mean,0.32926234059333803
210000,train/value_loss_std,0.017578786734427265
210000,train/value_scale_mean,115.65588951416015
210000,train/value_scale_std,0.5778931840147725
210000,timing/collect_chunk_s,86.56437283847481
210000,timing/train_chunk_s,20.59728708676994
210000,dense_rhs/training_bucket_horizon,3.0
210000,system/heartbeat,1.0
211992,episode/return,414.6153869628906
211992,episode/length,500.0
211993,episode/return,177.09619140625
211993,episode/length,500.0
211994,episode/return,370.00018310546875
211994,episode/length,500.0
211995,episode/return,351.5778503417969
211995,episode/length,500.0
211996,episode/return,385.0776672363281
211996,episode/length,500.0
211997,episode/return,314.4111633300781
211997,episode/length,500.0
211998,episode/return,407.41265869140625
211998,episode/length,500.0
211999,episode/return,166.5931854248047
211999,episode/length,500.0
215992,episode/return,82.21516418457031
215992,episode/length,500.0
215993,episode/return,291.94805908203125
215993,episode/length,500.0
215994,episode/return,351.6123352050781
215994,episode/length,500.0
215995,episode/return,184.73191833496094
215995,episode/length,500.0
215996,episode/return,356.2579650878906
215996,episode/length,500.0
215997,episode/return,220.86708068847656
215997,episode/length,500.0
215998,episode/return,248.12623596191406
215998,episode/length,500.0
215999,episode/return,339.2202453613281
215999,episode/length,500.0
219992,episode/return,259.4704895019531
219992,episode/length,500.0
219993,episode/return,349.8958740234375
219993,episode/length,500.0
219994,episode/return,373.9250183105469
219994,episode/length,500.0
219995,episode/return,105.52813720703125
219995,episode/length,500.0
219996,episode/return,346.0051574707031
219996,episode/length,500.0
219997,episode/return,132.37571716308594
219997,episode/length,500.0
219998,episode/return,506.3054504394531
219998,episode/length,500.0
219999,episode/return,280.357666015625
219999,episode/length,500.0
220000,train/consistency_loss_mean,4.227100402058568e-05
220000,train/consistency_loss_std,1.2880722322106691e-05
220000,train/continue_loss_mean,0.0
220000,train/continue_loss_std,0.0
220000,train/grad_norm_mean,0.7686965902328491
220000,train/grad_norm_std,0.32823096050924516
220000,train/policy_log_std_mean,-0.7854212639808654
220000,train/policy_log_std_std,0.37656669944251264
220000,train/policy_loss_mean,-0.20115387923717498
220000,train/policy_loss_std,0.009993062470711621
220000,train/reward_loss_mean,0.12861180416941642
220000,train/reward_loss_std,0.010116769817403459
220000,train/total_loss_mean,0.04660655257105827
220000,train/total_loss_std,0.0026701058192293396
220000,train/value_loss_mean,0.3289995080471039
220000,train/value_loss_std,0.022810577688795977
220000,train/value_scale_mean,116.31136857299805
220000,train/value_scale_std,0.5188968659114711
220000,timing/collect_chunk_s,95.75301422923803
220000,timing/train_chunk_s,20.5835366807878
220000,dense_rhs/training_bucket_horizon,3.0
220000,system/heartbeat,1.0
220000,dense_rhs/selected_horizon,3.0
220000,dense_rhs/proposed_horizon,3.0
220000,dense_rhs/phase_id,0.0
220000,dense_rhs/num_active_horizons,7.0
220000,dense_rhs/num_candidate_horizons,3.0
220000,dense_rhs/entropy,1.713149905204773
220000,dense_rhs/norm_entropy,0.8803848624229431
220000,dense_rhs/best_fitness,0.4056541919708252
220000,dense_rhs/deployment_score_best,0.00021052810188848525
220000,dense_rhs/incumbent_deployment_score,0.00021052810188848525
220000,dense_rhs/proposed_deployment_score,0.00021052810188848525
220000,dense_rhs/proposed_transition_cost,0.0
220000,dense_rhs/proposed_switch_probability,0.5
220000,dense_rhs/proposed_expected_net_benefit,0.0
220000,dense_rhs/transition_cost_best,0.0
220000,dense_rhs/transition_adjusted_score_best,0.00021052810188848525
220000,dense_rhs/switch_probability_best,0.5
220000,dense_rhs/expected_improvement_best,0.06808537244796753
220000,dense_rhs/expected_loss_best,0.06808537244796753
220000,dense_rhs/expected_net_benefit_best,0.0
220000,dense_rhs/return_term_best,0.20584018528461456
220000,dense_rhs/roughness_term_best,0.8043248653411865
220000,dense_rhs/return_std_term_best,0.16354835033416748
220000,dense_rhs/learner_proxy_term_best,0.8914803266525269
220000,dense_rhs/model_prefix_loss_best,0.2360309511423111
220000,dense_rhs/model_probe_prefix_best,0.07552005350589752
220000,dense_rhs/planner_return_best,96.4174575805664
220000,dense_rhs/roughness_best,0.03124716505408287
220000,dense_rhs/robust_return_best,12.393379211425781
220000,timing/query_model_diag_s,0.02247972274199128
220000,timing/query_env_eval_s,5.1017529792152345
220000,timing/query_finalize_s,0.0046283951960504055
220000,timing/query_total_s,5.1338577987626195
220000,dense_rhs/candidate_3_fitness,0.4056541919708252
220000,dense_rhs/candidate_3_deployment_score,0.00021052810188848525
220000,dense_rhs/candidate_3_transition_cost,0.0
220000,dense_rhs/candidate_3_transition_adjusted_score,0.00021052810188848525
220000,dense_rhs/candidate_3_switch_probability,0.5
220000,dense_rhs/candidate_3_expected_net_benefit,0.0
220000,dense_rhs/candidate_3_return,12.393379211425781
220000,dense_rhs/candidate_3_return_term,0.20584018528461456
220000,dense_rhs/candidate_3_roughness_term,0.8043248653411865
220000,dense_rhs/candidate_3_return_std_term,0.16354835033416748
220000,dense_rhs/candidate_3_learner_proxy_term,0.8914803266525269
220000,dense_rhs/candidate_2_fitness,0.44844850897789
220000,dense_rhs/candidate_2_deployment_score,0.00019585093832574785
220000,dense_rhs/candidate_2_transition_cost,0.0621589720249176
220000,dense_rhs/candidate_2_transition_adjusted_score,-0.061963122338056564
220000,dense_rhs/candidate_2_switch_probability,0.34267759323120117
220000,dense_rhs/candidate_2_expected_net_benefit,-0.06217365339398384
220000,dense_rhs/candidate_2_return,8.444400787353516
220000,dense_rhs/candidate_2_return_term,0.16918505728244781
220000,dense_rhs/candidate_2_roughness_term,1.0
220000,dense_rhs/candidate_2_return_std_term,0.23904389142990112
220000,dense_rhs/candidate_2_learner_proxy_term,1.0
220000,dense_rhs/candidate_4_fitness,0.03162277489900589
220000,dense_rhs/candidate_4_deployment_score,4.105212305416238e-31
220000,dense_rhs/candidate_4_transition_cost,0.0647663027048111
220000,dense_rhs/candidate_4_transition_adjusted_score,-0.0647663027048111
220000,dense_rhs/candidate_4_switch_probability,0.3222922682762146
220000,dense_rhs/candidate_4_expected_net_benefit,-0.06497683376073837
220000,dense_rhs/candidate_4_return,-9.782463073730469
220000,dense_rhs/candidate_4_return_term,0.0
220000,dense_rhs/candidate_4_roughness_term,0.5600917935371399
220000,dense_rhs/candidate_4_return_std_term,0.0
220000,dense_rhs/candidate_4_learner_proxy_term,0.7329534888267517
220000,dense_rhs/deployment_utility_enabled,1.0
220000,dense_rhs/deployment_utility_observations,3.0
220000,dense_rhs/deployment_utility_last_observed_gain,64.19427490234375
220000,dense_rhs/candidate_2_expected_eval_gain,0.0
220000,dense_rhs/candidate_2_eval_gain_uncertainty,150.0
220000,dense_rhs/candidate_2_deployment_utility_score,46.80284064544924
220000,dense_rhs/candidate_3_expected_eval_gain,78.91187032063802
220000,dense_rhs/candidate_3_eval_gain_uncertainty,31.906375578401192
220000,dense_rhs/candidate_3_deployment_utility_score,96.88846421523832
220000,dense_rhs/candidate_4_expected_eval_gain,0.0
220000,dense_rhs/candidate_4_eval_gain_uncertainty,150.0
220000,dense_rhs/candidate_4_deployment_utility_score,37.5
220000,dense_rhs/deployment_utility_override,0.0
220000,dense_rhs/deployment_utility_selected_expected_gain,78.91187032063802
220000,dense_rhs/deployment_utility_selected_uncertainty,31.906375578401192
220000,dense_rhs/deployment_utility_selected_score,96.88846421523832
220000,dense_rhs/deployment_utility_proposed_horizon,3.0
220000,dense_rhs/deployment_utility_proposed_expected_gain,78.91187032063802
220000,dense_rhs/deployment_utility_proposed_uncertainty,31.906375578401192
220000,dense_rhs/deployment_utility_proposed_score,96.88846421523832
220000,dense_rhs/previous_horizon,3.0
220000,dense_rhs/training_bucket_horizon,3.0
220000,dense_rhs/best_h,3.0
220000,dense_rhs/prob_best_h,0.099609375
220000,dense_rhs/gauss_mean_best_h,0.23598060011863708
220000,dense_rhs/gauss_post_std_best_h,0.10291212797164917
220000,system/heartbeat,1.0
223992,episode/return,326.95556640625
223992,episode/length,500.0
223993,episode/return,282.06396484375
223993,episode/length,500.0
223994,episode/return,238.14414978027344
223994,episode/length,500.0
223995,episode/return,257.6808166503906
223995,episode/length,500.0
223996,episode/return,280.640625
223996,episode/length,500.0
223997,episode/return,170.61801147460938
223997,episode/length,500.0
223998,episode/return,176.80331420898438
223998,episode/length,500.0
223999,episode/return,318.57171630859375
223999,episode/length,500.0
227992,episode/return,323.98687744140625
227992,episode/length,500.0
227993,episode/return,152.32261657714844
227993,episode/length,500.0
227994,episode/return,418.1306457519531
227994,episode/length,500.0
227995,episode/return,308.7318115234375
227995,episode/length,500.0
227996,episode/return,341.8658447265625
227996,episode/length,500.0
227997,episode/return,374.6161804199219
227997,episode/length,500.0
227998,episode/return,479.0916748046875
227998,episode/length,500.0
227999,episode/return,390.7601623535156
227999,episode/length,500.0
230000,train/consistency_loss_mean,4.0929366962518546e-05
230000,train/consistency_loss_std,5.26022972903266e-06
230000,train/continue_loss_mean,0.0
230000,train/continue_loss_std,0.0
230000,train/grad_norm_mean,0.756482664656639
230000,train/grad_norm_std,0.32256103572784833
230000,train/policy_log_std_mean,-0.767709247970581
230000,train/policy_log_std_std,0.35756949216756995
230000,train/policy_loss_mean,-0.20324783356189727
230000,train/policy_loss_std,0.009868909688412994
230000,train/reward_loss_mean,0.12959399208426475
230000,train/reward_loss_std,0.009972819860726265
230000,train/total_loss_mean,0.0465423213750124
230000,train/total_loss_std,0.0018657941255769406
230000,train/value_loss_mean,0.3276433384895325
230000,train/value_loss_std,0.015382116013542559
230000,train/value_scale_mean,117.17831914672851
230000,train/value_scale_std,0.38799473732099876
230000,timing/collect_chunk_s,87.7491855644621
230000,timing/train_chunk_s,20.563306499738246
230000,dense_rhs/training_bucket_horizon,3.0
230000,system/heartbeat,1.0
231992,episode/return,365.4081115722656
231992,episode/length,500.0
231993,episode/return,262.1270446777344
231993,episode/length,500.0
231994,episode/return,383.9714660644531
231994,episode/length,500.0
231995,episode/return,268.72076416015625
231995,episode/length,500.0
231996,episode/return,278.4390869140625
231996,episode/length,500.0
231997,episode/return,81.4412612915039
231997,episode/length,500.0
231998,episode/return,386.9233093261719
231998,episode/length,500.0
231999,episode/return,116.642333984375
231999,episode/length,500.0
235992,episode/return,437.7252197265625
235992,episode/length,500.0
235993,episode/return,315.7043151855469
235993,episode/length,500.0
235994,episode/return,160.01744079589844
235994,episode/length,500.0
235995,episode/return,528.6422119140625
235995,episode/length,500.0
235996,episode/return,163.54795837402344
235996,episode/length,500.0
235997,episode/return,2.613798642414622e-05
235997,episode/length,500.0
235998,episode/return,269.0834045410156
235998,episode/length,500.0
235999,episode/return,302.02691650390625
235999,episode/length,500.0
239992,episode/return,213.5130615234375
239992,episode/length,500.0
239993,episode/return,319.9603271484375
239993,episode/length,500.0
239994,episode/return,234.25631713867188
239994,episode/length,500.0
239995,episode/return,287.16558837890625
239995,episode/length,500.0
239996,episode/return,169.4044189453125
239996,episode/length,500.0
239997,episode/return,488.1982727050781
239997,episode/length,500.0
239998,episode/return,145.63616943359375
239998,episode/length,500.0
239999,episode/return,215.0800018310547
239999,episode/length,500.0
240000,train/consistency_loss_mean,4.08830738713732e-05
240000,train/consistency_loss_std,4.864840764992656e-06
240000,train/continue_loss_mean,0.0
240000,train/continue_loss_std,0.0
240000,train/grad_norm_mean,0.7544644713401795
240000,train/grad_norm_std,0.3202580976711633
240000,train/policy_log_std_mean,-0.7500893730163575
240000,train/policy_log_std_std,0.3510296352630337
240000,train/policy_loss_mean,-0.20498634238243102
240000,train/policy_loss_std,0.009875808340310467
240000,train/reward_loss_mean,0.13033475341796874
240000,train/reward_loss_std,0.010120622114273975
240000,train/total_loss_mean,0.0467546594530344
240000,train/total_loss_std,0.0018077726000881697
240000,train/value_loss_mean,0.3290352157115936
240000,train/value_loss_std,0.015030453930505852
240000,train/value_scale_mean,118.0355613708496
240000,train/value_scale_std,0.3369154562280989
240000,timing/collect_chunk_s,91.37966186506674
240000,timing/train_chunk_s,20.614803076721728
240000,dense_rhs/training_bucket_horizon,3.0
240000,system/heartbeat,1.0
243992,episode/return,239.81631469726562
243992,episode/length,500.0
243993,episode/return,291.6004943847656
243993,episode/length,500.0
243994,episode/return,209.32005310058594
243994,episode/length,500.0
243995,episode/return,286.7335510253906
243995,episode/length,500.0
243996,episode/return,333.0144958496094
243996,episode/length,500.0
243997,episode/return,467.0924377441406
243997,episode/length,500.0
243998,episode/return,143.55093383789062
243998,episode/length,500.0
243999,episode/return,381.1177673339844
243999,episode/length,500.0
247992,episode/return,375.25140380859375
247992,episode/length,500.0
247993,episode/return,479.8147277832031
247993,episode/length,500.0
247994,episode/return,493.40594482421875
247994,episode/length,500.0
247995,episode/return,105.70831298828125
247995,episode/length,500.0
247996,episode/return,236.40359497070312
247996,episode/length,500.0
247997,episode/return,389.97369384765625
247997,episode/length,500.0
247998,episode/return,311.4455261230469
247998,episode/length,500.0
247999,episode/return,246.2772216796875
247999,episode/length,500.0
250000,train/consistency_loss_mean,4.0279405831824985e-05
250000,train/consistency_loss_std,4.688573886037386e-06
250000,train/continue_loss_mean,0.0
250000,train/continue_loss_std,0.0
250000,train/grad_norm_mean,0.735324439239502
250000,train/grad_norm_std,0.30770206654981025
250000,train/policy_log_std_mean,-0.7385242507934571
250000,train/policy_log_std_std,0.349566228556114
250000,train/policy_loss_mean,-0.20676302998065949
250000,train/policy_loss_std,0.009788166080471481
250000,train/reward_loss_mean,0.13116131522655486
250000,train/reward_loss_std,0.00997127263782135
250000,train/total_loss_mean,0.04661155873835087
250000,train/total_loss_std,0.0018146887276558445
250000,train/value_loss_mean,0.32689837551116946
250000,train/value_loss_std,0.014881454911848276
250000,train/value_scale_mean,118.30144519042969
250000,train/value_scale_std,0.33963939444649494
250000,timing/collect_chunk_s,88.51963416393846
250000,timing/train_chunk_s,20.66445531323552
250000,dense_rhs/training_bucket_horizon,3.0
250000,system/heartbeat,1.0
250000,timing/checkpoint_blocking_s,0.42041358910501003
250000,eval/return_mean,291.7158508300781
250000,eval/return_std,62.524749755859375
250000,eval/return_max,384.329833984375
250000,eval/return_min,176.68563842773438
250000,dense_rhs/deployment_utility_last_observed_gain,-37.4766845703125
250000,dense_rhs/deployment_utility_observations,4.0
250000,timing/eval_s,6.863754274789244
250000,eval/selected_horizon,3.0
250000,eval/training_bucket_horizon,3.0
250000,system/heartbeat,1.0
251992,episode/return,365.7285461425781
251992,episode/length,500.0
251993,episode/return,372.806396484375
251993,episode/length,500.0
251994,episode/return,153.77896118164062
251994,episode/length,500.0
251995,episode/return,364.5713806152344
251995,episode/length,500.0
251996,episode/return,221.4254913330078
251996,episode/length,500.0
251997,episode/return,183.67654418945312
251997,episode/length,500.0
251998,episode/return,327.90740966796875
251998,episode/length,500.0
251999,episode/return,379.6299133300781
251999,episode/length,500.0
255992,episode/return,368.80694580078125
255992,episode/length,500.0
255993,episode/return,185.85922241210938
255993,episode/length,500.0
255994,episode/return,279.60089111328125
255994,episode/length,500.0
255995,episode/return,297.3655090332031
255995,episode/length,500.0
255996,episode/return,205.11419677734375
255996,episode/length,500.0
255997,episode/return,226.16897583007812
255997,episode/length,500.0
255998,episode/return,80.69385528564453
255998,episode/length,500.0
255999,episode/return,343.2943115234375
255999,episode/length,500.0
259992,episode/return,185.58457946777344
259992,episode/length,500.0
259993,episode/return,0.019919369369745255
259993,episode/length,500.0
259994,episode/return,267.9248962402344
259994,episode/length,500.0
259995,episode/return,266.171142578125
259995,episode/length,500.0
259996,episode/return,256.32073974609375
259996,episode/length,500.0
259997,episode/return,362.5654602050781
259997,episode/length,500.0
259998,episode/return,449.9018859863281
259998,episode/length,500.0
259999,episode/return,389.1205139160156
259999,episode/length,500.0
260000,train/consistency_loss_mean,4.172910452180077e-05
260000,train/consistency_loss_std,1.1985236726935837e-05
260000,train/continue_loss_mean,0.0
260000,train/continue_loss_std,0.0
260000,train/grad_norm_mean,0.7194787095069886
260000,train/grad_norm_std,0.30682738813721167
260000,train/policy_log_std_mean,-0.7362066653251648
260000,train/policy_log_std_std,0.336665631153733
260000,train/policy_loss_mean,-0.20725908937454224
260000,train/policy_loss_std,0.0099337013803464
260000,train/reward_loss_mean,0.13173702713251115
260000,train/reward_loss_std,0.009958943047127562
260000,train/total_loss_mean,0.046891032308340075
260000,train/total_loss_std,0.002537875743759318
260000,train/value_loss_mean,0.328827463889122
260000,train/value_loss_std,0.021552813818359436
260000,train/value_scale_mean,118.41111694335937
260000,train/value_scale_std,0.5059627343693222
260000,timing/collect_chunk_s,93.54839878948405
260000,timing/train_chunk_s,20.640074035618454
260000,dense_rhs/training_bucket_horizon,3.0
260000,system/heartbeat,1.0
263992,episode/return,8.983189763966948e-05
263992,episode/length,500.0
263993,episode/return,234.92811584472656
263993,episode/length,500.0
263994,episode/return,359.65960693359375
263994,episode/length,500.0
263995,episode/return,292.83306884765625
263995,episode/length,500.0
263996,episode/return,202.66761779785156
263996,episode/length,500.0
263997,episode/return,335.5596923828125
263997,episode/length,500.0
263998,episode/return,278.2342834472656
263998,episode/length,500.0
263999,episode/return,345.898193359375
263999,episode/length,500.0
267992,episode/return,380.9988098144531
267992,episode/length,500.0
267993,episode/return,372.4129638671875
267993,episode/length,500.0
267994,episode/return,234.73695373535156
267994,episode/length,500.0
267995,episode/return,309.1464538574219
267995,episode/length,500.0
267996,episode/return,346.06610107421875
267996,episode/length,500.0
267997,episode/return,88.078857421875
267997,episode/length,500.0
267998,episode/return,299.4112243652344
267998,episode/length,500.0
267999,episode/return,338.8294677734375
267999,episode/length,500.0
270000,train/consistency_loss_mean,4.0317341758054684e-05
270000,train/consistency_loss_std,5.236828850462941e-06
270000,train/continue_loss_mean,0.0
270000,train/continue_loss_std,0.0
270000,train/grad_norm_mean,0.7107305071353912
270000,train/grad_norm_std,0.29860245842914207
270000,train/policy_log_std_mean,-0.7201786109447479
270000,train/policy_log_std_std,0.3323769127208126
270000,train/policy_loss_mean,-0.20852845665216446
270000,train/policy_loss_std,0.009871665640118646
270000,train/reward_loss_mean,0.13224596737623215
270000,train/reward_loss_std,0.010042085677954653
270000,train/total_loss_mean,0.04695159956812858
270000,train/total_loss_std,0.0018627157298944823
270000,train/value_loss_mean,0.3292065530061722
270000,train/value_loss_std,0.015545651034447602
270000,train/value_scale_mean,118.02161548461915
270000,train/value_scale_std,0.48501317065124394
270000,timing/collect_chunk_s,88.94373924285173
270000,timing/train_chunk_s,20.634728859178722
270000,dense_rhs/training_bucket_horizon,3.0
270000,system/heartbeat,1.0
270000,dense_rhs/selected_horizon,3.0
270000,dense_rhs/proposed_horizon,3.0
270000,dense_rhs/phase_id,0.0
270000,dense_rhs/num_active_horizons,7.0
270000,dense_rhs/num_candidate_horizons,3.0
270000,dense_rhs/entropy,1.673492431640625
270000,dense_rhs/norm_entropy,0.8600049614906311
270000,dense_rhs/best_fitness,0.03162277489900589
270000,dense_rhs/deployment_score_best,2.368875540170734e-09
270000,dense_rhs/incumbent_deployment_score,2.368875540170734e-09
270000,dense_rhs/proposed_deployment_score,2.368875540170734e-09
270000,dense_rhs/proposed_transition_cost,0.0
270000,dense_rhs/proposed_switch_probability,0.5
270000,dense_rhs/proposed_expected_net_benefit,0.0
270000,dense_rhs/transition_cost_best,0.0
270000,dense_rhs/transition_adjusted_score_best,2.368875540170734e-09
270000,dense_rhs/switch_probability_best,0.5
270000,dense_rhs/expected_improvement_best,0.058061953634023666
270000,dense_rhs/expected_loss_best,0.058061953634023666
270000,dense_rhs/expected_net_benefit_best,0.0
270000,dense_rhs/return_term_best,0.22650668025016785
270000,dense_rhs/roughness_term_best,0.9325714111328125
270000,dense_rhs/return_std_term_best,0.0
270000,dense_rhs/learner_proxy_term_best,0.9650195240974426
270000,dense_rhs/model_prefix_loss_best,0.2361353039741516
270000,dense_rhs/model_probe_prefix_best,0.07184359431266785
270000,dense_rhs/planner_return_best,112.0726547241211
270000,dense_rhs/roughness_best,0.02004469372332096
270000,dense_rhs/robust_return_best,40.07342529296875
270000,timing/query_model_diag_s,0.011991417035460472
270000,timing/query_env_eval_s,5.1047249883413315
270000,timing/query_finalize_s,0.0047822631895542145
270000,timing/query_total_s,5.126549677923322
270000,dense_rhs/candidate_3_fitness,0.03162277489900589
270000,dense_rhs/candidate_3_deployment_score,2.368875540170734e-09
270000,dense_rhs/candidate_3_transition_cost,0.0
270000,dense_rhs/candidate_3_transition_adjusted_score,2.368875540170734e-09
270000,dense_rhs/candidate_3_switch_probability,0.5
270000,dense_rhs/candidate_3_expected_net_benefit,0.0
270000,dense_rhs/candidate_3_return,40.07342529296875
270000,dense_rhs/candidate_3_return_term,0.22650668025016785
270000,dense_rhs/candidate_3_roughness_term,0.9325714111328125
270000,dense_rhs/candidate_3_return_std_term,0.0
270000,dense_rhs/candidate_3_learner_proxy_term,0.9650195240974426
270000,dense_rhs/candidate_2_fitness,0.3154265582561493
270000,dense_rhs/candidate_2_deployment_score,3.492509131319821e-05
270000,dense_rhs/candidate_2_transition_cost,0.048247769474983215
270000,dense_rhs/candidate_2_transition_adjusted_score,-0.048212844878435135
270000,dense_rhs/candidate_2_switch_probability,0.3662053346633911
270000,dense_rhs/candidate_2_expected_net_benefit,-0.04821284860372543
270000,dense_rhs/candidate_2_return,33.14067077636719
270000,dense_rhs/candidate_2_return_term,0.15224024653434753
270000,dense_rhs/candidate_2_roughness_term,1.0
270000,dense_rhs/candidate_2_return_std_term,0.06501591205596924
270000,dense_rhs/candidate_2_learner_proxy_term,1.0
270000,dense_rhs/candidate_4_fitness,0.03162277489900589
270000,dense_rhs/candidate_4_deployment_score,4.6231427543558634e-26
270000,dense_rhs/candidate_4_transition_cost,0.0461670458316803
270000,dense_rhs/candidate_4_transition_adjusted_score,-0.0461670458316803
270000,dense_rhs/candidate_4_switch_probability,0.34784114360809326
270000,dense_rhs/candidate_4_expected_net_benefit,-0.046167053282260895
270000,dense_rhs/candidate_4_return,18.9290771484375
270000,dense_rhs/candidate_4_return_term,0.0
270000,dense_rhs/candidate_4_roughness_term,0.8468907475471497
270000,dense_rhs/candidate_4_return_std_term,0.07151907682418823
270000,dense_rhs/candidate_4_learner_proxy_term,0.7632872462272644
270000,dense_rhs/deployment_utility_enabled,1.0
270000,dense_rhs/deployment_utility_observations,4.0
270000,dense_rhs/deployment_utility_last_observed_gain,-37.4766845703125
270000,dense_rhs/candidate_2_expected_eval_gain,0.0
270000,dense_rhs/candidate_2_eval_gain_uncertainty,150.0
270000,dense_rhs/candidate_2_deployment_utility_score,47.5
270000,dense_rhs/candidate_3_expected_eval_gain,49.81473159790039
270000,dense_rhs/candidate_3_eval_gain_uncertainty,33.44841058466216
270000,dense_rhs/candidate_3_deployment_utility_score,58.177512517321944
270000,dense_rhs/candidate_4_expected_eval_gain,0.0
270000,dense_rhs/candidate_4_eval_gain_uncertainty,150.0
270000,dense_rhs/candidate_4_deployment_utility_score,37.5
270000,dense_rhs/deployment_utility_override,0.0
270000,dense_rhs/deployment_utility_selected_expected_gain,49.81473159790039
270000,dense_rhs/deployment_utility_selected_uncertainty,33.44841058466216
270000,dense_rhs/deployment_utility_selected_score,58.177512517321944
270000,dense_rhs/deployment_utility_proposed_horizon,3.0
270000,dense_rhs/deployment_utility_proposed_expected_gain,49.81473159790039
270000,dense_rhs/deployment_utility_proposed_uncertainty,33.44841058466216
270000,dense_rhs/deployment_utility_proposed_score,58.177512517321944
270000,dense_rhs/previous_horizon,3.0
270000,dense_rhs/training_bucket_horizon,3.0
270000,dense_rhs/best_h,3.0
270000,dense_rhs/prob_best_h,0.041015625
270000,dense_rhs/gauss_mean_best_h,0.1951090395450592
270000,dense_rhs/gauss_post_std_best_h,0.09008089452981949
270000,system/heartbeat,1.0
271992,episode/return,465.324951171875
271992,episode/length,500.0
271993,episode/return,197.2924346923828
271993,episode/length,500.0
271994,episode/return,277.19921875
271994,episode/length,500.0
271995,episode/return,231.8729705810547
271995,episode/length,500.0
271996,episode/return,376.20648193359375
271996,episode/length,500.0
271997,episode/return,371.2113342285156
271997,episode/length,500.0
271998,episode/return,260.4820556640625
271998,episode/length,500.0
271999,episode/return,318.1086120605469
271999,episode/length,500.0
275992,episode/return,189.19444274902344
275992,episode/length,500.0
275993,episode/return,475.69549560546875
275993,episode/length,500.0
275994,episode/return,311.1441955566406
275994,episode/length,500.0
275995,episode/return,365.2780456542969
275995,episode/length,500.0
275996,episode/return,280.24383544921875
275996,episode/length,500.0
275997,episode/return,250.8124542236328
275997,episode/length,500.0
275998,episode/return,467.5557556152344
275998,episode/length,500.0
275999,episode/return,307.1656188964844
275999,episode/length,500.0
279992,episode/return,111.98731994628906
279992,episode/length,500.0
279993,episode/return,385.30609130859375
279993,episode/length,500.0
279994,episode/return,287.393798828125
279994,episode/length,500.0
279995,episode/return,71.69285583496094
279995,episode/length,500.0
279996,episode/return,418.3568420410156
279996,episode/length,500.0
279997,episode/return,459.9996032714844
279997,episode/length,500.0
279998,episode/return,486.2823791503906
279998,episode/length,500.0
279999,episode/return,316.95892333984375
279999,episode/length,500.0
280000,train/consistency_loss_mean,4.0738203210639764e-05
280000,train/consistency_loss_std,7.940496230192242e-06
280000,train/continue_loss_mean,0.0
280000,train/continue_loss_std,0.0
280000,train/grad_norm_mean,0.705936128950119
280000,train/grad_norm_std,0.29391292060306795
280000,train/policy_log_std_mean,-0.7156007823467254
280000,train/policy_log_std_std,0.34104100261223613
280000,train/policy_loss_mean,-0.20894275290966033
280000,train/policy_loss_std,0.009831889541736624
280000,train/reward_loss_mean,0.1332527281165123
280000,train/reward_loss_std,0.010114189728439757
280000,train/total_loss_mean,0.047181294891238214
280000,train/total_loss_std,0.002228548129785849
280000,train/value_loss_mean,0.33041257314682004
280000,train/value_loss_std,0.019074632553543917
280000,train/value_scale_mean,118.71782901611328
280000,train/value_scale_std,0.4838132525985293
280000,timing/collect_chunk_s,88.64635823015124
280000,timing/train_chunk_s,20.601170556154102
280000,dense_rhs/training_bucket_horizon,3.0
280000,system/heartbeat,1.0
283992,episode/return,192.02630615234375
283992,episode/length,500.0
283993,episode/return,428.0816955566406
283993,episode/length,500.0
283994,episode/return,424.65570068359375
283994,episode/length,500.0
283995,episode/return,175.35684204101562
283995,episode/length,500.0
283996,episode/return,476.88287353515625
283996,episode/length,500.0
283997,episode/return,430.6318664550781
283997,episode/length,500.0
283998,episode/return,355.3022766113281
283998,episode/length,500.0
283999,episode/return,410.24822998046875
283999,episode/length,500.0
287992,episode/return,245.9225616455078
287992,episode/length,500.0
287993,episode/return,369.6872863769531
287993,episode/length,500.0
287994,episode/return,235.5028839111328
287994,episode/length,500.0
287995,episode/return,366.359375
287995,episode/length,500.0
287996,episode/return,308.3009338378906
287996,episode/length,500.0
287997,episode/return,219.486572265625
287997,episode/length,500.0
287998,episode/return,245.2365264892578
287998,episode/length,500.0
287999,episode/return,141.60171508789062
287999,episode/length,500.0
290000,train/consistency_loss_mean,3.9986431546276436e-05
290000,train/consistency_loss_std,3.83586660853956e-06
290000,train/continue_loss_mean,0.0
290000,train/continue_loss_std,0.0
290000,train/grad_norm_mean,0.7056520040750504
290000,train/grad_norm_std,0.29092653825856896
290000,train/policy_log_std_mean,-0.730337770652771
290000,train/policy_log_std_std,0.3527256861998576
290000,train/policy_loss_mean,-0.21082269163131714
290000,train/policy_loss_std,0.009759205913885342
290000,train/reward_loss_mean,0.13455181142091752
290000,train/reward_loss_std,0.010006896166127887
290000,train/total_loss_mean,0.047301205185055734
290000,train/total_loss_std,0.0017124744131720084
290000,train/value_loss_mean,0.33046294662952425
290000,train/value_loss_std,0.013967233131888206
290000,train/value_scale_mean,118.8078939453125
290000,train/value_scale_std,0.39015064959268553
290000,timing/collect_chunk_s,92.62143771676347
290000,timing/train_chunk_s,20.564572469331324
290000,dense_rhs/training_bucket_horizon,3.0
290000,system/heartbeat,1.0
291992,episode/return,296.1061096191406
291992,episode/length,500.0
291993,episode/return,357.37506103515625
291993,episode/length,500.0
291994,episode/return,341.0887756347656
291994,episode/length,500.0
291995,episode/return,200.63079833984375
291995,episode/length,500.0
291996,episode/return,340.5704345703125
291996,episode/length,500.0
291997,episode/return,242.26161193847656
291997,episode/length,500.0
291998,episode/return,449.5271911621094
291998,episode/length,500.0
291999,episode/return,403.1639709472656
291999,episode/length,500.0
295992,episode/return,197.53086853027344
295992,episode/length,500.0
295993,episode/return,374.7614440917969
295993,episode/length,500.0
295994,episode/return,480.8307189941406
295994,episode/length,500.0
295995,episode/return,297.1033935546875
295995,episode/length,500.0
295996,episode/return,180.29530334472656
295996,episode/length,500.0
295997,episode/return,375.56732177734375
295997,episode/length,500.0
295998,episode/return,114.86540222167969
295998,episode/length,500.0
295999,episode/return,397.90447998046875
295999,episode/length,500.0
299992,episode/return,397.06939697265625
299992,episode/length,500.0
299993,episode/return,375.6109924316406
299993,episode/length,500.0
299994,episode/return,170.24603271484375
299994,episode/length,500.0
299995,episode/return,493.16259765625
299995,episode/length,500.0
299996,episode/return,347.92303466796875
299996,episode/length,500.0
299997,episode/return,389.0633850097656
299997,episode/length,500.0
299998,episode/return,286.8479919433594
299998,episode/length,500.0
299999,episode/return,389.8877258300781
299999,episode/length,500.0
300000,train/consistency_loss_mean,3.930164064222481e-05
300000,train/consistency_loss_std,3.4890179868282845e-06
300000,train/continue_loss_mean,0.0
300000,train/continue_loss_std,0.0
300000,train/grad_norm_mean,0.6884295196294784
300000,train/grad_norm_std,0.2790900856602591
300000,train/policy_log_std_mean,-0.7240877488613129
300000,train/policy_log_std_std,0.3492367241387702
300000,train/policy_loss_mean,-0.21274301203489304
300000,train/policy_loss_std,0.009887559614715128
300000,train/reward_loss_mean,0.1354754861354828
300000,train/reward_loss_std,0.010035243711391261
300000,train/total_loss_mean,0.047107705920934675
300000,train/total_loss_std,0.0016729222731288855
300000,train/value_loss_mean,0.3277412316322327
300000,train/value_loss_std,0.013430819808190716
300000,train/value_scale_mean,119.76153037719726
300000,train/value_scale_std,0.39188685281416935
300000,timing/collect_chunk_s,93.3346672160551
300000,timing/train_chunk_s,20.611293852794915
300000,dense_rhs/training_bucket_horizon,3.0
300000,system/heartbeat,1.0
300000,timing/checkpoint_blocking_s,0.41809637006372213
300000,eval/return_mean,258.8540344238281
300000,eval/return_std,103.3384780883789
300000,eval/return_max,412.75311279296875
300000,eval/return_min,0.005592852830886841
300000,dense_rhs/deployment_utility_last_observed_gain,-32.86181640625
300000,dense_rhs/deployment_utility_observations,5.0
300000,timing/eval_s,6.853096621111035
300000,eval/selected_horizon,3.0
300000,eval/training_bucket_horizon,3.0
300000,system/heartbeat,1.0
303992,episode/return,246.19598388671875
303992,episode/length,500.0
303993,episode/return,380.2182312011719
303993,episode/length,500.0
303994,episode/return,301.506103515625
303994,episode/length,500.0
303995,episode/return,385.04888916015625
303995,episode/length,500.0
303996,episode/return,333.8034362792969
303996,episode/length,500.0
303997,episode/return,363.3839111328125
303997,episode/length,500.0
303998,episode/return,379.5174560546875
303998,episode/length,500.0
303999,episode/return,381.7467041015625
303999,episode/length,500.0
307992,episode/return,352.6311950683594
307992,episode/length,500.0
307993,episode/return,488.1596984863281
307993,episode/length,500.0
307994,episode/return,397.6473083496094
307994,episode/length,500.0
307995,episode/return,128.9369354248047
307995,episode/length,500.0
307996,episode/return,286.6788024902344
307996,episode/length,500.0
307997,episode/return,160.02874755859375
307997,episode/length,500.0
307998,episode/return,385.7657470703125
307998,episode/length,500.0
307999,episode/return,414.7705383300781
307999,episode/length,500.0
310000,train/consistency_loss_mean,3.9556101997732186e-05
310000,train/consistency_loss_std,3.6021984674483253e-06
310000,train/continue_loss_mean,0.0
310000,train/continue_loss_std,0.0
310000,train/grad_norm_mean,0.674077927160263
310000,train/grad_norm_std,0.2757608623612728
310000,train/policy_log_std_mean,-0.7198385251522064
310000,train/policy_log_std_std,0.3516979067513945
310000,train/policy_loss_mean,-0.21518765245676041
310000,train/policy_loss_std,0.00968021556542246
310000,train/reward_loss_mean,0.136664104449749
310000,train/reward_loss_std,0.010078915056817019
310000,train/total_loss_mean,0.04716486668586731
310000,train/total_loss_std,0.0016472127095394562
310000,train/value_loss_mean,0.3270733303308487
310000,train/value_loss_std,0.013178522073266462
310000,train/value_scale_mean,119.89799052734375
310000,train/value_scale_std,0.3727237230682571
310000,timing/collect_chunk_s,88.63224215200171
310000,timing/train_chunk_s,20.62055370537564
310000,dense_rhs/training_bucket_horizon,3.0
310000,system/heartbeat,1.0
311992,episode/return,498.1723937988281
311992,episode/length,500.0
311993,episode/return,144.68356323242188
311993,episode/length,500.0
311994,episode/return,326.72479248046875
311994,episode/length,500.0
311995,episode/return,330.29827880859375
311995,episode/length,500.0
311996,episode/return,9.014807744733844e-08
311996,episode/length,500.0
311997,episode/return,293.9836730957031
311997,episode/length,500.0
311998,episode/return,355.0211181640625
311998,episode/length,500.0
311999,episode/return,501.7737731933594
311999,episode/length,500.0
315992,episode/return,363.51171875
315992,episode/length,500.0
315993,episode/return,293.48095703125
315993,episode/length,500.0
315994,episode/return,295.129150390625
315994,episode/length,500.0
315995,episode/return,282.7954406738281
315995,episode/length,500.0
315996,episode/return,369.2205810546875
315996,episode/length,500.0
315997,episode/return,511.70147705078125
315997,episode/length,500.0
315998,episode/return,420.07562255859375
315998,episode/length,500.0
315999,episode/return,339.07012939453125
315999,episode/length,500.0
319992,episode/return,246.17831420898438
319992,episode/length,500.0
319993,episode/return,446.9828796386719
319993,episode/length,500.0
319994,episode/return,433.90264892578125
319994,episode/length,500.0
319995,episode/return,380.36578369140625
319995,episode/length,500.0
319996,episode/return,498.3956298828125
319996,episode/length,500.0
319997,episode/return,194.92767333984375
319997,episode/length,500.0
319998,episode/return,65.4068374633789
319998,episode/length,500.0
319999,episode/return,488.4533996582031
319999,episode/length,500.0
320000,train/consistency_loss_mean,3.9521139897988176e-05
320000,train/consistency_loss_std,3.1828801010898983e-06
320000,train/continue_loss_mean,0.0
320000,train/continue_loss_std,0.0
320000,train/grad_norm_mean,0.6573688447475433
320000,train/grad_norm_std,0.2547680966806122
320000,train/policy_log_std_mean,-0.7113704070091248
320000,train/policy_log_std_std,0.34407369958201034
320000,train/policy_loss_mean,-0.21601929082870483
320000,train/policy_loss_std,0.009760850474053145
320000,train/reward_loss_mean,0.13773188713788986
320000,train/reward_loss_std,0.010167271345791049
320000,train/total_loss_mean,0.047349655559659004
320000,train/total_loss_std,0.0016328067692663547
320000,train/value_loss_mean,0.32786042404174803
320000,train/value_loss_std,0.012832741652467112
320000,train/value_scale_mean,120.51351586303711
320000,train/value_scale_std,0.4960576939754004
320000,timing/collect_chunk_s,94.20815698849037
320000,timing/train_chunk_s,20.603392337448895
320000,dense_rhs/training_bucket_horizon,3.0
320000,system/heartbeat,1.0
320000,dense_rhs/selected_horizon,2.0
320000,dense_rhs/proposed_horizon,3.0
320000,dense_rhs/phase_id,0.0
320000,dense_rhs/num_active_horizons,7.0
320000,dense_rhs/num_candidate_horizons,3.0
320000,dense_rhs/entropy,1.619471549987793
320000,dense_rhs/norm_entropy,0.8322436809539795
320000,dense_rhs/best_fitness,0.2439364492893219
320000,dense_rhs/deployment_score_best,3.8970165405771695e-06
320000,dense_rhs/incumbent_deployment_score,5.3765214502732306e-11
320000,dense_rhs/proposed_deployment_score,5.3765214502732306e-11
320000,dense_rhs/proposed_transition_cost,0.0
320000,dense_rhs/proposed_switch_probability,0.5
320000,dense_rhs/proposed_expected_net_benefit,0.0
320000,dense_rhs/transition_cost_best,0.0
320000,dense_rhs/transition_adjusted_score_best,5.3765214502732306e-11
320000,dense_rhs/switch_probability_best,0.5
320000,dense_rhs/expected_improvement_best,0.050822701305150986
320000,dense_rhs/expected_loss_best,0.050822701305150986
320000,dense_rhs/expected_net_benefit_best,0.0
320000,dense_rhs/return_term_best,0.10325618088245392
320000,dense_rhs/roughness_term_best,1.0
320000,dense_rhs/return_std_term_best,0.034282147884368896
320000,dense_rhs/learner_proxy_term_best,1.0
320000,dense_rhs/model_prefix_loss_best,0.24305792152881622
320000,dense_rhs/model_probe_prefix_best,0.07756024599075317
320000,dense_rhs/planner_return_best,114.31336975097656
320000,dense_rhs/roughness_best,0.01981898583471775
320000,dense_rhs/robust_return_best,15.288398742675781
320000,timing/query_model_diag_s,0.011571761220693588
320000,timing/query_env_eval_s,5.096579845994711
320000,timing/query_finalize_s,0.0031404527835547924
320000,timing/query_total_s,5.11699196184054
320000,dense_rhs/candidate_3_fitness,0.03162277489900589
320000,dense_rhs/candidate_3_deployment_score,5.3765214502732306e-11
320000,dense_rhs/candidate_3_transition_cost,0.0
320000,dense_rhs/candidate_3_transition_adjusted_score,5.3765214502732306e-11
320000,dense_rhs/candidate_3_switch_probability,0.5
320000,dense_rhs/candidate_3_expected_net_benefit,0.0
320000,dense_rhs/candidate_3_return,13.531196594238281
320000,dense_rhs/candidate_3_return_term,0.08756808191537857
320000,dense_rhs/candidate_3_roughness_term,0.98055499792099
320000,dense_rhs/candidate_3_return_std_term,0.0
320000,dense_rhs/candidate_3_learner_proxy_term,0.932494044303894
320000,dense_rhs/candidate_2_fitness,0.2439364492893219
320000,dense_rhs/candidate_2_deployment_score,3.8970165405771695e-06
320000,dense_rhs/candidate_2_transition_cost,0.06892219185829163
320000,dense_rhs/candidate_2_transition_adjusted_score,-0.06891829520463943
320000,dense_rhs/candidate_2_switch_probability,0.2824365496635437
320000,dense_rhs/candidate_2_expected_net_benefit,-0.06891829520463943
320000,dense_rhs/candidate_2_return,15.288398742675781
320000,dense_rhs/candidate_2_return_term,0.10325618088245392
320000,dense_rhs/candidate_2_roughness_term,1.0
320000,dense_rhs/candidate_2_return_std_term,0.034282147884368896
320000,dense_rhs/candidate_2_learner_proxy_term,1.0
320000,dense_rhs/candidate_4_fitness,0.03162277489900589
320000,dense_rhs/candidate_4_deployment_score,1.4834892938254627e-26
320000,dense_rhs/candidate_4_transition_cost,0.057702209800481796
320000,dense_rhs/candidate_4_transition_adjusted_score,-0.057702209800481796
320000,dense_rhs/candidate_4_switch_probability,0.2877163290977478
320000,dense_rhs/candidate_4_expected_net_benefit,-0.057702209800481796
320000,dense_rhs/candidate_4_return,3.7228164672851562
320000,dense_rhs/candidate_4_return_term,0.0
320000,dense_rhs/candidate_4_roughness_term,0.9667826294898987
320000,dense_rhs/candidate_4_return_std_term,0.02024698257446289
320000,dense_rhs/candidate_4_learner_proxy_term,0.7578709125518799
320000,dense_rhs/deployment_utility_enabled,1.0
320000,dense_rhs/deployment_utility_observations,5.0
320000,dense_rhs/deployment_utility_last_observed_gain,-32.86181640625
320000,dense_rhs/candidate_2_expected_eval_gain,0.0
320000,dense_rhs/candidate_2_eval_gain_uncertainty,150.0
320000,dense_rhs/candidate_2_deployment_utility_score,47.5
320000,dense_rhs/candidate_3_expected_eval_gain,33.279421997070315
320000,dense_rhs/candidate_3_eval_gain_uncertainty,30.465419021522788
320000,dense_rhs/candidate_3_deployment_utility_score,40.89591471751722
320000,dense_rhs/candidate_4_expected_eval_gain,0.0
320000,dense_rhs/candidate_4_eval_gain_uncertainty,150.0
320000,dense_rhs/candidate_4_deployment_utility_score,37.5
320000,dense_rhs/deployment_utility_override,1.0
320000,dense_rhs/deployment_utility_selected_expected_gain,0.0
320000,dense_rhs/deployment_utility_selected_uncertainty,150.0
320000,dense_rhs/deployment_utility_selected_score,47.5
320000,dense_rhs/deployment_utility_proposed_horizon,2.0
320000,dense_rhs/deployment_utility_proposed_expected_gain,0.0
320000,dense_rhs/deployment_utility_proposed_uncertainty,150.0
320000,dense_rhs/deployment_utility_proposed_score,47.5
320000,dense_rhs/previous_horizon,3.0
320000,dense_rhs/training_bucket_horizon,2.0
320000,dense_rhs/best_h,2.0
320000,dense_rhs/prob_best_h,0.09765625
320000,dense_rhs/gauss_mean_best_h,0.24184952676296234
320000,dense_rhs/gauss_post_std_best_h,0.06572621315717697
320000,system/heartbeat,1.0
323992,episode/return,320.0708923339844
323992,episode/length,500.0
323993,episode/return,18.258087158203125
323993,episode/length,500.0
323994,episode/return,175.185302734375
323994,episode/length,500.0
323995,episode/return,215.50633239746094
323995,episode/length,500.0
323996,episode/return,169.20066833496094
323996,episode/length,500.0
323997,episode/return,149.90713500976562
323997,episode/length,500.0
323998,episode/return,340.8310546875
323998,episode/length,500.0
323999,episode/return,288.2049255371094
323999,episode/length,500.0
327992,episode/return,359.87713623046875
327992,episode/length,500.0
327993,episode/return,313.1750793457031
327993,episode/length,500.0
327994,episode/return,185.70652770996094
327994,episode/length,500.0
327995,episode/return,396.32440185546875
327995,episode/length,500.0
327996,episode/return,450.55548095703125
327996,episode/length,500.0
327997,episode/return,1.3847410718081932e-10
327997,episode/length,500.0
327998,episode/return,196.80279541015625
327998,episode/length,500.0
327999,episode/return,358.8420104980469
327999,episode/length,500.0
330000,train/consistency_loss_mean,5.7121014746371656e-05
330000,train/consistency_loss_std,3.819324073086746e-05
330000,train/continue_loss_mean,0.0
330000,train/continue_loss_std,0.0
330000,train/grad_norm_mean,0.8766417967796326
330000,train/grad_norm_std,0.39766028179756957
330000,train/policy_log_std_mean,-0.7209847506205241
330000,train/policy_log_std_std,0.3452843292102161
330000,train/policy_loss_mean,-0.26644365785121915
330000,train/policy_loss_std,0.012762241673850382
330000,train/reward_loss_mean,0.1773060348510742
330000,train/reward_loss_std,0.013064689741402302
330000,train/total_loss_mean,0.06289108047187328
330000,train/total_loss_std,0.005595136958314116
330000,train/value_loss_mean,0.44018055324554445
330000,train/value_loss_std,0.04736588125588986
330000,train/value_scale_mean,120.6705730834961
330000,train/value_scale_std,0.4298177091832416
330000,timing/collect_chunk_s,145.60666892817244
330000,timing/train_chunk_s,197.845291337464
330000,dense_rhs/training_bucket_horizon,2.0
330000,system/heartbeat,1.0
331992,episode/return,163.3938751220703
331992,episode/length,500.0
331993,episode/return,52.16545867919922
331993,episode/length,500.0
331994,episode/return,396.0461730957031
331994,episode/length,500.0
331995,episode/return,472.9556884765625
331995,episode/length,500.0
331996,episode/return,323.7062072753906
331996,episode/length,500.0
331997,episode/return,317.35284423828125
331997,episode/length,500.0
331998,episode/return,154.58384704589844
331998,episode/length,500.0
331999,episode/return,466.15167236328125
331999,episode/length,500.0
335992,episode/return,210.53953552246094
335992,episode/length,500.0
335993,episode/return,336.81256103515625
335993,episode/length,500.0
335994,episode/return,392.1901550292969
335994,episode/length,500.0
335995,episode/return,427.8459167480469
335995,episode/length,500.0
335996,episode/return,221.35281372070312
335996,episode/length,500.0
335997,episode/return,206.15386962890625
335997,episode/length,500.0
335998,episode/return,314.8822937011719
335998,episode/length,500.0
335999,episode/return,351.77862548828125
335999,episode/length,500.0
339992,episode/return,227.32823181152344
339992,episode/length,500.0
339993,episode/return,366.1358337402344
339993,episode/length,500.0
339994,episode/return,336.8926696777344
339994,episode/length,500.0
339995,episode/return,347.7193298339844
339995,episode/length,500.0
339996,episode/return,269.63714599609375
339996,episode/length,500.0
339997,episode/return,393.85028076171875
339997,episode/length,500.0
339998,episode/return,491.75860595703125
339998,episode/length,500.0
339999,episode/return,304.2997131347656
339999,episode/length,500.0
340000,train/consistency_loss_mean,4.816480489389505e-05
340000,train/consistency_loss_std,5.260904326457088e-06
340000,train/continue_loss_mean,0.0
340000,train/continue_loss_std,0.0
340000,train/grad_norm_mean,0.8824530680179596
340000,train/grad_norm_std,0.3655529499357369
340000,train/policy_log_std_mean,-0.7115702935536703
340000,train/policy_log_std_std,0.33542378636759684
340000,train/policy_loss_mean,-0.2697375858783722
340000,train/policy_loss_std,0.012162476397018349
340000,train/reward_loss_mean,0.17779631289243697
340000,train/reward_loss_std,0.013121708720930025
340000,train/total_loss_mean,0.06143802109062672
340000,train/total_loss_std,0.0022723459218850534
340000,train/value_loss_mean,0.42695092046260835
340000,train/value_loss_std,0.01890669246033751
340000,train/value_scale_mean,121.21732671508789
340000,train/value_scale_std,0.4303325213020544
340000,timing/collect_chunk_s,86.62141884397715
340000,timing/train_chunk_s,16.315266233868897
340000,dense_rhs/training_bucket_horizon,2.0
340000,system/heartbeat,1.0
343992,episode/return,377.68927001953125
343992,episode/length,500.0
343993,episode/return,279.3302001953125
343993,episode/length,500.0
343994,episode/return,357.8292236328125
343994,episode/length,500.0
343995,episode/return,124.18862915039062
343995,episode/length,500.0
343996,episode/return,149.16085815429688
343996,episode/length,500.0
343997,episode/return,222.04598999023438
343997,episode/length,500.0
343998,episode/return,495.4898986816406
343998,episode/length,500.0
343999,episode/return,502.910400390625
343999,episode/length,500.0
347992,episode/return,237.29261779785156
347992,episode/length,500.0
347993,episode/return,526.0703735351562
347993,episode/length,500.0
347994,episode/return,509.2568664550781
347994,episode/length,500.0
347995,episode/return,220.5420684814453
347995,episode/length,500.0
347996,episode/return,305.7620849609375
347996,episode/length,500.0
347997,episode/return,385.2166748046875
347997,episode/length,500.0
347998,episode/return,151.00721740722656
347998,episode/length,500.0
347999,episode/return,294.3739013671875
347999,episode/length,500.0
350000,train/consistency_loss_mean,4.7443229358759706e-05
350000,train/consistency_loss_std,4.3038152242102085e-06
350000,train/continue_loss_mean,0.0
350000,train/continue_loss_std,0.0
350000,train/grad_norm_mean,0.8655806218147278
350000,train/grad_norm_std,0.3437537634893702
350000,train/policy_log_std_mean,-0.7011543597539266
350000,train/policy_log_std_std,0.3282803507645809
350000,train/policy_loss_mean,-0.2714093116521835
350000,train/policy_loss_std,0.012107229069373745
350000,train/reward_loss_mean,0.17874716756343842
350000,train/reward_loss_std,0.013243275000557508
350000,train/total_loss_mean,0.06118138270378113
350000,train/total_loss_std,0.0021800099260803345
350000,train/value_loss_mean,0.42357799780368804
350000,train/value_loss_std,0.017729515141084104
350000,train/value_scale_mean,122.21726138305664
350000,train/value_scale_std,0.4690837418451125
350000,timing/collect_chunk_s,94.46917752921581
350000,timing/train_chunk_s,16.29656589543447
350000,dense_rhs/training_bucket_horizon,2.0
350000,system/heartbeat,1.0
350000,timing/checkpoint_blocking_s,0.44753502402454615
350000,eval/return_mean,220.86135864257812
350000,eval/return_std,116.62627410888672
350000,eval/return_max,432.5119934082031
350000,eval/return_min,1.8178932317813867e-11
350000,dense_rhs/deployment_utility_last_observed_gain,-37.99267578125
350000,dense_rhs/deployment_utility_observations,6.0
350000,timing/eval_s,25.473150258883834
350000,eval/selected_horizon,2.0
350000,eval/training_bucket_horizon,2.0
350000,system/heartbeat,1.0
351992,episode/return,210.99563598632812
351992,episode/length,500.0
351993,episode/return,298.13653564453125
351993,episode/length,500.0
351994,episode/return,497.960205078125
351994,episode/length,500.0
351995,episode/return,265.4228820800781
351995,episode/length,500.0
351996,episode/return,444.9051208496094
351996,episode/length,500.0
351997,episode/return,163.09014892578125
351997,episode/length,500.0
351998,episode/return,379.419677734375
351998,episode/length,500.0
351999,episode/return,499.2037658691406
351999,episode/length,500.0
355992,episode/return,227.73251342773438
355992,episode/length,500.0
355993,episode/return,226.51498413085938
355993,episode/length,500.0
355994,episode/return,181.57237243652344
355994,episode/length,500.0
355995,episode/return,286.53631591796875
355995,episode/length,500.0
355996,episode/return,351.084716796875
355996,episode/length,500.0
355997,episode/return,213.4351806640625
355997,episode/length,500.0
355998,episode/return,543.2852172851562
355998,episode/length,500.0
355999,episode/return,398.0712585449219
355999,episode/length,500.0
359992,episode/return,165.4381103515625
359992,episode/length,500.0
359993,episode/return,159.49954223632812
359993,episode/length,500.0
359994,episode/return,422.4076843261719
359994,episode/length,500.0
359995,episode/return,375.4065856933594
359995,episode/length,500.0
359996,episode/return,82.73109436035156
359996,episode/length,500.0
359997,episode/return,277.19775390625
359997,episode/length,500.0
359998,episode/return,281.58551025390625
359998,episode/length,500.0
359999,episode/return,354.9540100097656
359999,episode/length,500.0
360000,train/consistency_loss_mean,5.0507125121657734e-05
360000,train/consistency_loss_std,1.823274546579052e-05
360000,train/continue_loss_mean,0.0
360000,train/continue_loss_std,0.0
360000,train/grad_norm_mean,0.8499808140277862
360000,train/grad_norm_std,0.3815788815755332
360000,train/policy_log_std_mean,-0.7054239974975586
360000,train/policy_log_std_std,0.31847343526686767
360000,train/policy_loss_mean,-0.27112319982051847
360000,train/policy_loss_std,0.012148033199467136
360000,train/reward_loss_mean,0.17983763084411622
360000,train/reward_loss_std,0.013233181929586741
360000,train/total_loss_mean,0.06172976071238518
360000,train/total_loss_std,0.003829969785635495
360000,train/value_loss_mean,0.42735853526592255
360000,train/value_loss_std,0.03299707552909797
360000,train/value_scale_mean,122.98135178833007
360000,train/value_scale_std,0.4569273766168235
360000,timing/collect_chunk_s,86.83376941783354
360000,timing/train_chunk_s,16.342980671208352
360000,dense_rhs/training_bucket_horizon,2.0
360000,system/heartbeat,1.0
363992,episode/return,236.9365692138672
363992,episode/length,500.0
363993,episode/return,233.83709716796875
363993,episode/length,500.0
363994,episode/return,509.72210693359375
363994,episode/length,500.0
363995,episode/return,296.9161071777344
363995,episode/length,500.0
363996,episode/return,379.39703369140625
363996,episode/length,500.0
363997,episode/return,290.0059814453125
363997,episode/length,500.0
363998,episode/return,520.3997802734375
363998,episode/length,500.0
363999,episode/return,270.126708984375
363999,episode/length,500.0
367992,episode/return,386.71173095703125
367992,episode/length,500.0
367993,episode/return,160.6981964111328
367993,episode/length,500.0
367994,episode/return,497.9119873046875
367994,episode/length,500.0
367995,episode/return,270.4111328125
367995,episode/length,500.0
367996,episode/return,377.9061279296875
367996,episode/length,500.0
367997,episode/return,336.3185729980469
367997,episode/length,500.0
367998,episode/return,186.43936157226562
367998,episode/length,500.0
367999,episode/return,232.060546875
367999,episode/length,500.0
370000,train/consistency_loss_mean,4.8426025750814004e-05
370000,train/consistency_loss_std,9.169073813711136e-06
370000,train/continue_loss_mean,0.0
370000,train/continue_loss_std,0.0
370000,train/grad_norm_mean,0.8433788192749023
370000,train/grad_norm_std,0.35289333597652106
370000,train/policy_log_std_mean,-0.700198894627889
370000,train/policy_log_std_std,0.32235694028533485
370000,train/policy_loss_mean,-0.27356183161735537
370000,train/policy_loss_std,0.012178276409465751
370000,train/reward_loss_mean,0.18025195965766908
370000,train/reward_loss_std,0.01330740405492243
370000,train/total_loss_mean,0.06149838625490665
370000,train/total_loss_std,0.0025795231785790246
370000,train/value_loss_mean,0.42504668204784396
370000,train/value_loss_std,0.021644485155330684
370000,train/value_scale_mean,123.17420651855468
370000,train/value_scale_std,0.5465074559794287
370000,timing/collect_chunk_s,86.26032475847751
370000,timing/train_chunk_s,16.32067760778591
370000,dense_rhs/training_bucket_horizon,2.0
370000,system/heartbeat,1.0
370000,dense_rhs/selected_horizon,3.0
370000,dense_rhs/proposed_horizon,2.0
370000,dense_rhs/phase_id,0.0
370000,dense_rhs/num_active_horizons,7.0
370000,dense_rhs/num_candidate_horizons,2.0
370000,dense_rhs/entropy,1.6570872068405151
370000,dense_rhs/norm_entropy,0.8515743017196655
370000,dense_rhs/best_fitness,0.03162277489900589
370000,dense_rhs/deployment_score_best,1.043998366751634e-25
370000,dense_rhs/incumbent_deployment_score,7.179101063625737e-12
370000,dense_rhs/proposed_deployment_score,7.179101063625737e-12
370000,dense_rhs/proposed_transition_cost,0.0
370000,dense_rhs/proposed_switch_probability,0.5
370000,dense_rhs/proposed_expected_net_benefit,0.0
370000,dense_rhs/transition_cost_best,0.0
370000,dense_rhs/transition_adjusted_score_best,7.179101063625737e-12
370000,dense_rhs/switch_probability_best,0.5
370000,dense_rhs/expected_improvement_best,0.03708204627037048
370000,dense_rhs/expected_loss_best,0.03708204627037048
370000,dense_rhs/expected_net_benefit_best,0.0
370000,dense_rhs/return_term_best,0.0
370000,dense_rhs/roughness_term_best,0.9630534052848816
370000,dense_rhs/return_std_term_best,0.12101238965988159
370000,dense_rhs/learner_proxy_term_best,0.8958176970481873
370000,dense_rhs/model_prefix_loss_best,0.1530187726020813
370000,dense_rhs/model_probe_prefix_best,0.04297581687569618
370000,dense_rhs/planner_return_best,133.4206085205078
370000,dense_rhs/roughness_best,0.030821722000837326
370000,dense_rhs/robust_return_best,3.5836944580078125
370000,timing/query_model_diag_s,14.266823824960738
370000,timing/query_env_eval_s,26.373710899148136
370000,timing/query_finalize_s,0.8636814751662314
370000,timing/query_total_s,41.51006546476856
370000,dense_rhs/candidate_2_fitness,0.03162277489900589
370000,dense_rhs/candidate_2_deployment_score,7.179101063625737e-12
370000,dense_rhs/candidate_2_transition_cost,0.0
370000,dense_rhs/candidate_2_transition_adjusted_score,7.179101063625737e-12
370000,dense_rhs/candidate_2_switch_probability,0.5
370000,dense_rhs/candidate_2_expected_net_benefit,0.0
370000,dense_rhs/candidate_2_return,10.473007202148438
370000,dense_rhs/candidate_2_return_term,0.05176277086138725
370000,dense_rhs/candidate_2_roughness_term,1.0
370000,dense_rhs/candidate_2_return_std_term,0.0
370000,dense_rhs/candidate_2_learner_proxy_term,1.0
370000,dense_rhs/candidate_3_fitness,0.03162277489900589
370000,dense_rhs/candidate_3_deployment_score,1.043998366751634e-25
370000,dense_rhs/candidate_3_transition_cost,0.04693320766091347
370000,dense_rhs/candidate_3_transition_adjusted_score,-0.04693320766091347
370000,dense_rhs/candidate_3_switch_probability,0.3240436017513275
370000,dense_rhs/candidate_3_expected_net_benefit,-0.04693320021033287
370000,dense_rhs/candidate_3_return,3.5836944580078125
370000,dense_rhs/candidate_3_return_term,0.0
370000,dense_rhs/candidate_3_roughness_term,0.9630534052848816
370000,dense_rhs/candidate_3_return_std_term,0.12101238965988159
370000,dense_rhs/candidate_3_learner_proxy_term,0.8958176970481873
370000,dense_rhs/deployment_utility_enabled,1.0
370000,dense_rhs/deployment_utility_observations,6.0
370000,dense_rhs/deployment_utility_last_observed_gain,-37.99267578125
370000,dense_rhs/candidate_2_expected_eval_gain,-37.99267578125
370000,dense_rhs/candidate_2_eval_gain_uncertainty,106.06601717798212
370000,dense_rhs/candidate_2_deployment_utility_score,-11.47617148675447
370000,dense_rhs/candidate_3_expected_eval_gain,33.279421997070315
370000,dense_rhs/candidate_3_eval_gain_uncertainty,30.465419021522788
370000,dense_rhs/candidate_3_deployment_utility_score,40.89577675245101
370000,dense_rhs/deployment_utility_override,1.0
370000,dense_rhs/deployment_utility_selected_expected_gain,33.279421997070315
370000,dense_rhs/deployment_utility_selected_uncertainty,30.465419021522788
370000,dense_rhs/deployment_utility_selected_score,40.89577675245101
370000,dense_rhs/deployment_utility_proposed_horizon,3.0
370000,dense_rhs/deployment_utility_proposed_expected_gain,33.279421997070315
370000,dense_rhs/deployment_utility_proposed_uncertainty,30.465419021522788
370000,dense_rhs/deployment_utility_proposed_score,40.89577675245101
370000,dense_rhs/previous_horizon,2.0
370000,dense_rhs/training_bucket_horizon,3.0
370000,dense_rhs/best_h,3.0
370000,dense_rhs/prob_best_h,0.033203125
370000,dense_rhs/gauss_mean_best_h,0.14839868247509003
370000,dense_rhs/gauss_post_std_best_h,0.0701378658413887
370000,system/heartbeat,1.0
371992,episode/return,184.4095458984375
371992,episode/length,500.0
371993,episode/return,504.9361877441406
371993,episode/length,500.0
371994,episode/return,232.20526123046875
371994,episode/length,500.0
371995,episode/return,198.65545654296875
371995,episode/length,500.0
371996,episode/return,488.5081787109375
371996,episode/length,500.0
371997,episode/return,285.740478515625
371997,episode/length,500.0
371998,episode/return,307.7869567871094
371998,episode/length,500.0
371999,episode/return,438.52490234375
371999,episode/length,500.0
375992,episode/return,152.45071411132812
375992,episode/length,500.0
375993,episode/return,360.948486328125
375993,episode/length,500.0
375994,episode/return,202.2511444091797
375994,episode/length,500.0
375995,episode/return,208.94020080566406
375995,episode/length,500.0
375996,episode/return,245.66766357421875
375996,episode/length,500.0
375997,episode/return,282.4184265136719
375997,episode/length,500.0
375998,episode/return,345.8180847167969
375998,episode/length,500.0
375999,episode/return,414.3359069824219
375999,episode/length,500.0
379992,episode/return,296.7159729003906
379992,episode/length,500.0
379993,episode/return,31.65634536743164
379993,episode/length,500.0
379994,episode/return,223.20477294921875
379994,episode/length,500.0
379995,episode/return,359.8714294433594
379995,episode/length,500.0
379996,episode/return,408.8258972167969
379996,episode/length,500.0
379997,episode/return,437.73809814453125
379997,episode/length,500.0
379998,episode/return,180.29461669921875
379998,episode/length,500.0
379999,episode/return,438.53765869140625
379999,episode/length,500.0
380000,train/consistency_loss_mean,3.916375210101251e-05
380000,train/consistency_loss_std,3.0906830882255335e-06
380000,train/continue_loss_mean,0.0
380000,train/continue_loss_std,0.0
380000,train/grad_norm_mean,0.6125599093198776
380000,train/grad_norm_std,0.23457921193724843
380000,train/policy_log_std_mean,-0.6877868223667145
380000,train/policy_log_std_std,0.31910930337785953
380000,train/policy_loss_mean,-0.220693453168869
380000,train/policy_loss_std,0.009678018863971422
380000,train/reward_loss_mean,0.14080268313884736
380000,train/reward_loss_std,0.01013001379045323
380000,train/total_loss_mean,0.04740128245651722
380000,train/total_loss_std,0.001549963717970413
380000,train/value_loss_mean,0.3253773802995682
380000,train/value_loss_std,0.012075523653589153
380000,train/value_scale_mean,122.9762746459961
380000,train/value_scale_std,0.5317996909429482
380000,timing/collect_chunk_s,95.6110927592963
380000,timing/train_chunk_s,20.688187588006258
380000,dense_rhs/training_bucket_horizon,3.0
380000,system/heartbeat,1.0
383992,episode/return,402.7283630371094
383992,episode/length,500.0
383993,episode/return,308.51171875
383993,episode/length,500.0
383994,episode/return,449.72552490234375
383994,episode/length,500.0
383995,episode/return,362.9078674316406
383995,episode/length,500.0
383996,episode/return,498.115478515625
383996,episode/length,500.0
383997,episode/return,403.42547607421875
383997,episode/length,500.0
383998,episode/return,265.9546203613281
383998,episode/length,500.0
383999,episode/return,494.0805358886719
383999,episode/length,500.0
387992,episode/return,431.7233581542969
387992,episode/length,500.0
387993,episode/return,410.49139404296875
387993,episode/length,500.0
387994,episode/return,251.3681640625
387994,episode/length,500.0
387995,episode/return,229.00100708007812
387995,episode/length,500.0
387996,episode/return,578.82470703125
387996,episode/length,500.0
387997,episode/return,344.5818176269531
387997,episode/length,500.0
387998,episode/return,300.9076232910156
387998,episode/length,500.0
387999,episode/return,334.2578430175781
387999,episode/length,500.0
390000,train/consistency_loss_mean,3.993011790444143e-05
390000,train/consistency_loss_std,3.143135087947947e-06
390000,train/continue_loss_mean,0.0
390000,train/continue_loss_std,0.0
390000,train/grad_norm_mean,0.6226115532398224
390000,train/grad_norm_std,0.2411291777991694
390000,train/policy_log_std_mean,-0.6842607502460479
390000,train/policy_log_std_std,0.3192469454688549
390000,train/policy_loss_mean,-0.2200883048057556
390000,train/policy_loss_std,0.00968228647057786
390000,train/reward_loss_mean,0.1417229359984398
390000,train/reward_loss_std,0.010137936691167575
390000,train/total_loss_mean,0.04776892607808113
390000,train/total_loss_std,0.0015816355412619281
390000,train/value_loss_mean,0.3279802874326706
390000,train/value_loss_std,0.01255500936569195
390000,train/value_scale_mean,124.0727311706543
390000,train/value_scale_std,0.6708874799842468
390000,timing/collect_chunk_s,88.87248558783904
390000,timing/train_chunk_s,20.584965964313596
390000,dense_rhs/training_bucket_horizon,3.0
390000,system/heartbeat,1.0
391992,episode/return,654.58935546875
391992,episode/length,500.0
391993,episode/return,258.2347106933594
391993,episode/length,500.0
391994,episode/return,556.1350708007812
391994,episode/length,500.0
391995,episode/return,392.615234375
391995,episode/length,500.0
391996,episode/return,437.0767517089844
391996,episode/length,500.0
391997,episode/return,241.27516174316406
391997,episode/length,500.0
391998,episode/return,295.68988037109375
391998,episode/length,500.0
391999,episode/return,402.2479553222656
391999,episode/length,500.0
395992,episode/return,400.99957275390625
395992,episode/length,500.0
395993,episode/return,464.9046936035156
395993,episode/length,500.0
395994,episode/return,384.1722717285156
395994,episode/length,500.0
395995,episode/return,394.9582214355469
395995,episode/length,500.0
395996,episode/return,395.9767150878906
395996,episode/length,500.0
395997,episode/return,431.0274658203125
395997,episode/length,500.0
395998,episode/return,240.5875244140625
395998,episode/length,500.0
395999,episode/return,553.874267578125
395999,episode/length,500.0
399992,episode/return,434.3505859375
399992,episode/length,500.0
399993,episode/return,311.7825622558594
399993,episode/length,500.0
399994,episode/return,165.30581665039062
399994,episode/length,500.0
399995,episode/return,293.68719482421875
399995,episode/length,500.0
399996,episode/return,516.784912109375
399996,episode/length,500.0
399997,episode/return,368.28497314453125
399997,episode/length,500.0
399998,episode/return,273.0816955566406
399998,episode/length,500.0
399999,episode/return,417.92144775390625
399999,episode/length,500.0
400000,train/consistency_loss_mean,4.0664915117667986e-05
400000,train/consistency_loss_std,3.352583899166476e-06
400000,train/continue_loss_mean,0.0
400000,train/continue_loss_std,0.0
400000,train/grad_norm_mean,0.625824906873703
400000,train/grad_norm_std,0.25248855512774937
400000,train/policy_log_std_mean,-0.6832283404350281
400000,train/policy_log_std_std,0.2994747795830302
400000,train/policy_loss_mean,-0.21898353003263474
400000,train/policy_loss_std,0.00961653177926539
400000,train/reward_loss_mean,0.14287948083877564
400000,train/reward_loss_std,0.010235463339758026
400000,train/total_loss_mean,0.048142398244142535
400000,train/total_loss_std,0.0015967343765866222
400000,train/value_loss_mean,0.3304115108728409
400000,train/value_loss_std,0.01262571380536726
400000,train/value_scale_mean,125.50307397460938
400000,train/value_scale_std,0.46192053426642704
400000,timing/collect_chunk_s,91.00270355911925
400000,timing/train_chunk_s,20.561961106956005
400000,dense_rhs/training_bucket_horizon,3.0
400000,system/heartbeat,1.0
400000,timing/checkpoint_blocking_s,0.44255059072747827
400000,eval/return_mean,330.08428955078125
400000,eval/return_std,151.65354919433594
400000,eval/return_max,641.3211059570312
400000,eval/return_min,0.09474831074476242
400000,dense_rhs/deployment_utility_last_observed_gain,109.22293090820312
400000,dense_rhs/deployment_utility_observations,7.0
400000,timing/eval_s,6.857847648207098
400000,eval/selected_horizon,3.0
400000,eval/training_bucket_horizon,3.0
400000,system/heartbeat,1.0
403992,episode/return,500.9755554199219
403992,episode/length,500.0
403993,episode/return,165.09799194335938
403993,episode/length,500.0
403994,episode/return,494.59112548828125
403994,episode/length,500.0
403995,episode/return,378.989501953125
403995,episode/length,500.0
403996,episode/return,160.68939208984375
403996,episode/length,500.0
403997,episode/return,406.7397155761719
403997,episode/length,500.0
403998,episode/return,342.7844543457031
403998,episode/length,500.0
403999,episode/return,380.6865234375
403999,episode/length,500.0
407992,episode/return,423.3994140625
407992,episode/length,500.0
407993,episode/return,4.684932650156348e-11
407993,episode/length,500.0
407994,episode/return,288.08453369140625
407994,episode/length,500.0
407995,episode/return,217.7127227783203
407995,episode/length,500.0
407996,episode/return,352.13970947265625
407996,episode/length,500.0
407997,episode/return,147.93902587890625
407997,episode/length,500.0
407998,episode/return,304.6780090332031
407998,episode/length,500.0
407999,episode/return,303.3643798828125
407999,episode/length,500.0
410000,train/consistency_loss_mean,4.0705133238225246e-05
410000,train/consistency_loss_std,3.4594489529851704e-06
410000,train/continue_loss_mean,0.0
410000,train/continue_loss_std,0.0
410000,train/grad_norm_mean,0.6099982445955276
410000,train/grad_norm_std,0.2449557730990712
410000,train/policy_log_std_mean,-0.6788543673515319
410000,train/policy_log_std_std,0.29750190291892425
410000,train/policy_loss_mean,-0.2199792367696762
410000,train/policy_loss_std,0.009556121784474646
410000,train/reward_loss_mean,0.14354573092460632
410000,train/reward_loss_std,0.01033436262891653
410000,train/total_loss_mean,0.047875556167960166
410000,train/total_loss_std,0.0015970762099528173
410000,train/value_loss_mean,0.3270687887430191
410000,train/value_loss_std,0.012403148892053581
410000,train/value_scale_mean,126.58730030517579
410000,train/value_scale_std,0.413757413520197
410000,timing/collect_chunk_s,89.68646767549217
410000,timing/train_chunk_s,20.676672741305083
410000,dense_rhs/training_bucket_horizon,3.0
410000,system/heartbeat,1.0
411992,episode/return,372.0694580078125
411992,episode/length,500.0
411993,episode/return,305.55908203125
411993,episode/length,500.0
411994,episode/return,278.3280334472656
411994,episode/length,500.0
411995,episode/return,419.6327209472656
411995,episode/length,500.0
411996,episode/return,268.61737060546875
411996,episode/length,500.0
411997,episode/return,509.5425109863281
411997,episode/length,500.0
411998,episode/return,258.5771789550781
411998,episode/length,500.0
411999,episode/return,281.2945556640625
411999,episode/length,500.0
415992,episode/return,472.2200622558594
415992,episode/length,500.0
415993,episode/return,424.12701416015625
415993,episode/length,500.0
415994,episode/return,156.67916870117188
415994,episode/length,500.0
415995,episode/return,268.4541015625
415995,episode/length,500.0
415996,episode/return,411.4328918457031
415996,episode/length,500.0
415997,episode/return,265.7178955078125
415997,episode/length,500.0
415998,episode/return,244.04209899902344
415998,episode/length,500.0
415999,episode/return,252.08294677734375
415999,episode/length,500.0
419992,episode/return,188.8471221923828
419992,episode/length,500.0
419993,episode/return,175.73204040527344
419993,episode/length,500.0
419994,episode/return,278.2232971191406
419994,episode/length,500.0
419995,episode/return,1.3847410718081932e-10
419995,episode/length,500.0
419996,episode/return,284.5877990722656
419996,episode/length,500.0
419997,episode/return,266.656005859375
419997,episode/length,500.0
419998,episode/return,403.0539245605469
419998,episode/length,500.0
419999,episode/return,192.28857421875
419999,episode/length,500.0
420000,train/consistency_loss_mean,4.078228177386336e-05
420000,train/consistency_loss_std,3.5508915927378294e-06
420000,train/continue_loss_mean,0.0
420000,train/continue_loss_std,0.0
420000,train/grad_norm_mean,0.5927263069152832
420000,train/grad_norm_std,0.2393440053905715
420000,train/policy_log_std_mean,-0.652024471950531
420000,train/policy_log_std_std,0.28564543050444824
420000,train/policy_loss_mean,-0.220816232585907
420000,train/policy_loss_std,0.009508956868071811
420000,train/reward_loss_mean,0.14368068878650667
420000,train/reward_loss_std,0.010260180042525857
420000,train/total_loss_mean,0.04769775786697864
420000,train/total_loss_std,0.001581976472226518
420000,train/value_loss_mean,0.3251404295682907
420000,train/value_loss_std,0.01224448031399044
420000,train/value_scale_mean,127.31623381958008
420000,train/value_scale_std,0.3569332017534376
420000,timing/collect_chunk_s,97.7608396736905
420000,timing/train_chunk_s,20.648822174873203
420000,dense_rhs/training_bucket_horizon,3.0
420000,system/heartbeat,1.0
420000,dense_rhs/selected_horizon,3.0
420000,dense_rhs/proposed_horizon,3.0
420000,dense_rhs/phase_id,0.0
420000,dense_rhs/num_active_horizons,7.0
420000,dense_rhs/num_candidate_horizons,3.0
420000,dense_rhs/entropy,1.640676736831665
420000,dense_rhs/norm_entropy,0.8431410193443298
420000,dense_rhs/best_fitness,0.03162277489900589
420000,dense_rhs/deployment_score_best,8.331987653826152e-31
420000,dense_rhs/incumbent_deployment_score,8.331987653826152e-31
420000,dense_rhs/proposed_deployment_score,8.331987653826152e-31
420000,dense_rhs/proposed_transition_cost,0.0
420000,dense_rhs/proposed_switch_probability,0.5
420000,dense_rhs/proposed_expected_net_benefit,0.0
420000,dense_rhs/transition_cost_best,0.0
420000,dense_rhs/transition_adjusted_score_best,8.331987653826152e-31
420000,dense_rhs/switch_probability_best,0.5
420000,dense_rhs/expected_improvement_best,0.03957105427980423
420000,dense_rhs/expected_loss_best,0.03957105427980423
420000,dense_rhs/expected_net_benefit_best,0.0
420000,dense_rhs/return_term_best,0.0
420000,dense_rhs/roughness_term_best,0.950654923915863
420000,dense_rhs/return_std_term_best,0.0
420000,dense_rhs/learner_proxy_term_best,0.8764471411705017
420000,dense_rhs/model_prefix_loss_best,0.24634012579917908
420000,dense_rhs/model_probe_prefix_best,0.08566340804100037
420000,dense_rhs/planner_return_best,133.8297119140625
420000,dense_rhs/roughness_best,0.025016790255904198
420000,dense_rhs/robust_return_best,2.3373947143554688
420000,timing/query_model_diag_s,14.389591909013689
420000,timing/query_env_eval_s,5.10519346781075
420000,timing/query_finalize_s,0.003589760046452284
420000,timing/query_total_s,19.50362701807171
420000,dense_rhs/candidate_3_fitness,0.03162277489900589
420000,dense_rhs/candidate_3_deployment_score,8.331987653826152e-31
420000,dense_rhs/candidate_3_transition_cost,0.0
420000,dense_rhs/candidate_3_transition_adjusted_score,8.331987653826152e-31
420000,dense_rhs/candidate_3_switch_probability,0.5
420000,dense_rhs/candidate_3_expected_net_benefit,0.0
420000,dense_rhs/candidate_3_return,2.3373947143554688
420000,dense_rhs/candidate_3_return_term,0.0
420000,dense_rhs/candidate_3_roughness_term,0.950654923915863
420000,dense_rhs/candidate_3_return_std_term,0.0
420000,dense_rhs/candidate_3_learner_proxy_term,0.8764471411705017
420000,dense_rhs/candidate_2_fitness,0.5116045475006104
420000,dense_rhs/candidate_2_deployment_score,0.0014093562494963408
420000,dense_rhs/candidate_2_transition_cost,0.03658846765756607
420000,dense_rhs/candidate_2_transition_adjusted_score,-0.03517911210656166
420000,dense_rhs/candidate_2_switch_probability,0.354348361492157
420000,dense_rhs/candidate_2_expected_net_benefit,-0.03517911210656166
420000,dense_rhs/candidate_2_return,39.745018005371094
420000,dense_rhs/candidate_2_return_term,0.27400797605514526
420000,dense_rhs/candidate_2_roughness_term,1.0
420000,dense_rhs/candidate_2_return_std_term,0.25001609325408936
420000,dense_rhs/candidate_2_learner_proxy_term,1.0
420000,dense_rhs/candidate_4_fitness,0.3808036744594574
420000,dense_rhs/candidate_4_deployment_score,0.00012146439985372126
420000,dense_rhs/candidate_4_transition_cost,0.0424589179456234
420000,dense_rhs/candidate_4_transition_adjusted_score,-0.04233745485544205
420000,dense_rhs/candidate_4_switch_probability,0.311528742313385
420000,dense_rhs/candidate_4_expected_net_benefit,-0.04233745485544205
420000,dense_rhs/candidate_4_return,29.62054443359375
420000,dense_rhs/candidate_4_return_term,0.19984698295593262
420000,dense_rhs/candidate_4_roughness_term,0.8940580487251282
420000,dense_rhs/candidate_4_return_std_term,0.11768484115600586
420000,dense_rhs/candidate_4_learner_proxy_term,0.7237229943275452
420000,dense_rhs/deployment_utility_enabled,1.0
420000,dense_rhs/deployment_utility_observations,7.0
420000,dense_rhs/deployment_utility_last_observed_gain,109.22293090820312
420000,dense_rhs/candidate_2_expected_eval_gain,-37.99267578125
420000,dense_rhs/candidate_2_eval_gain_uncertainty,106.06601717798212
420000,dense_rhs/candidate_2_deployment_utility_score,-1.4761714867544704
420000,dense_rhs/candidate_3_expected_eval_gain,45.93667348225912
420000,dense_rhs/candidate_3_eval_gain_uncertainty,27.881737127121607
420000,dense_rhs/candidate_3_deployment_utility_score,52.907107764039516
420000,dense_rhs/candidate_4_expected_eval_gain,0.0
420000,dense_rhs/candidate_4_eval_gain_uncertainty,150.0
420000,dense_rhs/candidate_4_deployment_utility_score,38.36184312800351
420000,dense_rhs/deployment_utility_override,0.0
420000,dense_rhs/deployment_utility_selected_expected_gain,45.93667348225912
420000,dense_rhs/deployment_utility_selected_uncertainty,27.881737127121607
420000,dense_rhs/deployment_utility_selected_score,52.907107764039516
420000,dense_rhs/deployment_utility_proposed_horizon,3.0
420000,dense_rhs/deployment_utility_proposed_expected_gain,45.93667348225912
420000,dense_rhs/deployment_utility_proposed_uncertainty,27.881737127121607
420000,dense_rhs/deployment_utility_proposed_score,52.907107764039516
420000,dense_rhs/previous_horizon,3.0
420000,dense_rhs/training_bucket_horizon,3.0
420000,dense_rhs/best_h,3.0
420000,dense_rhs/prob_best_h,0.01171875
420000,dense_rhs/gauss_mean_best_h,0.1338016837835312
420000,dense_rhs/gauss_post_std_best_h,0.06287123262882233
420000,system/heartbeat,1.0
423992,episode/return,355.14276123046875
423992,episode/length,500.0
423993,episode/return,233.88909912109375
423993,episode/length,500.0
423994,episode/return,450.4227294921875
423994,episode/length,500.0
423995,episode/return,299.4510192871094
423995,episode/length,500.0
423996,episode/return,516.2382202148438
423996,episode/length,500.0
423997,episode/return,372.7716369628906
423997,episode/length,500.0
423998,episode/return,255.4287872314453
423998,episode/length,500.0
423999,episode/return,276.61810302734375
423999,episode/length,500.0
427992,episode/return,189.06045532226562
427992,episode/length,500.0
427993,episode/return,178.15481567382812
427993,episode/length,500.0
427994,episode/return,0.0009488569921813905
427994,episode/length,500.0
427995,episode/return,347.7330322265625
427995,episode/length,500.0
427996,episode/return,391.0361328125
427996,episode/length,500.0
427997,episode/return,295.8697204589844
427997,episode/length,500.0
427998,episode/return,398.6868591308594
427998,episode/length,500.0
427999,episode/return,356.13824462890625
427999,episode/length,500.0
430000,train/consistency_loss_mean,4.146934302989394e-05
430000,train/consistency_loss_std,3.552102885114127e-06
430000,train/continue_loss_mean,0.0
430000,train/continue_loss_std,0.0
430000,train/grad_norm_mean,0.6081889121055603
430000,train/grad_norm_std,0.24238791919614486
430000,train/policy_log_std_mean,-0.6577140250205994
430000,train/policy_log_std_std,0.27964735234530697
430000,train/policy_loss_mean,-0.21785307086706163
430000,train/policy_loss_std,0.009542362493391039
430000,train/reward_loss_mean,0.14373645877838134
430000,train/reward_loss_std,0.010389865542460412
430000,train/total_loss_mean,0.047952824410796166
430000,train/total_loss_std,0.0015900319383702862
430000,train/value_loss_mean,0.3274979090452194
430000,train/value_loss_std,0.012460625596519241
430000,train/value_scale_mean,129.26380401611328
430000,train/value_scale_std,0.7163488388046034
430000,timing/collect_chunk_s,87.89562129741535
430000,timing/train_chunk_s,20.633300637826324
430000,dense_rhs/training_bucket_horizon,3.0
430000,system/heartbeat,1.0
431992,episode/return,0.0002623038017190993
431992,episode/length,500.0
431993,episode/return,401.86932373046875
431993,episode/length,500.0
431994,episode/return,209.82003784179688
431994,episode/length,500.0
431995,episode/return,374.40802001953125
431995,episode/length,500.0
431996,episode/return,394.290771484375
431996,episode/length,500.0
431997,episode/return,191.1092987060547
431997,episode/length,500.0
431998,episode/return,314.1807861328125
431998,episode/length,500.0
431999,episode/return,511.35162353515625
431999,episode/length,500.0
435992,episode/return,138.62786865234375
435992,episode/length,500.0
435993,episode/return,500.2017517089844
435993,episode/length,500.0
435994,episode/return,365.91314697265625
435994,episode/length,500.0
435995,episode/return,217.97982788085938
435995,episode/length,500.0
435996,episode/return,178.32574462890625
435996,episode/length,500.0
435997,episode/return,536.9317626953125
435997,episode/length,500.0
435998,episode/return,404.6336975097656
435998,episode/length,500.0
435999,episode/return,549.330810546875
435999,episode/length,500.0
439992,episode/return,185.74095153808594
439992,episode/length,500.0
439993,episode/return,263.5844421386719
439993,episode/length,500.0
439994,episode/return,275.35040283203125
439994,episode/length,500.0
439995,episode/return,224.9199981689453
439995,episode/length,500.0
439996,episode/return,185.41726684570312
439996,episode/length,500.0
439997,episode/return,302.670654296875
439997,episode/length,500.0
439998,episode/return,382.2711486816406
439998,episode/length,500.0
439999,episode/return,165.50567626953125
439999,episode/length,500.0
440000,train/consistency_loss_mean,4.1474676958750934e-05
440000,train/consistency_loss_std,3.4713807625459206e-06
440000,train/continue_loss_mean,0.0
440000,train/continue_loss_std,0.0
440000,train/grad_norm_mean,0.5989965988636017
440000,train/grad_norm_std,0.23015328438224344
440000,train/policy_log_std_mean,-0.6661992723941803
440000,train/policy_log_std_std,0.2883579545087982
440000,train/policy_loss_mean,-0.21856536697149276
440000,train/policy_loss_std,0.009643358177092949
440000,train/reward_loss_mean,0.14420508248806
440000,train/reward_loss_std,0.010418158791925333
440000,train/total_loss_mean,0.04780758318305016
440000,train/total_loss_std,0.0015693311679923238
440000,train/value_loss_mean,0.32557580409049985
440000,train/value_loss_std,0.012281574323009255
440000,train/value_scale_mean,129.98515032958986
440000,train/value_scale_std,0.42607589573629057
440000,timing/collect_chunk_s,90.26030638581142
440000,timing/train_chunk_s,20.630937036126852
440000,dense_rhs/training_bucket_horizon,3.0
440000,system/heartbeat,1.0
443992,episode/return,390.77398681640625
443992,episode/length,500.0
443993,episode/return,244.76329040527344
443993,episode/length,500.0
443994,episode/return,432.3122863769531
443994,episode/length,500.0
443995,episode/return,373.351806640625
443995,episode/length,500.0
443996,episode/return,313.294921875
443996,episode/length,500.0
443997,episode/return,270.0798034667969
443997,episode/length,500.0
443998,episode/return,440.04632568359375
443998,episode/length,500.0
443999,episode/return,299.9147644042969
443999,episode/length,500.0
447992,episode/return,201.13429260253906
447992,episode/length,500.0
447993,episode/return,158.5044708251953
447993,episode/length,500.0
447994,episode/return,322.8229064941406
447994,episode/length,500.0
447995,episode/return,88.9566650390625
447995,episode/length,500.0
447996,episode/return,446.1687316894531
447996,episode/length,500.0
447997,episode/return,377.3429870605469
447997,episode/length,500.0
447998,episode/return,171.4423065185547
447998,episode/length,500.0
447999,episode/return,107.1161880493164
447999,episode/length,500.0
450000,train/consistency_loss_mean,4.186507551348768e-05
450000,train/consistency_loss_std,3.71389046263717e-06
450000,train/continue_loss_mean,0.0
450000,train/continue_loss_std,0.0
450000,train/grad_norm_mean,0.5926492023229599
450000,train/grad_norm_std,0.23810794829229034
450000,train/policy_log_std_mean,-0.662249341583252
450000,train/policy_log_std_std,0.28188907976928806
450000,train/policy_loss_mean,-0.21901279237270355
450000,train/policy_loss_std,0.009521256799713777
450000,train/reward_loss_mean,0.14410513981580733
450000,train/reward_loss_std,0.010327360061575143
450000,train/total_loss_mean,0.04765069251656532
450000,train/total_loss_std,0.001578875781751153
450000,train/value_loss_mean,0.3240287626504898
450000,train/value_loss_std,0.012436649578043246
450000,train/value_scale_mean,130.9710343261719
450000,train/value_scale_std,0.6842642272568544
450000,timing/collect_chunk_s,90.55707373516634
450000,timing/train_chunk_s,20.635614667553455
450000,dense_rhs/training_bucket_horizon,3.0
450000,system/heartbeat,1.0
450000,timing/checkpoint_blocking_s,0.4502684320323169
450000,eval/return_mean,310.76849365234375
450000,eval/return_std,113.38807678222656
450000,eval/return_max,471.2118225097656
450000,eval/return_min,4.876652900942524e-12
450000,dense_rhs/deployment_utility_last_observed_gain,-19.3157958984375
450000,dense_rhs/deployment_utility_observations,8.0
450000,timing/eval_s,6.857658036984503
450000,eval/selected_horizon,3.0
450000,eval/training_bucket_horizon,3.0
450000,system/heartbeat,1.0
451992,episode/return,218.93997192382812
451992,episode/length,500.0
451993,episode/return,174.56251525878906
451993,episode/length,500.0
451994,episode/return,277.9980163574219
451994,episode/length,500.0
451995,episode/return,271.6568298339844
451995,episode/length,500.0
451996,episode/return,275.4281005859375
451996,episode/length,500.0
451997,episode/return,266.3980407714844
451997,episode/length,500.0
451998,episode/return,178.9999542236328
451998,episode/length,500.0
451999,episode/return,360.7975769042969
451999,episode/length,500.0
455992,episode/return,232.8085479736328
455992,episode/length,500.0
455993,episode/return,406.6551208496094
455993,episode/length,500.0
455994,episode/return,394.23675537109375
455994,episode/length,500.0
455995,episode/return,219.31439208984375
455995,episode/length,500.0
455996,episode/return,320.907470703125
455996,episode/length,500.0
455997,episode/return,256.0316162109375
455997,episode/length,500.0
455998,episode/return,347.48681640625
455998,episode/length,500.0
455999,episode/return,352.423828125
455999,episode/length,500.0
459992,episode/return,319.2797546386719
459992,episode/length,500.0
459993,episode/return,248.45167541503906
459993,episode/length,500.0
459994,episode/return,177.4694061279297
459994,episode/length,500.0
459995,episode/return,303.4844665527344
459995,episode/length,500.0
459996,episode/return,171.2816619873047
459996,episode/length,500.0
459997,episode/return,401.5274658203125
459997,episode/length,500.0
459998,episode/return,170.82484436035156
459998,episode/length,500.0
459999,episode/return,392.43963623046875
459999,episode/length,500.0
460000,train/consistency_loss_mean,4.222059976309538e-05
460000,train/consistency_loss_std,3.684367453978578e-06
460000,train/continue_loss_mean,0.0
460000,train/continue_loss_std,0.0
460000,train/grad_norm_mean,0.6050456345796585
460000,train/grad_norm_std,0.24612419625626167
460000,train/policy_log_std_mean,-0.6668207520008087
460000,train/policy_log_std_std,0.278491989978534
460000,train/policy_loss_mean,-0.2172197410583496
460000,train/policy_loss_std,0.00947192276251234
460000,train/reward_loss_mean,0.14392649217844009
460000,train/reward_loss_std,0.010301090621480123
460000,train/total_loss_mean,0.04769488577246666
460000,train/total_loss_std,0.0015702394885364441
460000,train/value_loss_mean,0.32457822847366335
460000,train/value_loss_std,0.012597818253698077
460000,train/value_scale_mean,132.92874674072266
460000,train/value_scale_std,1.028010489156123
460000,timing/collect_chunk_s,97.30098676076159
460000,timing/train_chunk_s,20.638918997719884
460000,dense_rhs/training_bucket_horizon,3.0
460000,system/heartbeat,1.0
463992,episode/return,134.97024536132812
463992,episode/length,500.0
463993,episode/return,12.247252464294434
463993,episode/length,500.0
463994,episode/return,357.2619323730469
463994,episode/length,500.0
463995,episode/return,214.66712951660156
463995,episode/length,500.0
463996,episode/return,418.4684753417969
463996,episode/length,500.0
463997,episode/return,264.6173095703125
463997,episode/length,500.0
463998,episode/return,0.0025248739402741194
463998,episode/length,500.0
463999,episode/return,515.7493896484375
463999,episode/length,500.0
467992,episode/return,403.0729064941406
467992,episode/length,500.0
467993,episode/return,352.9844055175781
467993,episode/length,500.0
467994,episode/return,263.8466796875
467994,episode/length,500.0
467995,episode/return,328.051513671875
467995,episode/length,500.0
467996,episode/return,337.17120361328125
467996,episode/length,500.0
467997,episode/return,285.94256591796875
467997,episode/length,500.0
467998,episode/return,198.28611755371094
467998,episode/length,500.0
467999,episode/return,131.1554718017578
467999,episode/length,500.0
470000,train/consistency_loss_mean,4.262331102509052e-05
470000,train/consistency_loss_std,3.741723552850091e-06
470000,train/continue_loss_mean,0.0
470000,train/continue_loss_std,0.0
470000,train/grad_norm_mean,0.6046663805484772
470000,train/grad_norm_std,0.2413855725218766
470000,train/policy_log_std_mean,-0.6560619657039642
470000,train/policy_log_std_std,0.2751643349663269
470000,train/policy_loss_mean,-0.2178437943816185
470000,train/policy_loss_std,0.009502094712505583
470000,train/reward_loss_mean,0.14371226646900176
470000,train/reward_loss_std,0.010366354460475293
470000,train/total_loss_mean,0.047666472360491756
470000,train/total_loss_std,0.0015943430863413596
470000,train/value_loss_mean,0.3244277785539627
470000,train/value_loss_std,0.012836039092424666
470000,train/value_scale_mean,133.06522016601562
470000,train/value_scale_std,0.5505375053426541
470000,timing/collect_chunk_s,89.4739208552055
470000,timing/train_chunk_s,20.593912101350725
470000,dense_rhs/training_bucket_horizon,3.0
470000,system/heartbeat,1.0
470000,dense_rhs/selected_horizon,3.0
470000,dense_rhs/proposed_horizon,3.0
470000,dense_rhs/phase_id,0.0
470000,dense_rhs/num_active_horizons,7.0
470000,dense_rhs/num_candidate_horizons,3.0
470000,dense_rhs/entropy,1.6431506872177124
470000,dense_rhs/norm_entropy,0.8444123864173889
470000,dense_rhs/best_fitness,0.03162277489900589
470000,dense_rhs/deployment_score_best,2.2864159587651145e-25
470000,dense_rhs/incumbent_deployment_score,2.2864159587651145e-25
470000,dense_rhs/proposed_deployment_score,2.2864159587651145e-25
470000,dense_rhs/proposed_transition_cost,0.0
470000,dense_rhs/proposed_switch_probability,0.5
470000,dense_rhs/proposed_expected_net_benefit,0.0
470000,dense_rhs/transition_cost_best,0.0
470000,dense_rhs/transition_adjusted_score_best,2.2864159587651145e-25
470000,dense_rhs/switch_probability_best,0.5
470000,dense_rhs/expected_improvement_best,0.035471297800540924
470000,dense_rhs/expected_loss_best,0.035471297800540924
470000,dense_rhs/expected_net_benefit_best,0.0
470000,dense_rhs/return_term_best,0.0
470000,dense_rhs/roughness_term_best,0.8996137380599976
470000,dense_rhs/return_std_term_best,0.28015607595443726
470000,dense_rhs/learner_proxy_term_best,0.907191812992096
470000,dense_rhs/model_prefix_loss_best,0.25320595502853394
470000,dense_rhs/model_probe_prefix_best,0.0788935050368309
470000,dense_rhs/planner_return_best,115.55574798583984
470000,dense_rhs/roughness_best,0.028869401663541794
470000,dense_rhs/robust_return_best,19.375877380371094
470000,timing/query_model_diag_s,0.011728327255696058
470000,timing/query_env_eval_s,5.096552803181112
470000,timing/query_finalize_s,0.004374099895358086
470000,timing/query_total_s,5.11859081313014
470000,dense_rhs/candidate_3_fitness,0.03162277489900589
470000,dense_rhs/candidate_3_deployment_score,2.2864159587651145e-25
470000,dense_rhs/candidate_3_transition_cost,0.0
470000,dense_rhs/candidate_3_transition_adjusted_score,2.2864159587651145e-25
470000,dense_rhs/candidate_3_switch_probability,0.5
470000,dense_rhs/candidate_3_expected_net_benefit,0.0
470000,dense_rhs/candidate_3_return,19.375877380371094
470000,dense_rhs/candidate_3_return_term,0.0
470000,dense_rhs/candidate_3_roughness_term,0.8996137380599976
470000,dense_rhs/candidate_3_return_std_term,0.28015607595443726
470000,dense_rhs/candidate_3_learner_proxy_term,0.907191812992096
470000,dense_rhs/candidate_2_fitness,0.262442022562027
470000,dense_rhs/candidate_2_deployment_score,4.900352834624755e-08
470000,dense_rhs/candidate_2_transition_cost,0.06416325271129608
470000,dense_rhs/candidate_2_transition_adjusted_score,-0.0641632005572319
470000,dense_rhs/candidate_2_switch_probability,0.23934286832809448
470000,dense_rhs/candidate_2_expected_net_benefit,-0.0641632005572319
470000,dense_rhs/candidate_2_return,21.436073303222656
470000,dense_rhs/candidate_2_return_term,0.021780194714665413
470000,dense_rhs/candidate_2_roughness_term,1.0
470000,dense_rhs/candidate_2_return_std_term,0.2177610993385315
470000,dense_rhs/candidate_2_learner_proxy_term,1.0
470000,dense_rhs/candidate_4_fitness,0.03162277489900589
470000,dense_rhs/candidate_4_deployment_score,1.85383208783918e-09
470000,dense_rhs/candidate_4_transition_cost,0.05140227824449539
470000,dense_rhs/candidate_4_transition_adjusted_score,-0.05140227824449539
470000,dense_rhs/candidate_4_switch_probability,0.2663547396659851
470000,dense_rhs/candidate_4_expected_net_benefit,-0.05140227451920509
470000,dense_rhs/candidate_4_return,42.251914978027344
470000,dense_rhs/candidate_4_return_term,0.24184328317642212
470000,dense_rhs/candidate_4_roughness_term,0.709705650806427
470000,dense_rhs/candidate_4_return_std_term,0.0
470000,dense_rhs/candidate_4_learner_proxy_term,0.7635825872421265
470000,dense_rhs/deployment_utility_enabled,1.0
470000,dense_rhs/deployment_utility_observations,8.0
470000,dense_rhs/deployment_utility_last_observed_gain,-19.3157958984375
470000,dense_rhs/candidate_2_expected_eval_gain,-37.99267578125
470000,dense_rhs/candidate_2_eval_gain_uncertainty,106.06601717798212
470000,dense_rhs/candidate_2_deployment_utility_score,-1.4761714867544704
470000,dense_rhs/candidate_3_expected_eval_gain,36.6148921421596
470000,dense_rhs/candidate_3_eval_gain_uncertainty,25.460069804183657
470000,dense_rhs/candidate_3_deployment_utility_score,42.97990959320551
470000,dense_rhs/candidate_4_expected_eval_gain,0.0
470000,dense_rhs/candidate_4_eval_gain_uncertainty,150.0
470000,dense_rhs/candidate_4_deployment_utility_score,37.87830583845727
470000,dense_rhs/deployment_utility_override,0.0
470000,dense_rhs/deployment_utility_selected_expected_gain,36.6148921421596
470000,dense_rhs/deployment_utility_selected_uncertainty,25.460069804183657
470000,dense_rhs/deployment_utility_selected_score,42.97990959320551
470000,dense_rhs/deployment_utility_proposed_horizon,3.0
470000,dense_rhs/deployment_utility_proposed_expected_gain,36.6148921421596
470000,dense_rhs/deployment_utility_proposed_uncertainty,25.460069804183657
470000,dense_rhs/deployment_utility_proposed_score,42.97990959320551
470000,dense_rhs/previous_horizon,3.0
470000,dense_rhs/training_bucket_horizon,3.0
470000,dense_rhs/best_h,3.0
470000,dense_rhs/prob_best_h,0.009765625
470000,dense_rhs/gauss_mean_best_h,0.12244847416877747
470000,dense_rhs/gauss_post_std_best_h,0.05690138041973114
470000,system/heartbeat,1.0
471992,episode/return,444.1170654296875
471992,episode/length,500.0
471993,episode/return,181.3495635986328
471993,episode/length,500.0
471994,episode/return,284.0137939453125
471994,episode/length,500.0
471995,episode/return,384.0368347167969
471995,episode/length,500.0
471996,episode/return,438.0903625488281
471996,episode/length,500.0
471997,episode/return,231.7568817138672
471997,episode/length,500.0
471998,episode/return,334.28985595703125
471998,episode/length,500.0
471999,episode/return,377.36480712890625
471999,episode/length,500.0
475992,episode/return,444.4271545410156
475992,episode/length,500.0
475993,episode/return,221.03753662109375
475993,episode/length,500.0
475994,episode/return,316.8253173828125
475994,episode/length,500.0
475995,episode/return,175.97950744628906
475995,episode/length,500.0
475996,episode/return,332.1278381347656
475996,episode/length,500.0
475997,episode/return,251.13671875
475997,episode/length,500.0
475998,episode/return,403.57586669921875
475998,episode/length,500.0
475999,episode/return,361.9621276855469
475999,episode/length,500.0
479992,episode/return,411.62762451171875
479992,episode/length,500.0
479993,episode/return,379.05938720703125
479993,episode/length,500.0
479994,episode/return,512.23583984375
479994,episode/length,500.0
479995,episode/return,259.96246337890625
479995,episode/length,500.0
479996,episode/return,290.4052429199219
479996,episode/length,500.0
479997,episode/return,170.83291625976562
479997,episode/length,500.0
479998,episode/return,427.6613464355469
479998,episode/length,500.0
479999,episode/return,405.158203125
479999,episode/length,500.0
480000,train/consistency_loss_mean,4.2323244691942816e-05
480000,train/consistency_loss_std,3.78658403193828e-06
480000,train/continue_loss_mean,0.0
480000,train/continue_loss_std,0.0
480000,train/grad_norm_mean,0.6009832480669022
480000,train/grad_norm_std,0.23900057083243462
480000,train/policy_log_std_mean,-0.6466964594364166
480000,train/policy_log_std_std,0.2710295977078811
480000,train/policy_loss_mean,-0.21830529379844665
480000,train/policy_loss_std,0.009485678233740613
480000,train/reward_loss_mean,0.1441167123913765
480000,train/reward_loss_std,0.010312644267997809
480000,train/total_loss_mean,0.04783705604970455
480000,train/total_loss_std,0.0016219915569940892
480000,train/value_loss_mean,0.3257891888856888
480000,train/value_loss_std,0.013450137936484695
480000,train/value_scale_mean,133.36314210205077
480000,train/value_scale_std,0.674148012835994
480000,timing/collect_chunk_s,87.43390471534804
480000,timing/train_chunk_s,20.582392466254532
480000,dense_rhs/training_bucket_horizon,3.0
480000,system/heartbeat,1.0
483992,episode/return,460.09820556640625
483992,episode/length,500.0
483993,episode/return,356.1175537109375
483993,episode/length,500.0
483994,episode/return,245.61624145507812
483994,episode/length,500.0
483995,episode/return,284.1041564941406
483995,episode/length,500.0
483996,episode/return,390.9440002441406
483996,episode/length,500.0
483997,episode/return,270.0960693359375
483997,episode/length,500.0
483998,episode/return,338.4975891113281
483998,episode/length,500.0
483999,episode/return,363.586669921875
483999,episode/length,500.0
487992,episode/return,388.26715087890625
487992,episode/length,500.0
487993,episode/return,288.23828125
487993,episode/length,500.0
487994,episode/return,140.91993713378906
487994,episode/length,500.0
487995,episode/return,151.65243530273438
487995,episode/length,500.0
487996,episode/return,143.4834747314453
487996,episode/length,500.0
487997,episode/return,372.912353515625
487997,episode/length,500.0
487998,episode/return,235.6057586669922
487998,episode/length,500.0
487999,episode/return,115.98882293701172
487999,episode/length,500.0
490000,train/consistency_loss_mean,4.234999989275821e-05
490000,train/consistency_loss_std,3.679106772490578e-06
490000,train/continue_loss_mean,0.0
490000,train/continue_loss_std,0.0
490000,train/grad_norm_mean,0.6030481422424316
490000,train/grad_norm_std,0.24370227674885314
490000,train/policy_log_std_mean,-0.646971098613739
490000,train/policy_log_std_std,0.2636689063659106
490000,train/policy_loss_mean,-0.21858863248825072
490000,train/policy_loss_std,0.009591097717104096
490000,train/reward_loss_mean,0.14458052960634232
490000,train/reward_loss_std,0.010348307976942741
490000,train/total_loss_mean,0.047620876249670985
490000,train/total_loss_std,0.001593059270168446
490000,train/value_loss_mean,0.32315822093486785
490000,train/value_loss_std,0.013101380632198867
490000,train/value_scale_mean,134.02478575439454
490000,train/value_scale_std,0.40888612551750886
490000,timing/collect_chunk_s,88.54219819232821
490000,timing/train_chunk_s,20.643818802200258
490000,dense_rhs/training_bucket_horizon,3.0
490000,system/heartbeat,1.0
491992,episode/return,141.5626678466797
491992,episode/length,500.0
491993,episode/return,375.2081604003906
491993,episode/length,500.0
491994,episode/return,271.194580078125
491994,episode/length,500.0
491995,episode/return,367.80816650390625
491995,episode/length,500.0
491996,episode/return,396.24835205078125
491996,episode/length,500.0
491997,episode/return,373.5022277832031
491997,episode/length,500.0
491998,episode/return,298.5240478515625
491998,episode/length,500.0
491999,episode/return,339.2049865722656
491999,episode/length,500.0
495992,episode/return,362.2799987792969
495992,episode/length,500.0
495993,episode/return,292.3001708984375
495993,episode/length,500.0
495994,episode/return,186.69891357421875
495994,episode/length,500.0
495995,episode/return,190.73983764648438
495995,episode/length,500.0
495996,episode/return,262.8690490722656
495996,episode/length,500.0
495997,episode/return,332.3631591796875
495997,episode/length,500.0
495998,episode/return,376.5087890625
495998,episode/length,500.0
495999,episode/return,303.43304443359375
495999,episode/length,500.0
499992,episode/return,339.8973388671875
499992,episode/length,500.0
499993,episode/return,123.2093276977539
499993,episode/length,500.0
499994,episode/return,506.0186767578125
499994,episode/length,500.0
499995,episode/return,336.6449890136719
499995,episode/length,500.0
499996,episode/return,128.81521606445312
499996,episode/length,500.0
499997,episode/return,345.89996337890625
499997,episode/length,500.0
499998,episode/return,211.67672729492188
499998,episode/length,500.0
499999,episode/return,389.2836608886719
499999,episode/length,500.0
500000,train/consistency_loss_mean,4.178747895057313e-05
500000,train/consistency_loss_std,3.5229430221768628e-06
500000,train/continue_loss_mean,0.0
500000,train/continue_loss_std,0.0
500000,train/grad_norm_mean,0.5926712270975113
500000,train/grad_norm_std,0.23413632936244574
500000,train/policy_log_std_mean,-0.6566517554283142
500000,train/policy_log_std_std,0.26727679590094955
500000,train/policy_loss_mean,-0.21960604863166808
500000,train/policy_loss_std,0.009559254958959325
500000,train/reward_loss_mean,0.14460915290117263
500000,train/reward_loss_std,0.01025287284680154
500000,train/total_loss_mean,0.04745616529285908
500000,train/total_loss_std,0.0015346181234819048
500000,train/value_loss_mean,0.3215949947357178
500000,train/value_loss_std,0.012326559716333826
500000,train/value_scale_mean,134.41129689941405
500000,train/value_scale_std,0.8333836556849428
500000,timing/collect_chunk_s,96.43653799546883
500000,timing/train_chunk_s,20.592257985845208
500000,dense_rhs/training_bucket_horizon,3.0
500000,system/heartbeat,1.0
500000,timing/checkpoint_blocking_s,0.44953668490052223
500000,eval/return_mean,338.50634765625
500000,eval/return_std,119.020263671875
500000,eval/return_max,633.0765380859375
500000,eval/return_min,169.39578247070312
500000,dense_rhs/deployment_utility_last_observed_gain,27.73785400390625
500000,dense_rhs/deployment_utility_observations,9.0
500000,timing/eval_s,6.856422123964876
500000,eval/selected_horizon,3.0
500000,eval/training_bucket_horizon,3.0
500000,system/heartbeat,1.0
