step,tag,value
0,timing/prewarm_dense_rhs_s,281.17111702496186
0,system/heartbeat,1.0
3992,episode/return,7.906824111938477
3992,episode/length,500.0
3993,episode/return,11.020145416259766
3993,episode/length,500.0
3994,episode/return,11.309571266174316
3994,episode/length,500.0
3995,episode/return,0.08160757273435593
3995,episode/length,500.0
3996,episode/return,514.742431640625
3996,episode/length,500.0
3997,episode/return,9.046309471130371
3997,episode/length,500.0
3998,episode/return,2.3016090393066406
3998,episode/length,500.0
3999,episode/return,7.218395709991455
3999,episode/length,500.0
4000,seed_pretrain/updates_completed,512.0
4000,timing/collect_chunk_s,119.43099859450012
4000,timing/train_chunk_s,230.96485339198261
4000,system/heartbeat,1.0
4000,seed_pretrain/updates_completed,1024.0
4000,timing/collect_chunk_s,119.43099859450012
4000,timing/train_chunk_s,232.05437292251736
4000,system/heartbeat,1.0
4000,seed_pretrain/updates_completed,1536.0
4000,timing/collect_chunk_s,119.43099859450012
4000,timing/train_chunk_s,233.14486875152215
4000,system/heartbeat,1.0
4000,seed_pretrain/updates_completed,2048.0
4000,timing/collect_chunk_s,119.43099859450012
4000,timing/train_chunk_s,234.2340443963185
4000,system/heartbeat,1.0
4000,seed_pretrain/updates_completed,2560.0
4000,timing/collect_chunk_s,119.43099859450012
4000,timing/train_chunk_s,235.32429326884449
4000,system/heartbeat,1.0
4000,seed_pretrain/updates_completed,3072.0
4000,timing/collect_chunk_s,119.43099859450012
4000,timing/train_chunk_s,236.41401229798794
4000,system/heartbeat,1.0
4000,seed_pretrain/updates_completed,3584.0
4000,timing/collect_chunk_s,119.43099859450012
4000,timing/train_chunk_s,237.50364254694432
4000,system/heartbeat,1.0
7992,episode/return,20.043121337890625
7992,episode/length,500.0
7993,episode/return,5.479673385620117
7993,episode/length,500.0
7994,episode/return,7.884598731994629
7994,episode/length,500.0
7995,episode/return,14.217559814453125
7995,episode/length,500.0
7996,episode/return,8.45777702331543
7996,episode/length,500.0
7997,episode/return,14.667689323425293
7997,episode/length,500.0
7998,episode/return,13.223396301269531
7998,episode/length,500.0
7999,episode/return,509.5274353027344
7999,episode/length,500.0
10000,train/consistency_loss_mean,0.0019941321153193713
10000,train/consistency_loss_std,0.001045367736459274
10000,train/continue_loss_mean,0.0
10000,train/continue_loss_std,0.0
10000,train/grad_norm_mean,0.38693152887821197
10000,train/grad_norm_std,0.19625588846403125
10000,train/policy_log_std_mean,-0.24837700819969177
10000,train/policy_log_std_std,0.23305999167719077
10000,train/policy_loss_mean,-0.38284205689430234
10000,train/policy_loss_std,0.1716688318530128
10000,train/reward_loss_mean,0.1210996697306633
10000,train/reward_loss_std,0.09166248528224404
10000,train/total_loss_mean,0.08741275478601455
10000,train/total_loss_std,0.032191117392574395
10000,train/value_loss_mean,0.35420144047737123
10000,train/value_loss_std,0.11704200768792294
10000,train/value_scale_mean,21.09183324432373
10000,train/value_scale_std,9.210881018746473
10000,timing/collect_chunk_s,409.922081196215
10000,timing/train_chunk_s,295.9071060740389
10000,dense_rhs/training_bucket_horizon,3.0
10000,system/heartbeat,1.0
11992,episode/return,5.023213863372803
11992,episode/length,500.0
11993,episode/return,323.2169494628906
11993,episode/length,500.0
11994,episode/return,371.3683166503906
11994,episode/length,500.0
11995,episode/return,152.3724822998047
11995,episode/length,500.0
11996,episode/return,9.829358100891113
11996,episode/length,500.0
11997,episode/return,19.24110221862793
11997,episode/length,500.0
11998,episode/return,32.01774215698242
11998,episode/length,500.0
11999,episode/return,240.4746856689453
11999,episode/length,500.0
15992,episode/return,510.378173828125
15992,episode/length,500.0
15993,episode/return,5.926587104797363
15993,episode/length,500.0
15994,episode/return,11.272967338562012
15994,episode/length,500.0
15995,episode/return,512.9259643554688
15995,episode/length,500.0
15996,episode/return,5.29965877532959
15996,episode/length,500.0
15997,episode/return,4.925710678100586
15997,episode/length,500.0
15998,episode/return,5.881822109222412
15998,episode/length,500.0
15999,episode/return,10.191329956054688
15999,episode/length,500.0
19992,episode/return,357.3745422363281
19992,episode/length,500.0
19993,episode/return,11.182326316833496
19993,episode/length,500.0
19994,episode/return,16.887479782104492
19994,episode/length,500.0
19995,episode/return,17.141254425048828
19995,episode/length,500.0
19996,episode/return,70.1998291015625
19996,episode/length,500.0
19997,episode/return,7.411973476409912
19997,episode/length,500.0
19998,episode/return,25.929851531982422
19998,episode/length,500.0
19999,episode/return,12.397321701049805
19999,episode/length,500.0
20000,train/consistency_loss_mean,0.0029925145899876954
20000,train/consistency_loss_std,0.00027737028799356924
20000,train/continue_loss_mean,0.0
20000,train/continue_loss_std,0.0
20000,train/grad_norm_mean,0.3924721010684967
20000,train/grad_norm_std,0.08844865478066515
20000,train/policy_log_std_mean,-0.27383675983746847
20000,train/policy_log_std_std,0.19732294926813818
20000,train/policy_loss_mean,-0.9003528975486755
20000,train/policy_loss_std,0.18208604371068976
20000,train/reward_loss_mean,0.14447494151592255
20000,train/reward_loss_std,0.009594321931331584
20000,train/total_loss_mean,0.10623919231891632
20000,train/total_loss_std,0.009046720539088771
20000,train/value_loss_mean,0.3194140520334244
20000,train/value_loss_std,0.07538427495282722
20000,train/value_scale_mean,27.551645724487305
20000,train/value_scale_std,2.9506206976239246
20000,timing/collect_chunk_s,134.4861598503776
20000,timing/train_chunk_s,20.775341999251395
20000,dense_rhs/training_bucket_horizon,3.0
20000,system/heartbeat,1.0
23992,episode/return,11.365046501159668
23992,episode/length,500.0
23993,episode/return,14.067934036254883
23993,episode/length,500.0
23994,episode/return,17.719547271728516
23994,episode/length,500.0
23995,episode/return,20.337974548339844
23995,episode/length,500.0
23996,episode/return,17.191444396972656
23996,episode/length,500.0
23997,episode/return,179.47897338867188
23997,episode/length,500.0
23998,episode/return,16.448013305664062
23998,episode/length,500.0
23999,episode/return,19.588642120361328
23999,episode/length,500.0
27992,episode/return,512.2356567382812
27992,episode/length,500.0
27993,episode/return,5.0732622146606445
27993,episode/length,500.0
27994,episode/return,514.86865234375
27994,episode/length,500.0
27995,episode/return,17.553895950317383
27995,episode/length,500.0
27996,episode/return,510.7791442871094
27996,episode/length,500.0
27997,episode/return,6.450662612915039
27997,episode/length,500.0
27998,episode/return,2.3149356842041016
27998,episode/length,500.0
27999,episode/return,4.983564376831055
27999,episode/length,500.0
30000,train/consistency_loss_mean,0.0035668716566637157
30000,train/consistency_loss_std,0.00011766454760206916
30000,train/continue_loss_mean,0.0
30000,train/continue_loss_std,0.0
30000,train/grad_norm_mean,0.337398827624321
30000,train/grad_norm_std,0.054107972167345066
30000,train/policy_log_std_mean,-0.3646026291847229
30000,train/policy_log_std_std,0.22042457654830544
30000,train/policy_loss_mean,-1.1670784852027893
30000,train/policy_loss_std,0.16826558540861142
30000,train/reward_loss_mean,0.1513722680091858
30000,train/reward_loss_std,0.008693141404283459
30000,train/total_loss_mean,0.11447727924585342
30000,train/total_loss_std,0.006004840492986568
30000,train/value_loss_mean,0.2800261831521988
30000,train/value_loss_std,0.058242322114014665
30000,train/value_scale_mean,27.333378147888183
30000,train/value_scale_std,2.9501483114760463
30000,timing/collect_chunk_s,132.49904080620036
30000,timing/train_chunk_s,20.729697323869914
30000,dense_rhs/training_bucket_horizon,3.0
30000,system/heartbeat,1.0
31992,episode/return,16.530593872070312
31992,episode/length,500.0
31993,episode/return,21.336681365966797
31993,episode/length,500.0
31994,episode/return,18.107900619506836
31994,episode/length,500.0
31995,episode/return,124.3504867553711
31995,episode/length,500.0
31996,episode/return,9.249029159545898
31996,episode/length,500.0
31997,episode/return,6.242127418518066
31997,episode/length,500.0
31998,episode/return,18.440475463867188
31998,episode/length,500.0
31999,episode/return,7.922027587890625
31999,episode/length,500.0
35992,episode/return,4.377982139587402
35992,episode/length,500.0
35993,episode/return,11.043368339538574
35993,episode/length,500.0
35994,episode/return,106.11296081542969
35994,episode/length,500.0
35995,episode/return,6.700405120849609
35995,episode/length,500.0
35996,episode/return,10.557229042053223
35996,episode/length,500.0
35997,episode/return,11.913337707519531
35997,episode/length,500.0
35998,episode/return,151.6776123046875
35998,episode/length,500.0
35999,episode/return,14.86020565032959
35999,episode/length,500.0
39992,episode/return,148.34225463867188
39992,episode/length,500.0
39993,episode/return,9.454602241516113
39993,episode/length,500.0
39994,episode/return,9.274699211120605
39994,episode/length,500.0
39995,episode/return,8.530280113220215
39995,episode/length,500.0
39996,episode/return,19.158649444580078
39996,episode/length,500.0
39997,episode/return,22.963272094726562
39997,episode/length,500.0
39998,episode/return,16.15965461730957
39998,episode/length,500.0
39999,episode/return,10.879270553588867
39999,episode/length,500.0
40000,train/consistency_loss_mean,0.003761317400820553
40000,train/consistency_loss_std,0.00010533417030483945
40000,train/continue_loss_mean,0.0
40000,train/continue_loss_std,0.0
40000,train/grad_norm_mean,0.2952995856285095
40000,train/grad_norm_std,0.023912347460876136
40000,train/policy_log_std_mean,-0.3150568582693736
40000,train/policy_log_std_std,0.2011373082129852
40000,train/policy_loss_mean,-0.8848339602470398
40000,train/policy_loss_std,0.15631041273685467
40000,train/reward_loss_mean,0.1508065331697464
40000,train/reward_loss_std,0.008241100446526812
40000,train/total_loss_mean,0.12186320326924324
40000,train/total_loss_std,0.006283496447193409
40000,train/value_loss_mean,0.3155620099067688
40000,train/value_loss_std,0.058333203588042434
40000,train/value_scale_mean,35.22269807434082
40000,train/value_scale_std,4.573931508654095
40000,timing/collect_chunk_s,133.52191107859835
40000,timing/train_chunk_s,20.742397397756577
40000,dense_rhs/training_bucket_horizon,3.0
40000,system/heartbeat,1.0
43992,episode/return,155.70872497558594
43992,episode/length,500.0
43993,episode/return,8.250459671020508
43993,episode/length,500.0
43994,episode/return,15.256760597229004
43994,episode/length,500.0
43995,episode/return,13.508447647094727
43995,episode/length,500.0
43996,episode/return,21.44729232788086
43996,episode/length,500.0
43997,episode/return,8.628667831420898
43997,episode/length,500.0
43998,episode/return,20.04352569580078
43998,episode/length,500.0
43999,episode/return,516.62109375
43999,episode/length,500.0
47992,episode/return,20.513347625732422
47992,episode/length,500.0
47993,episode/return,29.979785919189453
47993,episode/length,500.0
47994,episode/return,17.611894607543945
47994,episode/length,500.0
47995,episode/return,33.175392150878906
47995,episode/length,500.0
47996,episode/return,17.768898010253906
47996,episode/length,500.0
47997,episode/return,12.715720176696777
47997,episode/length,500.0
47998,episode/return,28.851579666137695
47998,episode/length,500.0
47999,episode/return,7.788768768310547
47999,episode/length,500.0
50000,train/consistency_loss_mean,0.003821241975389421
50000,train/consistency_loss_std,7.506607767362558e-05
50000,train/continue_loss_mean,0.0
50000,train/continue_loss_std,0.0
50000,train/grad_norm_mean,0.27345484273433684
50000,train/grad_norm_std,0.018960810149133304
50000,train/policy_log_std_mean,-0.2557698958396912
50000,train/policy_log_std_std,0.18436429127208376
50000,train/policy_loss_mean,-0.45439856600761414
50000,train/policy_loss_std,0.04404231750795822
50000,train/reward_loss_mean,0.15274166184663773
50000,train/reward_loss_std,0.008183181453934147
50000,train/total_loss_mean,0.12231780226230621
50000,train/total_loss_std,0.006140120807243281
50000,train/value_loss_mean,0.30618795034885404
50000,train/value_loss_std,0.059388150314908454
50000,train/value_scale_mean,53.18218166809082
50000,train/value_scale_std,2.6355329777622525
50000,timing/collect_chunk_s,132.5079685333185
50000,timing/train_chunk_s,20.76184469042346
50000,dense_rhs/training_bucket_horizon,3.0
50000,system/heartbeat,1.0
50000,timing/checkpoint_blocking_s,0.52202667016536
50000,eval/return_mean,47.584205627441406
50000,eval/return_std,106.0203857421875
50000,eval/return_max,499.2380065917969
50000,eval/return_min,3.505002021789551
50000,dense_rhs/deployment_utility_last_observed_gain,0.0
50000,dense_rhs/deployment_utility_observations,0.0
50000,timing/eval_s,159.99808947183192
50000,eval/selected_horizon,3.0
50000,eval/training_bucket_horizon,3.0
50000,system/heartbeat,1.0
51992,episode/return,11.653586387634277
51992,episode/length,500.0
51993,episode/return,15.240618705749512
51993,episode/length,500.0
51994,episode/return,333.0006103515625
51994,episode/length,500.0
51995,episode/return,23.19231605529785
51995,episode/length,500.0
51996,episode/return,16.581125259399414
51996,episode/length,500.0
51997,episode/return,208.1611328125
51997,episode/length,500.0
51998,episode/return,6.799420356750488
51998,episode/length,500.0
51999,episode/return,292.9154052734375
51999,episode/length,500.0
55992,episode/return,422.7370910644531
55992,episode/length,500.0
55993,episode/return,19.66398811340332
55993,episode/length,500.0
55994,episode/return,93.41071319580078
55994,episode/length,500.0
55995,episode/return,24.206554412841797
55995,episode/length,500.0
55996,episode/return,22.08084487915039
55996,episode/length,500.0
55997,episode/return,22.52594757080078
55997,episode/length,500.0
55998,episode/return,25.721487045288086
55998,episode/length,500.0
55999,episode/return,27.725078582763672
55999,episode/length,500.0
59992,episode/return,30.03937339782715
59992,episode/length,500.0
59993,episode/return,35.2933235168457
59993,episode/length,500.0
59994,episode/return,27.40205192565918
59994,episode/length,500.0
59995,episode/return,11.789325714111328
59995,episode/length,500.0
59996,episode/return,278.2188415527344
59996,episode/length,500.0
59997,episode/return,23.631616592407227
59997,episode/length,500.0
59998,episode/return,218.74822998046875
59998,episode/length,500.0
59999,episode/return,30.662012100219727
59999,episode/length,500.0
60000,train/consistency_loss_mean,0.0036712330436334015
60000,train/consistency_loss_std,8.971029473390233e-05
60000,train/continue_loss_mean,0.0
60000,train/continue_loss_std,0.0
60000,train/grad_norm_mean,0.24627944806814195
60000,train/grad_norm_std,0.037434636431197175
60000,train/policy_log_std_mean,-0.33542554489771526
60000,train/policy_log_std_std,0.19539841679211897
60000,train/policy_loss_mean,-0.7730680905342102
60000,train/policy_loss_std,0.17723588924402497
60000,train/reward_loss_mean,0.16269590287208557
60000,train/reward_loss_std,0.00897360343430946
60000,train/total_loss_mean,0.11619103998541833
60000,train/total_loss_std,0.005595667198259438
60000,train/value_loss_mean,0.2649678748846054
60000,train/value_loss_std,0.04849234004433931
60000,train/value_scale_mean,39.19955871276856
60000,train/value_scale_std,5.555078400942407
60000,timing/collect_chunk_s,134.88008925504982
60000,timing/train_chunk_s,20.76118739740923
60000,dense_rhs/training_bucket_horizon,3.0
60000,system/heartbeat,1.0
63992,episode/return,9.6559419631958
63992,episode/length,500.0
63993,episode/return,13.297280311584473
63993,episode/length,500.0
63994,episode/return,14.65588665008545
63994,episode/length,500.0
63995,episode/return,133.94744873046875
63995,episode/length,500.0
63996,episode/return,14.427770614624023
63996,episode/length,500.0
63997,episode/return,16.472623825073242
63997,episode/length,500.0
63998,episode/return,19.1846981048584
63998,episode/length,500.0
63999,episode/return,13.04826831817627
63999,episode/length,500.0
67992,episode/return,15.51557445526123
67992,episode/length,500.0
67993,episode/return,11.564008712768555
67993,episode/length,500.0
67994,episode/return,239.73757934570312
67994,episode/length,500.0
67995,episode/return,9.782011032104492
67995,episode/length,500.0
67996,episode/return,122.21544647216797
67996,episode/length,500.0
67997,episode/return,13.864767074584961
67997,episode/length,500.0
67998,episode/return,90.78692626953125
67998,episode/length,500.0
67999,episode/return,7.806917190551758
67999,episode/length,500.0
70000,train/consistency_loss_mean,0.0035088111178949474
70000,train/consistency_loss_std,8.07494837993626e-05
70000,train/continue_loss_mean,0.0
70000,train/continue_loss_std,0.0
70000,train/grad_norm_mean,0.2466960589170456
70000,train/grad_norm_std,0.10248201345084264
70000,train/policy_log_std_mean,-0.25202779614130655
70000,train/policy_log_std_std,0.17768192019788814
70000,train/policy_loss_mean,-0.712133345246315
70000,train/policy_loss_std,0.1826830481087422
70000,train/reward_loss_mean,0.16940183253288268
70000,train/reward_loss_std,0.008171635803526379
70000,train/total_loss_mean,0.11667630226016044
70000,train/total_loss_std,0.00575452759309963
70000,train/value_loss_mean,0.2955989338159561
70000,train/value_loss_std,0.058284177358038126
70000,train/value_scale_mean,41.01356261291504
70000,train/value_scale_std,6.097372573847718
70000,timing/collect_chunk_s,133.31694408878684
70000,timing/train_chunk_s,20.76486370433122
70000,dense_rhs/training_bucket_horizon,3.0
70000,system/heartbeat,1.0
70000,dense_rhs/selected_horizon,3.0
70000,dense_rhs/proposed_horizon,3.0
70000,dense_rhs/phase_id,0.0
70000,dense_rhs/num_active_horizons,7.0
70000,dense_rhs/num_candidate_horizons,3.0
70000,dense_rhs/entropy,1.9273943901062012
70000,dense_rhs/norm_entropy,0.9904847145080566
70000,dense_rhs/best_fitness,0.03162277489900589
70000,dense_rhs/deployment_score_best,1.7799610946374029e-25
70000,dense_rhs/incumbent_deployment_score,1.7799610946374029e-25
70000,dense_rhs/proposed_deployment_score,1.7799610946374029e-25
70000,dense_rhs/proposed_transition_cost,0.0
70000,dense_rhs/proposed_switch_probability,0.5
70000,dense_rhs/proposed_expected_net_benefit,0.0
70000,dense_rhs/transition_cost_best,0.0
70000,dense_rhs/transition_adjusted_score_best,1.7799610946374029e-25
70000,dense_rhs/switch_probability_best,0.5
70000,dense_rhs/expected_improvement_best,0.564189612865448
70000,dense_rhs/expected_loss_best,0.564189612865448
70000,dense_rhs/expected_net_benefit_best,0.0
70000,dense_rhs/return_term_best,0.0
70000,dense_rhs/roughness_term_best,0.8994172811508179
70000,dense_rhs/return_std_term_best,0.2385462522506714
70000,dense_rhs/learner_proxy_term_best,0.8296151757240295
70000,dense_rhs/model_prefix_loss_best,0.6259065866470337
70000,dense_rhs/model_probe_prefix_best,0.4529496431350708
70000,dense_rhs/planner_return_best,47.92481994628906
70000,dense_rhs/roughness_best,0.1900455504655838
70000,dense_rhs/robust_return_best,-34.616554260253906
70000,timing/query_model_diag_s,14.37520067812875
70000,timing/query_env_eval_s,59.391368239652365
70000,timing/query_finalize_s,0.91153618786484
70000,timing/query_total_s,74.87048351019621
70000,dense_rhs/candidate_3_fitness,0.03162277489900589
70000,dense_rhs/candidate_3_deployment_score,1.7799610946374029e-25
70000,dense_rhs/candidate_3_transition_cost,0.0
70000,dense_rhs/candidate_3_transition_adjusted_score,1.7799610946374029e-25
70000,dense_rhs/candidate_3_switch_probability,0.5
70000,dense_rhs/candidate_3_expected_net_benefit,0.0
70000,dense_rhs/candidate_3_return,-34.616554260253906
70000,dense_rhs/candidate_3_return_term,0.0
70000,dense_rhs/candidate_3_roughness_term,0.8994172811508179
70000,dense_rhs/candidate_3_return_std_term,0.2385462522506714
70000,dense_rhs/candidate_3_learner_proxy_term,0.8296151757240295
70000,dense_rhs/candidate_2_fitness,0.32419896125793457
70000,dense_rhs/candidate_2_deployment_score,7.1270937951339874e-06
70000,dense_rhs/candidate_2_transition_cost,0.053738273680210114
70000,dense_rhs/candidate_2_transition_adjusted_score,-0.053731147199869156
70000,dense_rhs/candidate_2_switch_probability,0.4848463535308838
70000,dense_rhs/candidate_2_expected_net_benefit,-0.05373114347457886
70000,dense_rhs/candidate_2_return,-26.54986572265625
70000,dense_rhs/candidate_2_return_term,0.08641088008880615
70000,dense_rhs/candidate_2_roughness_term,1.0
70000,dense_rhs/candidate_2_return_std_term,0.12783175706863403
70000,dense_rhs/candidate_2_learner_proxy_term,1.0
70000,dense_rhs/candidate_4_fitness,0.03162277489900589
70000,dense_rhs/candidate_4_deployment_score,1.7770056259802658e-12
70000,dense_rhs/candidate_4_transition_cost,0.062332309782505035
70000,dense_rhs/candidate_4_transition_adjusted_score,-0.062332309782505035
70000,dense_rhs/candidate_4_switch_probability,0.4824220836162567
70000,dense_rhs/candidate_4_expected_net_benefit,-0.062332332134246826
70000,dense_rhs/candidate_4_return,-29.662437438964844
70000,dense_rhs/candidate_4_return_term,0.05306881666183472
70000,dense_rhs/candidate_4_roughness_term,0.3785135746002197
70000,dense_rhs/candidate_4_return_std_term,0.0
70000,dense_rhs/candidate_4_learner_proxy_term,0.5919018983840942
70000,dense_rhs/deployment_utility_enabled,1.0
70000,dense_rhs/deployment_utility_observations,0.0
70000,dense_rhs/deployment_utility_last_observed_gain,0.0
70000,dense_rhs/candidate_2_expected_eval_gain,0.0
70000,dense_rhs/candidate_2_eval_gain_uncertainty,150.0
70000,dense_rhs/candidate_2_deployment_utility_score,47.5
70000,dense_rhs/candidate_3_expected_eval_gain,0.0
70000,dense_rhs/candidate_3_eval_gain_uncertainty,150.0
70000,dense_rhs/candidate_3_deployment_utility_score,37.5
70000,dense_rhs/candidate_4_expected_eval_gain,0.0
70000,dense_rhs/candidate_4_eval_gain_uncertainty,150.0
70000,dense_rhs/candidate_4_deployment_utility_score,37.500002493310284
70000,dense_rhs/deployment_utility_override,0.0
70000,dense_rhs/deployment_utility_selected_expected_gain,0.0
70000,dense_rhs/deployment_utility_selected_uncertainty,150.0
70000,dense_rhs/deployment_utility_selected_score,37.5
70000,dense_rhs/deployment_utility_proposed_horizon,2.0
70000,dense_rhs/deployment_utility_proposed_expected_gain,0.0
70000,dense_rhs/deployment_utility_proposed_uncertainty,150.0
70000,dense_rhs/deployment_utility_proposed_score,47.5
70000,dense_rhs/previous_horizon,3.0
70000,dense_rhs/training_bucket_horizon,3.0
70000,dense_rhs/best_h,3.0
70000,dense_rhs/prob_best_h,0.154296875
70000,dense_rhs/gauss_mean_best_h,0.03162277489900589
70000,dense_rhs/gauss_post_std_best_h,1.0
70000,system/heartbeat,1.0
71992,episode/return,169.69747924804688
71992,episode/length,500.0
71993,episode/return,429.1309509277344
71993,episode/length,500.0
71994,episode/return,25.70118522644043
71994,episode/length,500.0
71995,episode/return,7.909141540527344
71995,episode/length,500.0
71996,episode/return,9.37201976776123
71996,episode/length,500.0
71997,episode/return,17.323081970214844
71997,episode/length,500.0
71998,episode/return,9.918787956237793
71998,episode/length,500.0
71999,episode/return,15.70467758178711
71999,episode/length,500.0
75992,episode/return,21.84828758239746
75992,episode/length,500.0
75993,episode/return,31.76540756225586
75993,episode/length,500.0
75994,episode/return,40.885223388671875
75994,episode/length,500.0
75995,episode/return,514.7112426757812
75995,episode/length,500.0
75996,episode/return,25.319223403930664
75996,episode/length,500.0
75997,episode/return,31.035926818847656
75997,episode/length,500.0
75998,episode/return,14.874595642089844
75998,episode/length,500.0
75999,episode/return,57.560874938964844
75999,episode/length,500.0
79992,episode/return,35.19050979614258
79992,episode/length,500.0
79993,episode/return,24.405364990234375
79993,episode/length,500.0
79994,episode/return,518.5820922851562
79994,episode/length,500.0
79995,episode/return,248.88746643066406
79995,episode/length,500.0
79996,episode/return,33.5884895324707
79996,episode/length,500.0
79997,episode/return,25.589336395263672
79997,episode/length,500.0
79998,episode/return,20.508743286132812
79998,episode/length,500.0
79999,episode/return,284.9290466308594
79999,episode/length,500.0
80000,train/consistency_loss_mean,0.00327231261190027
80000,train/consistency_loss_std,9.14994131273536e-05
80000,train/continue_loss_mean,0.0
80000,train/continue_loss_std,0.0
80000,train/grad_norm_mean,0.23073955191373824
80000,train/grad_norm_std,0.08476185299167552
80000,train/policy_log_std_mean,-0.317533202346166
80000,train/policy_log_std_std,0.17489424562556802
80000,train/policy_loss_mean,-0.7536517016410827
80000,train/policy_loss_std,0.09464861240757161
80000,train/reward_loss_mean,0.17484061346054078
80000,train/reward_loss_std,0.008415539846289415
80000,train/total_loss_mean,0.11577600843310357
80000,train/total_loss_std,0.0049710458549266975
80000,train/value_loss_mean,0.32845692834854123
80000,train/value_loss_std,0.047306013708485944
80000,train/value_scale_mean,39.10707983703613
80000,train/value_scale_std,3.823882493331476
80000,timing/collect_chunk_s,134.382395027671
80000,timing/train_chunk_s,20.87167075369507
80000,dense_rhs/training_bucket_horizon,3.0
80000,system/heartbeat,1.0
83992,episode/return,27.245145797729492
83992,episode/length,500.0
83993,episode/return,20.37912940979004
83993,episode/length,500.0
83994,episode/return,162.14013671875
83994,episode/length,500.0
83995,episode/return,201.00108337402344
83995,episode/length,500.0
83996,episode/return,19.019256591796875
83996,episode/length,500.0
83997,episode/return,95.33291625976562
83997,episode/length,500.0
83998,episode/return,221.31201171875
83998,episode/length,500.0
83999,episode/return,481.202880859375
83999,episode/length,500.0
87992,episode/return,120.59111785888672
87992,episode/length,500.0
87993,episode/return,19.254735946655273
87993,episode/length,500.0
87994,episode/return,518.9788208007812
87994,episode/length,500.0
87995,episode/return,108.70768737792969
87995,episode/length,500.0
87996,episode/return,8.084539413452148
87996,episode/length,500.0
87997,episode/return,291.5692138671875
87997,episode/length,500.0
87998,episode/return,18.004709243774414
87998,episode/length,500.0
87999,episode/return,12.567873001098633
87999,episode/length,500.0
90000,train/consistency_loss_mean,0.0030837111089378594
90000,train/consistency_loss_std,8.06139859782204e-05
90000,train/continue_loss_mean,0.0
90000,train/continue_loss_std,0.0
90000,train/grad_norm_mean,0.1878329136967659
90000,train/grad_norm_std,0.024505409012804125
90000,train/policy_log_std_mean,-0.3449613515218099
90000,train/policy_log_std_std,0.19387764624326323
90000,train/policy_loss_mean,-0.8928282200813293
90000,train/policy_loss_std,0.0997884368939585
90000,train/reward_loss_mean,0.1833125031709671
90000,train/reward_loss_std,0.00838263899009421
90000,train/total_loss_mean,0.11184811364412307
90000,train/total_loss_std,0.0053262776329750985
90000,train/value_loss_mean,0.31842639298439024
90000,train/value_loss_std,0.04671357721044549
90000,train/value_scale_mean,35.147540982055666
90000,train/value_scale_std,2.6756428339510454
90000,timing/collect_chunk_s,141.21830670302734
90000,timing/train_chunk_s,20.78573541622609
90000,dense_rhs/training_bucket_horizon,3.0
90000,system/heartbeat,1.0
91992,episode/return,22.625864028930664
91992,episode/length,500.0
91993,episode/return,23.78703498840332
91993,episode/length,500.0
91994,episode/return,26.280363082885742
91994,episode/length,500.0
91995,episode/return,17.249650955200195
91995,episode/length,500.0
91996,episode/return,68.60848236083984
91996,episode/length,500.0
91997,episode/return,29.440513610839844
91997,episode/length,500.0
91998,episode/return,525.8279418945312
91998,episode/length,500.0
91999,episode/return,519.25439453125
91999,episode/length,500.0
95992,episode/return,45.805049896240234
95992,episode/length,500.0
95993,episode/return,43.07463073730469
95993,episode/length,500.0
95994,episode/return,34.10498809814453
95994,episode/length,500.0
95995,episode/return,29.97834014892578
95995,episode/length,500.0
95996,episode/return,46.20862579345703
95996,episode/length,500.0
95997,episode/return,43.694915771484375
95997,episode/length,500.0
95998,episode/return,505.67803955078125
95998,episode/length,500.0
95999,episode/return,36.851375579833984
95999,episode/length,500.0
99992,episode/return,118.26530456542969
99992,episode/length,500.0
99993,episode/return,86.5677261352539
99993,episode/length,500.0
99994,episode/return,517.26904296875
99994,episode/length,500.0
99995,episode/return,92.44862365722656
99995,episode/length,500.0
99996,episode/return,122.70919799804688
99996,episode/length,500.0
99997,episode/return,72.11954498291016
99997,episode/length,500.0
99998,episode/return,118.47642517089844
99998,episode/length,500.0
99999,episode/return,149.9613800048828
99999,episode/length,500.0
100000,train/consistency_loss_mean,0.002914652609080076
100000,train/consistency_loss_std,8.235400462422653e-05
100000,train/continue_loss_mean,0.0
100000,train/continue_loss_std,0.0
100000,train/grad_norm_mean,0.17279484924077987
100000,train/grad_norm_std,0.01266465105268227
100000,train/policy_log_std_mean,-0.3256783906459808
100000,train/policy_log_std_std,0.20182701658605048
100000,train/policy_loss_mean,-0.875730774974823
100000,train/policy_loss_std,0.11555465971950812
100000,train/reward_loss_mean,0.19032624794244765
100000,train/reward_loss_std,0.008628065039347637
100000,train/total_loss_mean,0.10804933391809464
100000,train/total_loss_std,0.005282831994615775
100000,train/value_loss_mean,0.3072365608215332
100000,train/value_loss_std,0.05663832692599506
100000,train/value_scale_mean,35.99763031921387
100000,train/value_scale_std,3.311608632258
100000,timing/collect_chunk_s,131.12603285210207
100000,timing/train_chunk_s,19.543013461865485
100000,dense_rhs/training_bucket_horizon,3.0
100000,system/heartbeat,1.0
100000,timing/checkpoint_blocking_s,0.6125300419516861
100000,eval/return_mean,98.29654693603516
100000,eval/return_std,99.48057556152344
100000,eval/return_max,517.8265991210938
100000,eval/return_min,39.98360061645508
100000,dense_rhs/deployment_utility_last_observed_gain,50.71234130859375
100000,dense_rhs/deployment_utility_observations,1.0
100000,timing/eval_s,20.810586230363697
100000,eval/selected_horizon,3.0
100000,eval/training_bucket_horizon,3.0
100000,system/heartbeat,1.0
103992,episode/return,51.69234848022461
103992,episode/length,500.0
103993,episode/return,36.10599899291992
103993,episode/length,500.0
103994,episode/return,83.60093688964844
103994,episode/length,500.0
103995,episode/return,533.0082397460938
103995,episode/length,500.0
103996,episode/return,53.0115966796875
103996,episode/length,500.0
103997,episode/return,498.7386474609375
103997,episode/length,500.0
103998,episode/return,38.894798278808594
103998,episode/length,500.0
103999,episode/return,52.05781555175781
103999,episode/length,500.0
107992,episode/return,17.315975189208984
107992,episode/length,500.0
107993,episode/return,14.091527938842773
107993,episode/length,500.0
107994,episode/return,513.1485595703125
107994,episode/length,500.0
107995,episode/return,20.564512252807617
107995,episode/length,500.0
107996,episode/return,26.174489974975586
107996,episode/length,500.0
107997,episode/return,524.7899169921875
107997,episode/length,500.0
107998,episode/return,14.061535835266113
107998,episode/length,500.0
107999,episode/return,527.6282958984375
107999,episode/length,500.0
110000,train/consistency_loss_mean,0.002747088766656816
110000,train/consistency_loss_std,7.560143108496301e-05
110000,train/continue_loss_mean,0.0
110000,train/continue_loss_std,0.0
110000,train/grad_norm_mean,0.16336793957948684
110000,train/grad_norm_std,0.015031754722198063
110000,train/policy_log_std_mean,-0.28691961115201314
110000,train/policy_log_std_std,0.19776699032112044
110000,train/policy_loss_mean,-0.7687406959056854
110000,train/policy_loss_std,0.1376909362914946
110000,train/reward_loss_mean,0.19984873474836348
110000,train/reward_loss_std,0.008597439191027338
110000,train/total_loss_mean,0.10676373175978661
110000,train/total_loss_std,0.005688933603248596
110000,train/value_loss_mean,0.3183708135128021
110000,train/value_loss_std,0.05290051163703123
110000,train/value_scale_mean,39.87709947814941
110000,train/value_scale_std,5.295712234360073
110000,timing/collect_chunk_s,133.70147181861103
110000,timing/train_chunk_s,19.553472637198865
110000,dense_rhs/training_bucket_horizon,3.0
110000,system/heartbeat,1.0
111992,episode/return,88.95115661621094
111992,episode/length,500.0
111993,episode/return,530.1658325195312
111993,episode/length,500.0
111994,episode/return,534.2089233398438
111994,episode/length,500.0
111995,episode/return,98.62234497070312
111995,episode/length,500.0
111996,episode/return,538.5349731445312
111996,episode/length,500.0
111997,episode/return,55.6011962890625
111997,episode/length,500.0
111998,episode/return,60.29303741455078
111998,episode/length,500.0
111999,episode/return,520.5015869140625
111999,episode/length,500.0
115992,episode/return,281.3742370605469
115992,episode/length,500.0
115993,episode/return,221.82376098632812
115993,episode/length,500.0
115994,episode/return,357.45428466796875
115994,episode/length,500.0
115995,episode/return,97.16926574707031
115995,episode/length,500.0
115996,episode/return,544.91162109375
115996,episode/length,500.0
115997,episode/return,109.17030334472656
115997,episode/length,500.0
115998,episode/return,127.0808334350586
115998,episode/length,500.0
115999,episode/return,103.9052963256836
115999,episode/length,500.0
119992,episode/return,347.4566345214844
119992,episode/length,500.0
119993,episode/return,158.92247009277344
119993,episode/length,500.0
119994,episode/return,221.10360717773438
119994,episode/length,500.0
119995,episode/return,168.65744018554688
119995,episode/length,500.0
119996,episode/return,263.2892150878906
119996,episode/length,500.0
119997,episode/return,236.4153594970703
119997,episode/length,500.0
119998,episode/return,309.3714294433594
119998,episode/length,500.0
119999,episode/return,162.91070556640625
119999,episode/length,500.0
120000,train/consistency_loss_mean,0.002615863870829344
120000,train/consistency_loss_std,7.180731800696558e-05
120000,train/continue_loss_mean,0.0
120000,train/continue_loss_std,0.0
120000,train/grad_norm_mean,0.16091135029792786
120000,train/grad_norm_std,0.020218255047471774
120000,train/policy_log_std_mean,-0.34643848832448326
120000,train/policy_log_std_std,0.2200806652182418
120000,train/policy_loss_mean,-0.6556636847496032
120000,train/policy_loss_std,0.18445713713744336
120000,train/reward_loss_mean,0.20768607189655303
120000,train/reward_loss_std,0.008747479861394073
120000,train/total_loss_mean,0.10304613253474236
120000,train/total_loss_std,0.00264942650401778
120000,train/value_loss_mean,0.29960246739387514
120000,train/value_loss_std,0.020663580212940808
120000,train/value_scale_mean,46.08439863586426
120000,train/value_scale_std,7.245501421386557
120000,timing/collect_chunk_s,132.30696455575526
120000,timing/train_chunk_s,19.561950048897415
120000,dense_rhs/training_bucket_horizon,3.0
120000,system/heartbeat,1.0
120000,dense_rhs/selected_horizon,3.0
120000,dense_rhs/proposed_horizon,3.0
120000,dense_rhs/phase_id,0.0
120000,dense_rhs/num_active_horizons,7.0
120000,dense_rhs/num_candidate_horizons,3.0
120000,dense_rhs/entropy,1.7276034355163574
120000,dense_rhs/norm_entropy,0.8878124952316284
120000,dense_rhs/best_fitness,0.5379827618598938
120000,dense_rhs/deployment_score_best,0.046431735157966614
120000,dense_rhs/incumbent_deployment_score,0.046431735157966614
120000,dense_rhs/proposed_deployment_score,0.046431735157966614
120000,dense_rhs/proposed_transition_cost,0.0
120000,dense_rhs/proposed_switch_probability,0.5
120000,dense_rhs/proposed_expected_net_benefit,0.0
120000,dense_rhs/transition_cost_best,0.0
120000,dense_rhs/transition_adjusted_score_best,0.046431735157966614
120000,dense_rhs/switch_probability_best,0.5
120000,dense_rhs/expected_improvement_best,0.564189612865448
120000,dense_rhs/expected_loss_best,0.564189612865448
120000,dense_rhs/expected_net_benefit_best,0.0
120000,dense_rhs/return_term_best,0.8894595503807068
120000,dense_rhs/roughness_term_best,1.0
120000,dense_rhs/return_std_term_best,0.09417641162872314
120000,dense_rhs/learner_proxy_term_best,0.7877129316329956
120000,dense_rhs/model_prefix_loss_best,0.5093358755111694
120000,dense_rhs/model_probe_prefix_best,0.3678484559059143
120000,dense_rhs/planner_return_best,63.1360969543457
120000,dense_rhs/roughness_best,0.1102064922451973
120000,dense_rhs/robust_return_best,97.62458038330078
120000,timing/query_model_diag_s,14.831295678857714
120000,timing/query_env_eval_s,13.188700405880809
120000,timing/query_finalize_s,0.8501701038330793
120000,timing/query_total_s,28.875841761939228
120000,dense_rhs/candidate_3_fitness,0.5379827618598938
120000,dense_rhs/candidate_3_deployment_score,0.046431735157966614
120000,dense_rhs/candidate_3_transition_cost,0.0
120000,dense_rhs/candidate_3_transition_adjusted_score,0.046431735157966614
120000,dense_rhs/candidate_3_switch_probability,0.5
120000,dense_rhs/candidate_3_expected_net_benefit,0.0
120000,dense_rhs/candidate_3_return,97.62458038330078
120000,dense_rhs/candidate_3_return_term,0.8894595503807068
120000,dense_rhs/candidate_3_roughness_term,1.0
120000,dense_rhs/candidate_3_return_std_term,0.09417641162872314
120000,dense_rhs/candidate_3_learner_proxy_term,0.7877129316329956
120000,dense_rhs/candidate_2_fitness,0.5095648169517517
120000,dense_rhs/candidate_2_deployment_score,0.016319986432790756
120000,dense_rhs/candidate_2_transition_cost,0.049950093030929565
120000,dense_rhs/candidate_2_transition_adjusted_score,-0.03363010659813881
120000,dense_rhs/candidate_2_switch_probability,0.47742703557014465
120000,dense_rhs/candidate_2_expected_net_benefit,-0.08006185293197632
120000,dense_rhs/candidate_2_return,87.50264739990234
120000,dense_rhs/candidate_2_return_term,0.6232220530509949
120000,dense_rhs/candidate_2_roughness_term,0.9781919717788696
120000,dense_rhs/candidate_2_return_std_term,0.11059218645095825
120000,dense_rhs/candidate_2_learner_proxy_term,1.0
120000,dense_rhs/candidate_4_fitness,0.03199859336018562
120000,dense_rhs/candidate_4_deployment_score,4.385813667795446e-07
120000,dense_rhs/candidate_4_transition_cost,0.051184143871068954
120000,dense_rhs/candidate_4_transition_adjusted_score,-0.051183704286813736
120000,dense_rhs/candidate_4_switch_probability,0.4724850356578827
120000,dense_rhs/candidate_4_expected_net_benefit,-0.09761542081832886
120000,dense_rhs/candidate_4_return,101.82715606689453
120000,dense_rhs/candidate_4_return_term,1.0
120000,dense_rhs/candidate_4_roughness_term,0.8118757605552673
120000,dense_rhs/candidate_4_return_std_term,5.960464477539063e-08
120000,dense_rhs/candidate_4_learner_proxy_term,0.5402075052261353
120000,dense_rhs/deployment_utility_enabled,1.0
120000,dense_rhs/deployment_utility_observations,1.0
120000,dense_rhs/deployment_utility_last_observed_gain,50.71234130859375
120000,dense_rhs/candidate_2_expected_eval_gain,0.0
120000,dense_rhs/candidate_2_eval_gain_uncertainty,150.0
120000,dense_rhs/candidate_2_deployment_utility_score,41.01477323587139
120000,dense_rhs/candidate_3_expected_eval_gain,50.71234130859375
120000,dense_rhs/candidate_3_eval_gain_uncertainty,106.06601717798212
120000,dense_rhs/candidate_3_deployment_utility_score,87.22884560308928
120000,dense_rhs/candidate_4_expected_eval_gain,0.0
120000,dense_rhs/candidate_4_eval_gain_uncertainty,150.0
120000,dense_rhs/candidate_4_deployment_utility_score,37.5
120000,dense_rhs/deployment_utility_override,0.0
120000,dense_rhs/deployment_utility_selected_expected_gain,50.71234130859375
120000,dense_rhs/deployment_utility_selected_uncertainty,106.06601717798212
120000,dense_rhs/deployment_utility_selected_score,87.22884560308928
120000,dense_rhs/deployment_utility_proposed_horizon,3.0
120000,dense_rhs/deployment_utility_proposed_expected_gain,50.71234130859375
120000,dense_rhs/deployment_utility_proposed_uncertainty,106.06601717798212
120000,dense_rhs/deployment_utility_proposed_score,87.22884560308928
120000,dense_rhs/previous_horizon,3.0
120000,dense_rhs/training_bucket_horizon,3.0
120000,dense_rhs/best_h,3.0
120000,dense_rhs/prob_best_h,0.052734375
120000,dense_rhs/gauss_mean_best_h,0.28480276465415955
120000,dense_rhs/gauss_post_std_best_h,0.1790252923965454
120000,system/heartbeat,1.0
123992,episode/return,508.8937072753906
123992,episode/length,500.0
123993,episode/return,535.2094116210938
123993,episode/length,500.0
123994,episode/return,419.34100341796875
123994,episode/length,500.0
123995,episode/return,547.9463500976562
123995,episode/length,500.0
123996,episode/return,324.0475158691406
123996,episode/length,500.0
123997,episode/return,381.01470947265625
123997,episode/length,500.0
123998,episode/return,256.08062744140625
123998,episode/length,500.0
123999,episode/return,411.93377685546875
123999,episode/length,500.0
127992,episode/return,409.82177734375
127992,episode/length,500.0
127993,episode/return,432.5123291015625
127993,episode/length,500.0
127994,episode/return,407.3990173339844
127994,episode/length,500.0
127995,episode/return,549.9130249023438
127995,episode/length,500.0
127996,episode/return,553.9330444335938
127996,episode/length,500.0
127997,episode/return,401.9878845214844
127997,episode/length,500.0
127998,episode/return,493.47979736328125
127998,episode/length,500.0
127999,episode/return,535.103515625
127999,episode/length,500.0
130000,train/consistency_loss_mean,0.0024690970603376628
130000,train/consistency_loss_std,7.976508835866199e-05
130000,train/continue_loss_mean,0.0
130000,train/continue_loss_std,0.0
130000,train/grad_norm_mean,0.1489690167427063
130000,train/grad_norm_std,0.015392287533239712
130000,train/policy_log_std_mean,-0.42385768092473347
130000,train/policy_log_std_std,0.22782982301853902
130000,train/policy_loss_mean,-1.226140045261383
130000,train/policy_loss_std,0.17322508502456443
130000,train/reward_loss_mean,0.21466417499780654
130000,train/reward_loss_std,0.008621695562338647
130000,train/total_loss_mean,0.09769278901219368
130000,train/total_loss_std,0.0032072165858932885
130000,train/value_loss_mean,0.2684442917346954
130000,train/value_loss_std,0.03421513582121409
130000,train/value_scale_mean,29.770831065368654
130000,train/value_scale_std,2.933266805438958
130000,timing/collect_chunk_s,128.42475806642324
130000,timing/train_chunk_s,19.538969609886408
130000,dense_rhs/training_bucket_horizon,3.0
130000,system/heartbeat,1.0
131992,episode/return,456.7057800292969
131992,episode/length,500.0
131993,episode/return,447.6031494140625
131993,episode/length,500.0
131994,episode/return,329.5592346191406
131994,episode/length,500.0
131995,episode/return,468.596923828125
131995,episode/length,500.0
131996,episode/return,328.3498840332031
131996,episode/length,500.0
131997,episode/return,497.3976135253906
131997,episode/length,500.0
131998,episode/return,445.1656799316406
131998,episode/length,500.0
131999,episode/return,448.04876708984375
131999,episode/length,500.0
135992,episode/return,404.70574951171875
135992,episode/length,500.0
135993,episode/return,509.9102783203125
135993,episode/length,500.0
135994,episode/return,516.067626953125
135994,episode/length,500.0
135995,episode/return,380.47833251953125
135995,episode/length,500.0
135996,episode/return,265.4849853515625
135996,episode/length,500.0
135997,episode/return,120.9947509765625
135997,episode/length,500.0
135998,episode/return,495.81329345703125
135998,episode/length,500.0
135999,episode/return,411.0975646972656
135999,episode/length,500.0
139992,episode/return,589.4345092773438
139992,episode/length,500.0
139993,episode/return,16.245134353637695
139993,episode/length,500.0
139994,episode/return,577.2176513671875
139994,episode/length,500.0
139995,episode/return,530.8805541992188
139995,episode/length,500.0
139996,episode/return,305.4054260253906
139996,episode/length,500.0
139997,episode/return,567.33056640625
139997,episode/length,500.0
139998,episode/return,542.4181518554688
139998,episode/length,500.0
139999,episode/return,321.6134033203125
139999,episode/length,500.0
140000,train/consistency_loss_mean,0.00233814775981009
140000,train/consistency_loss_std,7.299894808412758e-05
140000,train/continue_loss_mean,0.0
140000,train/continue_loss_std,0.0
140000,train/grad_norm_mean,0.14148398866653442
140000,train/grad_norm_std,0.013558424152061922
140000,train/policy_log_std_mean,-0.4594386436780294
140000,train/policy_log_std_std,0.2588726029795752
140000,train/policy_loss_mean,-1.641329066467285
140000,train/policy_loss_std,0.026223555565663668
140000,train/reward_loss_mean,0.2198439902305603
140000,train/reward_loss_std,0.008455142834607566
140000,train/total_loss_mean,0.09414517549872399
140000,train/total_loss_std,0.002039739613947308
140000,train/value_loss_mean,0.2539782004237175
140000,train/value_loss_std,0.011506847428414582
140000,train/value_scale_mean,23.82194641418457
140000,train/value_scale_std,0.21647510563465336
140000,timing/collect_chunk_s,130.7719675572589
140000,timing/train_chunk_s,19.54717670334503
140000,dense_rhs/training_bucket_horizon,3.0
140000,system/heartbeat,1.0
143992,episode/return,416.7272644042969
143992,episode/length,500.0
143993,episode/return,331.195068359375
143993,episode/length,500.0
143994,episode/return,212.26052856445312
143994,episode/length,500.0
143995,episode/return,432.5030822753906
143995,episode/length,500.0
143996,episode/return,295.7107849121094
143996,episode/length,500.0
143997,episode/return,225.39259338378906
143997,episode/length,500.0
143998,episode/return,404.16949462890625
143998,episode/length,500.0
143999,episode/return,363.7953186035156
143999,episode/length,500.0
147992,episode/return,295.8612976074219
147992,episode/length,500.0
147993,episode/return,463.5649719238281
147993,episode/length,500.0
147994,episode/return,228.95159912109375
147994,episode/length,500.0
147995,episode/return,454.6512756347656
147995,episode/length,500.0
147996,episode/return,503.6258544921875
147996,episode/length,500.0
147997,episode/return,396.14141845703125
147997,episode/length,500.0
147998,episode/return,435.662109375
147998,episode/length,500.0
147999,episode/return,301.85357666015625
147999,episode/length,500.0
150000,train/consistency_loss_mean,0.0022203393986448645
150000,train/consistency_loss_std,7.193649493072029e-05
150000,train/continue_loss_mean,0.0
150000,train/continue_loss_std,0.0
150000,train/grad_norm_mean,0.13730725818276404
150000,train/grad_norm_std,0.014478172535627611
150000,train/policy_log_std_mean,-0.4964316231091817
150000,train/policy_log_std_std,0.2600639383601357
150000,train/policy_loss_mean,-1.6216489322662353
150000,train/policy_loss_std,0.06948022065126964
150000,train/reward_loss_mean,0.2230576171875
150000,train/reward_loss_std,0.008390326070166747
150000,train/total_loss_mean,0.09042028846740723
150000,train/total_loss_std,0.001750064480314445
150000,train/value_loss_mean,0.23707738317251206
150000,train/value_loss_std,0.014053240081029837
150000,train/value_scale_mean,24.84354417266846
150000,train/value_scale_std,1.1765496974930698
150000,timing/collect_chunk_s,128.9277906799689
150000,timing/train_chunk_s,19.552102023735642
150000,dense_rhs/training_bucket_horizon,3.0
150000,system/heartbeat,1.0
150000,timing/checkpoint_blocking_s,0.6853603799827397
150000,eval/return_mean,485.4507751464844
150000,eval/return_std,71.84600830078125
150000,eval/return_max,577.4207153320312
150000,eval/return_min,359.6320495605469
150000,dense_rhs/deployment_utility_last_observed_gain,387.1542282104492
150000,dense_rhs/deployment_utility_observations,2.0
150000,timing/eval_s,20.115627439692616
150000,eval/selected_horizon,3.0
150000,eval/training_bucket_horizon,3.0
150000,system/heartbeat,1.0
151992,episode/return,537.8910522460938
151992,episode/length,500.0
151993,episode/return,510.9183044433594
151993,episode/length,500.0
151994,episode/return,499.39678955078125
151994,episode/length,500.0
151995,episode/return,480.89642333984375
151995,episode/length,500.0
151996,episode/return,376.93408203125
151996,episode/length,500.0
151997,episode/return,541.1940307617188
151997,episode/length,500.0
151998,episode/return,515.9356689453125
151998,episode/length,500.0
151999,episode/return,499.463623046875
151999,episode/length,500.0
155992,episode/return,589.9244995117188
155992,episode/length,500.0
155993,episode/return,596.3695068359375
155993,episode/length,500.0
155994,episode/return,463.3924255371094
155994,episode/length,500.0
155995,episode/return,420.3175354003906
155995,episode/length,500.0
155996,episode/return,9.506800651550293
155996,episode/length,500.0
155997,episode/return,598.6895141601562
155997,episode/length,500.0
155998,episode/return,539.0436401367188
155998,episode/length,500.0
155999,episode/return,566.292236328125
155999,episode/length,500.0
159992,episode/return,374.61895751953125
159992,episode/length,500.0
159993,episode/return,518.8719482421875
159993,episode/length,500.0
159994,episode/return,415.0130615234375
159994,episode/length,500.0
159995,episode/return,506.8459777832031
159995,episode/length,500.0
159996,episode/return,431.9736633300781
159996,episode/length,500.0
159997,episode/return,515.5508422851562
159997,episode/length,500.0
159998,episode/return,284.84735107421875
159998,episode/length,500.0
159999,episode/return,443.9540710449219
159999,episode/length,500.0
160000,train/consistency_loss_mean,0.0021080730073153972
160000,train/consistency_loss_std,7.20300899408784e-05
160000,train/continue_loss_mean,0.0
160000,train/continue_loss_std,0.0
160000,train/grad_norm_mean,0.1325079324066639
160000,train/grad_norm_std,0.013322202377999129
160000,train/policy_log_std_mean,-0.49454437182744343
160000,train/policy_log_std_std,0.25572748760381553
160000,train/policy_loss_mean,-1.541082767868042
160000,train/policy_loss_std,0.0215187959329566
160000,train/reward_loss_mean,0.22592689135074615
160000,train/reward_loss_std,0.008265385640810273
160000,train/total_loss_mean,0.08951247376799583
160000,train/total_loss_std,0.0015062173479935413
160000,train/value_loss_mean,0.24758323820829392
160000,train/value_loss_std,0.008816604978420536
160000,train/value_scale_mean,27.09804576263428
160000,train/value_scale_std,0.4217445706790125
160000,timing/collect_chunk_s,131.1186936418526
160000,timing/train_chunk_s,19.532890471164137
160000,dense_rhs/training_bucket_horizon,3.0
160000,system/heartbeat,1.0
163992,episode/return,368.7048034667969
163992,episode/length,500.0
163993,episode/return,458.54718017578125
163993,episode/length,500.0
163994,episode/return,536.9442138671875
163994,episode/length,500.0
163995,episode/return,476.18365478515625
163995,episode/length,500.0
163996,episode/return,390.0488586425781
163996,episode/length,500.0
163997,episode/return,464.8352966308594
163997,episode/length,500.0
163998,episode/return,390.6020812988281
163998,episode/length,500.0
163999,episode/return,440.0473327636719
163999,episode/length,500.0
167992,episode/return,472.1396789550781
167992,episode/length,500.0
167993,episode/return,452.4926452636719
167993,episode/length,500.0
167994,episode/return,543.5916748046875
167994,episode/length,500.0
167995,episode/return,436.7502136230469
167995,episode/length,500.0
167996,episode/return,451.7440490722656
167996,episode/length,500.0
167997,episode/return,504.7148742675781
167997,episode/length,500.0
167998,episode/return,454.90325927734375
167998,episode/length,500.0
167999,episode/return,590.2007446289062
167999,episode/length,500.0
170000,train/consistency_loss_mean,0.002005774294491857
170000,train/consistency_loss_std,7.14374527799892e-05
170000,train/continue_loss_mean,0.0
170000,train/continue_loss_std,0.0
170000,train/grad_norm_mean,0.1284644063651562
170000,train/grad_norm_std,0.015619425653850879
170000,train/policy_log_std_mean,-0.4845884998957316
170000,train/policy_log_std_std,0.2374955869596161
170000,train/policy_loss_mean,-1.589813993549347
170000,train/policy_loss_std,0.024248291957287425
170000,train/reward_loss_mean,0.22912569327354432
170000,train/reward_loss_std,0.008175893647145691
170000,train/total_loss_mean,0.09146289136409759
170000,train/total_loss_std,0.002173521580229505
170000,train/value_loss_mean,0.2843483537197113
170000,train/value_loss_std,0.02210980310837017
170000,train/value_scale_mean,27.105976840209962
170000,train/value_scale_std,0.18473325076619992
170000,timing/collect_chunk_s,128.51759813399985
170000,timing/train_chunk_s,19.531299371737987
170000,dense_rhs/training_bucket_horizon,3.0
170000,system/heartbeat,1.0
170000,dense_rhs/selected_horizon,3.0
170000,dense_rhs/proposed_horizon,3.0
170000,dense_rhs/phase_id,0.0
170000,dense_rhs/num_active_horizons,7.0
170000,dense_rhs/num_candidate_horizons,3.0
170000,dense_rhs/entropy,1.8072445392608643
170000,dense_rhs/norm_entropy,0.9287399053573608
170000,dense_rhs/best_fitness,0.8422708511352539
170000,dense_rhs/deployment_score_best,0.3222314715385437
170000,dense_rhs/incumbent_deployment_score,0.3222314715385437
170000,dense_rhs/proposed_deployment_score,0.3222314715385437
170000,dense_rhs/proposed_transition_cost,0.0
170000,dense_rhs/proposed_switch_probability,0.5
170000,dense_rhs/proposed_expected_net_benefit,0.0
170000,dense_rhs/transition_cost_best,0.0
170000,dense_rhs/transition_adjusted_score_best,0.3222314715385437
170000,dense_rhs/switch_probability_best,0.5
170000,dense_rhs/expected_improvement_best,0.1010042056441307
170000,dense_rhs/expected_loss_best,0.1010042056441307
170000,dense_rhs/expected_net_benefit_best,0.0
170000,dense_rhs/return_term_best,0.9225952625274658
170000,dense_rhs/roughness_term_best,0.9477232694625854
170000,dense_rhs/return_std_term_best,0.5755902528762817
170000,dense_rhs/learner_proxy_term_best,0.8153199553489685
170000,dense_rhs/model_prefix_loss_best,0.5050855875015259
170000,dense_rhs/model_probe_prefix_best,0.3320549428462982
170000,dense_rhs/planner_return_best,96.9840316772461
170000,dense_rhs/roughness_best,0.2586263120174408
170000,dense_rhs/robust_return_best,217.36546325683594
170000,timing/query_model_diag_s,0.012242755852639675
170000,timing/query_env_eval_s,12.98856381000951
170000,timing/query_finalize_s,0.003315160982310772
170000,timing/query_total_s,13.009394235908985
170000,dense_rhs/candidate_3_fitness,0.8422708511352539
170000,dense_rhs/candidate_3_deployment_score,0.3222314715385437
170000,dense_rhs/candidate_3_transition_cost,0.0
170000,dense_rhs/candidate_3_transition_adjusted_score,0.3222314715385437
170000,dense_rhs/candidate_3_switch_probability,0.5
170000,dense_rhs/candidate_3_expected_net_benefit,0.0
170000,dense_rhs/candidate_3_return,217.36546325683594
170000,dense_rhs/candidate_3_return_term,0.9225952625274658
170000,dense_rhs/candidate_3_roughness_term,0.9477232694625854
170000,dense_rhs/candidate_3_return_std_term,0.5755902528762817
170000,dense_rhs/candidate_3_learner_proxy_term,0.8153199553489685
170000,dense_rhs/candidate_2_fitness,0.03162277489900589
170000,dense_rhs/candidate_2_deployment_score,1.636023938544895e-07
170000,dense_rhs/candidate_2_transition_cost,0.04542803764343262
170000,dense_rhs/candidate_2_transition_adjusted_score,-0.045427873730659485
170000,dense_rhs/candidate_2_switch_probability,0.02689570188522339
170000,dense_rhs/candidate_2_expected_net_benefit,-0.367659330368042
170000,dense_rhs/candidate_2_return,178.00701904296875
170000,dense_rhs/candidate_2_return_term,0.635985791683197
170000,dense_rhs/candidate_2_roughness_term,1.0
170000,dense_rhs/candidate_2_return_std_term,0.0
170000,dense_rhs/candidate_2_learner_proxy_term,1.0
170000,dense_rhs/candidate_4_fitness,0.835444450378418
170000,dense_rhs/candidate_4_deployment_score,0.26167646050453186
170000,dense_rhs/candidate_4_transition_cost,0.03597132861614227
170000,dense_rhs/candidate_4_transition_adjusted_score,0.2257051318883896
170000,dense_rhs/candidate_4_switch_probability,0.3017745018005371
170000,dense_rhs/candidate_4_expected_net_benefit,-0.09652633965015411
170000,dense_rhs/candidate_4_return,227.99501037597656
170000,dense_rhs/candidate_4_return_term,1.0
170000,dense_rhs/candidate_4_roughness_term,0.8226151466369629
170000,dense_rhs/candidate_4_return_std_term,0.5922057628631592
170000,dense_rhs/candidate_4_learner_proxy_term,0.5371496677398682
170000,dense_rhs/deployment_utility_enabled,1.0
170000,dense_rhs/deployment_utility_observations,2.0
170000,dense_rhs/deployment_utility_last_observed_gain,387.1542282104492
170000,dense_rhs/candidate_2_expected_eval_gain,0.0
170000,dense_rhs/candidate_2_eval_gain_uncertainty,150.0
170000,dense_rhs/candidate_2_deployment_utility_score,37.5
170000,dense_rhs/candidate_3_expected_eval_gain,218.93328475952148
170000,dense_rhs/candidate_3_eval_gain_uncertainty,97.12240698472594
170000,dense_rhs/candidate_3_deployment_utility_score,253.21388650570296
170000,dense_rhs/candidate_4_expected_eval_gain,0.0
170000,dense_rhs/candidate_4_eval_gain_uncertainty,150.0
170000,dense_rhs/candidate_4_deployment_utility_score,45.62075954314126
170000,dense_rhs/deployment_utility_override,0.0
170000,dense_rhs/deployment_utility_selected_expected_gain,218.93328475952148
170000,dense_rhs/deployment_utility_selected_uncertainty,97.12240698472594
170000,dense_rhs/deployment_utility_selected_score,253.21388650570296
170000,dense_rhs/deployment_utility_proposed_horizon,3.0
170000,dense_rhs/deployment_utility_proposed_expected_gain,218.93328475952148
170000,dense_rhs/deployment_utility_proposed_uncertainty,97.12240698472594
170000,dense_rhs/deployment_utility_proposed_score,253.21388650570296
170000,dense_rhs/previous_horizon,3.0
170000,dense_rhs/training_bucket_horizon,3.0
170000,dense_rhs/best_h,3.0
170000,dense_rhs/prob_best_h,0.16796875
170000,dense_rhs/gauss_mean_best_h,0.47062548995018005
170000,dense_rhs/gauss_post_std_best_h,0.1930401623249054
170000,system/heartbeat,1.0
171992,episode/return,567.0765991210938
171992,episode/length,500.0
171993,episode/return,490.7983703613281
171993,episode/length,500.0
171994,episode/return,448.34368896484375
171994,episode/length,500.0
171995,episode/return,485.61236572265625
171995,episode/length,500.0
171996,episode/return,474.5286560058594
171996,episode/length,500.0
171997,episode/return,426.58819580078125
171997,episode/length,500.0
171998,episode/return,553.05078125
171998,episode/length,500.0
171999,episode/return,393.47381591796875
171999,episode/length,500.0
175992,episode/return,468.49212646484375
175992,episode/length,500.0
175993,episode/return,473.1688537597656
175993,episode/length,500.0
175994,episode/return,459.4791259765625
175994,episode/length,500.0
175995,episode/return,490.1357116699219
175995,episode/length,500.0
175996,episode/return,418.0668029785156
175996,episode/length,500.0
175997,episode/return,456.3143310546875
175997,episode/length,500.0
175998,episode/return,429.5806884765625
175998,episode/length,500.0
175999,episode/return,483.739990234375
175999,episode/length,500.0
179992,episode/return,518.259033203125
179992,episode/length,500.0
179993,episode/return,467.9360656738281
179993,episode/length,500.0
179994,episode/return,428.0554504394531
179994,episode/length,500.0
179995,episode/return,452.45819091796875
179995,episode/length,500.0
179996,episode/return,490.8915100097656
179996,episode/length,500.0
179997,episode/return,424.7237854003906
179997,episode/length,500.0
179998,episode/return,517.0288696289062
179998,episode/length,500.0
179999,episode/return,416.99114990234375
179999,episode/length,500.0
180000,train/consistency_loss_mean,0.0019098735600709916
180000,train/consistency_loss_std,6.995804318013237e-05
180000,train/continue_loss_mean,0.0
180000,train/continue_loss_std,0.0
180000,train/grad_norm_mean,0.12456060023307801
180000,train/grad_norm_std,0.01397271418539272
180000,train/policy_log_std_mean,-0.4806831086794535
180000,train/policy_log_std_std,0.2251138459509274
180000,train/policy_loss_mean,-1.621069155216217
180000,train/policy_loss_std,0.021796108442806047
180000,train/reward_loss_mean,0.23246046344041824
180000,train/reward_loss_std,0.008073073602128174
180000,train/total_loss_mean,0.0954341249346733
180000,train/total_loss_std,0.0015067583078128349
180000,train/value_loss_mean,0.33990606434345244
180000,train/value_loss_std,0.011377276746600334
180000,train/value_scale_mean,27.52010694885254
180000,train/value_scale_std,0.30531801473942083
180000,timing/collect_chunk_s,132.24275705218315
180000,timing/train_chunk_s,19.50278196344152
180000,dense_rhs/training_bucket_horizon,3.0
180000,system/heartbeat,1.0
183992,episode/return,528.9524536132812
183992,episode/length,500.0
183993,episode/return,467.5420837402344
183993,episode/length,500.0
183994,episode/return,508.5650329589844
183994,episode/length,500.0
183995,episode/return,523.833740234375
183995,episode/length,500.0
183996,episode/return,536.6473388671875
183996,episode/length,500.0
183997,episode/return,465.37371826171875
183997,episode/length,500.0
183998,episode/return,566.796142578125
183998,episode/length,500.0
183999,episode/return,558.3934936523438
183999,episode/length,500.0
187992,episode/return,419.80340576171875
187992,episode/length,500.0
187993,episode/return,610.6453857421875
187993,episode/length,500.0
187994,episode/return,503.60247802734375
187994,episode/length,500.0
187995,episode/return,455.1761779785156
187995,episode/length,500.0
187996,episode/return,498.9173278808594
187996,episode/length,500.0
187997,episode/return,368.0208435058594
187997,episode/length,500.0
187998,episode/return,462.4430236816406
187998,episode/length,500.0
187999,episode/return,514.97900390625
187999,episode/length,500.0
190000,train/consistency_loss_mean,0.0018258697400800883
190000,train/consistency_loss_std,7.042334848598546e-05
190000,train/continue_loss_mean,0.0
190000,train/continue_loss_std,0.0
190000,train/grad_norm_mean,0.12194897063970565
190000,train/grad_norm_std,0.014750254511866352
190000,train/policy_log_std_mean,-0.49002440786361695
190000,train/policy_log_std_std,0.22600561813946796
190000,train/policy_loss_mean,-1.6752796500205993
190000,train/policy_loss_std,0.030706831800376377
190000,train/reward_loss_mean,0.23555966432094574
190000,train/reward_loss_std,0.007982642262869374
190000,train/total_loss_mean,0.09599428062438965
190000,train/total_loss_std,0.0014984879143371125
190000,train/value_loss_mean,0.3592091819524765
190000,train/value_loss_std,0.004950363950778759
190000,train/value_scale_mean,27.47808518371582
190000,train/value_scale_std,0.2177126468843257
190000,timing/collect_chunk_s,127.55980325769633
190000,timing/train_chunk_s,19.511570412199944
190000,dense_rhs/training_bucket_horizon,3.0
190000,system/heartbeat,1.0
191992,episode/return,579.8865966796875
191992,episode/length,500.0
191993,episode/return,542.5562133789062
191993,episode/length,500.0
191994,episode/return,579.7824096679688
191994,episode/length,500.0
191995,episode/return,555.19775390625
191995,episode/length,500.0
191996,episode/return,416.7303161621094
191996,episode/length,500.0
191997,episode/return,527.5538330078125
191997,episode/length,500.0
191998,episode/return,573.37744140625
191998,episode/length,500.0
191999,episode/return,531.2363891601562
191999,episode/length,500.0
195992,episode/return,543.6643676757812
195992,episode/length,500.0
195993,episode/return,524.052490234375
195993,episode/length,500.0
195994,episode/return,654.0955810546875
195994,episode/length,500.0
195995,episode/return,606.2047729492188
195995,episode/length,500.0
195996,episode/return,604.1090087890625
195996,episode/length,500.0
195997,episode/return,468.23248291015625
195997,episode/length,500.0
195998,episode/return,255.92642211914062
195998,episode/length,500.0
195999,episode/return,512.3676147460938
195999,episode/length,500.0
199992,episode/return,484.62432861328125
199992,episode/length,500.0
199993,episode/return,7.756677627563477
199993,episode/length,500.0
199994,episode/return,619.8883056640625
199994,episode/length,500.0
199995,episode/return,616.62255859375
199995,episode/length,500.0
199996,episode/return,612.1109008789062
199996,episode/length,500.0
199997,episode/return,606.4873046875
199997,episode/length,500.0
199998,episode/return,499.3056945800781
199998,episode/length,500.0
199999,episode/return,608.7163696289062
199999,episode/length,500.0
200000,train/consistency_loss_mean,0.0017478186409920454
200000,train/consistency_loss_std,6.99877162059892e-05
200000,train/continue_loss_mean,0.0
200000,train/continue_loss_std,0.0
200000,train/grad_norm_mean,0.11896055656671524
200000,train/grad_norm_std,0.016310573088209206
200000,train/policy_log_std_mean,-0.49688414634068806
200000,train/policy_log_std_std,0.22239859428357267
200000,train/policy_loss_mean,-1.702328021621704
200000,train/policy_loss_std,0.015779630633875528
200000,train/reward_loss_mean,0.23835417615175247
200000,train/reward_loss_std,0.00803114679730847
200000,train/total_loss_mean,0.09273800992965699
200000,train/total_loss_std,0.0019612876393684964
200000,train/value_loss_mean,0.3394621881008148
200000,train/value_loss_std,0.010957602916221528
200000,train/value_scale_mean,27.88020564880371
200000,train/value_scale_std,0.30070168906150635
200000,timing/collect_chunk_s,131.6975638475269
200000,timing/train_chunk_s,19.52906987722963
200000,dense_rhs/training_bucket_horizon,3.0
200000,system/heartbeat,1.0
200000,timing/checkpoint_blocking_s,0.7374391262419522
200000,eval/return_mean,553.7283935546875
200000,eval/return_std,121.32376861572266
200000,eval/return_max,670.7721557617188
200000,eval/return_min,256.04644775390625
200000,dense_rhs/deployment_utility_last_observed_gain,68.27761840820312
200000,dense_rhs/deployment_utility_observations,3.0
200000,timing/eval_s,20.348182199988514
200000,eval/selected_horizon,3.0
200000,eval/training_bucket_horizon,3.0
200000,system/heartbeat,1.0
203992,episode/return,503.8594970703125
203992,episode/length,500.0
203993,episode/return,430.1659851074219
203993,episode/length,500.0
203994,episode/return,543.8883056640625
203994,episode/length,500.0
203995,episode/return,590.7010498046875
203995,episode/length,500.0
203996,episode/return,518.9005737304688
203996,episode/length,500.0
203997,episode/return,502.3609924316406
203997,episode/length,500.0
203998,episode/return,441.788818359375
203998,episode/length,500.0
203999,episode/return,558.2069702148438
203999,episode/length,500.0
207992,episode/return,616.641845703125
207992,episode/length,500.0
207993,episode/return,479.91912841796875
207993,episode/length,500.0
207994,episode/return,662.6400756835938
207994,episode/length,500.0
207995,episode/return,611.5126953125
207995,episode/length,500.0
207996,episode/return,491.6423034667969
207996,episode/length,500.0
207997,episode/return,660.7717895507812
207997,episode/length,500.0
207998,episode/return,592.4482421875
207998,episode/length,500.0
207999,episode/return,596.92138671875
207999,episode/length,500.0
210000,train/consistency_loss_mean,0.0016792502022348345
210000,train/consistency_loss_std,6.898281854249808e-05
210000,train/continue_loss_mean,0.0
210000,train/continue_loss_std,0.0
210000,train/grad_norm_mean,0.11585725839138031
210000,train/grad_norm_std,0.013433103436592719
210000,train/policy_log_std_mean,-0.4836191614786784
210000,train/policy_log_std_std,0.22304479385975834
210000,train/policy_loss_mean,-1.682008127975464
210000,train/policy_loss_std,0.018090466651786777
210000,train/reward_loss_mean,0.24056986978054046
210000,train/reward_loss_std,0.007960447552078
210000,train/total_loss_mean,0.08741904968023301
210000,train/total_loss_std,0.0022186494679677926
210000,train/value_loss_mean,0.29777057847976685
210000,train/value_loss_std,0.01440800154807394
210000,train/value_scale_mean,28.86043141784668
210000,train/value_scale_std,0.3065842193929185
210000,timing/collect_chunk_s,129.12450210750103
210000,timing/train_chunk_s,19.547212766017765
210000,dense_rhs/training_bucket_horizon,3.0
210000,system/heartbeat,1.0
211992,episode/return,590.3763427734375
211992,episode/length,500.0
211993,episode/return,570.6912841796875
211993,episode/length,500.0
211994,episode/return,376.02716064453125
211994,episode/length,500.0
211995,episode/return,545.652587890625
211995,episode/length,500.0
211996,episode/return,600.64111328125
211996,episode/length,500.0
211997,episode/return,617.3060302734375
211997,episode/length,500.0
211998,episode/return,658.0136108398438
211998,episode/length,500.0
211999,episode/return,579.9878540039062
211999,episode/length,500.0
215992,episode/return,613.40283203125
215992,episode/length,500.0
215993,episode/return,603.6442260742188
215993,episode/length,500.0
215994,episode/return,652.8515014648438
215994,episode/length,500.0
215995,episode/return,655.75732421875
215995,episode/length,500.0
215996,episode/return,547.3850708007812
215996,episode/length,500.0
215997,episode/return,528.21484375
215997,episode/length,500.0
215998,episode/return,662.6083984375
215998,episode/length,500.0
215999,episode/return,572.9360961914062
215999,episode/length,500.0
219992,episode/return,526.9212646484375
219992,episode/length,500.0
219993,episode/return,616.9721069335938
219993,episode/length,500.0
219994,episode/return,547.3842163085938
219994,episode/length,500.0
219995,episode/return,665.0961303710938
219995,episode/length,500.0
219996,episode/return,613.6522827148438
219996,episode/length,500.0
219997,episode/return,607.7130737304688
219997,episode/length,500.0
219998,episode/return,681.3519287109375
219998,episode/length,500.0
219999,episode/return,549.3745727539062
219999,episode/length,500.0
220000,train/consistency_loss_mean,0.0016181432265788317
220000,train/consistency_loss_std,6.892747365594605e-05
220000,train/continue_loss_mean,0.0
220000,train/continue_loss_std,0.0
220000,train/grad_norm_mean,0.11388756201863288
220000,train/grad_norm_std,0.01395228151484066
220000,train/policy_log_std_mean,-0.47233733008702594
220000,train/policy_log_std_std,0.22312066182982643
220000,train/policy_loss_mean,-1.6745204739570618
220000,train/policy_loss_std,0.018220500199920633
220000,train/reward_loss_mean,0.24305594075918197
220000,train/reward_loss_std,0.007853324983482072
220000,train/total_loss_mean,0.08327121629714966
220000,train/total_loss_std,0.0018340911907342237
220000,train/value_loss_mean,0.2660275699138641
220000,train/value_loss_std,0.008920310004562872
220000,train/value_scale_mean,29.329520928955077
220000,train/value_scale_std,0.21368849137358592
220000,timing/collect_chunk_s,134.2170437737368
220000,timing/train_chunk_s,19.553201010916382
220000,dense_rhs/training_bucket_horizon,3.0
220000,system/heartbeat,1.0
220000,dense_rhs/selected_horizon,3.0
220000,dense_rhs/proposed_horizon,2.0
220000,dense_rhs/phase_id,0.0
220000,dense_rhs/num_active_horizons,7.0
220000,dense_rhs/num_candidate_horizons,3.0
220000,dense_rhs/entropy,1.8487944602966309
220000,dense_rhs/norm_entropy,0.9500923752784729
220000,dense_rhs/best_fitness,0.03162277489900589
220000,dense_rhs/deployment_score_best,3.6215746490597667e-07
220000,dense_rhs/incumbent_deployment_score,3.6215746490597667e-07
220000,dense_rhs/proposed_deployment_score,0.3345677852630615
220000,dense_rhs/proposed_transition_cost,0.051992837339639664
220000,dense_rhs/proposed_switch_probability,0.8964529633522034
220000,dense_rhs/proposed_expected_net_benefit,0.2825745940208435
220000,dense_rhs/transition_cost_best,0.051992837339639664
220000,dense_rhs/transition_adjusted_score_best,0.28257495164871216
220000,dense_rhs/switch_probability_best,0.8964529633522034
220000,dense_rhs/expected_improvement_best,0.29363346099853516
220000,dense_rhs/expected_loss_best,0.011058861389756203
220000,dense_rhs/expected_net_benefit_best,0.2825745940208435
220000,dense_rhs/return_term_best,0.8016579151153564
220000,dense_rhs/roughness_term_best,0.9854989647865295
220000,dense_rhs/return_std_term_best,0.0
220000,dense_rhs/learner_proxy_term_best,0.8897846937179565
220000,dense_rhs/model_prefix_loss_best,0.27041900157928467
220000,dense_rhs/model_probe_prefix_best,0.18588463962078094
220000,dense_rhs/planner_return_best,104.37108612060547
220000,dense_rhs/roughness_best,0.08796105533838272
220000,dense_rhs/robust_return_best,226.91390991210938
220000,timing/query_model_diag_s,0.011202898807823658
220000,timing/query_env_eval_s,13.085926140192896
220000,timing/query_finalize_s,0.0032935719937086105
220000,timing/query_total_s,13.105755729135126
220000,dense_rhs/candidate_3_fitness,0.03162277489900589
220000,dense_rhs/candidate_3_deployment_score,3.6215746490597667e-07
220000,dense_rhs/candidate_3_transition_cost,0.0
220000,dense_rhs/candidate_3_transition_adjusted_score,3.6215746490597667e-07
220000,dense_rhs/candidate_3_switch_probability,0.5
220000,dense_rhs/candidate_3_expected_net_benefit,0.0
220000,dense_rhs/candidate_3_return,226.91390991210938
220000,dense_rhs/candidate_3_return_term,0.8016579151153564
220000,dense_rhs/candidate_3_roughness_term,0.9854989647865295
220000,dense_rhs/candidate_3_return_std_term,0.0
220000,dense_rhs/candidate_3_learner_proxy_term,0.8897846937179565
220000,dense_rhs/candidate_4_fitness,0.8358340263366699
220000,dense_rhs/candidate_4_deployment_score,0.2839842736721039
220000,dense_rhs/candidate_4_transition_cost,0.03145863115787506
220000,dense_rhs/candidate_4_transition_adjusted_score,0.2525256276130676
220000,dense_rhs/candidate_4_switch_probability,0.8066527843475342
220000,dense_rhs/candidate_4_expected_net_benefit,0.25252529978752136
220000,dense_rhs/candidate_4_return,250.5123291015625
220000,dense_rhs/candidate_4_return_term,0.9585529565811157
220000,dense_rhs/candidate_4_roughness_term,0.904123067855835
220000,dense_rhs/candidate_4_return_std_term,0.5631649494171143
220000,dense_rhs/candidate_4_learner_proxy_term,0.6606427431106567
220000,dense_rhs/candidate_2_fitness,0.7605387568473816
220000,dense_rhs/candidate_2_deployment_score,0.3345677852630615
220000,dense_rhs/candidate_2_transition_cost,0.051992837339639664
220000,dense_rhs/candidate_2_transition_adjusted_score,0.28257495164871216
220000,dense_rhs/candidate_2_switch_probability,0.8964529633522034
220000,dense_rhs/candidate_2_expected_net_benefit,0.2825745940208435
220000,dense_rhs/candidate_2_return,256.746337890625
220000,dense_rhs/candidate_2_return_term,1.0
220000,dense_rhs/candidate_2_roughness_term,1.0
220000,dense_rhs/candidate_2_return_std_term,0.3345677852630615
220000,dense_rhs/candidate_2_learner_proxy_term,1.0
220000,dense_rhs/deployment_utility_enabled,1.0
220000,dense_rhs/deployment_utility_observations,3.0
220000,dense_rhs/deployment_utility_last_observed_gain,68.27761840820312
220000,dense_rhs/candidate_2_expected_eval_gain,0.0
220000,dense_rhs/candidate_2_eval_gain_uncertainty,150.0
220000,dense_rhs/candidate_2_deployment_utility_score,47.5
220000,dense_rhs/candidate_3_expected_eval_gain,168.71472930908203
220000,dense_rhs/candidate_3_eval_gain_uncertainty,77.31321119328702
220000,dense_rhs/candidate_3_deployment_utility_score,188.04303210740377
220000,dense_rhs/candidate_4_expected_eval_gain,0.0
220000,dense_rhs/candidate_4_eval_gain_uncertainty,150.0
220000,dense_rhs/candidate_4_deployment_utility_score,45.98809214234249
220000,dense_rhs/deployment_utility_override,1.0
220000,dense_rhs/deployment_utility_selected_expected_gain,168.71472930908203
220000,dense_rhs/deployment_utility_selected_uncertainty,77.31321119328702
220000,dense_rhs/deployment_utility_selected_score,188.04303210740377
220000,dense_rhs/deployment_utility_proposed_horizon,3.0
220000,dense_rhs/deployment_utility_proposed_expected_gain,168.71472930908203
220000,dense_rhs/deployment_utility_proposed_uncertainty,77.31321119328702
220000,dense_rhs/deployment_utility_proposed_score,188.04303210740377
220000,dense_rhs/previous_horizon,3.0
220000,dense_rhs/training_bucket_horizon,3.0
220000,dense_rhs/best_h,3.0
220000,dense_rhs/prob_best_h,0.05078125
220000,dense_rhs/gauss_mean_best_h,0.36087480187416077
220000,dense_rhs/gauss_post_std_best_h,0.17319121956825256
220000,system/heartbeat,1.0
223992,episode/return,602.8138427734375
223992,episode/length,500.0
223993,episode/return,675.6002197265625
223993,episode/length,500.0
223994,episode/return,623.5095825195312
223994,episode/length,500.0
223995,episode/return,588.5286865234375
223995,episode/length,500.0
223996,episode/return,649.7267456054688
223996,episode/length,500.0
223997,episode/return,556.8956298828125
223997,episode/length,500.0
223998,episode/return,593.5938720703125
223998,episode/length,500.0
223999,episode/return,599.96435546875
223999,episode/length,500.0
227992,episode/return,673.7225952148438
227992,episode/length,500.0
227993,episode/return,575.147705078125
227993,episode/length,500.0
227994,episode/return,648.691650390625
227994,episode/length,500.0
227995,episode/return,582.5130004882812
227995,episode/length,500.0
227996,episode/return,576.7052612304688
227996,episode/length,500.0
227997,episode/return,658.951904296875
227997,episode/length,500.0
227998,episode/return,640.9126586914062
227998,episode/length,500.0
227999,episode/return,639.6046752929688
227999,episode/length,500.0
230000,train/consistency_loss_mean,0.0015607201256789267
230000,train/consistency_loss_std,6.817528137353748e-05
230000,train/continue_loss_mean,0.0
230000,train/continue_loss_std,0.0
230000,train/grad_norm_mean,0.11169112023711204
230000,train/grad_norm_std,0.013521516942443308
230000,train/policy_log_std_mean,-0.46238758392333984
230000,train/policy_log_std_std,0.22246403915480842
230000,train/policy_loss_mean,-1.6645580170631409
230000,train/policy_loss_std,0.020094221683598774
230000,train/reward_loss_mean,0.24612653990983963
230000,train/reward_loss_std,0.007851677701364319
230000,train/total_loss_mean,0.08144925693273544
230000,train/total_loss_std,0.0017496331543356048
230000,train/value_loss_mean,0.2562219802856445
230000,train/value_loss_std,0.008198857198630602
230000,train/value_scale_mean,29.856411347961426
230000,train/value_scale_std,0.3724277082638175
230000,timing/collect_chunk_s,129.29513564147055
230000,timing/train_chunk_s,19.5072407531552
230000,dense_rhs/training_bucket_horizon,3.0
230000,system/heartbeat,1.0
231992,episode/return,623.7356567382812
231992,episode/length,500.0
231993,episode/return,555.7661743164062
231993,episode/length,500.0
231994,episode/return,629.0718994140625
231994,episode/length,500.0
231995,episode/return,678.3236083984375
231995,episode/length,500.0
231996,episode/return,573.9657592773438
231996,episode/length,500.0
231997,episode/return,588.7951049804688
231997,episode/length,500.0
231998,episode/return,601.0103149414062
231998,episode/length,500.0
231999,episode/return,537.6886596679688
231999,episode/length,500.0
235992,episode/return,682.0759887695312
235992,episode/length,500.0
235993,episode/return,616.661865234375
235993,episode/length,500.0
235994,episode/return,1.9637582302093506
235994,episode/length,500.0
235995,episode/return,613.8549194335938
235995,episode/length,500.0
235996,episode/return,631.8905029296875
235996,episode/length,500.0
235997,episode/return,618.1062622070312
235997,episode/length,500.0
235998,episode/return,533.0253295898438
235998,episode/length,500.0
235999,episode/return,581.980712890625
235999,episode/length,500.0
239992,episode/return,483.1233825683594
239992,episode/length,500.0
239993,episode/return,651.8633422851562
239993,episode/length,500.0
239994,episode/return,616.1132202148438
239994,episode/length,500.0
239995,episode/return,620.6058349609375
239995,episode/length,500.0
239996,episode/return,6.9384846687316895
239996,episode/length,500.0
239997,episode/return,478.8610534667969
239997,episode/length,500.0
239998,episode/return,563.6202392578125
239998,episode/length,500.0
239999,episode/return,577.5748901367188
239999,episode/length,500.0
240000,train/consistency_loss_mean,0.0015088123020716012
240000,train/consistency_loss_std,6.801832881243771e-05
240000,train/continue_loss_mean,0.0
240000,train/continue_loss_std,0.0
240000,train/grad_norm_mean,0.11032991040945053
240000,train/grad_norm_std,0.015477233518962545
240000,train/policy_log_std_mean,-0.45502790632247925
240000,train/policy_log_std_std,0.21919633156685545
240000,train/policy_loss_mean,-1.6252986218452454
240000,train/policy_loss_std,0.02157460341787661
240000,train/reward_loss_mean,0.24898435144424438
240000,train/reward_loss_std,0.007849123171567848
240000,train/total_loss_mean,0.08028241839408874
240000,train/total_loss_std,0.001726246420752969
240000,train/value_loss_mean,0.25207736250162127
240000,train/value_loss_std,0.007886401322592973
240000,train/value_scale_mean,30.80139927520752
240000,train/value_scale_std,0.35879491741285197
240000,timing/collect_chunk_s,135.00086378725246
240000,timing/train_chunk_s,19.55462434142828
240000,dense_rhs/training_bucket_horizon,3.0
240000,system/heartbeat,1.0
243992,episode/return,669.9825439453125
243992,episode/length,500.0
243993,episode/return,650.4202880859375
243993,episode/length,500.0
243994,episode/return,682.99462890625
243994,episode/length,500.0
243995,episode/return,684.1322631835938
243995,episode/length,500.0
243996,episode/return,651.3858642578125
243996,episode/length,500.0
243997,episode/return,643.0153198242188
243997,episode/length,500.0
243998,episode/return,668.898681640625
243998,episode/length,500.0
243999,episode/return,593.1570434570312
243999,episode/length,500.0
247992,episode/return,586.0240478515625
247992,episode/length,500.0
247993,episode/return,631.5918579101562
247993,episode/length,500.0
247994,episode/return,481.26409912109375
247994,episode/length,500.0
247995,episode/return,640.7369384765625
247995,episode/length,500.0
247996,episode/return,608.6293334960938
247996,episode/length,500.0
247997,episode/return,662.9277954101562
247997,episode/length,500.0
247998,episode/return,687.732666015625
247998,episode/length,500.0
247999,episode/return,673.4042358398438
247999,episode/length,500.0
250000,train/consistency_loss_mean,0.0014612972210161388
250000,train/consistency_loss_std,6.779075389335875e-05
250000,train/continue_loss_mean,0.0
250000,train/continue_loss_std,0.0
250000,train/grad_norm_mean,0.10844396675229073
250000,train/grad_norm_std,0.014225555228110044
250000,train/policy_log_std_mean,-0.4555355136871338
250000,train/policy_log_std_std,0.2173631543206317
250000,train/policy_loss_mean,-1.5985431461334227
250000,train/policy_loss_std,0.015288935937549085
250000,train/reward_loss_mean,0.2514014850139618
250000,train/reward_loss_std,0.007911876573611745
250000,train/total_loss_mean,0.07952595722675324
250000,train/total_loss_std,0.0016750750200587707
250000,train/value_loss_mean,0.2515986288189888
250000,train/value_loss_std,0.007468327403449076
250000,train/value_scale_mean,31.596148013305665
250000,train/value_scale_std,0.2008897654012787
250000,timing/collect_chunk_s,129.33347232593223
250000,timing/train_chunk_s,19.547107307240367
250000,dense_rhs/training_bucket_horizon,3.0
250000,system/heartbeat,1.0
250000,timing/checkpoint_blocking_s,0.8188023902475834
250000,eval/return_mean,645.0361328125
250000,eval/return_std,63.352210998535156
250000,eval/return_max,707.944091796875
250000,eval/return_min,405.7606201171875
250000,dense_rhs/deployment_utility_last_observed_gain,91.3077392578125
250000,dense_rhs/deployment_utility_observations,4.0
250000,timing/eval_s,20.582042697351426
250000,eval/selected_horizon,3.0
250000,eval/training_bucket_horizon,3.0
250000,system/heartbeat,1.0
251992,episode/return,665.22998046875
251992,episode/length,500.0
251993,episode/return,636.45947265625
251993,episode/length,500.0
251994,episode/return,624.4225463867188
251994,episode/length,500.0
251995,episode/return,589.8430786132812
251995,episode/length,500.0
251996,episode/return,688.3046264648438
251996,episode/length,500.0
251997,episode/return,642.974365234375
251997,episode/length,500.0
251998,episode/return,459.3652648925781
251998,episode/length,500.0
251999,episode/return,680.4487915039062
251999,episode/length,500.0
255992,episode/return,603.857177734375
255992,episode/length,500.0
255993,episode/return,579.1536865234375
255993,episode/length,500.0
255994,episode/return,620.510009765625
255994,episode/length,500.0
255995,episode/return,469.6418151855469
255995,episode/length,500.0
255996,episode/return,570.3797607421875
255996,episode/length,500.0
255997,episode/return,506.2474365234375
255997,episode/length,500.0
255998,episode/return,681.1859130859375
255998,episode/length,500.0
255999,episode/return,485.5841064453125
255999,episode/length,500.0
259992,episode/return,684.541748046875
259992,episode/length,500.0
259993,episode/return,676.856689453125
259993,episode/length,500.0
259994,episode/return,611.4163818359375
259994,episode/length,500.0
259995,episode/return,641.0096435546875
259995,episode/length,500.0
259996,episode/return,614.1454467773438
259996,episode/length,500.0
259997,episode/return,527.3406372070312
259997,episode/length,500.0
259998,episode/return,643.9112548828125
259998,episode/length,500.0
259999,episode/return,499.3250732421875
259999,episode/length,500.0
260000,train/consistency_loss_mean,0.0014205514200031758
260000,train/consistency_loss_std,6.783114583340237e-05
260000,train/continue_loss_mean,0.0
260000,train/continue_loss_std,0.0
260000,train/grad_norm_mean,0.1071299263894558
260000,train/grad_norm_std,0.01701123301718695
260000,train/policy_log_std_mean,-0.4566410181681315
260000,train/policy_log_std_std,0.21509431082960875
260000,train/policy_loss_mean,-1.555397351360321
260000,train/policy_loss_std,0.02874371503589106
260000,train/reward_loss_mean,0.2541577331900597
260000,train/reward_loss_std,0.007870868236652923
260000,train/total_loss_mean,0.07966462295055389
260000,train/total_loss_std,0.0016125790587061854
260000,train/value_loss_mean,0.2583782031536102
260000,train/value_loss_std,0.008038376577279804
260000,train/value_scale_mean,32.81849940185547
260000,train/value_scale_std,0.571931724186443
260000,timing/collect_chunk_s,129.29591106018052
260000,timing/train_chunk_s,19.54250148963183
260000,dense_rhs/training_bucket_horizon,3.0
260000,system/heartbeat,1.0
263992,episode/return,590.4835205078125
263992,episode/length,500.0
263993,episode/return,471.1949462890625
263993,episode/length,500.0
263994,episode/return,593.2117919921875
263994,episode/length,500.0
263995,episode/return,659.9111328125
263995,episode/length,500.0
263996,episode/return,599.7556762695312
263996,episode/length,500.0
263997,episode/return,636.5731201171875
263997,episode/length,500.0
263998,episode/return,683.2338256835938
263998,episode/length,500.0
263999,episode/return,636.7725830078125
263999,episode/length,500.0
267992,episode/return,672.0697021484375
267992,episode/length,500.0
267993,episode/return,600.1233520507812
267993,episode/length,500.0
267994,episode/return,341.3260498046875
267994,episode/length,500.0
267995,episode/return,625.8214721679688
267995,episode/length,500.0
267996,episode/return,682.0758056640625
267996,episode/length,500.0
267997,episode/return,632.3204956054688
267997,episode/length,500.0
267998,episode/return,515.3681640625
267998,episode/length,500.0
267999,episode/return,551.2592163085938
267999,episode/length,500.0
270000,train/consistency_loss_mean,0.0013829792068339884
270000,train/consistency_loss_std,6.670572615095339e-05
270000,train/continue_loss_mean,0.0
270000,train/continue_loss_std,0.0
270000,train/grad_norm_mean,0.1062818799316883
270000,train/grad_norm_std,0.01531563012586986
270000,train/policy_log_std_mean,-0.4619540531476339
270000,train/policy_log_std_std,0.21362679655802275
270000,train/policy_loss_mean,-1.5036733967781066
270000,train/policy_loss_std,0.01926433285156473
270000,train/reward_loss_mean,0.2569150503635407
270000,train/reward_loss_std,0.007839745132954764
270000,train/total_loss_mean,0.0803874407529831
270000,train/total_loss_std,0.0015303499330701516
270000,train/value_loss_mean,0.2703635108709335
270000,train/value_loss_std,0.007682958998906431
270000,train/value_scale_mean,34.25366364135742
270000,train/value_scale_std,0.44985620122420883
270000,timing/collect_chunk_s,137.21350901620463
270000,timing/train_chunk_s,19.55862653721124
270000,dense_rhs/training_bucket_horizon,3.0
270000,system/heartbeat,1.0
270000,dense_rhs/selected_horizon,3.0
270000,dense_rhs/proposed_horizon,3.0
270000,dense_rhs/phase_id,0.0
270000,dense_rhs/num_active_horizons,7.0
270000,dense_rhs/num_candidate_horizons,3.0
270000,dense_rhs/entropy,1.8227596282958984
270000,dense_rhs/norm_entropy,0.9367130994796753
270000,dense_rhs/best_fitness,0.7557315826416016
270000,dense_rhs/deployment_score_best,0.27219530940055847
270000,dense_rhs/incumbent_deployment_score,0.27219530940055847
270000,dense_rhs/proposed_deployment_score,0.27219530940055847
270000,dense_rhs/proposed_transition_cost,0.0
270000,dense_rhs/proposed_switch_probability,0.5
270000,dense_rhs/proposed_expected_net_benefit,0.0
270000,dense_rhs/transition_cost_best,0.0
270000,dense_rhs/transition_adjusted_score_best,0.27219530940055847
270000,dense_rhs/switch_probability_best,0.5
270000,dense_rhs/expected_improvement_best,0.0977126881480217
270000,dense_rhs/expected_loss_best,0.0977126881480217
270000,dense_rhs/expected_net_benefit_best,0.0
270000,dense_rhs/return_term_best,0.9999999403953552
270000,dense_rhs/roughness_term_best,0.938497006893158
270000,dense_rhs/return_std_term_best,0.34756505489349365
270000,dense_rhs/learner_proxy_term_best,0.8344719409942627
270000,dense_rhs/model_prefix_loss_best,0.41540423035621643
270000,dense_rhs/model_probe_prefix_best,0.2746233642101288
270000,dense_rhs/planner_return_best,109.38449096679688
270000,dense_rhs/roughness_best,0.2768908441066742
270000,dense_rhs/robust_return_best,285.8163757324219
270000,timing/query_model_diag_s,14.880147646646947
270000,timing/query_env_eval_s,13.224476282019168
270000,timing/query_finalize_s,0.8791577499359846
270000,timing/query_total_s,28.989308864809573
270000,dense_rhs/candidate_3_fitness,0.7557315826416016
270000,dense_rhs/candidate_3_deployment_score,0.27219530940055847
270000,dense_rhs/candidate_3_transition_cost,0.0
270000,dense_rhs/candidate_3_transition_adjusted_score,0.27219530940055847
270000,dense_rhs/candidate_3_switch_probability,0.5
270000,dense_rhs/candidate_3_expected_net_benefit,0.0
270000,dense_rhs/candidate_3_return,285.8163757324219
270000,dense_rhs/candidate_3_return_term,0.9999999403953552
270000,dense_rhs/candidate_3_roughness_term,0.938497006893158
270000,dense_rhs/candidate_3_return_std_term,0.34756505489349365
270000,dense_rhs/candidate_3_learner_proxy_term,0.8344719409942627
270000,dense_rhs/candidate_4_fitness,0.6279968619346619
270000,dense_rhs/candidate_4_deployment_score,0.08676030486822128
270000,dense_rhs/candidate_4_transition_cost,0.04657455161213875
270000,dense_rhs/candidate_4_transition_adjusted_score,0.040185753256082535
270000,dense_rhs/candidate_4_switch_probability,0.19090956449508667
270000,dense_rhs/candidate_4_expected_net_benefit,-0.23200954496860504
270000,dense_rhs/candidate_4_return,280.080810546875
270000,dense_rhs/candidate_4_return_term,0.9679047465324402
270000,dense_rhs/candidate_4_roughness_term,0.8379448652267456
270000,dense_rhs/candidate_4_return_std_term,0.1917693018913269
270000,dense_rhs/candidate_4_learner_proxy_term,0.6151713132858276
270000,dense_rhs/candidate_2_fitness,0.03162277489900589
270000,dense_rhs/candidate_2_deployment_score,6.268725769587036e-07
270000,dense_rhs/candidate_2_transition_cost,0.05235716700553894
270000,dense_rhs/candidate_2_transition_adjusted_score,-0.0523565411567688
270000,dense_rhs/candidate_2_switch_probability,0.0686362087726593
270000,dense_rhs/candidate_2_expected_net_benefit,-0.32455188035964966
270000,dense_rhs/candidate_2_return,266.1240234375
270000,dense_rhs/candidate_2_return_term,0.8898049592971802
270000,dense_rhs/candidate_2_roughness_term,1.0
270000,dense_rhs/candidate_2_return_std_term,0.0
270000,dense_rhs/candidate_2_learner_proxy_term,1.0
270000,dense_rhs/deployment_utility_enabled,1.0
270000,dense_rhs/deployment_utility_observations,4.0
270000,dense_rhs/deployment_utility_last_observed_gain,91.3077392578125
270000,dense_rhs/candidate_2_expected_eval_gain,0.0
270000,dense_rhs/candidate_2_eval_gain_uncertainty,150.0
270000,dense_rhs/candidate_2_deployment_utility_score,37.5
270000,dense_rhs/candidate_3_expected_eval_gain,149.36298179626465
270000,dense_rhs/candidate_3_eval_gain_uncertainty,61.73405586943547
270000,dense_rhs/candidate_3_deployment_utility_score,174.7964957636235
270000,dense_rhs/candidate_4_expected_eval_gain,0.0
270000,dense_rhs/candidate_4_eval_gain_uncertainty,150.0
270000,dense_rhs/candidate_4_deployment_utility_score,40.68741267058828
270000,dense_rhs/deployment_utility_override,0.0
270000,dense_rhs/deployment_utility_selected_expected_gain,149.36298179626465
270000,dense_rhs/deployment_utility_selected_uncertainty,61.73405586943547
270000,dense_rhs/deployment_utility_selected_score,174.7964957636235
270000,dense_rhs/deployment_utility_proposed_horizon,3.0
270000,dense_rhs/deployment_utility_proposed_expected_gain,149.36298179626465
270000,dense_rhs/deployment_utility_proposed_uncertainty,61.73405586943547
270000,dense_rhs/deployment_utility_proposed_score,174.7964957636235
270000,dense_rhs/previous_horizon,3.0
270000,dense_rhs/training_bucket_horizon,3.0
270000,dense_rhs/best_h,3.0
270000,dense_rhs/prob_best_h,0.076171875
270000,dense_rhs/gauss_mean_best_h,0.43984612822532654
270000,dense_rhs/gauss_post_std_best_h,0.15551884472370148
270000,system/heartbeat,1.0
271992,episode/return,543.6329345703125
271992,episode/length,500.0
271993,episode/return,572.3907470703125
271993,episode/length,500.0
271994,episode/return,562.524658203125
271994,episode/length,500.0
271995,episode/return,488.4469299316406
271995,episode/length,500.0
271996,episode/return,550.4444580078125
271996,episode/length,500.0
271997,episode/return,611.2362060546875
271997,episode/length,500.0
271998,episode/return,588.00634765625
271998,episode/length,500.0
271999,episode/return,571.8402709960938
271999,episode/length,500.0
275992,episode/return,587.6046142578125
275992,episode/length,500.0
275993,episode/return,651.387939453125
275993,episode/length,500.0
275994,episode/return,583.3171997070312
275994,episode/length,500.0
275995,episode/return,533.203125
275995,episode/length,500.0
275996,episode/return,669.2166748046875
275996,episode/length,500.0
275997,episode/return,632.166015625
275997,episode/length,500.0
275998,episode/return,494.8929443359375
275998,episode/length,500.0
275999,episode/return,611.9203491210938
275999,episode/length,500.0
279992,episode/return,644.0411376953125
279992,episode/length,500.0
279993,episode/return,624.3001708984375
279993,episode/length,500.0
279994,episode/return,536.3523559570312
279994,episode/length,500.0
279995,episode/return,658.7471313476562
279995,episode/length,500.0
279996,episode/return,607.8223266601562
279996,episode/length,500.0
279997,episode/return,569.9723510742188
279997,episode/length,500.0
279998,episode/return,645.8904418945312
279998,episode/length,500.0
279999,episode/return,606.61962890625
279999,episode/length,500.0
280000,train/consistency_loss_mean,0.0013487571144476533
280000,train/consistency_loss_std,6.580655330858295e-05
280000,train/continue_loss_mean,0.0
280000,train/continue_loss_std,0.0
280000,train/grad_norm_mean,0.104776996332407
280000,train/grad_norm_std,0.013746324216666286
280000,train/policy_log_std_mean,-0.46789218807220456
280000,train/policy_log_std_std,0.21187656064872507
280000,train/policy_loss_mean,-1.5101515703201294
280000,train/policy_loss_std,0.015328822890152543
280000,train/reward_loss_mean,0.2586488879442215
280000,train/reward_loss_std,0.0077627950867645915
280000,train/total_loss_mean,0.08020078068971634
280000,train/total_loss_std,0.001412872419900343
280000,train/value_loss_mean,0.27360748093128207
280000,train/value_loss_std,0.006470954535374521
280000,train/value_scale_mean,34.43612538452148
280000,train/value_scale_std,0.13235378707316675
280000,timing/collect_chunk_s,129.58982914313674
280000,timing/train_chunk_s,19.52262342069298
280000,dense_rhs/training_bucket_horizon,3.0
280000,system/heartbeat,1.0
283992,episode/return,581.21337890625
283992,episode/length,500.0
283993,episode/return,550.9140625
283993,episode/length,500.0
283994,episode/return,541.5534057617188
283994,episode/length,500.0
283995,episode/return,514.6856079101562
283995,episode/length,500.0
283996,episode/return,588.6746215820312
283996,episode/length,500.0
283997,episode/return,588.3334350585938
283997,episode/length,500.0
283998,episode/return,640.462890625
283998,episode/length,500.0
283999,episode/return,646.4974365234375
283999,episode/length,500.0
287992,episode/return,616.4723510742188
287992,episode/length,500.0
287993,episode/return,617.0136108398438
287993,episode/length,500.0
287994,episode/return,384.24981689453125
287994,episode/length,500.0
287995,episode/return,651.7022705078125
287995,episode/length,500.0
287996,episode/return,583.9649658203125
287996,episode/length,500.0
287997,episode/return,608.475830078125
287997,episode/length,500.0
287998,episode/return,660.7210083007812
287998,episode/length,500.0
287999,episode/return,543.6666870117188
287999,episode/length,500.0
290000,train/consistency_loss_mean,0.0013158132245764136
290000,train/consistency_loss_std,6.550524066550638e-05
290000,train/continue_loss_mean,0.0
290000,train/continue_loss_std,0.0
290000,train/grad_norm_mean,0.10419462438225746
290000,train/grad_norm_std,0.015059065841427795
290000,train/policy_log_std_mean,-0.46902501894632975
290000,train/policy_log_std_std,0.20881482920054195
290000,train/policy_loss_mean,-1.527309115600586
290000,train/policy_loss_std,0.02288990875663607
290000,train/reward_loss_mean,0.26063437533378603
290000,train/reward_loss_std,0.007750804560702811
290000,train/total_loss_mean,0.07993646604418754
290000,train/total_loss_std,0.001378549998822071
290000,train/value_loss_mean,0.27556763250827787
290000,train/value_loss_std,0.006446278397724202
290000,train/value_scale_mean,34.36909689636231
290000,train/value_scale_std,0.22365355188617886
290000,timing/collect_chunk_s,129.7429377194494
290000,timing/train_chunk_s,19.55031803715974
290000,dense_rhs/training_bucket_horizon,3.0
290000,system/heartbeat,1.0
291992,episode/return,592.8196411132812
291992,episode/length,500.0
291993,episode/return,19.720542907714844
291993,episode/length,500.0
291994,episode/return,520.6903686523438
291994,episode/length,500.0
291995,episode/return,567.6030883789062
291995,episode/length,500.0
291996,episode/return,632.5071411132812
291996,episode/length,500.0
291997,episode/return,0.3929486572742462
291997,episode/length,500.0
291998,episode/return,581.4236450195312
291998,episode/length,500.0
291999,episode/return,662.329345703125
291999,episode/length,500.0
295992,episode/return,551.2281494140625
295992,episode/length,500.0
295993,episode/return,584.5670166015625
295993,episode/length,500.0
295994,episode/return,550.1318969726562
295994,episode/length,500.0
295995,episode/return,610.7788696289062
295995,episode/length,500.0
295996,episode/return,595.2809448242188
295996,episode/length,500.0
295997,episode/return,639.4398803710938
295997,episode/length,500.0
295998,episode/return,611.1343383789062
295998,episode/length,500.0
295999,episode/return,563.24560546875
295999,episode/length,500.0
299992,episode/return,655.7952270507812
299992,episode/length,500.0
299993,episode/return,632.8494873046875
299993,episode/length,500.0
299994,episode/return,649.2630615234375
299994,episode/length,500.0
299995,episode/return,670.7734985351562
299995,episode/length,500.0
299996,episode/return,567.2174682617188
299996,episode/length,500.0
299997,episode/return,651.0921630859375
299997,episode/length,500.0
299998,episode/return,625.2506713867188
299998,episode/length,500.0
299999,episode/return,660.4900512695312
299999,episode/length,500.0
300000,train/consistency_loss_mean,0.0012867199650034309
300000,train/consistency_loss_std,6.442323036431945e-05
300000,train/continue_loss_mean,0.0
300000,train/continue_loss_std,0.0
300000,train/grad_norm_mean,0.10287506610155106
300000,train/grad_norm_std,0.01473604220381878
300000,train/policy_log_std_mean,-0.4726827743848165
300000,train/policy_log_std_std,0.20982923693150185
300000,train/policy_loss_mean,-1.5648568791389466
300000,train/policy_loss_std,0.018995456664540167
300000,train/reward_loss_mean,0.2614485150337219
300000,train/reward_loss_std,0.007764896411620317
300000,train/total_loss_mean,0.07903778890371323
300000,train/total_loss_std,0.001320444344583742
300000,train/value_loss_mean,0.271585369682312
300000,train/value_loss_std,0.006463982152500906
300000,train/value_scale_mean,33.773524795532225
300000,train/value_scale_std,0.22128670869439168
300000,timing/collect_chunk_s,135.5727674178779
300000,timing/train_chunk_s,19.523265972267836
300000,dense_rhs/training_bucket_horizon,3.0
300000,system/heartbeat,1.0
300000,timing/checkpoint_blocking_s,0.9270596317946911
300000,eval/return_mean,641.5164184570312
300000,eval/return_std,43.079044342041016
300000,eval/return_max,703.7601318359375
300000,eval/return_min,533.2286987304688
300000,dense_rhs/deployment_utility_last_observed_gain,-3.51971435546875
300000,dense_rhs/deployment_utility_observations,5.0
300000,timing/eval_s,20.596174642909318
300000,eval/selected_horizon,3.0
300000,eval/training_bucket_horizon,3.0
300000,system/heartbeat,1.0
303992,episode/return,562.9448852539062
303992,episode/length,500.0
303993,episode/return,540.0774536132812
303993,episode/length,500.0
303994,episode/return,636.2528686523438
303994,episode/length,500.0
303995,episode/return,578.1954956054688
303995,episode/length,500.0
303996,episode/return,613.3452758789062
303996,episode/length,500.0
303997,episode/return,623.3240966796875
303997,episode/length,500.0
303998,episode/return,592.590576171875
303998,episode/length,500.0
303999,episode/return,649.8678588867188
303999,episode/length,500.0
307992,episode/return,614.3113403320312
307992,episode/length,500.0
307993,episode/return,671.3826904296875
307993,episode/length,500.0
307994,episode/return,644.7261352539062
307994,episode/length,500.0
307995,episode/return,638.3687133789062
307995,episode/length,500.0
307996,episode/return,533.497802734375
307996,episode/length,500.0
307997,episode/return,673.1987915039062
307997,episode/length,500.0
307998,episode/return,646.8544921875
307998,episode/length,500.0
307999,episode/return,599.512451171875
307999,episode/length,500.0
310000,train/consistency_loss_mean,0.0012577789903618396
310000,train/consistency_loss_std,6.477185498536469e-05
310000,train/continue_loss_mean,0.0
310000,train/continue_loss_std,0.0
310000,train/grad_norm_mean,0.10190851370692253
310000,train/grad_norm_std,0.014485271332985803
310000,train/policy_log_std_mean,-0.47601512603759766
310000,train/policy_log_std_std,0.20985717284178573
310000,train/policy_loss_mean,-1.6113028794288635
310000,train/policy_loss_std,0.021048330859839558
310000,train/reward_loss_mean,0.26375419511795045
310000,train/reward_loss_std,0.007669724222127704
310000,train/total_loss_mean,0.07847521558403969
310000,train/total_loss_std,0.0012443867727123053
310000,train/value_loss_mean,0.26944215841293334
310000,train/value_loss_std,0.006433189766299747
310000,train/value_scale_mean,33.038469842529295
310000,train/value_scale_std,0.20920145658758107
310000,timing/collect_chunk_s,130.5826741885394
310000,timing/train_chunk_s,19.509070256724954
310000,dense_rhs/training_bucket_horizon,3.0
310000,system/heartbeat,1.0
311992,episode/return,644.44921875
311992,episode/length,500.0
311993,episode/return,520.0172119140625
311993,episode/length,500.0
311994,episode/return,678.6094970703125
311994,episode/length,500.0
311995,episode/return,585.6243286132812
311995,episode/length,500.0
311996,episode/return,594.4600219726562
311996,episode/length,500.0
311997,episode/return,638.8447875976562
311997,episode/length,500.0
311998,episode/return,629.1268310546875
311998,episode/length,500.0
311999,episode/return,585.322509765625
311999,episode/length,500.0
315992,episode/return,498.463623046875
315992,episode/length,500.0
315993,episode/return,620.070556640625
315993,episode/length,500.0
315994,episode/return,629.7835083007812
315994,episode/length,500.0
315995,episode/return,533.526123046875
315995,episode/length,500.0
315996,episode/return,537.5731201171875
315996,episode/length,500.0
315997,episode/return,617.6823120117188
315997,episode/length,500.0
315998,episode/return,614.6636962890625
315998,episode/length,500.0
315999,episode/return,562.017333984375
315999,episode/length,500.0
319992,episode/return,627.125244140625
319992,episode/length,500.0
319993,episode/return,662.9986572265625
319993,episode/length,500.0
319994,episode/return,655.7833251953125
319994,episode/length,500.0
319995,episode/return,522.4961547851562
319995,episode/length,500.0
319996,episode/return,588.1018676757812
319996,episode/length,500.0
319997,episode/return,645.0838623046875
319997,episode/length,500.0
319998,episode/return,611.412109375
319998,episode/length,500.0
319999,episode/return,634.7395629882812
319999,episode/length,500.0
320000,train/consistency_loss_mean,0.0012289433594793082
320000,train/consistency_loss_std,6.257104539515685e-05
320000,train/continue_loss_mean,0.0
320000,train/continue_loss_std,0.0
320000,train/grad_norm_mean,0.10107120485901833
320000,train/grad_norm_std,0.01437108074062425
320000,train/policy_log_std_mean,-0.47904493595759073
320000,train/policy_log_std_std,0.2065987518822303
320000,train/policy_loss_mean,-1.6638213710784913
320000,train/policy_loss_std,0.02211277402448247
320000,train/reward_loss_mean,0.2660099137544632
320000,train/reward_loss_std,0.0075547376498583405
320000,train/total_loss_mean,0.07824574609398842
320000,train/total_loss_std,0.0011789170131167976
320000,train/value_loss_mean,0.27065886569023134
320000,train/value_loss_std,0.00692521467849959
320000,train/value_scale_mean,32.49737142028808
320000,train/value_scale_std,0.24398034061976898
320000,timing/collect_chunk_s,129.8007496073842
320000,timing/train_chunk_s,19.537007497623563
320000,dense_rhs/training_bucket_horizon,3.0
320000,system/heartbeat,1.0
320000,dense_rhs/selected_horizon,3.0
320000,dense_rhs/proposed_horizon,3.0
320000,dense_rhs/phase_id,0.0
320000,dense_rhs/num_active_horizons,7.0
320000,dense_rhs/num_candidate_horizons,3.0
320000,dense_rhs/entropy,1.822095274925232
320000,dense_rhs/norm_entropy,0.9363716840744019
320000,dense_rhs/best_fitness,0.6558994650840759
320000,dense_rhs/deployment_score_best,0.14844638109207153
320000,dense_rhs/incumbent_deployment_score,0.14844638109207153
320000,dense_rhs/proposed_deployment_score,0.14844638109207153
320000,dense_rhs/proposed_transition_cost,0.0
320000,dense_rhs/proposed_switch_probability,0.5
320000,dense_rhs/proposed_expected_net_benefit,0.0
320000,dense_rhs/transition_cost_best,0.0
320000,dense_rhs/transition_adjusted_score_best,0.14844638109207153
320000,dense_rhs/switch_probability_best,0.5
320000,dense_rhs/expected_improvement_best,0.08774211257696152
320000,dense_rhs/expected_loss_best,0.08774211257696152
320000,dense_rhs/expected_net_benefit_best,0.0
320000,dense_rhs/return_term_best,0.9670917391777039
320000,dense_rhs/roughness_term_best,0.9501432776451111
320000,dense_rhs/return_std_term_best,0.20141416788101196
320000,dense_rhs/learner_proxy_term_best,0.886788010597229
320000,dense_rhs/model_prefix_loss_best,0.4132052958011627
320000,dense_rhs/model_probe_prefix_best,0.2767447233200073
320000,dense_rhs/planner_return_best,111.64878845214844
320000,dense_rhs/roughness_best,0.25602197647094727
320000,dense_rhs/robust_return_best,281.22161865234375
320000,timing/query_model_diag_s,0.012337686959654093
320000,timing/query_env_eval_s,13.29414175497368
320000,timing/query_finalize_s,0.003518118988722563
320000,timing/query_total_s,13.315449038986117
320000,dense_rhs/candidate_3_fitness,0.6558994650840759
320000,dense_rhs/candidate_3_deployment_score,0.14844638109207153
320000,dense_rhs/candidate_3_transition_cost,0.0
320000,dense_rhs/candidate_3_transition_adjusted_score,0.14844638109207153
320000,dense_rhs/candidate_3_switch_probability,0.5
320000,dense_rhs/candidate_3_expected_net_benefit,0.0
320000,dense_rhs/candidate_3_return,281.22161865234375
320000,dense_rhs/candidate_3_return_term,0.9670917391777039
320000,dense_rhs/candidate_3_roughness_term,0.9501432776451111
320000,dense_rhs/candidate_3_return_std_term,0.20141416788101196
320000,dense_rhs/candidate_3_learner_proxy_term,0.886788010597229
320000,dense_rhs/candidate_4_fitness,0.64417964220047
320000,dense_rhs/candidate_4_deployment_score,0.13176020979881287
320000,dense_rhs/candidate_4_transition_cost,0.04803682863712311
320000,dense_rhs/candidate_4_transition_adjusted_score,0.08372338116168976
320000,dense_rhs/candidate_4_switch_probability,0.3874667286872864
320000,dense_rhs/candidate_4_expected_net_benefit,-0.06472299993038177
320000,dense_rhs/candidate_4_return,287.240966796875
320000,dense_rhs/candidate_4_return_term,1.0
320000,dense_rhs/candidate_4_roughness_term,0.8295316696166992
320000,dense_rhs/candidate_4_return_std_term,0.20758330821990967
320000,dense_rhs/candidate_4_learner_proxy_term,0.7651716470718384
320000,dense_rhs/candidate_2_fitness,0.03162277489900589
320000,dense_rhs/candidate_2_deployment_score,6.314019742603705e-07
320000,dense_rhs/candidate_2_transition_cost,0.042794495820999146
320000,dense_rhs/candidate_2_transition_adjusted_score,-0.042793866246938705
320000,dense_rhs/candidate_2_switch_probability,0.1695263683795929
320000,dense_rhs/candidate_2_expected_net_benefit,-0.19124025106430054
320000,dense_rhs/candidate_2_return,267.3780517578125
320000,dense_rhs/candidate_2_return_term,0.8914079070091248
320000,dense_rhs/candidate_2_roughness_term,1.0
320000,dense_rhs/candidate_2_return_std_term,0.0
320000,dense_rhs/candidate_2_learner_proxy_term,1.0
320000,dense_rhs/deployment_utility_enabled,1.0
320000,dense_rhs/deployment_utility_observations,5.0
320000,dense_rhs/deployment_utility_last_observed_gain,-3.51971435546875
320000,dense_rhs/candidate_2_expected_eval_gain,0.0
320000,dense_rhs/candidate_2_eval_gain_uncertainty,150.0
320000,dense_rhs/candidate_2_deployment_utility_score,37.5
320000,dense_rhs/candidate_3_expected_eval_gain,118.78644256591797
320000,dense_rhs/candidate_3_eval_gain_uncertainty,56.24955351168287
320000,dense_rhs/candidate_3_deployment_utility_score,142.8488309438387
320000,dense_rhs/candidate_4_expected_eval_gain,0.0
320000,dense_rhs/candidate_4_eval_gain_uncertainty,150.0
320000,dense_rhs/candidate_4_deployment_utility_score,46.37594145820318
320000,dense_rhs/deployment_utility_override,0.0
320000,dense_rhs/deployment_utility_selected_expected_gain,118.78644256591797
320000,dense_rhs/deployment_utility_selected_uncertainty,56.24955351168287
320000,dense_rhs/deployment_utility_selected_score,142.8488309438387
320000,dense_rhs/deployment_utility_proposed_horizon,3.0
320000,dense_rhs/deployment_utility_proposed_expected_gain,118.78644256591797
320000,dense_rhs/deployment_utility_proposed_uncertainty,56.24955351168287
320000,dense_rhs/deployment_utility_proposed_score,142.8488309438387
320000,dense_rhs/previous_horizon,3.0
320000,dense_rhs/training_bucket_horizon,3.0
320000,dense_rhs/best_h,3.0
320000,dense_rhs/prob_best_h,0.12890625
320000,dense_rhs/gauss_mean_best_h,0.4758550524711609
320000,dense_rhs/gauss_post_std_best_h,0.13370281457901
320000,system/heartbeat,1.0
323992,episode/return,631.921630859375
323992,episode/length,500.0
323993,episode/return,615.1079711914062
323993,episode/length,500.0
323994,episode/return,561.3342895507812
323994,episode/length,500.0
323995,episode/return,594.5802001953125
323995,episode/length,500.0
323996,episode/return,672.6365356445312
323996,episode/length,500.0
323997,episode/return,599.3433227539062
323997,episode/length,500.0
323998,episode/return,654.6625366210938
323998,episode/length,500.0
323999,episode/return,588.7921752929688
323999,episode/length,500.0
327992,episode/return,613.739501953125
327992,episode/length,500.0
327993,episode/return,648.4353637695312
327993,episode/length,500.0
327994,episode/return,637.4276123046875
327994,episode/length,500.0
327995,episode/return,593.1170654296875
327995,episode/length,500.0
327996,episode/return,651.5585327148438
327996,episode/length,500.0
327997,episode/return,639.2892456054688
327997,episode/length,500.0
327998,episode/return,668.0236206054688
327998,episode/length,500.0
327999,episode/return,665.1288452148438
327999,episode/length,500.0
330000,train/consistency_loss_mean,0.0012048277244903146
330000,train/consistency_loss_std,6.287436812973696e-05
330000,train/continue_loss_mean,0.0
330000,train/continue_loss_std,0.0
330000,train/grad_norm_mean,0.10033056818246841
330000,train/grad_norm_std,0.014622945764126505
330000,train/policy_log_std_mean,-0.47988190358479815
330000,train/policy_log_std_std,0.20604364090841293
330000,train/policy_loss_mean,-1.6890496335029601
330000,train/policy_loss_std,0.017902652075419193
330000,train/reward_loss_mean,0.26788215610980987
330000,train/reward_loss_std,0.007670155389359616
330000,train/total_loss_mean,0.07832501302957534
330000,train/total_loss_std,0.0011866962364719242
330000,train/value_loss_mean,0.2744024267673492
330000,train/value_loss_std,0.007251149681273612
330000,train/value_scale_mean,32.153740383911135
330000,train/value_scale_std,0.15910693699978512
330000,timing/collect_chunk_s,138.09026785567403
330000,timing/train_chunk_s,19.504233441781253
330000,dense_rhs/training_bucket_horizon,3.0
330000,system/heartbeat,1.0
331992,episode/return,600.2322387695312
331992,episode/length,500.0
331993,episode/return,601.6416015625
331993,episode/length,500.0
331994,episode/return,612.438232421875
331994,episode/length,500.0
331995,episode/return,637.4569091796875
331995,episode/length,500.0
331996,episode/return,603.8961791992188
331996,episode/length,500.0
331997,episode/return,628.0848999023438
331997,episode/length,500.0
331998,episode/return,637.7335815429688
331998,episode/length,500.0
331999,episode/return,654.8248291015625
331999,episode/length,500.0
335992,episode/return,590.0353393554688
335992,episode/length,500.0
335993,episode/return,636.8136596679688
335993,episode/length,500.0
335994,episode/return,605.7870483398438
335994,episode/length,500.0
335995,episode/return,585.3934936523438
335995,episode/length,500.0
335996,episode/return,630.4642944335938
335996,episode/length,500.0
335997,episode/return,637.9404296875
335997,episode/length,500.0
335998,episode/return,653.3812866210938
335998,episode/length,500.0
335999,episode/return,630.5223388671875
335999,episode/length,500.0
339992,episode/return,671.9551391601562
339992,episode/length,500.0
339993,episode/return,661.1561889648438
339993,episode/length,500.0
339994,episode/return,693.1165161132812
339994,episode/length,500.0
339995,episode/return,661.8087768554688
339995,episode/length,500.0
339996,episode/return,7.263864517211914
339996,episode/length,500.0
339997,episode/return,598.5322875976562
339997,episode/length,500.0
339998,episode/return,644.3731079101562
339998,episode/length,500.0
339999,episode/return,595.6530151367188
339999,episode/length,500.0
340000,train/consistency_loss_mean,0.0011820172736421227
340000,train/consistency_loss_std,6.253450103315779e-05
340000,train/continue_loss_mean,0.0
340000,train/continue_loss_std,0.0
340000,train/grad_norm_mean,0.09977652186751365
340000,train/grad_norm_std,0.014796983549889314
340000,train/policy_log_std_mean,-0.4764610869407654
340000,train/policy_log_std_std,0.20133519159075994
340000,train/policy_loss_mean,-1.7248026014328004
340000,train/policy_loss_std,0.017933274013420392
340000,train/reward_loss_mean,0.2695693994522095
340000,train/reward_loss_std,0.007551706642258586
340000,train/total_loss_mean,0.0784301954805851
340000,train/total_loss_std,0.001185878095214674
340000,train/value_loss_mean,0.278329093837738
340000,train/value_loss_std,0.007131728554357819
340000,train/value_scale_mean,31.697347064208984
340000,train/value_scale_std,0.21005888606155815
340000,timing/collect_chunk_s,131.09344424912706
340000,timing/train_chunk_s,19.539936953689903
340000,dense_rhs/training_bucket_horizon,3.0
340000,system/heartbeat,1.0
343992,episode/return,682.7957153320312
343992,episode/length,500.0
343993,episode/return,637.239013671875
343993,episode/length,500.0
343994,episode/return,615.7109375
343994,episode/length,500.0
343995,episode/return,617.605712890625
343995,episode/length,500.0
343996,episode/return,535.0919189453125
343996,episode/length,500.0
343997,episode/return,608.3706665039062
343997,episode/length,500.0
343998,episode/return,560.9781494140625
343998,episode/length,500.0
343999,episode/return,532.9398193359375
343999,episode/length,500.0
347992,episode/return,550.4813842773438
347992,episode/length,500.0
347993,episode/return,651.3690795898438
347993,episode/length,500.0
347994,episode/return,584.32275390625
347994,episode/length,500.0
347995,episode/return,567.917724609375
347995,episode/length,500.0
347996,episode/return,631.4116821289062
347996,episode/length,500.0
347997,episode/return,605.115478515625
347997,episode/length,500.0
347998,episode/return,526.0320434570312
347998,episode/length,500.0
347999,episode/return,591.2168579101562
347999,episode/length,500.0
350000,train/consistency_loss_mean,0.0011582521538250148
350000,train/consistency_loss_std,6.284068267917454e-05
350000,train/continue_loss_mean,0.0
350000,train/continue_loss_std,0.0
350000,train/grad_norm_mean,0.09910234770178795
350000,train/grad_norm_std,0.015520849221944773
350000,train/policy_log_std_mean,-0.4784644585291545
350000,train/policy_log_std_std,0.19862808142479335
350000,train/policy_loss_mean,-1.7491912848472595
350000,train/policy_loss_std,0.021609061130426724
350000,train/reward_loss_mean,0.2710238611459732
350000,train/reward_loss_std,0.007578873747262716
350000,train/total_loss_mean,0.0783555038869381
350000,train/total_loss_std,0.0011540618729975244
350000,train/value_loss_mean,0.2808807377338409
350000,train/value_loss_std,0.007232657255679486
350000,train/value_scale_mean,31.23354610748291
350000,train/value_scale_std,0.2479413146074183
350000,timing/collect_chunk_s,132.59955861838534
350000,timing/train_chunk_s,19.557275521568954
350000,dense_rhs/training_bucket_horizon,3.0
350000,system/heartbeat,1.0
350000,timing/checkpoint_blocking_s,0.9757063779979944
350000,eval/return_mean,599.8720703125
350000,eval/return_std,201.28855895996094
350000,eval/return_max,733.0902099609375
350000,eval/return_min,7.880495071411133
350000,dense_rhs/deployment_utility_last_observed_gain,-41.64434814453125
350000,dense_rhs/deployment_utility_observations,6.0
350000,timing/eval_s,20.493465840816498
350000,eval/selected_horizon,3.0
350000,eval/training_bucket_horizon,3.0
350000,system/heartbeat,1.0
351992,episode/return,659.2720336914062
351992,episode/length,500.0
351993,episode/return,678.8383178710938
351993,episode/length,500.0
351994,episode/return,630.3823852539062
351994,episode/length,500.0
351995,episode/return,498.4977111816406
351995,episode/length,500.0
351996,episode/return,625.8049926757812
351996,episode/length,500.0
351997,episode/return,674.533203125
351997,episode/length,500.0
351998,episode/return,674.1470947265625
351998,episode/length,500.0
351999,episode/return,635.1051635742188
351999,episode/length,500.0
355992,episode/return,573.7459106445312
355992,episode/length,500.0
355993,episode/return,610.752197265625
355993,episode/length,500.0
355994,episode/return,643.3140258789062
355994,episode/length,500.0
355995,episode/return,562.7351684570312
355995,episode/length,500.0
355996,episode/return,604.7113647460938
355996,episode/length,500.0
355997,episode/return,550.38818359375
355997,episode/length,500.0
355998,episode/return,619.5995483398438
355998,episode/length,500.0
355999,episode/return,585.0467529296875
355999,episode/length,500.0
359992,episode/return,632.5023803710938
359992,episode/length,500.0
359993,episode/return,656.4042358398438
359993,episode/length,500.0
359994,episode/return,662.847900390625
359994,episode/length,500.0
359995,episode/return,631.9610595703125
359995,episode/length,500.0
359996,episode/return,586.484375
359996,episode/length,500.0
359997,episode/return,664.0869140625
359997,episode/length,500.0
359998,episode/return,638.1409301757812
359998,episode/length,500.0
359999,episode/return,601.0433349609375
359999,episode/length,500.0
360000,train/consistency_loss_mean,0.0011418201960623265
360000,train/consistency_loss_std,6.167875631003973e-05
360000,train/continue_loss_mean,0.0
360000,train/continue_loss_std,0.0
360000,train/grad_norm_mean,0.09945102007985115
360000,train/grad_norm_std,0.016474538987624496
360000,train/policy_log_std_mean,-0.4792520764986674
360000,train/policy_log_std_std,0.1990211141226887
360000,train/policy_loss_mean,-1.7656081705093383
360000,train/policy_loss_std,0.01852664595074663
360000,train/reward_loss_mean,0.2726825900554657
360000,train/reward_loss_std,0.0075699496117974645
360000,train/total_loss_mean,0.07855634214878082
360000,train/total_loss_std,0.0011657009555765148
360000,train/value_loss_mean,0.2845167870283127
360000,train/value_loss_std,0.007200057196506485
360000,train/value_scale_mean,31.008863946533204
360000,train/value_scale_std,0.13197384951495617
360000,timing/collect_chunk_s,136.19134018523619
360000,timing/train_chunk_s,19.492476581595838
360000,dense_rhs/training_bucket_horizon,3.0
360000,system/heartbeat,1.0
363992,episode/return,644.652587890625
363992,episode/length,500.0
363993,episode/return,676.9856567382812
363993,episode/length,500.0
363994,episode/return,645.2089233398438
363994,episode/length,500.0
363995,episode/return,652.964599609375
363995,episode/length,500.0
363996,episode/return,665.979248046875
363996,episode/length,500.0
363997,episode/return,679.2172241210938
363997,episode/length,500.0
363998,episode/return,611.3822631835938
363998,episode/length,500.0
363999,episode/return,659.9773559570312
363999,episode/length,500.0
367992,episode/return,612.416748046875
367992,episode/length,500.0
367993,episode/return,646.3280029296875
367993,episode/length,500.0
367994,episode/return,530.3754272460938
367994,episode/length,500.0
367995,episode/return,590.7608642578125
367995,episode/length,500.0
367996,episode/return,622.5413818359375
367996,episode/length,500.0
367997,episode/return,584.4608154296875
367997,episode/length,500.0
367998,episode/return,607.986328125
367998,episode/length,500.0
367999,episode/return,523.8880004882812
367999,episode/length,500.0
370000,train/consistency_loss_mean,0.0011220882385969161
370000,train/consistency_loss_std,6.0862825165527224e-05
370000,train/continue_loss_mean,0.0
370000,train/continue_loss_std,0.0
370000,train/grad_norm_mean,0.09810119879841804
370000,train/grad_norm_std,0.01577965434879393
370000,train/policy_log_std_mean,-0.48115189587275187
370000,train/policy_log_std_std,0.1965355483494609
370000,train/policy_loss_mean,-1.7903033465385436
370000,train/policy_loss_std,0.019002779831486936
370000,train/reward_loss_mean,0.27433286843299864
370000,train/reward_loss_std,0.007404907009371775
370000,train/total_loss_mean,0.07858655570149421
370000,train/total_loss_std,0.0011466996298509268
370000,train/value_loss_mean,0.2871150264263153
370000,train/value_loss_std,0.00709109418170757
370000,train/value_scale_mean,30.77619467010498
370000,train/value_scale_std,0.1277235588652814
370000,timing/collect_chunk_s,131.79421891178936
370000,timing/train_chunk_s,19.540684576146305
370000,dense_rhs/training_bucket_horizon,3.0
370000,system/heartbeat,1.0
370000,dense_rhs/selected_horizon,3.0
370000,dense_rhs/proposed_horizon,4.0
370000,dense_rhs/phase_id,0.0
370000,dense_rhs/num_active_horizons,7.0
370000,dense_rhs/num_candidate_horizons,3.0
370000,dense_rhs/entropy,1.789392352104187
370000,dense_rhs/norm_entropy,0.919565737247467
370000,dense_rhs/best_fitness,0.7642335295677185
370000,dense_rhs/deployment_score_best,0.15261134505271912
370000,dense_rhs/incumbent_deployment_score,0.15261134505271912
370000,dense_rhs/proposed_deployment_score,0.29195553064346313
370000,dense_rhs/proposed_transition_cost,0.03236081078648567
370000,dense_rhs/proposed_switch_probability,0.7100751399993896
370000,dense_rhs/proposed_expected_net_benefit,0.10698338598012924
370000,dense_rhs/transition_cost_best,0.03236081078648567
370000,dense_rhs/transition_adjusted_score_best,0.25959470868110657
370000,dense_rhs/switch_probability_best,0.7100751399993896
370000,dense_rhs/expected_improvement_best,0.14210808277130127
370000,dense_rhs/expected_loss_best,0.03512469679117203
370000,dense_rhs/expected_net_benefit_best,0.10698338598012924
370000,dense_rhs/return_term_best,0.7885902523994446
370000,dense_rhs/roughness_term_best,0.9477868676185608
370000,dense_rhs/return_std_term_best,0.4563950300216675
370000,dense_rhs/learner_proxy_term_best,0.9122830629348755
370000,dense_rhs/model_prefix_loss_best,0.5618177652359009
370000,dense_rhs/model_probe_prefix_best,0.3503241539001465
370000,dense_rhs/planner_return_best,120.12066650390625
370000,dense_rhs/roughness_best,0.7411905527114868
370000,dense_rhs/robust_return_best,235.22535705566406
370000,timing/query_model_diag_s,0.011637085117399693
370000,timing/query_env_eval_s,13.257753538899124
370000,timing/query_finalize_s,0.005367388017475605
370000,timing/query_total_s,13.281511784065515
370000,dense_rhs/candidate_3_fitness,0.7642335295677185
370000,dense_rhs/candidate_3_deployment_score,0.15261134505271912
370000,dense_rhs/candidate_3_transition_cost,0.0
370000,dense_rhs/candidate_3_transition_adjusted_score,0.15261134505271912
370000,dense_rhs/candidate_3_switch_probability,0.5
370000,dense_rhs/candidate_3_expected_net_benefit,0.0
370000,dense_rhs/candidate_3_return,235.22535705566406
370000,dense_rhs/candidate_3_return_term,0.7885902523994446
370000,dense_rhs/candidate_3_roughness_term,0.9477868676185608
370000,dense_rhs/candidate_3_return_std_term,0.4563950300216675
370000,dense_rhs/candidate_3_learner_proxy_term,0.9122830629348755
370000,dense_rhs/candidate_4_fitness,0.8029995560646057
370000,dense_rhs/candidate_4_deployment_score,0.29195553064346313
370000,dense_rhs/candidate_4_transition_cost,0.03236081078648567
370000,dense_rhs/candidate_4_transition_adjusted_score,0.25959470868110657
370000,dense_rhs/candidate_4_switch_probability,0.7100751399993896
370000,dense_rhs/candidate_4_expected_net_benefit,0.10698338598012924
370000,dense_rhs/candidate_4_return,266.646484375
370000,dense_rhs/candidate_4_return_term,1.0
370000,dense_rhs/candidate_4_roughness_term,0.829365074634552
370000,dense_rhs/candidate_4_return_std_term,0.5013193488121033
370000,dense_rhs/candidate_4_learner_proxy_term,0.702193021774292
370000,dense_rhs/candidate_2_fitness,0.032018598169088364
370000,dense_rhs/candidate_2_deployment_score,5.366592290556582e-07
370000,dense_rhs/candidate_2_transition_cost,0.047316957265138626
370000,dense_rhs/candidate_2_transition_adjusted_score,-0.04731642082333565
370000,dense_rhs/candidate_2_switch_probability,0.12788647413253784
370000,dense_rhs/candidate_2_expected_net_benefit,-0.19992776215076447
370000,dense_rhs/candidate_2_return,245.2298583984375
370000,dense_rhs/candidate_2_return_term,0.8559032082557678
370000,dense_rhs/candidate_2_roughness_term,1.0
370000,dense_rhs/candidate_2_return_std_term,5.960464477539063e-08
370000,dense_rhs/candidate_2_learner_proxy_term,1.0
370000,dense_rhs/deployment_utility_enabled,1.0
370000,dense_rhs/deployment_utility_observations,6.0
370000,dense_rhs/deployment_utility_last_observed_gain,-41.64434814453125
370000,dense_rhs/candidate_2_expected_eval_gain,0.0
370000,dense_rhs/candidate_2_eval_gain_uncertainty,150.0
370000,dense_rhs/candidate_2_deployment_utility_score,37.5
370000,dense_rhs/candidate_3_expected_eval_gain,92.04797744750977
370000,dense_rhs/candidate_3_eval_gain_uncertainty,52.637288433961004
370000,dense_rhs/candidate_3_deployment_utility_score,110.43450277355248
370000,dense_rhs/candidate_4_expected_eval_gain,0.0
370000,dense_rhs/candidate_4_eval_gain_uncertainty,150.0
370000,dense_rhs/candidate_4_deployment_utility_score,47.5
370000,dense_rhs/deployment_utility_override,1.0
370000,dense_rhs/deployment_utility_selected_expected_gain,92.04797744750977
370000,dense_rhs/deployment_utility_selected_uncertainty,52.637288433961004
370000,dense_rhs/deployment_utility_selected_score,110.43450277355248
370000,dense_rhs/deployment_utility_proposed_horizon,3.0
370000,dense_rhs/deployment_utility_proposed_expected_gain,92.04797744750977
370000,dense_rhs/deployment_utility_proposed_uncertainty,52.637288433961004
370000,dense_rhs/deployment_utility_proposed_score,110.43450277355248
370000,dense_rhs/previous_horizon,3.0
370000,dense_rhs/training_bucket_horizon,3.0
370000,dense_rhs/best_h,3.0
370000,dense_rhs/prob_best_h,0.119140625
370000,dense_rhs/gauss_mean_best_h,0.5170519948005676
370000,dense_rhs/gauss_post_std_best_h,0.12078262120485306
370000,system/heartbeat,1.0
371992,episode/return,630.14990234375
371992,episode/length,500.0
371993,episode/return,649.0953979492188
371993,episode/length,500.0
371994,episode/return,634.8113403320312
371994,episode/length,500.0
371995,episode/return,644.79345703125
371995,episode/length,500.0
371996,episode/return,615.1038208007812
371996,episode/length,500.0
371997,episode/return,616.0131225585938
371997,episode/length,500.0
371998,episode/return,633.3968505859375
371998,episode/length,500.0
371999,episode/return,567.7189331054688
371999,episode/length,500.0
375992,episode/return,605.7002563476562
375992,episode/length,500.0
375993,episode/return,592.7631225585938
375993,episode/length,500.0
375994,episode/return,612.99658203125
375994,episode/length,500.0
375995,episode/return,559.9215698242188
375995,episode/length,500.0
375996,episode/return,545.9819946289062
375996,episode/length,500.0
375997,episode/return,608.2303466796875
375997,episode/length,500.0
375998,episode/return,523.3233642578125
375998,episode/length,500.0
375999,episode/return,594.2572021484375
375999,episode/length,500.0
379992,episode/return,564.0631713867188
379992,episode/length,500.0
379993,episode/return,590.685546875
379993,episode/length,500.0
379994,episode/return,602.4905395507812
379994,episode/length,500.0
379995,episode/return,596.6890869140625
379995,episode/length,500.0
379996,episode/return,592.75927734375
379996,episode/length,500.0
379997,episode/return,575.9202880859375
379997,episode/length,500.0
379998,episode/return,555.1953125
379998,episode/length,500.0
379999,episode/return,595.3677368164062
379999,episode/length,500.0
380000,train/consistency_loss_mean,0.0011012636106461286
380000,train/consistency_loss_std,6.010696363726523e-05
380000,train/continue_loss_mean,0.0
380000,train/continue_loss_std,0.0
380000,train/grad_norm_mean,0.09808103209733963
380000,train/grad_norm_std,0.015409381448935253
380000,train/policy_log_std_mean,-0.483081282043457
380000,train/policy_log_std_std,0.1983089949869445
380000,train/policy_loss_mean,-1.79240661611557
380000,train/policy_loss_std,0.01753956312633158
380000,train/reward_loss_mean,0.27574023587703705
380000,train/reward_loss_std,0.007531747693486715
380000,train/total_loss_mean,0.07859461145997047
380000,train/total_loss_std,0.0011332549797815534
380000,train/value_loss_mean,0.2899531529903412
380000,train/value_loss_std,0.007083755577865324
380000,train/value_scale_mean,30.876398818969726
380000,train/value_scale_std,0.1786532060128317
380000,timing/collect_chunk_s,131.84124733880162
380000,timing/train_chunk_s,19.485284360591322
380000,dense_rhs/training_bucket_horizon,3.0
380000,system/heartbeat,1.0
383992,episode/return,679.5776977539062
383992,episode/length,500.0
383993,episode/return,679.78173828125
383993,episode/length,500.0
383994,episode/return,644.2484130859375
383994,episode/length,500.0
383995,episode/return,679.878173828125
383995,episode/length,500.0
383996,episode/return,692.33349609375
383996,episode/length,500.0
383997,episode/return,644.5165405273438
383997,episode/length,500.0
383998,episode/return,692.9482421875
383998,episode/length,500.0
383999,episode/return,664.6416625976562
383999,episode/length,500.0
387992,episode/return,592.3734130859375
387992,episode/length,500.0
387993,episode/return,647.8941650390625
387993,episode/length,500.0
387994,episode/return,627.7706909179688
387994,episode/length,500.0
387995,episode/return,647.8020629882812
387995,episode/length,500.0
387996,episode/return,659.6111450195312
387996,episode/length,500.0
387997,episode/return,652.0315551757812
387997,episode/length,500.0
387998,episode/return,658.4181518554688
387998,episode/length,500.0
387999,episode/return,581.5131225585938
387999,episode/length,500.0
390000,train/consistency_loss_mean,0.0010838362967595459
390000,train/consistency_loss_std,6.055987804258354e-05
390000,train/continue_loss_mean,0.0
390000,train/continue_loss_std,0.0
390000,train/grad_norm_mean,0.0980986485004425
390000,train/grad_norm_std,0.01660108288128346
390000,train/policy_log_std_mean,-0.48279223906199137
390000,train/policy_log_std_std,0.1910182229117531
390000,train/policy_loss_mean,-1.8203825479507447
390000,train/policy_loss_std,0.019051364443092224
390000,train/reward_loss_mean,0.2770966901540756
390000,train/reward_loss_std,0.007381658472538784
390000,train/total_loss_mean,0.07929764062166214
390000,train/total_loss_std,0.0011670956987091324
390000,train/value_loss_mean,0.2991124440670013
390000,train/value_loss_std,0.007455211720149029
390000,train/value_scale_mean,30.563359547424316
390000,train/value_scale_std,0.18941006550268483
390000,timing/collect_chunk_s,131.54299929225817
390000,timing/train_chunk_s,19.52874376391992
390000,dense_rhs/training_bucket_horizon,3.0
390000,system/heartbeat,1.0
391992,episode/return,649.2909545898438
391992,episode/length,500.0
391993,episode/return,611.4217529296875
391993,episode/length,500.0
391994,episode/return,678.3977661132812
391994,episode/length,500.0
391995,episode/return,632.2627563476562
391995,episode/length,500.0
391996,episode/return,643.4708862304688
391996,episode/length,500.0
391997,episode/return,508.08209228515625
391997,episode/length,500.0
391998,episode/return,644.3908081054688
391998,episode/length,500.0
391999,episode/return,638.2161865234375
391999,episode/length,500.0
395992,episode/return,603.3259887695312
395992,episode/length,500.0
395993,episode/return,582.8775634765625
395993,episode/length,500.0
395994,episode/return,567.3924560546875
395994,episode/length,500.0
395995,episode/return,631.3981323242188
395995,episode/length,500.0
395996,episode/return,611.2536010742188
395996,episode/length,500.0
395997,episode/return,642.5313720703125
395997,episode/length,500.0
395998,episode/return,587.49267578125
395998,episode/length,500.0
395999,episode/return,587.2874755859375
395999,episode/length,500.0
399992,episode/return,575.3697509765625
399992,episode/length,500.0
399993,episode/return,679.4837646484375
399993,episode/length,500.0
399994,episode/return,547.3236694335938
399994,episode/length,500.0
399995,episode/return,625.8995361328125
399995,episode/length,500.0
399996,episode/return,645.4299926757812
399996,episode/length,500.0
399997,episode/return,596.13623046875
399997,episode/length,500.0
399998,episode/return,580.72802734375
399998,episode/length,500.0
399999,episode/return,502.8801574707031
399999,episode/length,500.0
400000,train/consistency_loss_mean,0.0010666875516064465
400000,train/consistency_loss_std,5.9998556431116004e-05
400000,train/continue_loss_mean,0.0
400000,train/continue_loss_std,0.0
400000,train/grad_norm_mean,0.09763367461562157
400000,train/grad_norm_std,0.016466809571149165
400000,train/policy_log_std_mean,-0.4814915833791097
400000,train/policy_log_std_std,0.18935000036790314
400000,train/policy_loss_mean,-1.8333906270980835
400000,train/policy_loss_std,0.021109799962168847
400000,train/reward_loss_mean,0.2785278180122375
400000,train/reward_loss_std,0.007361264626014175
400000,train/total_loss_mean,0.08003223947286606
400000,train/total_loss_std,0.0011566937931770606
400000,train/value_loss_mean,0.30845705182552335
400000,train/value_loss_std,0.007037519589674614
400000,train/value_scale_mean,30.412011489868163
400000,train/value_scale_std,0.21997583205708585
400000,timing/collect_chunk_s,139.26526692835614
400000,timing/train_chunk_s,19.521673783194274
400000,dense_rhs/training_bucket_horizon,3.0
400000,system/heartbeat,1.0
400000,timing/checkpoint_blocking_s,1.0372415888123214
400000,eval/return_mean,607.7918701171875
400000,eval/return_std,30.570093154907227
400000,eval/return_max,672.5873413085938
400000,eval/return_min,541.5653076171875
400000,dense_rhs/deployment_utility_last_observed_gain,7.9197998046875
400000,dense_rhs/deployment_utility_observations,7.0
400000,timing/eval_s,20.4864015779458
400000,eval/selected_horizon,3.0
400000,eval/training_bucket_horizon,3.0
400000,system/heartbeat,1.0
403992,episode/return,674.0238647460938
403992,episode/length,500.0
403993,episode/return,614.559326171875
403993,episode/length,500.0
403994,episode/return,574.5545654296875
403994,episode/length,500.0
403995,episode/return,628.8145751953125
403995,episode/length,500.0
403996,episode/return,625.885009765625
403996,episode/length,500.0
403997,episode/return,608.6820678710938
403997,episode/length,500.0
403998,episode/return,604.528564453125
403998,episode/length,500.0
403999,episode/return,605.4943237304688
403999,episode/length,500.0
407992,episode/return,683.6149291992188
407992,episode/length,500.0
407993,episode/return,0.4685976505279541
407993,episode/length,500.0
407994,episode/return,641.05322265625
407994,episode/length,500.0
407995,episode/return,633.59765625
407995,episode/length,500.0
407996,episode/return,535.919189453125
407996,episode/length,500.0
407997,episode/return,636.9052734375
407997,episode/length,500.0
407998,episode/return,596.7149658203125
407998,episode/length,500.0
407999,episode/return,687.6900634765625
407999,episode/length,500.0
410000,train/consistency_loss_mean,0.0010518606439232827
410000,train/consistency_loss_std,5.9240179429766396e-05
410000,train/continue_loss_mean,0.0
410000,train/continue_loss_std,0.0
410000,train/grad_norm_mean,0.09759511447548866
410000,train/grad_norm_std,0.01618345995098083
410000,train/policy_log_std_mean,-0.48261259002685547
410000,train/policy_log_std_std,0.1925146941477419
410000,train/policy_loss_mean,-1.8425898453712464
410000,train/policy_loss_std,0.01920159769946148
410000,train/reward_loss_mean,0.2795648136138916
410000,train/reward_loss_std,0.007288427647012022
410000,train/total_loss_mean,0.08064923678636551
410000,train/total_loss_std,0.0011279279554569823
410000,train/value_loss_mean,0.31655541024208067
410000,train/value_loss_std,0.00646705334383956
410000,train/value_scale_mean,30.396623487854004
410000,train/value_scale_std,0.22711811299764942
410000,timing/collect_chunk_s,131.726839707233
410000,timing/train_chunk_s,19.547570310998708
410000,dense_rhs/training_bucket_horizon,3.0
410000,system/heartbeat,1.0
411992,episode/return,677.5678100585938
411992,episode/length,500.0
411993,episode/return,578.1290283203125
411993,episode/length,500.0
411994,episode/return,605.9077758789062
411994,episode/length,500.0
411995,episode/return,578.080078125
411995,episode/length,500.0
411996,episode/return,499.5814514160156
411996,episode/length,500.0
411997,episode/return,615.56103515625
411997,episode/length,500.0
411998,episode/return,635.13671875
411998,episode/length,500.0
411999,episode/return,576.066650390625
411999,episode/length,500.0
415992,episode/return,609.7681884765625
415992,episode/length,500.0
415993,episode/return,642.3442993164062
415993,episode/length,500.0
415994,episode/return,610.4038696289062
415994,episode/length,500.0
415995,episode/return,592.7078247070312
415995,episode/length,500.0
415996,episode/return,560.8346557617188
415996,episode/length,500.0
415997,episode/return,613.9702758789062
415997,episode/length,500.0
415998,episode/return,632.1240844726562
415998,episode/length,500.0
415999,episode/return,597.8331298828125
415999,episode/length,500.0
419992,episode/return,691.2242431640625
419992,episode/length,500.0
419993,episode/return,706.1819458007812
419993,episode/length,500.0
419994,episode/return,619.8148803710938
419994,episode/length,500.0
419995,episode/return,716.08349609375
419995,episode/length,500.0
419996,episode/return,574.2264404296875
419996,episode/length,500.0
419997,episode/return,670.0806884765625
419997,episode/length,500.0
419998,episode/return,619.6952514648438
419998,episode/length,500.0
419999,episode/return,594.21484375
419999,episode/length,500.0
420000,train/consistency_loss_mean,0.0010373893839307128
420000,train/consistency_loss_std,5.820857532134584e-05
420000,train/continue_loss_mean,0.0
420000,train/continue_loss_std,0.0
420000,train/grad_norm_mean,0.09691009975671769
420000,train/grad_norm_std,0.015829736865872215
420000,train/policy_log_std_mean,-0.480537095673879
420000,train/policy_log_std_std,0.19317199149509312
420000,train/policy_loss_mean,-1.8417737915039063
420000,train/policy_loss_std,0.018596296152594022
420000,train/reward_loss_mean,0.28076596925258634
420000,train/reward_loss_std,0.0073514644690225355
420000,train/total_loss_mean,0.08108428536653518
420000,train/total_loss_std,0.001133688263833213
420000,train/value_loss_mean,0.32259898619651795
420000,train/value_loss_std,0.006855905443314005
420000,train/value_scale_mean,30.598499908447266
420000,train/value_scale_std,0.20476640468351018
420000,timing/collect_chunk_s,130.501397323329
420000,timing/train_chunk_s,19.52149913320318
420000,dense_rhs/training_bucket_horizon,3.0
420000,system/heartbeat,1.0
420000,dense_rhs/selected_horizon,3.0
420000,dense_rhs/proposed_horizon,2.0
420000,dense_rhs/phase_id,0.0
420000,dense_rhs/num_active_horizons,7.0
420000,dense_rhs/num_candidate_horizons,3.0
420000,dense_rhs/entropy,1.8613183498382568
420000,dense_rhs/norm_entropy,0.95652836561203
420000,dense_rhs/best_fitness,0.20023250579833984
420000,dense_rhs/deployment_score_best,8.295569568872452e-05
420000,dense_rhs/incumbent_deployment_score,8.295569568872452e-05
420000,dense_rhs/proposed_deployment_score,0.7014207243919373
420000,dense_rhs/proposed_transition_cost,0.03159535676240921
420000,dense_rhs/proposed_switch_probability,0.9999873638153076
420000,dense_rhs/proposed_expected_net_benefit,0.6697424054145813
420000,dense_rhs/transition_cost_best,0.03159535676240921
420000,dense_rhs/transition_adjusted_score_best,0.6698253750801086
420000,dense_rhs/switch_probability_best,0.9999873638153076
420000,dense_rhs/expected_improvement_best,0.6697428226470947
420000,dense_rhs/expected_loss_best,4.434132279129699e-07
420000,dense_rhs/expected_net_benefit_best,0.6697424054145813
420000,dense_rhs/return_term_best,0.3921200633049011
420000,dense_rhs/roughness_term_best,0.8676837682723999
420000,dense_rhs/return_std_term_best,0.004721581935882568
420000,dense_rhs/learner_proxy_term_best,0.8564872741699219
420000,dense_rhs/model_prefix_loss_best,0.2815101146697998
420000,dense_rhs/model_probe_prefix_best,0.16916044056415558
420000,dense_rhs/planner_return_best,123.4187240600586
420000,dense_rhs/roughness_best,0.03927319496870041
420000,dense_rhs/robust_return_best,195.34031677246094
420000,timing/query_model_diag_s,0.01183029217645526
420000,timing/query_env_eval_s,13.283673834986985
420000,timing/query_finalize_s,0.004006973002105951
420000,timing/query_total_s,13.305469572078437
420000,dense_rhs/candidate_3_fitness,0.20023250579833984
420000,dense_rhs/candidate_3_deployment_score,8.295569568872452e-05
420000,dense_rhs/candidate_3_transition_cost,0.0
420000,dense_rhs/candidate_3_transition_adjusted_score,8.295569568872452e-05
420000,dense_rhs/candidate_3_switch_probability,0.5
420000,dense_rhs/candidate_3_expected_net_benefit,0.0
420000,dense_rhs/candidate_3_return,195.34031677246094
420000,dense_rhs/candidate_3_return_term,0.3921200633049011
420000,dense_rhs/candidate_3_roughness_term,0.8676837682723999
420000,dense_rhs/candidate_3_return_std_term,0.004721581935882568
420000,dense_rhs/candidate_3_learner_proxy_term,0.8564872741699219
420000,dense_rhs/candidate_4_fitness,0.03162277489900589
420000,dense_rhs/candidate_4_deployment_score,1.1739399674581819e-08
420000,dense_rhs/candidate_4_transition_cost,0.06761573255062103
420000,dense_rhs/candidate_4_transition_adjusted_score,-0.06761571764945984
420000,dense_rhs/candidate_4_switch_probability,0.34910649061203003
420000,dense_rhs/candidate_4_expected_net_benefit,-0.06769867241382599
420000,dense_rhs/candidate_4_return,197.0074920654297
420000,dense_rhs/candidate_4_return_term,0.4011075496673584
420000,dense_rhs/candidate_4_roughness_term,0.6608554720878601
420000,dense_rhs/candidate_4_return_std_term,0.0
420000,dense_rhs/candidate_4_learner_proxy_term,0.6862716674804688
420000,dense_rhs/candidate_2_fitness,0.915155291557312
420000,dense_rhs/candidate_2_deployment_score,0.7014207243919373
420000,dense_rhs/candidate_2_transition_cost,0.03159535676240921
420000,dense_rhs/candidate_2_transition_adjusted_score,0.6698253750801086
420000,dense_rhs/candidate_2_switch_probability,0.9999873638153076
420000,dense_rhs/candidate_2_expected_net_benefit,0.6697424054145813
420000,dense_rhs/candidate_2_return,308.1016540527344
420000,dense_rhs/candidate_2_return_term,1.0
420000,dense_rhs/candidate_2_roughness_term,1.0
420000,dense_rhs/candidate_2_return_std_term,0.7014207243919373
420000,dense_rhs/candidate_2_learner_proxy_term,1.0
420000,dense_rhs/deployment_utility_enabled,1.0
420000,dense_rhs/deployment_utility_observations,7.0
420000,dense_rhs/deployment_utility_last_observed_gain,7.9197998046875
420000,dense_rhs/candidate_2_expected_eval_gain,0.0
420000,dense_rhs/candidate_2_eval_gain_uncertainty,150.0
420000,dense_rhs/candidate_2_deployment_utility_score,47.5
420000,dense_rhs/candidate_3_expected_eval_gain,80.02966635567802
420000,dense_rhs/candidate_3_eval_gain_uncertainty,46.75834632859718
420000,dense_rhs/candidate_3_deployment_utility_score,91.7204354514713
420000,dense_rhs/candidate_4_expected_eval_gain,0.0
420000,dense_rhs/candidate_4_eval_gain_uncertainty,150.0
420000,dense_rhs/candidate_4_deployment_utility_score,37.5
420000,dense_rhs/deployment_utility_override,1.0
420000,dense_rhs/deployment_utility_selected_expected_gain,80.02966635567802
420000,dense_rhs/deployment_utility_selected_uncertainty,46.75834632859718
420000,dense_rhs/deployment_utility_selected_score,91.7204354514713
420000,dense_rhs/deployment_utility_proposed_horizon,3.0
420000,dense_rhs/deployment_utility_proposed_expected_gain,80.02966635567802
420000,dense_rhs/deployment_utility_proposed_uncertainty,46.75834632859718
420000,dense_rhs/deployment_utility_proposed_score,91.7204354514713
420000,dense_rhs/previous_horizon,3.0
420000,dense_rhs/training_bucket_horizon,3.0
420000,dense_rhs/best_h,3.0
420000,dense_rhs/prob_best_h,0.13671875
420000,dense_rhs/gauss_mean_best_h,0.47744953632354736
420000,dense_rhs/gauss_post_std_best_h,0.11198921501636505
420000,system/heartbeat,1.0
423992,episode/return,564.8650512695312
423992,episode/length,500.0
423993,episode/return,616.8650512695312
423993,episode/length,500.0
423994,episode/return,612.6456298828125
423994,episode/length,500.0
423995,episode/return,579.197021484375
423995,episode/length,500.0
423996,episode/return,579.4993896484375
423996,episode/length,500.0
423997,episode/return,632.6590576171875
423997,episode/length,500.0
423998,episode/return,632.0718383789062
423998,episode/length,500.0
423999,episode/return,596.5775756835938
423999,episode/length,500.0
427992,episode/return,661.5955810546875
427992,episode/length,500.0
427993,episode/return,583.0311279296875
427993,episode/length,500.0
427994,episode/return,664.9262084960938
427994,episode/length,500.0
427995,episode/return,650.588623046875
427995,episode/length,500.0
427996,episode/return,573.6355590820312
427996,episode/length,500.0
427997,episode/return,585.1224365234375
427997,episode/length,500.0
427998,episode/return,0.10433611273765564
427998,episode/length,500.0
427999,episode/return,500.0172424316406
427999,episode/length,500.0
430000,train/consistency_loss_mean,0.0010205594489350915
430000,train/consistency_loss_std,5.864705010894929e-05
430000,train/continue_loss_mean,0.0
430000,train/continue_loss_std,0.0
430000,train/grad_norm_mean,0.09624683424830437
430000,train/grad_norm_std,0.015939537297929084
430000,train/policy_log_std_mean,-0.47874961977005004
430000,train/policy_log_std_std,0.19276865354202732
430000,train/policy_loss_mean,-1.859938809776306
430000,train/policy_loss_std,0.018734753981134538
430000,train/reward_loss_mean,0.2816447746038437
430000,train/reward_loss_std,0.007315996957674234
430000,train/total_loss_mean,0.08169295861721039
430000,train/total_loss_std,0.0011072253635887501
430000,train/value_loss_mean,0.3311729191541672
430000,train/value_loss_std,0.00611433486339601
430000,train/value_scale_mean,30.47908295288086
430000,train/value_scale_std,0.19598947138011405
430000,timing/collect_chunk_s,132.07070373091847
430000,timing/train_chunk_s,19.50965431984514
430000,dense_rhs/training_bucket_horizon,3.0
430000,system/heartbeat,1.0
431992,episode/return,681.9554443359375
431992,episode/length,500.0
431993,episode/return,614.4756469726562
431993,episode/length,500.0
431994,episode/return,647.5382690429688
431994,episode/length,500.0
431995,episode/return,673.6178588867188
431995,episode/length,500.0
431996,episode/return,14.365745544433594
431996,episode/length,500.0
431997,episode/return,631.412353515625
431997,episode/length,500.0
431998,episode/return,655.916015625
431998,episode/length,500.0
431999,episode/return,534.266845703125
431999,episode/length,500.0
435992,episode/return,624.2241821289062
435992,episode/length,500.0
435993,episode/return,612.6815185546875
435993,episode/length,500.0
435994,episode/return,620.635009765625
435994,episode/length,500.0
435995,episode/return,626.6846923828125
435995,episode/length,500.0
435996,episode/return,590.1602783203125
435996,episode/length,500.0
435997,episode/return,616.1965942382812
435997,episode/length,500.0
435998,episode/return,648.0062866210938
435998,episode/length,500.0
435999,episode/return,606.640625
435999,episode/length,500.0
439992,episode/return,544.3358764648438
439992,episode/length,500.0
439993,episode/return,586.43994140625
439993,episode/length,500.0
439994,episode/return,561.74462890625
439994,episode/length,500.0
439995,episode/return,559.87109375
439995,episode/length,500.0
439996,episode/return,553.1400146484375
439996,episode/length,500.0
439997,episode/return,594.0199584960938
439997,episode/length,500.0
439998,episode/return,573.4440307617188
439998,episode/length,500.0
439999,episode/return,512.1904907226562
439999,episode/length,500.0
440000,train/consistency_loss_mean,0.0010072692590765654
440000,train/consistency_loss_std,5.850644082836188e-05
440000,train/continue_loss_mean,0.0
440000,train/continue_loss_std,0.0
440000,train/grad_norm_mean,0.09670180383324622
440000,train/grad_norm_std,0.017438260508688682
440000,train/policy_log_std_mean,-0.478892014058431
440000,train/policy_log_std_std,0.19306499528819523
440000,train/policy_loss_mean,-1.8494147767066955
440000,train/policy_loss_std,0.01940507946280527
440000,train/reward_loss_mean,0.2823907899141312
440000,train/reward_loss_std,0.007311824142902419
440000,train/total_loss_mean,0.08223701370954513
440000,train/total_loss_std,0.0011179936635495311
440000,train/value_loss_mean,0.33852548236846924
440000,train/value_loss_std,0.00612377586245769
440000,train/value_scale_mean,30.62154761657715
440000,train/value_scale_std,0.17376597069987088
440000,timing/collect_chunk_s,147.7353118667379
440000,timing/train_chunk_s,19.551487433258444
440000,dense_rhs/training_bucket_horizon,3.0
440000,system/heartbeat,1.0
443992,episode/return,634.8395385742188
443992,episode/length,500.0
443993,episode/return,512.1155395507812
443993,episode/length,500.0
443994,episode/return,552.2899780273438
443994,episode/length,500.0
443995,episode/return,606.1741943359375
443995,episode/length,500.0
443996,episode/return,650.0233154296875
443996,episode/length,500.0
443997,episode/return,680.0723876953125
443997,episode/length,500.0
443998,episode/return,663.3826293945312
443998,episode/length,500.0
443999,episode/return,578.16357421875
443999,episode/length,500.0
447992,episode/return,711.79443359375
447992,episode/length,500.0
447993,episode/return,609.1385498046875
447993,episode/length,500.0
447994,episode/return,638.8753051757812
447994,episode/length,500.0
447995,episode/return,582.1370239257812
447995,episode/length,500.0
447996,episode/return,673.2173461914062
447996,episode/length,500.0
447997,episode/return,658.9848022460938
447997,episode/length,500.0
447998,episode/return,604.4822387695312
447998,episode/length,500.0
447999,episode/return,622.1022338867188
447999,episode/length,500.0
450000,train/consistency_loss_mean,0.000994745925674215
450000,train/consistency_loss_std,5.718835214222665e-05
450000,train/continue_loss_mean,0.0
450000,train/continue_loss_std,0.0
450000,train/grad_norm_mean,0.09624635568261146
450000,train/grad_norm_std,0.016875151897878832
450000,train/policy_log_std_mean,-0.4813925329526266
450000,train/policy_log_std_std,0.19321837562975502
450000,train/policy_loss_mean,-1.8523203770637513
450000,train/policy_loss_std,0.016257757237577518
450000,train/reward_loss_mean,0.2833854231595993
450000,train/reward_loss_std,0.007338121903436532
450000,train/total_loss_mean,0.08246777923703194
450000,train/total_loss_std,0.001101836258999443
450000,train/value_loss_mean,0.342343168091774
450000,train/value_loss_std,0.005691672866449873
450000,train/value_scale_mean,30.765874639892576
450000,train/value_scale_std,0.13430930746262773
450000,timing/collect_chunk_s,132.96946468064561
450000,timing/train_chunk_s,19.575109793338925
450000,dense_rhs/training_bucket_horizon,3.0
450000,system/heartbeat,1.0
450000,timing/checkpoint_blocking_s,1.1232326347380877
450000,eval/return_mean,517.587646484375
450000,eval/return_std,22.101726531982422
450000,eval/return_max,578.7027587890625
450000,eval/return_min,471.98193359375
450000,dense_rhs/deployment_utility_last_observed_gain,-90.2042236328125
450000,dense_rhs/deployment_utility_observations,8.0
450000,timing/eval_s,20.583469904959202
450000,eval/selected_horizon,3.0
450000,eval/training_bucket_horizon,3.0
450000,system/heartbeat,1.0
451992,episode/return,565.7261962890625
451992,episode/length,500.0
451993,episode/return,599.8641357421875
451993,episode/length,500.0
451994,episode/return,601.79638671875
451994,episode/length,500.0
451995,episode/return,21.315181732177734
451995,episode/length,500.0
451996,episode/return,677.6844482421875
451996,episode/length,500.0
451997,episode/return,625.5681762695312
451997,episode/length,500.0
451998,episode/return,640.0368041992188
451998,episode/length,500.0
451999,episode/return,534.126953125
451999,episode/length,500.0
455992,episode/return,601.7694702148438
455992,episode/length,500.0
455993,episode/return,2.89910888671875
455993,episode/length,500.0
455994,episode/return,660.0966186523438
455994,episode/length,500.0
455995,episode/return,628.1588745117188
455995,episode/length,500.0
455996,episode/return,649.44482421875
455996,episode/length,500.0
455997,episode/return,590.5690307617188
455997,episode/length,500.0
455998,episode/return,663.5774536132812
455998,episode/length,500.0
455999,episode/return,630.8294677734375
455999,episode/length,500.0
459992,episode/return,596.38427734375
459992,episode/length,500.0
459993,episode/return,545.6046142578125
459993,episode/length,500.0
459994,episode/return,658.1243896484375
459994,episode/length,500.0
459995,episode/return,607.712646484375
459995,episode/length,500.0
459996,episode/return,579.4519653320312
459996,episode/length,500.0
459997,episode/return,557.1685180664062
459997,episode/length,500.0
459998,episode/return,631.0045166015625
459998,episode/length,500.0
459999,episode/return,665.5843505859375
459999,episode/length,500.0
460000,train/consistency_loss_mean,0.0009828805873636156
460000,train/consistency_loss_std,5.7133295064232945e-05
460000,train/continue_loss_mean,0.0
460000,train/continue_loss_std,0.0
460000,train/grad_norm_mean,0.09686681965589523
460000,train/grad_norm_std,0.018204990583690416
460000,train/policy_log_std_mean,-0.4804447417259216
460000,train/policy_log_std_std,0.1944994309637613
460000,train/policy_loss_mean,-1.832303542613983
460000,train/policy_loss_std,0.02259866406577825
460000,train/reward_loss_mean,0.2838569187641144
460000,train/reward_loss_std,0.007274898489699152
460000,train/total_loss_mean,0.08253047677278519
460000,train/total_loss_std,0.0011128751316974938
460000,train/value_loss_mean,0.344871710896492
460000,train/value_loss_std,0.0055481634604688
460000,train/value_scale_mean,31.129278408813477
460000,train/value_scale_std,0.3001511085859362
460000,timing/collect_chunk_s,132.9762243409641
460000,timing/train_chunk_s,19.545575245749205
460000,dense_rhs/training_bucket_horizon,3.0
460000,system/heartbeat,1.0
463992,episode/return,21.058002471923828
463992,episode/length,500.0
463993,episode/return,569.9825439453125
463993,episode/length,500.0
463994,episode/return,608.8931884765625
463994,episode/length,500.0
463995,episode/return,544.8280029296875
463995,episode/length,500.0
463996,episode/return,550.2842407226562
463996,episode/length,500.0
463997,episode/return,0.10250387340784073
463997,episode/length,500.0
463998,episode/return,597.2421264648438
463998,episode/length,500.0
463999,episode/return,541.1926879882812
463999,episode/length,500.0
467992,episode/return,697.1456909179688
467992,episode/length,500.0
467993,episode/return,661.4669189453125
467993,episode/length,500.0
467994,episode/return,636.722900390625
467994,episode/length,500.0
467995,episode/return,662.3568115234375
467995,episode/length,500.0
467996,episode/return,645.4283447265625
467996,episode/length,500.0
467997,episode/return,667.4541625976562
467997,episode/length,500.0
467998,episode/return,618.5745849609375
467998,episode/length,500.0
467999,episode/return,599.9403686523438
467999,episode/length,500.0
470000,train/consistency_loss_mean,0.0009696405630558729
470000,train/consistency_loss_std,5.76016675339809e-05
470000,train/continue_loss_mean,0.0
470000,train/continue_loss_std,0.0
470000,train/grad_norm_mean,0.09623362955451012
470000,train/grad_norm_std,0.017766750995930645
470000,train/policy_log_std_mean,-0.478203675142924
470000,train/policy_log_std_std,0.1921483065888238
470000,train/policy_loss_mean,-1.8248825618743896
470000,train/policy_loss_std,0.01803815248333537
470000,train/reward_loss_mean,0.2840717204809189
470000,train/reward_loss_std,0.0073458629770160435
470000,train/total_loss_mean,0.08225401833057404
470000,train/total_loss_std,0.0011252536566820845
470000,train/value_loss_mean,0.3445403393507004
470000,train/value_loss_std,0.005559904441546917
470000,train/value_scale_mean,31.26699172821045
470000,train/value_scale_std,0.18330168644532724
470000,timing/collect_chunk_s,132.02055139932781
470000,timing/train_chunk_s,19.520533341448754
470000,dense_rhs/training_bucket_horizon,3.0
470000,system/heartbeat,1.0
470000,dense_rhs/selected_horizon,3.0
470000,dense_rhs/proposed_horizon,3.0
470000,dense_rhs/phase_id,0.0
470000,dense_rhs/num_active_horizons,7.0
470000,dense_rhs/num_candidate_horizons,3.0
470000,dense_rhs/entropy,1.8027465343475342
470000,dense_rhs/norm_entropy,0.9264283776283264
470000,dense_rhs/best_fitness,0.8618996143341064
470000,dense_rhs/deployment_score_best,0.49856036901474
470000,dense_rhs/incumbent_deployment_score,0.49856036901474
470000,dense_rhs/proposed_deployment_score,0.49856036901474
470000,dense_rhs/proposed_transition_cost,0.0
470000,dense_rhs/proposed_switch_probability,0.5
470000,dense_rhs/proposed_expected_net_benefit,0.0
470000,dense_rhs/transition_cost_best,0.0
470000,dense_rhs/transition_adjusted_score_best,0.49856036901474
470000,dense_rhs/switch_probability_best,0.5
470000,dense_rhs/expected_improvement_best,0.06318315118551254
470000,dense_rhs/expected_loss_best,0.06318315118551254
470000,dense_rhs/expected_net_benefit_best,0.0
470000,dense_rhs/return_term_best,0.9753423929214478
470000,dense_rhs/roughness_term_best,0.9595567584037781
470000,dense_rhs/return_std_term_best,0.5896551609039307
470000,dense_rhs/learner_proxy_term_best,0.9736896753311157
470000,dense_rhs/model_prefix_loss_best,0.43626469373703003
470000,dense_rhs/model_probe_prefix_best,0.25766557455062866
470000,dense_rhs/planner_return_best,121.29824829101562
470000,dense_rhs/roughness_best,0.14840658009052277
470000,dense_rhs/robust_return_best,302.44598388671875
470000,timing/query_model_diag_s,0.012202848214656115
470000,timing/query_env_eval_s,13.133826542180032
470000,timing/query_finalize_s,0.003833785653114319
470000,timing/query_total_s,13.155601678881794
470000,dense_rhs/candidate_3_fitness,0.8618996143341064
470000,dense_rhs/candidate_3_deployment_score,0.49856036901474
470000,dense_rhs/candidate_3_transition_cost,0.0
470000,dense_rhs/candidate_3_transition_adjusted_score,0.49856036901474
470000,dense_rhs/candidate_3_switch_probability,0.5
470000,dense_rhs/candidate_3_expected_net_benefit,0.0
470000,dense_rhs/candidate_3_return,302.44598388671875
470000,dense_rhs/candidate_3_return_term,0.9753423929214478
470000,dense_rhs/candidate_3_roughness_term,0.9595567584037781
470000,dense_rhs/candidate_3_return_std_term,0.5896551609039307
470000,dense_rhs/candidate_3_learner_proxy_term,0.9736896753311157
470000,dense_rhs/candidate_4_fitness,0.884699285030365
470000,dense_rhs/candidate_4_deployment_score,0.49527814984321594
470000,dense_rhs/candidate_4_transition_cost,0.02521129511296749
470000,dense_rhs/candidate_4_transition_adjusted_score,0.4700668454170227
470000,dense_rhs/candidate_4_switch_probability,0.43275758624076843
470000,dense_rhs/candidate_4_expected_net_benefit,-0.028493516147136688
470000,dense_rhs/candidate_4_return,307.1148681640625
470000,dense_rhs/candidate_4_return_term,1.0
470000,dense_rhs/candidate_4_roughness_term,0.8915588855743408
470000,dense_rhs/candidate_4_return_std_term,0.6871190071105957
470000,dense_rhs/candidate_4_learner_proxy_term,0.8084760904312134
470000,dense_rhs/candidate_2_fitness,0.03162277489900589
470000,dense_rhs/candidate_2_deployment_score,1.9058418843087566e-07
470000,dense_rhs/candidate_2_transition_cost,0.04142317920923233
470000,dense_rhs/candidate_2_transition_adjusted_score,-0.04142298921942711
470000,dense_rhs/candidate_2_switch_probability,0.000491797924041748
470000,dense_rhs/candidate_2_expected_net_benefit,-0.5399833917617798
470000,dense_rhs/candidate_2_return,242.87393188476562
470000,dense_rhs/candidate_2_return_term,0.6607264876365662
470000,dense_rhs/candidate_2_roughness_term,1.0
470000,dense_rhs/candidate_2_return_std_term,0.0
470000,dense_rhs/candidate_2_learner_proxy_term,1.0
470000,dense_rhs/deployment_utility_enabled,1.0
470000,dense_rhs/deployment_utility_observations,8.0
470000,dense_rhs/deployment_utility_last_observed_gain,-90.2042236328125
470000,dense_rhs/candidate_2_expected_eval_gain,0.0
470000,dense_rhs/candidate_2_eval_gain_uncertainty,150.0
470000,dense_rhs/candidate_2_deployment_utility_score,37.5
470000,dense_rhs/candidate_3_expected_eval_gain,58.7504301071167
470000,dense_rhs/candidate_3_eval_gain_uncertainty,45.306415938768005
470000,dense_rhs/candidate_3_deployment_utility_score,80.0770340918087
470000,dense_rhs/candidate_4_expected_eval_gain,0.0
470000,dense_rhs/candidate_4_eval_gain_uncertainty,150.0
470000,dense_rhs/candidate_4_deployment_utility_score,47.43416603825327
470000,dense_rhs/deployment_utility_override,0.0
470000,dense_rhs/deployment_utility_selected_expected_gain,58.7504301071167
470000,dense_rhs/deployment_utility_selected_uncertainty,45.306415938768005
470000,dense_rhs/deployment_utility_selected_score,80.0770340918087
470000,dense_rhs/deployment_utility_proposed_horizon,3.0
470000,dense_rhs/deployment_utility_proposed_expected_gain,58.7504301071167
470000,dense_rhs/deployment_utility_proposed_uncertainty,45.306415938768005
470000,dense_rhs/deployment_utility_proposed_score,80.0770340918087
470000,dense_rhs/previous_horizon,3.0
470000,dense_rhs/training_bucket_horizon,3.0
470000,dense_rhs/best_h,3.0
470000,dense_rhs/prob_best_h,0.12890625
470000,dense_rhs/gauss_mean_best_h,0.5201662182807922
470000,dense_rhs/gauss_post_std_best_h,0.10738421231508255
470000,system/heartbeat,1.0
471992,episode/return,713.56787109375
471992,episode/length,500.0
471993,episode/return,707.5568237304688
471993,episode/length,500.0
471994,episode/return,652.3405151367188
471994,episode/length,500.0
471995,episode/return,554.4486083984375
471995,episode/length,500.0
471996,episode/return,649.3416137695312
471996,episode/length,500.0
471997,episode/return,663.1040649414062
471997,episode/length,500.0
471998,episode/return,684.7485961914062
471998,episode/length,500.0
471999,episode/return,663.4757080078125
471999,episode/length,500.0
475992,episode/return,671.7310791015625
475992,episode/length,500.0
475993,episode/return,690.358642578125
475993,episode/length,500.0
475994,episode/return,623.7842407226562
475994,episode/length,500.0
475995,episode/return,620.9816284179688
475995,episode/length,500.0
475996,episode/return,673.6326904296875
475996,episode/length,500.0
475997,episode/return,547.684326171875
475997,episode/length,500.0
475998,episode/return,576.9230346679688
475998,episode/length,500.0
475999,episode/return,589.4540405273438
475999,episode/length,500.0
479992,episode/return,607.9384155273438
479992,episode/length,500.0
479993,episode/return,612.5051879882812
479993,episode/length,500.0
479994,episode/return,610.0197143554688
479994,episode/length,500.0
479995,episode/return,552.773681640625
479995,episode/length,500.0
479996,episode/return,628.2688598632812
479996,episode/length,500.0
479997,episode/return,635.4898681640625
479997,episode/length,500.0
479998,episode/return,541.3984375
479998,episode/length,500.0
479999,episode/return,573.504150390625
479999,episode/length,500.0
480000,train/consistency_loss_mean,0.0009573788886424155
480000,train/consistency_loss_std,5.636015303638189e-05
480000,train/continue_loss_mean,0.0
480000,train/continue_loss_std,0.0
480000,train/grad_norm_mean,0.09597363727688789
480000,train/grad_norm_std,0.017399729120882872
480000,train/policy_log_std_mean,-0.48048987480799354
480000,train/policy_log_std_std,0.1937644308828559
480000,train/policy_loss_mean,-1.8253191319465638
480000,train/policy_loss_std,0.0205221987897414
480000,train/reward_loss_mean,0.2849729918241501
480000,train/reward_loss_std,0.007248072606433941
480000,train/total_loss_mean,0.08244854508638381
480000,train/total_loss_std,0.001135039797214726
480000,train/value_loss_mean,0.34803666908741
480000,train/value_loss_std,0.00557386551862014
480000,train/value_scale_mean,31.236271061706542
480000,train/value_scale_std,0.19107348222626258
480000,timing/collect_chunk_s,142.25135535979643
480000,timing/train_chunk_s,19.526534092612565
480000,dense_rhs/training_bucket_horizon,3.0
480000,system/heartbeat,1.0
483992,episode/return,608.7371826171875
483992,episode/length,500.0
483993,episode/return,538.6303100585938
483993,episode/length,500.0
483994,episode/return,609.3062133789062
483994,episode/length,500.0
483995,episode/return,554.1287231445312
483995,episode/length,500.0
483996,episode/return,643.2402954101562
483996,episode/length,500.0
483997,episode/return,563.7546997070312
483997,episode/length,500.0
483998,episode/return,577.6301879882812
483998,episode/length,500.0
483999,episode/return,578.1995849609375
483999,episode/length,500.0
487992,episode/return,575.8838500976562
487992,episode/length,500.0
487993,episode/return,524.5458374023438
487993,episode/length,500.0
487994,episode/return,498.9261779785156
487994,episode/length,500.0
487995,episode/return,625.5264282226562
487995,episode/length,500.0
487996,episode/return,621.281982421875
487996,episode/length,500.0
487997,episode/return,626.7734375
487997,episode/length,500.0
487998,episode/return,577.7357788085938
487998,episode/length,500.0
487999,episode/return,626.8998413085938
487999,episode/length,500.0
490000,train/consistency_loss_mean,0.0009488354965113103
490000,train/consistency_loss_std,5.6041083896194646e-05
490000,train/continue_loss_mean,0.0
490000,train/continue_loss_std,0.0
490000,train/grad_norm_mean,0.09586014137268066
490000,train/grad_norm_std,0.017050865655358106
490000,train/policy_log_std_mean,-0.479018426322937
490000,train/policy_log_std_std,0.19489906945585694
490000,train/policy_loss_mean,-1.8254360221862793
490000,train/policy_loss_std,0.022830245332419154
490000,train/reward_loss_mean,0.285960302734375
490000,train/reward_loss_std,0.00719698452835073
490000,train/total_loss_mean,0.08260315344333649
490000,train/total_loss_std,0.0011295196966247718
490000,train/value_loss_mean,0.3503041215658188
490000,train/value_loss_std,0.005525321113309205
490000,train/value_scale_mean,31.303723127746583
490000,train/value_scale_std,0.23157943506071407
490000,timing/collect_chunk_s,130.9527401495725
490000,timing/train_chunk_s,19.516065340023488
490000,dense_rhs/training_bucket_horizon,3.0
490000,system/heartbeat,1.0
491992,episode/return,669.9562377929688
491992,episode/length,500.0
491993,episode/return,603.7952880859375
491993,episode/length,500.0
491994,episode/return,577.2184448242188
491994,episode/length,500.0
491995,episode/return,658.82568359375
491995,episode/length,500.0
491996,episode/return,565.569580078125
491996,episode/length,500.0
491997,episode/return,630.5927124023438
491997,episode/length,500.0
491998,episode/return,661.5221557617188
491998,episode/length,500.0
491999,episode/return,668.7681274414062
491999,episode/length,500.0
495992,episode/return,581.329345703125
495992,episode/length,500.0
495993,episode/return,611.6539306640625
495993,episode/length,500.0
495994,episode/return,587.1821899414062
495994,episode/length,500.0
495995,episode/return,539.8529052734375
495995,episode/length,500.0
495996,episode/return,626.0411987304688
495996,episode/length,500.0
495997,episode/return,498.98248291015625
495997,episode/length,500.0
495998,episode/return,537.140380859375
495998,episode/length,500.0
495999,episode/return,681.145263671875
495999,episode/length,500.0
499992,episode/return,613.6074829101562
499992,episode/length,500.0
499993,episode/return,595.3956298828125
499993,episode/length,500.0
499994,episode/return,594.2938232421875
499994,episode/length,500.0
499995,episode/return,598.851806640625
499995,episode/length,500.0
499996,episode/return,623.6973876953125
499996,episode/length,500.0
499997,episode/return,624.9732055664062
499997,episode/length,500.0
499998,episode/return,686.533935546875
499998,episode/length,500.0
499999,episode/return,632.5335693359375
499999,episode/length,500.0
500000,train/consistency_loss_mean,0.0009384813973680138
500000,train/consistency_loss_std,5.568593189540221e-05
500000,train/continue_loss_mean,0.0
500000,train/continue_loss_std,0.0
500000,train/grad_norm_mean,0.09654434346556663
500000,train/grad_norm_std,0.018418856885238446
500000,train/policy_log_std_mean,-0.4790274477005005
500000,train/policy_log_std_std,0.19518427084453951
500000,train/policy_loss_mean,-1.8366673621177674
500000,train/policy_loss_std,0.022523416511423033
500000,train/reward_loss_mean,0.28676928238868715
500000,train/reward_loss_std,0.007250410065295583
500000,train/total_loss_mean,0.08252435786724091
500000,train/total_loss_std,0.001133687779102024
500000,train/value_loss_mean,0.35077799596786496
500000,train/value_loss_std,0.005643568886690307
500000,train/value_scale_mean,31.2292330657959
500000,train/value_scale_std,0.2562469952811705
500000,timing/collect_chunk_s,130.99616795638576
500000,timing/train_chunk_s,19.523211960680783
500000,dense_rhs/training_bucket_horizon,3.0
500000,system/heartbeat,1.0
500000,timing/checkpoint_blocking_s,1.1870696530677378
500000,eval/return_mean,644.0301513671875
500000,eval/return_std,50.47332763671875
500000,eval/return_max,732.660400390625
500000,eval/return_min,535.692138671875
500000,dense_rhs/deployment_utility_last_observed_gain,126.4425048828125
500000,dense_rhs/deployment_utility_observations,9.0
500000,timing/eval_s,20.316899235825986
500000,eval/selected_horizon,3.0
500000,eval/training_bucket_horizon,3.0
500000,system/heartbeat,1.0
