step,tag,value
0,timing/prewarm_dense_rhs_s,223.27794076502323
0,system/heartbeat,1.0
3992,episode/return,0.0
3992,episode/length,500.0
3993,episode/return,0.0
3993,episode/length,500.0
3994,episode/return,0.0
3994,episode/length,500.0
3995,episode/return,0.0
3995,episode/length,500.0
3996,episode/return,155.0
3996,episode/length,500.0
3997,episode/return,0.0
3997,episode/length,500.0
3998,episode/return,0.0
3998,episode/length,500.0
3999,episode/return,816.0
3999,episode/length,500.0
4000,seed_pretrain/updates_completed,512.0
4000,timing/collect_chunk_s,49.27030793810263
4000,timing/train_chunk_s,237.73524827649817
4000,system/heartbeat,1.0
4000,seed_pretrain/updates_completed,1024.0
4000,timing/collect_chunk_s,49.27030793810263
4000,timing/train_chunk_s,238.81650455016643
4000,system/heartbeat,1.0
4000,seed_pretrain/updates_completed,1536.0
4000,timing/collect_chunk_s,49.27030793810263
4000,timing/train_chunk_s,239.89978281781077
4000,system/heartbeat,1.0
4000,seed_pretrain/updates_completed,2048.0
4000,timing/collect_chunk_s,49.27030793810263
4000,timing/train_chunk_s,240.97881459258497
4000,system/heartbeat,1.0
4000,seed_pretrain/updates_completed,2560.0
4000,timing/collect_chunk_s,49.27030793810263
4000,timing/train_chunk_s,242.06031597731635
4000,system/heartbeat,1.0
4000,seed_pretrain/updates_completed,3072.0
4000,timing/collect_chunk_s,49.27030793810263
4000,timing/train_chunk_s,243.14231744688004
4000,system/heartbeat,1.0
4000,seed_pretrain/updates_completed,3584.0
4000,timing/collect_chunk_s,49.27030793810263
4000,timing/train_chunk_s,244.2241165470332
4000,system/heartbeat,1.0
7992,episode/return,0.0
7992,episode/length,500.0
7993,episode/return,0.0
7993,episode/length,500.0
7994,episode/return,4.0
7994,episode/length,500.0
7995,episode/return,0.0
7995,episode/length,500.0
7996,episode/return,0.0
7996,episode/length,500.0
7997,episode/return,74.0
7997,episode/length,500.0
7998,episode/return,7.0
7998,episode/length,500.0
7999,episode/return,0.0
7999,episode/length,500.0
10000,train/consistency_loss_mean,0.0019969870479777455
10000,train/consistency_loss_std,0.0005741095587144903
10000,train/continue_loss_mean,0.0
10000,train/continue_loss_std,0.0
10000,train/grad_norm_mean,1.050803035736084
10000,train/grad_norm_std,0.6680948895545558
10000,train/policy_log_std_mean,-0.2907731298446655
10000,train/policy_log_std_std,0.5263659640350993
10000,train/policy_loss_mean,-0.10385454981923103
10000,train/policy_loss_std,0.08224954525738062
10000,train/reward_loss_mean,0.054331333157420156
10000,train/reward_loss_std,0.09760315808206944
10000,train/total_loss_mean,0.08237292090654373
10000,train/total_loss_std,0.02802519169204881
10000,train/value_loss_mean,0.37000045475959775
10000,train/value_loss_std,0.10512036851885452
10000,train/value_scale_mean,52.19828256988525
10000,train/value_scale_std,29.63940986810238
10000,timing/collect_chunk_s,261.4241967992857
10000,timing/train_chunk_s,304.30884173093364
10000,dense_rhs/training_bucket_horizon,3.0
10000,system/heartbeat,1.0
11992,episode/return,0.0
11992,episode/length,500.0
11993,episode/return,910.0
11993,episode/length,500.0
11994,episode/return,0.0
11994,episode/length,500.0
11995,episode/return,279.0
11995,episode/length,500.0
11996,episode/return,155.0
11996,episode/length,500.0
11997,episode/return,582.0
11997,episode/length,500.0
11998,episode/return,0.0
11998,episode/length,500.0
11999,episode/return,597.0
11999,episode/length,500.0
15992,episode/return,80.0
15992,episode/length,500.0
15993,episode/return,0.0
15993,episode/length,500.0
15994,episode/return,0.0
15994,episode/length,500.0
15995,episode/return,0.0
15995,episode/length,500.0
15996,episode/return,958.0
15996,episode/length,500.0
15997,episode/return,0.0
15997,episode/length,500.0
15998,episode/return,0.0
15998,episode/length,500.0
15999,episode/return,912.0
15999,episode/length,500.0
19992,episode/return,0.0
19992,episode/length,500.0
19993,episode/return,0.0
19993,episode/length,500.0
19994,episode/return,833.0
19994,episode/length,500.0
19995,episode/return,54.0
19995,episode/length,500.0
19996,episode/return,3.0
19996,episode/length,500.0
19997,episode/return,0.0
19997,episode/length,500.0
19998,episode/return,0.0
19998,episode/length,500.0
19999,episode/return,2.0
19999,episode/length,500.0
20000,train/consistency_loss_mean,0.002179073026776314
20000,train/consistency_loss_std,0.00011191012244676658
20000,train/continue_loss_mean,0.0
20000,train/continue_loss_std,0.0
20000,train/grad_norm_mean,0.9997150315761566
20000,train/grad_norm_std,0.2193742784630326
20000,train/policy_log_std_mean,-0.45077652208805086
20000,train/policy_log_std_std,0.3986838805113422
20000,train/policy_loss_mean,-0.12549559891223908
20000,train/policy_loss_std,0.02039377642578149
20000,train/reward_loss_mean,0.06442748677134513
20000,train/reward_loss_std,0.01131658076571917
20000,train/total_loss_mean,0.09249015644788743
20000,train/total_loss_std,0.005582474219752156
20000,train/value_loss_mean,0.42465946209430694
20000,train/value_loss_std,0.04649306074290964
20000,train/value_scale_mean,117.11693988037109
20000,train/value_scale_std,19.56523086197921
20000,timing/collect_chunk_s,101.7460008491762
20000,timing/train_chunk_s,20.63214646652341
20000,dense_rhs/training_bucket_horizon,3.0
20000,system/heartbeat,1.0
23992,episode/return,44.0
23992,episode/length,500.0
23993,episode/return,742.0
23993,episode/length,500.0
23994,episode/return,1000.0
23994,episode/length,500.0
23995,episode/return,7.0
23995,episode/length,500.0
23996,episode/return,781.0
23996,episode/length,500.0
23997,episode/return,0.0
23997,episode/length,500.0
23998,episode/return,913.0
23998,episode/length,500.0
23999,episode/return,0.0
23999,episode/length,500.0
27992,episode/return,3.0
27992,episode/length,500.0
27993,episode/return,0.0
27993,episode/length,500.0
27994,episode/return,0.0
27994,episode/length,500.0
27995,episode/return,33.0
27995,episode/length,500.0
27996,episode/return,6.0
27996,episode/length,500.0
27997,episode/return,963.0
27997,episode/length,500.0
27998,episode/return,0.0
27998,episode/length,500.0
27999,episode/return,0.0
27999,episode/length,500.0
30000,train/consistency_loss_mean,0.0021381002098321915
30000,train/consistency_loss_std,0.00010705134759345546
30000,train/continue_loss_mean,0.0
30000,train/continue_loss_std,0.0
30000,train/grad_norm_mean,0.9200654064655304
30000,train/grad_norm_std,0.23045917307090227
30000,train/policy_log_std_mean,-0.48575830571651457
30000,train/policy_log_std_std,0.3675345538887776
30000,train/policy_loss_mean,-0.1832094645023346
30000,train/policy_loss_std,0.015200061203397619
30000,train/reward_loss_mean,0.08077150565385818
30000,train/reward_loss_std,0.0118231391902947
30000,train/total_loss_mean,0.08452981735467911
30000,train/total_loss_std,0.003074467133980343
30000,train/value_loss_mean,0.33690661928653715
30000,train/value_loss_std,0.01632700245660357
30000,train/value_scale_mean,157.64313388671874
30000,train/value_scale_std,7.323440486654428
30000,timing/collect_chunk_s,100.92467938596383
30000,timing/train_chunk_s,20.617621332406998
30000,dense_rhs/training_bucket_horizon,3.0
30000,system/heartbeat,1.0
31992,episode/return,7.0
31992,episode/length,500.0
31993,episode/return,0.0
31993,episode/length,500.0
31994,episode/return,0.0
31994,episode/length,500.0
31995,episode/return,585.0
31995,episode/length,500.0
31996,episode/return,0.0
31996,episode/length,500.0
31997,episode/return,247.0
31997,episode/length,500.0
31998,episode/return,986.0
31998,episode/length,500.0
31999,episode/return,0.0
31999,episode/length,500.0
35992,episode/return,0.0
35992,episode/length,500.0
35993,episode/return,0.0
35993,episode/length,500.0
35994,episode/return,0.0
35994,episode/length,500.0
35995,episode/return,7.0
35995,episode/length,500.0
35996,episode/return,16.0
35996,episode/length,500.0
35997,episode/return,831.0
35997,episode/length,500.0
35998,episode/return,924.0
35998,episode/length,500.0
35999,episode/return,0.0
35999,episode/length,500.0
39992,episode/return,979.0
39992,episode/length,500.0
39993,episode/return,973.0
39993,episode/length,500.0
39994,episode/return,724.0
39994,episode/length,500.0
39995,episode/return,840.0
39995,episode/length,500.0
39996,episode/return,518.0
39996,episode/length,500.0
39997,episode/return,1000.0
39997,episode/length,500.0
39998,episode/return,0.0
39998,episode/length,500.0
39999,episode/return,742.0
39999,episode/length,500.0
40000,train/consistency_loss_mean,0.002230175656825304
40000,train/consistency_loss_std,0.00011823820680946502
40000,train/continue_loss_mean,0.0
40000,train/continue_loss_std,0.0
40000,train/grad_norm_mean,0.9501212481975555
40000,train/grad_norm_std,0.26315437375795436
40000,train/policy_log_std_mean,-0.49410663838386537
40000,train/policy_log_std_std,0.369212573801736
40000,train/policy_loss_mean,-0.18848770551681518
40000,train/policy_loss_std,0.01329135001912089
40000,train/reward_loss_mean,0.08935528379678727
40000,train/reward_loss_std,0.013388723910519628
40000,train/total_loss_mean,0.08408517392873764
40000,train/total_loss_std,0.003184553931509693
40000,train/value_loss_mean,0.30546131024360657
40000,train/value_loss_std,0.015197369576260857
40000,train/value_scale_mean,177.3056565673828
40000,train/value_scale_std,2.0878781446242547
40000,timing/collect_chunk_s,99.47983592562377
40000,timing/train_chunk_s,20.52705508703366
40000,dense_rhs/training_bucket_horizon,3.0
40000,system/heartbeat,1.0
43992,episode/return,0.0
43992,episode/length,500.0
43993,episode/return,959.0
43993,episode/length,500.0
43994,episode/return,965.0
43994,episode/length,500.0
43995,episode/return,0.0
43995,episode/length,500.0
43996,episode/return,0.0
43996,episode/length,500.0
43997,episode/return,988.0
43997,episode/length,500.0
43998,episode/return,0.0
43998,episode/length,500.0
43999,episode/return,814.0
43999,episode/length,500.0
47992,episode/return,0.0
47992,episode/length,500.0
47993,episode/return,828.0
47993,episode/length,500.0
47994,episode/return,945.0
47994,episode/length,500.0
47995,episode/return,0.0
47995,episode/length,500.0
47996,episode/return,990.0
47996,episode/length,500.0
47997,episode/return,861.0
47997,episode/length,500.0
47998,episode/return,937.0
47998,episode/length,500.0
47999,episode/return,0.0
47999,episode/length,500.0
50000,train/consistency_loss_mean,0.0024392732253298165
50000,train/consistency_loss_std,0.0001289832199669855
50000,train/continue_loss_mean,0.0
50000,train/continue_loss_std,0.0
50000,train/grad_norm_mean,0.9559691874027252
50000,train/grad_norm_std,0.26591416628980835
50000,train/policy_log_std_mean,-0.5223911530256271
50000,train/policy_log_std_std,0.3432003746507078
50000,train/policy_loss_mean,-0.21427343904972077
50000,train/policy_loss_std,0.012839996238991734
50000,train/reward_loss_mean,0.11681375802755356
50000,train/reward_loss_std,0.013371027786606662
50000,train/total_loss_mean,0.0894418264389038
50000,train/total_loss_std,0.0036139847623200628
50000,train/value_loss_mean,0.289749858379364
50000,train/value_loss_std,0.015693030525495765
50000,train/value_scale_mean,181.07859411621095
50000,train/value_scale_std,0.7895428402135469
50000,timing/collect_chunk_s,99.89616491505876
50000,timing/train_chunk_s,20.591216421686113
50000,dense_rhs/training_bucket_horizon,3.0
50000,system/heartbeat,1.0
50000,timing/checkpoint_blocking_s,0.4073308929800987
50000,eval/return_mean,277.20001220703125
50000,eval/return_std,383.06988525390625
50000,eval/return_max,1000.0
50000,eval/return_min,0.0
50000,dense_rhs/deployment_utility_last_observed_gain,0.0
50000,dense_rhs/deployment_utility_observations,0.0
50000,timing/eval_s,100.0187684581615
50000,eval/selected_horizon,3.0
50000,eval/training_bucket_horizon,3.0
50000,system/heartbeat,1.0
51992,episode/return,964.0
51992,episode/length,500.0
51993,episode/return,0.0
51993,episode/length,500.0
51994,episode/return,925.0
51994,episode/length,500.0
51995,episode/return,189.0
51995,episode/length,500.0
51996,episode/return,585.0
51996,episode/length,500.0
51997,episode/return,791.0
51997,episode/length,500.0
51998,episode/return,907.0
51998,episode/length,500.0
51999,episode/return,0.0
51999,episode/length,500.0
55992,episode/return,969.0
55992,episode/length,500.0
55993,episode/return,0.0
55993,episode/length,500.0
55994,episode/return,819.0
55994,episode/length,500.0
55995,episode/return,0.0
55995,episode/length,500.0
55996,episode/return,436.0
55996,episode/length,500.0
55997,episode/return,855.0
55997,episode/length,500.0
55998,episode/return,983.0
55998,episode/length,500.0
55999,episode/return,0.0
55999,episode/length,500.0
59992,episode/return,0.0
59992,episode/length,500.0
59993,episode/return,538.0
59993,episode/length,500.0
59994,episode/return,0.0
59994,episode/length,500.0
59995,episode/return,935.0
59995,episode/length,500.0
59996,episode/return,621.0
59996,episode/length,500.0
59997,episode/return,0.0
59997,episode/length,500.0
59998,episode/return,832.0
59998,episode/length,500.0
59999,episode/return,0.0
59999,episode/length,500.0
60000,train/consistency_loss_mean,0.0026168430484831335
60000,train/consistency_loss_std,0.00013722218439838908
60000,train/continue_loss_mean,0.0
60000,train/continue_loss_std,0.0
60000,train/grad_norm_mean,0.9501934696197509
60000,train/grad_norm_std,0.21540915682128192
60000,train/policy_log_std_mean,-0.6048458335399628
60000,train/policy_log_std_std,0.405256686495736
60000,train/policy_loss_mean,-0.23986888955831528
60000,train/policy_loss_std,0.012001764993534083
60000,train/reward_loss_mean,0.1343504283428192
60000,train/reward_loss_std,0.012546201962182476
60000,train/total_loss_mean,0.09409859504103661
60000,train/total_loss_std,0.0034292249483505515
60000,train/value_loss_mean,0.283266894698143
60000,train/value_loss_std,0.015681078391099137
60000,train/value_scale_mean,183.2564576171875
60000,train/value_scale_std,0.45215564241150413
60000,timing/collect_chunk_s,101.23306516278535
60000,timing/train_chunk_s,20.54392298636958
60000,dense_rhs/training_bucket_horizon,3.0
60000,system/heartbeat,1.0
63992,episode/return,0.0
63992,episode/length,500.0
63993,episode/return,3.0
63993,episode/length,500.0
63994,episode/return,725.0
63994,episode/length,500.0
63995,episode/return,0.0
63995,episode/length,500.0
63996,episode/return,184.0
63996,episode/length,500.0
63997,episode/return,0.0
63997,episode/length,500.0
63998,episode/return,37.0
63998,episode/length,500.0
63999,episode/return,571.0
63999,episode/length,500.0
67992,episode/return,141.0
67992,episode/length,500.0
67993,episode/return,394.0
67993,episode/length,500.0
67994,episode/return,0.0
67994,episode/length,500.0
67995,episode/return,0.0
67995,episode/length,500.0
67996,episode/return,0.0
67996,episode/length,500.0
67997,episode/return,0.0
67997,episode/length,500.0
67998,episode/return,944.0
67998,episode/length,500.0
67999,episode/return,85.0
67999,episode/length,500.0
70000,train/consistency_loss_mean,0.0028235728781670333
70000,train/consistency_loss_std,0.00014380052664702552
70000,train/continue_loss_mean,0.0
70000,train/continue_loss_std,0.0
70000,train/grad_norm_mean,0.968241509437561
70000,train/grad_norm_std,0.20197026981478644
70000,train/policy_log_std_mean,-0.5728405573368073
70000,train/policy_log_std_std,0.4172835348235869
70000,train/policy_loss_mean,-0.23628502864837647
70000,train/policy_loss_std,0.011966043615133816
70000,train/reward_loss_mean,0.1338316005349159
70000,train/reward_loss_std,0.012537818953830089
70000,train/total_loss_mean,0.0978891605257988
70000,train/total_loss_std,0.0037729859816433868
70000,train/value_loss_mean,0.2803454255819321
70000,train/value_loss_std,0.016219344541959797
70000,train/value_scale_mean,183.89990252685547
70000,train/value_scale_std,0.19607234139722363
70000,timing/collect_chunk_s,101.839069604408
70000,timing/train_chunk_s,20.588433770928532
70000,dense_rhs/training_bucket_horizon,3.0
70000,system/heartbeat,1.0
70000,dense_rhs/selected_horizon,3.0
70000,dense_rhs/proposed_horizon,3.0
70000,dense_rhs/phase_id,0.0
70000,dense_rhs/num_active_horizons,7.0
70000,dense_rhs/num_candidate_horizons,3.0
70000,dense_rhs/entropy,1.9011632204055786
70000,dense_rhs/norm_entropy,0.9770045876502991
70000,dense_rhs/best_fitness,0.25741350650787354
70000,dense_rhs/deployment_score_best,2.924723958130926e-06
70000,dense_rhs/incumbent_deployment_score,2.924723958130926e-06
70000,dense_rhs/proposed_deployment_score,2.924723958130926e-06
70000,dense_rhs/proposed_transition_cost,0.0
70000,dense_rhs/proposed_switch_probability,0.5
70000,dense_rhs/proposed_expected_net_benefit,0.0
70000,dense_rhs/transition_cost_best,0.0
70000,dense_rhs/transition_adjusted_score_best,2.924723958130926e-06
70000,dense_rhs/switch_probability_best,0.5
70000,dense_rhs/expected_improvement_best,0.564189612865448
70000,dense_rhs/expected_loss_best,0.564189612865448
70000,dense_rhs/expected_net_benefit_best,0.0
70000,dense_rhs/return_term_best,0.09039261192083359
70000,dense_rhs/roughness_term_best,0.9798157215118408
70000,dense_rhs/return_std_term_best,0.049562036991119385
70000,dense_rhs/learner_proxy_term_best,0.90211021900177
70000,dense_rhs/model_prefix_loss_best,0.4441682696342468
70000,dense_rhs/model_probe_prefix_best,0.29162338376045227
70000,dense_rhs/planner_return_best,172.391357421875
70000,dense_rhs/roughness_best,0.4192754924297333
70000,dense_rhs/robust_return_best,-65.9217529296875
70000,timing/query_model_diag_s,15.303790392819792
70000,timing/query_env_eval_s,28.88278986699879
70000,timing/query_finalize_s,0.8460702737793326
70000,timing/query_total_s,45.23412547679618
70000,dense_rhs/candidate_3_fitness,0.25741350650787354
70000,dense_rhs/candidate_3_deployment_score,2.924723958130926e-06
70000,dense_rhs/candidate_3_transition_cost,0.0
70000,dense_rhs/candidate_3_transition_adjusted_score,2.924723958130926e-06
70000,dense_rhs/candidate_3_switch_probability,0.5
70000,dense_rhs/candidate_3_expected_net_benefit,0.0
70000,dense_rhs/candidate_3_return,-65.9217529296875
70000,dense_rhs/candidate_3_return_term,0.09039261192083359
70000,dense_rhs/candidate_3_roughness_term,0.9798157215118408
70000,dense_rhs/candidate_3_return_std_term,0.049562036991119385
70000,dense_rhs/candidate_3_learner_proxy_term,0.90211021900177
70000,dense_rhs/candidate_2_fitness,0.03162277489900589
70000,dense_rhs/candidate_2_deployment_score,1.0000000359391298e-36
70000,dense_rhs/candidate_2_transition_cost,0.06806449592113495
70000,dense_rhs/candidate_2_transition_adjusted_score,-0.06806449592113495
70000,dense_rhs/candidate_2_switch_probability,0.4808059334754944
70000,dense_rhs/candidate_2_expected_net_benefit,-0.06806743144989014
70000,dense_rhs/candidate_2_return,-89.7208251953125
70000,dense_rhs/candidate_2_return_term,0.0
70000,dense_rhs/candidate_2_roughness_term,1.0
70000,dense_rhs/candidate_2_return_std_term,0.0
70000,dense_rhs/candidate_2_learner_proxy_term,0.0
70000,dense_rhs/candidate_4_fitness,0.29280632734298706
70000,dense_rhs/candidate_4_deployment_score,2.769329512375407e-05
70000,dense_rhs/candidate_4_transition_cost,0.040119726210832596
70000,dense_rhs/candidate_4_transition_adjusted_score,-0.04009203240275383
70000,dense_rhs/candidate_4_switch_probability,0.48869094252586365
70000,dense_rhs/candidate_4_expected_net_benefit,-0.04009491205215454
70000,dense_rhs/candidate_4_return,-48.7509765625
70000,dense_rhs/candidate_4_return_term,0.15560992062091827
70000,dense_rhs/candidate_4_roughness_term,0.9659407734870911
70000,dense_rhs/candidate_4_return_std_term,0.048896193504333496
70000,dense_rhs/candidate_4_learner_proxy_term,1.0
70000,dense_rhs/deployment_utility_enabled,1.0
70000,dense_rhs/deployment_utility_observations,0.0
70000,dense_rhs/deployment_utility_last_observed_gain,0.0
70000,dense_rhs/candidate_2_expected_eval_gain,0.0
70000,dense_rhs/candidate_2_eval_gain_uncertainty,150.0
70000,dense_rhs/candidate_2_deployment_utility_score,37.5
70000,dense_rhs/candidate_3_expected_eval_gain,0.0
70000,dense_rhs/candidate_3_eval_gain_uncertainty,150.0
70000,dense_rhs/candidate_3_deployment_utility_score,38.55611266014431
70000,dense_rhs/candidate_4_expected_eval_gain,0.0
70000,dense_rhs/candidate_4_eval_gain_uncertainty,150.0
70000,dense_rhs/candidate_4_deployment_utility_score,47.5
70000,dense_rhs/deployment_utility_override,0.0
70000,dense_rhs/deployment_utility_selected_expected_gain,0.0
70000,dense_rhs/deployment_utility_selected_uncertainty,150.0
70000,dense_rhs/deployment_utility_selected_score,38.55611266014431
70000,dense_rhs/deployment_utility_proposed_horizon,4.0
70000,dense_rhs/deployment_utility_proposed_expected_gain,0.0
70000,dense_rhs/deployment_utility_proposed_uncertainty,150.0
70000,dense_rhs/deployment_utility_proposed_score,47.5
70000,dense_rhs/previous_horizon,3.0
70000,dense_rhs/training_bucket_horizon,3.0
70000,dense_rhs/best_h,3.0
70000,dense_rhs/prob_best_h,0.20703125
70000,dense_rhs/gauss_mean_best_h,0.25741350650787354
70000,dense_rhs/gauss_post_std_best_h,1.0
70000,system/heartbeat,1.0
71992,episode/return,985.0
71992,episode/length,500.0
71993,episode/return,983.0
71993,episode/length,500.0
71994,episode/return,0.0
71994,episode/length,500.0
71995,episode/return,894.0
71995,episode/length,500.0
71996,episode/return,0.0
71996,episode/length,500.0
71997,episode/return,0.0
71997,episode/length,500.0
71998,episode/return,365.0
71998,episode/length,500.0
71999,episode/return,0.0
71999,episode/length,500.0
75992,episode/return,0.0
75992,episode/length,500.0
75993,episode/return,951.0
75993,episode/length,500.0
75994,episode/return,835.0
75994,episode/length,500.0
75995,episode/return,0.0
75995,episode/length,500.0
75996,episode/return,5.0
75996,episode/length,500.0
75997,episode/return,962.0
75997,episode/length,500.0
75998,episode/return,903.0
75998,episode/length,500.0
75999,episode/return,194.0
75999,episode/length,500.0
79992,episode/return,747.0
79992,episode/length,500.0
79993,episode/return,184.0
79993,episode/length,500.0
79994,episode/return,952.0
79994,episode/length,500.0
79995,episode/return,39.0
79995,episode/length,500.0
79996,episode/return,458.0
79996,episode/length,500.0
79997,episode/return,520.0
79997,episode/length,500.0
79998,episode/return,437.0
79998,episode/length,500.0
79999,episode/return,252.0
79999,episode/length,500.0
80000,train/consistency_loss_mean,0.002916456731967628
80000,train/consistency_loss_std,0.0001425426707872369
80000,train/continue_loss_mean,0.0
80000,train/continue_loss_std,0.0
80000,train/grad_norm_mean,1.0110309685230254
80000,train/grad_norm_std,0.186666172163449
80000,train/policy_log_std_mean,-0.6072041900873184
80000,train/policy_log_std_std,0.42644853777795244
80000,train/policy_loss_mean,-0.23500406143665314
80000,train/policy_loss_std,0.011871878844357088
80000,train/reward_loss_mean,0.13900304653644563
80000,train/reward_loss_std,0.013121298792825819
80000,train/total_loss_mean,0.10229902101159095
80000,train/total_loss_std,0.0036949705235873086
80000,train/value_loss_mean,0.30069580218791964
80000,train/value_loss_std,0.014956359376276141
80000,train/value_scale_mean,184.4641439086914
80000,train/value_scale_std,0.40665883562447575
80000,timing/collect_chunk_s,100.98438287945464
80000,timing/train_chunk_s,20.61738044116646
80000,dense_rhs/training_bucket_horizon,3.0
80000,system/heartbeat,1.0
83992,episode/return,0.0
83992,episode/length,500.0
83993,episode/return,370.0
83993,episode/length,500.0
83994,episode/return,9.0
83994,episode/length,500.0
83995,episode/return,0.0
83995,episode/length,500.0
83996,episode/return,140.0
83996,episode/length,500.0
83997,episode/return,978.0
83997,episode/length,500.0
83998,episode/return,332.0
83998,episode/length,500.0
83999,episode/return,667.0
83999,episode/length,500.0
87992,episode/return,5.0
87992,episode/length,500.0
87993,episode/return,260.0
87993,episode/length,500.0
87994,episode/return,0.0
87994,episode/length,500.0
87995,episode/return,0.0
87995,episode/length,500.0
87996,episode/return,13.0
87996,episode/length,500.0
87997,episode/return,9.0
87997,episode/length,500.0
87998,episode/return,949.0
87998,episode/length,500.0
87999,episode/return,0.0
87999,episode/length,500.0
90000,train/consistency_loss_mean,0.0030671042788773775
90000,train/consistency_loss_std,0.00014497241996478207
90000,train/continue_loss_mean,0.0
90000,train/continue_loss_std,0.0
90000,train/grad_norm_mean,1.0450426206588745
90000,train/grad_norm_std,0.19035286850818284
90000,train/policy_log_std_mean,-0.6197759623050689
90000,train/policy_log_std_std,0.42742180307193267
90000,train/policy_loss_mean,-0.2421491621375084
90000,train/policy_loss_std,0.011483738940945107
90000,train/reward_loss_mean,0.1432731477856636
90000,train/reward_loss_std,0.013351718279658916
90000,train/total_loss_mean,0.10725608938336373
90000,train/total_loss_std,0.0036477302122260337
90000,train/value_loss_mean,0.3158668823242187
90000,train/value_loss_std,0.014921230510829744
90000,train/value_scale_mean,182.9042827758789
90000,train/value_scale_std,1.182257529614996
90000,timing/collect_chunk_s,101.23832745756954
90000,timing/train_chunk_s,20.598493810743093
90000,dense_rhs/training_bucket_horizon,3.0
90000,system/heartbeat,1.0
91992,episode/return,939.0
91992,episode/length,500.0
91993,episode/return,953.0
91993,episode/length,500.0
91994,episode/return,991.0
91994,episode/length,500.0
91995,episode/return,974.0
91995,episode/length,500.0
91996,episode/return,975.0
91996,episode/length,500.0
91997,episode/return,805.0
91997,episode/length,500.0
91998,episode/return,252.0
91998,episode/length,500.0
91999,episode/return,0.0
91999,episode/length,500.0
95992,episode/return,978.0
95992,episode/length,500.0
95993,episode/return,0.0
95993,episode/length,500.0
95994,episode/return,949.0
95994,episode/length,500.0
95995,episode/return,725.0
95995,episode/length,500.0
95996,episode/return,961.0
95996,episode/length,500.0
95997,episode/return,641.0
95997,episode/length,500.0
95998,episode/return,983.0
95998,episode/length,500.0
95999,episode/return,819.0
95999,episode/length,500.0
99992,episode/return,3.0
99992,episode/length,500.0
99993,episode/return,31.0
99993,episode/length,500.0
99994,episode/return,969.0
99994,episode/length,500.0
99995,episode/return,0.0
99995,episode/length,500.0
99996,episode/return,0.0
99996,episode/length,500.0
99997,episode/return,35.0
99997,episode/length,500.0
99998,episode/return,141.0
99998,episode/length,500.0
99999,episode/return,988.0
99999,episode/length,500.0
100000,train/consistency_loss_mean,0.003099848918430507
100000,train/consistency_loss_std,0.00015063396536308917
100000,train/continue_loss_mean,0.0
100000,train/continue_loss_std,0.0
100000,train/grad_norm_mean,1.0522885105133057
100000,train/grad_norm_std,0.18755873038403806
100000,train/policy_log_std_mean,-0.6549296152114868
100000,train/policy_log_std_std,0.4255372506581171
100000,train/policy_loss_mean,-0.2556321418762207
100000,train/policy_loss_std,0.012134390950628167
100000,train/reward_loss_mean,0.15249786896705628
100000,train/reward_loss_std,0.013777428715299451
100000,train/total_loss_mean,0.10777288082242012
100000,train/total_loss_std,0.0036588717160961274
100000,train/value_loss_mean,0.3052611393451691
100000,train/value_loss_std,0.014879445306530667
100000,train/value_scale_mean,181.1069223876953
100000,train/value_scale_std,0.17129326405090292
100000,timing/collect_chunk_s,101.59122841712087
100000,timing/train_chunk_s,20.588077674154192
100000,dense_rhs/training_bucket_horizon,3.0
100000,system/heartbeat,1.0
100000,timing/checkpoint_blocking_s,0.44086572574451566
100000,eval/return_mean,398.8500061035156
100000,eval/return_std,449.8902282714844
100000,eval/return_max,971.0
100000,eval/return_min,0.0
100000,dense_rhs/deployment_utility_last_observed_gain,121.64999389648438
100000,dense_rhs/deployment_utility_observations,1.0
100000,timing/eval_s,11.383499305229634
100000,eval/selected_horizon,3.0
100000,eval/training_bucket_horizon,3.0
100000,system/heartbeat,1.0
103992,episode/return,931.0
103992,episode/length,500.0
103993,episode/return,0.0
103993,episode/length,500.0
103994,episode/return,11.0
103994,episode/length,500.0
103995,episode/return,331.0
103995,episode/length,500.0
103996,episode/return,966.0
103996,episode/length,500.0
103997,episode/return,0.0
103997,episode/length,500.0
103998,episode/return,0.0
103998,episode/length,500.0
103999,episode/return,955.0
103999,episode/length,500.0
107992,episode/return,976.0
107992,episode/length,500.0
107993,episode/return,0.0
107993,episode/length,500.0
107994,episode/return,877.0
107994,episode/length,500.0
107995,episode/return,970.0
107995,episode/length,500.0
107996,episode/return,901.0
107996,episode/length,500.0
107997,episode/return,253.0
107997,episode/length,500.0
107998,episode/return,989.0
107998,episode/length,500.0
107999,episode/return,891.0
107999,episode/length,500.0
110000,train/consistency_loss_mean,0.003191170558333397
110000,train/consistency_loss_std,0.00015635494718906304
110000,train/continue_loss_mean,0.0
110000,train/continue_loss_std,0.0
110000,train/grad_norm_mean,1.108643964767456
110000,train/grad_norm_std,0.21757575232013332
110000,train/policy_log_std_mean,-0.7140639739036561
110000,train/policy_log_std_std,0.4449284807666687
110000,train/policy_loss_mean,-0.2579837474584579
110000,train/policy_loss_std,0.01089051783433884
110000,train/reward_loss_mean,0.1604835611820221
110000,train/reward_loss_std,0.013871366181408808
110000,train/total_loss_mean,0.1122335421860218
110000,train/total_loss_std,0.00399658381405261
110000,train/value_loss_mean,0.3236177442073822
110000,train/value_loss_std,0.015415154732557008
110000,train/value_scale_mean,181.0426796508789
110000,train/value_scale_std,0.22704862746119575
110000,timing/collect_chunk_s,100.83906292635947
110000,timing/train_chunk_s,20.590662236325443
110000,dense_rhs/training_bucket_horizon,3.0
110000,system/heartbeat,1.0
111992,episode/return,980.0
111992,episode/length,500.0
111993,episode/return,100.0
111993,episode/length,500.0
111994,episode/return,7.0
111994,episode/length,500.0
111995,episode/return,914.0
111995,episode/length,500.0
111996,episode/return,0.0
111996,episode/length,500.0
111997,episode/return,815.0
111997,episode/length,500.0
111998,episode/return,981.0
111998,episode/length,500.0
111999,episode/return,902.0
111999,episode/length,500.0
115992,episode/return,964.0
115992,episode/length,500.0
115993,episode/return,976.0
115993,episode/length,500.0
115994,episode/return,263.0
115994,episode/length,500.0
115995,episode/return,852.0
115995,episode/length,500.0
115996,episode/return,0.0
115996,episode/length,500.0
115997,episode/return,881.0
115997,episode/length,500.0
115998,episode/return,731.0
115998,episode/length,500.0
115999,episode/return,20.0
115999,episode/length,500.0
119992,episode/return,989.0
119992,episode/length,500.0
119993,episode/return,0.0
119993,episode/length,500.0
119994,episode/return,0.0
119994,episode/length,500.0
119995,episode/return,455.0
119995,episode/length,500.0
119996,episode/return,523.0
119996,episode/length,500.0
119997,episode/return,0.0
119997,episode/length,500.0
119998,episode/return,950.0
119998,episode/length,500.0
119999,episode/return,340.0
119999,episode/length,500.0
120000,train/consistency_loss_mean,0.0032486618131399156
120000,train/consistency_loss_std,0.00015749339155586654
120000,train/continue_loss_mean,0.0
120000,train/continue_loss_std,0.0
120000,train/grad_norm_mean,1.1081504418849946
120000,train/grad_norm_std,0.20768724256535767
120000,train/policy_log_std_mean,-0.7201473600864411
120000,train/policy_log_std_std,0.4575357592528898
120000,train/policy_loss_mean,-0.26187607645988464
120000,train/policy_loss_std,0.010777974821432052
120000,train/reward_loss_mean,0.16621124835014342
120000,train/reward_loss_std,0.013373607787680167
120000,train/total_loss_mean,0.11521939237117768
120000,train/total_loss_std,0.0038503278455857106
120000,train/value_loss_mean,0.3362502959728241
120000,train/value_loss_std,0.014707856645319211
120000,train/value_scale_mean,182.41698804931642
120000,train/value_scale_std,0.736106151008626
120000,timing/collect_chunk_s,102.621239956934
120000,timing/train_chunk_s,20.58527405699715
120000,dense_rhs/training_bucket_horizon,3.0
120000,system/heartbeat,1.0
120000,dense_rhs/selected_horizon,3.0
120000,dense_rhs/proposed_horizon,3.0
120000,dense_rhs/phase_id,0.0
120000,dense_rhs/num_active_horizons,7.0
120000,dense_rhs/num_candidate_horizons,3.0
120000,dense_rhs/entropy,1.6053324937820435
120000,dense_rhs/norm_entropy,0.8249776363372803
120000,dense_rhs/best_fitness,0.03162277489900589
120000,dense_rhs/deployment_score_best,9.054220681300952e-26
120000,dense_rhs/incumbent_deployment_score,9.054220681300952e-26
120000,dense_rhs/proposed_deployment_score,9.054220681300952e-26
120000,dense_rhs/proposed_transition_cost,0.0
120000,dense_rhs/proposed_switch_probability,0.5
120000,dense_rhs/proposed_expected_net_benefit,0.0
120000,dense_rhs/transition_cost_best,0.0
120000,dense_rhs/transition_adjusted_score_best,9.054220681300952e-26
120000,dense_rhs/switch_probability_best,0.5
120000,dense_rhs/expected_improvement_best,0.564189612865448
120000,dense_rhs/expected_loss_best,0.564189612865448
120000,dense_rhs/expected_net_benefit_best,0.0
120000,dense_rhs/return_term_best,0.0
120000,dense_rhs/roughness_term_best,0.9856524467468262
120000,dense_rhs/return_std_term_best,0.11754077672958374
120000,dense_rhs/learner_proxy_term_best,0.781517505645752
120000,dense_rhs/model_prefix_loss_best,0.5472316741943359
120000,dense_rhs/model_probe_prefix_best,0.3546368479728699
120000,dense_rhs/planner_return_best,147.12576293945312
120000,dense_rhs/roughness_best,0.24954953789710999
120000,dense_rhs/robust_return_best,-71.82626342773438
120000,timing/query_model_diag_s,14.686167880892754
120000,timing/query_env_eval_s,7.711105498019606
120000,timing/query_finalize_s,0.7730654161423445
120000,timing/query_total_s,23.175145302899182
120000,dense_rhs/candidate_3_fitness,0.03162277489900589
120000,dense_rhs/candidate_3_deployment_score,9.054220681300952e-26
120000,dense_rhs/candidate_3_transition_cost,0.0
120000,dense_rhs/candidate_3_transition_adjusted_score,9.054220681300952e-26
120000,dense_rhs/candidate_3_switch_probability,0.5
120000,dense_rhs/candidate_3_expected_net_benefit,0.0
120000,dense_rhs/candidate_3_return,-71.82626342773438
120000,dense_rhs/candidate_3_return_term,0.0
120000,dense_rhs/candidate_3_roughness_term,0.9856524467468262
120000,dense_rhs/candidate_3_return_std_term,0.11754077672958374
120000,dense_rhs/candidate_3_learner_proxy_term,0.781517505645752
120000,dense_rhs/candidate_4_fitness,0.1178867518901825
120000,dense_rhs/candidate_4_deployment_score,3.4884485557995504e-06
120000,dense_rhs/candidate_4_transition_cost,0.04574616253376007
120000,dense_rhs/candidate_4_transition_adjusted_score,-0.04574267566204071
120000,dense_rhs/candidate_4_switch_probability,0.48709848523139954
120000,dense_rhs/candidate_4_expected_net_benefit,-0.04574263095855713
120000,dense_rhs/candidate_4_return,-12.936325073242188
120000,dense_rhs/candidate_4_return_term,0.26334789395332336
120000,dense_rhs/candidate_4_roughness_term,0.9512276649475098
120000,dense_rhs/candidate_4_return_std_term,0.0007669925689697266
120000,dense_rhs/candidate_4_learner_proxy_term,0.994116485118866
120000,dense_rhs/candidate_2_fitness,0.03162277489900589
120000,dense_rhs/candidate_2_deployment_score,6.659719298382147e-14
120000,dense_rhs/candidate_2_transition_cost,0.06963150948286057
120000,dense_rhs/candidate_2_transition_adjusted_score,-0.06963150948286057
120000,dense_rhs/candidate_2_switch_probability,0.48036524653434753
120000,dense_rhs/candidate_2_expected_net_benefit,-0.06963151693344116
120000,dense_rhs/candidate_2_return,41.77293395996094
120000,dense_rhs/candidate_2_return_term,0.5080003142356873
120000,dense_rhs/candidate_2_roughness_term,1.0
120000,dense_rhs/candidate_2_return_std_term,0.0
120000,dense_rhs/candidate_2_learner_proxy_term,5.960464477539063e-08
120000,dense_rhs/deployment_utility_enabled,1.0
120000,dense_rhs/deployment_utility_observations,1.0
120000,dense_rhs/deployment_utility_last_observed_gain,121.64999389648438
120000,dense_rhs/candidate_2_expected_eval_gain,0.0
120000,dense_rhs/candidate_2_eval_gain_uncertainty,150.0
120000,dense_rhs/candidate_2_deployment_utility_score,37.50000019090777
120000,dense_rhs/candidate_3_expected_eval_gain,121.64999389648438
120000,dense_rhs/candidate_3_eval_gain_uncertainty,106.06601717798212
120000,dense_rhs/candidate_3_deployment_utility_score,148.1664981909799
120000,dense_rhs/candidate_4_expected_eval_gain,0.0
120000,dense_rhs/candidate_4_eval_gain_uncertainty,150.0
120000,dense_rhs/candidate_4_deployment_utility_score,47.5
120000,dense_rhs/deployment_utility_override,0.0
120000,dense_rhs/deployment_utility_selected_expected_gain,121.64999389648438
120000,dense_rhs/deployment_utility_selected_uncertainty,106.06601717798212
120000,dense_rhs/deployment_utility_selected_score,148.1664981909799
120000,dense_rhs/deployment_utility_proposed_horizon,3.0
120000,dense_rhs/deployment_utility_proposed_expected_gain,121.64999389648438
120000,dense_rhs/deployment_utility_proposed_uncertainty,106.06601717798212
120000,dense_rhs/deployment_utility_proposed_score,148.1664981909799
120000,dense_rhs/previous_horizon,3.0
120000,dense_rhs/training_bucket_horizon,3.0
120000,dense_rhs/best_h,3.0
120000,dense_rhs/prob_best_h,0.0078125
120000,dense_rhs/gauss_mean_best_h,0.14451813697814941
120000,dense_rhs/gauss_post_std_best_h,0.07982908934354782
120000,system/heartbeat,1.0
123992,episode/return,929.0
123992,episode/length,500.0
123993,episode/return,7.0
123993,episode/length,500.0
123994,episode/return,0.0
123994,episode/length,500.0
123995,episode/return,891.0
123995,episode/length,500.0
123996,episode/return,24.0
123996,episode/length,500.0
123997,episode/return,13.0
123997,episode/length,500.0
123998,episode/return,5.0
123998,episode/length,500.0
123999,episode/return,963.0
123999,episode/length,500.0
127992,episode/return,0.0
127992,episode/length,500.0
127993,episode/return,3.0
127993,episode/length,500.0
127994,episode/return,567.0
127994,episode/length,500.0
127995,episode/return,790.0
127995,episode/length,500.0
127996,episode/return,964.0
127996,episode/length,500.0
127997,episode/return,888.0
127997,episode/length,500.0
127998,episode/return,157.0
127998,episode/length,500.0
127999,episode/return,956.0
127999,episode/length,500.0
130000,train/consistency_loss_mean,0.0032987711168825625
130000,train/consistency_loss_std,0.000158757144336334
130000,train/continue_loss_mean,0.0
130000,train/continue_loss_std,0.0
130000,train/grad_norm_mean,1.1083902542114257
130000,train/grad_norm_std,0.20658673216823398
130000,train/policy_log_std_mean,-0.7188277754783631
130000,train/policy_log_std_std,0.45447693370171593
130000,train/policy_loss_mean,-0.2619287170410156
130000,train/policy_loss_std,0.01095372129822291
130000,train/reward_loss_mean,0.16746159625053406
130000,train/reward_loss_std,0.01374740480978322
130000,train/total_loss_mean,0.11695331934690475
130000,train/total_loss_std,0.003799386360692601
130000,train/value_loss_mean,0.3423173560619354
130000,train/value_loss_std,0.014135522164213333
130000,train/value_scale_mean,183.2216343017578
130000,train/value_scale_std,0.4357092412658384
130000,timing/collect_chunk_s,102.58981618657708
130000,timing/train_chunk_s,20.604000153020024
130000,dense_rhs/training_bucket_horizon,3.0
130000,system/heartbeat,1.0
131992,episode/return,913.0
131992,episode/length,500.0
131993,episode/return,982.0
131993,episode/length,500.0
131994,episode/return,830.0
131994,episode/length,500.0
131995,episode/return,878.0
131995,episode/length,500.0
131996,episode/return,974.0
131996,episode/length,500.0
131997,episode/return,3.0
131997,episode/length,500.0
131998,episode/return,948.0
131998,episode/length,500.0
131999,episode/return,3.0
131999,episode/length,500.0
135992,episode/return,931.0
135992,episode/length,500.0
135993,episode/return,10.0
135993,episode/length,500.0
135994,episode/return,1000.0
135994,episode/length,500.0
135995,episode/return,988.0
135995,episode/length,500.0
135996,episode/return,986.0
135996,episode/length,500.0
135997,episode/return,981.0
135997,episode/length,500.0
135998,episode/return,480.0
135998,episode/length,500.0
135999,episode/return,4.0
135999,episode/length,500.0
139992,episode/return,853.0
139992,episode/length,500.0
139993,episode/return,307.0
139993,episode/length,500.0
139994,episode/return,892.0
139994,episode/length,500.0
139995,episode/return,1000.0
139995,episode/length,500.0
139996,episode/return,929.0
139996,episode/length,500.0
139997,episode/return,4.0
139997,episode/length,500.0
139998,episode/return,960.0
139998,episode/length,500.0
139999,episode/return,981.0
139999,episode/length,500.0
140000,train/consistency_loss_mean,0.0033406722592189907
140000,train/consistency_loss_std,0.00016300249586472256
140000,train/continue_loss_mean,0.0
140000,train/continue_loss_std,0.0
140000,train/grad_norm_mean,1.1071122447013855
140000,train/grad_norm_std,0.20158969236951943
140000,train/policy_log_std_mean,-0.7284926513195038
140000,train/policy_log_std_std,0.4469934538797407
140000,train/policy_loss_mean,-0.266606215429306
140000,train/policy_loss_std,0.011034968267112814
140000,train/reward_loss_mean,0.17572372946739198
140000,train/reward_loss_std,0.013930719785490769
140000,train/total_loss_mean,0.11929994376897812
140000,train/total_loss_std,0.003890653160842947
140000,train/value_loss_mean,0.34914124207496644
140000,train/value_loss_std,0.014771371414510103
140000,train/value_scale_mean,184.01406019287109
140000,train/value_scale_std,0.4510592637486549
140000,timing/collect_chunk_s,98.1052395273
140000,timing/train_chunk_s,20.59368062997237
140000,dense_rhs/training_bucket_horizon,3.0
140000,system/heartbeat,1.0
143992,episode/return,964.0
143992,episode/length,500.0
143993,episode/return,968.0
143993,episode/length,500.0
143994,episode/return,679.0
143994,episode/length,500.0
143995,episode/return,984.0
143995,episode/length,500.0
143996,episode/return,975.0
143996,episode/length,500.0
143997,episode/return,0.0
143997,episode/length,500.0
143998,episode/return,981.0
143998,episode/length,500.0
143999,episode/return,0.0
143999,episode/length,500.0
147992,episode/return,988.0
147992,episode/length,500.0
147993,episode/return,0.0
147993,episode/length,500.0
147994,episode/return,0.0
147994,episode/length,500.0
147995,episode/return,990.0
147995,episode/length,500.0
147996,episode/return,758.0
147996,episode/length,500.0
147997,episode/return,6.0
147997,episode/length,500.0
147998,episode/return,985.0
147998,episode/length,500.0
147999,episode/return,963.0
147999,episode/length,500.0
150000,train/consistency_loss_mean,0.0033662983564659954
150000,train/consistency_loss_std,0.00016309796696077408
150000,train/continue_loss_mean,0.0
150000,train/continue_loss_std,0.0
150000,train/grad_norm_mean,1.0975646696090697
150000,train/grad_norm_std,0.2018388330042643
150000,train/policy_log_std_mean,-0.7347796843528748
150000,train/policy_log_std_std,0.4461522485457119
150000,train/policy_loss_mean,-0.2677830543279648
150000,train/policy_loss_std,0.010881414176027204
150000,train/reward_loss_mean,0.18279816620349884
150000,train/reward_loss_std,0.01349992886220192
150000,train/total_loss_mean,0.12013572272062302
150000,train/total_loss_std,0.0038639963578621112
150000,train/value_loss_mean,0.345299384522438
150000,train/value_loss_std,0.015575071419718997
150000,train/value_scale_mean,185.09230217285156
150000,train/value_scale_std,0.22509326691017328
150000,timing/collect_chunk_s,101.72715677134693
150000,timing/train_chunk_s,20.597764442209154
150000,dense_rhs/training_bucket_horizon,3.0
150000,system/heartbeat,1.0
150000,timing/checkpoint_blocking_s,0.4177102092653513
150000,eval/return_mean,506.0
150000,eval/return_std,465.0773010253906
150000,eval/return_max,1000.0
150000,eval/return_min,0.0
150000,dense_rhs/deployment_utility_last_observed_gain,107.14999389648438
150000,dense_rhs/deployment_utility_observations,2.0
150000,timing/eval_s,11.144181248731911
150000,eval/selected_horizon,3.0
150000,eval/training_bucket_horizon,3.0
150000,system/heartbeat,1.0
151992,episode/return,951.0
151992,episode/length,500.0
151993,episode/return,741.0
151993,episode/length,500.0
151994,episode/return,958.0
151994,episode/length,500.0
151995,episode/return,987.0
151995,episode/length,500.0
151996,episode/return,812.0
151996,episode/length,500.0
151997,episode/return,0.0
151997,episode/length,500.0
151998,episode/return,935.0
151998,episode/length,500.0
151999,episode/return,953.0
151999,episode/length,500.0
155992,episode/return,838.0
155992,episode/length,500.0
155993,episode/return,952.0
155993,episode/length,500.0
155994,episode/return,982.0
155994,episode/length,500.0
155995,episode/return,7.0
155995,episode/length,500.0
155996,episode/return,321.0
155996,episode/length,500.0
155997,episode/return,0.0
155997,episode/length,500.0
155998,episode/return,766.0
155998,episode/length,500.0
155999,episode/return,6.0
155999,episode/length,500.0
159992,episode/return,0.0
159992,episode/length,500.0
159993,episode/return,0.0
159993,episode/length,500.0
159994,episode/return,963.0
159994,episode/length,500.0
159995,episode/return,942.0
159995,episode/length,500.0
159996,episode/return,3.0
159996,episode/length,500.0
159997,episode/return,8.0
159997,episode/length,500.0
159998,episode/return,985.0
159998,episode/length,500.0
159999,episode/return,0.0
159999,episode/length,500.0
160000,train/consistency_loss_mean,0.0034366858161985875
160000,train/consistency_loss_std,0.00016795038592198156
160000,train/continue_loss_mean,0.0
160000,train/continue_loss_std,0.0
160000,train/grad_norm_mean,1.0919818156719208
160000,train/grad_norm_std,0.18984472049887097
160000,train/policy_log_std_mean,-0.7417185423851013
160000,train/policy_log_std_std,0.4439576747201035
160000,train/policy_loss_mean,-0.27076332249641416
160000,train/policy_loss_std,0.011150110320088717
160000,train/reward_loss_mean,0.18770014027357101
160000,train/reward_loss_std,0.013710031603737901
160000,train/total_loss_mean,0.12193704203367234
160000,train/total_loss_std,0.003929836017511399
160000,train/value_loss_mean,0.34433309683799745
160000,train/value_loss_std,0.015395009465461481
160000,train/value_scale_mean,184.6973831298828
160000,train/value_scale_std,0.15972428832802588
160000,timing/collect_chunk_s,101.10524588497356
160000,timing/train_chunk_s,20.533479089383036
160000,dense_rhs/training_bucket_horizon,3.0
160000,system/heartbeat,1.0
163992,episode/return,969.0
163992,episode/length,500.0
163993,episode/return,759.0
163993,episode/length,500.0
163994,episode/return,974.0
163994,episode/length,500.0
163995,episode/return,983.0
163995,episode/length,500.0
163996,episode/return,989.0
163996,episode/length,500.0
163997,episode/return,939.0
163997,episode/length,500.0
163998,episode/return,776.0
163998,episode/length,500.0
163999,episode/return,219.0
163999,episode/length,500.0
167992,episode/return,867.0
167992,episode/length,500.0
167993,episode/return,983.0
167993,episode/length,500.0
167994,episode/return,203.0
167994,episode/length,500.0
167995,episode/return,331.0
167995,episode/length,500.0
167996,episode/return,944.0
167996,episode/length,500.0
167997,episode/return,989.0
167997,episode/length,500.0
167998,episode/return,984.0
167998,episode/length,500.0
167999,episode/return,934.0
167999,episode/length,500.0
170000,train/consistency_loss_mean,0.0034501808881759644
170000,train/consistency_loss_std,0.0001677333891480656
170000,train/continue_loss_mean,0.0
170000,train/continue_loss_std,0.0
170000,train/grad_norm_mean,1.0728825573444367
170000,train/grad_norm_std,0.1777046759654182
170000,train/policy_log_std_mean,-0.7451428651332855
170000,train/policy_log_std_std,0.4463442846252106
170000,train/policy_loss_mean,-0.276426659989357
170000,train/policy_loss_std,0.011233777978786424
170000,train/reward_loss_mean,0.1921449303984642
170000,train/reward_loss_std,0.01376885907028033
170000,train/total_loss_mean,0.1211163335442543
170000,train/total_loss_std,0.00393645672113318
170000,train/value_loss_mean,0.3289822059154511
170000,train/value_loss_std,0.015177995858319675
170000,train/value_scale_mean,184.26518076171874
170000,train/value_scale_std,0.19095837535616286
170000,timing/collect_chunk_s,98.47917538927868
170000,timing/train_chunk_s,20.560172184370458
170000,dense_rhs/training_bucket_horizon,3.0
170000,system/heartbeat,1.0
170000,dense_rhs/selected_horizon,3.0
170000,dense_rhs/proposed_horizon,3.0
170000,dense_rhs/phase_id,0.0
170000,dense_rhs/num_active_horizons,7.0
170000,dense_rhs/num_candidate_horizons,3.0
170000,dense_rhs/entropy,1.5962920188903809
170000,dense_rhs/norm_entropy,0.8203317523002625
170000,dense_rhs/best_fitness,0.03162277489900589
170000,dense_rhs/deployment_score_best,4.651392491387529e-15
170000,dense_rhs/incumbent_deployment_score,4.651392491387529e-15
170000,dense_rhs/proposed_deployment_score,4.651392491387529e-15
170000,dense_rhs/proposed_transition_cost,0.0
170000,dense_rhs/proposed_switch_probability,0.5
170000,dense_rhs/proposed_expected_net_benefit,0.0
170000,dense_rhs/transition_cost_best,0.0
170000,dense_rhs/transition_adjusted_score_best,4.651392491387529e-15
170000,dense_rhs/switch_probability_best,0.5
170000,dense_rhs/expected_improvement_best,0.04503874480724335
170000,dense_rhs/expected_loss_best,0.04503874480724335
170000,dense_rhs/expected_net_benefit_best,0.0
170000,dense_rhs/return_term_best,0.008858585730195045
170000,dense_rhs/roughness_term_best,0.9365927577018738
170000,dense_rhs/return_std_term_best,0.0
170000,dense_rhs/learner_proxy_term_best,0.8064447045326233
170000,dense_rhs/model_prefix_loss_best,0.529552161693573
170000,dense_rhs/model_probe_prefix_best,0.35369980335235596
170000,dense_rhs/planner_return_best,176.9783477783203
170000,dense_rhs/roughness_best,0.3034936189651489
170000,dense_rhs/robust_return_best,-43.730712890625
170000,timing/query_model_diag_s,0.01179593475535512
170000,timing/query_env_eval_s,7.743132235016674
170000,timing/query_finalize_s,0.0032599703408777714
170000,timing/query_total_s,7.763579334132373
170000,dense_rhs/candidate_3_fitness,0.03162277489900589
170000,dense_rhs/candidate_3_deployment_score,4.651392491387529e-15
170000,dense_rhs/candidate_3_transition_cost,0.0
170000,dense_rhs/candidate_3_transition_adjusted_score,4.651392491387529e-15
170000,dense_rhs/candidate_3_switch_probability,0.5
170000,dense_rhs/candidate_3_expected_net_benefit,0.0
170000,dense_rhs/candidate_3_return,-43.730712890625
170000,dense_rhs/candidate_3_return_term,0.008858585730195045
170000,dense_rhs/candidate_3_roughness_term,0.9365927577018738
170000,dense_rhs/candidate_3_return_std_term,0.0
170000,dense_rhs/candidate_3_learner_proxy_term,0.8064447045326233
170000,dense_rhs/candidate_4_fitness,0.09469112008810043
170000,dense_rhs/candidate_4_deployment_score,5.304609729250842e-08
170000,dense_rhs/candidate_4_transition_cost,0.05092557519674301
170000,dense_rhs/candidate_4_transition_adjusted_score,-0.05092552304267883
170000,dense_rhs/candidate_4_switch_probability,0.3070235848426819
170000,dense_rhs/candidate_4_expected_net_benefit,-0.05092552304267883
170000,dense_rhs/candidate_4_return,-25.853973388671875
170000,dense_rhs/candidate_4_return_term,0.08742132782936096
170000,dense_rhs/candidate_4_roughness_term,0.9219549894332886
170000,dense_rhs/candidate_4_return_std_term,0.0009850859642028809
170000,dense_rhs/candidate_4_learner_proxy_term,1.0
170000,dense_rhs/candidate_2_fitness,0.03162277489900589
170000,dense_rhs/candidate_2_deployment_score,4.9044610071956923e-32
170000,dense_rhs/candidate_2_transition_cost,0.06709536164999008
170000,dense_rhs/candidate_2_transition_adjusted_score,-0.06709536164999008
170000,dense_rhs/candidate_2_switch_probability,0.23813843727111816
170000,dense_rhs/candidate_2_expected_net_benefit,-0.06709536164999008
170000,dense_rhs/candidate_2_return,-45.7464599609375
170000,dense_rhs/candidate_2_return_term,0.0
170000,dense_rhs/candidate_2_roughness_term,1.0
170000,dense_rhs/candidate_2_return_std_term,0.04904460906982422
170000,dense_rhs/candidate_2_learner_proxy_term,0.0
170000,dense_rhs/deployment_utility_enabled,1.0
170000,dense_rhs/deployment_utility_observations,2.0
170000,dense_rhs/deployment_utility_last_observed_gain,107.14999389648438
170000,dense_rhs/candidate_2_expected_eval_gain,0.0
170000,dense_rhs/candidate_2_eval_gain_uncertainty,150.0
170000,dense_rhs/candidate_2_deployment_utility_score,37.5
170000,dense_rhs/candidate_3_expected_eval_gain,114.39999389648438
170000,dense_rhs/candidate_3_eval_gain_uncertainty,4.185789451624787
170000,dense_rhs/candidate_3_deployment_utility_score,115.44644213624913
170000,dense_rhs/candidate_4_expected_eval_gain,0.0
170000,dense_rhs/candidate_4_eval_gain_uncertainty,150.0
170000,dense_rhs/candidate_4_deployment_utility_score,47.5
170000,dense_rhs/deployment_utility_override,0.0
170000,dense_rhs/deployment_utility_selected_expected_gain,114.39999389648438
170000,dense_rhs/deployment_utility_selected_uncertainty,4.185789451624787
170000,dense_rhs/deployment_utility_selected_score,115.44644213624913
170000,dense_rhs/deployment_utility_proposed_horizon,3.0
170000,dense_rhs/deployment_utility_proposed_expected_gain,114.39999389648438
170000,dense_rhs/deployment_utility_proposed_uncertainty,4.185789451624787
170000,dense_rhs/deployment_utility_proposed_score,115.44644213624913
170000,dense_rhs/previous_horizon,3.0
170000,dense_rhs/training_bucket_horizon,3.0
170000,dense_rhs/best_h,3.0
170000,dense_rhs/prob_best_h,0.01953125
170000,dense_rhs/gauss_mean_best_h,0.1068863496184349
170000,dense_rhs/gauss_post_std_best_h,0.061452463269233704
170000,system/heartbeat,1.0
171992,episode/return,963.0
171992,episode/length,500.0
171993,episode/return,550.0
171993,episode/length,500.0
171994,episode/return,933.0
171994,episode/length,500.0
171995,episode/return,989.0
171995,episode/length,500.0
171996,episode/return,3.0
171996,episode/length,500.0
171997,episode/return,775.0
171997,episode/length,500.0
171998,episode/return,675.0
171998,episode/length,500.0
171999,episode/return,926.0
171999,episode/length,500.0
175992,episode/return,975.0
175992,episode/length,500.0
175993,episode/return,584.0
175993,episode/length,500.0
175994,episode/return,878.0
175994,episode/length,500.0
175995,episode/return,0.0
175995,episode/length,500.0
175996,episode/return,905.0
175996,episode/length,500.0
175997,episode/return,982.0
175997,episode/length,500.0
175998,episode/return,987.0
175998,episode/length,500.0
175999,episode/return,965.0
175999,episode/length,500.0
179992,episode/return,990.0
179992,episode/length,500.0
179993,episode/return,936.0
179993,episode/length,500.0
179994,episode/return,909.0
179994,episode/length,500.0
179995,episode/return,969.0
179995,episode/length,500.0
179996,episode/return,0.0
179996,episode/length,500.0
179997,episode/return,936.0
179997,episode/length,500.0
179998,episode/return,1000.0
179998,episode/length,500.0
179999,episode/return,676.0
179999,episode/length,500.0
180000,train/consistency_loss_mean,0.0034485036665573717
180000,train/consistency_loss_std,0.00016897347916868907
180000,train/continue_loss_mean,0.0
180000,train/continue_loss_std,0.0
180000,train/grad_norm_mean,1.0564557187080383
180000,train/grad_norm_std,0.16942650355475752
180000,train/policy_log_std_mean,-0.7607848417282105
180000,train/policy_log_std_std,0.449976744822091
180000,train/policy_loss_mean,-0.2833577556848526
180000,train/policy_loss_std,0.0110827723288456
180000,train/reward_loss_mean,0.20005644540786743
180000,train/reward_loss_std,0.013803927325359042
180000,train/total_loss_mean,0.12266858568191528
180000,train/total_loss_std,0.003915457284955282
180000,train/value_loss_mean,0.33692865002155303
180000,train/value_loss_std,0.014682807136574006
180000,train/value_scale_mean,185.2657595336914
180000,train/value_scale_std,0.4875359263020924
180000,timing/collect_chunk_s,102.4442633157596
180000,timing/train_chunk_s,20.51697623124346
180000,dense_rhs/training_bucket_horizon,3.0
180000,system/heartbeat,1.0
183992,episode/return,834.0
183992,episode/length,500.0
183993,episode/return,963.0
183993,episode/length,500.0
183994,episode/return,0.0
183994,episode/length,500.0
183995,episode/return,645.0
183995,episode/length,500.0
183996,episode/return,950.0
183996,episode/length,500.0
183997,episode/return,0.0
183997,episode/length,500.0
183998,episode/return,986.0
183998,episode/length,500.0
183999,episode/return,0.0
183999,episode/length,500.0
187992,episode/return,936.0
187992,episode/length,500.0
187993,episode/return,2.0
187993,episode/length,500.0
187994,episode/return,818.0
187994,episode/length,500.0
187995,episode/return,9.0
187995,episode/length,500.0
187996,episode/return,902.0
187996,episode/length,500.0
187997,episode/return,982.0
187997,episode/length,500.0
187998,episode/return,993.0
187998,episode/length,500.0
187999,episode/return,820.0
187999,episode/length,500.0
190000,train/consistency_loss_mean,0.0034661442136391996
190000,train/consistency_loss_std,0.00017314052798074803
190000,train/continue_loss_mean,0.0
190000,train/continue_loss_std,0.0
190000,train/grad_norm_mean,1.0481953264713286
190000,train/grad_norm_std,0.1700538881775353
190000,train/policy_log_std_mean,-0.7683463494300842
190000,train/policy_log_std_std,0.4487262746524662
190000,train/policy_loss_mean,-0.2895480843067169
190000,train/policy_loss_std,0.010966347396457408
190000,train/reward_loss_mean,0.20497772417068483
190000,train/reward_loss_std,0.013780902682865753
190000,train/total_loss_mean,0.12381784269213676
190000,train/total_loss_std,0.003974937571011579
190000,train/value_loss_mean,0.33997183351516724
190000,train/value_loss_std,0.014592105686627662
190000,train/value_scale_mean,186.01556936035155
190000,train/value_scale_std,0.17103338633421064
190000,timing/collect_chunk_s,97.69731547450647
190000,timing/train_chunk_s,20.50335426069796
190000,dense_rhs/training_bucket_horizon,3.0
190000,system/heartbeat,1.0
191992,episode/return,975.0
191992,episode/length,500.0
191993,episode/return,569.0
191993,episode/length,500.0
191994,episode/return,978.0
191994,episode/length,500.0
191995,episode/return,811.0
191995,episode/length,500.0
191996,episode/return,946.0
191996,episode/length,500.0
191997,episode/return,992.0
191997,episode/length,500.0
191998,episode/return,582.0
191998,episode/length,500.0
191999,episode/return,16.0
191999,episode/length,500.0
195992,episode/return,961.0
195992,episode/length,500.0
195993,episode/return,990.0
195993,episode/length,500.0
195994,episode/return,4.0
195994,episode/length,500.0
195995,episode/return,955.0
195995,episode/length,500.0
195996,episode/return,930.0
195996,episode/length,500.0
195997,episode/return,978.0
195997,episode/length,500.0
195998,episode/return,986.0
195998,episode/length,500.0
195999,episode/return,8.0
195999,episode/length,500.0
199992,episode/return,965.0
199992,episode/length,500.0
199993,episode/return,988.0
199993,episode/length,500.0
199994,episode/return,565.0
199994,episode/length,500.0
199995,episode/return,918.0
199995,episode/length,500.0
199996,episode/return,0.0
199996,episode/length,500.0
199997,episode/return,260.0
199997,episode/length,500.0
199998,episode/return,0.0
199998,episode/length,500.0
199999,episode/return,978.0
199999,episode/length,500.0
200000,train/consistency_loss_mean,0.0034650931673124432
200000,train/consistency_loss_std,0.00017280471602398756
200000,train/continue_loss_mean,0.0
200000,train/continue_loss_std,0.0
200000,train/grad_norm_mean,1.042700628900528
200000,train/grad_norm_std,0.164450484222492
200000,train/policy_log_std_mean,-0.785831781578064
200000,train/policy_log_std_std,0.4392904639254631
200000,train/policy_loss_mean,-0.2979374848604202
200000,train/policy_loss_std,0.010740581734360237
200000,train/reward_loss_mean,0.210263265478611
200000,train/reward_loss_std,0.013938279687695844
200000,train/total_loss_mean,0.1245882905125618
200000,train/total_loss_std,0.004008611997167825
200000,train/value_loss_mean,0.34260097630023956
200000,train/value_loss_std,0.01498972086357523
200000,train/value_scale_mean,183.87071789550782
200000,train/value_scale_std,0.9092410794598185
200000,timing/collect_chunk_s,104.138150265906
200000,timing/train_chunk_s,20.541350409388542
200000,dense_rhs/training_bucket_horizon,3.0
200000,system/heartbeat,1.0
200000,timing/checkpoint_blocking_s,0.45617280900478363
200000,eval/return_mean,595.9500122070312
200000,eval/return_std,444.18359375
200000,eval/return_max,1000.0
200000,eval/return_min,0.0
200000,dense_rhs/deployment_utility_last_observed_gain,89.95001220703125
200000,dense_rhs/deployment_utility_observations,3.0
200000,timing/eval_s,11.061808502301574
200000,eval/selected_horizon,3.0
200000,eval/training_bucket_horizon,3.0
200000,system/heartbeat,1.0
203992,episode/return,0.0
203992,episode/length,500.0
203993,episode/return,986.0
203993,episode/length,500.0
203994,episode/return,986.0
203994,episode/length,500.0
203995,episode/return,528.0
203995,episode/length,500.0
203996,episode/return,965.0
203996,episode/length,500.0
203997,episode/return,565.0
203997,episode/length,500.0
203998,episode/return,991.0
203998,episode/length,500.0
203999,episode/return,345.0
203999,episode/length,500.0
207992,episode/return,0.0
207992,episode/length,500.0
207993,episode/return,7.0
207993,episode/length,500.0
207994,episode/return,0.0
207994,episode/length,500.0
207995,episode/return,958.0
207995,episode/length,500.0
207996,episode/return,877.0
207996,episode/length,500.0
207997,episode/return,973.0
207997,episode/length,500.0
207998,episode/return,948.0
207998,episode/length,500.0
207999,episode/return,973.0
207999,episode/length,500.0
210000,train/consistency_loss_mean,0.0034888214180245998
210000,train/consistency_loss_std,0.00017703622570159954
210000,train/continue_loss_mean,0.0
210000,train/continue_loss_std,0.0
210000,train/grad_norm_mean,1.0335445939064025
210000,train/grad_norm_std,0.1688712538412654
210000,train/policy_log_std_mean,-0.7850194664955139
210000,train/policy_log_std_std,0.4171761382831345
210000,train/policy_loss_mean,-0.30455510320663454
210000,train/policy_loss_std,0.010632881967836558
210000,train/reward_loss_mean,0.21233141000270844
210000,train/reward_loss_std,0.013664997524934394
210000,train/total_loss_mean,0.12477544284462928
210000,train/total_loss_std,0.004078938757541475
210000,train/value_loss_mean,0.3376587115049362
210000,train/value_loss_std,0.014769474078810775
210000,train/value_scale_mean,182.02868751220703
210000,train/value_scale_std,0.30443711713451876
210000,timing/collect_chunk_s,103.12261160695925
210000,timing/train_chunk_s,20.597038898151368
210000,dense_rhs/training_bucket_horizon,3.0
210000,system/heartbeat,1.0
211992,episode/return,790.0
211992,episode/length,500.0
211993,episode/return,923.0
211993,episode/length,500.0
211994,episode/return,961.0
211994,episode/length,500.0
211995,episode/return,927.0
211995,episode/length,500.0
211996,episode/return,989.0
211996,episode/length,500.0
211997,episode/return,919.0
211997,episode/length,500.0
211998,episode/return,0.0
211998,episode/length,500.0
211999,episode/return,0.0
211999,episode/length,500.0
215992,episode/return,360.0
215992,episode/length,500.0
215993,episode/return,780.0
215993,episode/length,500.0
215994,episode/return,949.0
215994,episode/length,500.0
215995,episode/return,7.0
215995,episode/length,500.0
215996,episode/return,927.0
215996,episode/length,500.0
215997,episode/return,0.0
215997,episode/length,500.0
215998,episode/return,0.0
215998,episode/length,500.0
215999,episode/return,941.0
215999,episode/length,500.0
219992,episode/return,382.0
219992,episode/length,500.0
219993,episode/return,915.0
219993,episode/length,500.0
219994,episode/return,957.0
219994,episode/length,500.0
219995,episode/return,693.0
219995,episode/length,500.0
219996,episode/return,988.0
219996,episode/length,500.0
219997,episode/return,830.0
219997,episode/length,500.0
219998,episode/return,980.0
219998,episode/length,500.0
219999,episode/return,992.0
219999,episode/length,500.0
220000,train/consistency_loss_mean,0.0034973568515852095
220000,train/consistency_loss_std,0.0001788551934287286
220000,train/continue_loss_mean,0.0
220000,train/continue_loss_std,0.0
220000,train/grad_norm_mean,1.0231625435352325
220000,train/grad_norm_std,0.1643123239947995
220000,train/policy_log_std_mean,-0.7927692415714264
220000,train/policy_log_std_std,0.41293512172531116
220000,train/policy_loss_mean,-0.309865709066391
220000,train/policy_loss_std,0.01052719115751105
220000,train/reward_loss_mean,0.21387572323083878
220000,train/reward_loss_std,0.013440156461762802
220000,train/total_loss_mean,0.12425095596313476
220000,train/total_loss_std,0.004059077403999026
220000,train/value_loss_mean,0.3291624520301819
220000,train/value_loss_std,0.014205200571924512
220000,train/value_scale_mean,181.183082421875
220000,train/value_scale_std,0.18207668863113047
220000,timing/collect_chunk_s,97.38978562643752
220000,timing/train_chunk_s,20.591644048225135
220000,dense_rhs/training_bucket_horizon,3.0
220000,system/heartbeat,1.0
220000,dense_rhs/selected_horizon,3.0
220000,dense_rhs/proposed_horizon,3.0
220000,dense_rhs/phase_id,0.0
220000,dense_rhs/num_active_horizons,7.0
220000,dense_rhs/num_candidate_horizons,3.0
220000,dense_rhs/entropy,1.6627980470657349
220000,dense_rhs/norm_entropy,0.8545091152191162
220000,dense_rhs/best_fitness,0.03162277489900589
220000,dense_rhs/deployment_score_best,5.1010383885242456e-26
220000,dense_rhs/incumbent_deployment_score,5.1010383885242456e-26
220000,dense_rhs/proposed_deployment_score,5.1010383885242456e-26
220000,dense_rhs/proposed_transition_cost,0.0
220000,dense_rhs/proposed_switch_probability,0.5
220000,dense_rhs/proposed_expected_net_benefit,0.0
220000,dense_rhs/transition_cost_best,0.0
220000,dense_rhs/transition_adjusted_score_best,5.1010383885242456e-26
220000,dense_rhs/switch_probability_best,0.5
220000,dense_rhs/expected_improvement_best,0.034670840948820114
220000,dense_rhs/expected_loss_best,0.034670840948820114
220000,dense_rhs/expected_net_benefit_best,0.0
220000,dense_rhs/return_term_best,0.0
220000,dense_rhs/roughness_term_best,0.9652633666992188
220000,dense_rhs/return_std_term_best,0.064003586769104
220000,dense_rhs/learner_proxy_term_best,0.8256736993789673
220000,dense_rhs/model_prefix_loss_best,0.5553069710731506
220000,dense_rhs/model_probe_prefix_best,0.3915256857872009
220000,dense_rhs/planner_return_best,176.48548889160156
220000,dense_rhs/roughness_best,0.5863873362541199
220000,dense_rhs/robust_return_best,2.776947021484375
220000,timing/query_model_diag_s,0.011341392062604427
220000,timing/query_env_eval_s,7.494149571284652
220000,timing/query_finalize_s,0.0034404792822897434
220000,timing/query_total_s,7.514402686152607
220000,dense_rhs/candidate_3_fitness,0.03162277489900589
220000,dense_rhs/candidate_3_deployment_score,5.1010383885242456e-26
220000,dense_rhs/candidate_3_transition_cost,0.0
220000,dense_rhs/candidate_3_transition_adjusted_score,5.1010383885242456e-26
220000,dense_rhs/candidate_3_switch_probability,0.5
220000,dense_rhs/candidate_3_expected_net_benefit,0.0
220000,dense_rhs/candidate_3_return,2.776947021484375
220000,dense_rhs/candidate_3_return_term,0.0
220000,dense_rhs/candidate_3_roughness_term,0.9652633666992188
220000,dense_rhs/candidate_3_return_std_term,0.064003586769104
220000,dense_rhs/candidate_3_learner_proxy_term,0.8256736993789673
220000,dense_rhs/candidate_4_fitness,0.03162277489900589
220000,dense_rhs/candidate_4_deployment_score,2.6956012422196807e-10
220000,dense_rhs/candidate_4_transition_cost,0.054469410330057144
220000,dense_rhs/candidate_4_transition_adjusted_score,-0.054469410330057144
220000,dense_rhs/candidate_4_switch_probability,0.24769505858421326
220000,dense_rhs/candidate_4_expected_net_benefit,-0.05446941405534744
220000,dense_rhs/candidate_4_return,26.663101196289062
220000,dense_rhs/candidate_4_return_term,0.13136659562587738
220000,dense_rhs/candidate_4_roughness_term,0.9281673431396484
220000,dense_rhs/candidate_4_return_std_term,0.0
220000,dense_rhs/candidate_4_learner_proxy_term,0.9751906394958496
220000,dense_rhs/candidate_2_fitness,0.30483466386795044
220000,dense_rhs/candidate_2_deployment_score,1.1152758716548306e-09
220000,dense_rhs/candidate_2_transition_cost,0.06783702224493027
220000,dense_rhs/candidate_2_transition_adjusted_score,-0.06783702224493027
220000,dense_rhs/candidate_2_switch_probability,0.19592392444610596
220000,dense_rhs/candidate_2_expected_net_benefit,-0.06783702224493027
220000,dense_rhs/candidate_2_return,94.69194030761719
220000,dense_rhs/candidate_2_return_term,0.5055045485496521
220000,dense_rhs/candidate_2_roughness_term,1.0
220000,dense_rhs/candidate_2_return_std_term,0.01707977056503296
220000,dense_rhs/candidate_2_learner_proxy_term,0.0
220000,dense_rhs/deployment_utility_enabled,1.0
220000,dense_rhs/deployment_utility_observations,3.0
220000,dense_rhs/deployment_utility_last_observed_gain,89.95001220703125
220000,dense_rhs/candidate_2_expected_eval_gain,0.0
220000,dense_rhs/candidate_2_eval_gain_uncertainty,150.0
220000,dense_rhs/candidate_2_deployment_utility_score,47.5
220000,dense_rhs/candidate_3_expected_eval_gain,106.25
220000,dense_rhs/candidate_3_eval_gain_uncertainty,6.478550526393446
220000,dense_rhs/candidate_3_deployment_utility_score,107.86963763159837
220000,dense_rhs/candidate_4_expected_eval_gain,0.0
220000,dense_rhs/candidate_4_eval_gain_uncertainty,150.0
220000,dense_rhs/candidate_4_deployment_utility_score,39.91698158341755
220000,dense_rhs/deployment_utility_override,0.0
220000,dense_rhs/deployment_utility_selected_expected_gain,106.25
220000,dense_rhs/deployment_utility_selected_uncertainty,6.478550526393446
220000,dense_rhs/deployment_utility_selected_score,107.86963763159837
220000,dense_rhs/deployment_utility_proposed_horizon,3.0
220000,dense_rhs/deployment_utility_proposed_expected_gain,106.25
220000,dense_rhs/deployment_utility_proposed_uncertainty,6.478550526393446
220000,dense_rhs/deployment_utility_proposed_score,107.86963763159837
220000,dense_rhs/previous_horizon,3.0
220000,dense_rhs/training_bucket_horizon,3.0
220000,dense_rhs/best_h,3.0
220000,dense_rhs/prob_best_h,0.017578125
220000,dense_rhs/gauss_mean_best_h,0.08807045221328735
220000,dense_rhs/gauss_post_std_best_h,0.04888513311743736
220000,system/heartbeat,1.0
223992,episode/return,971.0
223992,episode/length,500.0
223993,episode/return,0.0
223993,episode/length,500.0
223994,episode/return,169.0
223994,episode/length,500.0
223995,episode/return,967.0
223995,episode/length,500.0
223996,episode/return,914.0
223996,episode/length,500.0
223997,episode/return,0.0
223997,episode/length,500.0
223998,episode/return,684.0
223998,episode/length,500.0
223999,episode/return,961.0
223999,episode/length,500.0
227992,episode/return,943.0
227992,episode/length,500.0
227993,episode/return,900.0
227993,episode/length,500.0
227994,episode/return,757.0
227994,episode/length,500.0
227995,episode/return,0.0
227995,episode/length,500.0
227996,episode/return,978.0
227996,episode/length,500.0
227997,episode/return,990.0
227997,episode/length,500.0
227998,episode/return,977.0
227998,episode/length,500.0
227999,episode/return,1000.0
227999,episode/length,500.0
230000,train/consistency_loss_mean,0.0035039634101092817
230000,train/consistency_loss_std,0.00017901744153826177
230000,train/continue_loss_mean,0.0
230000,train/continue_loss_std,0.0
230000,train/grad_norm_mean,1.0203493237972259
230000,train/grad_norm_std,0.17338301617214688
230000,train/policy_log_std_mean,-0.8230077196121216
230000,train/policy_log_std_std,0.4181850941806893
230000,train/policy_loss_mean,-0.31271684341430667
230000,train/policy_loss_std,0.010512064863687878
230000,train/reward_loss_mean,0.21715107944011688
230000,train/reward_loss_std,0.01362478098232051
230000,train/total_loss_mean,0.12513458940386774
230000,train/total_loss_std,0.004096195923300815
230000,train/value_loss_mean,0.3334021079778671
230000,train/value_loss_std,0.014301810857535452
230000,train/value_scale_mean,181.43713009033203
230000,train/value_scale_std,0.2812298151483797
230000,timing/collect_chunk_s,107.09996687760577
230000,timing/train_chunk_s,20.618130651768297
230000,dense_rhs/training_bucket_horizon,3.0
230000,system/heartbeat,1.0
231992,episode/return,977.0
231992,episode/length,500.0
231993,episode/return,959.0
231993,episode/length,500.0
231994,episode/return,981.0
231994,episode/length,500.0
231995,episode/return,916.0
231995,episode/length,500.0
231996,episode/return,816.0
231996,episode/length,500.0
231997,episode/return,958.0
231997,episode/length,500.0
231998,episode/return,985.0
231998,episode/length,500.0
231999,episode/return,987.0
231999,episode/length,500.0
235992,episode/return,853.0
235992,episode/length,500.0
235993,episode/return,770.0
235993,episode/length,500.0
235994,episode/return,241.0
235994,episode/length,500.0
235995,episode/return,988.0
235995,episode/length,500.0
235996,episode/return,0.0
235996,episode/length,500.0
235997,episode/return,955.0
235997,episode/length,500.0
235998,episode/return,0.0
235998,episode/length,500.0
235999,episode/return,979.0
235999,episode/length,500.0
239992,episode/return,307.0
239992,episode/length,500.0
239993,episode/return,901.0
239993,episode/length,500.0
239994,episode/return,893.0
239994,episode/length,500.0
239995,episode/return,483.0
239995,episode/length,500.0
239996,episode/return,988.0
239996,episode/length,500.0
239997,episode/return,0.0
239997,episode/length,500.0
239998,episode/return,927.0
239998,episode/length,500.0
239999,episode/return,983.0
239999,episode/length,500.0
240000,train/consistency_loss_mean,0.0034925361266359687
240000,train/consistency_loss_std,0.0001848738538512322
240000,train/continue_loss_mean,0.0
240000,train/continue_loss_std,0.0
240000,train/grad_norm_mean,0.9921231925487518
240000,train/grad_norm_std,0.15774606420617962
240000,train/policy_log_std_mean,-0.8369116226673127
240000,train/policy_log_std_std,0.43021836434154426
240000,train/policy_loss_mean,-0.31768182265758516
240000,train/policy_loss_std,0.010251519567335847
240000,train/reward_loss_mean,0.22046545952558516
240000,train/reward_loss_std,0.013350822818945033
240000,train/total_loss_mean,0.12467163740992546
240000,train/total_loss_std,0.0041101240786188134
240000,train/value_loss_mean,0.3277436587572098
240000,train/value_loss_std,0.013355294269282956
240000,train/value_scale_mean,182.28923817138673
240000,train/value_scale_std,0.3703588063625535
240000,timing/collect_chunk_s,101.11609894409776
240000,timing/train_chunk_s,20.613346118479967
240000,dense_rhs/training_bucket_horizon,3.0
240000,system/heartbeat,1.0
243992,episode/return,968.0
243992,episode/length,500.0
243993,episode/return,947.0
243993,episode/length,500.0
243994,episode/return,989.0
243994,episode/length,500.0
243995,episode/return,648.0
243995,episode/length,500.0
243996,episode/return,966.0
243996,episode/length,500.0
243997,episode/return,925.0
243997,episode/length,500.0
243998,episode/return,964.0
243998,episode/length,500.0
243999,episode/return,988.0
243999,episode/length,500.0
247992,episode/return,949.0
247992,episode/length,500.0
247993,episode/return,957.0
247993,episode/length,500.0
247994,episode/return,947.0
247994,episode/length,500.0
247995,episode/return,828.0
247995,episode/length,500.0
247996,episode/return,870.0
247996,episode/length,500.0
247997,episode/return,713.0
247997,episode/length,500.0
247998,episode/return,938.0
247998,episode/length,500.0
247999,episode/return,976.0
247999,episode/length,500.0
250000,train/consistency_loss_mean,0.003472789396159351
250000,train/consistency_loss_std,0.0001840418287068388
250000,train/continue_loss_mean,0.0
250000,train/continue_loss_std,0.0
250000,train/grad_norm_mean,0.9741431731700897
250000,train/grad_norm_std,0.15387308352601067
250000,train/policy_log_std_mean,-0.8335330070018768
250000,train/policy_log_std_std,0.4276628796200283
250000,train/policy_loss_mean,-0.32526395108699796
250000,train/policy_loss_std,0.010520776935977406
250000,train/reward_loss_mean,0.22430526381731034
250000,train/reward_loss_std,0.013428770903665137
250000,train/total_loss_mean,0.12435649614930153
250000,train/total_loss_std,0.00405005457314647
250000,train/value_loss_mean,0.32470180461406706
250000,train/value_loss_std,0.012955275330092242
250000,train/value_scale_mean,182.85738747558594
250000,train/value_scale_std,0.3129875851023099
250000,timing/collect_chunk_s,106.04115321906283
250000,timing/train_chunk_s,20.592095674946904
250000,dense_rhs/training_bucket_horizon,3.0
250000,system/heartbeat,1.0
250000,timing/checkpoint_blocking_s,0.47966655204072595
250000,eval/return_mean,558.2000122070312
250000,eval/return_std,457.16253662109375
250000,eval/return_max,1000.0
250000,eval/return_min,0.0
250000,dense_rhs/deployment_utility_last_observed_gain,-37.75
250000,dense_rhs/deployment_utility_observations,4.0
250000,timing/eval_s,11.019452322740108
250000,eval/selected_horizon,3.0
250000,eval/training_bucket_horizon,3.0
250000,system/heartbeat,1.0
251992,episode/return,1000.0
251992,episode/length,500.0
251993,episode/return,943.0
251993,episode/length,500.0
251994,episode/return,225.0
251994,episode/length,500.0
251995,episode/return,988.0
251995,episode/length,500.0
251996,episode/return,934.0
251996,episode/length,500.0
251997,episode/return,882.0
251997,episode/length,500.0
251998,episode/return,362.0
251998,episode/length,500.0
251999,episode/return,905.0
251999,episode/length,500.0
255992,episode/return,916.0
255992,episode/length,500.0
255993,episode/return,897.0
255993,episode/length,500.0
255994,episode/return,2.0
255994,episode/length,500.0
255995,episode/return,0.0
255995,episode/length,500.0
255996,episode/return,987.0
255996,episode/length,500.0
255997,episode/return,7.0
255997,episode/length,500.0
255998,episode/return,853.0
255998,episode/length,500.0
255999,episode/return,3.0
255999,episode/length,500.0
259992,episode/return,0.0
259992,episode/length,500.0
259993,episode/return,928.0
259993,episode/length,500.0
259994,episode/return,546.0
259994,episode/length,500.0
259995,episode/return,0.0
259995,episode/length,500.0
259996,episode/return,917.0
259996,episode/length,500.0
259997,episode/return,990.0
259997,episode/length,500.0
259998,episode/return,816.0
259998,episode/length,500.0
259999,episode/return,959.0
259999,episode/length,500.0
260000,train/consistency_loss_mean,0.003465798388235271
260000,train/consistency_loss_std,0.00018646524528192734
260000,train/continue_loss_mean,0.0
260000,train/continue_loss_std,0.0
260000,train/grad_norm_mean,0.9651726679801941
260000,train/grad_norm_std,0.15134539117425427
260000,train/policy_log_std_mean,-0.833800053691864
260000,train/policy_log_std_std,0.40989137532791714
260000,train/policy_loss_mean,-0.3351289109230042
260000,train/policy_loss_std,0.010278727421359572
260000,train/reward_loss_mean,0.22799361876249313
260000,train/reward_loss_std,0.013416223113667636
260000,train/total_loss_mean,0.12374332635998726
260000,train/total_loss_std,0.0041157941688987065
260000,train/value_loss_mean,0.3162799592256546
260000,train/value_loss_std,0.012965728335411878
260000,train/value_scale_mean,181.95725737304687
260000,train/value_scale_std,0.8125232096867272
260000,timing/collect_chunk_s,99.24374403012916
260000,timing/train_chunk_s,20.543307796120644
260000,dense_rhs/training_bucket_horizon,3.0
260000,system/heartbeat,1.0
263992,episode/return,984.0
263992,episode/length,500.0
263993,episode/return,820.0
263993,episode/length,500.0
263994,episode/return,975.0
263994,episode/length,500.0
263995,episode/return,986.0
263995,episode/length,500.0
263996,episode/return,983.0
263996,episode/length,500.0
263997,episode/return,0.0
263997,episode/length,500.0
263998,episode/return,987.0
263998,episode/length,500.0
263999,episode/return,958.0
263999,episode/length,500.0
267992,episode/return,971.0
267992,episode/length,500.0
267993,episode/return,698.0
267993,episode/length,500.0
267994,episode/return,966.0
267994,episode/length,500.0
267995,episode/return,0.0
267995,episode/length,500.0
267996,episode/return,24.0
267996,episode/length,500.0
267997,episode/return,988.0
267997,episode/length,500.0
267998,episode/return,0.0
267998,episode/length,500.0
267999,episode/return,969.0
267999,episode/length,500.0
270000,train/consistency_loss_mean,0.003464835733920336
270000,train/consistency_loss_std,0.00018834234174933592
270000,train/continue_loss_mean,0.0
270000,train/continue_loss_std,0.0
270000,train/grad_norm_mean,0.9598381168842316
270000,train/grad_norm_std,0.15462261382173648
270000,train/policy_log_std_mean,-0.8377700327396392
270000,train/policy_log_std_std,0.4033129772093252
270000,train/policy_loss_mean,-0.34469270284175874
270000,train/policy_loss_std,0.010201361176877564
270000,train/reward_loss_mean,0.2296582021355629
270000,train/reward_loss_std,0.01351958227856626
270000,train/total_loss_mean,0.12326542425751687
270000,train/total_loss_std,0.004143167657343167
270000,train/value_loss_mean,0.3100288746356964
270000,train/value_loss_std,0.013046315328705363
270000,train/value_scale_mean,179.56782141113283
270000,train/value_scale_std,0.47808822094592535
270000,timing/collect_chunk_s,99.52579924883321
270000,timing/train_chunk_s,20.582355028018355
270000,dense_rhs/training_bucket_horizon,3.0
270000,system/heartbeat,1.0
270000,dense_rhs/selected_horizon,3.0
270000,dense_rhs/proposed_horizon,4.0
270000,dense_rhs/phase_id,0.0
270000,dense_rhs/num_active_horizons,7.0
270000,dense_rhs/num_candidate_horizons,3.0
270000,dense_rhs/entropy,1.6917792558670044
270000,dense_rhs/norm_entropy,0.8694025278091431
270000,dense_rhs/best_fitness,0.03162277489900589
270000,dense_rhs/deployment_score_best,6.318176341178221e-31
270000,dense_rhs/incumbent_deployment_score,6.318176341178221e-31
270000,dense_rhs/proposed_deployment_score,0.11092502623796463
270000,dense_rhs/proposed_transition_cost,0.04763508215546608
270000,dense_rhs/proposed_switch_probability,0.814621090888977
270000,dense_rhs/proposed_expected_net_benefit,0.06328994780778885
270000,dense_rhs/transition_cost_best,0.04763508215546608
270000,dense_rhs/transition_adjusted_score_best,0.06328994035720825
270000,dense_rhs/switch_probability_best,0.814621090888977
270000,dense_rhs/expected_improvement_best,0.07045608758926392
270000,dense_rhs/expected_loss_best,0.007166142575442791
270000,dense_rhs/expected_net_benefit_best,0.06328994780778885
270000,dense_rhs/return_term_best,0.0
270000,dense_rhs/roughness_term_best,0.9772345423698425
270000,dense_rhs/return_std_term_best,0.0
270000,dense_rhs/learner_proxy_term_best,0.6465363502502441
270000,dense_rhs/model_prefix_loss_best,0.7315446138381958
270000,dense_rhs/model_probe_prefix_best,0.5179416537284851
270000,dense_rhs/planner_return_best,182.19622802734375
270000,dense_rhs/roughness_best,0.11556771397590637
270000,dense_rhs/robust_return_best,26.93145751953125
270000,timing/query_model_diag_s,0.01210172288119793
270000,timing/query_env_eval_s,7.732504217885435
270000,timing/query_finalize_s,0.0036642011255025864
270000,timing/query_total_s,7.754238519351929
270000,dense_rhs/candidate_3_fitness,0.03162277489900589
270000,dense_rhs/candidate_3_deployment_score,6.318176341178221e-31
270000,dense_rhs/candidate_3_transition_cost,0.0
270000,dense_rhs/candidate_3_transition_adjusted_score,6.318176341178221e-31
270000,dense_rhs/candidate_3_switch_probability,0.5
270000,dense_rhs/candidate_3_expected_net_benefit,0.0
270000,dense_rhs/candidate_3_return,26.93145751953125
270000,dense_rhs/candidate_3_return_term,0.0
270000,dense_rhs/candidate_3_roughness_term,0.9772345423698425
270000,dense_rhs/candidate_3_return_std_term,0.0
270000,dense_rhs/candidate_3_learner_proxy_term,0.6465363502502441
270000,dense_rhs/candidate_4_fitness,0.6684985756874084
270000,dense_rhs/candidate_4_deployment_score,0.11092502623796463
270000,dense_rhs/candidate_4_transition_cost,0.04763508215546608
270000,dense_rhs/candidate_4_transition_adjusted_score,0.06328994035720825
270000,dense_rhs/candidate_4_switch_probability,0.814621090888977
270000,dense_rhs/candidate_4_expected_net_benefit,0.06328994780778885
270000,dense_rhs/candidate_4_return,159.9371337890625
270000,dense_rhs/candidate_4_return_term,0.8436676263809204
270000,dense_rhs/candidate_4_roughness_term,1.0
270000,dense_rhs/candidate_4_return_std_term,0.23671644926071167
270000,dense_rhs/candidate_4_learner_proxy_term,0.9249442219734192
270000,dense_rhs/candidate_2_fitness,0.5416261553764343
270000,dense_rhs/candidate_2_deployment_score,3.67870747197685e-08
270000,dense_rhs/candidate_2_transition_cost,0.06629826128482819
270000,dense_rhs/candidate_2_transition_adjusted_score,-0.0662982240319252
270000,dense_rhs/candidate_2_switch_probability,0.19600450992584229
270000,dense_rhs/candidate_2_expected_net_benefit,-0.0662982240319252
270000,dense_rhs/candidate_2_return,145.69032287597656
270000,dense_rhs/candidate_2_return_term,0.7532987594604492
270000,dense_rhs/candidate_2_roughness_term,0.7934893369674683
270000,dense_rhs/candidate_2_return_std_term,0.14397436380386353
270000,dense_rhs/candidate_2_learner_proxy_term,0.0
270000,dense_rhs/deployment_utility_enabled,1.0
270000,dense_rhs/deployment_utility_observations,4.0
270000,dense_rhs/deployment_utility_last_observed_gain,-37.75
270000,dense_rhs/candidate_2_expected_eval_gain,0.0
270000,dense_rhs/candidate_2_eval_gain_uncertainty,150.0
270000,dense_rhs/candidate_2_deployment_utility_score,37.500003316390895
270000,dense_rhs/candidate_3_expected_eval_gain,70.25
270000,dense_rhs/candidate_3_eval_gain_uncertainty,28.333424963350613
270000,dense_rhs/candidate_3_deployment_utility_score,77.33335624083766
270000,dense_rhs/candidate_4_expected_eval_gain,0.0
270000,dense_rhs/candidate_4_eval_gain_uncertainty,150.0
270000,dense_rhs/candidate_4_deployment_utility_score,47.5
270000,dense_rhs/deployment_utility_override,1.0
270000,dense_rhs/deployment_utility_selected_expected_gain,70.25
270000,dense_rhs/deployment_utility_selected_uncertainty,28.333424963350613
270000,dense_rhs/deployment_utility_selected_score,77.33335624083766
270000,dense_rhs/deployment_utility_proposed_horizon,3.0
270000,dense_rhs/deployment_utility_proposed_expected_gain,70.25
270000,dense_rhs/deployment_utility_proposed_uncertainty,28.333424963350613
270000,dense_rhs/deployment_utility_proposed_score,77.33335624083766
270000,dense_rhs/previous_horizon,3.0
270000,dense_rhs/training_bucket_horizon,3.0
270000,dense_rhs/best_h,3.0
270000,dense_rhs/prob_best_h,0.0
270000,dense_rhs/gauss_mean_best_h,0.07678091526031494
270000,dense_rhs/gauss_post_std_best_h,0.04039068520069122
270000,system/heartbeat,1.0
271992,episode/return,974.0
271992,episode/length,500.0
271993,episode/return,993.0
271993,episode/length,500.0
271994,episode/return,993.0
271994,episode/length,500.0
271995,episode/return,0.0
271995,episode/length,500.0
271996,episode/return,938.0
271996,episode/length,500.0
271997,episode/return,942.0
271997,episode/length,500.0
271998,episode/return,0.0
271998,episode/length,500.0
271999,episode/return,567.0
271999,episode/length,500.0
275992,episode/return,971.0
275992,episode/length,500.0
275993,episode/return,941.0
275993,episode/length,500.0
275994,episode/return,897.0
275994,episode/length,500.0
275995,episode/return,822.0
275995,episode/length,500.0
275996,episode/return,973.0
275996,episode/length,500.0
275997,episode/return,4.0
275997,episode/length,500.0
275998,episode/return,982.0
275998,episode/length,500.0
275999,episode/return,951.0
275999,episode/length,500.0
279992,episode/return,985.0
279992,episode/length,500.0
279993,episode/return,964.0
279993,episode/length,500.0
279994,episode/return,0.0
279994,episode/length,500.0
279995,episode/return,0.0
279995,episode/length,500.0
279996,episode/return,986.0
279996,episode/length,500.0
279997,episode/return,2.0
279997,episode/length,500.0
279998,episode/return,848.0
279998,episode/length,500.0
279999,episode/return,991.0
279999,episode/length,500.0
280000,train/consistency_loss_mean,0.0034606120543554425
280000,train/consistency_loss_std,0.000186815843212153
280000,train/continue_loss_mean,0.0
280000,train/continue_loss_std,0.0
280000,train/grad_norm_mean,0.951828381061554
280000,train/grad_norm_std,0.1510594503901483
280000,train/policy_log_std_mean,-0.8602461992263793
280000,train/policy_log_std_std,0.40758746758834147
280000,train/policy_loss_mean,-0.3511495598316193
280000,train/policy_loss_std,0.009950790304007522
280000,train/reward_loss_mean,0.23231322548389435
280000,train/reward_loss_std,0.013295832779199249
280000,train/total_loss_mean,0.12359628631472587
280000,train/total_loss_std,0.004105071758510633
280000,train/value_loss_mean,0.31152720777988435
280000,train/value_loss_std,0.01207783598768172
280000,train/value_scale_mean,177.77873204345704
280000,train/value_scale_std,0.646170368941698
280000,timing/collect_chunk_s,105.30211437540129
280000,timing/train_chunk_s,20.527414723299444
280000,dense_rhs/training_bucket_horizon,3.0
280000,system/heartbeat,1.0
283992,episode/return,976.0
283992,episode/length,500.0
283993,episode/return,0.0
283993,episode/length,500.0
283994,episode/return,915.0
283994,episode/length,500.0
283995,episode/return,979.0
283995,episode/length,500.0
283996,episode/return,967.0
283996,episode/length,500.0
283997,episode/return,900.0
283997,episode/length,500.0
283998,episode/return,0.0
283998,episode/length,500.0
283999,episode/return,986.0
283999,episode/length,500.0
287992,episode/return,926.0
287992,episode/length,500.0
287993,episode/return,971.0
287993,episode/length,500.0
287994,episode/return,981.0
287994,episode/length,500.0
287995,episode/return,850.0
287995,episode/length,500.0
287996,episode/return,915.0
287996,episode/length,500.0
287997,episode/return,950.0
287997,episode/length,500.0
287998,episode/return,11.0
287998,episode/length,500.0
287999,episode/return,949.0
287999,episode/length,500.0
290000,train/consistency_loss_mean,0.0034507928509265183
290000,train/consistency_loss_std,0.00018846639632597885
290000,train/continue_loss_mean,0.0
290000,train/continue_loss_std,0.0
290000,train/grad_norm_mean,0.9354895215988159
290000,train/grad_norm_std,0.1458741150668827
290000,train/policy_log_std_mean,-0.8555712132453919
290000,train/policy_log_std_std,0.42391139685541385
290000,train/policy_loss_mean,-0.35343415682315826
290000,train/policy_loss_std,0.01006906964801022
290000,train/reward_loss_mean,0.23367562966346742
290000,train/reward_loss_std,0.013126810657647418
290000,train/total_loss_mean,0.12344683507084847
290000,train/total_loss_std,0.004090153964109724
290000,train/value_loss_mean,0.31063412308692934
290000,train/value_loss_std,0.012528618425942136
290000,train/value_scale_mean,177.30686127929687
290000,train/value_scale_std,0.4865370326883519
290000,timing/collect_chunk_s,102.41641710884869
290000,timing/train_chunk_s,20.594144887290895
290000,dense_rhs/training_bucket_horizon,3.0
290000,system/heartbeat,1.0
291992,episode/return,992.0
291992,episode/length,500.0
291993,episode/return,950.0
291993,episode/length,500.0
291994,episode/return,971.0
291994,episode/length,500.0
291995,episode/return,901.0
291995,episode/length,500.0
291996,episode/return,977.0
291996,episode/length,500.0
291997,episode/return,931.0
291997,episode/length,500.0
291998,episode/return,988.0
291998,episode/length,500.0
291999,episode/return,981.0
291999,episode/length,500.0
295992,episode/return,0.0
295992,episode/length,500.0
295993,episode/return,984.0
295993,episode/length,500.0
295994,episode/return,469.0
295994,episode/length,500.0
295995,episode/return,940.0
295995,episode/length,500.0
295996,episode/return,973.0
295996,episode/length,500.0
295997,episode/return,935.0
295997,episode/length,500.0
295998,episode/return,309.0
295998,episode/length,500.0
295999,episode/return,811.0
295999,episode/length,500.0
299992,episode/return,992.0
299992,episode/length,500.0
299993,episode/return,990.0
299993,episode/length,500.0
299994,episode/return,975.0
299994,episode/length,500.0
299995,episode/return,0.0
299995,episode/length,500.0
299996,episode/return,974.0
299996,episode/length,500.0
299997,episode/return,975.0
299997,episode/length,500.0
299998,episode/return,927.0
299998,episode/length,500.0
299999,episode/return,932.0
299999,episode/length,500.0
300000,train/consistency_loss_mean,0.0034332130152732133
300000,train/consistency_loss_std,0.0001894572985502932
300000,train/continue_loss_mean,0.0
300000,train/continue_loss_std,0.0
300000,train/grad_norm_mean,0.9237511486053467
300000,train/grad_norm_std,0.13844878060638605
300000,train/policy_log_std_mean,-0.8745705686092377
300000,train/policy_log_std_std,0.41777584873065127
300000,train/policy_loss_mean,-0.3655642404079437
300000,train/policy_loss_std,0.010982226198436076
300000,train/reward_loss_mean,0.23852567049264908
300000,train/reward_loss_std,0.013468738450683892
300000,train/total_loss_mean,0.12311610729694367
300000,train/total_loss_std,0.004091787626888326
300000,train/value_loss_mean,0.3059927809715271
300000,train/value_loss_std,0.011646291779663753
300000,train/value_scale_mean,175.40362541503907
300000,train/value_scale_std,1.0553927044755789
300000,timing/collect_chunk_s,98.96158351609483
300000,timing/train_chunk_s,20.539782251231372
300000,dense_rhs/training_bucket_horizon,3.0
300000,system/heartbeat,1.0
300000,timing/checkpoint_blocking_s,0.46881913393735886
300000,eval/return_mean,442.95001220703125
300000,eval/return_std,446.65216064453125
300000,eval/return_max,981.0
300000,eval/return_min,0.0
300000,dense_rhs/deployment_utility_last_observed_gain,-115.25
300000,dense_rhs/deployment_utility_observations,5.0
300000,timing/eval_s,11.063679988030344
300000,eval/selected_horizon,3.0
300000,eval/training_bucket_horizon,3.0
300000,system/heartbeat,1.0
303992,episode/return,962.0
303992,episode/length,500.0
303993,episode/return,959.0
303993,episode/length,500.0
303994,episode/return,991.0
303994,episode/length,500.0
303995,episode/return,989.0
303995,episode/length,500.0
303996,episode/return,971.0
303996,episode/length,500.0
303997,episode/return,988.0
303997,episode/length,500.0
303998,episode/return,982.0
303998,episode/length,500.0
303999,episode/return,9.0
303999,episode/length,500.0
307992,episode/return,867.0
307992,episode/length,500.0
307993,episode/return,926.0
307993,episode/length,500.0
307994,episode/return,993.0
307994,episode/length,500.0
307995,episode/return,476.0
307995,episode/length,500.0
307996,episode/return,929.0
307996,episode/length,500.0
307997,episode/return,0.0
307997,episode/length,500.0
307998,episode/return,970.0
307998,episode/length,500.0
307999,episode/return,749.0
307999,episode/length,500.0
310000,train/consistency_loss_mean,0.0034365611070767046
310000,train/consistency_loss_std,0.00018793812562670052
310000,train/continue_loss_mean,0.0
310000,train/continue_loss_std,0.0
310000,train/grad_norm_mean,0.9192848136901856
310000,train/grad_norm_std,0.14234876625219542
310000,train/policy_log_std_mean,-0.8836774493694305
310000,train/policy_log_std_std,0.4204445090654213
310000,train/policy_loss_mean,-0.3825835893392563
310000,train/policy_loss_std,0.011313425270227466
310000,train/reward_loss_mean,0.24284140076637267
310000,train/reward_loss_std,0.013438935771483378
310000,train/total_loss_mean,0.12361055146455764
310000,train/total_loss_std,0.004056423256994782
310000,train/value_loss_mean,0.3059518757104874
310000,train/value_loss_std,0.011255275040756161
310000,train/value_scale_mean,170.90644267578125
310000,train/value_scale_std,1.822392924810075
310000,timing/collect_chunk_s,105.5831971662119
310000,timing/train_chunk_s,20.52578191459179
310000,dense_rhs/training_bucket_horizon,3.0
310000,system/heartbeat,1.0
311992,episode/return,772.0
311992,episode/length,500.0
311993,episode/return,975.0
311993,episode/length,500.0
311994,episode/return,32.0
311994,episode/length,500.0
311995,episode/return,894.0
311995,episode/length,500.0
311996,episode/return,927.0
311996,episode/length,500.0
311997,episode/return,986.0
311997,episode/length,500.0
311998,episode/return,978.0
311998,episode/length,500.0
311999,episode/return,0.0
311999,episode/length,500.0
315992,episode/return,989.0
315992,episode/length,500.0
315993,episode/return,5.0
315993,episode/length,500.0
315994,episode/return,918.0
315994,episode/length,500.0
315995,episode/return,986.0
315995,episode/length,500.0
315996,episode/return,916.0
315996,episode/length,500.0
315997,episode/return,5.0
315997,episode/length,500.0
315998,episode/return,1.0
315998,episode/length,500.0
315999,episode/return,0.0
315999,episode/length,500.0
319992,episode/return,972.0
319992,episode/length,500.0
319993,episode/return,974.0
319993,episode/length,500.0
319994,episode/return,566.0
319994,episode/length,500.0
319995,episode/return,553.0
319995,episode/length,500.0
319996,episode/return,974.0
319996,episode/length,500.0
319997,episode/return,956.0
319997,episode/length,500.0
319998,episode/return,457.0
319998,episode/length,500.0
319999,episode/return,978.0
319999,episode/length,500.0
320000,train/consistency_loss_mean,0.0034770988354459404
320000,train/consistency_loss_std,0.0001937109075198079
320000,train/continue_loss_mean,0.0
320000,train/continue_loss_std,0.0
320000,train/grad_norm_mean,0.9109261969566346
320000,train/grad_norm_std,0.13261532824544467
320000,train/policy_log_std_mean,-0.8942811098098755
320000,train/policy_log_std_std,0.4180639682956333
320000,train/policy_loss_mean,-0.3994453244924545
320000,train/policy_loss_std,0.010612317198952703
320000,train/reward_loss_mean,0.24518763608932495
320000,train/reward_loss_std,0.013212876147726774
320000,train/total_loss_mean,0.12451674515604973
320000,train/total_loss_std,0.004138028509438068
320000,train/value_loss_mean,0.30456003704071044
320000,train/value_loss_std,0.010658700101502917
320000,train/value_scale_mean,165.48519312744142
320000,train/value_scale_std,1.4261637610782838
320000,timing/collect_chunk_s,99.70408578403294
320000,timing/train_chunk_s,20.56536415219307
320000,dense_rhs/training_bucket_horizon,3.0
320000,system/heartbeat,1.0
320000,dense_rhs/selected_horizon,3.0
320000,dense_rhs/proposed_horizon,3.0
320000,dense_rhs/phase_id,0.0
320000,dense_rhs/num_active_horizons,7.0
320000,dense_rhs/num_candidate_horizons,3.0
320000,dense_rhs/entropy,1.7164028882980347
320000,dense_rhs/norm_entropy,0.8820565342903137
320000,dense_rhs/best_fitness,0.38476574420928955
320000,dense_rhs/deployment_score_best,0.00017711146210785955
320000,dense_rhs/incumbent_deployment_score,0.00017711146210785955
320000,dense_rhs/proposed_deployment_score,0.00017711146210785955
320000,dense_rhs/proposed_transition_cost,0.0
320000,dense_rhs/proposed_switch_probability,0.5
320000,dense_rhs/proposed_expected_net_benefit,0.0
320000,dense_rhs/transition_cost_best,0.0
320000,dense_rhs/transition_adjusted_score_best,0.00017711146210785955
320000,dense_rhs/switch_probability_best,0.5
320000,dense_rhs/expected_improvement_best,0.02820948138833046
320000,dense_rhs/expected_loss_best,0.02820948138833046
320000,dense_rhs/expected_net_benefit_best,0.0
320000,dense_rhs/return_term_best,0.23789547383785248
320000,dense_rhs/roughness_term_best,0.9341800808906555
320000,dense_rhs/return_std_term_best,0.09861636161804199
320000,dense_rhs/learner_proxy_term_best,0.6002364754676819
320000,dense_rhs/model_prefix_loss_best,0.5877031087875366
320000,dense_rhs/model_probe_prefix_best,0.4326213300228119
320000,dense_rhs/planner_return_best,182.93533325195312
320000,dense_rhs/roughness_best,0.24074450135231018
320000,dense_rhs/robust_return_best,42.38697814941406
320000,timing/query_model_diag_s,14.79026391217485
320000,timing/query_env_eval_s,7.802174127660692
320000,timing/query_finalize_s,0.8016757830046117
320000,timing/query_total_s,23.39900448685512
320000,dense_rhs/candidate_3_fitness,0.38476574420928955
320000,dense_rhs/candidate_3_deployment_score,0.00017711146210785955
320000,dense_rhs/candidate_3_transition_cost,0.0
320000,dense_rhs/candidate_3_transition_adjusted_score,0.00017711146210785955
320000,dense_rhs/candidate_3_switch_probability,0.5
320000,dense_rhs/candidate_3_expected_net_benefit,0.0
320000,dense_rhs/candidate_3_return,42.38697814941406
320000,dense_rhs/candidate_3_return_term,0.23789547383785248
320000,dense_rhs/candidate_3_roughness_term,0.9341800808906555
320000,dense_rhs/candidate_3_return_std_term,0.09861636161804199
320000,dense_rhs/candidate_3_learner_proxy_term,0.6002364754676819
320000,dense_rhs/candidate_4_fitness,0.03162277489900589
320000,dense_rhs/candidate_4_deployment_score,2.969727057582777e-13
320000,dense_rhs/candidate_4_transition_cost,0.0560859777033329
320000,dense_rhs/candidate_4_transition_adjusted_score,-0.0560859777033329
320000,dense_rhs/candidate_4_switch_probability,0.31173333525657654
320000,dense_rhs/candidate_4_expected_net_benefit,-0.056263089179992676
320000,dense_rhs/candidate_4_return,2.0657196044921875
320000,dense_rhs/candidate_4_return_term,0.027236422523856163
320000,dense_rhs/candidate_4_roughness_term,0.645426869392395
320000,dense_rhs/candidate_4_return_std_term,0.0
320000,dense_rhs/candidate_4_learner_proxy_term,0.8361212611198425
320000,dense_rhs/candidate_2_fitness,0.03162277489900589
320000,dense_rhs/candidate_2_deployment_score,1.1410075800084282e-31
320000,dense_rhs/candidate_2_transition_cost,0.03803514316678047
320000,dense_rhs/candidate_2_transition_adjusted_score,-0.03803514316678047
320000,dense_rhs/candidate_2_switch_probability,0.35769402980804443
320000,dense_rhs/candidate_2_expected_net_benefit,-0.03821225464344025
320000,dense_rhs/candidate_2_return,-3.1474761962890625
320000,dense_rhs/candidate_2_return_term,0.0
320000,dense_rhs/candidate_2_roughness_term,1.0
320000,dense_rhs/candidate_2_return_std_term,0.11410075426101685
320000,dense_rhs/candidate_2_learner_proxy_term,0.0
320000,dense_rhs/deployment_utility_enabled,1.0
320000,dense_rhs/deployment_utility_observations,5.0
320000,dense_rhs/deployment_utility_last_observed_gain,-115.25
320000,dense_rhs/candidate_2_expected_eval_gain,0.0
320000,dense_rhs/candidate_2_eval_gain_uncertainty,150.0
320000,dense_rhs/candidate_2_deployment_utility_score,37.5
320000,dense_rhs/candidate_3_expected_eval_gain,33.15
320000,dense_rhs/candidate_3_eval_gain_uncertainty,38.115552120307534
320000,dense_rhs/candidate_3_deployment_utility_score,52.678888030076884
320000,dense_rhs/candidate_4_expected_eval_gain,0.0
320000,dense_rhs/candidate_4_eval_gain_uncertainty,150.0
320000,dense_rhs/candidate_4_deployment_utility_score,37.50000001676756
320000,dense_rhs/deployment_utility_override,0.0
320000,dense_rhs/deployment_utility_selected_expected_gain,33.15
320000,dense_rhs/deployment_utility_selected_uncertainty,38.115552120307534
320000,dense_rhs/deployment_utility_selected_score,52.678888030076884
320000,dense_rhs/deployment_utility_proposed_horizon,3.0
320000,dense_rhs/deployment_utility_proposed_expected_gain,33.15
320000,dense_rhs/deployment_utility_proposed_uncertainty,38.115552120307534
320000,dense_rhs/deployment_utility_proposed_score,52.678888030076884
320000,dense_rhs/previous_horizon,3.0
320000,dense_rhs/training_bucket_horizon,3.0
320000,dense_rhs/best_h,3.0
320000,dense_rhs/prob_best_h,0.013671875
320000,dense_rhs/gauss_mean_best_h,0.12811172008514404
320000,dense_rhs/gauss_post_std_best_h,0.057694293558597565
320000,system/heartbeat,1.0
323992,episode/return,987.0
323992,episode/length,500.0
323993,episode/return,0.0
323993,episode/length,500.0
323994,episode/return,735.0
323994,episode/length,500.0
323995,episode/return,0.0
323995,episode/length,500.0
323996,episode/return,1000.0
323996,episode/length,500.0
323997,episode/return,766.0
323997,episode/length,500.0
323998,episode/return,978.0
323998,episode/length,500.0
323999,episode/return,888.0
323999,episode/length,500.0
327992,episode/return,0.0
327992,episode/length,500.0
327993,episode/return,985.0
327993,episode/length,500.0
327994,episode/return,903.0
327994,episode/length,500.0
327995,episode/return,982.0
327995,episode/length,500.0
327996,episode/return,991.0
327996,episode/length,500.0
327997,episode/return,973.0
327997,episode/length,500.0
327998,episode/return,939.0
327998,episode/length,500.0
327999,episode/return,0.0
327999,episode/length,500.0
330000,train/consistency_loss_mean,0.003522340991161764
330000,train/consistency_loss_std,0.00019673897280222144
330000,train/continue_loss_mean,0.0
330000,train/continue_loss_std,0.0
330000,train/grad_norm_mean,0.9085198036193848
330000,train/grad_norm_std,0.13475538300912865
330000,train/policy_log_std_mean,-0.9179614042282105
330000,train/policy_log_std_std,0.43475957324877157
330000,train/policy_loss_mean,-0.4061820770978928
330000,train/policy_loss_std,0.01032648762917376
330000,train/reward_loss_mean,0.24613168383836745
330000,train/reward_loss_std,0.013493616723223441
330000,train/total_loss_mean,0.12597151453495026
330000,train/total_loss_std,0.004172207095486911
330000,train/value_loss_mean,0.30911524584293365
330000,train/value_loss_std,0.010366558675246258
330000,train/value_scale_mean,163.1421760986328
330000,train/value_scale_std,0.800459627455822
330000,timing/collect_chunk_s,100.11966989282519
330000,timing/train_chunk_s,20.563424898311496
330000,dense_rhs/training_bucket_horizon,3.0
330000,system/heartbeat,1.0
331992,episode/return,919.0
331992,episode/length,500.0
331993,episode/return,932.0
331993,episode/length,500.0
331994,episode/return,58.0
331994,episode/length,500.0
331995,episode/return,0.0
331995,episode/length,500.0
331996,episode/return,714.0
331996,episode/length,500.0
331997,episode/return,758.0
331997,episode/length,500.0
331998,episode/return,935.0
331998,episode/length,500.0
331999,episode/return,986.0
331999,episode/length,500.0
335992,episode/return,937.0
335992,episode/length,500.0
335993,episode/return,857.0
335993,episode/length,500.0
335994,episode/return,960.0
335994,episode/length,500.0
335995,episode/return,944.0
335995,episode/length,500.0
335996,episode/return,880.0
335996,episode/length,500.0
335997,episode/return,4.0
335997,episode/length,500.0
335998,episode/return,980.0
335998,episode/length,500.0
335999,episode/return,953.0
335999,episode/length,500.0
339992,episode/return,707.0
339992,episode/length,500.0
339993,episode/return,196.0
339993,episode/length,500.0
339994,episode/return,977.0
339994,episode/length,500.0
339995,episode/return,0.0
339995,episode/length,500.0
339996,episode/return,918.0
339996,episode/length,500.0
339997,episode/return,657.0
339997,episode/length,500.0
339998,episode/return,0.0
339998,episode/length,500.0
339999,episode/return,48.0
339999,episode/length,500.0
340000,train/consistency_loss_mean,0.003527835415489972
340000,train/consistency_loss_std,0.00019705108717249072
340000,train/continue_loss_mean,0.0
340000,train/continue_loss_std,0.0
340000,train/grad_norm_mean,0.9032318085193634
340000,train/grad_norm_std,0.13569356399076335
340000,train/policy_log_std_mean,-0.9238363097667694
340000,train/policy_log_std_std,0.432956025103125
340000,train/policy_loss_mean,-0.41561984593868256
340000,train/policy_loss_std,0.010830688478143263
340000,train/reward_loss_mean,0.24750749139785766
340000,train/reward_loss_std,0.013298137659633355
340000,train/total_loss_mean,0.12573633365631104
340000,train/total_loss_std,0.004165177837081812
340000,train/value_loss_mean,0.3042887400865555
340000,train/value_loss_std,0.010341981290157228
340000,train/value_scale_mean,160.4718358520508
340000,train/value_scale_std,1.3020776032815957
340000,timing/collect_chunk_s,106.82891084486619
340000,timing/train_chunk_s,20.590350589714944
340000,dense_rhs/training_bucket_horizon,3.0
340000,system/heartbeat,1.0
343992,episode/return,4.0
343992,episode/length,500.0
343993,episode/return,0.0
343993,episode/length,500.0
343994,episode/return,858.0
343994,episode/length,500.0
343995,episode/return,885.0
343995,episode/length,500.0
343996,episode/return,993.0
343996,episode/length,500.0
343997,episode/return,782.0
343997,episode/length,500.0
343998,episode/return,965.0
343998,episode/length,500.0
343999,episode/return,0.0
343999,episode/length,500.0
347992,episode/return,835.0
347992,episode/length,500.0
347993,episode/return,981.0
347993,episode/length,500.0
347994,episode/return,969.0
347994,episode/length,500.0
347995,episode/return,977.0
347995,episode/length,500.0
347996,episode/return,0.0
347996,episode/length,500.0
347997,episode/return,772.0
347997,episode/length,500.0
347998,episode/return,0.0
347998,episode/length,500.0
347999,episode/return,0.0
347999,episode/length,500.0
350000,train/consistency_loss_mean,0.0035372801054269075
350000,train/consistency_loss_std,0.00019844184098506053
350000,train/continue_loss_mean,0.0
350000,train/continue_loss_std,0.0
350000,train/grad_norm_mean,0.8958670088291169
350000,train/grad_norm_std,0.13191291302931663
350000,train/policy_log_std_mean,-0.9327459224224091
350000,train/policy_log_std_std,0.42645007118240696
350000,train/policy_loss_mean,-0.4222410474538803
350000,train/policy_loss_std,0.01026347571838292
350000,train/reward_loss_mean,0.24831409884691238
350000,train/reward_loss_std,0.013415982505650226
350000,train/total_loss_mean,0.12572811124324798
350000,train/total_loss_std,0.0041440293970128605
350000,train/value_loss_mean,0.3015109813928604
350000,train/value_loss_std,0.010049581128314755
350000,train/value_scale_mean,158.37077286376953
350000,train/value_scale_std,0.6063667679880772
350000,timing/collect_chunk_s,99.2168372105807
350000,timing/train_chunk_s,20.564380143303424
350000,dense_rhs/training_bucket_horizon,3.0
350000,system/heartbeat,1.0
350000,timing/checkpoint_blocking_s,0.46591906109824777
350000,eval/return_mean,639.4500122070312
350000,eval/return_std,422.6961364746094
350000,eval/return_max,989.0
350000,eval/return_min,0.0
350000,dense_rhs/deployment_utility_last_observed_gain,196.5
350000,dense_rhs/deployment_utility_observations,6.0
350000,timing/eval_s,11.252574543934315
350000,eval/selected_horizon,3.0
350000,eval/training_bucket_horizon,3.0
350000,system/heartbeat,1.0
351992,episode/return,987.0
351992,episode/length,500.0
351993,episode/return,0.0
351993,episode/length,500.0
351994,episode/return,985.0
351994,episode/length,500.0
351995,episode/return,0.0
351995,episode/length,500.0
351996,episode/return,967.0
351996,episode/length,500.0
351997,episode/return,409.0
351997,episode/length,500.0
351998,episode/return,0.0
351998,episode/length,500.0
351999,episode/return,8.0
351999,episode/length,500.0
355992,episode/return,954.0
355992,episode/length,500.0
355993,episode/return,8.0
355993,episode/length,500.0
355994,episode/return,412.0
355994,episode/length,500.0
355995,episode/return,985.0
355995,episode/length,500.0
355996,episode/return,936.0
355996,episode/length,500.0
355997,episode/return,978.0
355997,episode/length,500.0
355998,episode/return,964.0
355998,episode/length,500.0
355999,episode/return,0.0
355999,episode/length,500.0
359992,episode/return,657.0
359992,episode/length,500.0
359993,episode/return,982.0
359993,episode/length,500.0
359994,episode/return,990.0
359994,episode/length,500.0
359995,episode/return,46.0
359995,episode/length,500.0
359996,episode/return,988.0
359996,episode/length,500.0
359997,episode/return,979.0
359997,episode/length,500.0
359998,episode/return,987.0
359998,episode/length,500.0
359999,episode/return,911.0
359999,episode/length,500.0
360000,train/consistency_loss_mean,0.0035348147183656693
360000,train/consistency_loss_std,0.00019810041106228975
360000,train/continue_loss_mean,0.0
360000,train/continue_loss_std,0.0
360000,train/grad_norm_mean,0.8979606053352356
360000,train/grad_norm_std,0.13498495150677675
360000,train/policy_log_std_mean,-0.9485224291324615
360000,train/policy_log_std_std,0.43447189029578254
360000,train/policy_loss_mean,-0.4224219484090805
360000,train/policy_loss_std,0.010587272110446508
360000,train/reward_loss_mean,0.24890349348783494
360000,train/reward_loss_std,0.013758660879157272
360000,train/total_loss_mean,0.12569712384939194
360000,train/total_loss_std,0.004193099549605819
360000,train/value_loss_mean,0.3011047919988632
360000,train/value_loss_std,0.009982008279808007
360000,train/value_scale_mean,158.26969494628906
360000,train/value_scale_std,0.9714892156376436
360000,timing/collect_chunk_s,102.39461258798838
360000,timing/train_chunk_s,20.57179806707427
360000,dense_rhs/training_bucket_horizon,3.0
360000,system/heartbeat,1.0
363992,episode/return,908.0
363992,episode/length,500.0
363993,episode/return,960.0
363993,episode/length,500.0
363994,episode/return,982.0
363994,episode/length,500.0
363995,episode/return,917.0
363995,episode/length,500.0
363996,episode/return,502.0
363996,episode/length,500.0
363997,episode/return,968.0
363997,episode/length,500.0
363998,episode/return,909.0
363998,episode/length,500.0
363999,episode/return,986.0
363999,episode/length,500.0
367992,episode/return,217.0
367992,episode/length,500.0
367993,episode/return,938.0
367993,episode/length,500.0
367994,episode/return,966.0
367994,episode/length,500.0
367995,episode/return,2.0
367995,episode/length,500.0
367996,episode/return,0.0
367996,episode/length,500.0
367997,episode/return,0.0
367997,episode/length,500.0
367998,episode/return,928.0
367998,episode/length,500.0
367999,episode/return,6.0
367999,episode/length,500.0
370000,train/consistency_loss_mean,0.0035295086136087777
370000,train/consistency_loss_std,0.00020043392963795477
370000,train/continue_loss_mean,0.0
370000,train/continue_loss_std,0.0
370000,train/grad_norm_mean,0.8879607504367828
370000,train/grad_norm_std,0.13016303884119074
370000,train/policy_log_std_mean,-0.9520144229412079
370000,train/policy_log_std_std,0.4424096339446432
370000,train/policy_loss_mean,-0.42407601838111875
370000,train/policy_loss_std,0.010757897851145472
370000,train/reward_loss_mean,0.2506192093014717
370000,train/reward_loss_std,0.01353659403855388
370000,train/total_loss_mean,0.12524721351861953
370000,train/total_loss_std,0.0042143958611836506
370000,train/value_loss_mean,0.29595119278430937
370000,train/value_loss_std,0.010282086708350917
370000,train/value_scale_mean,158.1252593017578
370000,train/value_scale_std,1.104665730824481
370000,timing/collect_chunk_s,105.39888793043792
370000,timing/train_chunk_s,20.56767840217799
370000,dense_rhs/training_bucket_horizon,3.0
370000,system/heartbeat,1.0
370000,dense_rhs/selected_horizon,3.0
370000,dense_rhs/proposed_horizon,3.0
370000,dense_rhs/phase_id,0.0
370000,dense_rhs/num_active_horizons,7.0
370000,dense_rhs/num_candidate_horizons,3.0
370000,dense_rhs/entropy,1.690381407737732
370000,dense_rhs/norm_entropy,0.8686841726303101
370000,dense_rhs/best_fitness,0.6401229500770569
370000,dense_rhs/deployment_score_best,0.11315303295850754
370000,dense_rhs/incumbent_deployment_score,0.11315303295850754
370000,dense_rhs/proposed_deployment_score,0.11315303295850754
370000,dense_rhs/proposed_transition_cost,0.0
370000,dense_rhs/proposed_switch_probability,0.5
370000,dense_rhs/proposed_expected_net_benefit,0.0
370000,dense_rhs/transition_cost_best,0.0
370000,dense_rhs/transition_adjusted_score_best,0.11315303295850754
370000,dense_rhs/switch_probability_best,0.5
370000,dense_rhs/expected_improvement_best,0.032550517469644547
370000,dense_rhs/expected_loss_best,0.032550517469644547
370000,dense_rhs/expected_net_benefit_best,0.0
370000,dense_rhs/return_term_best,1.0
370000,dense_rhs/roughness_term_best,0.9659423828125
370000,dense_rhs/return_std_term_best,0.17382001876831055
370000,dense_rhs/learner_proxy_term_best,0.6739305853843689
370000,dense_rhs/model_prefix_loss_best,0.565208911895752
370000,dense_rhs/model_probe_prefix_best,0.420357346534729
370000,dense_rhs/planner_return_best,186.29119873046875
370000,dense_rhs/roughness_best,0.20780396461486816
370000,dense_rhs/robust_return_best,191.23358154296875
370000,timing/query_model_diag_s,0.011188189964741468
370000,timing/query_env_eval_s,7.686353940051049
370000,timing/query_finalize_s,0.003146323375403881
370000,timing/query_total_s,7.706002991180867
370000,dense_rhs/candidate_3_fitness,0.6401229500770569
370000,dense_rhs/candidate_3_deployment_score,0.11315303295850754
370000,dense_rhs/candidate_3_transition_cost,0.0
370000,dense_rhs/candidate_3_transition_adjusted_score,0.11315303295850754
370000,dense_rhs/candidate_3_switch_probability,0.5
370000,dense_rhs/candidate_3_expected_net_benefit,0.0
370000,dense_rhs/candidate_3_return,191.23358154296875
370000,dense_rhs/candidate_3_return_term,1.0
370000,dense_rhs/candidate_3_roughness_term,0.9659423828125
370000,dense_rhs/candidate_3_return_std_term,0.17382001876831055
370000,dense_rhs/candidate_3_learner_proxy_term,0.6739305853843689
370000,dense_rhs/candidate_4_fitness,0.03162277489900589
370000,dense_rhs/candidate_4_deployment_score,7.813604989463811e-31
370000,dense_rhs/candidate_4_transition_cost,0.057011935859918594
370000,dense_rhs/candidate_4_transition_adjusted_score,-0.057011935859918594
370000,dense_rhs/candidate_4_switch_probability,0.058063626289367676
370000,dense_rhs/candidate_4_expected_net_benefit,-0.17016498744487762
370000,dense_rhs/candidate_4_return,37.37275695800781
370000,dense_rhs/candidate_4_return_term,0.0
370000,dense_rhs/candidate_4_roughness_term,0.9439601302146912
370000,dense_rhs/candidate_4_return_std_term,0.0
370000,dense_rhs/candidate_4_learner_proxy_term,0.8277473449707031
370000,dense_rhs/candidate_2_fitness,0.26187649369239807
370000,dense_rhs/candidate_2_deployment_score,2.503323937030899e-12
370000,dense_rhs/candidate_2_transition_cost,0.06839094310998917
370000,dense_rhs/candidate_2_transition_adjusted_score,-0.06839094310998917
370000,dense_rhs/candidate_2_switch_probability,0.033248066902160645
370000,dense_rhs/candidate_2_expected_net_benefit,-0.1815439760684967
370000,dense_rhs/candidate_2_return,49.84283447265625
370000,dense_rhs/candidate_2_return_term,0.08104777336120605
370000,dense_rhs/candidate_2_roughness_term,1.0
370000,dense_rhs/candidate_2_return_std_term,0.05801665782928467
370000,dense_rhs/candidate_2_learner_proxy_term,0.0
370000,dense_rhs/deployment_utility_enabled,1.0
370000,dense_rhs/deployment_utility_observations,6.0
370000,dense_rhs/deployment_utility_last_observed_gain,196.5
370000,dense_rhs/candidate_2_expected_eval_gain,0.0
370000,dense_rhs/candidate_2_eval_gain_uncertainty,150.0
370000,dense_rhs/candidate_2_deployment_utility_score,37.500000000221235
370000,dense_rhs/candidate_3_expected_eval_gain,60.375
370000,dense_rhs/candidate_3_eval_gain_uncertainty,39.58711856179518
370000,dense_rhs/candidate_3_deployment_utility_score,80.2717796404488
370000,dense_rhs/candidate_4_expected_eval_gain,0.0
370000,dense_rhs/candidate_4_eval_gain_uncertainty,150.0
370000,dense_rhs/candidate_4_deployment_utility_score,37.5
370000,dense_rhs/deployment_utility_override,0.0
370000,dense_rhs/deployment_utility_selected_expected_gain,60.375
370000,dense_rhs/deployment_utility_selected_uncertainty,39.58711856179518
370000,dense_rhs/deployment_utility_selected_score,80.2717796404488
370000,dense_rhs/deployment_utility_proposed_horizon,3.0
370000,dense_rhs/deployment_utility_proposed_expected_gain,60.375
370000,dense_rhs/deployment_utility_proposed_uncertainty,39.58711856179518
370000,dense_rhs/deployment_utility_proposed_score,80.2717796404488
370000,dense_rhs/previous_horizon,3.0
370000,dense_rhs/training_bucket_horizon,3.0
370000,dense_rhs/best_h,3.0
370000,dense_rhs/prob_best_h,0.06640625
370000,dense_rhs/gauss_mean_best_h,0.2012561857700348
370000,dense_rhs/gauss_post_std_best_h,0.08385305851697922
370000,system/heartbeat,1.0
371992,episode/return,0.0
371992,episode/length,500.0
371993,episode/return,970.0
371993,episode/length,500.0
371994,episode/return,948.0
371994,episode/length,500.0
371995,episode/return,972.0
371995,episode/length,500.0
371996,episode/return,983.0
371996,episode/length,500.0
371997,episode/return,974.0
371997,episode/length,500.0
371998,episode/return,776.0
371998,episode/length,500.0
371999,episode/return,971.0
371999,episode/length,500.0
375992,episode/return,986.0
375992,episode/length,500.0
375993,episode/return,847.0
375993,episode/length,500.0
375994,episode/return,755.0
375994,episode/length,500.0
375995,episode/return,3.0
375995,episode/length,500.0
375996,episode/return,938.0
375996,episode/length,500.0
375997,episode/return,986.0
375997,episode/length,500.0
375998,episode/return,929.0
375998,episode/length,500.0
375999,episode/return,2.0
375999,episode/length,500.0
379992,episode/return,965.0
379992,episode/length,500.0
379993,episode/return,0.0
379993,episode/length,500.0
379994,episode/return,0.0
379994,episode/length,500.0
379995,episode/return,8.0
379995,episode/length,500.0
379996,episode/return,947.0
379996,episode/length,500.0
379997,episode/return,902.0
379997,episode/length,500.0
379998,episode/return,34.0
379998,episode/length,500.0
379999,episode/return,6.0
379999,episode/length,500.0
380000,train/consistency_loss_mean,0.0035354827839881183
380000,train/consistency_loss_std,0.00020190140548212893
380000,train/continue_loss_mean,0.0
380000,train/continue_loss_std,0.0
380000,train/grad_norm_mean,0.884365931224823
380000,train/grad_norm_std,0.13268830733388215
380000,train/policy_log_std_mean,-0.9578129157066345
380000,train/policy_log_std_std,0.44624946586606995
380000,train/policy_loss_mean,-0.43961722440719603
380000,train/policy_loss_std,0.01152517633813264
380000,train/reward_loss_mean,0.2513554604649544
380000,train/reward_loss_std,0.013585314869269519
380000,train/total_loss_mean,0.12462607963681221
380000,train/total_loss_std,0.0042943290236686915
380000,train/value_loss_mean,0.2878087588310242
380000,train/value_loss_std,0.01022086605765209
380000,train/value_scale_mean,153.51612845458985
380000,train/value_scale_std,1.7207832341320017
380000,timing/collect_chunk_s,99.8285384485498
380000,timing/train_chunk_s,20.543913836125284
380000,dense_rhs/training_bucket_horizon,3.0
380000,system/heartbeat,1.0
383992,episode/return,733.0
383992,episode/length,500.0
383993,episode/return,987.0
383993,episode/length,500.0
383994,episode/return,762.0
383994,episode/length,500.0
383995,episode/return,976.0
383995,episode/length,500.0
383996,episode/return,985.0
383996,episode/length,500.0
383997,episode/return,870.0
383997,episode/length,500.0
383998,episode/return,953.0
383998,episode/length,500.0
383999,episode/return,6.0
383999,episode/length,500.0
387992,episode/return,985.0
387992,episode/length,500.0
387993,episode/return,985.0
387993,episode/length,500.0
387994,episode/return,969.0
387994,episode/length,500.0
387995,episode/return,0.0
387995,episode/length,500.0
387996,episode/return,418.0
387996,episode/length,500.0
387997,episode/return,888.0
387997,episode/length,500.0
387998,episode/return,980.0
387998,episode/length,500.0
387999,episode/return,0.0
387999,episode/length,500.0
390000,train/consistency_loss_mean,0.0035427506919950245
390000,train/consistency_loss_std,0.00020307129991424232
390000,train/continue_loss_mean,0.0
390000,train/continue_loss_std,0.0
390000,train/grad_norm_mean,0.8817579408645629
390000,train/grad_norm_std,0.13247100757882493
390000,train/policy_log_std_mean,-0.975303165102005
390000,train/policy_log_std_std,0.46002147718633707
390000,train/policy_loss_mean,-0.44201055068969725
390000,train/policy_loss_std,0.01123617861707508
390000,train/reward_loss_mean,0.2511403431415558
390000,train/reward_loss_std,0.013497751473097045
390000,train/total_loss_mean,0.12447067379355431
390000,train/total_loss_std,0.00430351856963624
390000,train/value_loss_mean,0.2850162412405014
390000,train/value_loss_std,0.010705991426712363
390000,train/value_scale_mean,152.32690437011718
390000,train/value_scale_std,1.5152110058264043
390000,timing/collect_chunk_s,100.37981329718605
390000,timing/train_chunk_s,20.56324706831947
390000,dense_rhs/training_bucket_horizon,3.0
390000,system/heartbeat,1.0
391992,episode/return,969.0
391992,episode/length,500.0
391993,episode/return,941.0
391993,episode/length,500.0
391994,episode/return,0.0
391994,episode/length,500.0
391995,episode/return,962.0
391995,episode/length,500.0
391996,episode/return,295.0
391996,episode/length,500.0
391997,episode/return,979.0
391997,episode/length,500.0
391998,episode/return,987.0
391998,episode/length,500.0
391999,episode/return,0.0
391999,episode/length,500.0
395992,episode/return,4.0
395992,episode/length,500.0
395993,episode/return,975.0
395993,episode/length,500.0
395994,episode/return,982.0
395994,episode/length,500.0
395995,episode/return,416.0
395995,episode/length,500.0
395996,episode/return,809.0
395996,episode/length,500.0
395997,episode/return,987.0
395997,episode/length,500.0
395998,episode/return,849.0
395998,episode/length,500.0
395999,episode/return,986.0
395999,episode/length,500.0
399992,episode/return,938.0
399992,episode/length,500.0
399993,episode/return,814.0
399993,episode/length,500.0
399994,episode/return,934.0
399994,episode/length,500.0
399995,episode/return,979.0
399995,episode/length,500.0
399996,episode/return,0.0
399996,episode/length,500.0
399997,episode/return,963.0
399997,episode/length,500.0
399998,episode/return,971.0
399998,episode/length,500.0
399999,episode/return,972.0
399999,episode/length,500.0
400000,train/consistency_loss_mean,0.0035301422379910947
400000,train/consistency_loss_std,0.0002050236641931242
400000,train/continue_loss_mean,0.0
400000,train/continue_loss_std,0.0
400000,train/grad_norm_mean,0.8734188862800598
400000,train/grad_norm_std,0.13383782976623038
400000,train/policy_log_std_mean,-0.9848803851604462
400000,train/policy_log_std_std,0.4709524788297867
400000,train/policy_loss_mean,-0.44021638972759247
400000,train/policy_loss_std,0.01122124036762383
400000,train/reward_loss_mean,0.25185195993185044
400000,train/reward_loss_std,0.013377965294605077
400000,train/total_loss_mean,0.12427440744042396
400000,train/total_loss_std,0.004340869434016671
400000,train/value_loss_mean,0.2848636598348618
400000,train/value_loss_std,0.010423998541610559
400000,train/value_scale_mean,153.17002371826172
400000,train/value_scale_std,1.262246171371937
400000,timing/collect_chunk_s,108.20767984166741
400000,timing/train_chunk_s,20.617198925465345
400000,dense_rhs/training_bucket_horizon,3.0
400000,system/heartbeat,1.0
400000,timing/checkpoint_blocking_s,0.49730609683319926
400000,eval/return_mean,741.8499755859375
400000,eval/return_std,374.287353515625
400000,eval/return_max,1000.0
400000,eval/return_min,0.0
400000,dense_rhs/deployment_utility_last_observed_gain,102.39996337890625
400000,dense_rhs/deployment_utility_observations,7.0
400000,timing/eval_s,10.91373034613207
400000,eval/selected_horizon,3.0
400000,eval/training_bucket_horizon,3.0
400000,system/heartbeat,1.0
403992,episode/return,967.0
403992,episode/length,500.0
403993,episode/return,781.0
403993,episode/length,500.0
403994,episode/return,989.0
403994,episode/length,500.0
403995,episode/return,956.0
403995,episode/length,500.0
403996,episode/return,945.0
403996,episode/length,500.0
403997,episode/return,975.0
403997,episode/length,500.0
403998,episode/return,946.0
403998,episode/length,500.0
403999,episode/return,905.0
403999,episode/length,500.0
407992,episode/return,777.0
407992,episode/length,500.0
407993,episode/return,888.0
407993,episode/length,500.0
407994,episode/return,992.0
407994,episode/length,500.0
407995,episode/return,1.0
407995,episode/length,500.0
407996,episode/return,986.0
407996,episode/length,500.0
407997,episode/return,816.0
407997,episode/length,500.0
407998,episode/return,976.0
407998,episode/length,500.0
407999,episode/return,906.0
407999,episode/length,500.0
410000,train/consistency_loss_mean,0.003517184720002115
410000,train/consistency_loss_std,0.00020629011135437953
410000,train/continue_loss_mean,0.0
410000,train/continue_loss_std,0.0
410000,train/grad_norm_mean,0.8637850497245788
410000,train/grad_norm_std,0.12935578508033943
410000,train/policy_log_std_mean,-0.9913182221412659
410000,train/policy_log_std_std,0.4672270618658003
410000,train/policy_loss_mean,-0.45939255223274233
410000,train/policy_loss_std,0.011954842578080563
410000,train/reward_loss_mean,0.2537721075296402
410000,train/reward_loss_std,0.01323960727378843
410000,train/total_loss_mean,0.1241390801012516
410000,train/total_loss_std,0.00436427580960186
410000,train/value_loss_mean,0.2841817319393158
410000,train/value_loss_std,0.010248702127911877
410000,train/value_scale_mean,148.3826987915039
410000,train/value_scale_std,1.6672360097858487
410000,timing/collect_chunk_s,101.6152529604733
410000,timing/train_chunk_s,20.547752652782947
410000,dense_rhs/training_bucket_horizon,3.0
410000,system/heartbeat,1.0
411992,episode/return,912.0
411992,episode/length,500.0
411993,episode/return,951.0
411993,episode/length,500.0
411994,episode/return,932.0
411994,episode/length,500.0
411995,episode/return,0.0
411995,episode/length,500.0
411996,episode/return,963.0
411996,episode/length,500.0
411997,episode/return,991.0
411997,episode/length,500.0
411998,episode/return,918.0
411998,episode/length,500.0
411999,episode/return,0.0
411999,episode/length,500.0
415992,episode/return,690.0
415992,episode/length,500.0
415993,episode/return,813.0
415993,episode/length,500.0
415994,episode/return,910.0
415994,episode/length,500.0
415995,episode/return,938.0
415995,episode/length,500.0
415996,episode/return,936.0
415996,episode/length,500.0
415997,episode/return,988.0
415997,episode/length,500.0
415998,episode/return,2.0
415998,episode/length,500.0
415999,episode/return,779.0
415999,episode/length,500.0
419992,episode/return,937.0
419992,episode/length,500.0
419993,episode/return,861.0
419993,episode/length,500.0
419994,episode/return,985.0
419994,episode/length,500.0
419995,episode/return,761.0
419995,episode/length,500.0
419996,episode/return,959.0
419996,episode/length,500.0
419997,episode/return,0.0
419997,episode/length,500.0
419998,episode/return,869.0
419998,episode/length,500.0
419999,episode/return,858.0
419999,episode/length,500.0
420000,train/consistency_loss_mean,0.0035281791077926756
420000,train/consistency_loss_std,0.00020727936275887529
420000,train/continue_loss_mean,0.0
420000,train/continue_loss_std,0.0
420000,train/grad_norm_mean,0.8596258974075317
420000,train/grad_norm_std,0.13009317928010564
420000,train/policy_log_std_mean,-0.9951194334506989
420000,train/policy_log_std_std,0.4687617270396343
420000,train/policy_loss_mean,-0.4728194306135178
420000,train/policy_loss_std,0.011272328585619567
420000,train/reward_loss_mean,0.25525041222572326
420000,train/reward_loss_std,0.013552616880603824
420000,train/total_loss_mean,0.12415910777449608
420000,train/total_loss_std,0.004388334168868916
420000,train/value_loss_mean,0.28070482745170594
420000,train/value_loss_std,0.010430341954357472
420000,train/value_scale_mean,145.19739134521484
420000,train/value_scale_std,1.2096860313869988
420000,timing/collect_chunk_s,101.83913967339322
420000,timing/train_chunk_s,20.5750055690296
420000,dense_rhs/training_bucket_horizon,3.0
420000,system/heartbeat,1.0
420000,dense_rhs/selected_horizon,3.0
420000,dense_rhs/proposed_horizon,3.0
420000,dense_rhs/phase_id,0.0
420000,dense_rhs/num_active_horizons,7.0
420000,dense_rhs/num_candidate_horizons,3.0
420000,dense_rhs/entropy,1.7409801483154297
420000,dense_rhs/norm_entropy,0.894686758518219
420000,dense_rhs/best_fitness,0.03162277489900589
420000,dense_rhs/deployment_score_best,4.942233872467275e-31
420000,dense_rhs/incumbent_deployment_score,4.942233872467275e-31
420000,dense_rhs/proposed_deployment_score,4.942233872467275e-31
420000,dense_rhs/proposed_transition_cost,0.0
420000,dense_rhs/proposed_switch_probability,0.5
420000,dense_rhs/proposed_expected_net_benefit,0.0
420000,dense_rhs/transition_cost_best,0.0
420000,dense_rhs/transition_adjusted_score_best,4.942233872467275e-31
420000,dense_rhs/switch_probability_best,0.5
420000,dense_rhs/expected_improvement_best,0.0473090223968029
420000,dense_rhs/expected_loss_best,0.0473090223968029
420000,dense_rhs/expected_net_benefit_best,0.0
420000,dense_rhs/return_term_best,0.0
420000,dense_rhs/roughness_term_best,0.8027103543281555
420000,dense_rhs/return_std_term_best,0.0
420000,dense_rhs/learner_proxy_term_best,0.6156932711601257
420000,dense_rhs/model_prefix_loss_best,0.5534317493438721
420000,dense_rhs/model_probe_prefix_best,0.410081684589386
420000,dense_rhs/planner_return_best,182.82225036621094
420000,dense_rhs/roughness_best,0.1928829848766327
420000,dense_rhs/robust_return_best,19.388031005859375
420000,timing/query_model_diag_s,0.012070957105606794
420000,timing/query_env_eval_s,7.679004413075745
420000,timing/query_finalize_s,0.0031387796625494957
420000,timing/query_total_s,7.6996575109660625
420000,dense_rhs/candidate_3_fitness,0.03162277489900589
420000,dense_rhs/candidate_3_deployment_score,4.942233872467275e-31
420000,dense_rhs/candidate_3_transition_cost,0.0
420000,dense_rhs/candidate_3_transition_adjusted_score,4.942233872467275e-31
420000,dense_rhs/candidate_3_switch_probability,0.5
420000,dense_rhs/candidate_3_expected_net_benefit,0.0
420000,dense_rhs/candidate_3_return,19.388031005859375
420000,dense_rhs/candidate_3_return_term,0.0
420000,dense_rhs/candidate_3_roughness_term,0.8027103543281555
420000,dense_rhs/candidate_3_return_std_term,0.0
420000,dense_rhs/candidate_3_learner_proxy_term,0.6156932711601257
420000,dense_rhs/candidate_4_fitness,0.33056941628456116
420000,dense_rhs/candidate_4_deployment_score,0.0006728007574565709
420000,dense_rhs/candidate_4_transition_cost,0.059493537992239
420000,dense_rhs/candidate_4_transition_adjusted_score,-0.05882073566317558
420000,dense_rhs/candidate_4_switch_probability,0.30787575244903564
420000,dense_rhs/candidate_4_expected_net_benefit,-0.05882073938846588
420000,dense_rhs/candidate_4_return,88.94258117675781
420000,dense_rhs/candidate_4_return_term,0.4147763252258301
420000,dense_rhs/candidate_4_roughness_term,0.8327315449714661
420000,dense_rhs/candidate_4_return_std_term,0.03456968069076538
420000,dense_rhs/candidate_4_learner_proxy_term,0.7896420359611511
420000,dense_rhs/candidate_2_fitness,0.5352499485015869
420000,dense_rhs/candidate_2_deployment_score,2.5620217058985872e-08
420000,dense_rhs/candidate_2_transition_cost,0.051524557173252106
420000,dense_rhs/candidate_2_transition_adjusted_score,-0.051524531096220016
420000,dense_rhs/candidate_2_switch_probability,0.3187033534049988
420000,dense_rhs/candidate_2_expected_net_benefit,-0.05152452737092972
420000,dense_rhs/candidate_2_return,133.14170837402344
420000,dense_rhs/candidate_2_return_term,0.678350031375885
420000,dense_rhs/candidate_2_roughness_term,1.0
420000,dense_rhs/candidate_2_return_std_term,0.12099498510360718
420000,dense_rhs/candidate_2_learner_proxy_term,0.0
420000,dense_rhs/deployment_utility_enabled,1.0
420000,dense_rhs/deployment_utility_observations,7.0
420000,dense_rhs/deployment_utility_last_observed_gain,102.39996337890625
420000,dense_rhs/candidate_2_expected_eval_gain,0.0
420000,dense_rhs/candidate_2_eval_gain_uncertainty,150.0
420000,dense_rhs/candidate_2_deployment_utility_score,37.50038079946812
420000,dense_rhs/candidate_3_expected_eval_gain,66.37856619698661
420000,dense_rhs/candidate_3_eval_gain_uncertainty,34.67545345529632
420000,dense_rhs/candidate_3_deployment_utility_score,75.04742956081068
420000,dense_rhs/candidate_4_expected_eval_gain,0.0
420000,dense_rhs/candidate_4_eval_gain_uncertainty,150.0
420000,dense_rhs/candidate_4_deployment_utility_score,47.5
420000,dense_rhs/deployment_utility_override,0.0
420000,dense_rhs/deployment_utility_selected_expected_gain,66.37856619698661
420000,dense_rhs/deployment_utility_selected_uncertainty,34.67545345529632
420000,dense_rhs/deployment_utility_selected_score,75.04742956081068
420000,dense_rhs/deployment_utility_proposed_horizon,3.0
420000,dense_rhs/deployment_utility_proposed_expected_gain,66.37856619698661
420000,dense_rhs/deployment_utility_proposed_uncertainty,34.67545345529632
420000,dense_rhs/deployment_utility_proposed_score,75.04742956081068
420000,dense_rhs/previous_horizon,3.0
420000,dense_rhs/training_bucket_horizon,3.0
420000,dense_rhs/best_h,3.0
420000,dense_rhs/prob_best_h,0.01953125
420000,dense_rhs/gauss_mean_best_h,0.1800519973039627
420000,dense_rhs/gauss_post_std_best_h,0.07600513845682144
420000,system/heartbeat,1.0
423992,episode/return,845.0
423992,episode/length,500.0
423993,episode/return,959.0
423993,episode/length,500.0
423994,episode/return,984.0
423994,episode/length,500.0
423995,episode/return,606.0
423995,episode/length,500.0
423996,episode/return,983.0
423996,episode/length,500.0
423997,episode/return,955.0
423997,episode/length,500.0
423998,episode/return,886.0
423998,episode/length,500.0
423999,episode/return,661.0
423999,episode/length,500.0
427992,episode/return,744.0
427992,episode/length,500.0
427993,episode/return,81.0
427993,episode/length,500.0
427994,episode/return,954.0
427994,episode/length,500.0
427995,episode/return,960.0
427995,episode/length,500.0
427996,episode/return,4.0
427996,episode/length,500.0
427997,episode/return,981.0
427997,episode/length,500.0
427998,episode/return,988.0
427998,episode/length,500.0
427999,episode/return,991.0
427999,episode/length,500.0
430000,train/consistency_loss_mean,0.0035277556505054234
430000,train/consistency_loss_std,0.00020576133819628318
430000,train/continue_loss_mean,0.0
430000,train/continue_loss_std,0.0
430000,train/grad_norm_mean,0.8546163753986359
430000,train/grad_norm_std,0.13215299138332728
430000,train/policy_log_std_mean,-1.0010131272792817
430000,train/policy_log_std_std,0.46577753025314184
430000,train/policy_loss_mean,-0.4865410429477692
430000,train/policy_loss_std,0.011428074677138515
430000,train/reward_loss_mean,0.25703327145576477
430000,train/reward_loss_std,0.013292211856179301
430000,train/total_loss_mean,0.1238076059281826
430000,train/total_loss_std,0.0043296712393622394
430000,train/value_loss_mean,0.2754916462659836
430000,train/value_loss_std,0.010424861570406403
430000,train/value_scale_mean,142.12964560546874
430000,train/value_scale_std,1.1856779711890075
430000,timing/collect_chunk_s,100.91371851786971
430000,timing/train_chunk_s,20.5894260648638
430000,dense_rhs/training_bucket_horizon,3.0
430000,system/heartbeat,1.0
431992,episode/return,992.0
431992,episode/length,500.0
431993,episode/return,954.0
431993,episode/length,500.0
431994,episode/return,959.0
431994,episode/length,500.0
431995,episode/return,926.0
431995,episode/length,500.0
431996,episode/return,964.0
431996,episode/length,500.0
431997,episode/return,992.0
431997,episode/length,500.0
431998,episode/return,953.0
431998,episode/length,500.0
431999,episode/return,935.0
431999,episode/length,500.0
435992,episode/return,992.0
435992,episode/length,500.0
435993,episode/return,632.0
435993,episode/length,500.0
435994,episode/return,651.0
435994,episode/length,500.0
435995,episode/return,937.0
435995,episode/length,500.0
435996,episode/return,878.0
435996,episode/length,500.0
435997,episode/return,987.0
435997,episode/length,500.0
435998,episode/return,42.0
435998,episode/length,500.0
435999,episode/return,981.0
435999,episode/length,500.0
439992,episode/return,988.0
439992,episode/length,500.0
439993,episode/return,230.0
439993,episode/length,500.0
439994,episode/return,987.0
439994,episode/length,500.0
439995,episode/return,949.0
439995,episode/length,500.0
439996,episode/return,1000.0
439996,episode/length,500.0
439997,episode/return,896.0
439997,episode/length,500.0
439998,episode/return,881.0
439998,episode/length,500.0
439999,episode/return,425.0
439999,episode/length,500.0
440000,train/consistency_loss_mean,0.0035255689341574907
440000,train/consistency_loss_std,0.0002070038342170494
440000,train/continue_loss_mean,0.0
440000,train/continue_loss_std,0.0
440000,train/grad_norm_mean,0.8507242938041687
440000,train/grad_norm_std,0.12764003896492856
440000,train/policy_log_std_mean,-1.026564511537552
440000,train/policy_log_std_std,0.4694160406320414
440000,train/policy_loss_mean,-0.4915458181619644
440000,train/policy_loss_std,0.011074065471910961
440000,train/reward_loss_mean,0.25891694160699846
440000,train/reward_loss_std,0.013466763586402478
440000,train/total_loss_mean,0.12418651977777481
440000,train/total_loss_std,0.004381614613869287
440000,train/value_loss_mean,0.2778344536066055
440000,train/value_loss_std,0.01051712472032651
440000,train/value_scale_mean,140.78999138183593
440000,train/value_scale_std,1.0675044566954357
440000,timing/collect_chunk_s,109.97093668114394
440000,timing/train_chunk_s,20.644333211239427
440000,dense_rhs/training_bucket_horizon,3.0
440000,system/heartbeat,1.0
443992,episode/return,0.0
443992,episode/length,500.0
443993,episode/return,980.0
443993,episode/length,500.0
443994,episode/return,2.0
443994,episode/length,500.0
443995,episode/return,978.0
443995,episode/length,500.0
443996,episode/return,977.0
443996,episode/length,500.0
443997,episode/return,436.0
443997,episode/length,500.0
443998,episode/return,980.0
443998,episode/length,500.0
443999,episode/return,990.0
443999,episode/length,500.0
447992,episode/return,977.0
447992,episode/length,500.0
447993,episode/return,843.0
447993,episode/length,500.0
447994,episode/return,844.0
447994,episode/length,500.0
447995,episode/return,985.0
447995,episode/length,500.0
447996,episode/return,10.0
447996,episode/length,500.0
447997,episode/return,975.0
447997,episode/length,500.0
447998,episode/return,988.0
447998,episode/length,500.0
447999,episode/return,5.0
447999,episode/length,500.0
450000,train/consistency_loss_mean,0.0035268372613936664
450000,train/consistency_loss_std,0.0002089378433233343
450000,train/continue_loss_mean,0.0
450000,train/continue_loss_std,0.0
450000,train/grad_norm_mean,0.8438307173728943
450000,train/grad_norm_std,0.12979294936308883
450000,train/policy_log_std_mean,-1.0296362832546233
450000,train/policy_log_std_std,0.4697381655464751
450000,train/policy_loss_mean,-0.4998421793699265
450000,train/policy_loss_std,0.01103358954453323
450000,train/reward_loss_mean,0.26048460454940797
450000,train/reward_loss_std,0.013542776471753127
450000,train/total_loss_mean,0.12430825439095497
450000,train/total_loss_std,0.004405762885776758
450000,train/value_loss_mean,0.2772304816484451
450000,train/value_loss_std,0.010649023157894025
450000,train/value_scale_mean,139.0839475830078
450000,train/value_scale_std,0.8345581029111391
450000,timing/collect_chunk_s,99.788427434396
450000,timing/train_chunk_s,20.642391675151885
450000,dense_rhs/training_bucket_horizon,3.0
450000,system/heartbeat,1.0
450000,timing/checkpoint_blocking_s,0.4856531359255314
450000,eval/return_mean,661.0
450000,eval/return_std,433.1937255859375
450000,eval/return_max,1000.0
450000,eval/return_min,0.0
450000,dense_rhs/deployment_utility_last_observed_gain,-80.8499755859375
450000,dense_rhs/deployment_utility_observations,8.0
450000,timing/eval_s,11.156904438044876
450000,eval/selected_horizon,3.0
450000,eval/training_bucket_horizon,3.0
450000,system/heartbeat,1.0
451992,episode/return,968.0
451992,episode/length,500.0
451993,episode/return,826.0
451993,episode/length,500.0
451994,episode/return,907.0
451994,episode/length,500.0
451995,episode/return,986.0
451995,episode/length,500.0
451996,episode/return,956.0
451996,episode/length,500.0
451997,episode/return,787.0
451997,episode/length,500.0
451998,episode/return,893.0
451998,episode/length,500.0
451999,episode/return,10.0
451999,episode/length,500.0
455992,episode/return,972.0
455992,episode/length,500.0
455993,episode/return,940.0
455993,episode/length,500.0
455994,episode/return,987.0
455994,episode/length,500.0
455995,episode/return,971.0
455995,episode/length,500.0
455996,episode/return,986.0
455996,episode/length,500.0
455997,episode/return,917.0
455997,episode/length,500.0
455998,episode/return,846.0
455998,episode/length,500.0
455999,episode/return,980.0
455999,episode/length,500.0
459992,episode/return,957.0
459992,episode/length,500.0
459993,episode/return,0.0
459993,episode/length,500.0
459994,episode/return,0.0
459994,episode/length,500.0
459995,episode/return,830.0
459995,episode/length,500.0
459996,episode/return,2.0
459996,episode/length,500.0
459997,episode/return,764.0
459997,episode/length,500.0
459998,episode/return,967.0
459998,episode/length,500.0
459999,episode/return,957.0
459999,episode/length,500.0
460000,train/consistency_loss_mean,0.0035112015085294844
460000,train/consistency_loss_std,0.00020803483651809726
460000,train/continue_loss_mean,0.0
460000,train/continue_loss_std,0.0
460000,train/grad_norm_mean,0.8382477170467376
460000,train/grad_norm_std,0.12685460931217216
460000,train/policy_log_std_mean,-1.0349824770450593
460000,train/policy_log_std_std,0.47453369438290977
460000,train/policy_loss_mean,-0.5079880082130432
460000,train/policy_loss_std,0.010960571979527326
460000,train/reward_loss_mean,0.26249678914546964
460000,train/reward_loss_std,0.013209192940296972
460000,train/total_loss_mean,0.12435118435025215
460000,train/total_loss_std,0.0043959175218046724
460000,train/value_loss_mean,0.2787747375011444
460000,train/value_loss_std,0.010343544255783243
460000,train/value_scale_mean,137.72288568115235
460000,train/value_scale_std,0.815221576470687
460000,timing/collect_chunk_s,101.48957410734147
460000,timing/train_chunk_s,20.56971715670079
460000,dense_rhs/training_bucket_horizon,3.0
460000,system/heartbeat,1.0
463992,episode/return,937.0
463992,episode/length,500.0
463993,episode/return,938.0
463993,episode/length,500.0
463994,episode/return,939.0
463994,episode/length,500.0
463995,episode/return,797.0
463995,episode/length,500.0
463996,episode/return,956.0
463996,episode/length,500.0
463997,episode/return,967.0
463997,episode/length,500.0
463998,episode/return,966.0
463998,episode/length,500.0
463999,episode/return,730.0
463999,episode/length,500.0
467992,episode/return,909.0
467992,episode/length,500.0
467993,episode/return,918.0
467993,episode/length,500.0
467994,episode/return,979.0
467994,episode/length,500.0
467995,episode/return,989.0
467995,episode/length,500.0
467996,episode/return,926.0
467996,episode/length,500.0
467997,episode/return,990.0
467997,episode/length,500.0
467998,episode/return,898.0
467998,episode/length,500.0
467999,episode/return,307.0
467999,episode/length,500.0
470000,train/consistency_loss_mean,0.003507319628633559
470000,train/consistency_loss_std,0.00021075443775158846
470000,train/continue_loss_mean,0.0
470000,train/continue_loss_std,0.0
470000,train/grad_norm_mean,0.8344457003593445
470000,train/grad_norm_std,0.125955824275753
470000,train/policy_log_std_mean,-1.0552972492218018
470000,train/policy_log_std_std,0.47810230169022044
470000,train/policy_loss_mean,-0.5215063602447509
470000,train/policy_loss_std,0.01077728092197945
470000,train/reward_loss_mean,0.26399852826595305
470000,train/reward_loss_std,0.013372883781820883
470000,train/total_loss_mean,0.12415157831311226
470000,train/total_loss_std,0.004465688568025443
470000,train/value_loss_mean,0.27605332729816434
470000,train/value_loss_std,0.010685176769021315
470000,train/value_scale_mean,134.78563513183593
470000,train/value_scale_std,0.6409730747815653
470000,timing/collect_chunk_s,101.00615873048082
470000,timing/train_chunk_s,20.574975072406232
470000,dense_rhs/training_bucket_horizon,3.0
470000,system/heartbeat,1.0
470000,dense_rhs/selected_horizon,3.0
470000,dense_rhs/proposed_horizon,3.0
470000,dense_rhs/phase_id,0.0
470000,dense_rhs/num_active_horizons,7.0
470000,dense_rhs/num_candidate_horizons,3.0
470000,dense_rhs/entropy,1.7018427848815918
470000,dense_rhs/norm_entropy,0.8745741248130798
470000,dense_rhs/best_fitness,0.031746529042720795
470000,dense_rhs/deployment_score_best,3.5646869900318734e-09
470000,dense_rhs/incumbent_deployment_score,3.5646869900318734e-09
470000,dense_rhs/proposed_deployment_score,3.5646869900318734e-09
470000,dense_rhs/proposed_transition_cost,0.0
470000,dense_rhs/proposed_switch_probability,0.5
470000,dense_rhs/proposed_expected_net_benefit,0.0
470000,dense_rhs/transition_cost_best,0.0
470000,dense_rhs/transition_adjusted_score_best,3.5646869900318734e-09
470000,dense_rhs/switch_probability_best,0.5
470000,dense_rhs/expected_improvement_best,0.0428813099861145
470000,dense_rhs/expected_loss_best,0.0428813099861145
470000,dense_rhs/expected_net_benefit_best,0.0
470000,dense_rhs/return_term_best,0.28251370787620544
470000,dense_rhs/roughness_term_best,0.9350612163543701
470000,dense_rhs/return_std_term_best,5.960464477539063e-08
470000,dense_rhs/learner_proxy_term_best,0.5984436273574829
470000,dense_rhs/model_prefix_loss_best,0.5796806812286377
470000,dense_rhs/model_probe_prefix_best,0.4420524537563324
470000,dense_rhs/planner_return_best,183.3636474609375
470000,dense_rhs/roughness_best,0.27610355615615845
470000,dense_rhs/robust_return_best,101.30705261230469
470000,timing/query_model_diag_s,0.011958815157413483
470000,timing/query_env_eval_s,7.562093788292259
470000,timing/query_finalize_s,0.003259669989347458
470000,timing/query_total_s,7.5828189961612225
470000,dense_rhs/candidate_3_fitness,0.031746529042720795
470000,dense_rhs/candidate_3_deployment_score,3.5646869900318734e-09
470000,dense_rhs/candidate_3_transition_cost,0.0
470000,dense_rhs/candidate_3_transition_adjusted_score,3.5646869900318734e-09
470000,dense_rhs/candidate_3_switch_probability,0.5
470000,dense_rhs/candidate_3_expected_net_benefit,0.0
470000,dense_rhs/candidate_3_return,101.30705261230469
470000,dense_rhs/candidate_3_return_term,0.28251370787620544
470000,dense_rhs/candidate_3_roughness_term,0.9350612163543701
470000,dense_rhs/candidate_3_return_std_term,5.960464477539063e-08
470000,dense_rhs/candidate_3_learner_proxy_term,0.5984436273574829
470000,dense_rhs/candidate_2_fitness,0.7419194579124451
470000,dense_rhs/candidate_2_deployment_score,3.029880417670938e-07
470000,dense_rhs/candidate_2_transition_cost,0.042099468410015106
470000,dense_rhs/candidate_2_transition_adjusted_score,-0.04209916666150093
470000,dense_rhs/candidate_2_switch_probability,0.3460617661476135
470000,dense_rhs/candidate_2_expected_net_benefit,-0.04209917411208153
470000,dense_rhs/candidate_2_return,208.53256225585938
470000,dense_rhs/candidate_2_return_term,1.0
470000,dense_rhs/candidate_2_roughness_term,1.0
470000,dense_rhs/candidate_2_return_std_term,0.30298805236816406
470000,dense_rhs/candidate_2_learner_proxy_term,0.0
470000,dense_rhs/candidate_4_fitness,0.03162277489900589
470000,dense_rhs/candidate_4_deployment_score,3.0340108104769165e-26
470000,dense_rhs/candidate_4_transition_cost,0.05283120274543762
470000,dense_rhs/candidate_4_transition_adjusted_score,-0.05283120274543762
470000,dense_rhs/candidate_4_switch_probability,0.3089330196380615
470000,dense_rhs/candidate_4_expected_net_benefit,-0.05283121019601822
470000,dense_rhs/candidate_4_return,59.08648681640625
470000,dense_rhs/candidate_4_return_term,0.0
470000,dense_rhs/candidate_4_roughness_term,0.923978865146637
470000,dense_rhs/candidate_4_return_std_term,0.03878748416900635
470000,dense_rhs/candidate_4_learner_proxy_term,0.846571147441864
470000,dense_rhs/deployment_utility_enabled,1.0
470000,dense_rhs/deployment_utility_observations,8.0
470000,dense_rhs/deployment_utility_last_observed_gain,-80.8499755859375
470000,dense_rhs/candidate_2_expected_eval_gain,0.0
470000,dense_rhs/candidate_2_eval_gain_uncertainty,150.0
470000,dense_rhs/candidate_2_deployment_utility_score,47.5
470000,dense_rhs/candidate_3_expected_eval_gain,47.974998474121094
470000,dense_rhs/candidate_3_eval_gain_uncertainty,34.621041515920204
470000,dense_rhs/candidate_3_deployment_utility_score,56.74790993164675
470000,dense_rhs/candidate_4_expected_eval_gain,0.0
470000,dense_rhs/candidate_4_eval_gain_uncertainty,150.0
470000,dense_rhs/candidate_4_deployment_utility_score,37.5
470000,dense_rhs/deployment_utility_override,0.0
470000,dense_rhs/deployment_utility_selected_expected_gain,47.974998474121094
470000,dense_rhs/deployment_utility_selected_uncertainty,34.621041515920204
470000,dense_rhs/deployment_utility_selected_score,56.74790993164675
470000,dense_rhs/deployment_utility_proposed_horizon,3.0
470000,dense_rhs/deployment_utility_proposed_expected_gain,47.974998474121094
470000,dense_rhs/deployment_utility_proposed_uncertainty,34.621041515920204
470000,dense_rhs/deployment_utility_proposed_score,56.74790993164675
470000,dense_rhs/previous_horizon,3.0
470000,dense_rhs/training_bucket_horizon,3.0
470000,dense_rhs/best_h,3.0
470000,dense_rhs/prob_best_h,0.021484375
470000,dense_rhs/gauss_mean_best_h,0.16357360780239105
470000,dense_rhs/gauss_post_std_best_h,0.06932342052459717
470000,system/heartbeat,1.0
471992,episode/return,984.0
471992,episode/length,500.0
471993,episode/return,927.0
471993,episode/length,500.0
471994,episode/return,713.0
471994,episode/length,500.0
471995,episode/return,935.0
471995,episode/length,500.0
471996,episode/return,721.0
471996,episode/length,500.0
471997,episode/return,17.0
471997,episode/length,500.0
471998,episode/return,887.0
471998,episode/length,500.0
471999,episode/return,373.0
471999,episode/length,500.0
475992,episode/return,914.0
475992,episode/length,500.0
475993,episode/return,938.0
475993,episode/length,500.0
475994,episode/return,897.0
475994,episode/length,500.0
475995,episode/return,971.0
475995,episode/length,500.0
475996,episode/return,1000.0
475996,episode/length,500.0
475997,episode/return,980.0
475997,episode/length,500.0
475998,episode/return,865.0
475998,episode/length,500.0
475999,episode/return,984.0
475999,episode/length,500.0
479992,episode/return,987.0
479992,episode/length,500.0
479993,episode/return,930.0
479993,episode/length,500.0
479994,episode/return,951.0
479994,episode/length,500.0
479995,episode/return,0.0
479995,episode/length,500.0
479996,episode/return,887.0
479996,episode/length,500.0
479997,episode/return,987.0
479997,episode/length,500.0
479998,episode/return,975.0
479998,episode/length,500.0
479999,episode/return,988.0
479999,episode/length,500.0
480000,train/consistency_loss_mean,0.0034981050718575716
480000,train/consistency_loss_std,0.00020809709845033845
480000,train/continue_loss_mean,0.0
480000,train/continue_loss_std,0.0
480000,train/grad_norm_mean,0.8252381555080414
480000,train/grad_norm_std,0.12556352213464217
480000,train/policy_log_std_mean,-1.0466199321746825
480000,train/policy_log_std_std,0.47389560008831855
480000,train/policy_loss_mean,-0.5325058462142944
480000,train/policy_loss_std,0.013098759575042317
480000,train/reward_loss_mean,0.2662372416257858
480000,train/reward_loss_std,0.013334217128328437
480000,train/total_loss_mean,0.1237084340929985
480000,train/total_loss_std,0.004403239463463374
480000,train/value_loss_mean,0.27122607922554015
480000,train/value_loss_std,0.010368391845302631
480000,train/value_scale_mean,133.0677828491211
480000,train/value_scale_std,1.5182490306774412
480000,timing/collect_chunk_s,110.79932817118242
480000,timing/train_chunk_s,20.580669508315623
480000,dense_rhs/training_bucket_horizon,3.0
480000,system/heartbeat,1.0
483992,episode/return,4.0
483992,episode/length,500.0
483993,episode/return,961.0
483993,episode/length,500.0
483994,episode/return,986.0
483994,episode/length,500.0
483995,episode/return,865.0
483995,episode/length,500.0
483996,episode/return,971.0
483996,episode/length,500.0
483997,episode/return,904.0
483997,episode/length,500.0
483998,episode/return,977.0
483998,episode/length,500.0
483999,episode/return,946.0
483999,episode/length,500.0
487992,episode/return,987.0
487992,episode/length,500.0
487993,episode/return,968.0
487993,episode/length,500.0
487994,episode/return,876.0
487994,episode/length,500.0
487995,episode/return,925.0
487995,episode/length,500.0
487996,episode/return,879.0
487996,episode/length,500.0
487997,episode/return,900.0
487997,episode/length,500.0
487998,episode/return,888.0
487998,episode/length,500.0
487999,episode/return,977.0
487999,episode/length,500.0
490000,train/consistency_loss_mean,0.003492805262096226
490000,train/consistency_loss_std,0.00020979831982257687
490000,train/continue_loss_mean,0.0
490000,train/continue_loss_std,0.0
490000,train/grad_norm_mean,0.8117418481349945
490000,train/grad_norm_std,0.11729653269526238
490000,train/policy_log_std_mean,-1.0529258533477783
490000,train/policy_log_std_std,0.4687326767648769
490000,train/policy_loss_mean,-0.5533286163330078
490000,train/policy_loss_std,0.010524316987866074
490000,train/reward_loss_mean,0.26838543598651887
490000,train/reward_loss_std,0.013309251856668378
490000,train/total_loss_mean,0.12374468688368798
490000,train/total_loss_std,0.004408768902050058
490000,train/value_loss_mean,0.27050036754608153
490000,train/value_loss_std,0.010113351312098593
490000,train/value_scale_mean,129.1362726196289
490000,train/value_scale_std,0.5592211404115449
490000,timing/collect_chunk_s,101.55116903968155
490000,timing/train_chunk_s,20.63792114611715
490000,dense_rhs/training_bucket_horizon,3.0
490000,system/heartbeat,1.0
491992,episode/return,937.0
491992,episode/length,500.0
491993,episode/return,793.0
491993,episode/length,500.0
491994,episode/return,0.0
491994,episode/length,500.0
491995,episode/return,929.0
491995,episode/length,500.0
491996,episode/return,443.0
491996,episode/length,500.0
491997,episode/return,960.0
491997,episode/length,500.0
491998,episode/return,952.0
491998,episode/length,500.0
491999,episode/return,937.0
491999,episode/length,500.0
495992,episode/return,7.0
495992,episode/length,500.0
495993,episode/return,955.0
495993,episode/length,500.0
495994,episode/return,985.0
495994,episode/length,500.0
495995,episode/return,979.0
495995,episode/length,500.0
495996,episode/return,939.0
495996,episode/length,500.0
495997,episode/return,978.0
495997,episode/length,500.0
495998,episode/return,983.0
495998,episode/length,500.0
495999,episode/return,984.0
495999,episode/length,500.0
499992,episode/return,981.0
499992,episode/length,500.0
499993,episode/return,981.0
499993,episode/length,500.0
499994,episode/return,4.0
499994,episode/length,500.0
499995,episode/return,992.0
499995,episode/length,500.0
499996,episode/return,979.0
499996,episode/length,500.0
499997,episode/return,958.0
499997,episode/length,500.0
499998,episode/return,945.0
499998,episode/length,500.0
499999,episode/return,741.0
499999,episode/length,500.0
500000,train/consistency_loss_mean,0.003475104477070272
500000,train/consistency_loss_std,0.00021237924751050318
500000,train/continue_loss_mean,0.0
500000,train/continue_loss_std,0.0
500000,train/grad_norm_mean,0.8084625980854034
500000,train/grad_norm_std,0.12443840082818174
500000,train/policy_log_std_mean,-1.0663437841415406
500000,train/policy_log_std_std,0.4747138588551833
500000,train/policy_loss_mean,-0.5544337394714356
500000,train/policy_loss_std,0.0109638611452584
500000,train/reward_loss_mean,0.2696507870435715
500000,train/reward_loss_std,0.013355529123896908
500000,train/total_loss_mean,0.12416687238812446
500000,train/total_loss_std,0.004418745559371925
500000,train/value_loss_mean,0.27699703788757324
500000,train/value_loss_std,0.009798344153027414
500000,train/value_scale_mean,129.29959204101561
500000,train/value_scale_std,0.7167349331729317
500000,timing/collect_chunk_s,101.64808063814417
500000,timing/train_chunk_s,20.609626887366176
500000,dense_rhs/training_bucket_horizon,3.0
500000,system/heartbeat,1.0
500000,timing/checkpoint_blocking_s,0.4742609332315624
500000,eval/return_mean,448.70001220703125
500000,eval/return_std,459.23260498046875
500000,eval/return_max,979.0
500000,eval/return_min,0.0
500000,dense_rhs/deployment_utility_last_observed_gain,-212.29998779296875
500000,dense_rhs/deployment_utility_observations,9.0
500000,timing/eval_s,11.151869063731283
500000,eval/selected_horizon,3.0
500000,eval/training_bucket_horizon,3.0
500000,system/heartbeat,1.0
