step,tag,value
3992,episode/return,6.428488319443204e-08
3992,episode/length,500.0
3993,episode/return,0.4222283661365509
3993,episode/length,500.0
3994,episode/return,0.16551992297172546
3994,episode/length,500.0
3995,episode/return,4.970618405764071e-08
3995,episode/length,500.0
3996,episode/return,0.33394429087638855
3996,episode/length,500.0
3997,episode/return,3.3803430596890394e-06
3997,episode/length,500.0
3998,episode/return,0.20281682908535004
3998,episode/length,500.0
3999,episode/return,1.7764939912012778e-05
3999,episode/length,500.0
4000,seed_pretrain/updates_completed,512.0
4000,timing/collect_chunk_s,47.87804734474048
4000,timing/train_chunk_s,248.36927271727473
4000,system/heartbeat,1.0
4000,seed_pretrain/updates_completed,1024.0
4000,timing/collect_chunk_s,47.87804734474048
4000,timing/train_chunk_s,249.48252128669992
4000,system/heartbeat,1.0
4000,seed_pretrain/updates_completed,1536.0
4000,timing/collect_chunk_s,47.87804734474048
4000,timing/train_chunk_s,250.59677714388818
4000,system/heartbeat,1.0
4000,seed_pretrain/updates_completed,2048.0
4000,timing/collect_chunk_s,47.87804734474048
4000,timing/train_chunk_s,251.7096175989136
4000,system/heartbeat,1.0
4000,seed_pretrain/updates_completed,2560.0
4000,timing/collect_chunk_s,47.87804734474048
4000,timing/train_chunk_s,252.82143042935058
4000,system/heartbeat,1.0
4000,seed_pretrain/updates_completed,3072.0
4000,timing/collect_chunk_s,47.87804734474048
4000,timing/train_chunk_s,253.93204013630748
4000,system/heartbeat,1.0
4000,seed_pretrain/updates_completed,3584.0
4000,timing/collect_chunk_s,47.87804734474048
4000,timing/train_chunk_s,255.04201307427138
4000,system/heartbeat,1.0
7992,episode/return,0.09443315863609314
7992,episode/length,500.0
7993,episode/return,5.402978420257568
7993,episode/length,500.0
7994,episode/return,45.246402740478516
7994,episode/length,500.0
7995,episode/return,77.01226043701172
7995,episode/length,500.0
7996,episode/return,48.70502471923828
7996,episode/length,500.0
7997,episode/return,112.36457824707031
7997,episode/length,500.0
7998,episode/return,0.18603049218654633
7998,episode/length,500.0
7999,episode/return,71.36551666259766
7999,episode/length,500.0
10000,train/consistency_loss_mean,7.160836338007357e-05
10000,train/consistency_loss_std,0.0002964045608619066
10000,train/continue_loss_mean,0.0
10000,train/continue_loss_std,0.0
10000,train/grad_norm_mean,0.22674603440761565
10000,train/grad_norm_std,0.22784908618922203
10000,train/policy_log_std_mean,-0.3430842565536499
10000,train/policy_log_std_std,0.5023991391685045
10000,train/policy_loss_mean,-0.05623866957873106
10000,train/policy_loss_std,0.062144163515770075
10000,train/reward_loss_mean,0.02111966795027256
10000,train/reward_loss_std,0.08680841495340118
10000,train/total_loss_mean,0.01633759219944477
10000,train/total_loss_std,0.02379448003382012
10000,train/value_loss_mean,0.12793457671403885
10000,train/value_loss_std,0.10645093947620607
10000,train/value_scale_mean,3.276286664199829
10000,train/value_scale_std,3.315354735497795
10000,timing/collect_chunk_s,227.04327015578747
10000,timing/train_chunk_s,315.7934234868735
10000,dense_rhs/training_bucket_horizon,3.0
10000,system/heartbeat,1.0
11992,episode/return,2.5473949909210205
11992,episode/length,500.0
11993,episode/return,70.89354705810547
11993,episode/length,500.0
11994,episode/return,102.50765228271484
11994,episode/length,500.0
11995,episode/return,2.8057797862857115e-08
11995,episode/length,500.0
11996,episode/return,0.010721920989453793
11996,episode/length,500.0
11997,episode/return,108.01580810546875
11997,episode/length,500.0
11998,episode/return,3.486551065634558e-07
11998,episode/length,500.0
11999,episode/return,29.713882446289062
11999,episode/length,500.0
15992,episode/return,25.101411819458008
15992,episode/length,500.0
15993,episode/return,6.076505661010742
15993,episode/length,500.0
15994,episode/return,77.28026580810547
15994,episode/length,500.0
15995,episode/return,80.46477508544922
15995,episode/length,500.0
15996,episode/return,71.594482421875
15996,episode/length,500.0
15997,episode/return,8.091056823730469
15997,episode/length,500.0
15998,episode/return,2.6117169857025146
15998,episode/length,500.0
15999,episode/return,102.53221130371094
15999,episode/length,500.0
19992,episode/return,13.27608871459961
19992,episode/length,500.0
19993,episode/return,78.32820129394531
19993,episode/length,500.0
19994,episode/return,92.18594360351562
19994,episode/length,500.0
19995,episode/return,61.13099670410156
19995,episode/length,500.0
19996,episode/return,29.286130905151367
19996,episode/length,500.0
19997,episode/return,115.63300323486328
19997,episode/length,500.0
19998,episode/return,313.3229064941406
19998,episode/length,500.0
19999,episode/return,163.9202880859375
19999,episode/length,500.0
20000,train/consistency_loss_mean,6.129542752169073e-05
20000,train/consistency_loss_std,1.2919380723137739e-05
20000,train/continue_loss_mean,0.0
20000,train/continue_loss_std,0.0
20000,train/grad_norm_mean,0.7831752408981323
20000,train/grad_norm_std,0.3330888677014151
20000,train/policy_log_std_mean,-0.53856158452034
20000,train/policy_log_std_std,0.46431206061410335
20000,train/policy_loss_mean,-0.09711966319084167
20000,train/policy_loss_std,0.014884001080285522
20000,train/reward_loss_mean,0.04505193507373333
20000,train/reward_loss_std,0.009828150816255928
20000,train/total_loss_mean,0.03118978283405304
20000,train/total_loss_std,0.0033394738666178824
20000,train/value_loss_mean,0.2545868001461029
20000,train/value_loss_std,0.026549400003844002
20000,train/value_scale_mean,16.485729190063477
20000,train/value_scale_std,3.960667867500963
20000,timing/collect_chunk_s,58.093015955761075
20000,timing/train_chunk_s,21.151483091991395
20000,dense_rhs/training_bucket_horizon,3.0
20000,system/heartbeat,1.0
23992,episode/return,201.61915588378906
23992,episode/length,500.0
23993,episode/return,118.42017364501953
23993,episode/length,500.0
23994,episode/return,156.10870361328125
23994,episode/length,500.0
23995,episode/return,85.55815124511719
23995,episode/length,500.0
23996,episode/return,84.85311889648438
23996,episode/length,500.0
23997,episode/return,21.408449172973633
23997,episode/length,500.0
23998,episode/return,69.75108337402344
23998,episode/length,500.0
23999,episode/return,89.6822280883789
23999,episode/length,500.0
27992,episode/return,153.2080078125
27992,episode/length,500.0
27993,episode/return,185.94126892089844
27993,episode/length,500.0
27994,episode/return,116.53080749511719
27994,episode/length,500.0
27995,episode/return,168.94737243652344
27995,episode/length,500.0
27996,episode/return,0.4752931296825409
27996,episode/length,500.0
27997,episode/return,162.3930206298828
27997,episode/length,500.0
27998,episode/return,121.85256958007812
27998,episode/length,500.0
27999,episode/return,65.32632446289062
27999,episode/length,500.0
30000,train/consistency_loss_mean,5.35613489249954e-05
30000,train/consistency_loss_std,1.5540672101089383e-05
30000,train/continue_loss_mean,0.0
30000,train/continue_loss_std,0.0
30000,train/grad_norm_mean,1.0086930115222932
30000,train/grad_norm_std,0.4487388228112866
30000,train/policy_log_std_mean,-0.6081823812246323
30000,train/policy_log_std_std,0.40180337987695086
30000,train/policy_loss_mean,-0.11697468408346176
30000,train/policy_loss_std,0.013133791712747058
30000,train/reward_loss_mean,0.06644224762320519
30000,train/reward_loss_std,0.00913197998393517
30000,train/total_loss_mean,0.036404198086261746
30000,train/total_loss_std,0.003061439924176605
30000,train/value_loss_mean,0.2868874572992325
30000,train/value_loss_std,0.02482338596743658
30000,train/value_scale_mean,31.392926821899415
30000,train/value_scale_std,4.405159367260405
30000,timing/collect_chunk_s,57.60463793994859
30000,timing/train_chunk_s,21.146217801608145
30000,dense_rhs/training_bucket_horizon,3.0
30000,system/heartbeat,1.0
31992,episode/return,265.9813232421875
31992,episode/length,500.0
31993,episode/return,177.64627075195312
31993,episode/length,500.0
31994,episode/return,0.07401172816753387
31994,episode/length,500.0
31995,episode/return,118.15371704101562
31995,episode/length,500.0
31996,episode/return,251.96087646484375
31996,episode/length,500.0
31997,episode/return,28.30765724182129
31997,episode/length,500.0
31998,episode/return,0.08149807155132294
31998,episode/length,500.0
31999,episode/return,15.97349739074707
31999,episode/length,500.0
35992,episode/return,175.88185119628906
35992,episode/length,500.0
35993,episode/return,71.08751678466797
35993,episode/length,500.0
35994,episode/return,330.47406005859375
35994,episode/length,500.0
35995,episode/return,207.65699768066406
35995,episode/length,500.0
35996,episode/return,294.6663513183594
35996,episode/length,500.0
35997,episode/return,137.1117706298828
35997,episode/length,500.0
35998,episode/return,372.2288513183594
35998,episode/length,500.0
35999,episode/return,204.07298278808594
35999,episode/length,500.0
39992,episode/return,244.43377685546875
39992,episode/length,500.0
39993,episode/return,146.95599365234375
39993,episode/length,500.0
39994,episode/return,44.857845306396484
39994,episode/length,500.0
39995,episode/return,371.8861083984375
39995,episode/length,500.0
39996,episode/return,249.50894165039062
39996,episode/length,500.0
39997,episode/return,254.7999267578125
39997,episode/length,500.0
39998,episode/return,8.751529693603516
39998,episode/length,500.0
39999,episode/return,1.4379767179489136
39999,episode/length,500.0
40000,train/consistency_loss_mean,5.3451147212763315e-05
40000,train/consistency_loss_std,1.2094863939894347e-05
40000,train/continue_loss_mean,0.0
40000,train/continue_loss_std,0.0
40000,train/grad_norm_mean,1.2203487550735475
40000,train/grad_norm_std,0.5191857643760568
40000,train/policy_log_std_mean,-0.6383223441123962
40000,train/policy_log_std_std,0.41168257155090954
40000,train/policy_loss_mean,-0.12362058274149895
40000,train/policy_loss_std,0.010730629194009396
40000,train/reward_loss_mean,0.0792090870976448
40000,train/reward_loss_std,0.009552315999528783
40000,train/total_loss_mean,0.040267912432551387
40000,train/total_loss_std,0.0027776821885803133
40000,train/value_loss_mean,0.31277979774475095
40000,train/value_loss_std,0.023090813298833248
40000,train/value_scale_mean,46.99040333557129
40000,train/value_scale_std,5.753946694526793
40000,timing/collect_chunk_s,58.39232748514041
40000,timing/train_chunk_s,21.197877182159573
40000,dense_rhs/training_bucket_horizon,3.0
40000,system/heartbeat,1.0
43992,episode/return,287.59417724609375
43992,episode/length,500.0
43993,episode/return,105.1595687866211
43993,episode/length,500.0
43994,episode/return,247.3594207763672
43994,episode/length,500.0
43995,episode/return,417.3271179199219
43995,episode/length,500.0
43996,episode/return,34.703365325927734
43996,episode/length,500.0
43997,episode/return,333.44207763671875
43997,episode/length,500.0
43998,episode/return,92.9942855834961
43998,episode/length,500.0
43999,episode/return,386.59527587890625
43999,episode/length,500.0
47992,episode/return,388.87823486328125
47992,episode/length,500.0
47993,episode/return,222.77804565429688
47993,episode/length,500.0
47994,episode/return,418.98272705078125
47994,episode/length,500.0
47995,episode/return,136.9102020263672
47995,episode/length,500.0
47996,episode/return,69.77723693847656
47996,episode/length,500.0
47997,episode/return,201.28736877441406
47997,episode/length,500.0
47998,episode/return,220.50477600097656
47998,episode/length,500.0
47999,episode/return,203.73410034179688
47999,episode/length,500.0
50000,train/consistency_loss_mean,5.146732424327638e-05
50000,train/consistency_loss_std,1.3570320471264164e-05
50000,train/continue_loss_mean,0.0
50000,train/continue_loss_std,0.0
50000,train/grad_norm_mean,1.2749307114601136
50000,train/grad_norm_std,0.5448460818993316
50000,train/policy_log_std_mean,-0.6944397822380066
50000,train/policy_log_std_std,0.4432488875590572
50000,train/policy_loss_mean,-0.13420745095014572
50000,train/policy_loss_std,0.010892644914528725
50000,train/reward_loss_mean,0.091400408744812
50000,train/reward_loss_std,0.009595794626229424
50000,train/total_loss_mean,0.04198385655283928
50000,train/total_loss_std,0.0029463498208832715
50000,train/value_loss_mean,0.31814468014240266
50000,train/value_loss_std,0.02583975765193742
50000,train/value_scale_mean,70.8650269958496
50000,train/value_scale_std,8.36391507847892
50000,timing/collect_chunk_s,56.29478765791282
50000,timing/train_chunk_s,21.102836190722883
50000,dense_rhs/training_bucket_horizon,3.0
50000,system/heartbeat,1.0
50000,timing/checkpoint_blocking_s,0.3742115921340883
50000,eval/return_mean,350.78228759765625
50000,eval/return_std,153.2228546142578
50000,eval/return_max,584.1150512695312
50000,eval/return_min,0.5687157511711121
50000,timing/eval_s,93.07153141498566
50000,eval/selected_horizon,3.0
50000,eval/training_bucket_horizon,3.0
50000,system/heartbeat,1.0
51992,episode/return,84.47563934326172
51992,episode/length,500.0
51993,episode/return,134.45892333984375
51993,episode/length,500.0
51994,episode/return,307.61212158203125
51994,episode/length,500.0
51995,episode/return,307.7442626953125
51995,episode/length,500.0
51996,episode/return,147.8160400390625
51996,episode/length,500.0
51997,episode/return,364.7267761230469
51997,episode/length,500.0
51998,episode/return,134.63490295410156
51998,episode/length,500.0
51999,episode/return,198.69696044921875
51999,episode/length,500.0
55992,episode/return,539.4808959960938
55992,episode/length,500.0
55993,episode/return,408.260009765625
55993,episode/length,500.0
55994,episode/return,362.17108154296875
55994,episode/length,500.0
55995,episode/return,310.3359375
55995,episode/length,500.0
55996,episode/return,318.1402282714844
55996,episode/length,500.0
55997,episode/return,447.00439453125
55997,episode/length,500.0
55998,episode/return,468.8483581542969
55998,episode/length,500.0
55999,episode/return,132.3697509765625
55999,episode/length,500.0
59992,episode/return,448.3252868652344
59992,episode/length,500.0
59993,episode/return,268.5355224609375
59993,episode/length,500.0
59994,episode/return,334.18756103515625
59994,episode/length,500.0
59995,episode/return,242.9757537841797
59995,episode/length,500.0
59996,episode/return,273.3377380371094
59996,episode/length,500.0
59997,episode/return,424.72186279296875
59997,episode/length,500.0
59998,episode/return,34.65626907348633
59998,episode/length,500.0
59999,episode/return,330.6363830566406
59999,episode/length,500.0
60000,train/consistency_loss_mean,4.6017402174766177e-05
60000,train/consistency_loss_std,1.3951483159944717e-05
60000,train/continue_loss_mean,0.0
60000,train/continue_loss_std,0.0
60000,train/grad_norm_mean,1.2084471444129943
60000,train/grad_norm_std,0.5490496117624788
60000,train/policy_log_std_mean,-0.7713879333972931
60000,train/policy_log_std_std,0.47344989903401336
60000,train/policy_loss_mean,-0.1526041266322136
60000,train/policy_loss_std,0.011719955180081685
60000,train/reward_loss_mean,0.10238461488485337
60000,train/reward_loss_std,0.010117846840139678
60000,train/total_loss_mean,0.04173483641445637
60000,train/total_loss_std,0.0030605716396820692
60000,train/value_loss_mean,0.3057602569580078
60000,train/value_loss_std,0.026137276117621688
60000,train/value_scale_mean,92.34426546020508
60000,train/value_scale_std,6.042269135240185
60000,timing/collect_chunk_s,57.52973193023354
60000,timing/train_chunk_s,20.62772369943559
60000,dense_rhs/training_bucket_horizon,3.0
60000,system/heartbeat,1.0
63992,episode/return,422.43035888671875
63992,episode/length,500.0
63993,episode/return,401.1197509765625
63993,episode/length,500.0
63994,episode/return,586.0713500976562
63994,episode/length,500.0
63995,episode/return,253.3975830078125
63995,episode/length,500.0
63996,episode/return,357.8735656738281
63996,episode/length,500.0
63997,episode/return,340.0354309082031
63997,episode/length,500.0
63998,episode/return,272.2076110839844
63998,episode/length,500.0
63999,episode/return,186.6495361328125
63999,episode/length,500.0
67992,episode/return,396.04974365234375
67992,episode/length,500.0
67993,episode/return,438.8904724121094
67993,episode/length,500.0
67994,episode/return,310.4792785644531
67994,episode/length,500.0
67995,episode/return,361.0323181152344
67995,episode/length,500.0
67996,episode/return,213.04669189453125
67996,episode/length,500.0
67997,episode/return,438.413818359375
67997,episode/length,500.0
67998,episode/return,342.66143798828125
67998,episode/length,500.0
67999,episode/return,365.58636474609375
67999,episode/length,500.0
70000,train/consistency_loss_mean,4.354844820772996e-05
70000,train/consistency_loss_std,1.682868584374359e-05
70000,train/continue_loss_mean,0.0
70000,train/continue_loss_std,0.0
70000,train/grad_norm_mean,1.1112733349323272
70000,train/grad_norm_std,0.5023424090984532
70000,train/policy_log_std_mean,-0.8271912824630737
70000,train/policy_log_std_std,0.4787258262137417
70000,train/policy_loss_mean,-0.17333725490570068
70000,train/policy_loss_std,0.01128456470800194
70000,train/reward_loss_mean,0.11411080863475799
70000,train/reward_loss_std,0.010194780855765345
70000,train/total_loss_mean,0.042849602511525156
70000,train/total_loss_std,0.0033270362279884985
70000,train/value_loss_mean,0.30567551579475405
70000,train/value_loss_std,0.02862794489697823
70000,train/value_scale_mean,110.26878857421875
70000,train/value_scale_std,4.838498036503142
70000,timing/collect_chunk_s,57.148998429998755
70000,timing/train_chunk_s,20.52909740433097
70000,dense_rhs/training_bucket_horizon,3.0
70000,system/heartbeat,1.0
71992,episode/return,552.8277587890625
71992,episode/length,500.0
71993,episode/return,398.5443115234375
71993,episode/length,500.0
71994,episode/return,316.5754699707031
71994,episode/length,500.0
71995,episode/return,568.90966796875
71995,episode/length,500.0
71996,episode/return,291.3351745605469
71996,episode/length,500.0
71997,episode/return,274.7825012207031
71997,episode/length,500.0
71998,episode/return,399.7173156738281
71998,episode/length,500.0
71999,episode/return,409.38079833984375
71999,episode/length,500.0
75992,episode/return,553.3848876953125
75992,episode/length,500.0
75993,episode/return,502.8088684082031
75993,episode/length,500.0
75994,episode/return,503.4909362792969
75994,episode/length,500.0
75995,episode/return,367.18170166015625
75995,episode/length,500.0
75996,episode/return,207.21600341796875
75996,episode/length,500.0
75997,episode/return,346.911865234375
75997,episode/length,500.0
75998,episode/return,440.9737548828125
75998,episode/length,500.0
75999,episode/return,239.20199584960938
75999,episode/length,500.0
79992,episode/return,656.2852783203125
79992,episode/length,500.0
79993,episode/return,258.0020751953125
79993,episode/length,500.0
79994,episode/return,449.9516906738281
79994,episode/length,500.0
79995,episode/return,430.677490234375
79995,episode/length,500.0
79996,episode/return,300.9967956542969
79996,episode/length,500.0
79997,episode/return,295.3094482421875
79997,episode/length,500.0
79998,episode/return,491.3686828613281
79998,episode/length,500.0
79999,episode/return,440.6534423828125
79999,episode/length,500.0
80000,train/consistency_loss_mean,3.854567422240507e-05
80000,train/consistency_loss_std,1.4719307177893208e-05
80000,train/continue_loss_mean,0.0
80000,train/continue_loss_std,0.0
80000,train/grad_norm_mean,0.9785886347770691
80000,train/grad_norm_std,0.4561687588296357
80000,train/policy_log_std_mean,-0.8866334617137909
80000,train/policy_log_std_std,0.4946784450403371
80000,train/policy_loss_mean,-0.19499129172563553
80000,train/policy_loss_std,0.010897606333867204
80000,train/reward_loss_mean,0.12580241755247115
80000,train/reward_loss_std,0.010408495723771598
80000,train/total_loss_mean,0.043457504555583
80000,train/total_loss_std,0.002779392082232919
80000,train/value_loss_mean,0.3010634876489639
80000,train/value_loss_std,0.0236549836735509
80000,train/value_scale_mean,123.38157788085938
80000,train/value_scale_std,4.781417049832543
80000,timing/collect_chunk_s,57.218909041024745
80000,timing/train_chunk_s,20.55837294785306
80000,dense_rhs/training_bucket_horizon,3.0
80000,system/heartbeat,1.0
83992,episode/return,496.3425598144531
83992,episode/length,500.0
83993,episode/return,540.6488037109375
83993,episode/length,500.0
83994,episode/return,397.4715881347656
83994,episode/length,500.0
83995,episode/return,390.42724609375
83995,episode/length,500.0
83996,episode/return,518.5321044921875
83996,episode/length,500.0
83997,episode/return,417.2793884277344
83997,episode/length,500.0
83998,episode/return,536.5737915039062
83998,episode/length,500.0
83999,episode/return,94.23359680175781
83999,episode/length,500.0
87992,episode/return,304.361083984375
87992,episode/length,500.0
87993,episode/return,501.25146484375
87993,episode/length,500.0
87994,episode/return,524.471923828125
87994,episode/length,500.0
87995,episode/return,297.9978332519531
87995,episode/length,500.0
87996,episode/return,516.2789306640625
87996,episode/length,500.0
87997,episode/return,428.92919921875
87997,episode/length,500.0
87998,episode/return,516.2154541015625
87998,episode/length,500.0
87999,episode/return,297.73675537109375
87999,episode/length,500.0
90000,train/consistency_loss_mean,3.501704791124212e-05
90000,train/consistency_loss_std,9.05315093708933e-06
90000,train/continue_loss_mean,0.0
90000,train/continue_loss_std,0.0
90000,train/grad_norm_mean,0.9155582314491272
90000,train/grad_norm_std,0.3965734593232437
90000,train/policy_log_std_mean,-0.8973614765167236
90000,train/policy_log_std_std,0.47165688101680764
90000,train/policy_loss_mean,-0.20807747696638107
90000,train/policy_loss_std,0.010654331792354916
90000,train/reward_loss_mean,0.13516779254674913
90000,train/reward_loss_std,0.01040281308778096
90000,train/total_loss_mean,0.04359605885148048
90000,train/total_loss_std,0.002088576502613536
90000,train/value_loss_mean,0.2937893789768219
90000,train/value_loss_std,0.018076295187205202
90000,train/value_scale_mean,137.6126517211914
90000,train/value_scale_std,2.925414288964127
90000,timing/collect_chunk_s,58.387026662006974
90000,timing/train_chunk_s,20.583910135086626
90000,dense_rhs/training_bucket_horizon,3.0
90000,system/heartbeat,1.0
91992,episode/return,616.658447265625
91992,episode/length,500.0
91993,episode/return,259.0339050292969
91993,episode/length,500.0
91994,episode/return,527.1077880859375
91994,episode/length,500.0
91995,episode/return,486.8865051269531
91995,episode/length,500.0
91996,episode/return,504.6220397949219
91996,episode/length,500.0
91997,episode/return,282.8475036621094
91997,episode/length,500.0
91998,episode/return,409.9012451171875
91998,episode/length,500.0
91999,episode/return,48.85626983642578
91999,episode/length,500.0
95992,episode/return,479.4202575683594
95992,episode/length,500.0
95993,episode/return,276.06689453125
95993,episode/length,500.0
95994,episode/return,256.7220153808594
95994,episode/length,500.0
95995,episode/return,447.59161376953125
95995,episode/length,500.0
95996,episode/return,382.0389404296875
95996,episode/length,500.0
95997,episode/return,269.2745361328125
95997,episode/length,500.0
95998,episode/return,262.5281066894531
95998,episode/length,500.0
95999,episode/return,462.04254150390625
95999,episode/length,500.0
99992,episode/return,418.8543701171875
99992,episode/length,500.0
99993,episode/return,263.5672607421875
99993,episode/length,500.0
99994,episode/return,529.6951293945312
99994,episode/length,500.0
99995,episode/return,405.5317077636719
99995,episode/length,500.0
99996,episode/return,239.7810516357422
99996,episode/length,500.0
99997,episode/return,533.8060302734375
99997,episode/length,500.0
99998,episode/return,348.54754638671875
99998,episode/length,500.0
99999,episode/return,111.48367309570312
99999,episode/length,500.0
100000,train/consistency_loss_mean,3.120264445315115e-05
100000,train/consistency_loss_std,7.474520253534609e-06
100000,train/continue_loss_mean,0.0
100000,train/continue_loss_std,0.0
100000,train/grad_norm_mean,0.8283983106136322
100000,train/grad_norm_std,0.3617604828349845
100000,train/policy_log_std_mean,-0.9141511943817139
100000,train/policy_log_std_std,0.4615066190323715
100000,train/policy_loss_mean,-0.2249553455710411
100000,train/policy_loss_std,0.010542417349793554
100000,train/reward_loss_mean,0.14132543510198592
100000,train/reward_loss_std,0.010372336210878737
100000,train/total_loss_mean,0.04418183817863464
100000,train/total_loss_std,0.0018644449454551916
100000,train/value_loss_mean,0.2942524085521698
100000,train/value_loss_std,0.015348992401692161
100000,train/value_scale_mean,140.65824876708984
100000,train/value_scale_std,0.6920806676022551
100000,timing/collect_chunk_s,57.89122211607173
100000,timing/train_chunk_s,20.642055957578123
100000,dense_rhs/training_bucket_horizon,3.0
100000,system/heartbeat,1.0
100000,timing/checkpoint_blocking_s,0.38152272161096334
100000,eval/return_mean,465.91015625
100000,eval/return_std,124.18914031982422
100000,eval/return_max,634.323974609375
100000,eval/return_min,195.44107055664062
100000,timing/eval_s,6.840296491980553
100000,eval/selected_horizon,3.0
100000,eval/training_bucket_horizon,3.0
100000,system/heartbeat,1.0
103992,episode/return,424.60467529296875
103992,episode/length,500.0
103993,episode/return,610.6594848632812
103993,episode/length,500.0
103994,episode/return,201.30197143554688
103994,episode/length,500.0
103995,episode/return,521.7570190429688
103995,episode/length,500.0
103996,episode/return,439.0395202636719
103996,episode/length,500.0
103997,episode/return,565.25341796875
103997,episode/length,500.0
103998,episode/return,305.1217346191406
103998,episode/length,500.0
103999,episode/return,300.2841796875
103999,episode/length,500.0
107992,episode/return,294.41546630859375
107992,episode/length,500.0
107993,episode/return,390.5958557128906
107993,episode/length,500.0
107994,episode/return,264.517578125
107994,episode/length,500.0
107995,episode/return,264.662109375
107995,episode/length,500.0
107996,episode/return,489.76348876953125
107996,episode/length,500.0
107997,episode/return,292.1216125488281
107997,episode/length,500.0
107998,episode/return,314.37872314453125
107998,episode/length,500.0
107999,episode/return,552.9400024414062
107999,episode/length,500.0
110000,train/consistency_loss_mean,2.8604561064275913e-05
110000,train/consistency_loss_std,6.390275946138053e-06
110000,train/continue_loss_mean,0.0
110000,train/continue_loss_std,0.0
110000,train/grad_norm_mean,0.7772633936882019
110000,train/grad_norm_std,0.34172473343238025
110000,train/policy_log_std_mean,-0.8978727032184601
110000,train/policy_log_std_std,0.41649208368032203
110000,train/policy_loss_mean,-0.23245557450056076
110000,train/policy_loss_std,0.010519866470755429
110000,train/reward_loss_mean,0.1458394686102867
110000,train/reward_loss_std,0.010411528867243024
110000,train/total_loss_mean,0.045226233825087545
110000,train/total_loss_std,0.0018105435410609052
110000,train/value_loss_mean,0.30070194871425626
110000,train/value_loss_std,0.014533336876865728
110000,train/value_scale_mean,143.86060611572265
110000,train/value_scale_std,0.8562108848913532
110000,timing/collect_chunk_s,59.1427484950982
110000,timing/train_chunk_s,20.574764444492757
110000,dense_rhs/training_bucket_horizon,3.0
110000,system/heartbeat,1.0
111992,episode/return,589.6287841796875
111992,episode/length,500.0
111993,episode/return,255.05125427246094
111993,episode/length,500.0
111994,episode/return,754.3854370117188
111994,episode/length,500.0
111995,episode/return,394.5716552734375
111995,episode/length,500.0
111996,episode/return,766.6375122070312
111996,episode/length,500.0
111997,episode/return,525.7587890625
111997,episode/length,500.0
111998,episode/return,556.5457153320312
111998,episode/length,500.0
111999,episode/return,241.5729522705078
111999,episode/length,500.0
115992,episode/return,167.6365203857422
115992,episode/length,500.0
115993,episode/return,528.1114501953125
115993,episode/length,500.0
115994,episode/return,554.830078125
115994,episode/length,500.0
115995,episode/return,415.7906494140625
115995,episode/length,500.0
115996,episode/return,578.8086547851562
115996,episode/length,500.0
115997,episode/return,625.5189819335938
115997,episode/length,500.0
115998,episode/return,532.56982421875
115998,episode/length,500.0
115999,episode/return,415.45819091796875
115999,episode/length,500.0
119992,episode/return,421.97833251953125
119992,episode/length,500.0
119993,episode/return,578.4375610351562
119993,episode/length,500.0
119994,episode/return,194.9484405517578
119994,episode/length,500.0
119995,episode/return,551.9032592773438
119995,episode/length,500.0
119996,episode/return,304.9754638671875
119996,episode/length,500.0
119997,episode/return,560.5405883789062
119997,episode/length,500.0
119998,episode/return,467.9478759765625
119998,episode/length,500.0
119999,episode/return,462.1968688964844
119999,episode/length,500.0
120000,train/consistency_loss_mean,2.6361723721493037e-05
120000,train/consistency_loss_std,7.104571556615891e-06
120000,train/continue_loss_mean,0.0
120000,train/continue_loss_std,0.0
120000,train/grad_norm_mean,0.7493877345800399
120000,train/grad_norm_std,0.3452860215113773
120000,train/policy_log_std_mean,-0.8992782617092132
120000,train/policy_log_std_std,0.4057161437442707
120000,train/policy_loss_mean,-0.2390480860710144
120000,train/policy_loss_std,0.01011428505447143
120000,train/reward_loss_mean,0.15217070672512054
120000,train/reward_loss_std,0.010720721823432597
120000,train/total_loss_mean,0.04540768310725689
120000,train/total_loss_std,0.0017646365949451105
120000,train/value_loss_mean,0.2966337706327438
120000,train/value_loss_std,0.014389613217105995
120000,train/value_scale_mean,147.74050899658204
120000,train/value_scale_std,1.6655633974313568
120000,timing/collect_chunk_s,57.77560653164983
120000,timing/train_chunk_s,20.527811436913908
120000,dense_rhs/training_bucket_horizon,3.0
120000,system/heartbeat,1.0
123992,episode/return,462.6884765625
123992,episode/length,500.0
123993,episode/return,542.6270751953125
123993,episode/length,500.0
123994,episode/return,532.5484008789062
123994,episode/length,500.0
123995,episode/return,205.7402801513672
123995,episode/length,500.0
123996,episode/return,459.96160888671875
123996,episode/length,500.0
123997,episode/return,276.3902587890625
123997,episode/length,500.0
123998,episode/return,219.91329956054688
123998,episode/length,500.0
123999,episode/return,624.0963745117188
123999,episode/length,500.0
127992,episode/return,316.73052978515625
127992,episode/length,500.0
127993,episode/return,250.16481018066406
127993,episode/length,500.0
127994,episode/return,568.9780883789062
127994,episode/length,500.0
127995,episode/return,427.37115478515625
127995,episode/length,500.0
127996,episode/return,363.01715087890625
127996,episode/length,500.0
127997,episode/return,578.2470092773438
127997,episode/length,500.0
127998,episode/return,543.9450073242188
127998,episode/length,500.0
127999,episode/return,407.96783447265625
127999,episode/length,500.0
130000,train/consistency_loss_mean,2.5599222935852596e-05
130000,train/consistency_loss_std,8.624170469048976e-06
130000,train/continue_loss_mean,0.0
130000,train/continue_loss_std,0.0
130000,train/grad_norm_mean,0.7483159601449967
130000,train/grad_norm_std,0.3310587664218913
130000,train/policy_log_std_mean,-0.8868543737888336
130000,train/policy_log_std_std,0.3896484186356461
130000,train/policy_loss_mean,-0.23866268808841706
130000,train/policy_loss_std,0.010055444340876428
130000,train/reward_loss_mean,0.15658896094560623
130000,train/reward_loss_std,0.010772266452307569
130000,train/total_loss_mean,0.04570467586219311
130000,train/total_loss_std,0.0018770469206349787
130000,train/value_loss_mean,0.2953379472970962
130000,train/value_loss_std,0.015188954392431873
130000,train/value_scale_mean,153.8572855834961
130000,train/value_scale_std,1.1707166890515024
130000,timing/collect_chunk_s,56.58243896206841
130000,timing/train_chunk_s,20.578369294758886
130000,dense_rhs/training_bucket_horizon,3.0
130000,system/heartbeat,1.0
131992,episode/return,455.30938720703125
131992,episode/length,500.0
131993,episode/return,664.7835083007812
131993,episode/length,500.0
131994,episode/return,147.06369018554688
131994,episode/length,500.0
131995,episode/return,594.5302124023438
131995,episode/length,500.0
131996,episode/return,423.8542175292969
131996,episode/length,500.0
131997,episode/return,235.43716430664062
131997,episode/length,500.0
131998,episode/return,497.4598083496094
131998,episode/length,500.0
131999,episode/return,468.6920166015625
131999,episode/length,500.0
135992,episode/return,256.0890197753906
135992,episode/length,500.0
135993,episode/return,395.7595520019531
135993,episode/length,500.0
135994,episode/return,525.057373046875
135994,episode/length,500.0
135995,episode/return,485.57867431640625
135995,episode/length,500.0
135996,episode/return,444.6254577636719
135996,episode/length,500.0
135997,episode/return,469.8703308105469
135997,episode/length,500.0
135998,episode/return,393.3252258300781
135998,episode/length,500.0
135999,episode/return,442.25018310546875
135999,episode/length,500.0
139992,episode/return,641.851318359375
139992,episode/length,500.0
139993,episode/return,664.4390258789062
139993,episode/length,500.0
139994,episode/return,255.85574340820312
139994,episode/length,500.0
139995,episode/return,278.5571594238281
139995,episode/length,500.0
139996,episode/return,677.5086669921875
139996,episode/length,500.0
139997,episode/return,585.84619140625
139997,episode/length,500.0
139998,episode/return,697.6881713867188
139998,episode/length,500.0
139999,episode/return,628.3997192382812
139999,episode/length,500.0
140000,train/consistency_loss_mean,2.4119050323497503e-05
140000,train/consistency_loss_std,6.1994816866736635e-06
140000,train/continue_loss_mean,0.0
140000,train/continue_loss_std,0.0
140000,train/grad_norm_mean,0.73951864361763
140000,train/grad_norm_std,0.3295498106883465
140000,train/policy_log_std_mean,-0.8762943192481994
140000,train/policy_log_std_std,0.37767762904185026
140000,train/policy_loss_mean,-0.23659154261350632
140000,train/policy_loss_std,0.009984207663796542
140000,train/reward_loss_mean,0.16061755830049515
140000,train/reward_loss_std,0.010906322606471761
140000,train/total_loss_mean,0.04602158864736557
140000,train/total_loss_std,0.001717575627409094
140000,train/value_loss_mean,0.29477450761795043
140000,train/value_loss_std,0.0134960785751427
140000,train/value_scale_mean,161.58438889160155
140000,train/value_scale_std,3.8370416211807714
140000,timing/collect_chunk_s,60.53182820510119
140000,timing/train_chunk_s,20.598864570260048
140000,dense_rhs/training_bucket_horizon,3.0
140000,system/heartbeat,1.0
143992,episode/return,269.737548828125
143992,episode/length,500.0
143993,episode/return,375.5325622558594
143993,episode/length,500.0
143994,episode/return,238.96624755859375
143994,episode/length,500.0
143995,episode/return,581.6507568359375
143995,episode/length,500.0
143996,episode/return,527.5439453125
143996,episode/length,500.0
143997,episode/return,262.4859924316406
143997,episode/length,500.0
143998,episode/return,362.64306640625
143998,episode/length,500.0
143999,episode/return,473.80413818359375
143999,episode/length,500.0
147992,episode/return,772.6109619140625
147992,episode/length,500.0
147993,episode/return,642.3751831054688
147993,episode/length,500.0
147994,episode/return,530.09228515625
147994,episode/length,500.0
147995,episode/return,531.6563110351562
147995,episode/length,500.0
147996,episode/return,530.6148681640625
147996,episode/length,500.0
147997,episode/return,642.7525024414062
147997,episode/length,500.0
147998,episode/return,720.19873046875
147998,episode/length,500.0
147999,episode/return,367.5316162109375
147999,episode/length,500.0
150000,train/consistency_loss_mean,2.268182819825597e-05
150000,train/consistency_loss_std,5.646962636011644e-06
150000,train/continue_loss_mean,0.0
150000,train/continue_loss_std,0.0
150000,train/grad_norm_mean,0.7586972517490387
150000,train/grad_norm_std,0.3243615854640354
150000,train/policy_log_std_mean,-0.8718880981445313
150000,train/policy_log_std_std,0.39522090729527687
150000,train/policy_loss_mean,-0.23527417999505998
150000,train/policy_loss_std,0.009768258733986497
150000,train/reward_loss_mean,0.16505702913999556
150000,train/reward_loss_std,0.010867744127350771
150000,train/total_loss_mean,0.04672259814441204
150000,train/total_loss_std,0.0016747305669591454
150000,train/value_loss_mean,0.2976325737953186
150000,train/value_loss_std,0.012887122176121712
150000,train/value_scale_mean,171.396594921875
150000,train/value_scale_std,3.200011347510761
150000,timing/collect_chunk_s,60.552803221624345
150000,timing/train_chunk_s,20.560598383191973
150000,dense_rhs/training_bucket_horizon,3.0
150000,system/heartbeat,1.0
150000,timing/checkpoint_blocking_s,0.3968533198349178
150000,eval/return_mean,539.0330200195312
150000,eval/return_std,173.5472869873047
150000,eval/return_max,894.327392578125
150000,eval/return_min,214.39340209960938
150000,timing/eval_s,6.843017854262143
150000,eval/selected_horizon,3.0
150000,eval/training_bucket_horizon,3.0
150000,system/heartbeat,1.0
151992,episode/return,447.13897705078125
151992,episode/length,500.0
151993,episode/return,503.8424072265625
151993,episode/length,500.0
151994,episode/return,583.8516845703125
151994,episode/length,500.0
151995,episode/return,626.3834228515625
151995,episode/length,500.0
151996,episode/return,308.51629638671875
151996,episode/length,500.0
151997,episode/return,295.6606750488281
151997,episode/length,500.0
151998,episode/return,722.5810546875
151998,episode/length,500.0
151999,episode/return,634.2666015625
151999,episode/length,500.0
155992,episode/return,423.0601501464844
155992,episode/length,500.0
155993,episode/return,632.2603759765625
155993,episode/length,500.0
155994,episode/return,390.4550476074219
155994,episode/length,500.0
155995,episode/return,632.855224609375
155995,episode/length,500.0
155996,episode/return,424.8552551269531
155996,episode/length,500.0
155997,episode/return,745.8892211914062
155997,episode/length,500.0
155998,episode/return,641.2820434570312
155998,episode/length,500.0
155999,episode/return,421.03485107421875
155999,episode/length,500.0
159992,episode/return,473.1014099121094
159992,episode/length,500.0
159993,episode/return,656.9539184570312
159993,episode/length,500.0
159994,episode/return,413.01251220703125
159994,episode/length,500.0
159995,episode/return,559.4131469726562
159995,episode/length,500.0
159996,episode/return,632.397705078125
159996,episode/length,500.0
159997,episode/return,531.138916015625
159997,episode/length,500.0
159998,episode/return,415.30877685546875
159998,episode/length,500.0
159999,episode/return,393.8932189941406
159999,episode/length,500.0
160000,train/consistency_loss_mean,2.2417804607539438e-05
160000,train/consistency_loss_std,5.506520759267117e-06
160000,train/continue_loss_mean,0.0
160000,train/continue_loss_std,0.0
160000,train/grad_norm_mean,0.8340230835914612
160000,train/grad_norm_std,0.3316476966807603
160000,train/policy_log_std_mean,-0.8751415843009949
160000,train/policy_log_std_std,0.38560521778963636
160000,train/policy_loss_mean,-0.2315017053246498
160000,train/policy_loss_std,0.009784531007720107
160000,train/reward_loss_mean,0.17003414719104767
160000,train/reward_loss_std,0.010934990132372138
160000,train/total_loss_mean,0.04644058955907822
160000,train/total_loss_std,0.0016407511781614211
160000,train/value_loss_mean,0.28988817737102507
160000,train/value_loss_std,0.013166250176489423
160000,train/value_scale_mean,186.30083184814453
160000,train/value_scale_std,5.823402372271757
160000,timing/collect_chunk_s,55.547503414563835
160000,timing/train_chunk_s,20.593901693355292
160000,dense_rhs/training_bucket_horizon,3.0
160000,system/heartbeat,1.0
163992,episode/return,525.9934692382812
163992,episode/length,500.0
163993,episode/return,494.96728515625
163993,episode/length,500.0
163994,episode/return,452.069580078125
163994,episode/length,500.0
163995,episode/return,540.329345703125
163995,episode/length,500.0
163996,episode/return,754.8236694335938
163996,episode/length,500.0
163997,episode/return,380.4269104003906
163997,episode/length,500.0
163998,episode/return,616.47265625
163998,episode/length,500.0
163999,episode/return,561.626953125
163999,episode/length,500.0
167992,episode/return,748.7125244140625
167992,episode/length,500.0
167993,episode/return,367.0822448730469
167993,episode/length,500.0
167994,episode/return,737.2063598632812
167994,episode/length,500.0
167995,episode/return,410.4059143066406
167995,episode/length,500.0
167996,episode/return,773.0100708007812
167996,episode/length,500.0
167997,episode/return,243.27279663085938
167997,episode/length,500.0
167998,episode/return,738.2163696289062
167998,episode/length,500.0
167999,episode/return,626.5291748046875
167999,episode/length,500.0
170000,train/consistency_loss_mean,2.270107407530304e-05
170000,train/consistency_loss_std,5.080797605961455e-06
170000,train/continue_loss_mean,0.0
170000,train/continue_loss_std,0.0
170000,train/grad_norm_mean,0.8506430976867676
170000,train/grad_norm_std,0.33117715545722853
170000,train/policy_log_std_mean,-0.8549659573078155
170000,train/policy_log_std_std,0.3777932143588222
170000,train/policy_loss_mean,-0.22583390803337097
170000,train/policy_loss_std,0.0091372639932065
170000,train/reward_loss_mean,0.17464273567199706
170000,train/reward_loss_std,0.010942375113130596
170000,train/total_loss_mean,0.04682830341756344
170000,train/total_loss_std,0.0016297380881169457
170000,train/value_loss_mean,0.2891000735759735
170000,train/value_loss_std,0.012769790914863076
170000,train/value_scale_mean,203.85774846191407
170000,train/value_scale_std,4.097104714181209
170000,timing/collect_chunk_s,60.424088050145656
170000,timing/train_chunk_s,20.61184020433575
170000,dense_rhs/training_bucket_horizon,3.0
170000,system/heartbeat,1.0
171992,episode/return,762.4805908203125
171992,episode/length,500.0
171993,episode/return,241.68389892578125
171993,episode/length,500.0
171994,episode/return,326.12554931640625
171994,episode/length,500.0
171995,episode/return,659.8192138671875
171995,episode/length,500.0
171996,episode/return,627.7638549804688
171996,episode/length,500.0
171997,episode/return,676.3698120117188
171997,episode/length,500.0
171998,episode/return,625.1403198242188
171998,episode/length,500.0
171999,episode/return,522.2923583984375
171999,episode/length,500.0
175992,episode/return,292.7341003417969
175992,episode/length,500.0
175993,episode/return,546.554443359375
175993,episode/length,500.0
175994,episode/return,533.9462890625
175994,episode/length,500.0
175995,episode/return,317.827392578125
175995,episode/length,500.0
175996,episode/return,518.6007690429688
175996,episode/length,500.0
175997,episode/return,498.2033386230469
175997,episode/length,500.0
175998,episode/return,323.53643798828125
175998,episode/length,500.0
175999,episode/return,351.195068359375
175999,episode/length,500.0
179992,episode/return,381.7618408203125
179992,episode/length,500.0
179993,episode/return,280.0045166015625
179993,episode/length,500.0
179994,episode/return,486.66632080078125
179994,episode/length,500.0
179995,episode/return,633.6660766601562
179995,episode/length,500.0
179996,episode/return,355.64910888671875
179996,episode/length,500.0
179997,episode/return,178.53041076660156
179997,episode/length,500.0
179998,episode/return,535.7356567382812
179998,episode/length,500.0
179999,episode/return,297.59185791015625
179999,episode/length,500.0
180000,train/consistency_loss_mean,2.2908278160321062e-05
180000,train/consistency_loss_std,6.306602138060534e-06
180000,train/continue_loss_mean,0.0
180000,train/continue_loss_std,0.0
180000,train/grad_norm_mean,0.8381595188140869
180000,train/grad_norm_std,0.3507081223637328
180000,train/policy_log_std_mean,-0.8387142502784729
180000,train/policy_log_std_std,0.3541202899716922
180000,train/policy_loss_mean,-0.22631168053150177
180000,train/policy_loss_std,0.009132919429298841
180000,train/reward_loss_mean,0.1783621369123459
180000,train/reward_loss_std,0.011129161701793861
180000,train/total_loss_mean,0.04751530050933361
180000,train/total_loss_std,0.0017561457295028188
180000,train/value_loss_mean,0.29220920870304107
180000,train/value_loss_std,0.014041648112264547
180000,train/value_scale_mean,210.72962258300782
180000,train/value_scale_std,1.2852992445624656
180000,timing/collect_chunk_s,57.399489847477525
180000,timing/train_chunk_s,20.57805330399424
180000,dense_rhs/training_bucket_horizon,3.0
180000,system/heartbeat,1.0
183992,episode/return,650.2781982421875
183992,episode/length,500.0
183993,episode/return,441.2403259277344
183993,episode/length,500.0
183994,episode/return,379.3424987792969
183994,episode/length,500.0
183995,episode/return,549.15283203125
183995,episode/length,500.0
183996,episode/return,564.521484375
183996,episode/length,500.0
183997,episode/return,759.41259765625
183997,episode/length,500.0
183998,episode/return,556.9547729492188
183998,episode/length,500.0
183999,episode/return,410.63348388671875
183999,episode/length,500.0
187992,episode/return,775.3307495117188
187992,episode/length,500.0
187993,episode/return,648.7544555664062
187993,episode/length,500.0
187994,episode/return,448.59906005859375
187994,episode/length,500.0
187995,episode/return,726.4602661132812
187995,episode/length,500.0
187996,episode/return,727.16845703125
187996,episode/length,500.0
187997,episode/return,641.8446044921875
187997,episode/length,500.0
187998,episode/return,544.3980712890625
187998,episode/length,500.0
187999,episode/return,636.5054931640625
187999,episode/length,500.0
190000,train/consistency_loss_mean,2.1838707839197012e-05
190000,train/consistency_loss_std,5.065249795225679e-06
190000,train/continue_loss_mean,0.0
190000,train/continue_loss_std,0.0
190000,train/grad_norm_mean,0.8416587454319
190000,train/grad_norm_std,0.33633866466042733
190000,train/policy_log_std_mean,-0.8547134342193603
190000,train/policy_log_std_std,0.3677088078120548
190000,train/policy_loss_mean,-0.23240147774219513
190000,train/policy_loss_std,0.00964786659955809
190000,train/reward_loss_mean,0.18090375850200652
190000,train/reward_loss_std,0.011112129913598164
190000,train/total_loss_mean,0.04798162023127079
190000,train/total_loss_std,0.001621312308038907
190000,train/value_loss_mean,0.2945446935176849
190000,train/value_loss_std,0.012357957086199824
190000,train/value_scale_mean,211.27875286865233
190000,train/value_scale_std,0.9909931972178959
190000,timing/collect_chunk_s,60.88629824062809
190000,timing/train_chunk_s,20.62618518806994
190000,dense_rhs/training_bucket_horizon,3.0
190000,system/heartbeat,1.0
191992,episode/return,531.6295166015625
191992,episode/length,500.0
191993,episode/return,611.9852905273438
191993,episode/length,500.0
191994,episode/return,407.54364013671875
191994,episode/length,500.0
191995,episode/return,522.082763671875
191995,episode/length,500.0
191996,episode/return,658.044189453125
191996,episode/length,500.0
191997,episode/return,388.6126708984375
191997,episode/length,500.0
191998,episode/return,482.0252685546875
191998,episode/length,500.0
191999,episode/return,370.9091491699219
191999,episode/length,500.0
195992,episode/return,388.91796875
195992,episode/length,500.0
195993,episode/return,638.737060546875
195993,episode/length,500.0
195994,episode/return,634.6517333984375
195994,episode/length,500.0
195995,episode/return,627.7564086914062
195995,episode/length,500.0
195996,episode/return,630.9013061523438
195996,episode/length,500.0
195997,episode/return,632.2203369140625
195997,episode/length,500.0
195998,episode/return,509.2035217285156
195998,episode/length,500.0
195999,episode/return,640.8320922851562
195999,episode/length,500.0
199992,episode/return,579.471923828125
199992,episode/length,500.0
199993,episode/return,430.7685546875
199993,episode/length,500.0
199994,episode/return,546.3099975585938
199994,episode/length,500.0
199995,episode/return,537.7896728515625
199995,episode/length,500.0
199996,episode/return,279.76690673828125
199996,episode/length,500.0
199997,episode/return,577.6890258789062
199997,episode/length,500.0
199998,episode/return,296.1070556640625
199998,episode/length,500.0
199999,episode/return,495.8697204589844
199999,episode/length,500.0
200000,train/consistency_loss_mean,2.424484985822346e-05
200000,train/consistency_loss_std,1.4459079442208154e-05
200000,train/continue_loss_mean,0.0
200000,train/continue_loss_std,0.0
200000,train/grad_norm_mean,0.7936370416641235
200000,train/grad_norm_std,0.3458306849850042
200000,train/policy_log_std_mean,-0.8443966772079468
200000,train/policy_log_std_std,0.3582319032606809
200000,train/policy_loss_mean,-0.23857580602169037
200000,train/policy_loss_std,0.009342614327631334
200000,train/reward_loss_mean,0.18431476565599442
200000,train/reward_loss_std,0.011186627406061097
200000,train/total_loss_mean,0.04914897999465465
200000,train/total_loss_std,0.0024843362291154985
200000,train/value_loss_mean,0.30232605719566347
200000,train/value_loss_std,0.02012585065194324
200000,train/value_scale_mean,211.81290330810546
200000,train/value_scale_std,0.9799497773715389
200000,timing/collect_chunk_s,57.52108086505905
200000,timing/train_chunk_s,20.594400424975902
200000,dense_rhs/training_bucket_horizon,3.0
200000,system/heartbeat,1.0
200000,timing/checkpoint_blocking_s,0.3985160021111369
200000,eval/return_mean,477.78839111328125
200000,eval/return_std,133.51136779785156
200000,eval/return_max,842.3825073242188
200000,eval/return_min,208.043212890625
200000,timing/eval_s,6.826496090739965
200000,eval/selected_horizon,3.0
200000,eval/training_bucket_horizon,3.0
200000,system/heartbeat,1.0
203992,episode/return,311.55682373046875
203992,episode/length,500.0
203993,episode/return,500.0117492675781
203993,episode/length,500.0
203994,episode/return,699.731689453125
203994,episode/length,500.0
203995,episode/return,622.4176025390625
203995,episode/length,500.0
203996,episode/return,526.5938720703125
203996,episode/length,500.0
203997,episode/return,521.2802124023438
203997,episode/length,500.0
203998,episode/return,521.2061157226562
203998,episode/length,500.0
203999,episode/return,386.17218017578125
203999,episode/length,500.0
207992,episode/return,482.7945556640625
207992,episode/length,500.0
207993,episode/return,605.709716796875
207993,episode/length,500.0
207994,episode/return,662.0345458984375
207994,episode/length,500.0
207995,episode/return,442.794677734375
207995,episode/length,500.0
207996,episode/return,430.96868896484375
207996,episode/length,500.0
207997,episode/return,643.8941040039062
207997,episode/length,500.0
207998,episode/return,400.6094665527344
207998,episode/length,500.0
207999,episode/return,531.93017578125
207999,episode/length,500.0
210000,train/consistency_loss_mean,2.2611664488795213e-05
210000,train/consistency_loss_std,6.402282084271616e-06
210000,train/continue_loss_mean,0.0
210000,train/continue_loss_std,0.0
210000,train/grad_norm_mean,0.8002200304985047
210000,train/grad_norm_std,0.3260866114696954
210000,train/policy_log_std_mean,-0.852086145734787
210000,train/policy_log_std_std,0.36738793526147084
210000,train/policy_loss_mean,-0.2412862940788269
210000,train/policy_loss_std,0.009525933074185061
210000,train/reward_loss_mean,0.18658751894235612
210000,train/reward_loss_std,0.011087308816914465
210000,train/total_loss_mean,0.049343893897533415
210000,train/total_loss_std,0.0017588176170476068
210000,train/value_loss_mean,0.3023290799617767
210000,train/value_loss_std,0.014078455727669362
210000,train/value_scale_mean,212.0295356689453
210000,train/value_scale_std,0.6225885571195029
210000,timing/collect_chunk_s,61.018930040765554
210000,timing/train_chunk_s,20.6195827992633
210000,dense_rhs/training_bucket_horizon,3.0
210000,system/heartbeat,1.0
211992,episode/return,427.19464111328125
211992,episode/length,500.0
211993,episode/return,465.39471435546875
211993,episode/length,500.0
211994,episode/return,414.8036193847656
211994,episode/length,500.0
211995,episode/return,416.6453857421875
211995,episode/length,500.0
211996,episode/return,831.602294921875
211996,episode/length,500.0
211997,episode/return,739.5467529296875
211997,episode/length,500.0
211998,episode/return,299.2076416015625
211998,episode/length,500.0
211999,episode/return,542.4151611328125
211999,episode/length,500.0
215992,episode/return,519.5975952148438
215992,episode/length,500.0
215993,episode/return,435.0082702636719
215993,episode/length,500.0
215994,episode/return,636.7935791015625
215994,episode/length,500.0
215995,episode/return,409.35986328125
215995,episode/length,500.0
215996,episode/return,544.7680053710938
215996,episode/length,500.0
215997,episode/return,545.1245727539062
215997,episode/length,500.0
215998,episode/return,440.557373046875
215998,episode/length,500.0
215999,episode/return,545.88232421875
215999,episode/length,500.0
219992,episode/return,397.3172302246094
219992,episode/length,500.0
219993,episode/return,381.67333984375
219993,episode/length,500.0
219994,episode/return,302.35150146484375
219994,episode/length,500.0
219995,episode/return,560.1234130859375
219995,episode/length,500.0
219996,episode/return,387.588623046875
219996,episode/length,500.0
219997,episode/return,614.25927734375
219997,episode/length,500.0
219998,episode/return,303.641845703125
219998,episode/length,500.0
219999,episode/return,637.3756103515625
219999,episode/length,500.0
220000,train/consistency_loss_mean,2.303583690227242e-05
220000,train/consistency_loss_std,9.866276487394503e-06
220000,train/continue_loss_mean,0.0
220000,train/continue_loss_std,0.0
220000,train/grad_norm_mean,0.7662061842441559
220000,train/grad_norm_std,0.33163494465134147
220000,train/policy_log_std_mean,-0.8439648813724517
220000,train/policy_log_std_std,0.359899687780053
220000,train/policy_loss_mean,-0.2463014444231987
220000,train/policy_loss_std,0.00950472080462786
220000,train/reward_loss_mean,0.18905918283462525
220000,train/reward_loss_std,0.011015853014785184
220000,train/total_loss_mean,0.04975408991575241
220000,train/total_loss_std,0.0021256820017042048
220000,train/value_loss_mean,0.3038745363473892
220000,train/value_loss_std,0.017010106564312066
220000,train/value_scale_mean,210.95532076416015
220000,train/value_scale_std,0.8654789369473488
220000,timing/collect_chunk_s,56.49755148496479
220000,timing/train_chunk_s,20.573436377104372
220000,dense_rhs/training_bucket_horizon,3.0
220000,system/heartbeat,1.0
223992,episode/return,554.1595458984375
223992,episode/length,500.0
223993,episode/return,739.2061767578125
223993,episode/length,500.0
223994,episode/return,741.4208984375
223994,episode/length,500.0
223995,episode/return,506.0361022949219
223995,episode/length,500.0
223996,episode/return,449.6105651855469
223996,episode/length,500.0
223997,episode/return,521.915283203125
223997,episode/length,500.0
223998,episode/return,741.1422119140625
223998,episode/length,500.0
223999,episode/return,721.02490234375
223999,episode/length,500.0
227992,episode/return,634.0581665039062
227992,episode/length,500.0
227993,episode/return,299.8812255859375
227993,episode/length,500.0
227994,episode/return,488.11181640625
227994,episode/length,500.0
227995,episode/return,255.93898010253906
227995,episode/length,500.0
227996,episode/return,390.5579833984375
227996,episode/length,500.0
227997,episode/return,639.6959838867188
227997,episode/length,500.0
227998,episode/return,607.197509765625
227998,episode/length,500.0
227999,episode/return,444.661376953125
227999,episode/length,500.0
230000,train/consistency_loss_mean,2.3838252788118554e-05
230000,train/consistency_loss_std,1.9061292352129687e-05
230000,train/continue_loss_mean,0.0
230000,train/continue_loss_std,0.0
230000,train/grad_norm_mean,0.7492456081390381
230000,train/grad_norm_std,0.33354426446805224
230000,train/policy_log_std_mean,-0.8494524506092072
230000,train/policy_log_std_std,0.35306354343205126
230000,train/policy_loss_mean,-0.2524521353840828
230000,train/policy_loss_std,0.009977172151960232
230000,train/reward_loss_mean,0.19097123633623123
230000,train/reward_loss_std,0.011235670043723079
230000,train/total_loss_mean,0.04994425144791603
230000,train/total_loss_std,0.002812796305016724
230000,train/value_loss_mean,0.30370362000465395
230000,train/value_loss_std,0.02254717528375732
230000,train/value_scale_mean,209.29519318847656
230000,train/value_scale_std,1.5488590795394288
230000,timing/collect_chunk_s,57.063332377932966
230000,timing/train_chunk_s,20.57106598187238
230000,dense_rhs/training_bucket_horizon,3.0
230000,system/heartbeat,1.0
231992,episode/return,614.6449584960938
231992,episode/length,500.0
231993,episode/return,309.9119567871094
231993,episode/length,500.0
231994,episode/return,536.0422973632812
231994,episode/length,500.0
231995,episode/return,601.8621215820312
231995,episode/length,500.0
231996,episode/return,388.8257751464844
231996,episode/length,500.0
231997,episode/return,673.4295043945312
231997,episode/length,500.0
231998,episode/return,314.0209045410156
231998,episode/length,500.0
231999,episode/return,340.0738830566406
231999,episode/length,500.0
235992,episode/return,275.3775939941406
235992,episode/length,500.0
235993,episode/return,412.94073486328125
235993,episode/length,500.0
235994,episode/return,541.9934692382812
235994,episode/length,500.0
235995,episode/return,154.72195434570312
235995,episode/length,500.0
235996,episode/return,398.265869140625
235996,episode/length,500.0
235997,episode/return,761.0184326171875
235997,episode/length,500.0
235998,episode/return,434.6429443359375
235998,episode/length,500.0
235999,episode/return,327.5862121582031
235999,episode/length,500.0
239992,episode/return,643.6195068359375
239992,episode/length,500.0
239993,episode/return,747.6134643554688
239993,episode/length,500.0
239994,episode/return,465.3822021484375
239994,episode/length,500.0
239995,episode/return,279.917724609375
239995,episode/length,500.0
239996,episode/return,370.3096923828125
239996,episode/length,500.0
239997,episode/return,531.2078857421875
239997,episode/length,500.0
239998,episode/return,446.1888732910156
239998,episode/length,500.0
239999,episode/return,746.09228515625
239999,episode/length,500.0
240000,train/consistency_loss_mean,2.035857996379491e-05
240000,train/consistency_loss_std,5.530829271578438e-06
240000,train/continue_loss_mean,0.0
240000,train/continue_loss_std,0.0
240000,train/grad_norm_mean,0.7341568959474564
240000,train/grad_norm_std,0.3089227011704407
240000,train/policy_log_std_mean,-0.8625051889896392
240000,train/policy_log_std_std,0.35756638658864254
240000,train/policy_loss_mean,-0.2552697348594666
240000,train/policy_loss_std,0.009818207866126435
240000,train/reward_loss_mean,0.1921841236591339
240000,train/reward_loss_std,0.010959647673727785
240000,train/total_loss_mean,0.049901529109477996
240000,train/total_loss_std,0.0016229215925120724
240000,train/value_loss_mean,0.3027594445228577
240000,train/value_loss_std,0.012348862415231976
240000,train/value_scale_mean,208.8359703857422
240000,train/value_scale_std,0.34753315727896145
240000,timing/collect_chunk_s,61.70163804432377
240000,timing/train_chunk_s,20.579530289862305
240000,dense_rhs/training_bucket_horizon,3.0
240000,system/heartbeat,1.0
243992,episode/return,618.559814453125
243992,episode/length,500.0
243993,episode/return,591.87451171875
243993,episode/length,500.0
243994,episode/return,564.4795532226562
243994,episode/length,500.0
243995,episode/return,269.9281005859375
243995,episode/length,500.0
243996,episode/return,689.1665649414062
243996,episode/length,500.0
243997,episode/return,580.4105224609375
243997,episode/length,500.0
243998,episode/return,664.6205444335938
243998,episode/length,500.0
243999,episode/return,426.51104736328125
243999,episode/length,500.0
247992,episode/return,501.59423828125
247992,episode/length,500.0
247993,episode/return,634.3255615234375
247993,episode/length,500.0
247994,episode/return,363.9499816894531
247994,episode/length,500.0
247995,episode/return,344.075927734375
247995,episode/length,500.0
247996,episode/return,469.1222839355469
247996,episode/length,500.0
247997,episode/return,668.23095703125
247997,episode/length,500.0
247998,episode/return,388.0048828125
247998,episode/length,500.0
247999,episode/return,461.63043212890625
247999,episode/length,500.0
250000,train/consistency_loss_mean,2.05187683342956e-05
250000,train/consistency_loss_std,6.2396488279148055e-06
250000,train/continue_loss_mean,0.0
250000,train/continue_loss_std,0.0
250000,train/grad_norm_mean,0.7088650825977325
250000,train/grad_norm_std,0.2956602923277968
250000,train/policy_log_std_mean,-0.8357715146064758
250000,train/policy_log_std_std,0.3482235247044407
250000,train/policy_loss_mean,-0.2604155230522156
250000,train/policy_loss_std,0.00971173348954022
250000,train/reward_loss_mean,0.19386116919517518
250000,train/reward_loss_std,0.011199851685170924
250000,train/total_loss_mean,0.05011490277945995
250000,train/total_loss_std,0.0017484113014673457
250000,train/value_loss_mean,0.3031840939283371
250000,train/value_loss_std,0.013219655551311299
250000,train/value_scale_mean,208.47459936523438
250000,train/value_scale_std,0.2947628368893696
250000,timing/collect_chunk_s,57.593090363778174
250000,timing/train_chunk_s,20.577391220256686
250000,dense_rhs/training_bucket_horizon,3.0
250000,system/heartbeat,1.0
250000,timing/checkpoint_blocking_s,0.41608348302543163
250000,eval/return_mean,671.2716064453125
250000,eval/return_std,160.2434539794922
250000,eval/return_max,878.41259765625
250000,eval/return_min,250.81651306152344
250000,timing/eval_s,6.842263134196401
250000,eval/selected_horizon,3.0
250000,eval/training_bucket_horizon,3.0
250000,system/heartbeat,1.0
251992,episode/return,624.3986206054688
251992,episode/length,500.0
251993,episode/return,633.7951049804688
251993,episode/length,500.0
251994,episode/return,375.6894226074219
251994,episode/length,500.0
251995,episode/return,421.1694641113281
251995,episode/length,500.0
251996,episode/return,650.2910766601562
251996,episode/length,500.0
251997,episode/return,389.08111572265625
251997,episode/length,500.0
251998,episode/return,621.3182983398438
251998,episode/length,500.0
251999,episode/return,420.64508056640625
251999,episode/length,500.0
255992,episode/return,294.0885314941406
255992,episode/length,500.0
255993,episode/return,633.9202270507812
255993,episode/length,500.0
255994,episode/return,765.2100219726562
255994,episode/length,500.0
255995,episode/return,551.6061401367188
255995,episode/length,500.0
255996,episode/return,740.5570068359375
255996,episode/length,500.0
255997,episode/return,640.0736694335938
255997,episode/length,500.0
255998,episode/return,300.21441650390625
255998,episode/length,500.0
255999,episode/return,751.6064453125
255999,episode/length,500.0
259992,episode/return,640.7579345703125
259992,episode/length,500.0
259993,episode/return,740.3322143554688
259993,episode/length,500.0
259994,episode/return,392.07373046875
259994,episode/length,500.0
259995,episode/return,530.4232177734375
259995,episode/length,500.0
259996,episode/return,722.7039794921875
259996,episode/length,500.0
259997,episode/return,510.09130859375
259997,episode/length,500.0
259998,episode/return,728.9425048828125
259998,episode/length,500.0
259999,episode/return,568.3140869140625
259999,episode/length,500.0
260000,train/consistency_loss_mean,1.968947882342036e-05
260000,train/consistency_loss_std,4.818691409119688e-06
260000,train/continue_loss_mean,0.0
260000,train/continue_loss_std,0.0
260000,train/grad_norm_mean,0.6846403716087341
260000,train/grad_norm_std,0.2908432793133756
260000,train/policy_log_std_mean,-0.8367478349685669
260000,train/policy_log_std_std,0.35339735523348337
260000,train/policy_loss_mean,-0.26426411757469176
260000,train/policy_loss_std,0.009929755992042781
260000,train/reward_loss_mean,0.19598762205839157
260000,train/reward_loss_std,0.011177633960105713
260000,train/total_loss_mean,0.050528510293364526
260000,train/total_loss_std,0.0015960748888147122
260000,train/value_loss_mean,0.3053595701217651
260000,train/value_loss_std,0.01140714836883773
260000,train/value_scale_mean,206.67746201171875
260000,train/value_scale_std,0.932023749458779
260000,timing/collect_chunk_s,62.045183735433966
260000,timing/train_chunk_s,20.5543932816945
260000,dense_rhs/training_bucket_horizon,3.0
260000,system/heartbeat,1.0
263992,episode/return,638.1900634765625
263992,episode/length,500.0
263993,episode/return,625.4154052734375
263993,episode/length,500.0
263994,episode/return,513.8654174804688
263994,episode/length,500.0
263995,episode/return,531.690673828125
263995,episode/length,500.0
263996,episode/return,404.1200256347656
263996,episode/length,500.0
263997,episode/return,637.3594970703125
263997,episode/length,500.0
263998,episode/return,636.0507202148438
263998,episode/length,500.0
263999,episode/return,514.1903076171875
263999,episode/length,500.0
267992,episode/return,770.021728515625
267992,episode/length,500.0
267993,episode/return,390.0108337402344
267993,episode/length,500.0
267994,episode/return,720.1771850585938
267994,episode/length,500.0
267995,episode/return,897.3267822265625
267995,episode/length,500.0
267996,episode/return,724.1339721679688
267996,episode/length,500.0
267997,episode/return,761.7822265625
267997,episode/length,500.0
267998,episode/return,455.2055358886719
267998,episode/length,500.0
267999,episode/return,763.0094604492188
267999,episode/length,500.0
270000,train/consistency_loss_mean,2.0437527098692955e-05
270000,train/consistency_loss_std,7.896726447613293e-06
270000,train/continue_loss_mean,0.0
270000,train/continue_loss_std,0.0
270000,train/grad_norm_mean,0.646172681927681
270000,train/grad_norm_std,0.287908584059351
270000,train/policy_log_std_mean,-0.8298749752044677
270000,train/policy_log_std_std,0.34628913257441024
270000,train/policy_loss_mean,-0.2694909897327423
270000,train/policy_loss_std,0.009873016009463973
270000,train/reward_loss_mean,0.1985683621406555
270000,train/reward_loss_std,0.011224112333849281
270000,train/total_loss_mean,0.05131747703552246
270000,train/total_loss_std,0.0018279018174337405
270000,train/value_loss_mean,0.3105188907146454
270000,train/value_loss_std,0.013222381010355753
270000,train/value_scale_mean,204.34654320068358
270000,train/value_scale_std,1.3552654467516232
270000,timing/collect_chunk_s,56.715506106149405
270000,timing/train_chunk_s,20.584630218800157
270000,dense_rhs/training_bucket_horizon,3.0
270000,system/heartbeat,1.0
271992,episode/return,492.97991943359375
271992,episode/length,500.0
271993,episode/return,515.1748046875
271993,episode/length,500.0
271994,episode/return,494.57879638671875
271994,episode/length,500.0
271995,episode/return,773.1922607421875
271995,episode/length,500.0
271996,episode/return,528.7398071289062
271996,episode/length,500.0
271997,episode/return,645.5709228515625
271997,episode/length,500.0
271998,episode/return,509.09124755859375
271998,episode/length,500.0
271999,episode/return,526.7993774414062
271999,episode/length,500.0
275992,episode/return,305.4503479003906
275992,episode/length,500.0
275993,episode/return,722.8805541992188
275993,episode/length,500.0
275994,episode/return,385.48211669921875
275994,episode/length,500.0
275995,episode/return,512.386474609375
275995,episode/length,500.0
275996,episode/return,878.5309448242188
275996,episode/length,500.0
275997,episode/return,323.1141357421875
275997,episode/length,500.0
275998,episode/return,652.4981079101562
275998,episode/length,500.0
275999,episode/return,389.26361083984375
275999,episode/length,500.0
279992,episode/return,421.6659851074219
279992,episode/length,500.0
279993,episode/return,615.0972900390625
279993,episode/length,500.0
279994,episode/return,583.6473388671875
279994,episode/length,500.0
279995,episode/return,759.3497314453125
279995,episode/length,500.0
279996,episode/return,744.097412109375
279996,episode/length,500.0
279997,episode/return,296.6849670410156
279997,episode/length,500.0
279998,episode/return,766.912353515625
279998,episode/length,500.0
279999,episode/return,293.2724609375
279999,episode/length,500.0
280000,train/consistency_loss_mean,1.892528314347146e-05
280000,train/consistency_loss_std,5.045074933524279e-06
280000,train/continue_loss_mean,0.0
280000,train/continue_loss_std,0.0
280000,train/grad_norm_mean,0.6590661853075027
280000,train/grad_norm_std,0.28950324057973814
280000,train/policy_log_std_mean,-0.8175392049312592
280000,train/policy_log_std_std,0.3510593269440552
280000,train/policy_loss_mean,-0.2725024263381958
280000,train/policy_loss_std,0.00996290412556528
280000,train/reward_loss_mean,0.20035977098941804
280000,train/reward_loss_std,0.011321625386016781
280000,train/total_loss_mean,0.05150666450560093
280000,train/total_loss_std,0.0015983836941374837
280000,train/value_loss_mean,0.31092180602550507
280000,train/value_loss_std,0.010681421875805813
280000,train/value_scale_mean,203.42392399902343
280000,train/value_scale_std,0.34033691326938476
280000,timing/collect_chunk_s,57.93270038953051
280000,timing/train_chunk_s,20.550322520546615
280000,dense_rhs/training_bucket_horizon,3.0
280000,system/heartbeat,1.0
283992,episode/return,556.7249755859375
283992,episode/length,500.0
283993,episode/return,635.2224731445312
283993,episode/length,500.0
283994,episode/return,635.8675537109375
283994,episode/length,500.0
283995,episode/return,619.1409912109375
283995,episode/length,500.0
283996,episode/return,739.3709716796875
283996,episode/length,500.0
283997,episode/return,637.4384155273438
283997,episode/length,500.0
283998,episode/return,763.8966674804688
283998,episode/length,500.0
283999,episode/return,524.6749267578125
283999,episode/length,500.0
287992,episode/return,518.6671752929688
287992,episode/length,500.0
287993,episode/return,329.0810546875
287993,episode/length,500.0
287994,episode/return,745.3326416015625
287994,episode/length,500.0
287995,episode/return,619.5262451171875
287995,episode/length,500.0
287996,episode/return,878.570068359375
287996,episode/length,500.0
287997,episode/return,756.3673706054688
287997,episode/length,500.0
287998,episode/return,390.11004638671875
287998,episode/length,500.0
287999,episode/return,647.2630615234375
287999,episode/length,500.0
290000,train/consistency_loss_mean,1.8223651207517833e-05
290000,train/consistency_loss_std,5.159578045167662e-06
290000,train/continue_loss_mean,0.0
290000,train/continue_loss_std,0.0
290000,train/grad_norm_mean,0.6300994389295578
290000,train/grad_norm_std,0.2729951514200837
290000,train/policy_log_std_mean,-0.8166455458164215
290000,train/policy_log_std_std,0.3551867538333576
290000,train/policy_loss_mean,-0.27878794686794284
290000,train/policy_loss_std,0.010125212797823645
290000,train/reward_loss_mean,0.20250620385408402
290000,train/reward_loss_std,0.011201870610711845
290000,train/total_loss_mean,0.051466211387515066
290000,train/total_loss_std,0.0015652324554684882
290000,train/value_loss_mean,0.3085111669778824
290000,train/value_loss_std,0.010266448303657048
290000,train/value_scale_mean,202.58362055664062
290000,train/value_scale_std,0.7783000148111844
290000,timing/collect_chunk_s,63.26894301502034
290000,timing/train_chunk_s,20.568198927212507
290000,dense_rhs/training_bucket_horizon,3.0
290000,system/heartbeat,1.0
291992,episode/return,649.093017578125
291992,episode/length,500.0
291993,episode/return,382.16961669921875
291993,episode/length,500.0
291994,episode/return,420.3486633300781
291994,episode/length,500.0
291995,episode/return,527.0186157226562
291995,episode/length,500.0
291996,episode/return,773.185546875
291996,episode/length,500.0
291997,episode/return,646.8678588867188
291997,episode/length,500.0
291998,episode/return,649.470703125
291998,episode/length,500.0
291999,episode/return,661.0248413085938
291999,episode/length,500.0
295992,episode/return,765.0804443359375
295992,episode/length,500.0
295993,episode/return,515.6180419921875
295993,episode/length,500.0
295994,episode/return,634.6373901367188
295994,episode/length,500.0
295995,episode/return,719.3992919921875
295995,episode/length,500.0
295996,episode/return,650.00146484375
295996,episode/length,500.0
295997,episode/return,525.935546875
295997,episode/length,500.0
295998,episode/return,635.8070068359375
295998,episode/length,500.0
295999,episode/return,369.4095458984375
295999,episode/length,500.0
299992,episode/return,760.697998046875
299992,episode/length,500.0
299993,episode/return,852.942626953125
299993,episode/length,500.0
299994,episode/return,503.84320068359375
299994,episode/length,500.0
299995,episode/return,817.3327026367188
299995,episode/length,500.0
299996,episode/return,728.4368896484375
299996,episode/length,500.0
299997,episode/return,596.3165283203125
299997,episode/length,500.0
299998,episode/return,763.6640625
299998,episode/length,500.0
299999,episode/return,343.9481201171875
299999,episode/length,500.0
300000,train/consistency_loss_mean,1.805616257333895e-05
300000,train/consistency_loss_std,4.759516980846508e-06
300000,train/continue_loss_mean,0.0
300000,train/continue_loss_std,0.0
300000,train/grad_norm_mean,0.5995605754852295
300000,train/grad_norm_std,0.262491564799277
300000,train/policy_log_std_mean,-0.8163577885627746
300000,train/policy_log_std_std,0.35187761190065237
300000,train/policy_loss_mean,-0.28468198738098144
300000,train/policy_loss_std,0.009980168748016185
300000,train/reward_loss_mean,0.20450157653093337
300000,train/reward_loss_std,0.011327498230797185
300000,train/total_loss_mean,0.05240012003183365
300000,train/total_loss_std,0.0016345430103306268
300000,train/value_loss_mean,0.31588837645053863
300000,train/value_loss_std,0.010820279833368874
300000,train/value_scale_mean,199.82926303710937
300000,train/value_scale_std,0.6382909178067768
300000,timing/collect_chunk_s,58.377199821174145
300000,timing/train_chunk_s,20.582167699933052
300000,dense_rhs/training_bucket_horizon,3.0
300000,system/heartbeat,1.0
300000,timing/checkpoint_blocking_s,0.40592175628989935
300000,eval/return_mean,483.7576599121094
300000,eval/return_std,187.45069885253906
300000,eval/return_max,878.14013671875
300000,eval/return_min,225.64340209960938
300000,timing/eval_s,6.820119573269039
300000,eval/selected_horizon,3.0
300000,eval/training_bucket_horizon,3.0
300000,system/heartbeat,1.0
303992,episode/return,403.6625671386719
303992,episode/length,500.0
303993,episode/return,801.3770751953125
303993,episode/length,500.0
303994,episode/return,413.5225524902344
303994,episode/length,500.0
303995,episode/return,422.6418762207031
303995,episode/length,500.0
303996,episode/return,589.9908447265625
303996,episode/length,500.0
303997,episode/return,367.56939697265625
303997,episode/length,500.0
303998,episode/return,367.39422607421875
303998,episode/length,500.0
303999,episode/return,725.968505859375
303999,episode/length,500.0
307992,episode/return,363.56744384765625
307992,episode/length,500.0
307993,episode/return,635.658447265625
307993,episode/length,500.0
307994,episode/return,863.535888671875
307994,episode/length,500.0
307995,episode/return,563.8968505859375
307995,episode/length,500.0
307996,episode/return,511.92376708984375
307996,episode/length,500.0
307997,episode/return,767.0884399414062
307997,episode/length,500.0
307998,episode/return,863.3414306640625
307998,episode/length,500.0
307999,episode/return,634.8812255859375
307999,episode/length,500.0
310000,train/consistency_loss_mean,1.8121019667887593e-05
310000,train/consistency_loss_std,3.7791836043106108e-06
310000,train/continue_loss_mean,0.0
310000,train/continue_loss_std,0.0
310000,train/grad_norm_mean,0.6047687390327453
310000,train/grad_norm_std,0.2652279594577034
310000,train/policy_log_std_mean,-0.8122486491680145
310000,train/policy_log_std_std,0.3654898726487666
310000,train/policy_loss_mean,-0.28501167929172516
310000,train/policy_loss_std,0.010005528863186047
310000,train/reward_loss_mean,0.20666414870023728
310000,train/reward_loss_std,0.011346429646894215
310000,train/total_loss_mean,0.05304721673130989
310000,train/total_loss_std,0.001565913693597433
310000,train/value_loss_mean,0.32018380053043366
310000,train/value_loss_std,0.010110508112176786
310000,train/value_scale_mean,199.121185546875
310000,train/value_scale_std,0.3403318703516275
310000,timing/collect_chunk_s,58.23941623931751
310000,timing/train_chunk_s,20.627493154723197
310000,dense_rhs/training_bucket_horizon,3.0
310000,system/heartbeat,1.0
311992,episode/return,740.5252685546875
311992,episode/length,500.0
311993,episode/return,740.12841796875
311993,episode/length,500.0
311994,episode/return,622.3035278320312
311994,episode/length,500.0
311995,episode/return,813.9493408203125
311995,episode/length,500.0
311996,episode/return,761.2470092773438
311996,episode/length,500.0
311997,episode/return,645.363525390625
311997,episode/length,500.0
311998,episode/return,646.0250244140625
311998,episode/length,500.0
311999,episode/return,814.485595703125
311999,episode/length,500.0
315992,episode/return,646.318359375
315992,episode/length,500.0
315993,episode/return,645.9432983398438
315993,episode/length,500.0
315994,episode/return,297.5709533691406
315994,episode/length,500.0
315995,episode/return,533.8731689453125
315995,episode/length,500.0
315996,episode/return,747.614990234375
315996,episode/length,500.0
315997,episode/return,265.95574951171875
315997,episode/length,500.0
315998,episode/return,412.248291015625
315998,episode/length,500.0
315999,episode/return,406.51129150390625
315999,episode/length,500.0
319992,episode/return,531.4825439453125
319992,episode/length,500.0
319993,episode/return,371.21136474609375
319993,episode/length,500.0
319994,episode/return,614.2007446289062
319994,episode/length,500.0
319995,episode/return,400.3536682128906
319995,episode/length,500.0
319996,episode/return,738.8658447265625
319996,episode/length,500.0
319997,episode/return,750.4063110351562
319997,episode/length,500.0
319998,episode/return,649.0269775390625
319998,episode/length,500.0
319999,episode/return,567.8455810546875
319999,episode/length,500.0
320000,train/consistency_loss_mean,1.861230235081166e-05
320000,train/consistency_loss_std,5.995052053788926e-06
320000,train/continue_loss_mean,0.0
320000,train/continue_loss_std,0.0
320000,train/grad_norm_mean,0.5926536937713623
320000,train/grad_norm_std,0.27781048064644426
320000,train/policy_log_std_mean,-0.8301511840820313
320000,train/policy_log_std_std,0.34741607208667863
320000,train/policy_loss_mean,-0.28512864348888395
320000,train/policy_loss_std,0.010068492217000872
320000,train/reward_loss_mean,0.20881316335201264
320000,train/reward_loss_std,0.011233428019766602
320000,train/total_loss_mean,0.053225286534428595
320000,train/total_loss_std,0.0016932701201724761
320000,train/value_loss_mean,0.3197172341823578
320000,train/value_loss_std,0.011797261516986304
320000,train/value_scale_mean,200.21551821289063
320000,train/value_scale_std,0.8725364569228521
320000,timing/collect_chunk_s,63.26645783847198
320000,timing/train_chunk_s,20.58315051300451
320000,dense_rhs/training_bucket_horizon,3.0
320000,system/heartbeat,1.0
323992,episode/return,700.071044921875
323992,episode/length,500.0
323993,episode/return,254.0931396484375
323993,episode/length,500.0
323994,episode/return,327.144287109375
323994,episode/length,500.0
323995,episode/return,322.9053955078125
323995,episode/length,500.0
323996,episode/return,337.0525817871094
323996,episode/length,500.0
323997,episode/return,323.76611328125
323997,episode/length,500.0
323998,episode/return,475.9347229003906
323998,episode/length,500.0
323999,episode/return,449.5926513671875
323999,episode/length,500.0
327992,episode/return,624.6599731445312
327992,episode/length,500.0
327993,episode/return,442.4380187988281
327993,episode/length,500.0
327994,episode/return,398.56427001953125
327994,episode/length,500.0
327995,episode/return,723.6082763671875
327995,episode/length,500.0
327996,episode/return,579.8177490234375
327996,episode/length,500.0
327997,episode/return,640.8424072265625
327997,episode/length,500.0
327998,episode/return,519.4261474609375
327998,episode/length,500.0
327999,episode/return,508.1536865234375
327999,episode/length,500.0
330000,train/consistency_loss_mean,1.7155742231261683e-05
330000,train/consistency_loss_std,4.102006498225782e-06
330000,train/continue_loss_mean,0.0
330000,train/continue_loss_std,0.0
330000,train/grad_norm_mean,0.6022008181095123
330000,train/grad_norm_std,0.27067755452175823
330000,train/policy_log_std_mean,-0.8401266270160676
330000,train/policy_log_std_std,0.3442434375482501
330000,train/policy_loss_mean,-0.28650835683345793
330000,train/policy_loss_std,0.010312842424473497
330000,train/reward_loss_mean,0.20904762114286424
330000,train/reward_loss_std,0.011290432469960221
330000,train/total_loss_mean,0.05266454778313637
330000,train/total_loss_std,0.0015194828506972157
330000,train/value_loss_mean,0.31416669714450834
330000,train/value_loss_std,0.009668846222369664
330000,train/value_scale_mean,201.05859752197264
330000,train/value_scale_std,0.6045271891457912
330000,timing/collect_chunk_s,58.80487226881087
330000,timing/train_chunk_s,20.58124929619953
330000,dense_rhs/training_bucket_horizon,3.0
330000,system/heartbeat,1.0
331992,episode/return,328.6126708984375
331992,episode/length,500.0
331993,episode/return,540.112548828125
331993,episode/length,500.0
331994,episode/return,421.31060791015625
331994,episode/length,500.0
331995,episode/return,742.5703735351562
331995,episode/length,500.0
331996,episode/return,638.7449951171875
331996,episode/length,500.0
331997,episode/return,450.86370849609375
331997,episode/length,500.0
331998,episode/return,899.5986938476562
331998,episode/length,500.0
331999,episode/return,722.929931640625
331999,episode/length,500.0
335992,episode/return,586.6590576171875
335992,episode/length,500.0
335993,episode/return,494.8583068847656
335993,episode/length,500.0
335994,episode/return,751.9229736328125
335994,episode/length,500.0
335995,episode/return,772.3980102539062
335995,episode/length,500.0
335996,episode/return,842.948974609375
335996,episode/length,500.0
335997,episode/return,647.494140625
335997,episode/length,500.0
335998,episode/return,644.21435546875
335998,episode/length,500.0
335999,episode/return,650.1139526367188
335999,episode/length,500.0
339992,episode/return,646.0308227539062
339992,episode/length,500.0
339993,episode/return,569.0715942382812
339993,episode/length,500.0
339994,episode/return,750.1104125976562
339994,episode/length,500.0
339995,episode/return,392.3196105957031
339995,episode/length,500.0
339996,episode/return,760.6162109375
339996,episode/length,500.0
339997,episode/return,596.9823608398438
339997,episode/length,500.0
339998,episode/return,642.388916015625
339998,episode/length,500.0
339999,episode/return,453.56597900390625
339999,episode/length,500.0
340000,train/consistency_loss_mean,1.646753558306955e-05
340000,train/consistency_loss_std,3.583404855385849e-06
340000,train/continue_loss_mean,0.0
340000,train/continue_loss_std,0.0
340000,train/grad_norm_mean,0.5862843109846115
340000,train/grad_norm_std,0.26176699446683044
340000,train/policy_log_std_mean,-0.819304943370819
340000,train/policy_log_std_std,0.341802195462268
340000,train/policy_loss_mean,-0.28960586450099945
340000,train/policy_loss_std,0.010171842174892162
340000,train/reward_loss_mean,0.21076583539247512
340000,train/reward_loss_std,0.01138277332205232
340000,train/total_loss_mean,0.052549895849823954
340000,train/total_loss_std,0.0015021458865562916
340000,train/value_loss_mean,0.31143960223197936
340000,train/value_loss_std,0.009263861148179167
340000,train/value_scale_mean,201.45456329345703
340000,train/value_scale_std,0.34291050947902213
340000,timing/collect_chunk_s,57.65937580354512
340000,timing/train_chunk_s,20.559712033718824
340000,dense_rhs/training_bucket_horizon,3.0
340000,system/heartbeat,1.0
343992,episode/return,273.54803466796875
343992,episode/length,500.0
343993,episode/return,645.8765869140625
343993,episode/length,500.0
343994,episode/return,750.1307373046875
343994,episode/length,500.0
343995,episode/return,422.2381896972656
343995,episode/length,500.0
343996,episode/return,614.9885864257812
343996,episode/length,500.0
343997,episode/return,899.7189331054688
343997,episode/length,500.0
343998,episode/return,642.84033203125
343998,episode/length,500.0
343999,episode/return,281.9320068359375
343999,episode/length,500.0
347992,episode/return,551.9313354492188
347992,episode/length,500.0
347993,episode/return,539.268310546875
347993,episode/length,500.0
347994,episode/return,630.772216796875
347994,episode/length,500.0
347995,episode/return,492.85333251953125
347995,episode/length,500.0
347996,episode/return,549.259765625
347996,episode/length,500.0
347997,episode/return,797.0311279296875
347997,episode/length,500.0
347998,episode/return,649.8434448242188
347998,episode/length,500.0
347999,episode/return,492.36029052734375
347999,episode/length,500.0
350000,train/consistency_loss_mean,1.920876012154622e-05
350000,train/consistency_loss_std,1.7612058483345642e-05
350000,train/continue_loss_mean,0.0
350000,train/continue_loss_std,0.0
350000,train/grad_norm_mean,0.5885245271205902
350000,train/grad_norm_std,0.27904196595916114
350000,train/policy_log_std_mean,-0.8139226141452789
350000,train/policy_log_std_std,0.33752275524870506
350000,train/policy_loss_mean,-0.29094640233516694
350000,train/policy_loss_std,0.010481901917883434
350000,train/reward_loss_mean,0.21239914134740828
350000,train/reward_loss_std,0.011305990573228564
350000,train/total_loss_mean,0.05317047137320042
350000,train/total_loss_std,0.0023969157743606202
350000,train/value_loss_mean,0.31546380376815797
350000,train/value_loss_std,0.017912549917896023
350000,train/value_scale_mean,200.5003039916992
350000,train/value_scale_std,1.3100509956519768
350000,timing/collect_chunk_s,64.45448494749144
350000,timing/train_chunk_s,20.571720324922353
350000,dense_rhs/training_bucket_horizon,3.0
350000,system/heartbeat,1.0
350000,timing/checkpoint_blocking_s,0.4273251169361174
350000,eval/return_mean,673.7139892578125
350000,eval/return_std,137.93214416503906
350000,eval/return_max,827.9525146484375
350000,eval/return_min,284.6978759765625
350000,timing/eval_s,6.831483498681337
350000,eval/selected_horizon,3.0
350000,eval/training_bucket_horizon,3.0
350000,system/heartbeat,1.0
351992,episode/return,766.3837890625
351992,episode/length,500.0
351993,episode/return,771.8516845703125
351993,episode/length,500.0
351994,episode/return,522.2460327148438
351994,episode/length,500.0
351995,episode/return,643.5960693359375
351995,episode/length,500.0
351996,episode/return,735.3087158203125
351996,episode/length,500.0
351997,episode/return,380.6796569824219
351997,episode/length,500.0
351998,episode/return,692.7158203125
351998,episode/length,500.0
351999,episode/return,528.3798217773438
351999,episode/length,500.0
355992,episode/return,395.8021240234375
355992,episode/length,500.0
355993,episode/return,623.3853759765625
355993,episode/length,500.0
355994,episode/return,536.15478515625
355994,episode/length,500.0
355995,episode/return,484.1755065917969
355995,episode/length,500.0
355996,episode/return,660.7366943359375
355996,episode/length,500.0
355997,episode/return,535.3441162109375
355997,episode/length,500.0
355998,episode/return,772.9171142578125
355998,episode/length,500.0
355999,episode/return,531.9912109375
355999,episode/length,500.0
359992,episode/return,639.440673828125
359992,episode/length,500.0
359993,episode/return,760.5179443359375
359993,episode/length,500.0
359994,episode/return,553.894775390625
359994,episode/length,500.0
359995,episode/return,762.1622924804688
359995,episode/length,500.0
359996,episode/return,799.542724609375
359996,episode/length,500.0
359997,episode/return,641.6806640625
359997,episode/length,500.0
359998,episode/return,861.6322631835938
359998,episode/length,500.0
359999,episode/return,490.5931396484375
359999,episode/length,500.0
360000,train/consistency_loss_mean,1.6225255571043818e-05
360000,train/consistency_loss_std,2.9934425188775717e-06
360000,train/continue_loss_mean,0.0
360000,train/continue_loss_std,0.0
360000,train/grad_norm_mean,0.5753259312391281
360000,train/grad_norm_std,0.2553349621528516
360000,train/policy_log_std_mean,-0.8018620176792145
360000,train/policy_log_std_std,0.32938097453167076
360000,train/policy_loss_mean,-0.2940060115814209
360000,train/policy_loss_std,0.010100273070344406
360000,train/reward_loss_mean,0.21365732563734055
360000,train/reward_loss_std,0.011229371172140746
360000,train/total_loss_mean,0.053231449872255324
360000,train/total_loss_std,0.001475736936517249
360000,train/value_loss_mean,0.31541210844516754
360000,train/value_loss_std,0.009280770584394221
360000,train/value_scale_mean,200.74158255615234
360000,train/value_scale_std,0.818999985639835
360000,timing/collect_chunk_s,58.55191535316408
360000,timing/train_chunk_s,20.599522726610303
360000,dense_rhs/training_bucket_horizon,3.0
360000,system/heartbeat,1.0
363992,episode/return,505.77789306640625
363992,episode/length,500.0
363993,episode/return,653.6766357421875
363993,episode/length,500.0
363994,episode/return,796.8792114257812
363994,episode/length,500.0
363995,episode/return,519.8988647460938
363995,episode/length,500.0
363996,episode/return,403.29705810546875
363996,episode/length,500.0
363997,episode/return,421.23199462890625
363997,episode/length,500.0
363998,episode/return,396.72784423828125
363998,episode/length,500.0
363999,episode/return,715.4390258789062
363999,episode/length,500.0
367992,episode/return,625.6598510742188
367992,episode/length,500.0
367993,episode/return,491.15234375
367993,episode/length,500.0
367994,episode/return,553.62890625
367994,episode/length,500.0
367995,episode/return,817.2040405273438
367995,episode/length,500.0
367996,episode/return,502.490966796875
367996,episode/length,500.0
367997,episode/return,529.154052734375
367997,episode/length,500.0
367998,episode/return,761.3567504882812
367998,episode/length,500.0
367999,episode/return,862.3919677734375
367999,episode/length,500.0
370000,train/consistency_loss_mean,1.6321710613556207e-05
370000,train/consistency_loss_std,5.0592509500812814e-06
370000,train/continue_loss_mean,0.0
370000,train/continue_loss_std,0.0
370000,train/grad_norm_mean,0.5557959983587265
370000,train/grad_norm_std,0.2581845007024034
370000,train/policy_log_std_mean,-0.7954387961387634
370000,train/policy_log_std_std,0.32739669525460796
370000,train/policy_loss_mean,-0.2980692630767822
370000,train/policy_loss_std,0.010242245554882004
370000,train/reward_loss_mean,0.2151452617049217
370000,train/reward_loss_std,0.011411018223021782
370000,train/total_loss_mean,0.05336821391880512
370000,train/total_loss_std,0.0015975542848621592
370000,train/value_loss_mean,0.31527251994609834
370000,train/value_loss_std,0.01028905145987477
370000,train/value_scale_mean,199.9572409667969
370000,train/value_scale_std,0.6608048663006504
370000,timing/collect_chunk_s,57.32288861786947
370000,timing/train_chunk_s,20.573096244130284
370000,dense_rhs/training_bucket_horizon,3.0
370000,system/heartbeat,1.0
371992,episode/return,536.7097778320312
371992,episode/length,500.0
371993,episode/return,646.2680053710938
371993,episode/length,500.0
371994,episode/return,800.443359375
371994,episode/length,500.0
371995,episode/return,621.0199584960938
371995,episode/length,500.0
371996,episode/return,816.6765747070312
371996,episode/length,500.0
371997,episode/return,621.072265625
371997,episode/length,500.0
371998,episode/return,374.5681457519531
371998,episode/length,500.0
371999,episode/return,665.621826171875
371999,episode/length,500.0
375992,episode/return,659.5872802734375
375992,episode/length,500.0
375993,episode/return,390.96136474609375
375993,episode/length,500.0
375994,episode/return,703.0933227539062
375994,episode/length,500.0
375995,episode/return,612.888427734375
375995,episode/length,500.0
375996,episode/return,534.7220458984375
375996,episode/length,500.0
375997,episode/return,735.2757568359375
375997,episode/length,500.0
375998,episode/return,361.98394775390625
375998,episode/length,500.0
375999,episode/return,436.9967041015625
375999,episode/length,500.0
379992,episode/return,531.674072265625
379992,episode/length,500.0
379993,episode/return,398.5801696777344
379993,episode/length,500.0
379994,episode/return,728.3358154296875
379994,episode/length,500.0
379995,episode/return,398.98297119140625
379995,episode/length,500.0
379996,episode/return,341.4151611328125
379996,episode/length,500.0
379997,episode/return,641.2232055664062
379997,episode/length,500.0
379998,episode/return,486.41326904296875
379998,episode/length,500.0
379999,episode/return,744.7153930664062
379999,episode/length,500.0
380000,train/consistency_loss_mean,1.609100642235717e-05
380000,train/consistency_loss_std,3.817200497023047e-06
380000,train/continue_loss_mean,0.0
380000,train/continue_loss_std,0.0
380000,train/grad_norm_mean,0.5447045054912567
380000,train/grad_norm_std,0.2527556907039294
380000,train/policy_log_std_mean,-0.7961090978622436
380000,train/policy_log_std_std,0.3373182364567643
380000,train/policy_loss_mean,-0.3016131116390228
380000,train/policy_loss_std,0.010099289360350741
380000,train/reward_loss_mean,0.21663817316293715
380000,train/reward_loss_std,0.011228360645600115
380000,train/total_loss_mean,0.053651017782092095
380000,train/total_loss_std,0.0015400747309976392
380000,train/value_loss_mean,0.3166537937402725
380000,train/value_loss_std,0.009502188744925493
380000,train/value_scale_mean,198.35962696533204
380000,train/value_scale_std,0.9667549711874748
380000,timing/collect_chunk_s,65.1183489235118
380000,timing/train_chunk_s,20.548550330568105
380000,dense_rhs/training_bucket_horizon,3.0
380000,system/heartbeat,1.0
383992,episode/return,759.0487060546875
383992,episode/length,500.0
383993,episode/return,767.414794921875
383993,episode/length,500.0
383994,episode/return,522.6177368164062
383994,episode/length,500.0
383995,episode/return,741.3458251953125
383995,episode/length,500.0
383996,episode/return,850.74072265625
383996,episode/length,500.0
383997,episode/return,697.3880004882812
383997,episode/length,500.0
383998,episode/return,415.12054443359375
383998,episode/length,500.0
383999,episode/return,314.3639831542969
383999,episode/length,500.0
387992,episode/return,386.63653564453125
387992,episode/length,500.0
387993,episode/return,386.200927734375
387993,episode/length,500.0
387994,episode/return,329.1499328613281
387994,episode/length,500.0
387995,episode/return,394.6306457519531
387995,episode/length,500.0
387996,episode/return,383.237060546875
387996,episode/length,500.0
387997,episode/return,644.6660766601562
387997,episode/length,500.0
387998,episode/return,499.9366455078125
387998,episode/length,500.0
387999,episode/return,398.4953918457031
387999,episode/length,500.0
390000,train/consistency_loss_mean,1.5911970641900552e-05
390000,train/consistency_loss_std,3.4393808220092692e-06
390000,train/continue_loss_mean,0.0
390000,train/continue_loss_std,0.0
390000,train/grad_norm_mean,0.5283208918094635
390000,train/grad_norm_std,0.23658324463022978
390000,train/policy_log_std_mean,-0.7972961142063141
390000,train/policy_log_std_std,0.32670610293014163
390000,train/policy_loss_mean,-0.3030837508916855
390000,train/policy_loss_std,0.010129963989146212
390000,train/reward_loss_mean,0.21736712970733643
390000,train/reward_loss_std,0.011330220712354396
390000,train/total_loss_mean,0.054008379158377647
390000,train/total_loss_std,0.0015183317155277717
390000,train/value_loss_mean,0.3195342579126358
390000,train/value_loss_std,0.009124178126250158
390000,train/value_scale_mean,196.97147204589845
390000,train/value_scale_std,0.24718428722123223
390000,timing/collect_chunk_s,57.74721878161654
390000,timing/train_chunk_s,20.557151280809194
390000,dense_rhs/training_bucket_horizon,3.0
390000,system/heartbeat,1.0
391992,episode/return,390.83013916015625
391992,episode/length,500.0
391993,episode/return,301.6263427734375
391993,episode/length,500.0
391994,episode/return,726.6956787109375
391994,episode/length,500.0
391995,episode/return,738.9419555664062
391995,episode/length,500.0
391996,episode/return,777.5623168945312
391996,episode/length,500.0
391997,episode/return,396.2850341796875
391997,episode/length,500.0
391998,episode/return,722.6195068359375
391998,episode/length,500.0
391999,episode/return,642.8973388671875
391999,episode/length,500.0
395992,episode/return,383.31182861328125
395992,episode/length,500.0
395993,episode/return,447.3224792480469
395993,episode/length,500.0
395994,episode/return,665.1611328125
395994,episode/length,500.0
395995,episode/return,577.9981689453125
395995,episode/length,500.0
395996,episode/return,508.2688293457031
395996,episode/length,500.0
395997,episode/return,620.166259765625
395997,episode/length,500.0
395998,episode/return,619.5160522460938
395998,episode/length,500.0
395999,episode/return,777.842041015625
395999,episode/length,500.0
399992,episode/return,507.2984924316406
399992,episode/length,500.0
399993,episode/return,400.323486328125
399993,episode/length,500.0
399994,episode/return,746.1380615234375
399994,episode/length,500.0
399995,episode/return,746.7039794921875
399995,episode/length,500.0
399996,episode/return,522.801025390625
399996,episode/length,500.0
399997,episode/return,455.40234375
399997,episode/length,500.0
399998,episode/return,326.960205078125
399998,episode/length,500.0
399999,episode/return,400.42132568359375
399999,episode/length,500.0
400000,train/consistency_loss_mean,1.5603109750372825e-05
400000,train/consistency_loss_std,3.1417505261535887e-06
400000,train/continue_loss_mean,0.0
400000,train/continue_loss_std,0.0
400000,train/grad_norm_mean,0.535804605102539
400000,train/grad_norm_std,0.24470410570244286
400000,train/policy_log_std_mean,-0.7840620307922364
400000,train/policy_log_std_std,0.3276479542906163
400000,train/policy_loss_mean,-0.3019835080385208
400000,train/policy_loss_std,0.010141902031014966
400000,train/reward_loss_mean,0.21772206627130508
400000,train/reward_loss_std,0.011294201285061065
400000,train/total_loss_mean,0.05375053827762604
400000,train/total_loss_std,0.0014909112803125034
400000,train/value_loss_mean,0.31666268215179444
400000,train/value_loss_std,0.008845033903181492
400000,train/value_scale_mean,197.9619382080078
400000,train/value_scale_std,0.45518092984925285
400000,timing/collect_chunk_s,63.77049734815955
400000,timing/train_chunk_s,20.593557687476277
400000,dense_rhs/training_bucket_horizon,3.0
400000,system/heartbeat,1.0
400000,timing/checkpoint_blocking_s,0.4311598655767739
400000,eval/return_mean,625.4493408203125
400000,eval/return_std,164.75286865234375
400000,eval/return_max,879.178955078125
400000,eval/return_min,288.2109375
400000,timing/eval_s,6.840071918908507
400000,eval/selected_horizon,3.0
400000,eval/training_bucket_horizon,3.0
400000,system/heartbeat,1.0
403992,episode/return,404.9882507324219
403992,episode/length,500.0
403993,episode/return,644.0407104492188
403993,episode/length,500.0
403994,episode/return,817.340087890625
403994,episode/length,500.0
403995,episode/return,305.5140380859375
403995,episode/length,500.0
403996,episode/return,743.7727661132812
403996,episode/length,500.0
403997,episode/return,640.821533203125
403997,episode/length,500.0
403998,episode/return,395.361572265625
403998,episode/length,500.0
403999,episode/return,358.8525390625
403999,episode/length,500.0
407992,episode/return,723.60791015625
407992,episode/length,500.0
407993,episode/return,714.0216064453125
407993,episode/length,500.0
407994,episode/return,512.6669921875
407994,episode/length,500.0
407995,episode/return,539.0224609375
407995,episode/length,500.0
407996,episode/return,531.8170166015625
407996,episode/length,500.0
407997,episode/return,700.1761474609375
407997,episode/length,500.0
407998,episode/return,624.727783203125
407998,episode/length,500.0
407999,episode/return,366.23394775390625
407999,episode/length,500.0
410000,train/consistency_loss_mean,1.5032295355194947e-05
410000,train/consistency_loss_std,3.78375245288368e-06
410000,train/continue_loss_mean,0.0
410000,train/continue_loss_std,0.0
410000,train/grad_norm_mean,0.5336923243761063
410000,train/grad_norm_std,0.26320097529188935
410000,train/policy_log_std_mean,-0.7930793142318726
410000,train/policy_log_std_std,0.31162204761487255
410000,train/policy_loss_mean,-0.30278831713199617
410000,train/policy_loss_std,0.010216225671737286
410000,train/reward_loss_mean,0.21854999636411668
410000,train/reward_loss_std,0.01124123145342693
410000,train/total_loss_mean,0.053116820612549784
410000,train/total_loss_std,0.0014942861449109635
410000,train/value_loss_mean,0.30961174447536466
410000,train/value_loss_std,0.009202313330673345
410000,train/value_scale_mean,199.5505807495117
410000,train/value_scale_std,0.8239220427990954
410000,timing/collect_chunk_s,60.42317336658016
410000,timing/train_chunk_s,20.63209273479879
410000,dense_rhs/training_bucket_horizon,3.0
410000,system/heartbeat,1.0
411992,episode/return,403.174560546875
411992,episode/length,500.0
411993,episode/return,648.123779296875
411993,episode/length,500.0
411994,episode/return,645.9444580078125
411994,episode/length,500.0
411995,episode/return,281.6546325683594
411995,episode/length,500.0
411996,episode/return,375.0411071777344
411996,episode/length,500.0
411997,episode/return,579.8284912109375
411997,episode/length,500.0
411998,episode/return,542.9404296875
411998,episode/length,500.0
411999,episode/return,738.5559692382812
411999,episode/length,500.0
415992,episode/return,249.66763305664062
415992,episode/length,500.0
415993,episode/return,533.5101318359375
415993,episode/length,500.0
415994,episode/return,538.814208984375
415994,episode/length,500.0
415995,episode/return,748.714599609375
415995,episode/length,500.0
415996,episode/return,699.245849609375
415996,episode/length,500.0
415997,episode/return,374.5008239746094
415997,episode/length,500.0
415998,episode/return,644.2421875
415998,episode/length,500.0
415999,episode/return,428.7392272949219
415999,episode/length,500.0
419992,episode/return,737.6005859375
419992,episode/length,500.0
419993,episode/return,395.8960266113281
419993,episode/length,500.0
419994,episode/return,795.2853393554688
419994,episode/length,500.0
419995,episode/return,554.3126220703125
419995,episode/length,500.0
419996,episode/return,206.5175018310547
419996,episode/length,500.0
419997,episode/return,645.3671875
419997,episode/length,500.0
419998,episode/return,554.173828125
419998,episode/length,500.0
419999,episode/return,479.82867431640625
419999,episode/length,500.0
420000,train/consistency_loss_mean,1.5648339196923187e-05
420000,train/consistency_loss_std,4.7744394177603295e-06
420000,train/continue_loss_mean,0.0
420000,train/continue_loss_std,0.0
420000,train/grad_norm_mean,0.533287906217575
420000,train/grad_norm_std,0.24693411636399007
420000,train/policy_log_std_mean,-0.7738829714775085
420000,train/policy_log_std_std,0.3187301976675345
420000,train/policy_loss_mean,-0.3053847196817398
420000,train/policy_loss_std,0.010153056141719333
420000,train/reward_loss_mean,0.21927049618959427
420000,train/reward_loss_std,0.011389914773051605
420000,train/total_loss_mean,0.05347580146193504
420000,train/total_loss_std,0.001517629870035595
420000,train/value_loss_mean,0.3123578402042389
420000,train/value_loss_std,0.009108437630285635
420000,train/value_scale_mean,198.85739560546875
420000,train/value_scale_std,0.37619461066406173
420000,timing/collect_chunk_s,68.52909966791049
420000,timing/train_chunk_s,20.592807214707136
420000,dense_rhs/training_bucket_horizon,3.0
420000,system/heartbeat,1.0
423992,episode/return,738.5003051757812
423992,episode/length,500.0
423993,episode/return,524.295166015625
423993,episode/length,500.0
423994,episode/return,591.7692260742188
423994,episode/length,500.0
423995,episode/return,428.19976806640625
423995,episode/length,500.0
423996,episode/return,325.9738464355469
423996,episode/length,500.0
423997,episode/return,816.73046875
423997,episode/length,500.0
423998,episode/return,330.663330078125
423998,episode/length,500.0
423999,episode/return,396.95928955078125
423999,episode/length,500.0
427992,episode/return,719.8391723632812
427992,episode/length,500.0
427993,episode/return,603.4656982421875
427993,episode/length,500.0
427994,episode/return,630.1983032226562
427994,episode/length,500.0
427995,episode/return,521.1572265625
427995,episode/length,500.0
427996,episode/return,647.1697998046875
427996,episode/length,500.0
427997,episode/return,621.7151489257812
427997,episode/length,500.0
427998,episode/return,738.2297973632812
427998,episode/length,500.0
427999,episode/return,499.6585998535156
427999,episode/length,500.0
430000,train/consistency_loss_mean,1.4884862825419987e-05
430000,train/consistency_loss_std,5.458508463928084e-06
430000,train/continue_loss_mean,0.0
430000,train/continue_loss_std,0.0
430000,train/grad_norm_mean,0.5043662810206413
430000,train/grad_norm_std,0.2416147713748796
430000,train/policy_log_std_mean,-0.7440241441726685
430000,train/policy_log_std_std,0.3263976994246715
430000,train/policy_loss_mean,-0.30769517483711245
430000,train/policy_loss_std,0.010191867892099894
430000,train/reward_loss_mean,0.2194956504702568
430000,train/reward_loss_std,0.011233656841986269
430000,train/total_loss_mean,0.0537236574023962
430000,train/total_loss_std,0.0015448999366296625
430000,train/value_loss_mean,0.31476393613815307
430000,train/value_loss_std,0.009367496801610593
430000,train/value_scale_mean,197.54111247558595
430000,train/value_scale_std,0.6536967247123326
430000,timing/collect_chunk_s,59.051978691481054
430000,timing/train_chunk_s,20.58435994805768
430000,dense_rhs/training_bucket_horizon,3.0
430000,system/heartbeat,1.0
431992,episode/return,628.5723266601562
431992,episode/length,500.0
431993,episode/return,403.05145263671875
431993,episode/length,500.0
431994,episode/return,656.97509765625
431994,episode/length,500.0
431995,episode/return,644.6689453125
431995,episode/length,500.0
431996,episode/return,529.8233642578125
431996,episode/length,500.0
431997,episode/return,576.6602783203125
431997,episode/length,500.0
431998,episode/return,537.1226196289062
431998,episode/length,500.0
431999,episode/return,400.6715087890625
431999,episode/length,500.0
435992,episode/return,526.0584716796875
435992,episode/length,500.0
435993,episode/return,643.7041015625
435993,episode/length,500.0
435994,episode/return,450.3665771484375
435994,episode/length,500.0
435995,episode/return,727.8203735351562
435995,episode/length,500.0
435996,episode/return,399.3641662597656
435996,episode/length,500.0
435997,episode/return,741.328857421875
435997,episode/length,500.0
435998,episode/return,722.844482421875
435998,episode/length,500.0
435999,episode/return,647.5401611328125
435999,episode/length,500.0
439992,episode/return,424.89739990234375
439992,episode/length,500.0
439993,episode/return,305.203857421875
439993,episode/length,500.0
439994,episode/return,624.3314819335938
439994,episode/length,500.0
439995,episode/return,306.661865234375
439995,episode/length,500.0
439996,episode/return,764.355712890625
439996,episode/length,500.0
439997,episode/return,643.738037109375
439997,episode/length,500.0
439998,episode/return,483.89801025390625
439998,episode/length,500.0
439999,episode/return,499.52447509765625
439999,episode/length,500.0
440000,train/consistency_loss_mean,1.4697318441903917e-05
440000,train/consistency_loss_std,2.7819855897168426e-06
440000,train/continue_loss_mean,0.0
440000,train/continue_loss_std,0.0
440000,train/grad_norm_mean,0.49915095338821414
440000,train/grad_norm_std,0.23433519253441842
440000,train/policy_log_std_mean,-0.7681003692150116
440000,train/policy_log_std_std,0.3114734489898116
440000,train/policy_loss_mean,-0.30938575258255
440000,train/policy_loss_std,0.010104537626799337
440000,train/reward_loss_mean,0.22029381074905396
440000,train/reward_loss_std,0.011275204914302112
440000,train/total_loss_mean,0.053975134885311124
440000,train/total_loss_std,0.001463110094396991
440000,train/value_loss_mean,0.31651806263923643
440000,train/value_loss_std,0.008347448393299973
440000,train/value_scale_mean,196.99139626464844
440000,train/value_scale_std,0.3762074949428733
440000,timing/collect_chunk_s,59.35623283684254
440000,timing/train_chunk_s,20.623122436460108
440000,dense_rhs/training_bucket_horizon,3.0
440000,system/heartbeat,1.0
443992,episode/return,645.8544311523438
443992,episode/length,500.0
443993,episode/return,898.4332275390625
443993,episode/length,500.0
443994,episode/return,802.2831420898438
443994,episode/length,500.0
443995,episode/return,646.2654418945312
443995,episode/length,500.0
443996,episode/return,461.8403015136719
443996,episode/length,500.0
443997,episode/return,398.8297119140625
443997,episode/length,500.0
443998,episode/return,638.97265625
443998,episode/length,500.0
443999,episode/return,505.23974609375
443999,episode/length,500.0
447992,episode/return,668.1969604492188
447992,episode/length,500.0
447993,episode/return,649.005126953125
447993,episode/length,500.0
447994,episode/return,542.9305419921875
447994,episode/length,500.0
447995,episode/return,550.7546997070312
447995,episode/length,500.0
447996,episode/return,640.1741943359375
447996,episode/length,500.0
447997,episode/return,725.281005859375
447997,episode/length,500.0
447998,episode/return,638.551025390625
447998,episode/length,500.0
447999,episode/return,385.93231201171875
447999,episode/length,500.0
450000,train/consistency_loss_mean,1.5627703283826122e-05
450000,train/consistency_loss_std,5.316860361277329e-06
450000,train/continue_loss_mean,0.0
450000,train/continue_loss_std,0.0
450000,train/grad_norm_mean,0.5251512546777726
450000,train/grad_norm_std,0.24835208835949074
450000,train/policy_log_std_mean,-0.7772045886993408
450000,train/policy_log_std_std,0.3090878610402528
450000,train/policy_loss_mean,-0.3072496456384659
450000,train/policy_loss_std,0.010308329887216507
450000,train/reward_loss_mean,0.22130435228347778
450000,train/reward_loss_std,0.01135484395505248
450000,train/total_loss_mean,0.0536122984111309
450000,train/total_loss_std,0.001538796936897098
450000,train/value_loss_mean,0.3116930798768997
450000,train/value_loss_std,0.009939999187222461
450000,train/value_scale_mean,199.77462172851563
450000,train/value_scale_std,0.770795516654037
450000,timing/collect_chunk_s,60.69890291290358
450000,timing/train_chunk_s,20.623574813827872
450000,dense_rhs/training_bucket_horizon,3.0
450000,system/heartbeat,1.0
450000,timing/checkpoint_blocking_s,0.4252064670436084
450000,eval/return_mean,649.3834228515625
450000,eval/return_std,175.26547241210938
450000,eval/return_max,894.146240234375
450000,eval/return_min,298.16180419921875
450000,timing/eval_s,6.843794283922762
450000,eval/selected_horizon,3.0
450000,eval/training_bucket_horizon,3.0
450000,system/heartbeat,1.0
451992,episode/return,770.806640625
451992,episode/length,500.0
451993,episode/return,394.91241455078125
451993,episode/length,500.0
451994,episode/return,852.074462890625
451994,episode/length,500.0
451995,episode/return,556.4508056640625
451995,episode/length,500.0
451996,episode/return,445.66644287109375
451996,episode/length,500.0
451997,episode/return,762.9925537109375
451997,episode/length,500.0
451998,episode/return,717.171142578125
451998,episode/length,500.0
451999,episode/return,802.586181640625
451999,episode/length,500.0
455992,episode/return,507.5289306640625
455992,episode/length,500.0
455993,episode/return,405.9700927734375
455993,episode/length,500.0
455994,episode/return,602.13623046875
455994,episode/length,500.0
455995,episode/return,664.31298828125
455995,episode/length,500.0
455996,episode/return,417.6635437011719
455996,episode/length,500.0
455997,episode/return,400.1609802246094
455997,episode/length,500.0
455998,episode/return,400.30902099609375
455998,episode/length,500.0
455999,episode/return,268.58782958984375
455999,episode/length,500.0
459992,episode/return,695.0736083984375
459992,episode/length,500.0
459993,episode/return,393.04278564453125
459993,episode/length,500.0
459994,episode/return,645.8807373046875
459994,episode/length,500.0
459995,episode/return,421.9886474609375
459995,episode/length,500.0
459996,episode/return,760.4610595703125
459996,episode/length,500.0
459997,episode/return,310.18780517578125
459997,episode/length,500.0
459998,episode/return,740.7001953125
459998,episode/length,500.0
459999,episode/return,401.6070251464844
459999,episode/length,500.0
460000,train/consistency_loss_mean,1.5693381391611185e-05
460000,train/consistency_loss_std,5.187533789413176e-06
460000,train/continue_loss_mean,0.0
460000,train/continue_loss_std,0.0
460000,train/grad_norm_mean,0.5245464781284332
460000,train/grad_norm_std,0.2491278840575136
460000,train/policy_log_std_mean,-0.7720439328670502
460000,train/policy_log_std_std,0.3127817585405369
460000,train/policy_loss_mean,-0.3082210931301117
460000,train/policy_loss_std,0.010318934756654073
460000,train/reward_loss_mean,0.22216271951198577
460000,train/reward_loss_std,0.011457460062647258
460000,train/total_loss_mean,0.05349272367656231
460000,train/total_loss_std,0.0015789279218478577
460000,train/value_loss_mean,0.30962583298683166
460000,train/value_loss_std,0.010253671900685359
460000,train/value_scale_mean,200.03881247558593
460000,train/value_scale_std,0.9720517513819191
460000,timing/collect_chunk_s,67.92811350757256
460000,timing/train_chunk_s,20.592265718150884
460000,dense_rhs/training_bucket_horizon,3.0
460000,system/heartbeat,1.0
463992,episode/return,276.2132263183594
463992,episode/length,500.0
463993,episode/return,801.0698852539062
463993,episode/length,500.0
463994,episode/return,727.761474609375
463994,episode/length,500.0
463995,episode/return,282.2367248535156
463995,episode/length,500.0
463996,episode/return,384.81427001953125
463996,episode/length,500.0
463997,episode/return,724.013671875
463997,episode/length,500.0
463998,episode/return,293.2355041503906
463998,episode/length,500.0
463999,episode/return,776.2112426757812
463999,episode/length,500.0
467992,episode/return,396.11883544921875
467992,episode/length,500.0
467993,episode/return,644.8975219726562
467993,episode/length,500.0
467994,episode/return,406.2528991699219
467994,episode/length,500.0
467995,episode/return,772.0501098632812
467995,episode/length,500.0
467996,episode/return,735.8353881835938
467996,episode/length,500.0
467997,episode/return,325.3436279296875
467997,episode/length,500.0
467998,episode/return,375.4266662597656
467998,episode/length,500.0
467999,episode/return,761.8043212890625
467999,episode/length,500.0
470000,train/consistency_loss_mean,1.4915111983282258e-05
470000,train/consistency_loss_std,4.142833143140821e-06
470000,train/continue_loss_mean,0.0
470000,train/continue_loss_std,0.0
470000,train/grad_norm_mean,0.5118119210720062
470000,train/grad_norm_std,0.24134173717043164
470000,train/policy_log_std_mean,-0.7524203740596771
470000,train/policy_log_std_std,0.31666164121718593
470000,train/policy_loss_mean,-0.3096480659723282
470000,train/policy_loss_std,0.010266400669252154
470000,train/reward_loss_mean,0.22224939777851105
470000,train/reward_loss_std,0.011372959331495418
470000,train/total_loss_mean,0.053086674305796624
470000,train/total_loss_std,0.0014754635455353307
470000,train/value_loss_mean,0.30563431506156924
470000,train/value_loss_std,0.009047806783185708
470000,train/value_scale_mean,200.47820356445314
470000,train/value_scale_std,0.7636192242812896
470000,timing/collect_chunk_s,57.94789716368541
470000,timing/train_chunk_s,20.530087979976088
470000,dense_rhs/training_bucket_horizon,3.0
470000,system/heartbeat,1.0
471992,episode/return,614.8349609375
471992,episode/length,500.0
471993,episode/return,542.4137573242188
471993,episode/length,500.0
471994,episode/return,662.51416015625
471994,episode/length,500.0
471995,episode/return,422.8314208984375
471995,episode/length,500.0
471996,episode/return,615.0120849609375
471996,episode/length,500.0
471997,episode/return,527.2329711914062
471997,episode/length,500.0
471998,episode/return,389.98419189453125
471998,episode/length,500.0
471999,episode/return,839.1668701171875
471999,episode/length,500.0
475992,episode/return,455.3039855957031
475992,episode/length,500.0
475993,episode/return,541.73974609375
475993,episode/length,500.0
475994,episode/return,455.2145690917969
475994,episode/length,500.0
475995,episode/return,800.6774291992188
475995,episode/length,500.0
475996,episode/return,408.4367370605469
475996,episode/length,500.0
475997,episode/return,865.8443603515625
475997,episode/length,500.0
475998,episode/return,638.796142578125
475998,episode/length,500.0
475999,episode/return,455.56787109375
475999,episode/length,500.0
479992,episode/return,633.8585205078125
479992,episode/length,500.0
479993,episode/return,281.3582458496094
479993,episode/length,500.0
479994,episode/return,402.6998291015625
479994,episode/length,500.0
479995,episode/return,402.76409912109375
479995,episode/length,500.0
479996,episode/return,646.4583129882812
479996,episode/length,500.0
479997,episode/return,404.210205078125
479997,episode/length,500.0
479998,episode/return,758.8280639648438
479998,episode/length,500.0
479999,episode/return,623.4616088867188
479999,episode/length,500.0
480000,train/consistency_loss_mean,1.4354648487642407e-05
480000,train/consistency_loss_std,5.082093035999544e-06
480000,train/continue_loss_mean,0.0
480000,train/continue_loss_std,0.0
480000,train/grad_norm_mean,0.5030132410526276
480000,train/grad_norm_std,0.24042751209338112
480000,train/policy_log_std_mean,-0.7619135795593261
480000,train/policy_log_std_std,0.30080928874536716
480000,train/policy_loss_mean,-0.3116440736055374
480000,train/policy_loss_std,0.010155819792536453
480000,train/reward_loss_mean,0.22291650688648224
480000,train/reward_loss_std,0.011141883774568175
480000,train/total_loss_mean,0.05288548589646816
480000,train/total_loss_std,0.0014947782124007903
480000,train/value_loss_mean,0.3030674147129059
480000,train/value_loss_std,0.009552974646137934
480000,train/value_scale_mean,200.59962473144532
480000,train/value_scale_std,0.8864014910399576
480000,timing/collect_chunk_s,58.27386600477621
480000,timing/train_chunk_s,20.56262084050104
480000,dense_rhs/training_bucket_horizon,3.0
480000,system/heartbeat,1.0
483992,episode/return,413.3452453613281
483992,episode/length,500.0
483993,episode/return,393.8759765625
483993,episode/length,500.0
483994,episode/return,546.7325439453125
483994,episode/length,500.0
483995,episode/return,817.6004638671875
483995,episode/length,500.0
483996,episode/return,769.1265869140625
483996,episode/length,500.0
483997,episode/return,519.5533447265625
483997,episode/length,500.0
483998,episode/return,897.832763671875
483998,episode/length,500.0
483999,episode/return,342.73919677734375
483999,episode/length,500.0
487992,episode/return,637.66943359375
487992,episode/length,500.0
487993,episode/return,412.2713623046875
487993,episode/length,500.0
487994,episode/return,480.8148498535156
487994,episode/length,500.0
487995,episode/return,627.3463134765625
487995,episode/length,500.0
487996,episode/return,540.25537109375
487996,episode/length,500.0
487997,episode/return,812.5999145507812
487997,episode/length,500.0
487998,episode/return,520.389404296875
487998,episode/length,500.0
487999,episode/return,393.2474060058594
487999,episode/length,500.0
490000,train/consistency_loss_mean,1.4947572747041705e-05
490000,train/consistency_loss_std,6.075879359649144e-06
490000,train/continue_loss_mean,0.0
490000,train/continue_loss_std,0.0
490000,train/grad_norm_mean,0.49648208348751066
490000,train/grad_norm_std,0.2435462027672917
490000,train/policy_log_std_mean,-0.7481054965972901
490000,train/policy_log_std_std,0.3170713110937989
490000,train/policy_loss_mean,-0.3125510480642319
490000,train/policy_loss_std,0.010278179771701347
490000,train/reward_loss_mean,0.2232429579615593
490000,train/reward_loss_std,0.01132723612412295
490000,train/total_loss_mean,0.05357865397334099
490000,train/total_loss_std,0.0015651394196427677
490000,train/value_loss_mean,0.3095540571451187
490000,train/value_loss_std,0.009787989681486137
490000,train/value_scale_mean,199.05221560058592
490000,train/value_scale_std,0.8209305682315965
490000,timing/collect_chunk_s,59.8439732240513
490000,timing/train_chunk_s,20.574983797501773
490000,dense_rhs/training_bucket_horizon,3.0
490000,system/heartbeat,1.0
491992,episode/return,420.6544189453125
491992,episode/length,500.0
491993,episode/return,420.7424621582031
491993,episode/length,500.0
491994,episode/return,275.16357421875
491994,episode/length,500.0
491995,episode/return,762.0032348632812
491995,episode/length,500.0
491996,episode/return,782.4459838867188
491996,episode/length,500.0
491997,episode/return,651.8199462890625
491997,episode/length,500.0
491998,episode/return,453.22918701171875
491998,episode/length,500.0
491999,episode/return,301.6719970703125
491999,episode/length,500.0
495992,episode/return,627.8630981445312
495992,episode/length,500.0
495993,episode/return,401.7539367675781
495993,episode/length,500.0
495994,episode/return,765.6695556640625
495994,episode/length,500.0
495995,episode/return,468.0891418457031
495995,episode/length,500.0
495996,episode/return,523.0205078125
495996,episode/length,500.0
495997,episode/return,651.045166015625
495997,episode/length,500.0
495998,episode/return,639.109130859375
495998,episode/length,500.0
495999,episode/return,379.9217834472656
495999,episode/length,500.0
499992,episode/return,860.6693725585938
499992,episode/length,500.0
499993,episode/return,740.4482421875
499993,episode/length,500.0
499994,episode/return,752.1373291015625
499994,episode/length,500.0
499995,episode/return,737.1757202148438
499995,episode/length,500.0
499996,episode/return,504.6324157714844
499996,episode/length,500.0
499997,episode/return,536.6094970703125
499997,episode/length,500.0
499998,episode/return,556.7210693359375
499998,episode/length,500.0
499999,episode/return,301.6297912597656
499999,episode/length,500.0
500000,train/consistency_loss_mean,1.4231601770734414e-05
500000,train/consistency_loss_std,3.3193119701601897e-06
500000,train/continue_loss_mean,0.0
500000,train/continue_loss_std,0.0
500000,train/grad_norm_mean,0.49793139882087706
500000,train/grad_norm_std,0.2330434584017961
500000,train/policy_log_std_mean,-0.758297745847702
500000,train/policy_log_std_std,0.3173331459495643
500000,train/policy_loss_mean,-0.31396542949676515
500000,train/policy_loss_std,0.010281238288115304
500000,train/reward_loss_mean,0.22388990663290023
500000,train/reward_loss_std,0.011231126860927306
500000,train/total_loss_mean,0.05376184022128582
500000,train/total_loss_std,0.0014258392972859807
500000,train/value_loss_mean,0.31088215942382813
500000,train/value_loss_std,0.008299261258052078
500000,train/value_scale_mean,198.63062430419922
500000,train/value_scale_std,0.3672844933624702
500000,timing/collect_chunk_s,67.29529028991237
500000,timing/train_chunk_s,20.6018686699681
500000,dense_rhs/training_bucket_horizon,3.0
500000,system/heartbeat,1.0
500000,timing/checkpoint_blocking_s,0.41182823572307825
500000,eval/return_mean,629.1180419921875
500000,eval/return_std,148.93321228027344
500000,eval/return_max,889.2191772460938
500000,eval/return_min,282.2752685546875
500000,timing/eval_s,6.855477338191122
500000,eval/selected_horizon,3.0
500000,eval/training_bucket_horizon,3.0
500000,system/heartbeat,1.0
