step,tag,value
0,timing/prewarm_dense_rhs_s,227.7001453260891
0,system/heartbeat,1.0
3992,episode/return,0.0
3992,episode/length,500.0
3993,episode/return,1.0
3993,episode/length,500.0
3994,episode/return,1.0
3994,episode/length,500.0
3995,episode/return,0.0
3995,episode/length,500.0
3996,episode/return,0.0
3996,episode/length,500.0
3997,episode/return,0.0
3997,episode/length,500.0
3998,episode/return,0.0
3998,episode/length,500.0
3999,episode/return,0.0
3999,episode/length,500.0
4000,seed_pretrain/updates_completed,512.0
4000,timing/collect_chunk_s,67.42221188452095
4000,timing/train_chunk_s,233.38351920619607
4000,system/heartbeat,1.0
4000,seed_pretrain/updates_completed,1024.0
4000,timing/collect_chunk_s,67.42221188452095
4000,timing/train_chunk_s,234.46119485702366
4000,system/heartbeat,1.0
4000,seed_pretrain/updates_completed,1536.0
4000,timing/collect_chunk_s,67.42221188452095
4000,timing/train_chunk_s,235.53658874938264
4000,system/heartbeat,1.0
4000,seed_pretrain/updates_completed,2048.0
4000,timing/collect_chunk_s,67.42221188452095
4000,timing/train_chunk_s,236.61567616602406
4000,system/heartbeat,1.0
4000,seed_pretrain/updates_completed,2560.0
4000,timing/collect_chunk_s,67.42221188452095
4000,timing/train_chunk_s,237.6978273447603
4000,system/heartbeat,1.0
4000,seed_pretrain/updates_completed,3072.0
4000,timing/collect_chunk_s,67.42221188452095
4000,timing/train_chunk_s,238.77725292090327
4000,system/heartbeat,1.0
4000,seed_pretrain/updates_completed,3584.0
4000,timing/collect_chunk_s,67.42221188452095
4000,timing/train_chunk_s,239.86315336776897
4000,system/heartbeat,1.0
7992,episode/return,0.0
7992,episode/length,500.0
7993,episode/return,0.0
7993,episode/length,500.0
7994,episode/return,0.0
7994,episode/length,500.0
7995,episode/return,0.0
7995,episode/length,500.0
7996,episode/return,0.0
7996,episode/length,500.0
7997,episode/return,0.0
7997,episode/length,500.0
7998,episode/return,0.0
7998,episode/length,500.0
7999,episode/return,0.0
7999,episode/length,500.0
10000,train/consistency_loss_mean,nan
10000,train/consistency_loss_std,nan
10000,train/continue_loss_mean,0.0
10000,train/continue_loss_std,0.0
10000,train/grad_norm_mean,nan
10000,train/grad_norm_std,nan
10000,train/policy_log_std_mean,nan
10000,train/policy_log_std_std,nan
10000,train/policy_loss_mean,nan
10000,train/policy_loss_std,nan
10000,train/reward_loss_mean,nan
10000,train/reward_loss_std,nan
10000,train/total_loss_mean,nan
10000,train/total_loss_std,nan
10000,train/value_loss_mean,nan
10000,train/value_loss_std,nan
10000,train/value_scale_mean,nan
10000,train/value_scale_std,nan
10000,timing/collect_chunk_s,313.17081479076296
10000,timing/train_chunk_s,297.68448848091066
10000,dense_rhs/training_bucket_horizon,3.0
10000,system/heartbeat,1.0
11992,episode/return,0.0
11992,episode/length,500.0
11993,episode/return,0.0
11993,episode/length,500.0
11994,episode/return,0.0
11994,episode/length,500.0
11995,episode/return,0.0
11995,episode/length,500.0
11996,episode/return,0.0
11996,episode/length,500.0
11997,episode/return,1.0
11997,episode/length,500.0
11998,episode/return,1.0
11998,episode/length,500.0
11999,episode/return,0.0
11999,episode/length,500.0
15992,episode/return,0.0
15992,episode/length,500.0
15993,episode/return,0.0
15993,episode/length,500.0
15994,episode/return,0.0
15994,episode/length,500.0
15995,episode/return,0.0
15995,episode/length,500.0
15996,episode/return,0.0
15996,episode/length,500.0
15997,episode/return,0.0
15997,episode/length,500.0
15998,episode/return,0.0
15998,episode/length,500.0
15999,episode/return,0.0
15999,episode/length,500.0
19992,episode/return,1.0
19992,episode/length,500.0
19993,episode/return,0.0
19993,episode/length,500.0
19994,episode/return,1.0
19994,episode/length,500.0
19995,episode/return,0.0
19995,episode/length,500.0
19996,episode/return,0.0
19996,episode/length,500.0
19997,episode/return,0.0
19997,episode/length,500.0
19998,episode/return,0.0
19998,episode/length,500.0
19999,episode/return,10.0
19999,episode/length,500.0
20000,train/consistency_loss_mean,nan
20000,train/consistency_loss_std,nan
20000,train/continue_loss_mean,0.0
20000,train/continue_loss_std,0.0
20000,train/grad_norm_mean,nan
20000,train/grad_norm_std,nan
20000,train/policy_log_std_mean,nan
20000,train/policy_log_std_std,nan
20000,train/policy_loss_mean,nan
20000,train/policy_loss_std,nan
20000,train/reward_loss_mean,nan
20000,train/reward_loss_std,nan
20000,train/total_loss_mean,nan
20000,train/total_loss_std,nan
20000,train/value_loss_mean,nan
20000,train/value_loss_std,nan
20000,train/value_scale_mean,nan
20000,train/value_scale_std,nan
20000,timing/collect_chunk_s,192.64650649670511
20000,timing/train_chunk_s,20.535852066706866
20000,dense_rhs/training_bucket_horizon,3.0
20000,system/heartbeat,1.0
23992,episode/return,1.0
23992,episode/length,500.0
23993,episode/return,0.0
23993,episode/length,500.0
23994,episode/return,0.0
23994,episode/length,500.0
23995,episode/return,0.0
23995,episode/length,500.0
23996,episode/return,0.0
23996,episode/length,500.0
23997,episode/return,0.0
23997,episode/length,500.0
23998,episode/return,0.0
23998,episode/length,500.0
23999,episode/return,0.0
23999,episode/length,500.0
27992,episode/return,2.0
27992,episode/length,500.0
27993,episode/return,0.0
27993,episode/length,500.0
27994,episode/return,0.0
27994,episode/length,500.0
27995,episode/return,0.0
27995,episode/length,500.0
27996,episode/return,1.0
27996,episode/length,500.0
27997,episode/return,0.0
27997,episode/length,500.0
27998,episode/return,0.0
27998,episode/length,500.0
27999,episode/return,0.0
27999,episode/length,500.0
30000,train/consistency_loss_mean,nan
30000,train/consistency_loss_std,nan
30000,train/continue_loss_mean,0.0
30000,train/continue_loss_std,0.0
30000,train/grad_norm_mean,nan
30000,train/grad_norm_std,nan
30000,train/policy_log_std_mean,nan
30000,train/policy_log_std_std,nan
30000,train/policy_loss_mean,nan
30000,train/policy_loss_std,nan
30000,train/reward_loss_mean,nan
30000,train/reward_loss_std,nan
30000,train/total_loss_mean,nan
30000,train/total_loss_std,nan
30000,train/value_loss_mean,nan
30000,train/value_loss_std,nan
30000,train/value_scale_mean,nan
30000,train/value_scale_std,nan
30000,timing/collect_chunk_s,191.301455241628
30000,timing/train_chunk_s,20.586580265313387
30000,dense_rhs/training_bucket_horizon,3.0
30000,system/heartbeat,1.0
31992,episode/return,0.0
31992,episode/length,500.0
31993,episode/return,0.0
31993,episode/length,500.0
31994,episode/return,0.0
31994,episode/length,500.0
31995,episode/return,0.0
31995,episode/length,500.0
31996,episode/return,0.0
31996,episode/length,500.0
31997,episode/return,0.0
31997,episode/length,500.0
31998,episode/return,0.0
31998,episode/length,500.0
31999,episode/return,0.0
31999,episode/length,500.0
35992,episode/return,0.0
35992,episode/length,500.0
35993,episode/return,0.0
35993,episode/length,500.0
35994,episode/return,0.0
35994,episode/length,500.0
35995,episode/return,0.0
35995,episode/length,500.0
35996,episode/return,0.0
35996,episode/length,500.0
35997,episode/return,0.0
35997,episode/length,500.0
35998,episode/return,0.0
35998,episode/length,500.0
35999,episode/return,0.0
35999,episode/length,500.0
39992,episode/return,0.0
39992,episode/length,500.0
39993,episode/return,0.0
39993,episode/length,500.0
39994,episode/return,0.0
39994,episode/length,500.0
39995,episode/return,0.0
39995,episode/length,500.0
39996,episode/return,1.0
39996,episode/length,500.0
39997,episode/return,0.0
39997,episode/length,500.0
39998,episode/return,0.0
39998,episode/length,500.0
39999,episode/return,0.0
39999,episode/length,500.0
40000,train/consistency_loss_mean,nan
40000,train/consistency_loss_std,nan
40000,train/continue_loss_mean,0.0
40000,train/continue_loss_std,0.0
40000,train/grad_norm_mean,nan
40000,train/grad_norm_std,nan
40000,train/policy_log_std_mean,nan
40000,train/policy_log_std_std,nan
40000,train/policy_loss_mean,nan
40000,train/policy_loss_std,nan
40000,train/reward_loss_mean,nan
40000,train/reward_loss_std,nan
40000,train/total_loss_mean,nan
40000,train/total_loss_std,nan
40000,train/value_loss_mean,nan
40000,train/value_loss_std,nan
40000,train/value_scale_mean,nan
40000,train/value_scale_std,nan
40000,timing/collect_chunk_s,192.0110171311535
40000,timing/train_chunk_s,20.528377717360854
40000,dense_rhs/training_bucket_horizon,3.0
40000,system/heartbeat,1.0
43992,episode/return,0.0
43992,episode/length,500.0
43993,episode/return,0.0
43993,episode/length,500.0
43994,episode/return,0.0
43994,episode/length,500.0
43995,episode/return,0.0
43995,episode/length,500.0
43996,episode/return,0.0
43996,episode/length,500.0
43997,episode/return,0.0
43997,episode/length,500.0
43998,episode/return,0.0
43998,episode/length,500.0
43999,episode/return,0.0
43999,episode/length,500.0
47992,episode/return,0.0
47992,episode/length,500.0
47993,episode/return,0.0
47993,episode/length,500.0
47994,episode/return,0.0
47994,episode/length,500.0
47995,episode/return,0.0
47995,episode/length,500.0
47996,episode/return,0.0
47996,episode/length,500.0
47997,episode/return,0.0
47997,episode/length,500.0
47998,episode/return,0.0
47998,episode/length,500.0
47999,episode/return,0.0
47999,episode/length,500.0
50000,train/consistency_loss_mean,nan
50000,train/consistency_loss_std,nan
50000,train/continue_loss_mean,0.0
50000,train/continue_loss_std,0.0
50000,train/grad_norm_mean,nan
50000,train/grad_norm_std,nan
50000,train/policy_log_std_mean,nan
50000,train/policy_log_std_std,nan
50000,train/policy_loss_mean,nan
50000,train/policy_loss_std,nan
50000,train/reward_loss_mean,nan
50000,train/reward_loss_std,nan
50000,train/total_loss_mean,nan
50000,train/total_loss_std,nan
50000,train/value_loss_mean,nan
50000,train/value_loss_std,nan
50000,train/value_scale_mean,nan
50000,train/value_scale_std,nan
50000,timing/collect_chunk_s,147.22861037543043
50000,timing/train_chunk_s,20.56326268799603
50000,dense_rhs/training_bucket_horizon,3.0
50000,system/heartbeat,1.0
50000,timing/checkpoint_blocking_s,0.34129788912832737
50000,eval/return_mean,0.5
50000,eval/return_std,2.1794495582580566
50000,eval/return_max,10.0
50000,eval/return_min,0.0
50000,dense_rhs/deployment_utility_last_observed_gain,0.0
50000,dense_rhs/deployment_utility_observations,0.0
50000,timing/eval_s,130.68465011985973
50000,eval/selected_horizon,3.0
50000,eval/training_bucket_horizon,3.0
50000,system/heartbeat,1.0
51992,episode/return,0.0
51992,episode/length,500.0
51993,episode/return,0.0
51993,episode/length,500.0
51994,episode/return,0.0
51994,episode/length,500.0
51995,episode/return,0.0
51995,episode/length,500.0
51996,episode/return,0.0
51996,episode/length,500.0
51997,episode/return,0.0
51997,episode/length,500.0
51998,episode/return,0.0
51998,episode/length,500.0
51999,episode/return,1.0
51999,episode/length,500.0
55992,episode/return,0.0
55992,episode/length,500.0
55993,episode/return,0.0
55993,episode/length,500.0
55994,episode/return,0.0
55994,episode/length,500.0
55995,episode/return,0.0
55995,episode/length,500.0
55996,episode/return,0.0
55996,episode/length,500.0
55997,episode/return,1.0
55997,episode/length,500.0
55998,episode/return,0.0
55998,episode/length,500.0
55999,episode/return,0.0
55999,episode/length,500.0
59992,episode/return,0.0
59992,episode/length,500.0
59993,episode/return,0.0
59993,episode/length,500.0
59994,episode/return,0.0
59994,episode/length,500.0
59995,episode/return,0.0
59995,episode/length,500.0
59996,episode/return,0.0
59996,episode/length,500.0
59997,episode/return,0.0
59997,episode/length,500.0
59998,episode/return,0.0
59998,episode/length,500.0
59999,episode/return,0.0
59999,episode/length,500.0
60000,train/consistency_loss_mean,nan
60000,train/consistency_loss_std,nan
60000,train/continue_loss_mean,0.0
60000,train/continue_loss_std,0.0
60000,train/grad_norm_mean,nan
60000,train/grad_norm_std,nan
60000,train/policy_log_std_mean,nan
60000,train/policy_log_std_std,nan
60000,train/policy_loss_mean,nan
60000,train/policy_loss_std,nan
60000,train/reward_loss_mean,nan
60000,train/reward_loss_std,nan
60000,train/total_loss_mean,nan
60000,train/total_loss_std,nan
60000,train/value_loss_mean,nan
60000,train/value_loss_std,nan
60000,train/value_scale_mean,nan
60000,train/value_scale_std,nan
60000,timing/collect_chunk_s,182.1776985609904
60000,timing/train_chunk_s,20.58050944423303
60000,dense_rhs/training_bucket_horizon,3.0
60000,system/heartbeat,1.0
63992,episode/return,0.0
63992,episode/length,500.0
63993,episode/return,0.0
63993,episode/length,500.0
63994,episode/return,2.0
63994,episode/length,500.0
63995,episode/return,0.0
63995,episode/length,500.0
63996,episode/return,0.0
63996,episode/length,500.0
63997,episode/return,0.0
63997,episode/length,500.0
63998,episode/return,0.0
63998,episode/length,500.0
63999,episode/return,0.0
63999,episode/length,500.0
67992,episode/return,0.0
67992,episode/length,500.0
67993,episode/return,0.0
67993,episode/length,500.0
67994,episode/return,0.0
67994,episode/length,500.0
67995,episode/return,0.0
67995,episode/length,500.0
67996,episode/return,1.0
67996,episode/length,500.0
67997,episode/return,0.0
67997,episode/length,500.0
67998,episode/return,1.0
67998,episode/length,500.0
67999,episode/return,0.0
67999,episode/length,500.0
70000,train/consistency_loss_mean,nan
70000,train/consistency_loss_std,nan
70000,train/continue_loss_mean,0.0
70000,train/continue_loss_std,0.0
70000,train/grad_norm_mean,nan
70000,train/grad_norm_std,nan
70000,train/policy_log_std_mean,nan
70000,train/policy_log_std_std,nan
70000,train/policy_loss_mean,nan
70000,train/policy_loss_std,nan
70000,train/reward_loss_mean,nan
70000,train/reward_loss_std,nan
70000,train/total_loss_mean,nan
70000,train/total_loss_std,nan
70000,train/value_loss_mean,nan
70000,train/value_loss_std,nan
70000,train/value_scale_mean,nan
70000,train/value_scale_std,nan
70000,timing/collect_chunk_s,176.19703801861033
70000,timing/train_chunk_s,20.568084727972746
70000,dense_rhs/training_bucket_horizon,3.0
70000,system/heartbeat,1.0
70000,dense_rhs/selected_horizon,3.0
70000,dense_rhs/proposed_horizon,2.0
70000,dense_rhs/phase_id,0.0
70000,dense_rhs/num_active_horizons,7.0
70000,dense_rhs/num_candidate_horizons,3.0
70000,dense_rhs/entropy,1.9414265155792236
70000,dense_rhs/norm_entropy,0.997695803642273
70000,dense_rhs/best_fitness,0.03162277489900589
70000,dense_rhs/deployment_score_best,9.999999960041972e-13
70000,dense_rhs/incumbent_deployment_score,9.999999960041972e-13
70000,dense_rhs/proposed_deployment_score,9.999999424161284e-19
70000,dense_rhs/proposed_transition_cost,nan
70000,dense_rhs/proposed_switch_probability,nan
70000,dense_rhs/proposed_expected_net_benefit,nan
70000,dense_rhs/transition_cost_best,0.0
70000,dense_rhs/transition_adjusted_score_best,9.999999960041972e-13
70000,dense_rhs/switch_probability_best,0.5
70000,dense_rhs/expected_improvement_best,0.564189612865448
70000,dense_rhs/expected_loss_best,0.564189612865448
70000,dense_rhs/expected_net_benefit_best,0.0
70000,dense_rhs/return_term_best,1.0
70000,dense_rhs/roughness_term_best,0.0
70000,dense_rhs/return_std_term_best,1.0
70000,dense_rhs/learner_proxy_term_best,0.0
70000,dense_rhs/model_prefix_loss_best,nan
70000,dense_rhs/model_probe_prefix_best,nan
70000,dense_rhs/planner_return_best,nan
70000,dense_rhs/roughness_best,nan
70000,dense_rhs/robust_return_best,0.0
70000,timing/query_model_diag_s,13.859607036225498
70000,timing/query_env_eval_s,40.354475151281804
70000,timing/query_finalize_s,0.8105995352379978
70000,timing/query_total_s,55.21639615576714
70000,dense_rhs/candidate_3_fitness,0.03162277489900589
70000,dense_rhs/candidate_3_deployment_score,9.999999960041972e-13
70000,dense_rhs/candidate_3_transition_cost,0.0
70000,dense_rhs/candidate_3_transition_adjusted_score,9.999999960041972e-13
70000,dense_rhs/candidate_3_switch_probability,0.5
70000,dense_rhs/candidate_3_expected_net_benefit,0.0
70000,dense_rhs/candidate_3_return,0.0
70000,dense_rhs/candidate_3_return_term,1.0
70000,dense_rhs/candidate_3_roughness_term,0.0
70000,dense_rhs/candidate_3_return_std_term,1.0
70000,dense_rhs/candidate_3_learner_proxy_term,0.0
70000,dense_rhs/candidate_2_fitness,0.03162277489900589
70000,dense_rhs/candidate_2_deployment_score,9.999999424161284e-19
70000,dense_rhs/candidate_2_transition_cost,nan
70000,dense_rhs/candidate_2_transition_adjusted_score,nan
70000,dense_rhs/candidate_2_switch_probability,nan
70000,dense_rhs/candidate_2_expected_net_benefit,nan
70000,dense_rhs/candidate_2_return,-0.27046114206314087
70000,dense_rhs/candidate_2_return_term,1.0
70000,dense_rhs/candidate_2_roughness_term,0.0
70000,dense_rhs/candidate_2_return_std_term,0.0
70000,dense_rhs/candidate_2_learner_proxy_term,0.0
70000,dense_rhs/candidate_4_fitness,0.03162277489900589
70000,dense_rhs/candidate_4_deployment_score,9.999999960041972e-13
70000,dense_rhs/candidate_4_transition_cost,nan
70000,dense_rhs/candidate_4_transition_adjusted_score,nan
70000,dense_rhs/candidate_4_switch_probability,nan
70000,dense_rhs/candidate_4_expected_net_benefit,nan
70000,dense_rhs/candidate_4_return,0.0
70000,dense_rhs/candidate_4_return_term,1.0
70000,dense_rhs/candidate_4_roughness_term,0.0
70000,dense_rhs/candidate_4_return_std_term,1.0
70000,dense_rhs/candidate_4_learner_proxy_term,0.0
70000,dense_rhs/deployment_utility_enabled,1.0
70000,dense_rhs/deployment_utility_observations,0.0
70000,dense_rhs/deployment_utility_last_observed_gain,0.0
70000,dense_rhs/candidate_2_expected_eval_gain,0.0
70000,dense_rhs/candidate_2_eval_gain_uncertainty,150.0
70000,dense_rhs/candidate_2_deployment_utility_score,37.5
70000,dense_rhs/candidate_3_expected_eval_gain,0.0
70000,dense_rhs/candidate_3_eval_gain_uncertainty,150.0
70000,dense_rhs/candidate_3_deployment_utility_score,37.5
70000,dense_rhs/candidate_4_expected_eval_gain,0.0
70000,dense_rhs/candidate_4_eval_gain_uncertainty,150.0
70000,dense_rhs/candidate_4_deployment_utility_score,37.5
70000,dense_rhs/deployment_utility_override,0.0
70000,dense_rhs/deployment_utility_selected_expected_gain,0.0
70000,dense_rhs/deployment_utility_selected_uncertainty,150.0
70000,dense_rhs/deployment_utility_selected_score,37.5
70000,dense_rhs/deployment_utility_proposed_horizon,2.0
70000,dense_rhs/deployment_utility_proposed_expected_gain,0.0
70000,dense_rhs/deployment_utility_proposed_uncertainty,150.0
70000,dense_rhs/deployment_utility_proposed_score,37.5
70000,dense_rhs/previous_horizon,3.0
70000,dense_rhs/training_bucket_horizon,3.0
70000,dense_rhs/best_h,3.0
70000,dense_rhs/prob_best_h,0.166015625
70000,dense_rhs/gauss_mean_best_h,0.03162277489900589
70000,dense_rhs/gauss_post_std_best_h,1.0
70000,system/heartbeat,1.0
71992,episode/return,0.0
71992,episode/length,500.0
71993,episode/return,0.0
71993,episode/length,500.0
71994,episode/return,0.0
71994,episode/length,500.0
71995,episode/return,0.0
71995,episode/length,500.0
71996,episode/return,0.0
71996,episode/length,500.0
71997,episode/return,0.0
71997,episode/length,500.0
71998,episode/return,0.0
71998,episode/length,500.0
71999,episode/return,0.0
71999,episode/length,500.0
75992,episode/return,0.0
75992,episode/length,500.0
75993,episode/return,0.0
75993,episode/length,500.0
75994,episode/return,0.0
75994,episode/length,500.0
75995,episode/return,0.0
75995,episode/length,500.0
75996,episode/return,0.0
75996,episode/length,500.0
75997,episode/return,1.0
75997,episode/length,500.0
75998,episode/return,0.0
75998,episode/length,500.0
75999,episode/return,0.0
75999,episode/length,500.0
79992,episode/return,0.0
79992,episode/length,500.0
79993,episode/return,0.0
79993,episode/length,500.0
79994,episode/return,0.0
79994,episode/length,500.0
79995,episode/return,0.0
79995,episode/length,500.0
79996,episode/return,0.0
79996,episode/length,500.0
79997,episode/return,0.0
79997,episode/length,500.0
79998,episode/return,0.0
79998,episode/length,500.0
79999,episode/return,0.0
79999,episode/length,500.0
80000,train/consistency_loss_mean,nan
80000,train/consistency_loss_std,nan
80000,train/continue_loss_mean,0.0
80000,train/continue_loss_std,0.0
80000,train/grad_norm_mean,nan
80000,train/grad_norm_std,nan
80000,train/policy_log_std_mean,nan
80000,train/policy_log_std_std,nan
80000,train/policy_loss_mean,nan
80000,train/policy_loss_std,nan
80000,train/reward_loss_mean,nan
80000,train/reward_loss_std,nan
80000,train/total_loss_mean,nan
80000,train/total_loss_std,nan
80000,train/value_loss_mean,nan
80000,train/value_loss_std,nan
80000,train/value_scale_mean,nan
80000,train/value_scale_std,nan
80000,timing/collect_chunk_s,182.48642081627622
80000,timing/train_chunk_s,20.632207971531898
80000,dense_rhs/training_bucket_horizon,3.0
80000,system/heartbeat,1.0
83992,episode/return,0.0
83992,episode/length,500.0
83993,episode/return,0.0
83993,episode/length,500.0
83994,episode/return,1.0
83994,episode/length,500.0
83995,episode/return,0.0
83995,episode/length,500.0
83996,episode/return,0.0
83996,episode/length,500.0
83997,episode/return,0.0
83997,episode/length,500.0
83998,episode/return,0.0
83998,episode/length,500.0
83999,episode/return,1.0
83999,episode/length,500.0
87992,episode/return,0.0
87992,episode/length,500.0
87993,episode/return,0.0
87993,episode/length,500.0
87994,episode/return,0.0
87994,episode/length,500.0
87995,episode/return,1.0
87995,episode/length,500.0
87996,episode/return,1.0
87996,episode/length,500.0
87997,episode/return,0.0
87997,episode/length,500.0
87998,episode/return,0.0
87998,episode/length,500.0
87999,episode/return,0.0
87999,episode/length,500.0
90000,train/consistency_loss_mean,nan
90000,train/consistency_loss_std,nan
90000,train/continue_loss_mean,0.0
90000,train/continue_loss_std,0.0
90000,train/grad_norm_mean,nan
90000,train/grad_norm_std,nan
90000,train/policy_log_std_mean,nan
90000,train/policy_log_std_std,nan
90000,train/policy_loss_mean,nan
90000,train/policy_loss_std,nan
90000,train/reward_loss_mean,nan
90000,train/reward_loss_std,nan
90000,train/total_loss_mean,nan
90000,train/total_loss_std,nan
90000,train/value_loss_mean,nan
90000,train/value_loss_std,nan
90000,train/value_scale_mean,nan
90000,train/value_scale_std,nan
90000,timing/collect_chunk_s,177.68911707401276
90000,timing/train_chunk_s,20.51645315019414
90000,dense_rhs/training_bucket_horizon,3.0
90000,system/heartbeat,1.0
91992,episode/return,0.0
91992,episode/length,500.0
91993,episode/return,0.0
91993,episode/length,500.0
91994,episode/return,0.0
91994,episode/length,500.0
91995,episode/return,0.0
91995,episode/length,500.0
91996,episode/return,1.0
91996,episode/length,500.0
91997,episode/return,0.0
91997,episode/length,500.0
91998,episode/return,0.0
91998,episode/length,500.0
91999,episode/return,1.0
91999,episode/length,500.0
95992,episode/return,0.0
95992,episode/length,500.0
95993,episode/return,4.0
95993,episode/length,500.0
95994,episode/return,0.0
95994,episode/length,500.0
95995,episode/return,0.0
95995,episode/length,500.0
95996,episode/return,0.0
95996,episode/length,500.0
95997,episode/return,0.0
95997,episode/length,500.0
95998,episode/return,1.0
95998,episode/length,500.0
95999,episode/return,0.0
95999,episode/length,500.0
99992,episode/return,0.0
99992,episode/length,500.0
99993,episode/return,0.0
99993,episode/length,500.0
99994,episode/return,0.0
99994,episode/length,500.0
99995,episode/return,1.0
99995,episode/length,500.0
99996,episode/return,1.0
99996,episode/length,500.0
99997,episode/return,0.0
99997,episode/length,500.0
99998,episode/return,0.0
99998,episode/length,500.0
99999,episode/return,1.0
99999,episode/length,500.0
100000,train/consistency_loss_mean,nan
100000,train/consistency_loss_std,nan
100000,train/continue_loss_mean,0.0
100000,train/continue_loss_std,0.0
100000,train/grad_norm_mean,nan
100000,train/grad_norm_std,nan
100000,train/policy_log_std_mean,nan
100000,train/policy_log_std_std,nan
100000,train/policy_loss_mean,nan
100000,train/policy_loss_std,nan
100000,train/reward_loss_mean,nan
100000,train/reward_loss_std,nan
100000,train/total_loss_mean,nan
100000,train/total_loss_std,nan
100000,train/value_loss_mean,nan
100000,train/value_loss_std,nan
100000,train/value_scale_mean,nan
100000,train/value_scale_std,nan
100000,timing/collect_chunk_s,178.21750205289572
100000,timing/train_chunk_s,20.563789535779506
100000,dense_rhs/training_bucket_horizon,3.0
100000,system/heartbeat,1.0
100000,timing/checkpoint_blocking_s,0.34284460404887795
100000,eval/return_mean,22.149999618530273
100000,eval/return_std,96.32044982910156
100000,eval/return_max,442.0
100000,eval/return_min,0.0
100000,dense_rhs/deployment_utility_last_observed_gain,21.649999618530273
100000,dense_rhs/deployment_utility_observations,1.0
100000,timing/eval_s,58.01561455661431
100000,eval/selected_horizon,3.0
100000,eval/training_bucket_horizon,3.0
100000,system/heartbeat,1.0
103992,episode/return,0.0
103992,episode/length,500.0
103993,episode/return,0.0
103993,episode/length,500.0
103994,episode/return,0.0
103994,episode/length,500.0
103995,episode/return,0.0
103995,episode/length,500.0
103996,episode/return,0.0
103996,episode/length,500.0
103997,episode/return,0.0
103997,episode/length,500.0
103998,episode/return,2.0
103998,episode/length,500.0
103999,episode/return,0.0
103999,episode/length,500.0
107992,episode/return,0.0
107992,episode/length,500.0
107993,episode/return,1.0
107993,episode/length,500.0
107994,episode/return,0.0
107994,episode/length,500.0
107995,episode/return,0.0
107995,episode/length,500.0
107996,episode/return,0.0
107996,episode/length,500.0
107997,episode/return,1.0
107997,episode/length,500.0
107998,episode/return,0.0
107998,episode/length,500.0
107999,episode/return,0.0
107999,episode/length,500.0
110000,train/consistency_loss_mean,nan
110000,train/consistency_loss_std,nan
110000,train/continue_loss_mean,0.0
110000,train/continue_loss_std,0.0
110000,train/grad_norm_mean,nan
110000,train/grad_norm_std,nan
110000,train/policy_log_std_mean,nan
110000,train/policy_log_std_std,nan
110000,train/policy_loss_mean,nan
110000,train/policy_loss_std,nan
110000,train/reward_loss_mean,nan
110000,train/reward_loss_std,nan
110000,train/total_loss_mean,nan
110000,train/total_loss_std,nan
110000,train/value_loss_mean,nan
110000,train/value_loss_std,nan
110000,train/value_scale_mean,nan
110000,train/value_scale_std,nan
110000,timing/collect_chunk_s,179.341335256584
110000,timing/train_chunk_s,20.583929081447423
110000,dense_rhs/training_bucket_horizon,3.0
110000,system/heartbeat,1.0
111992,episode/return,0.0
111992,episode/length,500.0
111993,episode/return,1.0
111993,episode/length,500.0
111994,episode/return,0.0
111994,episode/length,500.0
111995,episode/return,0.0
111995,episode/length,500.0
111996,episode/return,0.0
111996,episode/length,500.0
111997,episode/return,0.0
111997,episode/length,500.0
111998,episode/return,0.0
111998,episode/length,500.0
111999,episode/return,0.0
111999,episode/length,500.0
115992,episode/return,0.0
115992,episode/length,500.0
115993,episode/return,0.0
115993,episode/length,500.0
115994,episode/return,0.0
115994,episode/length,500.0
115995,episode/return,0.0
115995,episode/length,500.0
115996,episode/return,0.0
115996,episode/length,500.0
115997,episode/return,0.0
115997,episode/length,500.0
115998,episode/return,0.0
115998,episode/length,500.0
115999,episode/return,1.0
115999,episode/length,500.0
119992,episode/return,0.0
119992,episode/length,500.0
119993,episode/return,0.0
119993,episode/length,500.0
119994,episode/return,0.0
119994,episode/length,500.0
119995,episode/return,3.0
119995,episode/length,500.0
119996,episode/return,0.0
119996,episode/length,500.0
119997,episode/return,0.0
119997,episode/length,500.0
119998,episode/return,0.0
119998,episode/length,500.0
119999,episode/return,0.0
119999,episode/length,500.0
120000,train/consistency_loss_mean,nan
120000,train/consistency_loss_std,nan
120000,train/continue_loss_mean,0.0
120000,train/continue_loss_std,0.0
120000,train/grad_norm_mean,nan
120000,train/grad_norm_std,nan
120000,train/policy_log_std_mean,nan
120000,train/policy_log_std_std,nan
120000,train/policy_loss_mean,nan
120000,train/policy_loss_std,nan
120000,train/reward_loss_mean,nan
120000,train/reward_loss_std,nan
120000,train/total_loss_mean,nan
120000,train/total_loss_std,nan
120000,train/value_loss_mean,nan
120000,train/value_loss_std,nan
120000,train/value_scale_mean,nan
120000,train/value_scale_std,nan
120000,timing/collect_chunk_s,184.67019753996283
120000,timing/train_chunk_s,20.63393475813791
120000,dense_rhs/training_bucket_horizon,3.0
120000,system/heartbeat,1.0
120000,dense_rhs/selected_horizon,3.0
120000,dense_rhs/proposed_horizon,2.0
120000,dense_rhs/phase_id,0.0
120000,dense_rhs/num_active_horizons,7.0
120000,dense_rhs/num_candidate_horizons,3.0
120000,dense_rhs/entropy,1.6152467727661133
120000,dense_rhs/norm_entropy,0.8300725817680359
120000,dense_rhs/best_fitness,0.03162277489900589
120000,dense_rhs/deployment_score_best,5.669873208088982e-13
120000,dense_rhs/incumbent_deployment_score,5.669873208088982e-13
120000,dense_rhs/proposed_deployment_score,9.999999424161284e-19
120000,dense_rhs/proposed_transition_cost,nan
120000,dense_rhs/proposed_switch_probability,nan
120000,dense_rhs/proposed_expected_net_benefit,nan
120000,dense_rhs/transition_cost_best,0.0
120000,dense_rhs/transition_adjusted_score_best,5.669873208088982e-13
120000,dense_rhs/switch_probability_best,0.5
120000,dense_rhs/expected_improvement_best,0.564189612865448
120000,dense_rhs/expected_loss_best,0.564189612865448
120000,dense_rhs/expected_net_benefit_best,0.0
120000,dense_rhs/return_term_best,1.0
120000,dense_rhs/roughness_term_best,0.0
120000,dense_rhs/return_std_term_best,0.5669872760772705
120000,dense_rhs/learner_proxy_term_best,0.0
120000,dense_rhs/model_prefix_loss_best,nan
120000,dense_rhs/model_probe_prefix_best,nan
120000,dense_rhs/planner_return_best,nan
120000,dense_rhs/roughness_best,nan
120000,dense_rhs/robust_return_best,-0.17956145107746124
120000,timing/query_model_diag_s,13.845163124147803
120000,timing/query_env_eval_s,24.5972669031471
120000,timing/query_finalize_s,0.7710768659599125
120000,timing/query_total_s,39.21880533033982
120000,dense_rhs/candidate_3_fitness,0.03162277489900589
120000,dense_rhs/candidate_3_deployment_score,5.669873208088982e-13
120000,dense_rhs/candidate_3_transition_cost,0.0
120000,dense_rhs/candidate_3_transition_adjusted_score,5.669873208088982e-13
120000,dense_rhs/candidate_3_switch_probability,0.5
120000,dense_rhs/candidate_3_expected_net_benefit,0.0
120000,dense_rhs/candidate_3_return,-0.17956145107746124
120000,dense_rhs/candidate_3_return_term,1.0
120000,dense_rhs/candidate_3_roughness_term,0.0
120000,dense_rhs/candidate_3_return_std_term,0.5669872760772705
120000,dense_rhs/candidate_3_learner_proxy_term,0.0
120000,dense_rhs/candidate_2_fitness,0.03162277489900589
120000,dense_rhs/candidate_2_deployment_score,9.999999424161284e-19
120000,dense_rhs/candidate_2_transition_cost,nan
120000,dense_rhs/candidate_2_transition_adjusted_score,nan
120000,dense_rhs/candidate_2_switch_probability,nan
120000,dense_rhs/candidate_2_expected_net_benefit,nan
120000,dense_rhs/candidate_2_return,-0.3090169429779053
120000,dense_rhs/candidate_2_return_term,1.0
120000,dense_rhs/candidate_2_roughness_term,0.0
120000,dense_rhs/candidate_2_return_std_term,0.0
120000,dense_rhs/candidate_2_learner_proxy_term,0.0
120000,dense_rhs/candidate_4_fitness,0.03162277489900589
120000,dense_rhs/candidate_4_deployment_score,3.0178791865682897e-13
120000,dense_rhs/candidate_4_transition_cost,nan
120000,dense_rhs/candidate_4_transition_adjusted_score,nan
120000,dense_rhs/candidate_4_switch_probability,nan
120000,dense_rhs/candidate_4_expected_net_benefit,nan
120000,dense_rhs/candidate_4_return,-0.20281237363815308
120000,dense_rhs/candidate_4_return_term,1.0
120000,dense_rhs/candidate_4_roughness_term,0.0
120000,dense_rhs/candidate_4_return_std_term,0.3017879128456116
120000,dense_rhs/candidate_4_learner_proxy_term,0.0
120000,dense_rhs/deployment_utility_enabled,1.0
120000,dense_rhs/deployment_utility_observations,1.0
120000,dense_rhs/deployment_utility_last_observed_gain,21.649999618530273
120000,dense_rhs/candidate_2_expected_eval_gain,0.0
120000,dense_rhs/candidate_2_eval_gain_uncertainty,150.0
120000,dense_rhs/candidate_2_deployment_utility_score,37.5
120000,dense_rhs/candidate_3_expected_eval_gain,21.649999618530273
120000,dense_rhs/candidate_3_eval_gain_uncertainty,106.06601717798212
120000,dense_rhs/candidate_3_deployment_utility_score,48.16650391302581
120000,dense_rhs/candidate_4_expected_eval_gain,0.0
120000,dense_rhs/candidate_4_eval_gain_uncertainty,150.0
120000,dense_rhs/candidate_4_deployment_utility_score,37.5
120000,dense_rhs/deployment_utility_override,0.0
120000,dense_rhs/deployment_utility_selected_expected_gain,21.649999618530273
120000,dense_rhs/deployment_utility_selected_uncertainty,106.06601717798212
120000,dense_rhs/deployment_utility_selected_score,48.16650391302581
120000,dense_rhs/deployment_utility_proposed_horizon,3.0
120000,dense_rhs/deployment_utility_proposed_expected_gain,21.649999618530273
120000,dense_rhs/deployment_utility_proposed_uncertainty,106.06601717798212
120000,dense_rhs/deployment_utility_proposed_score,48.16650391302581
120000,dense_rhs/previous_horizon,3.0
120000,dense_rhs/training_bucket_horizon,3.0
120000,dense_rhs/best_h,3.0
120000,dense_rhs/prob_best_h,0.021484375
120000,dense_rhs/gauss_mean_best_h,0.03162277489900589
120000,dense_rhs/gauss_post_std_best_h,0.0007071067811921239
120000,system/heartbeat,1.0
123992,episode/return,0.0
123992,episode/length,500.0
123993,episode/return,0.0
123993,episode/length,500.0
123994,episode/return,0.0
123994,episode/length,500.0
123995,episode/return,1.0
123995,episode/length,500.0
123996,episode/return,0.0
123996,episode/length,500.0
123997,episode/return,0.0
123997,episode/length,500.0
123998,episode/return,1.0
123998,episode/length,500.0
123999,episode/return,0.0
123999,episode/length,500.0
127992,episode/return,1.0
127992,episode/length,500.0
127993,episode/return,0.0
127993,episode/length,500.0
127994,episode/return,0.0
127994,episode/length,500.0
127995,episode/return,1.0
127995,episode/length,500.0
127996,episode/return,0.0
127996,episode/length,500.0
127997,episode/return,0.0
127997,episode/length,500.0
127998,episode/return,0.0
127998,episode/length,500.0
127999,episode/return,0.0
127999,episode/length,500.0
130000,train/consistency_loss_mean,nan
130000,train/consistency_loss_std,nan
130000,train/continue_loss_mean,0.0
130000,train/continue_loss_std,0.0
130000,train/grad_norm_mean,nan
130000,train/grad_norm_std,nan
130000,train/policy_log_std_mean,nan
130000,train/policy_log_std_std,nan
130000,train/policy_loss_mean,nan
130000,train/policy_loss_std,nan
130000,train/reward_loss_mean,nan
130000,train/reward_loss_std,nan
130000,train/total_loss_mean,nan
130000,train/total_loss_std,nan
130000,train/value_loss_mean,nan
130000,train/value_loss_std,nan
130000,train/value_scale_mean,nan
130000,train/value_scale_std,nan
130000,timing/collect_chunk_s,179.77702376199886
130000,timing/train_chunk_s,20.581152041908354
130000,dense_rhs/training_bucket_horizon,3.0
130000,system/heartbeat,1.0
131992,episode/return,0.0
131992,episode/length,500.0
131993,episode/return,0.0
131993,episode/length,500.0
131994,episode/return,0.0
131994,episode/length,500.0
131995,episode/return,0.0
131995,episode/length,500.0
131996,episode/return,0.0
131996,episode/length,500.0
131997,episode/return,0.0
131997,episode/length,500.0
131998,episode/return,0.0
131998,episode/length,500.0
131999,episode/return,1.0
131999,episode/length,500.0
135992,episode/return,0.0
135992,episode/length,500.0
135993,episode/return,0.0
135993,episode/length,500.0
135994,episode/return,1.0
135994,episode/length,500.0
135995,episode/return,0.0
135995,episode/length,500.0
135996,episode/return,0.0
135996,episode/length,500.0
135997,episode/return,0.0
135997,episode/length,500.0
135998,episode/return,0.0
135998,episode/length,500.0
135999,episode/return,0.0
135999,episode/length,500.0
139992,episode/return,0.0
139992,episode/length,500.0
139993,episode/return,0.0
139993,episode/length,500.0
139994,episode/return,4.0
139994,episode/length,500.0
139995,episode/return,0.0
139995,episode/length,500.0
139996,episode/return,0.0
139996,episode/length,500.0
139997,episode/return,0.0
139997,episode/length,500.0
139998,episode/return,0.0
139998,episode/length,500.0
139999,episode/return,0.0
139999,episode/length,500.0
140000,train/consistency_loss_mean,nan
140000,train/consistency_loss_std,nan
140000,train/continue_loss_mean,0.0
140000,train/continue_loss_std,0.0
140000,train/grad_norm_mean,nan
140000,train/grad_norm_std,nan
140000,train/policy_log_std_mean,nan
140000,train/policy_log_std_std,nan
140000,train/policy_loss_mean,nan
140000,train/policy_loss_std,nan
140000,train/reward_loss_mean,nan
140000,train/reward_loss_std,nan
140000,train/total_loss_mean,nan
140000,train/total_loss_std,nan
140000,train/value_loss_mean,nan
140000,train/value_loss_std,nan
140000,train/value_scale_mean,nan
140000,train/value_scale_std,nan
140000,timing/collect_chunk_s,187.05892794998363
140000,timing/train_chunk_s,20.605345839634538
140000,dense_rhs/training_bucket_horizon,3.0
140000,system/heartbeat,1.0
143992,episode/return,1.0
143992,episode/length,500.0
143993,episode/return,0.0
143993,episode/length,500.0
143994,episode/return,1.0
143994,episode/length,500.0
143995,episode/return,0.0
143995,episode/length,500.0
143996,episode/return,0.0
143996,episode/length,500.0
143997,episode/return,0.0
143997,episode/length,500.0
143998,episode/return,1.0
143998,episode/length,500.0
143999,episode/return,1.0
143999,episode/length,500.0
147992,episode/return,0.0
147992,episode/length,500.0
147993,episode/return,0.0
147993,episode/length,500.0
147994,episode/return,0.0
147994,episode/length,500.0
147995,episode/return,0.0
147995,episode/length,500.0
147996,episode/return,0.0
147996,episode/length,500.0
147997,episode/return,1.0
147997,episode/length,500.0
147998,episode/return,0.0
147998,episode/length,500.0
147999,episode/return,0.0
147999,episode/length,500.0
150000,train/consistency_loss_mean,nan
150000,train/consistency_loss_std,nan
150000,train/continue_loss_mean,0.0
150000,train/continue_loss_std,0.0
150000,train/grad_norm_mean,nan
150000,train/grad_norm_std,nan
150000,train/policy_log_std_mean,nan
150000,train/policy_log_std_std,nan
150000,train/policy_loss_mean,nan
150000,train/policy_loss_std,nan
150000,train/reward_loss_mean,nan
150000,train/reward_loss_std,nan
150000,train/total_loss_mean,nan
150000,train/total_loss_std,nan
150000,train/value_loss_mean,nan
150000,train/value_loss_std,nan
150000,train/value_scale_mean,nan
150000,train/value_scale_std,nan
150000,timing/collect_chunk_s,177.57638812670484
150000,timing/train_chunk_s,20.56404892448336
150000,dense_rhs/training_bucket_horizon,3.0
150000,system/heartbeat,1.0
150000,timing/checkpoint_blocking_s,0.3446251251734793
150000,eval/return_mean,0.05000000074505806
150000,eval/return_std,0.21794493496418
150000,eval/return_max,1.0
150000,eval/return_min,0.0
150000,dense_rhs/deployment_utility_last_observed_gain,-22.099999617785215
150000,dense_rhs/deployment_utility_observations,2.0
150000,timing/eval_s,58.788891623262316
150000,eval/selected_horizon,3.0
150000,eval/training_bucket_horizon,3.0
150000,system/heartbeat,1.0
151992,episode/return,0.0
151992,episode/length,500.0
151993,episode/return,0.0
151993,episode/length,500.0
151994,episode/return,2.0
151994,episode/length,500.0
151995,episode/return,0.0
151995,episode/length,500.0
151996,episode/return,0.0
151996,episode/length,500.0
151997,episode/return,0.0
151997,episode/length,500.0
151998,episode/return,0.0
151998,episode/length,500.0
151999,episode/return,0.0
151999,episode/length,500.0
155992,episode/return,0.0
155992,episode/length,500.0
155993,episode/return,0.0
155993,episode/length,500.0
155994,episode/return,0.0
155994,episode/length,500.0
155995,episode/return,0.0
155995,episode/length,500.0
155996,episode/return,3.0
155996,episode/length,500.0
155997,episode/return,0.0
155997,episode/length,500.0
155998,episode/return,0.0
155998,episode/length,500.0
155999,episode/return,0.0
155999,episode/length,500.0
159992,episode/return,0.0
159992,episode/length,500.0
159993,episode/return,0.0
159993,episode/length,500.0
159994,episode/return,0.0
159994,episode/length,500.0
159995,episode/return,0.0
159995,episode/length,500.0
159996,episode/return,0.0
159996,episode/length,500.0
159997,episode/return,0.0
159997,episode/length,500.0
159998,episode/return,0.0
159998,episode/length,500.0
159999,episode/return,0.0
159999,episode/length,500.0
160000,train/consistency_loss_mean,nan
160000,train/consistency_loss_std,nan
160000,train/continue_loss_mean,0.0
160000,train/continue_loss_std,0.0
160000,train/grad_norm_mean,nan
160000,train/grad_norm_std,nan
160000,train/policy_log_std_mean,nan
160000,train/policy_log_std_std,nan
160000,train/policy_loss_mean,nan
160000,train/policy_loss_std,nan
160000,train/reward_loss_mean,nan
160000,train/reward_loss_std,nan
160000,train/total_loss_mean,nan
160000,train/total_loss_std,nan
160000,train/value_loss_mean,nan
160000,train/value_loss_std,nan
160000,train/value_scale_mean,nan
160000,train/value_scale_std,nan
160000,timing/collect_chunk_s,179.80269341403618
160000,timing/train_chunk_s,20.616437459364533
160000,dense_rhs/training_bucket_horizon,3.0
160000,system/heartbeat,1.0
163992,episode/return,0.0
163992,episode/length,500.0
163993,episode/return,0.0
163993,episode/length,500.0
163994,episode/return,0.0
163994,episode/length,500.0
163995,episode/return,0.0
163995,episode/length,500.0
163996,episode/return,0.0
163996,episode/length,500.0
163997,episode/return,1.0
163997,episode/length,500.0
163998,episode/return,0.0
163998,episode/length,500.0
163999,episode/return,1.0
163999,episode/length,500.0
167992,episode/return,0.0
167992,episode/length,500.0
167993,episode/return,0.0
167993,episode/length,500.0
167994,episode/return,0.0
167994,episode/length,500.0
167995,episode/return,0.0
167995,episode/length,500.0
167996,episode/return,0.0
167996,episode/length,500.0
167997,episode/return,0.0
167997,episode/length,500.0
167998,episode/return,0.0
167998,episode/length,500.0
167999,episode/return,0.0
167999,episode/length,500.0
170000,train/consistency_loss_mean,nan
170000,train/consistency_loss_std,nan
170000,train/continue_loss_mean,0.0
170000,train/continue_loss_std,0.0
170000,train/grad_norm_mean,nan
170000,train/grad_norm_std,nan
170000,train/policy_log_std_mean,nan
170000,train/policy_log_std_std,nan
170000,train/policy_loss_mean,nan
170000,train/policy_loss_std,nan
170000,train/reward_loss_mean,nan
170000,train/reward_loss_std,nan
170000,train/total_loss_mean,nan
170000,train/total_loss_std,nan
170000,train/value_loss_mean,nan
170000,train/value_loss_std,nan
170000,train/value_scale_mean,nan
170000,train/value_scale_std,nan
170000,timing/collect_chunk_s,176.96686361311004
170000,timing/train_chunk_s,20.563030367717147
170000,dense_rhs/training_bucket_horizon,3.0
170000,system/heartbeat,1.0
170000,dense_rhs/selected_horizon,2.0
170000,dense_rhs/proposed_horizon,2.0
170000,dense_rhs/phase_id,0.0
170000,dense_rhs/num_active_horizons,7.0
170000,dense_rhs/num_candidate_horizons,3.0
170000,dense_rhs/entropy,1.6307190656661987
170000,dense_rhs/norm_entropy,0.8380237817764282
170000,dense_rhs/best_fitness,0.03162277489900589
170000,dense_rhs/deployment_score_best,9.840064960769945e-13
170000,dense_rhs/incumbent_deployment_score,9.999999424161284e-19
170000,dense_rhs/proposed_deployment_score,9.840064960769945e-13
170000,dense_rhs/proposed_transition_cost,nan
170000,dense_rhs/proposed_switch_probability,nan
170000,dense_rhs/proposed_expected_net_benefit,nan
170000,dense_rhs/transition_cost_best,0.0
170000,dense_rhs/transition_adjusted_score_best,9.999999424161284e-19
170000,dense_rhs/switch_probability_best,0.5
170000,dense_rhs/expected_improvement_best,0.02820948138833046
170000,dense_rhs/expected_loss_best,0.02820948138833046
170000,dense_rhs/expected_net_benefit_best,0.0
170000,dense_rhs/return_term_best,1.0
170000,dense_rhs/roughness_term_best,0.0
170000,dense_rhs/return_std_term_best,0.9840065836906433
170000,dense_rhs/learner_proxy_term_best,0.0
170000,dense_rhs/model_prefix_loss_best,nan
170000,dense_rhs/model_probe_prefix_best,nan
170000,dense_rhs/planner_return_best,nan
170000,dense_rhs/roughness_best,nan
170000,dense_rhs/robust_return_best,-1.1054985523223877
170000,timing/query_model_diag_s,0.006084098014980555
170000,timing/query_env_eval_s,24.19119542185217
170000,timing/query_finalize_s,0.0018566269427537918
170000,timing/query_total_s,24.204266750253737
170000,dense_rhs/candidate_3_fitness,0.03162277489900589
170000,dense_rhs/candidate_3_deployment_score,9.999999424161284e-19
170000,dense_rhs/candidate_3_transition_cost,0.0
170000,dense_rhs/candidate_3_transition_adjusted_score,9.999999424161284e-19
170000,dense_rhs/candidate_3_switch_probability,0.5
170000,dense_rhs/candidate_3_expected_net_benefit,0.0
170000,dense_rhs/candidate_3_return,-82.04595947265625
170000,dense_rhs/candidate_3_return_term,1.0
170000,dense_rhs/candidate_3_roughness_term,0.0
170000,dense_rhs/candidate_3_return_std_term,0.0
170000,dense_rhs/candidate_3_learner_proxy_term,0.0
170000,dense_rhs/candidate_2_fitness,0.03162277489900589
170000,dense_rhs/candidate_2_deployment_score,9.840064960769945e-13
170000,dense_rhs/candidate_2_transition_cost,nan
170000,dense_rhs/candidate_2_transition_adjusted_score,nan
170000,dense_rhs/candidate_2_switch_probability,nan
170000,dense_rhs/candidate_2_expected_net_benefit,nan
170000,dense_rhs/candidate_2_return,-1.1054985523223877
170000,dense_rhs/candidate_2_return_term,1.0
170000,dense_rhs/candidate_2_roughness_term,0.0
170000,dense_rhs/candidate_2_return_std_term,0.9840065836906433
170000,dense_rhs/candidate_2_learner_proxy_term,0.0
170000,dense_rhs/candidate_4_fitness,0.03162277489900589
170000,dense_rhs/candidate_4_deployment_score,9.970498818928641e-13
170000,dense_rhs/candidate_4_transition_cost,nan
170000,dense_rhs/candidate_4_transition_adjusted_score,nan
170000,dense_rhs/candidate_4_switch_probability,nan
170000,dense_rhs/candidate_4_expected_net_benefit,nan
170000,dense_rhs/candidate_4_return,-0.20571890473365784
170000,dense_rhs/candidate_4_return_term,1.0
170000,dense_rhs/candidate_4_roughness_term,0.0
170000,dense_rhs/candidate_4_return_std_term,0.9970499873161316
170000,dense_rhs/candidate_4_learner_proxy_term,0.0
170000,dense_rhs/deployment_utility_enabled,1.0
170000,dense_rhs/deployment_utility_observations,2.0
170000,dense_rhs/deployment_utility_last_observed_gain,-22.099999617785215
170000,dense_rhs/candidate_2_expected_eval_gain,0.0
170000,dense_rhs/candidate_2_eval_gain_uncertainty,150.0
170000,dense_rhs/candidate_2_deployment_utility_score,37.5
170000,dense_rhs/candidate_3_expected_eval_gain,-0.22499999962747097
170000,dense_rhs/candidate_3_eval_gain_uncertainty,12.629536918066336
170000,dense_rhs/candidate_3_deployment_utility_score,2.932384229889113
170000,dense_rhs/candidate_4_expected_eval_gain,0.0
170000,dense_rhs/candidate_4_eval_gain_uncertainty,150.0
170000,dense_rhs/candidate_4_deployment_utility_score,37.5
170000,dense_rhs/deployment_utility_override,1.0
170000,dense_rhs/deployment_utility_selected_expected_gain,0.0
170000,dense_rhs/deployment_utility_selected_uncertainty,150.0
170000,dense_rhs/deployment_utility_selected_score,37.5
170000,dense_rhs/deployment_utility_proposed_horizon,2.0
170000,dense_rhs/deployment_utility_proposed_expected_gain,0.0
170000,dense_rhs/deployment_utility_proposed_uncertainty,150.0
170000,dense_rhs/deployment_utility_proposed_score,37.5
170000,dense_rhs/previous_horizon,3.0
170000,dense_rhs/training_bucket_horizon,2.0
170000,dense_rhs/best_h,2.0
170000,dense_rhs/prob_best_h,0.0234375
170000,dense_rhs/gauss_mean_best_h,0.03162277489900589
170000,dense_rhs/gauss_post_std_best_h,0.0005773502634838223
170000,system/heartbeat,1.0
171992,episode/return,0.0
171992,episode/length,500.0
171993,episode/return,0.0
171993,episode/length,500.0
171994,episode/return,0.0
171994,episode/length,500.0
171995,episode/return,0.0
171995,episode/length,500.0
171996,episode/return,0.0
171996,episode/length,500.0
171997,episode/return,0.0
171997,episode/length,500.0
171998,episode/return,0.0
171998,episode/length,500.0
171999,episode/return,0.0
171999,episode/length,500.0
175992,episode/return,0.0
175992,episode/length,500.0
175993,episode/return,0.0
175993,episode/length,500.0
175994,episode/return,0.0
175994,episode/length,500.0
175995,episode/return,0.0
175995,episode/length,500.0
175996,episode/return,0.0
175996,episode/length,500.0
175997,episode/return,0.0
175997,episode/length,500.0
175998,episode/return,0.0
175998,episode/length,500.0
175999,episode/return,0.0
175999,episode/length,500.0
179992,episode/return,0.0
179992,episode/length,500.0
179993,episode/return,0.0
179993,episode/length,500.0
179994,episode/return,0.0
179994,episode/length,500.0
179995,episode/return,0.0
179995,episode/length,500.0
179996,episode/return,0.0
179996,episode/length,500.0
179997,episode/return,0.0
179997,episode/length,500.0
179998,episode/return,1.0
179998,episode/length,500.0
179999,episode/return,0.0
179999,episode/length,500.0
180000,train/consistency_loss_mean,nan
180000,train/consistency_loss_std,nan
180000,train/continue_loss_mean,0.0
180000,train/continue_loss_std,0.0
180000,train/grad_norm_mean,nan
180000,train/grad_norm_std,nan
180000,train/policy_log_std_mean,nan
180000,train/policy_log_std_std,nan
180000,train/policy_loss_mean,nan
180000,train/policy_loss_std,nan
180000,train/reward_loss_mean,nan
180000,train/reward_loss_std,nan
180000,train/total_loss_mean,nan
180000,train/total_loss_std,nan
180000,train/value_loss_mean,nan
180000,train/value_loss_std,nan
180000,train/value_scale_mean,nan
180000,train/value_scale_std,nan
180000,timing/collect_chunk_s,225.66206014854833
180000,timing/train_chunk_s,193.37904359633103
180000,dense_rhs/training_bucket_horizon,2.0
180000,system/heartbeat,1.0
183992,episode/return,1.0
183992,episode/length,500.0
183993,episode/return,0.0
183993,episode/length,500.0
183994,episode/return,0.0
183994,episode/length,500.0
183995,episode/return,0.0
183995,episode/length,500.0
183996,episode/return,0.0
183996,episode/length,500.0
183997,episode/return,0.0
183997,episode/length,500.0
183998,episode/return,0.0
183998,episode/length,500.0
183999,episode/return,0.0
183999,episode/length,500.0
187992,episode/return,0.0
187992,episode/length,500.0
187993,episode/return,0.0
187993,episode/length,500.0
187994,episode/return,0.0
187994,episode/length,500.0
187995,episode/return,0.0
187995,episode/length,500.0
187996,episode/return,1.0
187996,episode/length,500.0
187997,episode/return,0.0
187997,episode/length,500.0
187998,episode/return,0.0
187998,episode/length,500.0
187999,episode/return,0.0
187999,episode/length,500.0
190000,train/consistency_loss_mean,nan
190000,train/consistency_loss_std,nan
190000,train/continue_loss_mean,0.0
190000,train/continue_loss_std,0.0
190000,train/grad_norm_mean,nan
190000,train/grad_norm_std,nan
190000,train/policy_log_std_mean,nan
190000,train/policy_log_std_std,nan
190000,train/policy_loss_mean,nan
190000,train/policy_loss_std,nan
190000,train/reward_loss_mean,nan
190000,train/reward_loss_std,nan
190000,train/total_loss_mean,nan
190000,train/total_loss_std,nan
190000,train/value_loss_mean,nan
190000,train/value_loss_std,nan
190000,train/value_scale_mean,nan
190000,train/value_scale_std,nan
190000,timing/collect_chunk_s,196.69376526866108
190000,timing/train_chunk_s,16.14409077167511
190000,dense_rhs/training_bucket_horizon,2.0
190000,system/heartbeat,1.0
191992,episode/return,0.0
191992,episode/length,500.0
191993,episode/return,0.0
191993,episode/length,500.0
191994,episode/return,0.0
191994,episode/length,500.0
191995,episode/return,0.0
191995,episode/length,500.0
191996,episode/return,0.0
191996,episode/length,500.0
191997,episode/return,1.0
191997,episode/length,500.0
191998,episode/return,0.0
191998,episode/length,500.0
191999,episode/return,0.0
191999,episode/length,500.0
195992,episode/return,0.0
195992,episode/length,500.0
195993,episode/return,0.0
195993,episode/length,500.0
195994,episode/return,0.0
195994,episode/length,500.0
195995,episode/return,0.0
195995,episode/length,500.0
195996,episode/return,3.0
195996,episode/length,500.0
195997,episode/return,0.0
195997,episode/length,500.0
195998,episode/return,0.0
195998,episode/length,500.0
195999,episode/return,0.0
195999,episode/length,500.0
199992,episode/return,0.0
199992,episode/length,500.0
199993,episode/return,0.0
199993,episode/length,500.0
199994,episode/return,0.0
199994,episode/length,500.0
199995,episode/return,0.0
199995,episode/length,500.0
199996,episode/return,0.0
199996,episode/length,500.0
199997,episode/return,0.0
199997,episode/length,500.0
199998,episode/return,0.0
199998,episode/length,500.0
199999,episode/return,0.0
199999,episode/length,500.0
200000,train/consistency_loss_mean,nan
200000,train/consistency_loss_std,nan
200000,train/continue_loss_mean,0.0
200000,train/continue_loss_std,0.0
200000,train/grad_norm_mean,nan
200000,train/grad_norm_std,nan
200000,train/policy_log_std_mean,nan
200000,train/policy_log_std_std,nan
200000,train/policy_loss_mean,nan
200000,train/policy_loss_std,nan
200000,train/reward_loss_mean,nan
200000,train/reward_loss_std,nan
200000,train/total_loss_mean,nan
200000,train/total_loss_std,nan
200000,train/value_loss_mean,nan
200000,train/value_loss_std,nan
200000,train/value_scale_mean,nan
200000,train/value_scale_std,nan
200000,timing/collect_chunk_s,188.16638118540868
200000,timing/train_chunk_s,16.102209622971714
200000,dense_rhs/training_bucket_horizon,2.0
200000,system/heartbeat,1.0
200000,timing/checkpoint_blocking_s,0.34237188193947077
200000,eval/return_mean,0.20000000298023224
200000,eval/return_std,0.4000000059604645
200000,eval/return_max,1.0
200000,eval/return_min,0.0
200000,dense_rhs/deployment_utility_last_observed_gain,0.15000000223517418
200000,dense_rhs/deployment_utility_observations,3.0
200000,timing/eval_s,70.96113510802388
200000,eval/selected_horizon,2.0
200000,eval/training_bucket_horizon,2.0
200000,system/heartbeat,1.0
203992,episode/return,0.0
203992,episode/length,500.0
203993,episode/return,0.0
203993,episode/length,500.0
203994,episode/return,0.0
203994,episode/length,500.0
203995,episode/return,0.0
203995,episode/length,500.0
203996,episode/return,0.0
203996,episode/length,500.0
203997,episode/return,1.0
203997,episode/length,500.0
203998,episode/return,0.0
203998,episode/length,500.0
203999,episode/return,0.0
203999,episode/length,500.0
207992,episode/return,0.0
207992,episode/length,500.0
207993,episode/return,0.0
207993,episode/length,500.0
207994,episode/return,0.0
207994,episode/length,500.0
207995,episode/return,0.0
207995,episode/length,500.0
207996,episode/return,0.0
207996,episode/length,500.0
207997,episode/return,0.0
207997,episode/length,500.0
207998,episode/return,0.0
207998,episode/length,500.0
207999,episode/return,0.0
207999,episode/length,500.0
210000,train/consistency_loss_mean,nan
210000,train/consistency_loss_std,nan
210000,train/continue_loss_mean,0.0
210000,train/continue_loss_std,0.0
210000,train/grad_norm_mean,nan
210000,train/grad_norm_std,nan
210000,train/policy_log_std_mean,nan
210000,train/policy_log_std_std,nan
210000,train/policy_loss_mean,nan
210000,train/policy_loss_std,nan
210000,train/reward_loss_mean,nan
210000,train/reward_loss_std,nan
210000,train/total_loss_mean,nan
210000,train/total_loss_std,nan
210000,train/value_loss_mean,nan
210000,train/value_loss_std,nan
210000,train/value_scale_mean,nan
210000,train/value_scale_std,nan
210000,timing/collect_chunk_s,143.47544020600617
210000,timing/train_chunk_s,16.17008910793811
210000,dense_rhs/training_bucket_horizon,2.0
210000,system/heartbeat,1.0
211992,episode/return,0.0
211992,episode/length,500.0
211993,episode/return,0.0
211993,episode/length,500.0
211994,episode/return,0.0
211994,episode/length,500.0
211995,episode/return,0.0
211995,episode/length,500.0
211996,episode/return,0.0
211996,episode/length,500.0
211997,episode/return,1.0
211997,episode/length,500.0
211998,episode/return,1.0
211998,episode/length,500.0
211999,episode/return,0.0
211999,episode/length,500.0
215992,episode/return,0.0
215992,episode/length,500.0
215993,episode/return,0.0
215993,episode/length,500.0
215994,episode/return,0.0
215994,episode/length,500.0
215995,episode/return,0.0
215995,episode/length,500.0
215996,episode/return,0.0
215996,episode/length,500.0
215997,episode/return,0.0
215997,episode/length,500.0
215998,episode/return,1.0
215998,episode/length,500.0
215999,episode/return,0.0
215999,episode/length,500.0
219992,episode/return,0.0
219992,episode/length,500.0
219993,episode/return,0.0
219993,episode/length,500.0
219994,episode/return,0.0
219994,episode/length,500.0
219995,episode/return,0.0
219995,episode/length,500.0
219996,episode/return,0.0
219996,episode/length,500.0
219997,episode/return,0.0
219997,episode/length,500.0
219998,episode/return,1.0
219998,episode/length,500.0
219999,episode/return,0.0
219999,episode/length,500.0
220000,train/consistency_loss_mean,nan
220000,train/consistency_loss_std,nan
220000,train/continue_loss_mean,0.0
220000,train/continue_loss_std,0.0
220000,train/grad_norm_mean,nan
220000,train/grad_norm_std,nan
220000,train/policy_log_std_mean,nan
220000,train/policy_log_std_std,nan
220000,train/policy_loss_mean,nan
220000,train/policy_loss_std,nan
220000,train/reward_loss_mean,nan
220000,train/reward_loss_std,nan
220000,train/total_loss_mean,nan
220000,train/total_loss_std,nan
220000,train/value_loss_mean,nan
220000,train/value_loss_std,nan
220000,train/value_scale_mean,nan
220000,train/value_scale_std,nan
220000,timing/collect_chunk_s,192.8297657808289
220000,timing/train_chunk_s,16.12704427773133
220000,dense_rhs/training_bucket_horizon,2.0
220000,system/heartbeat,1.0
220000,dense_rhs/selected_horizon,2.0
220000,dense_rhs/proposed_horizon,3.0
220000,dense_rhs/phase_id,0.0
220000,dense_rhs/num_active_horizons,7.0
220000,dense_rhs/num_candidate_horizons,2.0
220000,dense_rhs/entropy,1.581272840499878
220000,dense_rhs/norm_entropy,0.8126134276390076
220000,dense_rhs/best_fitness,0.03162277489900589
220000,dense_rhs/deployment_score_best,9.999999960041972e-13
220000,dense_rhs/incumbent_deployment_score,9.999999960041972e-13
220000,dense_rhs/proposed_deployment_score,9.999999424161284e-19
220000,dense_rhs/proposed_transition_cost,nan
220000,dense_rhs/proposed_switch_probability,nan
220000,dense_rhs/proposed_expected_net_benefit,nan
220000,dense_rhs/transition_cost_best,0.0
220000,dense_rhs/transition_adjusted_score_best,9.999999960041972e-13
220000,dense_rhs/switch_probability_best,0.5
220000,dense_rhs/expected_improvement_best,0.02820948138833046
220000,dense_rhs/expected_loss_best,0.02820948138833046
220000,dense_rhs/expected_net_benefit_best,0.0
220000,dense_rhs/return_term_best,1.0
220000,dense_rhs/roughness_term_best,0.0
220000,dense_rhs/return_std_term_best,1.0
220000,dense_rhs/learner_proxy_term_best,0.0
220000,dense_rhs/model_prefix_loss_best,nan
220000,dense_rhs/model_probe_prefix_best,nan
220000,dense_rhs/planner_return_best,nan
220000,dense_rhs/roughness_best,nan
220000,dense_rhs/robust_return_best,0.0
220000,timing/query_model_diag_s,13.766775433905423
220000,timing/query_env_eval_s,40.14453639090061
220000,timing/query_finalize_s,0.8138839919120073
220000,timing/query_total_s,54.73065753094852
220000,dense_rhs/candidate_2_fitness,0.03162277489900589
220000,dense_rhs/candidate_2_deployment_score,9.999999960041972e-13
220000,dense_rhs/candidate_2_transition_cost,0.0
220000,dense_rhs/candidate_2_transition_adjusted_score,9.999999960041972e-13
220000,dense_rhs/candidate_2_switch_probability,0.5
220000,dense_rhs/candidate_2_expected_net_benefit,0.0
220000,dense_rhs/candidate_2_return,0.0
220000,dense_rhs/candidate_2_return_term,1.0
220000,dense_rhs/candidate_2_roughness_term,0.0
220000,dense_rhs/candidate_2_return_std_term,1.0
220000,dense_rhs/candidate_2_learner_proxy_term,0.0
220000,dense_rhs/candidate_3_fitness,0.03162277489900589
220000,dense_rhs/candidate_3_deployment_score,9.999999424161284e-19
220000,dense_rhs/candidate_3_transition_cost,nan
220000,dense_rhs/candidate_3_transition_adjusted_score,nan
220000,dense_rhs/candidate_3_switch_probability,nan
220000,dense_rhs/candidate_3_expected_net_benefit,nan
220000,dense_rhs/candidate_3_return,-0.20571890473365784
220000,dense_rhs/candidate_3_return_term,1.0
220000,dense_rhs/candidate_3_roughness_term,0.0
220000,dense_rhs/candidate_3_return_std_term,0.0
220000,dense_rhs/candidate_3_learner_proxy_term,0.0
220000,dense_rhs/deployment_utility_enabled,1.0
220000,dense_rhs/deployment_utility_observations,3.0
220000,dense_rhs/deployment_utility_last_observed_gain,0.15000000223517418
220000,dense_rhs/candidate_2_expected_eval_gain,0.15000000223517418
220000,dense_rhs/candidate_2_eval_gain_uncertainty,106.06601717798212
220000,dense_rhs/candidate_2_deployment_utility_score,26.666504296730704
220000,dense_rhs/candidate_3_expected_eval_gain,-0.22499999962747097
220000,dense_rhs/candidate_3_eval_gain_uncertainty,12.629536918066336
220000,dense_rhs/candidate_3_deployment_utility_score,2.932384229889113
220000,dense_rhs/deployment_utility_override,0.0
220000,dense_rhs/deployment_utility_selected_expected_gain,0.15000000223517418
220000,dense_rhs/deployment_utility_selected_uncertainty,106.06601717798212
220000,dense_rhs/deployment_utility_selected_score,26.666504296730704
220000,dense_rhs/deployment_utility_proposed_horizon,2.0
220000,dense_rhs/deployment_utility_proposed_expected_gain,0.15000000223517418
220000,dense_rhs/deployment_utility_proposed_uncertainty,106.06601717798212
220000,dense_rhs/deployment_utility_proposed_score,26.666504296730704
220000,dense_rhs/previous_horizon,2.0
220000,dense_rhs/training_bucket_horizon,2.0
220000,dense_rhs/best_h,2.0
220000,dense_rhs/prob_best_h,0.029296875
220000,dense_rhs/gauss_mean_best_h,0.03162277489900589
220000,dense_rhs/gauss_post_std_best_h,0.0004999999655410647
220000,system/heartbeat,1.0
223992,episode/return,0.0
223992,episode/length,500.0
223993,episode/return,0.0
223993,episode/length,500.0
223994,episode/return,0.0
223994,episode/length,500.0
223995,episode/return,1.0
223995,episode/length,500.0
223996,episode/return,0.0
223996,episode/length,500.0
223997,episode/return,0.0
223997,episode/length,500.0
223998,episode/return,0.0
223998,episode/length,500.0
223999,episode/return,0.0
223999,episode/length,500.0
227992,episode/return,0.0
227992,episode/length,500.0
227993,episode/return,0.0
227993,episode/length,500.0
227994,episode/return,0.0
227994,episode/length,500.0
227995,episode/return,0.0
227995,episode/length,500.0
227996,episode/return,0.0
227996,episode/length,500.0
227997,episode/return,0.0
227997,episode/length,500.0
227998,episode/return,0.0
227998,episode/length,500.0
227999,episode/return,0.0
227999,episode/length,500.0
230000,train/consistency_loss_mean,nan
230000,train/consistency_loss_std,nan
230000,train/continue_loss_mean,0.0
230000,train/continue_loss_std,0.0
230000,train/grad_norm_mean,nan
230000,train/grad_norm_std,nan
230000,train/policy_log_std_mean,nan
230000,train/policy_log_std_std,nan
230000,train/policy_loss_mean,nan
230000,train/policy_loss_std,nan
230000,train/reward_loss_mean,nan
230000,train/reward_loss_std,nan
230000,train/total_loss_mean,nan
230000,train/total_loss_std,nan
230000,train/value_loss_mean,nan
230000,train/value_loss_std,nan
230000,train/value_scale_mean,nan
230000,train/value_scale_std,nan
230000,timing/collect_chunk_s,186.94363940972835
230000,timing/train_chunk_s,16.25042468449101
230000,dense_rhs/training_bucket_horizon,2.0
230000,system/heartbeat,1.0
231992,episode/return,0.0
231992,episode/length,500.0
231993,episode/return,0.0
231993,episode/length,500.0
231994,episode/return,0.0
231994,episode/length,500.0
231995,episode/return,0.0
231995,episode/length,500.0
231996,episode/return,0.0
231996,episode/length,500.0
231997,episode/return,3.0
231997,episode/length,500.0
231998,episode/return,0.0
231998,episode/length,500.0
231999,episode/return,0.0
231999,episode/length,500.0
235992,episode/return,0.0
235992,episode/length,500.0
235993,episode/return,0.0
235993,episode/length,500.0
235994,episode/return,0.0
235994,episode/length,500.0
235995,episode/return,0.0
235995,episode/length,500.0
235996,episode/return,1.0
235996,episode/length,500.0
235997,episode/return,0.0
235997,episode/length,500.0
235998,episode/return,0.0
235998,episode/length,500.0
235999,episode/return,0.0
235999,episode/length,500.0
239992,episode/return,0.0
239992,episode/length,500.0
239993,episode/return,0.0
239993,episode/length,500.0
239994,episode/return,0.0
239994,episode/length,500.0
239995,episode/return,0.0
239995,episode/length,500.0
239996,episode/return,0.0
239996,episode/length,500.0
239997,episode/return,0.0
239997,episode/length,500.0
239998,episode/return,0.0
239998,episode/length,500.0
239999,episode/return,0.0
239999,episode/length,500.0
240000,train/consistency_loss_mean,nan
240000,train/consistency_loss_std,nan
240000,train/continue_loss_mean,0.0
240000,train/continue_loss_std,0.0
240000,train/grad_norm_mean,nan
240000,train/grad_norm_std,nan
240000,train/policy_log_std_mean,nan
240000,train/policy_log_std_std,nan
240000,train/policy_loss_mean,nan
240000,train/policy_loss_std,nan
240000,train/reward_loss_mean,nan
240000,train/reward_loss_std,nan
240000,train/total_loss_mean,nan
240000,train/total_loss_std,nan
240000,train/value_loss_mean,nan
240000,train/value_loss_std,nan
240000,train/value_scale_mean,nan
240000,train/value_scale_std,nan
240000,timing/collect_chunk_s,194.04271636344492
240000,timing/train_chunk_s,16.132652551401407
240000,dense_rhs/training_bucket_horizon,2.0
240000,system/heartbeat,1.0
243992,episode/return,0.0
243992,episode/length,500.0
243993,episode/return,0.0
243993,episode/length,500.0
243994,episode/return,0.0
243994,episode/length,500.0
243995,episode/return,1.0
243995,episode/length,500.0
243996,episode/return,0.0
243996,episode/length,500.0
243997,episode/return,1.0
243997,episode/length,500.0
243998,episode/return,0.0
243998,episode/length,500.0
243999,episode/return,0.0
243999,episode/length,500.0
247992,episode/return,0.0
247992,episode/length,500.0
247993,episode/return,1.0
247993,episode/length,500.0
247994,episode/return,0.0
247994,episode/length,500.0
247995,episode/return,0.0
247995,episode/length,500.0
247996,episode/return,1.0
247996,episode/length,500.0
247997,episode/return,0.0
247997,episode/length,500.0
247998,episode/return,1.0
247998,episode/length,500.0
247999,episode/return,0.0
247999,episode/length,500.0
250000,train/consistency_loss_mean,nan
250000,train/consistency_loss_std,nan
250000,train/continue_loss_mean,0.0
250000,train/continue_loss_std,0.0
250000,train/grad_norm_mean,nan
250000,train/grad_norm_std,nan
250000,train/policy_log_std_mean,nan
250000,train/policy_log_std_std,nan
250000,train/policy_loss_mean,nan
250000,train/policy_loss_std,nan
250000,train/reward_loss_mean,nan
250000,train/reward_loss_std,nan
250000,train/total_loss_mean,nan
250000,train/total_loss_std,nan
250000,train/value_loss_mean,nan
250000,train/value_loss_std,nan
250000,train/value_scale_mean,nan
250000,train/value_scale_std,nan
250000,timing/collect_chunk_s,194.64491779636592
250000,timing/train_chunk_s,16.1977420989424
250000,dense_rhs/training_bucket_horizon,2.0
250000,system/heartbeat,1.0
250000,timing/checkpoint_blocking_s,0.357004398945719
250000,eval/return_mean,0.10000000149011612
250000,eval/return_std,0.29999998211860657
250000,eval/return_max,1.0
250000,eval/return_min,0.0
250000,dense_rhs/deployment_utility_last_observed_gain,-0.10000000149011612
250000,dense_rhs/deployment_utility_observations,4.0
250000,timing/eval_s,55.84008458815515
250000,eval/selected_horizon,2.0
250000,eval/training_bucket_horizon,2.0
250000,system/heartbeat,1.0
251992,episode/return,1.0
251992,episode/length,500.0
251993,episode/return,0.0
251993,episode/length,500.0
251994,episode/return,0.0
251994,episode/length,500.0
251995,episode/return,0.0
251995,episode/length,500.0
251996,episode/return,0.0
251996,episode/length,500.0
251997,episode/return,0.0
251997,episode/length,500.0
251998,episode/return,0.0
251998,episode/length,500.0
251999,episode/return,0.0
251999,episode/length,500.0
255992,episode/return,0.0
255992,episode/length,500.0
255993,episode/return,0.0
255993,episode/length,500.0
255994,episode/return,0.0
255994,episode/length,500.0
255995,episode/return,0.0
255995,episode/length,500.0
255996,episode/return,0.0
255996,episode/length,500.0
255997,episode/return,0.0
255997,episode/length,500.0
255998,episode/return,1.0
255998,episode/length,500.0
255999,episode/return,0.0
255999,episode/length,500.0
259992,episode/return,0.0
259992,episode/length,500.0
259993,episode/return,0.0
259993,episode/length,500.0
259994,episode/return,0.0
259994,episode/length,500.0
259995,episode/return,0.0
259995,episode/length,500.0
259996,episode/return,0.0
259996,episode/length,500.0
259997,episode/return,0.0
259997,episode/length,500.0
259998,episode/return,0.0
259998,episode/length,500.0
259999,episode/return,0.0
259999,episode/length,500.0
260000,train/consistency_loss_mean,nan
260000,train/consistency_loss_std,nan
260000,train/continue_loss_mean,0.0
260000,train/continue_loss_std,0.0
260000,train/grad_norm_mean,nan
260000,train/grad_norm_std,nan
260000,train/policy_log_std_mean,nan
260000,train/policy_log_std_std,nan
260000,train/policy_loss_mean,nan
260000,train/policy_loss_std,nan
260000,train/reward_loss_mean,nan
260000,train/reward_loss_std,nan
260000,train/total_loss_mean,nan
260000,train/total_loss_std,nan
260000,train/value_loss_mean,nan
260000,train/value_loss_std,nan
260000,train/value_scale_mean,nan
260000,train/value_scale_std,nan
260000,timing/collect_chunk_s,193.19213940994814
260000,timing/train_chunk_s,16.250815473031253
260000,dense_rhs/training_bucket_horizon,2.0
260000,system/heartbeat,1.0
263992,episode/return,0.0
263992,episode/length,500.0
263993,episode/return,0.0
263993,episode/length,500.0
263994,episode/return,0.0
263994,episode/length,500.0
263995,episode/return,0.0
263995,episode/length,500.0
263996,episode/return,1.0
263996,episode/length,500.0
263997,episode/return,0.0
263997,episode/length,500.0
263998,episode/return,0.0
263998,episode/length,500.0
263999,episode/return,0.0
263999,episode/length,500.0
267992,episode/return,0.0
267992,episode/length,500.0
267993,episode/return,0.0
267993,episode/length,500.0
267994,episode/return,1.0
267994,episode/length,500.0
267995,episode/return,1.0
267995,episode/length,500.0
267996,episode/return,0.0
267996,episode/length,500.0
267997,episode/return,0.0
267997,episode/length,500.0
267998,episode/return,0.0
267998,episode/length,500.0
267999,episode/return,0.0
267999,episode/length,500.0
270000,train/consistency_loss_mean,nan
270000,train/consistency_loss_std,nan
270000,train/continue_loss_mean,0.0
270000,train/continue_loss_std,0.0
270000,train/grad_norm_mean,nan
270000,train/grad_norm_std,nan
270000,train/policy_log_std_mean,nan
270000,train/policy_log_std_std,nan
270000,train/policy_loss_mean,nan
270000,train/policy_loss_std,nan
270000,train/reward_loss_mean,nan
270000,train/reward_loss_std,nan
270000,train/total_loss_mean,nan
270000,train/total_loss_std,nan
270000,train/value_loss_mean,nan
270000,train/value_loss_std,nan
270000,train/value_scale_mean,nan
270000,train/value_scale_std,nan
270000,timing/collect_chunk_s,190.22460675472394
270000,timing/train_chunk_s,16.271948218345642
270000,dense_rhs/training_bucket_horizon,2.0
270000,system/heartbeat,1.0
270000,dense_rhs/selected_horizon,3.0
270000,dense_rhs/proposed_horizon,3.0
270000,dense_rhs/phase_id,0.0
270000,dense_rhs/num_active_horizons,7.0
270000,dense_rhs/num_candidate_horizons,2.0
270000,dense_rhs/entropy,1.6123592853546143
270000,dense_rhs/norm_entropy,0.8285887241363525
270000,dense_rhs/best_fitness,0.03162277489900589
270000,dense_rhs/deployment_score_best,5.847725732463505e-13
270000,dense_rhs/incumbent_deployment_score,9.999999424161284e-19
270000,dense_rhs/proposed_deployment_score,5.847725732463505e-13
270000,dense_rhs/proposed_transition_cost,nan
270000,dense_rhs/proposed_switch_probability,nan
270000,dense_rhs/proposed_expected_net_benefit,nan
270000,dense_rhs/transition_cost_best,0.0
270000,dense_rhs/transition_adjusted_score_best,9.999999424161284e-19
270000,dense_rhs/switch_probability_best,0.5
270000,dense_rhs/expected_improvement_best,0.02820948138833046
270000,dense_rhs/expected_loss_best,0.02820948138833046
270000,dense_rhs/expected_net_benefit_best,0.0
270000,dense_rhs/return_term_best,1.0
270000,dense_rhs/roughness_term_best,0.0
270000,dense_rhs/return_std_term_best,0.5847725868225098
270000,dense_rhs/learner_proxy_term_best,0.0
270000,dense_rhs/model_prefix_loss_best,nan
270000,dense_rhs/model_probe_prefix_best,nan
270000,dense_rhs/planner_return_best,nan
270000,dense_rhs/roughness_best,nan
270000,dense_rhs/robust_return_best,-0.17956145107746124
270000,timing/query_model_diag_s,13.854866169393063
270000,timing/query_env_eval_s,24.582668775692582
270000,timing/query_finalize_s,0.003767447080463171
270000,timing/query_total_s,38.447404872626066
270000,dense_rhs/candidate_2_fitness,0.03162277489900589
270000,dense_rhs/candidate_2_deployment_score,9.999999424161284e-19
270000,dense_rhs/candidate_2_transition_cost,0.0
270000,dense_rhs/candidate_2_transition_adjusted_score,9.999999424161284e-19
270000,dense_rhs/candidate_2_switch_probability,0.5
270000,dense_rhs/candidate_2_expected_net_benefit,0.0
270000,dense_rhs/candidate_2_return,-0.27046114206314087
270000,dense_rhs/candidate_2_return_term,1.0
270000,dense_rhs/candidate_2_roughness_term,0.0
270000,dense_rhs/candidate_2_return_std_term,0.0
270000,dense_rhs/candidate_2_learner_proxy_term,0.0
270000,dense_rhs/candidate_3_fitness,0.03162277489900589
270000,dense_rhs/candidate_3_deployment_score,5.847725732463505e-13
270000,dense_rhs/candidate_3_transition_cost,nan
270000,dense_rhs/candidate_3_transition_adjusted_score,nan
270000,dense_rhs/candidate_3_switch_probability,nan
270000,dense_rhs/candidate_3_expected_net_benefit,nan
270000,dense_rhs/candidate_3_return,-0.17956145107746124
270000,dense_rhs/candidate_3_return_term,1.0
270000,dense_rhs/candidate_3_roughness_term,0.0
270000,dense_rhs/candidate_3_return_std_term,0.5847725868225098
270000,dense_rhs/candidate_3_learner_proxy_term,0.0
270000,dense_rhs/deployment_utility_enabled,1.0
270000,dense_rhs/deployment_utility_observations,4.0
270000,dense_rhs/deployment_utility_last_observed_gain,-0.10000000149011612
270000,dense_rhs/candidate_2_expected_eval_gain,0.02500000037252903
270000,dense_rhs/candidate_2_eval_gain_uncertainty,0.5773502691896258
270000,dense_rhs/candidate_2_deployment_utility_score,0.1693375676699355
270000,dense_rhs/candidate_3_expected_eval_gain,-0.22499999962747097
270000,dense_rhs/candidate_3_eval_gain_uncertainty,12.629536918066336
270000,dense_rhs/candidate_3_deployment_utility_score,2.932384229889113
270000,dense_rhs/deployment_utility_override,1.0
270000,dense_rhs/deployment_utility_selected_expected_gain,-0.22499999962747097
270000,dense_rhs/deployment_utility_selected_uncertainty,12.629536918066336
270000,dense_rhs/deployment_utility_selected_score,2.932384229889113
270000,dense_rhs/deployment_utility_proposed_horizon,3.0
270000,dense_rhs/deployment_utility_proposed_expected_gain,-0.22499999962747097
270000,dense_rhs/deployment_utility_proposed_uncertainty,12.629536918066336
270000,dense_rhs/deployment_utility_proposed_score,2.932384229889113
270000,dense_rhs/previous_horizon,2.0
270000,dense_rhs/training_bucket_horizon,3.0
270000,dense_rhs/best_h,3.0
270000,dense_rhs/prob_best_h,0.017578125
270000,dense_rhs/gauss_mean_best_h,0.03162277489900589
270000,dense_rhs/gauss_post_std_best_h,0.00044721359154209495
270000,system/heartbeat,1.0
271992,episode/return,0.0
271992,episode/length,500.0
271993,episode/return,0.0
271993,episode/length,500.0
271994,episode/return,0.0
271994,episode/length,500.0
271995,episode/return,0.0
271995,episode/length,500.0
271996,episode/return,0.0
271996,episode/length,500.0
271997,episode/return,0.0
271997,episode/length,500.0
271998,episode/return,0.0
271998,episode/length,500.0
271999,episode/return,0.0
271999,episode/length,500.0
275992,episode/return,0.0
275992,episode/length,500.0
275993,episode/return,0.0
275993,episode/length,500.0
275994,episode/return,0.0
275994,episode/length,500.0
275995,episode/return,0.0
275995,episode/length,500.0
275996,episode/return,0.0
275996,episode/length,500.0
275997,episode/return,0.0
275997,episode/length,500.0
275998,episode/return,0.0
275998,episode/length,500.0
275999,episode/return,1.0
275999,episode/length,500.0
279992,episode/return,0.0
279992,episode/length,500.0
279993,episode/return,0.0
279993,episode/length,500.0
279994,episode/return,0.0
279994,episode/length,500.0
279995,episode/return,0.0
279995,episode/length,500.0
279996,episode/return,0.0
279996,episode/length,500.0
279997,episode/return,0.0
279997,episode/length,500.0
279998,episode/return,0.0
279998,episode/length,500.0
279999,episode/return,0.0
279999,episode/length,500.0
280000,train/consistency_loss_mean,nan
280000,train/consistency_loss_std,nan
280000,train/continue_loss_mean,0.0
280000,train/continue_loss_std,0.0
280000,train/grad_norm_mean,nan
280000,train/grad_norm_std,nan
280000,train/policy_log_std_mean,nan
280000,train/policy_log_std_std,nan
280000,train/policy_loss_mean,nan
280000,train/policy_loss_std,nan
280000,train/reward_loss_mean,nan
280000,train/reward_loss_std,nan
280000,train/total_loss_mean,nan
280000,train/total_loss_std,nan
280000,train/value_loss_mean,nan
280000,train/value_loss_std,nan
280000,train/value_scale_mean,nan
280000,train/value_scale_std,nan
280000,timing/collect_chunk_s,148.56716746650636
280000,timing/train_chunk_s,20.504745667800307
280000,dense_rhs/training_bucket_horizon,3.0
280000,system/heartbeat,1.0
283992,episode/return,0.0
283992,episode/length,500.0
283993,episode/return,0.0
283993,episode/length,500.0
283994,episode/return,0.0
283994,episode/length,500.0
283995,episode/return,0.0
283995,episode/length,500.0
283996,episode/return,0.0
283996,episode/length,500.0
283997,episode/return,0.0
283997,episode/length,500.0
283998,episode/return,0.0
283998,episode/length,500.0
283999,episode/return,0.0
283999,episode/length,500.0
287992,episode/return,1.0
287992,episode/length,500.0
287993,episode/return,0.0
287993,episode/length,500.0
287994,episode/return,0.0
287994,episode/length,500.0
287995,episode/return,0.0
287995,episode/length,500.0
287996,episode/return,0.0
287996,episode/length,500.0
287997,episode/return,0.0
287997,episode/length,500.0
287998,episode/return,2.0
287998,episode/length,500.0
287999,episode/return,0.0
287999,episode/length,500.0
290000,train/consistency_loss_mean,nan
290000,train/consistency_loss_std,nan
290000,train/continue_loss_mean,0.0
290000,train/continue_loss_std,0.0
290000,train/grad_norm_mean,nan
290000,train/grad_norm_std,nan
290000,train/policy_log_std_mean,nan
290000,train/policy_log_std_std,nan
290000,train/policy_loss_mean,nan
290000,train/policy_loss_std,nan
290000,train/reward_loss_mean,nan
290000,train/reward_loss_std,nan
290000,train/total_loss_mean,nan
290000,train/total_loss_std,nan
290000,train/value_loss_mean,nan
290000,train/value_loss_std,nan
290000,train/value_scale_mean,nan
290000,train/value_scale_std,nan
290000,timing/collect_chunk_s,196.8505159439519
290000,timing/train_chunk_s,20.598747347015887
290000,dense_rhs/training_bucket_horizon,3.0
290000,system/heartbeat,1.0
291992,episode/return,0.0
291992,episode/length,500.0
291993,episode/return,0.0
291993,episode/length,500.0
291994,episode/return,0.0
291994,episode/length,500.0
291995,episode/return,0.0
291995,episode/length,500.0
291996,episode/return,0.0
291996,episode/length,500.0
291997,episode/return,0.0
291997,episode/length,500.0
291998,episode/return,0.0
291998,episode/length,500.0
291999,episode/return,0.0
291999,episode/length,500.0
295992,episode/return,0.0
295992,episode/length,500.0
295993,episode/return,0.0
295993,episode/length,500.0
295994,episode/return,0.0
295994,episode/length,500.0
295995,episode/return,0.0
295995,episode/length,500.0
295996,episode/return,0.0
295996,episode/length,500.0
295997,episode/return,1.0
295997,episode/length,500.0
295998,episode/return,1.0
295998,episode/length,500.0
295999,episode/return,0.0
295999,episode/length,500.0
299992,episode/return,0.0
299992,episode/length,500.0
299993,episode/return,0.0
299993,episode/length,500.0
299994,episode/return,0.0
299994,episode/length,500.0
299995,episode/return,0.0
299995,episode/length,500.0
299996,episode/return,0.0
299996,episode/length,500.0
299997,episode/return,0.0
299997,episode/length,500.0
299998,episode/return,0.0
299998,episode/length,500.0
299999,episode/return,0.0
299999,episode/length,500.0
300000,train/consistency_loss_mean,nan
300000,train/consistency_loss_std,nan
300000,train/continue_loss_mean,0.0
300000,train/continue_loss_std,0.0
300000,train/grad_norm_mean,nan
300000,train/grad_norm_std,nan
300000,train/policy_log_std_mean,nan
300000,train/policy_log_std_std,nan
300000,train/policy_loss_mean,nan
300000,train/policy_loss_std,nan
300000,train/reward_loss_mean,nan
300000,train/reward_loss_std,nan
300000,train/total_loss_mean,nan
300000,train/total_loss_std,nan
300000,train/value_loss_mean,nan
300000,train/value_loss_std,nan
300000,train/value_scale_mean,nan
300000,train/value_scale_std,nan
300000,timing/collect_chunk_s,177.40589738963172
300000,timing/train_chunk_s,20.508572513703257
300000,dense_rhs/training_bucket_horizon,3.0
300000,system/heartbeat,1.0
300000,timing/checkpoint_blocking_s,0.376312430948019
300000,eval/return_mean,0.25
300000,eval/return_std,0.6224949955940247
300000,eval/return_max,2.0
300000,eval/return_min,0.0
300000,dense_rhs/deployment_utility_last_observed_gain,0.14999999850988388
300000,dense_rhs/deployment_utility_observations,5.0
300000,timing/eval_s,58.90106364293024
300000,eval/selected_horizon,3.0
300000,eval/training_bucket_horizon,3.0
300000,system/heartbeat,1.0
303992,episode/return,0.0
303992,episode/length,500.0
303993,episode/return,0.0
303993,episode/length,500.0
303994,episode/return,0.0
303994,episode/length,500.0
303995,episode/return,0.0
303995,episode/length,500.0
303996,episode/return,0.0
303996,episode/length,500.0
303997,episode/return,0.0
303997,episode/length,500.0
303998,episode/return,0.0
303998,episode/length,500.0
303999,episode/return,0.0
303999,episode/length,500.0
307992,episode/return,1.0
307992,episode/length,500.0
307993,episode/return,0.0
307993,episode/length,500.0
307994,episode/return,0.0
307994,episode/length,500.0
307995,episode/return,0.0
307995,episode/length,500.0
307996,episode/return,0.0
307996,episode/length,500.0
307997,episode/return,0.0
307997,episode/length,500.0
307998,episode/return,1.0
307998,episode/length,500.0
307999,episode/return,0.0
307999,episode/length,500.0
310000,train/consistency_loss_mean,nan
310000,train/consistency_loss_std,nan
310000,train/continue_loss_mean,0.0
310000,train/continue_loss_std,0.0
310000,train/grad_norm_mean,nan
310000,train/grad_norm_std,nan
310000,train/policy_log_std_mean,nan
310000,train/policy_log_std_std,nan
310000,train/policy_loss_mean,nan
310000,train/policy_loss_std,nan
310000,train/reward_loss_mean,nan
310000,train/reward_loss_std,nan
310000,train/total_loss_mean,nan
310000,train/total_loss_std,nan
310000,train/value_loss_mean,nan
310000,train/value_loss_std,nan
310000,train/value_scale_mean,nan
310000,train/value_scale_std,nan
310000,timing/collect_chunk_s,184.277701261919
310000,timing/train_chunk_s,20.586575275752693
310000,dense_rhs/training_bucket_horizon,3.0
310000,system/heartbeat,1.0
311992,episode/return,1.0
311992,episode/length,500.0
311993,episode/return,0.0
311993,episode/length,500.0
311994,episode/return,0.0
311994,episode/length,500.0
311995,episode/return,0.0
311995,episode/length,500.0
311996,episode/return,0.0
311996,episode/length,500.0
311997,episode/return,0.0
311997,episode/length,500.0
311998,episode/return,0.0
311998,episode/length,500.0
311999,episode/return,0.0
311999,episode/length,500.0
315992,episode/return,1.0
315992,episode/length,500.0
315993,episode/return,0.0
315993,episode/length,500.0
315994,episode/return,1.0
315994,episode/length,500.0
315995,episode/return,1.0
315995,episode/length,500.0
315996,episode/return,0.0
315996,episode/length,500.0
315997,episode/return,0.0
315997,episode/length,500.0
315998,episode/return,1.0
315998,episode/length,500.0
315999,episode/return,0.0
315999,episode/length,500.0
319992,episode/return,0.0
319992,episode/length,500.0
319993,episode/return,0.0
319993,episode/length,500.0
319994,episode/return,1.0
319994,episode/length,500.0
319995,episode/return,942.0
319995,episode/length,500.0
319996,episode/return,0.0
319996,episode/length,500.0
319997,episode/return,0.0
319997,episode/length,500.0
319998,episode/return,0.0
319998,episode/length,500.0
319999,episode/return,0.0
319999,episode/length,500.0
320000,train/consistency_loss_mean,nan
320000,train/consistency_loss_std,nan
320000,train/continue_loss_mean,0.0
320000,train/continue_loss_std,0.0
320000,train/grad_norm_mean,nan
320000,train/grad_norm_std,nan
320000,train/policy_log_std_mean,nan
320000,train/policy_log_std_std,nan
320000,train/policy_loss_mean,nan
320000,train/policy_loss_std,nan
320000,train/reward_loss_mean,nan
320000,train/reward_loss_std,nan
320000,train/total_loss_mean,nan
320000,train/total_loss_std,nan
320000,train/value_loss_mean,nan
320000,train/value_loss_std,nan
320000,train/value_scale_mean,nan
320000,train/value_scale_std,nan
320000,timing/collect_chunk_s,183.16768482374027
320000,timing/train_chunk_s,20.549296714831144
320000,dense_rhs/training_bucket_horizon,3.0
320000,system/heartbeat,1.0
320000,dense_rhs/selected_horizon,4.0
320000,dense_rhs/proposed_horizon,2.0
320000,dense_rhs/phase_id,0.0
320000,dense_rhs/num_active_horizons,7.0
320000,dense_rhs/num_candidate_horizons,3.0
320000,dense_rhs/entropy,1.644469976425171
320000,dense_rhs/norm_entropy,0.8450903296470642
320000,dense_rhs/best_fitness,0.03162277489900589
320000,dense_rhs/deployment_score_best,9.999999424161284e-19
320000,dense_rhs/incumbent_deployment_score,3.0178791865682897e-13
320000,dense_rhs/proposed_deployment_score,3.0178791865682897e-13
320000,dense_rhs/proposed_transition_cost,nan
320000,dense_rhs/proposed_switch_probability,nan
320000,dense_rhs/proposed_expected_net_benefit,nan
320000,dense_rhs/transition_cost_best,0.0
320000,dense_rhs/transition_adjusted_score_best,3.0178791865682897e-13
320000,dense_rhs/switch_probability_best,0.5
320000,dense_rhs/expected_improvement_best,0.02820948138833046
320000,dense_rhs/expected_loss_best,0.02820948138833046
320000,dense_rhs/expected_net_benefit_best,0.0
320000,dense_rhs/return_term_best,1.0
320000,dense_rhs/roughness_term_best,0.0
320000,dense_rhs/return_std_term_best,0.0
320000,dense_rhs/learner_proxy_term_best,0.0
320000,dense_rhs/model_prefix_loss_best,nan
320000,dense_rhs/model_probe_prefix_best,nan
320000,dense_rhs/planner_return_best,nan
320000,dense_rhs/roughness_best,nan
320000,dense_rhs/robust_return_best,-0.3090169429779053
320000,timing/query_model_diag_s,13.734586101025343
320000,timing/query_env_eval_s,24.14335240283981
320000,timing/query_finalize_s,0.004321777727454901
320000,timing/query_total_s,37.888921990059316
320000,dense_rhs/candidate_3_fitness,0.03162277489900589
320000,dense_rhs/candidate_3_deployment_score,3.0178791865682897e-13
320000,dense_rhs/candidate_3_transition_cost,0.0
320000,dense_rhs/candidate_3_transition_adjusted_score,3.0178791865682897e-13
320000,dense_rhs/candidate_3_switch_probability,0.5
320000,dense_rhs/candidate_3_expected_net_benefit,0.0
320000,dense_rhs/candidate_3_return,-0.20281237363815308
320000,dense_rhs/candidate_3_return_term,1.0
320000,dense_rhs/candidate_3_roughness_term,0.0
320000,dense_rhs/candidate_3_return_std_term,0.3017879128456116
320000,dense_rhs/candidate_3_learner_proxy_term,0.0
320000,dense_rhs/candidate_2_fitness,0.03162277489900589
320000,dense_rhs/candidate_2_deployment_score,3.0178791865682897e-13
320000,dense_rhs/candidate_2_transition_cost,nan
320000,dense_rhs/candidate_2_transition_adjusted_score,nan
320000,dense_rhs/candidate_2_switch_probability,nan
320000,dense_rhs/candidate_2_expected_net_benefit,nan
320000,dense_rhs/candidate_2_return,-0.20281237363815308
320000,dense_rhs/candidate_2_return_term,1.0
320000,dense_rhs/candidate_2_roughness_term,0.0
320000,dense_rhs/candidate_2_return_std_term,0.3017879128456116
320000,dense_rhs/candidate_2_learner_proxy_term,0.0
320000,dense_rhs/candidate_4_fitness,0.03162277489900589
320000,dense_rhs/candidate_4_deployment_score,9.999999424161284e-19
320000,dense_rhs/candidate_4_transition_cost,nan
320000,dense_rhs/candidate_4_transition_adjusted_score,nan
320000,dense_rhs/candidate_4_switch_probability,nan
320000,dense_rhs/candidate_4_expected_net_benefit,nan
320000,dense_rhs/candidate_4_return,-0.3090169429779053
320000,dense_rhs/candidate_4_return_term,1.0
320000,dense_rhs/candidate_4_roughness_term,0.0
320000,dense_rhs/candidate_4_return_std_term,0.0
320000,dense_rhs/candidate_4_learner_proxy_term,0.0
320000,dense_rhs/deployment_utility_enabled,1.0
320000,dense_rhs/deployment_utility_observations,5.0
320000,dense_rhs/deployment_utility_last_observed_gain,0.14999999850988388
320000,dense_rhs/candidate_2_expected_eval_gain,0.02500000037252903
320000,dense_rhs/candidate_2_eval_gain_uncertainty,0.5773502691896258
320000,dense_rhs/candidate_2_deployment_utility_score,0.1693375676699355
320000,dense_rhs/candidate_3_expected_eval_gain,-0.10000000024835269
320000,dense_rhs/candidate_3_eval_gain_uncertainty,8.930868596184956
320000,dense_rhs/candidate_3_deployment_utility_score,2.1327171487978864
320000,dense_rhs/candidate_4_expected_eval_gain,0.0
320000,dense_rhs/candidate_4_eval_gain_uncertainty,150.0
320000,dense_rhs/candidate_4_deployment_utility_score,37.5
320000,dense_rhs/deployment_utility_override,1.0
320000,dense_rhs/deployment_utility_selected_expected_gain,0.0
320000,dense_rhs/deployment_utility_selected_uncertainty,150.0
320000,dense_rhs/deployment_utility_selected_score,37.5
320000,dense_rhs/deployment_utility_proposed_horizon,4.0
320000,dense_rhs/deployment_utility_proposed_expected_gain,0.0
320000,dense_rhs/deployment_utility_proposed_uncertainty,150.0
320000,dense_rhs/deployment_utility_proposed_score,37.5
320000,dense_rhs/previous_horizon,3.0
320000,dense_rhs/training_bucket_horizon,4.0
320000,dense_rhs/best_h,4.0
320000,dense_rhs/prob_best_h,0.029296875
320000,dense_rhs/gauss_mean_best_h,0.03162277489900589
320000,dense_rhs/gauss_post_std_best_h,0.0004999999655410647
320000,system/heartbeat,1.0
323992,episode/return,0.0
323992,episode/length,500.0
323993,episode/return,0.0
323993,episode/length,500.0
323994,episode/return,0.0
323994,episode/length,500.0
323995,episode/return,0.0
323995,episode/length,500.0
323996,episode/return,1.0
323996,episode/length,500.0
323997,episode/return,0.0
323997,episode/length,500.0
323998,episode/return,0.0
323998,episode/length,500.0
323999,episode/return,0.0
323999,episode/length,500.0
327992,episode/return,0.0
327992,episode/length,500.0
327993,episode/return,0.0
327993,episode/length,500.0
327994,episode/return,0.0
327994,episode/length,500.0
327995,episode/return,1.0
327995,episode/length,500.0
327996,episode/return,0.0
327996,episode/length,500.0
327997,episode/return,0.0
327997,episode/length,500.0
327998,episode/return,0.0
327998,episode/length,500.0
327999,episode/return,0.0
327999,episode/length,500.0
330000,train/consistency_loss_mean,nan
330000,train/consistency_loss_std,nan
330000,train/continue_loss_mean,0.0
330000,train/continue_loss_std,0.0
330000,train/grad_norm_mean,nan
330000,train/grad_norm_std,nan
330000,train/policy_log_std_mean,nan
330000,train/policy_log_std_std,nan
330000,train/policy_loss_mean,nan
330000,train/policy_loss_std,nan
330000,train/reward_loss_mean,nan
330000,train/reward_loss_std,nan
330000,train/total_loss_mean,nan
330000,train/total_loss_std,nan
330000,train/value_loss_mean,nan
330000,train/value_loss_std,nan
330000,train/value_scale_mean,nan
330000,train/value_scale_std,nan
330000,timing/collect_chunk_s,141.60424438491464
330000,timing/train_chunk_s,218.13438245281577
330000,dense_rhs/training_bucket_horizon,4.0
330000,system/heartbeat,1.0
331992,episode/return,0.0
331992,episode/length,500.0
331993,episode/return,0.0
331993,episode/length,500.0
331994,episode/return,0.0
331994,episode/length,500.0
331995,episode/return,0.0
331995,episode/length,500.0
331996,episode/return,0.0
331996,episode/length,500.0
331997,episode/return,0.0
331997,episode/length,500.0
331998,episode/return,0.0
331998,episode/length,500.0
331999,episode/return,0.0
331999,episode/length,500.0
335992,episode/return,1.0
335992,episode/length,500.0
335993,episode/return,0.0
335993,episode/length,500.0
335994,episode/return,1.0
335994,episode/length,500.0
335995,episode/return,0.0
335995,episode/length,500.0
335996,episode/return,0.0
335996,episode/length,500.0
335997,episode/return,0.0
335997,episode/length,500.0
335998,episode/return,0.0
335998,episode/length,500.0
335999,episode/return,0.0
335999,episode/length,500.0
339992,episode/return,0.0
339992,episode/length,500.0
339993,episode/return,0.0
339993,episode/length,500.0
339994,episode/return,0.0
339994,episode/length,500.0
339995,episode/return,0.0
339995,episode/length,500.0
339996,episode/return,0.0
339996,episode/length,500.0
339997,episode/return,0.0
339997,episode/length,500.0
339998,episode/return,0.0
339998,episode/length,500.0
339999,episode/return,0.0
339999,episode/length,500.0
340000,train/consistency_loss_mean,nan
340000,train/consistency_loss_std,nan
340000,train/continue_loss_mean,0.0
340000,train/continue_loss_std,0.0
340000,train/grad_norm_mean,nan
340000,train/grad_norm_std,nan
340000,train/policy_log_std_mean,nan
340000,train/policy_log_std_std,nan
340000,train/policy_loss_mean,nan
340000,train/policy_loss_std,nan
340000,train/reward_loss_mean,nan
340000,train/reward_loss_std,nan
340000,train/total_loss_mean,nan
340000,train/total_loss_std,nan
340000,train/value_loss_mean,nan
340000,train/value_loss_std,nan
340000,train/value_scale_mean,nan
340000,train/value_scale_std,nan
340000,timing/collect_chunk_s,179.97282773582265
340000,timing/train_chunk_s,25.07254638429731
340000,dense_rhs/training_bucket_horizon,4.0
340000,system/heartbeat,1.0
343992,episode/return,1.0
343992,episode/length,500.0
343993,episode/return,0.0
343993,episode/length,500.0
343994,episode/return,1.0
343994,episode/length,500.0
343995,episode/return,0.0
343995,episode/length,500.0
343996,episode/return,0.0
343996,episode/length,500.0
343997,episode/return,0.0
343997,episode/length,500.0
343998,episode/return,0.0
343998,episode/length,500.0
343999,episode/return,0.0
343999,episode/length,500.0
347992,episode/return,0.0
347992,episode/length,500.0
347993,episode/return,0.0
347993,episode/length,500.0
347994,episode/return,0.0
347994,episode/length,500.0
347995,episode/return,0.0
347995,episode/length,500.0
347996,episode/return,0.0
347996,episode/length,500.0
347997,episode/return,0.0
347997,episode/length,500.0
347998,episode/return,0.0
347998,episode/length,500.0
347999,episode/return,0.0
347999,episode/length,500.0
350000,train/consistency_loss_mean,nan
350000,train/consistency_loss_std,nan
350000,train/continue_loss_mean,0.0
350000,train/continue_loss_std,0.0
350000,train/grad_norm_mean,nan
350000,train/grad_norm_std,nan
350000,train/policy_log_std_mean,nan
350000,train/policy_log_std_std,nan
350000,train/policy_loss_mean,nan
350000,train/policy_loss_std,nan
350000,train/reward_loss_mean,nan
350000,train/reward_loss_std,nan
350000,train/total_loss_mean,nan
350000,train/total_loss_std,nan
350000,train/value_loss_mean,nan
350000,train/value_loss_std,nan
350000,train/value_scale_mean,nan
350000,train/value_scale_std,nan
350000,timing/collect_chunk_s,189.744479062967
350000,timing/train_chunk_s,25.060318894684315
350000,dense_rhs/training_bucket_horizon,4.0
350000,system/heartbeat,1.0
350000,timing/checkpoint_blocking_s,0.3542949138209224
350000,eval/return_mean,0.3499999940395355
350000,eval/return_std,0.5722761154174805
350000,eval/return_max,2.0
350000,eval/return_min,0.0
350000,dense_rhs/deployment_utility_last_observed_gain,0.09999999403953552
350000,dense_rhs/deployment_utility_observations,6.0
350000,timing/eval_s,76.86696915095672
350000,eval/selected_horizon,4.0
350000,eval/training_bucket_horizon,4.0
350000,system/heartbeat,1.0
351992,episode/return,0.0
351992,episode/length,500.0
351993,episode/return,0.0
351993,episode/length,500.0
351994,episode/return,1.0
351994,episode/length,500.0
351995,episode/return,0.0
351995,episode/length,500.0
351996,episode/return,0.0
351996,episode/length,500.0
351997,episode/return,0.0
351997,episode/length,500.0
351998,episode/return,0.0
351998,episode/length,500.0
351999,episode/return,0.0
351999,episode/length,500.0
355992,episode/return,0.0
355992,episode/length,500.0
355993,episode/return,0.0
355993,episode/length,500.0
355994,episode/return,0.0
355994,episode/length,500.0
355995,episode/return,16.0
355995,episode/length,500.0
355996,episode/return,0.0
355996,episode/length,500.0
355997,episode/return,0.0
355997,episode/length,500.0
355998,episode/return,0.0
355998,episode/length,500.0
355999,episode/return,0.0
355999,episode/length,500.0
359992,episode/return,0.0
359992,episode/length,500.0
359993,episode/return,0.0
359993,episode/length,500.0
359994,episode/return,0.0
359994,episode/length,500.0
359995,episode/return,0.0
359995,episode/length,500.0
359996,episode/return,0.0
359996,episode/length,500.0
359997,episode/return,0.0
359997,episode/length,500.0
359998,episode/return,0.0
359998,episode/length,500.0
359999,episode/return,1.0
359999,episode/length,500.0
360000,train/consistency_loss_mean,nan
360000,train/consistency_loss_std,nan
360000,train/continue_loss_mean,0.0
360000,train/continue_loss_std,0.0
360000,train/grad_norm_mean,nan
360000,train/grad_norm_std,nan
360000,train/policy_log_std_mean,nan
360000,train/policy_log_std_std,nan
360000,train/policy_loss_mean,nan
360000,train/policy_loss_std,nan
360000,train/reward_loss_mean,nan
360000,train/reward_loss_std,nan
360000,train/total_loss_mean,nan
360000,train/total_loss_std,nan
360000,train/value_loss_mean,nan
360000,train/value_loss_std,nan
360000,train/value_scale_mean,nan
360000,train/value_scale_std,nan
360000,timing/collect_chunk_s,182.66990491515025
360000,timing/train_chunk_s,25.137985380832106
360000,dense_rhs/training_bucket_horizon,4.0
360000,system/heartbeat,1.0
363992,episode/return,0.0
363992,episode/length,500.0
363993,episode/return,0.0
363993,episode/length,500.0
363994,episode/return,0.0
363994,episode/length,500.0
363995,episode/return,0.0
363995,episode/length,500.0
363996,episode/return,0.0
363996,episode/length,500.0
363997,episode/return,1.0
363997,episode/length,500.0
363998,episode/return,0.0
363998,episode/length,500.0
363999,episode/return,0.0
363999,episode/length,500.0
367992,episode/return,0.0
367992,episode/length,500.0
367993,episode/return,0.0
367993,episode/length,500.0
367994,episode/return,0.0
367994,episode/length,500.0
367995,episode/return,0.0
367995,episode/length,500.0
367996,episode/return,0.0
367996,episode/length,500.0
367997,episode/return,0.0
367997,episode/length,500.0
367998,episode/return,1.0
367998,episode/length,500.0
367999,episode/return,0.0
367999,episode/length,500.0
370000,train/consistency_loss_mean,nan
370000,train/consistency_loss_std,nan
370000,train/continue_loss_mean,0.0
370000,train/continue_loss_std,0.0
370000,train/grad_norm_mean,nan
370000,train/grad_norm_std,nan
370000,train/policy_log_std_mean,nan
370000,train/policy_log_std_std,nan
370000,train/policy_loss_mean,nan
370000,train/policy_loss_std,nan
370000,train/reward_loss_mean,nan
370000,train/reward_loss_std,nan
370000,train/total_loss_mean,nan
370000,train/total_loss_std,nan
370000,train/value_loss_mean,nan
370000,train/value_loss_std,nan
370000,train/value_scale_mean,nan
370000,train/value_scale_std,nan
370000,timing/collect_chunk_s,180.34044283861294
370000,timing/train_chunk_s,25.094406325835735
370000,dense_rhs/training_bucket_horizon,4.0
370000,system/heartbeat,1.0
370000,dense_rhs/selected_horizon,5.0
370000,dense_rhs/proposed_horizon,3.0
370000,dense_rhs/phase_id,0.0
370000,dense_rhs/num_active_horizons,7.0
370000,dense_rhs/num_candidate_horizons,3.0
370000,dense_rhs/entropy,1.6354283094406128
370000,dense_rhs/norm_entropy,0.8404438495635986
370000,dense_rhs/best_fitness,0.03162277489900589
370000,dense_rhs/deployment_score_best,3.720141599286575e-13
370000,dense_rhs/incumbent_deployment_score,1.7777352669372942e-13
370000,dense_rhs/proposed_deployment_score,9.999999424161284e-19
370000,dense_rhs/proposed_transition_cost,nan
370000,dense_rhs/proposed_switch_probability,nan
370000,dense_rhs/proposed_expected_net_benefit,nan
370000,dense_rhs/transition_cost_best,0.0
370000,dense_rhs/transition_adjusted_score_best,1.7777352669372942e-13
370000,dense_rhs/switch_probability_best,0.5
370000,dense_rhs/expected_improvement_best,0.02820948138833046
370000,dense_rhs/expected_loss_best,0.02820948138833046
370000,dense_rhs/expected_net_benefit_best,0.0
370000,dense_rhs/return_term_best,1.0
370000,dense_rhs/roughness_term_best,0.0
370000,dense_rhs/return_std_term_best,0.3720141649246216
370000,dense_rhs/learner_proxy_term_best,0.0
370000,dense_rhs/model_prefix_loss_best,nan
370000,dense_rhs/model_probe_prefix_best,nan
370000,dense_rhs/planner_return_best,nan
370000,dense_rhs/roughness_best,nan
370000,dense_rhs/robust_return_best,-0.20571890473365784
370000,timing/query_model_diag_s,14.785212730057538
370000,timing/query_env_eval_s,41.33931833086535
370000,timing/query_finalize_s,0.00586760975420475
370000,timing/query_total_s,56.137737296987325
370000,dense_rhs/candidate_4_fitness,0.03162277489900589
370000,dense_rhs/candidate_4_deployment_score,1.7777352669372942e-13
370000,dense_rhs/candidate_4_transition_cost,0.0
370000,dense_rhs/candidate_4_transition_adjusted_score,1.7777352669372942e-13
370000,dense_rhs/candidate_4_switch_probability,0.5
370000,dense_rhs/candidate_4_expected_net_benefit,0.0
370000,dense_rhs/candidate_4_return,-0.1830126941204071
370000,dense_rhs/candidate_4_return_term,1.0
370000,dense_rhs/candidate_4_roughness_term,0.0
370000,dense_rhs/candidate_4_return_std_term,0.17777353525161743
370000,dense_rhs/candidate_4_learner_proxy_term,0.0
370000,dense_rhs/candidate_5_fitness,0.03162277489900589
370000,dense_rhs/candidate_5_deployment_score,3.720141599286575e-13
370000,dense_rhs/candidate_5_transition_cost,nan
370000,dense_rhs/candidate_5_transition_adjusted_score,nan
370000,dense_rhs/candidate_5_switch_probability,nan
370000,dense_rhs/candidate_5_expected_net_benefit,nan
370000,dense_rhs/candidate_5_return,-0.20571890473365784
370000,dense_rhs/candidate_5_return_term,1.0
370000,dense_rhs/candidate_5_roughness_term,0.0
370000,dense_rhs/candidate_5_return_std_term,0.3720141649246216
370000,dense_rhs/candidate_5_learner_proxy_term,0.0
370000,dense_rhs/candidate_3_fitness,0.03162277489900589
370000,dense_rhs/candidate_3_deployment_score,9.999999424161284e-19
370000,dense_rhs/candidate_3_transition_cost,nan
370000,dense_rhs/candidate_3_transition_adjusted_score,nan
370000,dense_rhs/candidate_3_switch_probability,nan
370000,dense_rhs/candidate_3_expected_net_benefit,nan
370000,dense_rhs/candidate_3_return,-0.3391343355178833
370000,dense_rhs/candidate_3_return_term,1.0
370000,dense_rhs/candidate_3_roughness_term,0.0
370000,dense_rhs/candidate_3_return_std_term,5.960464477539063e-08
370000,dense_rhs/candidate_3_learner_proxy_term,0.0
370000,dense_rhs/deployment_utility_enabled,1.0
370000,dense_rhs/deployment_utility_observations,6.0
370000,dense_rhs/deployment_utility_last_observed_gain,0.09999999403953552
370000,dense_rhs/candidate_3_expected_eval_gain,-0.10000000024835269
370000,dense_rhs/candidate_3_eval_gain_uncertainty,8.930868596184956
370000,dense_rhs/candidate_3_deployment_utility_score,2.1327171487978864
370000,dense_rhs/candidate_4_expected_eval_gain,0.09999999403953552
370000,dense_rhs/candidate_4_eval_gain_uncertainty,106.06601717798212
370000,dense_rhs/candidate_4_deployment_utility_score,26.616504288535065
370000,dense_rhs/candidate_5_expected_eval_gain,0.0
370000,dense_rhs/candidate_5_eval_gain_uncertainty,150.0
370000,dense_rhs/candidate_5_deployment_utility_score,37.5
370000,dense_rhs/deployment_utility_override,1.0
370000,dense_rhs/deployment_utility_selected_expected_gain,0.0
370000,dense_rhs/deployment_utility_selected_uncertainty,150.0
370000,dense_rhs/deployment_utility_selected_score,37.5
370000,dense_rhs/deployment_utility_proposed_horizon,5.0
370000,dense_rhs/deployment_utility_proposed_expected_gain,0.0
370000,dense_rhs/deployment_utility_proposed_uncertainty,150.0
370000,dense_rhs/deployment_utility_proposed_score,37.5
370000,dense_rhs/previous_horizon,4.0
370000,dense_rhs/training_bucket_horizon,5.0
370000,dense_rhs/best_h,5.0
370000,dense_rhs/prob_best_h,0.267578125
370000,dense_rhs/gauss_mean_best_h,0.03162277489900589
370000,dense_rhs/gauss_post_std_best_h,1.0
370000,system/heartbeat,1.0
371992,episode/return,0.0
371992,episode/length,500.0
371993,episode/return,0.0
371993,episode/length,500.0
371994,episode/return,0.0
371994,episode/length,500.0
371995,episode/return,0.0
371995,episode/length,500.0
371996,episode/return,1.0
371996,episode/length,500.0
371997,episode/return,1.0
371997,episode/length,500.0
371998,episode/return,0.0
371998,episode/length,500.0
371999,episode/return,0.0
371999,episode/length,500.0
375992,episode/return,0.0
375992,episode/length,500.0
375993,episode/return,0.0
375993,episode/length,500.0
375994,episode/return,0.0
375994,episode/length,500.0
375995,episode/return,0.0
375995,episode/length,500.0
375996,episode/return,0.0
375996,episode/length,500.0
375997,episode/return,0.0
375997,episode/length,500.0
375998,episode/return,0.0
375998,episode/length,500.0
375999,episode/return,0.0
375999,episode/length,500.0
379992,episode/return,1.0
379992,episode/length,500.0
379993,episode/return,0.0
379993,episode/length,500.0
379994,episode/return,0.0
379994,episode/length,500.0
379995,episode/return,0.0
379995,episode/length,500.0
379996,episode/return,0.0
379996,episode/length,500.0
379997,episode/return,0.0
379997,episode/length,500.0
379998,episode/return,0.0
379998,episode/length,500.0
379999,episode/return,5.0
379999,episode/length,500.0
380000,train/consistency_loss_mean,nan
380000,train/consistency_loss_std,nan
380000,train/continue_loss_mean,0.0
380000,train/continue_loss_std,0.0
380000,train/grad_norm_mean,nan
380000,train/grad_norm_std,nan
380000,train/policy_log_std_mean,nan
380000,train/policy_log_std_std,nan
380000,train/policy_loss_mean,nan
380000,train/policy_loss_std,nan
380000,train/reward_loss_mean,nan
380000,train/reward_loss_std,nan
380000,train/total_loss_mean,nan
380000,train/total_loss_std,nan
380000,train/value_loss_mean,nan
380000,train/value_loss_std,nan
380000,train/value_scale_mean,nan
380000,train/value_scale_std,nan
380000,timing/collect_chunk_s,231.59848824050277
380000,timing/train_chunk_s,229.88984906859696
380000,dense_rhs/training_bucket_horizon,5.0
380000,system/heartbeat,1.0
383992,episode/return,0.0
383992,episode/length,500.0
383993,episode/return,0.0
383993,episode/length,500.0
383994,episode/return,0.0
383994,episode/length,500.0
383995,episode/return,0.0
383995,episode/length,500.0
383996,episode/return,0.0
383996,episode/length,500.0
383997,episode/return,0.0
383997,episode/length,500.0
383998,episode/return,0.0
383998,episode/length,500.0
383999,episode/return,0.0
383999,episode/length,500.0
387992,episode/return,0.0
387992,episode/length,500.0
387993,episode/return,0.0
387993,episode/length,500.0
387994,episode/return,0.0
387994,episode/length,500.0
387995,episode/return,0.0
387995,episode/length,500.0
387996,episode/return,0.0
387996,episode/length,500.0
387997,episode/return,0.0
387997,episode/length,500.0
387998,episode/return,0.0
387998,episode/length,500.0
387999,episode/return,0.0
387999,episode/length,500.0
390000,train/consistency_loss_mean,nan
390000,train/consistency_loss_std,nan
390000,train/continue_loss_mean,0.0
390000,train/continue_loss_std,0.0
390000,train/grad_norm_mean,nan
390000,train/grad_norm_std,nan
390000,train/policy_log_std_mean,nan
390000,train/policy_log_std_std,nan
390000,train/policy_loss_mean,nan
390000,train/policy_loss_std,nan
390000,train/reward_loss_mean,nan
390000,train/reward_loss_std,nan
390000,train/total_loss_mean,nan
390000,train/total_loss_std,nan
390000,train/value_loss_mean,nan
390000,train/value_loss_std,nan
390000,train/value_scale_mean,nan
390000,train/value_scale_std,nan
390000,timing/collect_chunk_s,164.5241666706279
390000,timing/train_chunk_s,28.918216838967055
390000,dense_rhs/training_bucket_horizon,5.0
390000,system/heartbeat,1.0
391992,episode/return,0.0
391992,episode/length,500.0
391993,episode/return,0.0
391993,episode/length,500.0
391994,episode/return,0.0
391994,episode/length,500.0
391995,episode/return,0.0
391995,episode/length,500.0
391996,episode/return,0.0
391996,episode/length,500.0
391997,episode/return,0.0
391997,episode/length,500.0
391998,episode/return,0.0
391998,episode/length,500.0
391999,episode/return,1.0
391999,episode/length,500.0
395992,episode/return,0.0
395992,episode/length,500.0
395993,episode/return,0.0
395993,episode/length,500.0
395994,episode/return,1.0
395994,episode/length,500.0
395995,episode/return,0.0
395995,episode/length,500.0
395996,episode/return,0.0
395996,episode/length,500.0
395997,episode/return,0.0
395997,episode/length,500.0
395998,episode/return,3.0
395998,episode/length,500.0
395999,episode/return,0.0
395999,episode/length,500.0
399992,episode/return,1.0
399992,episode/length,500.0
399993,episode/return,0.0
399993,episode/length,500.0
399994,episode/return,0.0
399994,episode/length,500.0
399995,episode/return,0.0
399995,episode/length,500.0
399996,episode/return,0.0
399996,episode/length,500.0
399997,episode/return,1.0
399997,episode/length,500.0
399998,episode/return,0.0
399998,episode/length,500.0
399999,episode/return,0.0
399999,episode/length,500.0
400000,train/consistency_loss_mean,nan
400000,train/consistency_loss_std,nan
400000,train/continue_loss_mean,0.0
400000,train/continue_loss_std,0.0
400000,train/grad_norm_mean,nan
400000,train/grad_norm_std,nan
400000,train/policy_log_std_mean,nan
400000,train/policy_log_std_std,nan
400000,train/policy_loss_mean,nan
400000,train/policy_loss_std,nan
400000,train/reward_loss_mean,nan
400000,train/reward_loss_std,nan
400000,train/total_loss_mean,nan
400000,train/total_loss_std,nan
400000,train/value_loss_mean,nan
400000,train/value_loss_std,nan
400000,train/value_scale_mean,nan
400000,train/value_scale_std,nan
400000,timing/collect_chunk_s,164.15813146578148
400000,timing/train_chunk_s,28.897076681721956
400000,dense_rhs/training_bucket_horizon,5.0
400000,system/heartbeat,1.0
400000,timing/checkpoint_blocking_s,0.3845446999184787
400000,eval/return_mean,0.15000000596046448
400000,eval/return_std,0.4769695997238159
400000,eval/return_max,2.0
400000,eval/return_min,0.0
400000,dense_rhs/deployment_utility_last_observed_gain,-0.19999998807907104
400000,dense_rhs/deployment_utility_observations,7.0
400000,timing/eval_s,76.58955108793452
400000,eval/selected_horizon,5.0
400000,eval/training_bucket_horizon,5.0
400000,system/heartbeat,1.0
403992,episode/return,1.0
403992,episode/length,500.0
403993,episode/return,6.0
403993,episode/length,500.0
403994,episode/return,0.0
403994,episode/length,500.0
403995,episode/return,0.0
403995,episode/length,500.0
403996,episode/return,3.0
403996,episode/length,500.0
403997,episode/return,0.0
403997,episode/length,500.0
403998,episode/return,1.0
403998,episode/length,500.0
403999,episode/return,0.0
403999,episode/length,500.0
407992,episode/return,1.0
407992,episode/length,500.0
407993,episode/return,1.0
407993,episode/length,500.0
407994,episode/return,0.0
407994,episode/length,500.0
407995,episode/return,0.0
407995,episode/length,500.0
407996,episode/return,0.0
407996,episode/length,500.0
407997,episode/return,0.0
407997,episode/length,500.0
407998,episode/return,0.0
407998,episode/length,500.0
407999,episode/return,0.0
407999,episode/length,500.0
410000,train/consistency_loss_mean,nan
410000,train/consistency_loss_std,nan
410000,train/continue_loss_mean,0.0
410000,train/continue_loss_std,0.0
410000,train/grad_norm_mean,nan
410000,train/grad_norm_std,nan
410000,train/policy_log_std_mean,nan
410000,train/policy_log_std_std,nan
410000,train/policy_loss_mean,nan
410000,train/policy_loss_std,nan
410000,train/reward_loss_mean,nan
410000,train/reward_loss_std,nan
410000,train/total_loss_mean,nan
410000,train/total_loss_std,nan
410000,train/value_loss_mean,nan
410000,train/value_loss_std,nan
410000,train/value_scale_mean,nan
410000,train/value_scale_std,nan
410000,timing/collect_chunk_s,205.226610457059
410000,timing/train_chunk_s,28.9656659536995
410000,dense_rhs/training_bucket_horizon,5.0
410000,system/heartbeat,1.0
411992,episode/return,0.0
411992,episode/length,500.0
411993,episode/return,0.0
411993,episode/length,500.0
411994,episode/return,1.0
411994,episode/length,500.0
411995,episode/return,0.0
411995,episode/length,500.0
411996,episode/return,0.0
411996,episode/length,500.0
411997,episode/return,0.0
411997,episode/length,500.0
411998,episode/return,0.0
411998,episode/length,500.0
411999,episode/return,1.0
411999,episode/length,500.0
415992,episode/return,1.0
415992,episode/length,500.0
415993,episode/return,0.0
415993,episode/length,500.0
415994,episode/return,0.0
415994,episode/length,500.0
415995,episode/return,0.0
415995,episode/length,500.0
415996,episode/return,0.0
415996,episode/length,500.0
415997,episode/return,0.0
415997,episode/length,500.0
415998,episode/return,0.0
415998,episode/length,500.0
415999,episode/return,0.0
415999,episode/length,500.0
419992,episode/return,0.0
419992,episode/length,500.0
419993,episode/return,0.0
419993,episode/length,500.0
419994,episode/return,0.0
419994,episode/length,500.0
419995,episode/return,0.0
419995,episode/length,500.0
419996,episode/return,0.0
419996,episode/length,500.0
419997,episode/return,0.0
419997,episode/length,500.0
419998,episode/return,0.0
419998,episode/length,500.0
419999,episode/return,0.0
419999,episode/length,500.0
420000,train/consistency_loss_mean,nan
420000,train/consistency_loss_std,nan
420000,train/continue_loss_mean,0.0
420000,train/continue_loss_std,0.0
420000,train/grad_norm_mean,nan
420000,train/grad_norm_std,nan
420000,train/policy_log_std_mean,nan
420000,train/policy_log_std_std,nan
420000,train/policy_loss_mean,nan
420000,train/policy_loss_std,nan
420000,train/reward_loss_mean,nan
420000,train/reward_loss_std,nan
420000,train/total_loss_mean,nan
420000,train/total_loss_std,nan
420000,train/value_loss_mean,nan
420000,train/value_loss_std,nan
420000,train/value_scale_mean,nan
420000,train/value_scale_std,nan
420000,timing/collect_chunk_s,194.5687815421261
420000,timing/train_chunk_s,28.90727111697197
420000,dense_rhs/training_bucket_horizon,5.0
420000,system/heartbeat,1.0
420000,dense_rhs/selected_horizon,6.0
420000,dense_rhs/proposed_horizon,4.0
420000,dense_rhs/phase_id,0.0
420000,dense_rhs/num_active_horizons,7.0
420000,dense_rhs/num_candidate_horizons,3.0
420000,dense_rhs/entropy,1.5149163007736206
420000,dense_rhs/norm_entropy,0.7785129547119141
420000,dense_rhs/best_fitness,0.03162277489900589
420000,dense_rhs/deployment_score_best,9.999999960041972e-13
420000,dense_rhs/incumbent_deployment_score,1.9377422301285196e-13
420000,dense_rhs/proposed_deployment_score,9.999999424161284e-19
420000,dense_rhs/proposed_transition_cost,nan
420000,dense_rhs/proposed_switch_probability,nan
420000,dense_rhs/proposed_expected_net_benefit,nan
420000,dense_rhs/transition_cost_best,0.0
420000,dense_rhs/transition_adjusted_score_best,1.9377422301285196e-13
420000,dense_rhs/switch_probability_best,0.5
420000,dense_rhs/expected_improvement_best,0.564189612865448
420000,dense_rhs/expected_loss_best,0.564189612865448
420000,dense_rhs/expected_net_benefit_best,0.0
420000,dense_rhs/return_term_best,1.0
420000,dense_rhs/roughness_term_best,0.0
420000,dense_rhs/return_std_term_best,1.0
420000,dense_rhs/learner_proxy_term_best,0.0
420000,dense_rhs/model_prefix_loss_best,nan
420000,dense_rhs/model_probe_prefix_best,nan
420000,dense_rhs/planner_return_best,nan
420000,dense_rhs/roughness_best,nan
420000,dense_rhs/robust_return_best,0.0
420000,timing/query_model_diag_s,14.114994013216347
420000,timing/query_env_eval_s,40.86476737493649
420000,timing/query_finalize_s,0.003705170936882496
420000,timing/query_total_s,54.98926512291655
420000,dense_rhs/candidate_5_fitness,0.03162277489900589
420000,dense_rhs/candidate_5_deployment_score,1.9377422301285196e-13
420000,dense_rhs/candidate_5_transition_cost,0.0
420000,dense_rhs/candidate_5_transition_adjusted_score,1.9377422301285196e-13
420000,dense_rhs/candidate_5_switch_probability,0.5
420000,dense_rhs/candidate_5_expected_net_benefit,0.0
420000,dense_rhs/candidate_5_return,-0.20281237363815308
420000,dense_rhs/candidate_5_return_term,1.0
420000,dense_rhs/candidate_5_roughness_term,0.0
420000,dense_rhs/candidate_5_return_std_term,0.19377422332763672
420000,dense_rhs/candidate_5_learner_proxy_term,0.0
420000,dense_rhs/candidate_6_fitness,0.03162277489900589
420000,dense_rhs/candidate_6_deployment_score,9.999999960041972e-13
420000,dense_rhs/candidate_6_transition_cost,nan
420000,dense_rhs/candidate_6_transition_adjusted_score,nan
420000,dense_rhs/candidate_6_switch_probability,nan
420000,dense_rhs/candidate_6_expected_net_benefit,nan
420000,dense_rhs/candidate_6_return,0.0
420000,dense_rhs/candidate_6_return_term,1.0
420000,dense_rhs/candidate_6_roughness_term,0.0
420000,dense_rhs/candidate_6_return_std_term,1.0
420000,dense_rhs/candidate_6_learner_proxy_term,0.0
420000,dense_rhs/candidate_4_fitness,0.03162277489900589
420000,dense_rhs/candidate_4_deployment_score,9.999999424161284e-19
420000,dense_rhs/candidate_4_transition_cost,nan
420000,dense_rhs/candidate_4_transition_adjusted_score,nan
420000,dense_rhs/candidate_4_switch_probability,nan
420000,dense_rhs/candidate_4_expected_net_benefit,nan
420000,dense_rhs/candidate_4_return,-0.3591229021549225
420000,dense_rhs/candidate_4_return_term,1.0
420000,dense_rhs/candidate_4_roughness_term,0.0
420000,dense_rhs/candidate_4_return_std_term,5.960464477539063e-08
420000,dense_rhs/candidate_4_learner_proxy_term,0.0
420000,dense_rhs/deployment_utility_enabled,1.0
420000,dense_rhs/deployment_utility_observations,7.0
420000,dense_rhs/deployment_utility_last_observed_gain,-0.19999998807907104
420000,dense_rhs/candidate_4_expected_eval_gain,0.09999999403953552
420000,dense_rhs/candidate_4_eval_gain_uncertainty,106.06601717798212
420000,dense_rhs/candidate_4_deployment_utility_score,26.616504288535065
420000,dense_rhs/candidate_5_expected_eval_gain,-0.19999998807907104
420000,dense_rhs/candidate_5_eval_gain_uncertainty,106.06601717798212
420000,dense_rhs/candidate_5_deployment_utility_score,26.31650430641646
420000,dense_rhs/candidate_6_expected_eval_gain,0.0
420000,dense_rhs/candidate_6_eval_gain_uncertainty,150.0
420000,dense_rhs/candidate_6_deployment_utility_score,37.5
420000,dense_rhs/deployment_utility_override,1.0
420000,dense_rhs/deployment_utility_selected_expected_gain,0.0
420000,dense_rhs/deployment_utility_selected_uncertainty,150.0
420000,dense_rhs/deployment_utility_selected_score,37.5
420000,dense_rhs/deployment_utility_proposed_horizon,6.0
420000,dense_rhs/deployment_utility_proposed_expected_gain,0.0
420000,dense_rhs/deployment_utility_proposed_uncertainty,150.0
420000,dense_rhs/deployment_utility_proposed_score,37.5
420000,dense_rhs/previous_horizon,5.0
420000,dense_rhs/training_bucket_horizon,6.0
420000,dense_rhs/best_h,6.0
420000,dense_rhs/prob_best_h,0.30859375
420000,dense_rhs/gauss_mean_best_h,0.03162277489900589
420000,dense_rhs/gauss_post_std_best_h,1.0
420000,system/heartbeat,1.0
423992,episode/return,0.0
423992,episode/length,500.0
423993,episode/return,0.0
423993,episode/length,500.0
423994,episode/return,0.0
423994,episode/length,500.0
423995,episode/return,0.0
423995,episode/length,500.0
423996,episode/return,0.0
423996,episode/length,500.0
423997,episode/return,0.0
423997,episode/length,500.0
423998,episode/return,0.0
423998,episode/length,500.0
423999,episode/return,0.0
423999,episode/length,500.0
427992,episode/return,0.0
427992,episode/length,500.0
427993,episode/return,0.0
427993,episode/length,500.0
427994,episode/return,0.0
427994,episode/length,500.0
427995,episode/return,0.0
427995,episode/length,500.0
427996,episode/return,0.0
427996,episode/length,500.0
427997,episode/return,0.0
427997,episode/length,500.0
427998,episode/return,0.0
427998,episode/length,500.0
427999,episode/return,0.0
427999,episode/length,500.0
430000,train/consistency_loss_mean,nan
430000,train/consistency_loss_std,nan
430000,train/continue_loss_mean,0.0
430000,train/continue_loss_std,0.0
430000,train/grad_norm_mean,nan
430000,train/grad_norm_std,nan
430000,train/policy_log_std_mean,nan
430000,train/policy_log_std_std,nan
430000,train/policy_loss_mean,nan
430000,train/policy_loss_std,nan
430000,train/reward_loss_mean,nan
430000,train/reward_loss_std,nan
430000,train/total_loss_mean,nan
430000,train/total_loss_std,nan
430000,train/value_loss_mean,nan
430000,train/value_loss_std,nan
430000,train/value_scale_mean,nan
430000,train/value_scale_std,nan
430000,timing/collect_chunk_s,225.04494688333943
430000,timing/train_chunk_s,235.64221245935187
430000,dense_rhs/training_bucket_horizon,6.0
430000,system/heartbeat,1.0
431992,episode/return,0.0
431992,episode/length,500.0
431993,episode/return,1.0
431993,episode/length,500.0
431994,episode/return,0.0
431994,episode/length,500.0
431995,episode/return,0.0
431995,episode/length,500.0
431996,episode/return,0.0
431996,episode/length,500.0
431997,episode/return,0.0
431997,episode/length,500.0
431998,episode/return,0.0
431998,episode/length,500.0
431999,episode/return,0.0
431999,episode/length,500.0
435992,episode/return,0.0
435992,episode/length,500.0
435993,episode/return,0.0
435993,episode/length,500.0
435994,episode/return,0.0
435994,episode/length,500.0
435995,episode/return,0.0
435995,episode/length,500.0
435996,episode/return,0.0
435996,episode/length,500.0
435997,episode/return,0.0
435997,episode/length,500.0
435998,episode/return,0.0
435998,episode/length,500.0
435999,episode/return,0.0
435999,episode/length,500.0
439992,episode/return,0.0
439992,episode/length,500.0
439993,episode/return,0.0
439993,episode/length,500.0
439994,episode/return,1.0
439994,episode/length,500.0
439995,episode/return,0.0
439995,episode/length,500.0
439996,episode/return,0.0
439996,episode/length,500.0
439997,episode/return,0.0
439997,episode/length,500.0
439998,episode/return,0.0
439998,episode/length,500.0
439999,episode/return,0.0
439999,episode/length,500.0
440000,train/consistency_loss_mean,nan
440000,train/consistency_loss_std,nan
440000,train/continue_loss_mean,0.0
440000,train/continue_loss_std,0.0
440000,train/grad_norm_mean,nan
440000,train/grad_norm_std,nan
440000,train/policy_log_std_mean,nan
440000,train/policy_log_std_std,nan
440000,train/policy_loss_mean,nan
440000,train/policy_loss_std,nan
440000,train/reward_loss_mean,nan
440000,train/reward_loss_std,nan
440000,train/total_loss_mean,nan
440000,train/total_loss_std,nan
440000,train/value_loss_mean,nan
440000,train/value_loss_std,nan
440000,train/value_scale_mean,nan
440000,train/value_scale_std,nan
440000,timing/collect_chunk_s,186.01917027961463
440000,timing/train_chunk_s,33.21602038759738
440000,dense_rhs/training_bucket_horizon,6.0
440000,system/heartbeat,1.0
443992,episode/return,0.0
443992,episode/length,500.0
443993,episode/return,0.0
443993,episode/length,500.0
443994,episode/return,0.0
443994,episode/length,500.0
443995,episode/return,0.0
443995,episode/length,500.0
443996,episode/return,1.0
443996,episode/length,500.0
443997,episode/return,3.0
443997,episode/length,500.0
443998,episode/return,0.0
443998,episode/length,500.0
443999,episode/return,0.0
443999,episode/length,500.0
447992,episode/return,0.0
447992,episode/length,500.0
447993,episode/return,0.0
447993,episode/length,500.0
447994,episode/return,1.0
447994,episode/length,500.0
447995,episode/return,0.0
447995,episode/length,500.0
447996,episode/return,0.0
447996,episode/length,500.0
447997,episode/return,0.0
447997,episode/length,500.0
447998,episode/return,0.0
447998,episode/length,500.0
447999,episode/return,0.0
447999,episode/length,500.0
450000,train/consistency_loss_mean,nan
450000,train/consistency_loss_std,nan
450000,train/continue_loss_mean,0.0
450000,train/continue_loss_std,0.0
450000,train/grad_norm_mean,nan
450000,train/grad_norm_std,nan
450000,train/policy_log_std_mean,nan
450000,train/policy_log_std_std,nan
450000,train/policy_loss_mean,nan
450000,train/policy_loss_std,nan
450000,train/reward_loss_mean,nan
450000,train/reward_loss_std,nan
450000,train/total_loss_mean,nan
450000,train/total_loss_std,nan
450000,train/value_loss_mean,nan
450000,train/value_loss_std,nan
450000,train/value_scale_mean,nan
450000,train/value_scale_std,nan
450000,timing/collect_chunk_s,194.57142706075683
450000,timing/train_chunk_s,33.29844579054043
450000,dense_rhs/training_bucket_horizon,6.0
450000,system/heartbeat,1.0
450000,timing/checkpoint_blocking_s,0.41002150578424335
450000,eval/return_mean,1.149999976158142
450000,eval/return_std,4.788267135620117
450000,eval/return_max,22.0
450000,eval/return_min,0.0
450000,dense_rhs/deployment_utility_last_observed_gain,0.9999999701976776
450000,dense_rhs/deployment_utility_observations,8.0
450000,timing/eval_s,77.96454207133502
450000,eval/selected_horizon,6.0
450000,eval/training_bucket_horizon,6.0
450000,system/heartbeat,1.0
451992,episode/return,0.0
451992,episode/length,500.0
451993,episode/return,0.0
451993,episode/length,500.0
451994,episode/return,1.0
451994,episode/length,500.0
451995,episode/return,0.0
451995,episode/length,500.0
451996,episode/return,0.0
451996,episode/length,500.0
451997,episode/return,1.0
451997,episode/length,500.0
451998,episode/return,0.0
451998,episode/length,500.0
451999,episode/return,0.0
451999,episode/length,500.0
455992,episode/return,0.0
455992,episode/length,500.0
455993,episode/return,0.0
455993,episode/length,500.0
455994,episode/return,0.0
455994,episode/length,500.0
455995,episode/return,0.0
455995,episode/length,500.0
455996,episode/return,0.0
455996,episode/length,500.0
455997,episode/return,0.0
455997,episode/length,500.0
455998,episode/return,0.0
455998,episode/length,500.0
455999,episode/return,176.0
455999,episode/length,500.0
459992,episode/return,0.0
459992,episode/length,500.0
459993,episode/return,0.0
459993,episode/length,500.0
459994,episode/return,0.0
459994,episode/length,500.0
459995,episode/return,0.0
459995,episode/length,500.0
459996,episode/return,0.0
459996,episode/length,500.0
459997,episode/return,0.0
459997,episode/length,500.0
459998,episode/return,0.0
459998,episode/length,500.0
459999,episode/return,0.0
459999,episode/length,500.0
460000,train/consistency_loss_mean,nan
460000,train/consistency_loss_std,nan
460000,train/continue_loss_mean,0.0
460000,train/continue_loss_std,0.0
460000,train/grad_norm_mean,nan
460000,train/grad_norm_std,nan
460000,train/policy_log_std_mean,nan
460000,train/policy_log_std_std,nan
460000,train/policy_loss_mean,nan
460000,train/policy_loss_std,nan
460000,train/reward_loss_mean,nan
460000,train/reward_loss_std,nan
460000,train/total_loss_mean,nan
460000,train/total_loss_std,nan
460000,train/value_loss_mean,nan
460000,train/value_loss_std,nan
460000,train/value_scale_mean,nan
460000,train/value_scale_std,nan
460000,timing/collect_chunk_s,201.84351799450815
460000,timing/train_chunk_s,33.34363542497158
460000,dense_rhs/training_bucket_horizon,6.0
460000,system/heartbeat,1.0
463992,episode/return,0.0
463992,episode/length,500.0
463993,episode/return,0.0
463993,episode/length,500.0
463994,episode/return,0.0
463994,episode/length,500.0
463995,episode/return,0.0
463995,episode/length,500.0
463996,episode/return,0.0
463996,episode/length,500.0
463997,episode/return,1.0
463997,episode/length,500.0
463998,episode/return,0.0
463998,episode/length,500.0
463999,episode/return,0.0
463999,episode/length,500.0
467992,episode/return,0.0
467992,episode/length,500.0
467993,episode/return,0.0
467993,episode/length,500.0
467994,episode/return,0.0
467994,episode/length,500.0
467995,episode/return,0.0
467995,episode/length,500.0
467996,episode/return,2.0
467996,episode/length,500.0
467997,episode/return,0.0
467997,episode/length,500.0
467998,episode/return,0.0
467998,episode/length,500.0
467999,episode/return,0.0
467999,episode/length,500.0
470000,train/consistency_loss_mean,nan
470000,train/consistency_loss_std,nan
470000,train/continue_loss_mean,0.0
470000,train/continue_loss_std,0.0
470000,train/grad_norm_mean,nan
470000,train/grad_norm_std,nan
470000,train/policy_log_std_mean,nan
470000,train/policy_log_std_std,nan
470000,train/policy_loss_mean,nan
470000,train/policy_loss_std,nan
470000,train/reward_loss_mean,nan
470000,train/reward_loss_std,nan
470000,train/total_loss_mean,nan
470000,train/total_loss_std,nan
470000,train/value_loss_mean,nan
470000,train/value_loss_std,nan
470000,train/value_scale_mean,nan
470000,train/value_scale_std,nan
470000,timing/collect_chunk_s,197.69192708609626
470000,timing/train_chunk_s,33.33178376359865
470000,dense_rhs/training_bucket_horizon,6.0
470000,system/heartbeat,1.0
470000,dense_rhs/selected_horizon,7.0
470000,dense_rhs/proposed_horizon,5.0
470000,dense_rhs/phase_id,0.0
470000,dense_rhs/num_active_horizons,7.0
470000,dense_rhs/num_candidate_horizons,3.0
470000,dense_rhs/entropy,1.5016483068466187
470000,dense_rhs/norm_entropy,0.771694540977478
470000,dense_rhs/best_fitness,0.03162277489900589
470000,dense_rhs/deployment_score_best,9.999999424161284e-19
470000,dense_rhs/incumbent_deployment_score,5.403614296468906e-13
470000,dense_rhs/proposed_deployment_score,3.720141599286575e-13
470000,dense_rhs/proposed_transition_cost,nan
470000,dense_rhs/proposed_switch_probability,nan
470000,dense_rhs/proposed_expected_net_benefit,nan
470000,dense_rhs/transition_cost_best,0.0
470000,dense_rhs/transition_adjusted_score_best,5.403614296468906e-13
470000,dense_rhs/switch_probability_best,0.5
470000,dense_rhs/expected_improvement_best,0.564189612865448
470000,dense_rhs/expected_loss_best,0.564189612865448
470000,dense_rhs/expected_net_benefit_best,0.0
470000,dense_rhs/return_term_best,1.0
470000,dense_rhs/roughness_term_best,0.0
470000,dense_rhs/return_std_term_best,5.960464477539063e-08
470000,dense_rhs/learner_proxy_term_best,0.0
470000,dense_rhs/model_prefix_loss_best,nan
470000,dense_rhs/model_probe_prefix_best,nan
470000,dense_rhs/planner_return_best,nan
470000,dense_rhs/roughness_best,nan
470000,dense_rhs/robust_return_best,-0.3391343355178833
470000,timing/query_model_diag_s,14.53288035094738
470000,timing/query_env_eval_s,41.591007427312434
470000,timing/query_finalize_s,0.004349858034402132
470000,timing/query_total_s,56.13449708512053
470000,dense_rhs/candidate_6_fitness,0.03162277489900589
470000,dense_rhs/candidate_6_deployment_score,5.403614296468906e-13
470000,dense_rhs/candidate_6_transition_cost,0.0
470000,dense_rhs/candidate_6_transition_adjusted_score,5.403614296468906e-13
470000,dense_rhs/candidate_6_switch_probability,0.5
470000,dense_rhs/candidate_6_expected_net_benefit,0.0
470000,dense_rhs/candidate_6_return,-0.17956145107746124
470000,dense_rhs/candidate_6_return_term,1.0
470000,dense_rhs/candidate_6_roughness_term,0.0
470000,dense_rhs/candidate_6_return_std_term,0.5403614640235901
470000,dense_rhs/candidate_6_learner_proxy_term,0.0
470000,dense_rhs/candidate_7_fitness,0.03162277489900589
470000,dense_rhs/candidate_7_deployment_score,9.999999424161284e-19
470000,dense_rhs/candidate_7_transition_cost,nan
470000,dense_rhs/candidate_7_transition_adjusted_score,nan
470000,dense_rhs/candidate_7_switch_probability,nan
470000,dense_rhs/candidate_7_expected_net_benefit,nan
470000,dense_rhs/candidate_7_return,-0.3391343355178833
470000,dense_rhs/candidate_7_return_term,1.0
470000,dense_rhs/candidate_7_roughness_term,0.0
470000,dense_rhs/candidate_7_return_std_term,5.960464477539063e-08
470000,dense_rhs/candidate_7_learner_proxy_term,0.0
470000,dense_rhs/candidate_5_fitness,0.03162277489900589
470000,dense_rhs/candidate_5_deployment_score,3.720141599286575e-13
470000,dense_rhs/candidate_5_transition_cost,nan
470000,dense_rhs/candidate_5_transition_adjusted_score,nan
470000,dense_rhs/candidate_5_switch_probability,nan
470000,dense_rhs/candidate_5_expected_net_benefit,nan
470000,dense_rhs/candidate_5_return,-0.20571890473365784
470000,dense_rhs/candidate_5_return_term,1.0
470000,dense_rhs/candidate_5_roughness_term,0.0
470000,dense_rhs/candidate_5_return_std_term,0.3720141649246216
470000,dense_rhs/candidate_5_learner_proxy_term,0.0
470000,dense_rhs/deployment_utility_enabled,1.0
470000,dense_rhs/deployment_utility_observations,8.0
470000,dense_rhs/deployment_utility_last_observed_gain,0.9999999701976776
470000,dense_rhs/candidate_5_expected_eval_gain,-0.19999998807907104
470000,dense_rhs/candidate_5_eval_gain_uncertainty,106.06601717798212
470000,dense_rhs/candidate_5_deployment_utility_score,26.31650430641646
470000,dense_rhs/candidate_6_expected_eval_gain,0.9999999701976776
470000,dense_rhs/candidate_6_eval_gain_uncertainty,106.06601717798212
470000,dense_rhs/candidate_6_deployment_utility_score,27.516504264693207
470000,dense_rhs/candidate_7_expected_eval_gain,0.0
470000,dense_rhs/candidate_7_eval_gain_uncertainty,150.0
470000,dense_rhs/candidate_7_deployment_utility_score,37.5
470000,dense_rhs/deployment_utility_override,1.0
470000,dense_rhs/deployment_utility_selected_expected_gain,0.0
470000,dense_rhs/deployment_utility_selected_uncertainty,150.0
470000,dense_rhs/deployment_utility_selected_score,37.5
470000,dense_rhs/deployment_utility_proposed_horizon,7.0
470000,dense_rhs/deployment_utility_proposed_expected_gain,0.0
470000,dense_rhs/deployment_utility_proposed_uncertainty,150.0
470000,dense_rhs/deployment_utility_proposed_score,37.5
470000,dense_rhs/previous_horizon,6.0
470000,dense_rhs/training_bucket_horizon,7.0
470000,dense_rhs/best_h,7.0
470000,dense_rhs/prob_best_h,0.359375
470000,dense_rhs/gauss_mean_best_h,0.03162277489900589
470000,dense_rhs/gauss_post_std_best_h,1.0
470000,system/heartbeat,1.0
471992,episode/return,0.0
471992,episode/length,500.0
471993,episode/return,0.0
471993,episode/length,500.0
471994,episode/return,0.0
471994,episode/length,500.0
471995,episode/return,0.0
471995,episode/length,500.0
471996,episode/return,1.0
471996,episode/length,500.0
471997,episode/return,0.0
471997,episode/length,500.0
471998,episode/return,0.0
471998,episode/length,500.0
471999,episode/return,0.0
471999,episode/length,500.0
475992,episode/return,1.0
475992,episode/length,500.0
475993,episode/return,0.0
475993,episode/length,500.0
475994,episode/return,0.0
475994,episode/length,500.0
475995,episode/return,0.0
475995,episode/length,500.0
475996,episode/return,0.0
475996,episode/length,500.0
475997,episode/return,0.0
475997,episode/length,500.0
475998,episode/return,0.0
475998,episode/length,500.0
475999,episode/return,0.0
475999,episode/length,500.0
479992,episode/return,0.0
479992,episode/length,500.0
479993,episode/return,0.0
479993,episode/length,500.0
479994,episode/return,0.0
479994,episode/length,500.0
479995,episode/return,0.0
479995,episode/length,500.0
479996,episode/return,0.0
479996,episode/length,500.0
479997,episode/return,1.0
479997,episode/length,500.0
479998,episode/return,0.0
479998,episode/length,500.0
479999,episode/return,0.0
479999,episode/length,500.0
480000,train/consistency_loss_mean,nan
480000,train/consistency_loss_std,nan
480000,train/continue_loss_mean,0.0
480000,train/continue_loss_std,0.0
480000,train/grad_norm_mean,nan
480000,train/grad_norm_std,nan
480000,train/policy_log_std_mean,nan
480000,train/policy_log_std_std,nan
480000,train/policy_loss_mean,nan
480000,train/policy_loss_std,nan
480000,train/reward_loss_mean,nan
480000,train/reward_loss_std,nan
480000,train/total_loss_mean,nan
480000,train/total_loss_std,nan
480000,train/value_loss_mean,nan
480000,train/value_loss_std,nan
480000,train/value_scale_mean,nan
480000,train/value_scale_std,nan
480000,timing/collect_chunk_s,241.77949990332127
480000,timing/train_chunk_s,226.28222394967452
480000,dense_rhs/training_bucket_horizon,7.0
480000,system/heartbeat,1.0
483992,episode/return,2.0
483992,episode/length,500.0
483993,episode/return,0.0
483993,episode/length,500.0
483994,episode/return,0.0
483994,episode/length,500.0
483995,episode/return,0.0
483995,episode/length,500.0
483996,episode/return,0.0
483996,episode/length,500.0
483997,episode/return,0.0
483997,episode/length,500.0
483998,episode/return,0.0
483998,episode/length,500.0
483999,episode/return,0.0
483999,episode/length,500.0
487992,episode/return,0.0
487992,episode/length,500.0
487993,episode/return,0.0
487993,episode/length,500.0
487994,episode/return,1.0
487994,episode/length,500.0
487995,episode/return,0.0
487995,episode/length,500.0
487996,episode/return,0.0
487996,episode/length,500.0
487997,episode/return,1.0
487997,episode/length,500.0
487998,episode/return,0.0
487998,episode/length,500.0
487999,episode/return,0.0
487999,episode/length,500.0
490000,train/consistency_loss_mean,nan
490000,train/consistency_loss_std,nan
490000,train/continue_loss_mean,0.0
490000,train/continue_loss_std,0.0
490000,train/grad_norm_mean,nan
490000,train/grad_norm_std,nan
490000,train/policy_log_std_mean,nan
490000,train/policy_log_std_std,nan
490000,train/policy_loss_mean,nan
490000,train/policy_loss_std,nan
490000,train/reward_loss_mean,nan
490000,train/reward_loss_std,nan
490000,train/total_loss_mean,nan
490000,train/total_loss_std,nan
490000,train/value_loss_mean,nan
490000,train/value_loss_std,nan
490000,train/value_scale_mean,nan
490000,train/value_scale_std,nan
490000,timing/collect_chunk_s,188.0865935916081
490000,timing/train_chunk_s,37.939718711189926
490000,dense_rhs/training_bucket_horizon,7.0
490000,system/heartbeat,1.0
491992,episode/return,0.0
491992,episode/length,500.0
491993,episode/return,0.0
491993,episode/length,500.0
491994,episode/return,0.0
491994,episode/length,500.0
491995,episode/return,0.0
491995,episode/length,500.0
491996,episode/return,0.0
491996,episode/length,500.0
491997,episode/return,0.0
491997,episode/length,500.0
491998,episode/return,0.0
491998,episode/length,500.0
491999,episode/return,1.0
491999,episode/length,500.0
495992,episode/return,1.0
495992,episode/length,500.0
495993,episode/return,0.0
495993,episode/length,500.0
495994,episode/return,0.0
495994,episode/length,500.0
495995,episode/return,0.0
495995,episode/length,500.0
495996,episode/return,0.0
495996,episode/length,500.0
495997,episode/return,0.0
495997,episode/length,500.0
495998,episode/return,0.0
495998,episode/length,500.0
495999,episode/return,0.0
495999,episode/length,500.0
499992,episode/return,0.0
499992,episode/length,500.0
499993,episode/return,0.0
499993,episode/length,500.0
499994,episode/return,1.0
499994,episode/length,500.0
499995,episode/return,0.0
499995,episode/length,500.0
499996,episode/return,0.0
499996,episode/length,500.0
499997,episode/return,1.0
499997,episode/length,500.0
499998,episode/return,0.0
499998,episode/length,500.0
499999,episode/return,1.0
499999,episode/length,500.0
500000,train/consistency_loss_mean,nan
500000,train/consistency_loss_std,nan
500000,train/continue_loss_mean,0.0
500000,train/continue_loss_std,0.0
500000,train/grad_norm_mean,nan
500000,train/grad_norm_std,nan
500000,train/policy_log_std_mean,nan
500000,train/policy_log_std_std,nan
500000,train/policy_loss_mean,nan
500000,train/policy_loss_std,nan
500000,train/reward_loss_mean,nan
500000,train/reward_loss_std,nan
500000,train/total_loss_mean,nan
500000,train/total_loss_std,nan
500000,train/value_loss_mean,nan
500000,train/value_loss_std,nan
500000,train/value_scale_mean,nan
500000,train/value_scale_std,nan
500000,timing/collect_chunk_s,187.8904820024036
500000,timing/train_chunk_s,37.90834338590503
500000,dense_rhs/training_bucket_horizon,7.0
500000,system/heartbeat,1.0
500000,timing/checkpoint_blocking_s,0.39662093902006745
500000,eval/return_mean,0.0
500000,eval/return_std,0.0
500000,eval/return_max,0.0
500000,eval/return_min,0.0
500000,dense_rhs/deployment_utility_last_observed_gain,-1.149999976158142
500000,dense_rhs/deployment_utility_observations,9.0
500000,timing/eval_s,78.55097979912534
500000,eval/selected_horizon,7.0
500000,eval/training_bucket_horizon,7.0
500000,system/heartbeat,1.0
