step,tag,value
0,timing/prewarm_dense_rhs_s,217.8227795693092
0,system/heartbeat,1.0
3992,episode/return,0.0
3992,episode/length,500.0
3993,episode/return,0.0
3993,episode/length,500.0
3994,episode/return,0.0
3994,episode/length,500.0
3995,episode/return,0.0
3995,episode/length,500.0
3996,episode/return,541.0
3996,episode/length,500.0
3997,episode/return,0.0
3997,episode/length,500.0
3998,episode/return,1.0
3998,episode/length,500.0
3999,episode/return,771.0
3999,episode/length,500.0
4000,seed_pretrain/updates_completed,512.0
4000,timing/collect_chunk_s,45.24780546082184
4000,timing/train_chunk_s,232.15770543226972
4000,system/heartbeat,1.0
4000,seed_pretrain/updates_completed,1024.0
4000,timing/collect_chunk_s,45.24780546082184
4000,timing/train_chunk_s,233.2356697502546
4000,system/heartbeat,1.0
4000,seed_pretrain/updates_completed,1536.0
4000,timing/collect_chunk_s,45.24780546082184
4000,timing/train_chunk_s,234.31413998361677
4000,system/heartbeat,1.0
4000,seed_pretrain/updates_completed,2048.0
4000,timing/collect_chunk_s,45.24780546082184
4000,timing/train_chunk_s,235.3921118248254
4000,system/heartbeat,1.0
4000,seed_pretrain/updates_completed,2560.0
4000,timing/collect_chunk_s,45.24780546082184
4000,timing/train_chunk_s,236.47021531360224
4000,system/heartbeat,1.0
4000,seed_pretrain/updates_completed,3072.0
4000,timing/collect_chunk_s,45.24780546082184
4000,timing/train_chunk_s,237.5479843360372
4000,system/heartbeat,1.0
4000,seed_pretrain/updates_completed,3584.0
4000,timing/collect_chunk_s,45.24780546082184
4000,timing/train_chunk_s,238.6254188134335
4000,system/heartbeat,1.0
7992,episode/return,0.0
7992,episode/length,500.0
7993,episode/return,0.0
7993,episode/length,500.0
7994,episode/return,0.0
7994,episode/length,500.0
7995,episode/return,0.0
7995,episode/length,500.0
7996,episode/return,0.0
7996,episode/length,500.0
7997,episode/return,0.0
7997,episode/length,500.0
7998,episode/return,0.0
7998,episode/length,500.0
7999,episode/return,0.0
7999,episode/length,500.0
10000,train/consistency_loss_mean,0.0002281559106952045
10000,train/consistency_loss_std,0.00041193546401529
10000,train/continue_loss_mean,0.0
10000,train/continue_loss_std,0.0
10000,train/grad_norm_mean,0.7431725781679154
10000,train/grad_norm_std,0.95763337466725
10000,train/policy_log_std_mean,-0.4602339106976986
10000,train/policy_log_std_std,0.4613354189776145
10000,train/policy_loss_mean,-0.2986697918891907
10000,train/policy_loss_std,0.13194032860529883
10000,train/reward_loss_mean,0.06672899653613568
10000,train/reward_loss_std,0.10392187430731549
10000,train/total_loss_mean,0.04416065334528685
10000,train/total_loss_std,0.0292463237177033
10000,train/value_loss_mean,0.32924634243249895
10000,train/value_loss_std,0.1297216129763253
10000,train/value_scale_mean,42.21437816162109
10000,train/value_scale_std,25.51183632736431
10000,timing/collect_chunk_s,216.048281643074
10000,timing/train_chunk_s,295.92002394329756
10000,dense_rhs/training_bucket_horizon,3.0
10000,system/heartbeat,1.0
11992,episode/return,0.0
11992,episode/length,500.0
11993,episode/return,0.0
11993,episode/length,500.0
11994,episode/return,0.0
11994,episode/length,500.0
11995,episode/return,25.0
11995,episode/length,500.0
11996,episode/return,0.0
11996,episode/length,500.0
11997,episode/return,0.0
11997,episode/length,500.0
11998,episode/return,0.0
11998,episode/length,500.0
11999,episode/return,775.0
11999,episode/length,500.0
15992,episode/return,0.0
15992,episode/length,500.0
15993,episode/return,0.0
15993,episode/length,500.0
15994,episode/return,0.0
15994,episode/length,500.0
15995,episode/return,0.0
15995,episode/length,500.0
15996,episode/return,850.0
15996,episode/length,500.0
15997,episode/return,0.0
15997,episode/length,500.0
15998,episode/return,0.0
15998,episode/length,500.0
15999,episode/return,239.0
15999,episode/length,500.0
19992,episode/return,0.0
19992,episode/length,500.0
19993,episode/return,250.0
19993,episode/length,500.0
19994,episode/return,255.0
19994,episode/length,500.0
19995,episode/return,0.0
19995,episode/length,500.0
19996,episode/return,0.0
19996,episode/length,500.0
19997,episode/return,0.0
19997,episode/length,500.0
19998,episode/return,0.0
19998,episode/length,500.0
19999,episode/return,987.0
19999,episode/length,500.0
20000,train/consistency_loss_mean,0.0001122857359063346
20000,train/consistency_loss_std,3.469586537829981e-05
20000,train/continue_loss_mean,0.0
20000,train/continue_loss_std,0.0
20000,train/grad_norm_mean,0.4892952564239502
20000,train/grad_norm_std,0.4673115851707891
20000,train/policy_log_std_mean,-0.5865004284381866
20000,train/policy_log_std_std,0.34419258597084096
20000,train/policy_loss_mean,-0.3973553155660629
20000,train/policy_loss_std,0.12178889607119922
20000,train/reward_loss_mean,0.04082766557633877
20000,train/reward_loss_std,0.008775182167183442
20000,train/total_loss_mean,0.036823227310180666
20000,train/total_loss_std,0.0036827208735485334
20000,train/value_loss_mean,0.3049474546670914
20000,train/value_loss_std,0.03382739029886426
20000,train/value_scale_mean,106.72141346435546
20000,train/value_scale_std,17.344943077381032
20000,timing/collect_chunk_s,67.83609222015366
20000,timing/train_chunk_s,20.470867672003806
20000,dense_rhs/training_bucket_horizon,3.0
20000,system/heartbeat,1.0
23992,episode/return,779.0
23992,episode/length,500.0
23993,episode/return,0.0
23993,episode/length,500.0
23994,episode/return,38.0
23994,episode/length,500.0
23995,episode/return,0.0
23995,episode/length,500.0
23996,episode/return,948.0
23996,episode/length,500.0
23997,episode/return,0.0
23997,episode/length,500.0
23998,episode/return,0.0
23998,episode/length,500.0
23999,episode/return,0.0
23999,episode/length,500.0
27992,episode/return,0.0
27992,episode/length,500.0
27993,episode/return,957.0
27993,episode/length,500.0
27994,episode/return,0.0
27994,episode/length,500.0
27995,episode/return,0.0
27995,episode/length,500.0
27996,episode/return,0.0
27996,episode/length,500.0
27997,episode/return,648.0
27997,episode/length,500.0
27998,episode/return,0.0
27998,episode/length,500.0
27999,episode/return,0.0
27999,episode/length,500.0
30000,train/consistency_loss_mean,7.966278448002412e-05
30000,train/consistency_loss_std,2.445257627594904e-05
30000,train/continue_loss_mean,0.0
30000,train/continue_loss_std,0.0
30000,train/grad_norm_mean,0.23957850833535194
30000,train/grad_norm_std,0.19395612386604433
30000,train/policy_log_std_mean,-0.7013272727012634
30000,train/policy_log_std_std,0.31894803967685853
30000,train/policy_loss_mean,-0.4196476329088211
30000,train/policy_loss_std,0.02847850577317953
30000,train/reward_loss_mean,0.05666492854654789
30000,train/reward_loss_std,0.009821969677736844
30000,train/total_loss_mean,0.038328087988495824
30000,train/total_loss_std,0.0020842652831442187
30000,train/value_loss_mean,0.31068338782787325
30000,train/value_loss_std,0.017155470739444355
30000,train/value_scale_mean,130.43111677246094
30000,train/value_scale_std,4.596425852078837
30000,timing/collect_chunk_s,67.7075975923799
30000,timing/train_chunk_s,20.54521857947111
30000,dense_rhs/training_bucket_horizon,3.0
30000,system/heartbeat,1.0
31992,episode/return,547.0
31992,episode/length,500.0
31993,episode/return,0.0
31993,episode/length,500.0
31994,episode/return,0.0
31994,episode/length,500.0
31995,episode/return,734.0
31995,episode/length,500.0
31996,episode/return,0.0
31996,episode/length,500.0
31997,episode/return,3.0
31997,episode/length,500.0
31998,episode/return,983.0
31998,episode/length,500.0
31999,episode/return,607.0
31999,episode/length,500.0
35992,episode/return,549.0
35992,episode/length,500.0
35993,episode/return,992.0
35993,episode/length,500.0
35994,episode/return,0.0
35994,episode/length,500.0
35995,episode/return,973.0
35995,episode/length,500.0
35996,episode/return,106.0
35996,episode/length,500.0
35997,episode/return,248.0
35997,episode/length,500.0
35998,episode/return,34.0
35998,episode/length,500.0
35999,episode/return,0.0
35999,episode/length,500.0
39992,episode/return,972.0
39992,episode/length,500.0
39993,episode/return,889.0
39993,episode/length,500.0
39994,episode/return,628.0
39994,episode/length,500.0
39995,episode/return,916.0
39995,episode/length,500.0
39996,episode/return,907.0
39996,episode/length,500.0
39997,episode/return,119.0
39997,episode/length,500.0
39998,episode/return,19.0
39998,episode/length,500.0
39999,episode/return,0.0
39999,episode/length,500.0
40000,train/consistency_loss_mean,7.157285374123603e-05
40000,train/consistency_loss_std,1.7958261223072853e-05
40000,train/continue_loss_mean,0.0
40000,train/continue_loss_std,0.0
40000,train/grad_norm_mean,0.21657639884352684
40000,train/grad_norm_std,0.17526375884673065
40000,train/policy_log_std_mean,-0.6066278566360473
40000,train/policy_log_std_std,0.30517773958964356
40000,train/policy_loss_mean,-0.3450430172920227
40000,train/policy_loss_std,0.013119977439583253
40000,train/reward_loss_mean,0.07887237802743911
40000,train/reward_loss_std,0.012822796004566922
40000,train/total_loss_mean,0.04007001212537289
40000,train/total_loss_std,0.0018889764005167611
40000,train/value_loss_mean,0.3075131662130356
40000,train/value_loss_std,0.012215941732489997
40000,train/value_scale_mean,164.2245489501953
40000,train/value_scale_std,9.77254581940698
40000,timing/collect_chunk_s,67.73778855288401
40000,timing/train_chunk_s,20.46963664703071
40000,dense_rhs/training_bucket_horizon,3.0
40000,system/heartbeat,1.0
43992,episode/return,837.0
43992,episode/length,500.0
43993,episode/return,785.0
43993,episode/length,500.0
43994,episode/return,955.0
43994,episode/length,500.0
43995,episode/return,0.0
43995,episode/length,500.0
43996,episode/return,0.0
43996,episode/length,500.0
43997,episode/return,788.0
43997,episode/length,500.0
43998,episode/return,0.0
43998,episode/length,500.0
43999,episode/return,576.0
43999,episode/length,500.0
47992,episode/return,805.0
47992,episode/length,500.0
47993,episode/return,971.0
47993,episode/length,500.0
47994,episode/return,966.0
47994,episode/length,500.0
47995,episode/return,189.0
47995,episode/length,500.0
47996,episode/return,787.0
47996,episode/length,500.0
47997,episode/return,984.0
47997,episode/length,500.0
47998,episode/return,978.0
47998,episode/length,500.0
47999,episode/return,173.0
47999,episode/length,500.0
50000,train/consistency_loss_mean,6.553374819050078e-05
50000,train/consistency_loss_std,1.816477068012823e-05
50000,train/continue_loss_mean,0.0
50000,train/continue_loss_std,0.0
50000,train/grad_norm_mean,0.18823133753538132
50000,train/grad_norm_std,0.1641649035399265
50000,train/policy_log_std_mean,-0.6633058780193329
50000,train/policy_log_std_std,0.25697724722863097
50000,train/policy_loss_mean,-0.48987254581451417
50000,train/policy_loss_std,0.06249140810720717
50000,train/reward_loss_mean,0.10915866541266442
50000,train/reward_loss_std,0.015899442410774865
50000,train/total_loss_mean,0.04233087504208088
50000,train/total_loss_std,0.0018834594441841496
50000,train/value_loss_mean,0.3010433244228363
50000,train/value_loss_std,0.013409554335869898
50000,train/value_scale_mean,148.15300828857423
50000,train/value_scale_std,16.377394501893683
50000,timing/collect_chunk_s,67.02124305069447
50000,timing/train_chunk_s,20.532344059552997
50000,dense_rhs/training_bucket_horizon,3.0
50000,system/heartbeat,1.0
50000,timing/checkpoint_blocking_s,0.433673189021647
50000,eval/return_mean,575.7999877929688
50000,eval/return_std,471.1690368652344
50000,eval/return_max,1000.0
50000,eval/return_min,0.0
50000,dense_rhs/deployment_utility_last_observed_gain,0.0
50000,dense_rhs/deployment_utility_observations,0.0
50000,timing/eval_s,96.3139681480825
50000,eval/selected_horizon,3.0
50000,eval/training_bucket_horizon,3.0
50000,system/heartbeat,1.0
51992,episode/return,989.0
51992,episode/length,500.0
51993,episode/return,5.0
51993,episode/length,500.0
51994,episode/return,986.0
51994,episode/length,500.0
51995,episode/return,981.0
51995,episode/length,500.0
51996,episode/return,800.0
51996,episode/length,500.0
51997,episode/return,788.0
51997,episode/length,500.0
51998,episode/return,963.0
51998,episode/length,500.0
51999,episode/return,977.0
51999,episode/length,500.0
55992,episode/return,882.0
55992,episode/length,500.0
55993,episode/return,993.0
55993,episode/length,500.0
55994,episode/return,658.0
55994,episode/length,500.0
55995,episode/return,0.0
55995,episode/length,500.0
55996,episode/return,946.0
55996,episode/length,500.0
55997,episode/return,908.0
55997,episode/length,500.0
55998,episode/return,755.0
55998,episode/length,500.0
55999,episode/return,0.0
55999,episode/length,500.0
59992,episode/return,975.0
59992,episode/length,500.0
59993,episode/return,638.0
59993,episode/length,500.0
59994,episode/return,849.0
59994,episode/length,500.0
59995,episode/return,947.0
59995,episode/length,500.0
59996,episode/return,812.0
59996,episode/length,500.0
59997,episode/return,0.0
59997,episode/length,500.0
59998,episode/return,981.0
59998,episode/length,500.0
59999,episode/return,55.0
59999,episode/length,500.0
60000,train/consistency_loss_mean,6.137474551505874e-05
60000,train/consistency_loss_std,1.5814590068387965e-05
60000,train/continue_loss_mean,0.0
60000,train/continue_loss_std,0.0
60000,train/grad_norm_mean,0.16810177352428438
60000,train/grad_norm_std,0.1551642380714737
60000,train/policy_log_std_mean,-0.6564942471504212
60000,train/policy_log_std_std,0.26651115404014697
60000,train/policy_loss_mean,-0.4385361113786697
60000,train/policy_loss_std,0.011689977952281634
60000,train/reward_loss_mean,0.1426732317686081
60000,train/reward_loss_std,0.01397309133713128
60000,train/total_loss_mean,0.0454734754383564
60000,train/total_loss_std,0.001999343559822271
60000,train/value_loss_mean,0.29978656730651854
60000,train/value_loss_std,0.011110888067843841
60000,train/value_scale_mean,167.54028227539064
60000,train/value_scale_std,2.2452712992924275
60000,timing/collect_chunk_s,67.11414381163195
60000,timing/train_chunk_s,20.58293706877157
60000,dense_rhs/training_bucket_horizon,3.0
60000,system/heartbeat,1.0
63992,episode/return,0.0
63992,episode/length,500.0
63993,episode/return,957.0
63993,episode/length,500.0
63994,episode/return,0.0
63994,episode/length,500.0
63995,episode/return,796.0
63995,episode/length,500.0
63996,episode/return,790.0
63996,episode/length,500.0
63997,episode/return,0.0
63997,episode/length,500.0
63998,episode/return,600.0
63998,episode/length,500.0
63999,episode/return,972.0
63999,episode/length,500.0
67992,episode/return,36.0
67992,episode/length,500.0
67993,episode/return,172.0
67993,episode/length,500.0
67994,episode/return,671.0
67994,episode/length,500.0
67995,episode/return,0.0
67995,episode/length,500.0
67996,episode/return,575.0
67996,episode/length,500.0
67997,episode/return,764.0
67997,episode/length,500.0
67998,episode/return,902.0
67998,episode/length,500.0
67999,episode/return,807.0
67999,episode/length,500.0
70000,train/consistency_loss_mean,6.28467365342658e-05
70000,train/consistency_loss_std,1.534593850981111e-05
70000,train/continue_loss_mean,0.0
70000,train/continue_loss_std,0.0
70000,train/grad_norm_mean,0.17773736092448233
70000,train/grad_norm_std,0.1385169125424282
70000,train/policy_log_std_mean,-0.7305546280860901
70000,train/policy_log_std_std,0.29211283823586587
70000,train/policy_loss_mean,-0.4886705611228943
70000,train/policy_loss_std,0.02808358062361318
70000,train/reward_loss_mean,0.15684654442071916
70000,train/reward_loss_std,0.013129025839596445
70000,train/total_loss_mean,0.04851421082317829
70000,train/total_loss_std,0.0020360863408446163
70000,train/value_loss_mean,0.31572620792388917
70000,train/value_loss_std,0.012590349855918838
70000,train/value_scale_mean,154.694198046875
70000,train/value_scale_std,6.272722819615094
70000,timing/collect_chunk_s,68.41281639318913
70000,timing/train_chunk_s,20.542068652343005
70000,dense_rhs/training_bucket_horizon,3.0
70000,system/heartbeat,1.0
70000,dense_rhs/selected_horizon,3.0
70000,dense_rhs/proposed_horizon,3.0
70000,dense_rhs/phase_id,0.0
70000,dense_rhs/num_active_horizons,7.0
70000,dense_rhs/num_candidate_horizons,3.0
70000,dense_rhs/entropy,1.8951771259307861
70000,dense_rhs/norm_entropy,0.9739283323287964
70000,dense_rhs/best_fitness,0.3876003324985504
70000,dense_rhs/deployment_score_best,0.0032180934213101864
70000,dense_rhs/incumbent_deployment_score,0.0032180934213101864
70000,dense_rhs/proposed_deployment_score,0.0032180934213101864
70000,dense_rhs/proposed_transition_cost,0.0
70000,dense_rhs/proposed_switch_probability,0.5
70000,dense_rhs/proposed_expected_net_benefit,0.0
70000,dense_rhs/transition_cost_best,0.0
70000,dense_rhs/transition_adjusted_score_best,0.0032180934213101864
70000,dense_rhs/switch_probability_best,0.5
70000,dense_rhs/expected_improvement_best,0.564189612865448
70000,dense_rhs/expected_loss_best,0.564189612865448
70000,dense_rhs/expected_net_benefit_best,0.0
70000,dense_rhs/return_term_best,0.541821300983429
70000,dense_rhs/roughness_term_best,0.9688477516174316
70000,dense_rhs/return_std_term_best,0.042993783950805664
70000,dense_rhs/learner_proxy_term_best,0.89642333984375
70000,dense_rhs/model_prefix_loss_best,0.254341721534729
70000,dense_rhs/model_probe_prefix_best,0.08384183794260025
70000,dense_rhs/planner_return_best,195.08627319335938
70000,dense_rhs/roughness_best,0.014150431379675865
70000,dense_rhs/robust_return_best,93.05386352539062
70000,timing/query_model_diag_s,13.838331850245595
70000,timing/query_env_eval_s,27.166993818245828
70000,timing/query_finalize_s,0.7868210971355438
70000,timing/query_total_s,41.98114113183692
70000,dense_rhs/candidate_3_fitness,0.3876003324985504
70000,dense_rhs/candidate_3_deployment_score,0.0032180934213101864
70000,dense_rhs/candidate_3_transition_cost,0.0
70000,dense_rhs/candidate_3_transition_adjusted_score,0.0032180934213101864
70000,dense_rhs/candidate_3_switch_probability,0.5
70000,dense_rhs/candidate_3_expected_net_benefit,0.0
70000,dense_rhs/candidate_3_return,93.05386352539062
70000,dense_rhs/candidate_3_return_term,0.541821300983429
70000,dense_rhs/candidate_3_roughness_term,0.9688477516174316
70000,dense_rhs/candidate_3_return_std_term,0.042993783950805664
70000,dense_rhs/candidate_3_learner_proxy_term,0.89642333984375
70000,dense_rhs/candidate_2_fitness,0.03162277489900589
70000,dense_rhs/candidate_2_deployment_score,3.222952571491078e-08
70000,dense_rhs/candidate_2_transition_cost,0.04159064218401909
70000,dense_rhs/candidate_2_transition_adjusted_score,-0.0415906086564064
70000,dense_rhs/candidate_2_switch_probability,0.4873618185520172
70000,dense_rhs/candidate_2_expected_net_benefit,-0.04480874538421631
70000,dense_rhs/candidate_2_return,65.5146484375
70000,dense_rhs/candidate_2_return_term,0.4237048923969269
70000,dense_rhs/candidate_2_roughness_term,1.0
70000,dense_rhs/candidate_2_return_std_term,0.0
70000,dense_rhs/candidate_2_learner_proxy_term,1.0
70000,dense_rhs/candidate_4_fitness,0.03162277489900589
70000,dense_rhs/candidate_4_deployment_score,5.410263235204731e-26
70000,dense_rhs/candidate_4_transition_cost,0.07449937611818314
70000,dense_rhs/candidate_4_transition_adjusted_score,-0.07449937611818314
70000,dense_rhs/candidate_4_switch_probability,0.47808733582496643
70000,dense_rhs/candidate_4_expected_net_benefit,-0.07771748304367065
70000,dense_rhs/candidate_4_return,-33.27351379394531
70000,dense_rhs/candidate_4_return_term,0.0
70000,dense_rhs/candidate_4_roughness_term,0.8099749088287354
70000,dense_rhs/candidate_4_return_std_term,0.08795857429504395
70000,dense_rhs/candidate_4_learner_proxy_term,0.7593965530395508
70000,dense_rhs/deployment_utility_enabled,1.0
70000,dense_rhs/deployment_utility_observations,0.0
70000,dense_rhs/deployment_utility_last_observed_gain,0.0
70000,dense_rhs/candidate_2_expected_eval_gain,0.0
70000,dense_rhs/candidate_2_eval_gain_uncertainty,150.0
70000,dense_rhs/candidate_2_deployment_utility_score,37.50010015099469
70000,dense_rhs/candidate_3_expected_eval_gain,0.0
70000,dense_rhs/candidate_3_eval_gain_uncertainty,150.0
70000,dense_rhs/candidate_3_deployment_utility_score,47.5
70000,dense_rhs/candidate_4_expected_eval_gain,0.0
70000,dense_rhs/candidate_4_eval_gain_uncertainty,150.0
70000,dense_rhs/candidate_4_deployment_utility_score,37.5
70000,dense_rhs/deployment_utility_override,0.0
70000,dense_rhs/deployment_utility_selected_expected_gain,0.0
70000,dense_rhs/deployment_utility_selected_uncertainty,150.0
70000,dense_rhs/deployment_utility_selected_score,47.5
70000,dense_rhs/deployment_utility_proposed_horizon,3.0
70000,dense_rhs/deployment_utility_proposed_expected_gain,0.0
70000,dense_rhs/deployment_utility_proposed_uncertainty,150.0
70000,dense_rhs/deployment_utility_proposed_score,47.5
70000,dense_rhs/previous_horizon,3.0
70000,dense_rhs/training_bucket_horizon,3.0
70000,dense_rhs/best_h,3.0
70000,dense_rhs/prob_best_h,0.255859375
70000,dense_rhs/gauss_mean_best_h,0.3876003324985504
70000,dense_rhs/gauss_post_std_best_h,1.0
70000,system/heartbeat,1.0
71992,episode/return,992.0
71992,episode/length,500.0
71993,episode/return,989.0
71993,episode/length,500.0
71994,episode/return,879.0
71994,episode/length,500.0
71995,episode/return,911.0
71995,episode/length,500.0
71996,episode/return,0.0
71996,episode/length,500.0
71997,episode/return,917.0
71997,episode/length,500.0
71998,episode/return,980.0
71998,episode/length,500.0
71999,episode/return,976.0
71999,episode/length,500.0
75992,episode/return,895.0
75992,episode/length,500.0
75993,episode/return,977.0
75993,episode/length,500.0
75994,episode/return,681.0
75994,episode/length,500.0
75995,episode/return,930.0
75995,episode/length,500.0
75996,episode/return,578.0
75996,episode/length,500.0
75997,episode/return,803.0
75997,episode/length,500.0
75998,episode/return,968.0
75998,episode/length,500.0
75999,episode/return,0.0
75999,episode/length,500.0
79992,episode/return,981.0
79992,episode/length,500.0
79993,episode/return,0.0
79993,episode/length,500.0
79994,episode/return,973.0
79994,episode/length,500.0
79995,episode/return,978.0
79995,episode/length,500.0
79996,episode/return,895.0
79996,episode/length,500.0
79997,episode/return,885.0
79997,episode/length,500.0
79998,episode/return,936.0
79998,episode/length,500.0
79999,episode/return,849.0
79999,episode/length,500.0
80000,train/consistency_loss_mean,6.22742058330914e-05
80000,train/consistency_loss_std,1.4648123238030593e-05
80000,train/continue_loss_mean,0.0
80000,train/continue_loss_std,0.0
80000,train/grad_norm_mean,0.1596655765593052
80000,train/grad_norm_std,0.13603529392343525
80000,train/policy_log_std_mean,-0.7212396070480347
80000,train/policy_log_std_std,0.29909715192733916
80000,train/policy_loss_mean,-0.4946432462453842
80000,train/policy_loss_std,0.012759952628083528
80000,train/reward_loss_mean,0.17523488284349442
80000,train/reward_loss_std,0.013705260863555514
80000,train/total_loss_mean,0.05126428565680981
80000,train/total_loss_std,0.001642425316467656
80000,train/value_loss_mean,0.3249531194448471
80000,train/value_loss_std,0.008245539800709792
80000,train/value_scale_mean,158.88492160644532
80000,train/value_scale_std,4.081801668837448
80000,timing/collect_chunk_s,66.68248841818422
80000,timing/train_chunk_s,20.56818538485095
80000,dense_rhs/training_bucket_horizon,3.0
80000,system/heartbeat,1.0
83992,episode/return,0.0
83992,episode/length,500.0
83993,episode/return,965.0
83993,episode/length,500.0
83994,episode/return,0.0
83994,episode/length,500.0
83995,episode/return,0.0
83995,episode/length,500.0
83996,episode/return,350.0
83996,episode/length,500.0
83997,episode/return,989.0
83997,episode/length,500.0
83998,episode/return,954.0
83998,episode/length,500.0
83999,episode/return,986.0
83999,episode/length,500.0
87992,episode/return,962.0
87992,episode/length,500.0
87993,episode/return,940.0
87993,episode/length,500.0
87994,episode/return,962.0
87994,episode/length,500.0
87995,episode/return,980.0
87995,episode/length,500.0
87996,episode/return,990.0
87996,episode/length,500.0
87997,episode/return,0.0
87997,episode/length,500.0
87998,episode/return,993.0
87998,episode/length,500.0
87999,episode/return,836.0
87999,episode/length,500.0
90000,train/consistency_loss_mean,5.8987588685704394e-05
90000,train/consistency_loss_std,1.4463847407608997e-05
90000,train/continue_loss_mean,0.0
90000,train/continue_loss_std,0.0
90000,train/grad_norm_mean,0.16490138175487518
90000,train/grad_norm_std,0.145872653557042
90000,train/policy_log_std_mean,-0.6926205345153809
90000,train/policy_log_std_std,0.28394229946776645
90000,train/policy_loss_mean,-0.4890539015293121
90000,train/policy_loss_std,0.02011758793863613
90000,train/reward_loss_mean,0.18845929783582688
90000,train/reward_loss_std,0.013496608813191854
90000,train/total_loss_mean,0.05181653299927712
90000,train/total_loss_std,0.00165214224738209
90000,train/value_loss_mean,0.31790850596427916
90000,train/value_loss_std,0.008742901233329228
90000,train/value_scale_mean,163.56370091552733
90000,train/value_scale_std,5.316501640263346
90000,timing/collect_chunk_s,68.20943764224648
90000,timing/train_chunk_s,20.543282377067953
90000,dense_rhs/training_bucket_horizon,3.0
90000,system/heartbeat,1.0
91992,episode/return,969.0
91992,episode/length,500.0
91993,episode/return,981.0
91993,episode/length,500.0
91994,episode/return,991.0
91994,episode/length,500.0
91995,episode/return,355.0
91995,episode/length,500.0
91996,episode/return,987.0
91996,episode/length,500.0
91997,episode/return,966.0
91997,episode/length,500.0
91998,episode/return,983.0
91998,episode/length,500.0
91999,episode/return,0.0
91999,episode/length,500.0
95992,episode/return,964.0
95992,episode/length,500.0
95993,episode/return,978.0
95993,episode/length,500.0
95994,episode/return,995.0
95994,episode/length,500.0
95995,episode/return,952.0
95995,episode/length,500.0
95996,episode/return,987.0
95996,episode/length,500.0
95997,episode/return,944.0
95997,episode/length,500.0
95998,episode/return,991.0
95998,episode/length,500.0
95999,episode/return,962.0
95999,episode/length,500.0
99992,episode/return,951.0
99992,episode/length,500.0
99993,episode/return,938.0
99993,episode/length,500.0
99994,episode/return,969.0
99994,episode/length,500.0
99995,episode/return,0.0
99995,episode/length,500.0
99996,episode/return,940.0
99996,episode/length,500.0
99997,episode/return,589.0
99997,episode/length,500.0
99998,episode/return,992.0
99998,episode/length,500.0
99999,episode/return,979.0
99999,episode/length,500.0
100000,train/consistency_loss_mean,5.8750263467663896e-05
100000,train/consistency_loss_std,1.3612851484443088e-05
100000,train/continue_loss_mean,0.0
100000,train/continue_loss_std,0.0
100000,train/grad_norm_mean,0.16633843861222267
100000,train/grad_norm_std,0.1570059886699898
100000,train/policy_log_std_mean,-0.7342234730243683
100000,train/policy_log_std_std,0.30859109111683425
100000,train/policy_loss_mean,-0.6052847204208374
100000,train/policy_loss_std,0.028619619645685424
100000,train/reward_loss_mean,0.20383501368761062
100000,train/reward_loss_std,0.013480849312517812
100000,train/total_loss_mean,0.05484513944685459
100000,train/total_loss_std,0.0019403986580576495
100000,train/value_loss_mean,0.33286631798744204
100000,train/value_loss_std,0.009111844731993309
100000,train/value_scale_mean,136.08594833984375
100000,train/value_scale_std,6.1344728080639666
100000,timing/collect_chunk_s,68.45041631814092
100000,timing/train_chunk_s,20.56358834542334
100000,dense_rhs/training_bucket_horizon,3.0
100000,system/heartbeat,1.0
100000,timing/checkpoint_blocking_s,0.427409075666219
100000,eval/return_mean,671.1500244140625
100000,eval/return_std,439.91796875
100000,eval/return_max,1000.0
100000,eval/return_min,0.0
100000,dense_rhs/deployment_utility_last_observed_gain,95.35003662109375
100000,dense_rhs/deployment_utility_observations,1.0
100000,timing/eval_s,11.655426567886025
100000,eval/selected_horizon,3.0
100000,eval/training_bucket_horizon,3.0
100000,system/heartbeat,1.0
103992,episode/return,900.0
103992,episode/length,500.0
103993,episode/return,987.0
103993,episode/length,500.0
103994,episode/return,980.0
103994,episode/length,500.0
103995,episode/return,823.0
103995,episode/length,500.0
103996,episode/return,963.0
103996,episode/length,500.0
103997,episode/return,0.0
103997,episode/length,500.0
103998,episode/return,990.0
103998,episode/length,500.0
103999,episode/return,572.0
103999,episode/length,500.0
107992,episode/return,987.0
107992,episode/length,500.0
107993,episode/return,952.0
107993,episode/length,500.0
107994,episode/return,219.0
107994,episode/length,500.0
107995,episode/return,988.0
107995,episode/length,500.0
107996,episode/return,955.0
107996,episode/length,500.0
107997,episode/return,954.0
107997,episode/length,500.0
107998,episode/return,983.0
107998,episode/length,500.0
107999,episode/return,195.0
107999,episode/length,500.0
110000,train/consistency_loss_mean,6.168249844922684e-05
110000,train/consistency_loss_std,1.370551316792712e-05
110000,train/continue_loss_mean,0.0
110000,train/continue_loss_std,0.0
110000,train/grad_norm_mean,0.1650983432531357
110000,train/grad_norm_std,0.14861479253190446
110000,train/policy_log_std_mean,-0.7265978552818299
110000,train/policy_log_std_std,0.3296441068931951
110000,train/policy_loss_mean,-0.5977997088909149
110000,train/policy_loss_std,0.02537044794323809
110000,train/reward_loss_mean,0.21534130495786666
110000,train/reward_loss_std,0.01301247161647634
110000,train/total_loss_mean,0.056637491327524186
110000,train/total_loss_std,0.001609392486333476
110000,train/value_loss_mean,0.33869709084033967
110000,train/value_loss_std,0.005932906407773619
110000,train/value_scale_mean,137.65332279052734
110000,train/value_scale_std,5.689762712704847
110000,timing/collect_chunk_s,69.00377315096557
110000,timing/train_chunk_s,20.50377151882276
110000,dense_rhs/training_bucket_horizon,3.0
110000,system/heartbeat,1.0
111992,episode/return,972.0
111992,episode/length,500.0
111993,episode/return,953.0
111993,episode/length,500.0
111994,episode/return,990.0
111994,episode/length,500.0
111995,episode/return,956.0
111995,episode/length,500.0
111996,episode/return,123.0
111996,episode/length,500.0
111997,episode/return,860.0
111997,episode/length,500.0
111998,episode/return,915.0
111998,episode/length,500.0
111999,episode/return,809.0
111999,episode/length,500.0
115992,episode/return,671.0
115992,episode/length,500.0
115993,episode/return,993.0
115993,episode/length,500.0
115994,episode/return,955.0
115994,episode/length,500.0
115995,episode/return,959.0
115995,episode/length,500.0
115996,episode/return,834.0
115996,episode/length,500.0
115997,episode/return,950.0
115997,episode/length,500.0
115998,episode/return,0.0
115998,episode/length,500.0
115999,episode/return,986.0
115999,episode/length,500.0
119992,episode/return,992.0
119992,episode/length,500.0
119993,episode/return,966.0
119993,episode/length,500.0
119994,episode/return,510.0
119994,episode/length,500.0
119995,episode/return,997.0
119995,episode/length,500.0
119996,episode/return,0.0
119996,episode/length,500.0
119997,episode/return,988.0
119997,episode/length,500.0
119998,episode/return,971.0
119998,episode/length,500.0
119999,episode/return,981.0
119999,episode/length,500.0
120000,train/consistency_loss_mean,5.972147421562113e-05
120000,train/consistency_loss_std,1.3678609803584444e-05
120000,train/continue_loss_mean,0.0
120000,train/continue_loss_std,0.0
120000,train/grad_norm_mean,0.16022246978878976
120000,train/grad_norm_std,0.13944454885648827
120000,train/policy_log_std_mean,-0.707465134191513
120000,train/policy_log_std_std,0.33432793166120306
120000,train/policy_loss_mean,-0.6026851352214814
120000,train/policy_loss_std,0.036081790323271565
120000,train/reward_loss_mean,0.22514516757726669
120000,train/reward_loss_std,0.012950534168555732
120000,train/total_loss_mean,0.057228829368948936
120000,train/total_loss_std,0.0015962061963365102
120000,train/value_loss_mean,0.3351988178253174
120000,train/value_loss_std,0.0070573955984202285
120000,train/value_scale_mean,138.76191883544922
120000,train/value_scale_std,7.500207539491938
120000,timing/collect_chunk_s,66.07852270454168
120000,timing/train_chunk_s,20.48072491493076
120000,dense_rhs/training_bucket_horizon,3.0
120000,system/heartbeat,1.0
120000,dense_rhs/selected_horizon,3.0
120000,dense_rhs/proposed_horizon,2.0
120000,dense_rhs/phase_id,0.0
120000,dense_rhs/num_active_horizons,7.0
120000,dense_rhs/num_candidate_horizons,3.0
120000,dense_rhs/entropy,1.7254948616027832
120000,dense_rhs/norm_entropy,0.8867288827896118
120000,dense_rhs/best_fitness,0.03162277489900589
120000,dense_rhs/deployment_score_best,7.541472875073308e-31
120000,dense_rhs/incumbent_deployment_score,7.541472875073308e-31
120000,dense_rhs/proposed_deployment_score,0.06214648485183716
120000,dense_rhs/proposed_transition_cost,0.048682332038879395
120000,dense_rhs/proposed_switch_probability,0.5037981271743774
120000,dense_rhs/proposed_expected_net_benefit,0.013464152812957764
120000,dense_rhs/transition_cost_best,0.0
120000,dense_rhs/transition_adjusted_score_best,7.541472875073308e-31
120000,dense_rhs/switch_probability_best,0.5
120000,dense_rhs/expected_improvement_best,0.564189612865448
120000,dense_rhs/expected_loss_best,0.564189612865448
120000,dense_rhs/expected_net_benefit_best,0.0
120000,dense_rhs/return_term_best,0.0
120000,dense_rhs/roughness_term_best,0.9457080364227295
120000,dense_rhs/return_std_term_best,0.0
120000,dense_rhs/learner_proxy_term_best,0.7974419593811035
120000,dense_rhs/model_prefix_loss_best,0.29883819818496704
120000,dense_rhs/model_probe_prefix_best,0.12868456542491913
120000,dense_rhs/planner_return_best,209.78456115722656
120000,dense_rhs/roughness_best,0.06656120717525482
120000,dense_rhs/robust_return_best,8.52386474609375
120000,timing/query_model_diag_s,13.76243178313598
120000,timing/query_env_eval_s,7.897213704884052
120000,timing/query_finalize_s,0.7479763268493116
120000,timing/query_total_s,22.412606289144605
120000,dense_rhs/candidate_3_fitness,0.03162277489900589
120000,dense_rhs/candidate_3_deployment_score,7.541472875073308e-31
120000,dense_rhs/candidate_3_transition_cost,0.0
120000,dense_rhs/candidate_3_transition_adjusted_score,7.541472875073308e-31
120000,dense_rhs/candidate_3_switch_probability,0.5
120000,dense_rhs/candidate_3_expected_net_benefit,0.0
120000,dense_rhs/candidate_3_return,8.52386474609375
120000,dense_rhs/candidate_3_return_term,0.0
120000,dense_rhs/candidate_3_roughness_term,0.9457080364227295
120000,dense_rhs/candidate_3_return_std_term,0.0
120000,dense_rhs/candidate_3_learner_proxy_term,0.7974419593811035
120000,dense_rhs/candidate_4_fitness,0.28332749009132385
120000,dense_rhs/candidate_4_deployment_score,4.857643580180593e-05
120000,dense_rhs/candidate_4_transition_cost,0.05925848335027695
120000,dense_rhs/candidate_4_transition_adjusted_score,-0.059209905564785004
120000,dense_rhs/candidate_4_switch_probability,0.4833020567893982
120000,dense_rhs/candidate_4_expected_net_benefit,-0.05920988321304321
120000,dense_rhs/candidate_4_return,53.877349853515625
120000,dense_rhs/candidate_4_return_term,0.22475197911262512
120000,dense_rhs/candidate_4_roughness_term,0.8524611592292786
120000,dense_rhs/candidate_4_return_std_term,0.033628642559051514
120000,dense_rhs/candidate_4_learner_proxy_term,0.6640910506248474
120000,dense_rhs/candidate_2_fitness,0.5954295992851257
120000,dense_rhs/candidate_2_deployment_score,0.06214648485183716
120000,dense_rhs/candidate_2_transition_cost,0.048682332038879395
120000,dense_rhs/candidate_2_transition_adjusted_score,0.013464152812957764
120000,dense_rhs/candidate_2_switch_probability,0.5037981271743774
120000,dense_rhs/candidate_2_expected_net_benefit,0.013464152812957764
120000,dense_rhs/candidate_2_return,168.08970642089844
120000,dense_rhs/candidate_2_return_term,0.7907383441925049
120000,dense_rhs/candidate_2_roughness_term,1.0
120000,dense_rhs/candidate_2_return_std_term,0.15895909070968628
120000,dense_rhs/candidate_2_learner_proxy_term,1.0
120000,dense_rhs/deployment_utility_enabled,1.0
120000,dense_rhs/deployment_utility_observations,1.0
120000,dense_rhs/deployment_utility_last_observed_gain,95.35003662109375
120000,dense_rhs/candidate_2_expected_eval_gain,0.0
120000,dense_rhs/candidate_2_eval_gain_uncertainty,150.0
120000,dense_rhs/candidate_2_deployment_utility_score,47.5
120000,dense_rhs/candidate_3_expected_eval_gain,95.35003662109375
120000,dense_rhs/candidate_3_eval_gain_uncertainty,106.06601717798212
120000,dense_rhs/candidate_3_deployment_utility_score,121.86654091558928
120000,dense_rhs/candidate_4_expected_eval_gain,0.0
120000,dense_rhs/candidate_4_eval_gain_uncertainty,150.0
120000,dense_rhs/candidate_4_deployment_utility_score,37.50781644141541
120000,dense_rhs/deployment_utility_override,0.0
120000,dense_rhs/deployment_utility_selected_expected_gain,95.35003662109375
120000,dense_rhs/deployment_utility_selected_uncertainty,106.06601717798212
120000,dense_rhs/deployment_utility_selected_score,121.86654091558928
120000,dense_rhs/deployment_utility_proposed_horizon,3.0
120000,dense_rhs/deployment_utility_proposed_expected_gain,95.35003662109375
120000,dense_rhs/deployment_utility_proposed_uncertainty,106.06601717798212
120000,dense_rhs/deployment_utility_proposed_score,121.86654091558928
120000,dense_rhs/previous_horizon,3.0
120000,dense_rhs/training_bucket_horizon,3.0
120000,dense_rhs/best_h,3.0
120000,dense_rhs/prob_best_h,0.03125
120000,dense_rhs/gauss_mean_best_h,0.20961154997348785
120000,dense_rhs/gauss_post_std_best_h,0.12585707008838654
120000,system/heartbeat,1.0
123992,episode/return,977.0
123992,episode/length,500.0
123993,episode/return,770.0
123993,episode/length,500.0
123994,episode/return,648.0
123994,episode/length,500.0
123995,episode/return,796.0
123995,episode/length,500.0
123996,episode/return,991.0
123996,episode/length,500.0
123997,episode/return,874.0
123997,episode/length,500.0
123998,episode/return,0.0
123998,episode/length,500.0
123999,episode/return,965.0
123999,episode/length,500.0
127992,episode/return,0.0
127992,episode/length,500.0
127993,episode/return,923.0
127993,episode/length,500.0
127994,episode/return,957.0
127994,episode/length,500.0
127995,episode/return,478.0
127995,episode/length,500.0
127996,episode/return,988.0
127996,episode/length,500.0
127997,episode/return,593.0
127997,episode/length,500.0
127998,episode/return,969.0
127998,episode/length,500.0
127999,episode/return,992.0
127999,episode/length,500.0
130000,train/consistency_loss_mean,5.997167105670087e-05
130000,train/consistency_loss_std,1.4408572344501693e-05
130000,train/continue_loss_mean,0.0
130000,train/continue_loss_std,0.0
130000,train/grad_norm_mean,0.1511369503557682
130000,train/grad_norm_std,0.14529260160104232
130000,train/policy_log_std_mean,-0.7444095035076141
130000,train/policy_log_std_std,0.3474562949498926
130000,train/policy_loss_mean,-0.7233121010780335
130000,train/policy_loss_std,0.037124997855941526
130000,train/reward_loss_mean,0.23195476030111312
130000,train/reward_loss_std,0.012882524004888596
130000,train/total_loss_mean,0.05816285626590252
130000,train/total_loss_std,0.001670012322133217
130000,train/value_loss_mean,0.33767945404052735
130000,train/value_loss_std,0.00709695527971325
130000,train/value_scale_mean,117.30378126220702
130000,train/value_scale_std,5.422449071410274
130000,timing/collect_chunk_s,71.57411762839183
130000,timing/train_chunk_s,20.551194196101278
130000,dense_rhs/training_bucket_horizon,3.0
130000,system/heartbeat,1.0
131992,episode/return,545.0
131992,episode/length,500.0
131993,episode/return,933.0
131993,episode/length,500.0
131994,episode/return,903.0
131994,episode/length,500.0
131995,episode/return,973.0
131995,episode/length,500.0
131996,episode/return,984.0
131996,episode/length,500.0
131997,episode/return,990.0
131997,episode/length,500.0
131998,episode/return,988.0
131998,episode/length,500.0
131999,episode/return,391.0
131999,episode/length,500.0
135992,episode/return,971.0
135992,episode/length,500.0
135993,episode/return,795.0
135993,episode/length,500.0
135994,episode/return,1000.0
135994,episode/length,500.0
135995,episode/return,994.0
135995,episode/length,500.0
135996,episode/return,991.0
135996,episode/length,500.0
135997,episode/return,992.0
135997,episode/length,500.0
135998,episode/return,887.0
135998,episode/length,500.0
135999,episode/return,978.0
135999,episode/length,500.0
139992,episode/return,966.0
139992,episode/length,500.0
139993,episode/return,249.0
139993,episode/length,500.0
139994,episode/return,936.0
139994,episode/length,500.0
139995,episode/return,1000.0
139995,episode/length,500.0
139996,episode/return,981.0
139996,episode/length,500.0
139997,episode/return,907.0
139997,episode/length,500.0
139998,episode/return,985.0
139998,episode/length,500.0
139999,episode/return,991.0
139999,episode/length,500.0
140000,train/consistency_loss_mean,5.7342198671540246e-05
140000,train/consistency_loss_std,1.3218474341691559e-05
140000,train/continue_loss_mean,0.0
140000,train/continue_loss_std,0.0
140000,train/grad_norm_mean,0.13301893426775932
140000,train/grad_norm_std,0.11612511043784808
140000,train/policy_log_std_mean,-0.7745359724998474
140000,train/policy_log_std_std,0.36733213213907495
140000,train/policy_loss_mean,-0.8203227207660675
140000,train/policy_loss_std,0.04062485976186551
140000,train/reward_loss_mean,0.24019177466630937
140000,train/reward_loss_std,0.01282962219189769
140000,train/total_loss_mean,0.05956387776136398
140000,train/total_loss_std,0.001524038949800748
140000,train/value_loss_mean,0.34397854285240176
140000,train/value_loss_std,0.005935089953412482
140000,train/value_scale_mean,104.68774114990234
140000,train/value_scale_std,4.403780402937452
140000,timing/collect_chunk_s,68.72507201274857
140000,timing/train_chunk_s,20.54229744337499
140000,dense_rhs/training_bucket_horizon,3.0
140000,system/heartbeat,1.0
143992,episode/return,987.0
143992,episode/length,500.0
143993,episode/return,985.0
143993,episode/length,500.0
143994,episode/return,981.0
143994,episode/length,500.0
143995,episode/return,900.0
143995,episode/length,500.0
143996,episode/return,984.0
143996,episode/length,500.0
143997,episode/return,946.0
143997,episode/length,500.0
143998,episode/return,992.0
143998,episode/length,500.0
143999,episode/return,956.0
143999,episode/length,500.0
147992,episode/return,991.0
147992,episode/length,500.0
147993,episode/return,949.0
147993,episode/length,500.0
147994,episode/return,978.0
147994,episode/length,500.0
147995,episode/return,987.0
147995,episode/length,500.0
147996,episode/return,790.0
147996,episode/length,500.0
147997,episode/return,971.0
147997,episode/length,500.0
147998,episode/return,988.0
147998,episode/length,500.0
147999,episode/return,987.0
147999,episode/length,500.0
150000,train/consistency_loss_mean,5.5288372869836166e-05
150000,train/consistency_loss_std,1.2925136145297502e-05
150000,train/continue_loss_mean,0.0
150000,train/continue_loss_std,0.0
150000,train/grad_norm_mean,0.12749191596508025
150000,train/grad_norm_std,0.11745666967067722
150000,train/policy_log_std_mean,-0.7619514521598816
150000,train/policy_log_std_std,0.41059724424320343
150000,train/policy_loss_mean,-0.8846976913452148
150000,train/policy_loss_std,0.04034090673107655
150000,train/reward_loss_mean,0.25008508789539335
150000,train/reward_loss_std,0.012604140829203136
150000,train/total_loss_mean,0.06041156307160854
150000,train/total_loss_std,0.0016339327232671702
150000,train/value_loss_mean,0.34297284982204435
150000,train/value_loss_std,0.00716871155831988
150000,train/value_scale_mean,98.02023899536132
150000,train/value_scale_std,4.2604489689758145
150000,timing/collect_chunk_s,71.43413612153381
150000,timing/train_chunk_s,20.535612030420452
150000,dense_rhs/training_bucket_horizon,3.0
150000,system/heartbeat,1.0
150000,timing/checkpoint_blocking_s,0.4262118428014219
150000,eval/return_mean,708.5999755859375
150000,eval/return_std,423.2562255859375
150000,eval/return_max,1000.0
150000,eval/return_min,0.0
150000,dense_rhs/deployment_utility_last_observed_gain,37.449951171875
150000,dense_rhs/deployment_utility_observations,2.0
150000,timing/eval_s,11.245208278298378
150000,eval/selected_horizon,3.0
150000,eval/training_bucket_horizon,3.0
150000,system/heartbeat,1.0
151992,episode/return,973.0
151992,episode/length,500.0
151993,episode/return,965.0
151993,episode/length,500.0
151994,episode/return,985.0
151994,episode/length,500.0
151995,episode/return,982.0
151995,episode/length,500.0
151996,episode/return,248.0
151996,episode/length,500.0
151997,episode/return,963.0
151997,episode/length,500.0
151998,episode/return,947.0
151998,episode/length,500.0
151999,episode/return,971.0
151999,episode/length,500.0
155992,episode/return,985.0
155992,episode/length,500.0
155993,episode/return,958.0
155993,episode/length,500.0
155994,episode/return,984.0
155994,episode/length,500.0
155995,episode/return,942.0
155995,episode/length,500.0
155996,episode/return,921.0
155996,episode/length,500.0
155997,episode/return,939.0
155997,episode/length,500.0
155998,episode/return,318.0
155998,episode/length,500.0
155999,episode/return,650.0
155999,episode/length,500.0
159992,episode/return,929.0
159992,episode/length,500.0
159993,episode/return,919.0
159993,episode/length,500.0
159994,episode/return,964.0
159994,episode/length,500.0
159995,episode/return,881.0
159995,episode/length,500.0
159996,episode/return,963.0
159996,episode/length,500.0
159997,episode/return,940.0
159997,episode/length,500.0
159998,episode/return,959.0
159998,episode/length,500.0
159999,episode/return,914.0
159999,episode/length,500.0
160000,train/consistency_loss_mean,5.7195129146566614e-05
160000,train/consistency_loss_std,1.2811592661736275e-05
160000,train/continue_loss_mean,0.0
160000,train/continue_loss_std,0.0
160000,train/grad_norm_mean,0.1367102823972702
160000,train/grad_norm_std,0.11228804300284893
160000,train/policy_log_std_mean,-0.7509033699035644
160000,train/policy_log_std_std,0.43870854850982227
160000,train/policy_loss_mean,-0.8816718936920166
160000,train/policy_loss_std,0.08947818063091798
160000,train/reward_loss_mean,0.2572120777130127
160000,train/reward_loss_std,0.012549376473496951
160000,train/total_loss_mean,0.062011044561862946
160000,train/total_loss_std,0.001651776249709408
160000,train/value_loss_mean,0.3514593286752701
160000,train/value_loss_std,0.006416329556599729
160000,train/value_scale_mean,98.70876888427735
160000,train/value_scale_std,9.402460825181352
160000,timing/collect_chunk_s,68.64448320772499
160000,timing/train_chunk_s,20.523816698230803
160000,dense_rhs/training_bucket_horizon,3.0
160000,system/heartbeat,1.0
163992,episode/return,980.0
163992,episode/length,500.0
163993,episode/return,791.0
163993,episode/length,500.0
163994,episode/return,768.0
163994,episode/length,500.0
163995,episode/return,989.0
163995,episode/length,500.0
163996,episode/return,990.0
163996,episode/length,500.0
163997,episode/return,966.0
163997,episode/length,500.0
163998,episode/return,188.0
163998,episode/length,500.0
163999,episode/return,963.0
163999,episode/length,500.0
167992,episode/return,470.0
167992,episode/length,500.0
167993,episode/return,982.0
167993,episode/length,500.0
167994,episode/return,969.0
167994,episode/length,500.0
167995,episode/return,994.0
167995,episode/length,500.0
167996,episode/return,950.0
167996,episode/length,500.0
167997,episode/return,989.0
167997,episode/length,500.0
167998,episode/return,983.0
167998,episode/length,500.0
167999,episode/return,994.0
167999,episode/length,500.0
170000,train/consistency_loss_mean,5.7567176068550906e-05
170000,train/consistency_loss_std,1.32199562657799e-05
170000,train/continue_loss_mean,0.0
170000,train/continue_loss_std,0.0
170000,train/grad_norm_mean,0.16525850271582604
170000,train/grad_norm_std,0.16581279302437457
170000,train/policy_log_std_mean,-0.8177722112178802
170000,train/policy_log_std_std,0.4557072780675567
170000,train/policy_loss_mean,-1.0432680559158325
170000,train/policy_loss_std,0.041731660362825815
170000,train/reward_loss_mean,0.263813263297081
170000,train/reward_loss_std,0.01221638837776358
170000,train/total_loss_mean,0.06304445314407349
170000,train/total_loss_std,0.0015609957314730966
170000,train/value_loss_mean,0.3551178225755692
170000,train/value_loss_std,0.005541948026986805
170000,train/value_scale_mean,83.1994953125
170000,train/value_scale_std,2.911594826343326
170000,timing/collect_chunk_s,64.85342821292579
170000,timing/train_chunk_s,20.5116894566454
170000,dense_rhs/training_bucket_horizon,3.0
170000,system/heartbeat,1.0
170000,dense_rhs/selected_horizon,3.0
170000,dense_rhs/proposed_horizon,3.0
170000,dense_rhs/phase_id,0.0
170000,dense_rhs/num_active_horizons,7.0
170000,dense_rhs/num_candidate_horizons,3.0
170000,dense_rhs/entropy,1.7405037879943848
170000,dense_rhs/norm_entropy,0.8944419622421265
170000,dense_rhs/best_fitness,0.8246138095855713
170000,dense_rhs/deployment_score_best,0.4360203444957733
170000,dense_rhs/incumbent_deployment_score,0.4360203444957733
170000,dense_rhs/proposed_deployment_score,0.4360203444957733
170000,dense_rhs/proposed_transition_cost,0.0
170000,dense_rhs/proposed_switch_probability,0.5
170000,dense_rhs/proposed_expected_net_benefit,0.0
170000,dense_rhs/transition_cost_best,0.0
170000,dense_rhs/transition_adjusted_score_best,0.4360203444957733
170000,dense_rhs/switch_probability_best,0.5
170000,dense_rhs/expected_improvement_best,0.07100724428892136
170000,dense_rhs/expected_loss_best,0.07100724428892136
170000,dense_rhs/expected_net_benefit_best,0.0
170000,dense_rhs/return_term_best,1.0
170000,dense_rhs/roughness_term_best,0.9866435527801514
170000,dense_rhs/return_std_term_best,0.468641996383667
170000,dense_rhs/learner_proxy_term_best,0.942986011505127
170000,dense_rhs/model_prefix_loss_best,0.32404571771621704
170000,dense_rhs/model_probe_prefix_best,0.1396988034248352
170000,dense_rhs/planner_return_best,203.5919952392578
170000,dense_rhs/roughness_best,0.03884274512529373
170000,dense_rhs/robust_return_best,323.260986328125
170000,timing/query_model_diag_s,0.0061590480618178844
170000,timing/query_env_eval_s,7.654770612716675
170000,timing/query_finalize_s,0.001741799060255289
170000,timing/query_total_s,7.668116758111864
170000,dense_rhs/candidate_3_fitness,0.8246138095855713
170000,dense_rhs/candidate_3_deployment_score,0.4360203444957733
170000,dense_rhs/candidate_3_transition_cost,0.0
170000,dense_rhs/candidate_3_transition_adjusted_score,0.4360203444957733
170000,dense_rhs/candidate_3_switch_probability,0.5
170000,dense_rhs/candidate_3_expected_net_benefit,0.0
170000,dense_rhs/candidate_3_return,323.260986328125
170000,dense_rhs/candidate_3_return_term,1.0
170000,dense_rhs/candidate_3_roughness_term,0.9866435527801514
170000,dense_rhs/candidate_3_return_std_term,0.468641996383667
170000,dense_rhs/candidate_3_learner_proxy_term,0.942986011505127
170000,dense_rhs/candidate_2_fitness,0.5345702767372131
170000,dense_rhs/candidate_2_deployment_score,0.008776594884693623
170000,dense_rhs/candidate_2_transition_cost,0.06367304176092148
170000,dense_rhs/candidate_2_transition_adjusted_score,-0.05489644780755043
170000,dense_rhs/candidate_2_switch_probability,0.018651902675628662
170000,dense_rhs/candidate_2_expected_net_benefit,-0.49091678857803345
170000,dense_rhs/candidate_2_return,187.81629943847656
170000,dense_rhs/candidate_2_return_term,0.4754491150379181
170000,dense_rhs/candidate_2_roughness_term,1.0
170000,dense_rhs/candidate_2_return_std_term,0.17175519466400146
170000,dense_rhs/candidate_2_learner_proxy_term,1.0
170000,dense_rhs/candidate_4_fitness,0.03162277489900589
170000,dense_rhs/candidate_4_deployment_score,8.294946416238521e-31
170000,dense_rhs/candidate_4_transition_cost,0.0579269640147686
170000,dense_rhs/candidate_4_transition_adjusted_score,-0.0579269640147686
170000,dense_rhs/candidate_4_switch_probability,0.0006764829158782959
170000,dense_rhs/candidate_4_expected_net_benefit,-0.49394726753234863
170000,dense_rhs/candidate_4_return,65.05023193359375
170000,dense_rhs/candidate_4_return_term,0.0
170000,dense_rhs/candidate_4_roughness_term,0.9553554058074951
170000,dense_rhs/candidate_4_return_std_term,0.0
170000,dense_rhs/candidate_4_learner_proxy_term,0.8682576417922974
170000,dense_rhs/deployment_utility_enabled,1.0
170000,dense_rhs/deployment_utility_observations,2.0
170000,dense_rhs/deployment_utility_last_observed_gain,37.449951171875
170000,dense_rhs/candidate_2_expected_eval_gain,0.0
170000,dense_rhs/candidate_2_eval_gain_uncertainty,150.0
170000,dense_rhs/candidate_2_deployment_utility_score,37.70128865534573
170000,dense_rhs/candidate_3_expected_eval_gain,66.39999389648438
170000,dense_rhs/candidate_3_eval_gain_uncertainty,16.71431496010439
170000,dense_rhs/candidate_3_deployment_utility_score,80.57857263651047
170000,dense_rhs/candidate_4_expected_eval_gain,0.0
170000,dense_rhs/candidate_4_eval_gain_uncertainty,150.0
170000,dense_rhs/candidate_4_deployment_utility_score,37.5
170000,dense_rhs/deployment_utility_override,0.0
170000,dense_rhs/deployment_utility_selected_expected_gain,66.39999389648438
170000,dense_rhs/deployment_utility_selected_uncertainty,16.71431496010439
170000,dense_rhs/deployment_utility_selected_score,80.57857263651047
170000,dense_rhs/deployment_utility_proposed_horizon,3.0
170000,dense_rhs/deployment_utility_proposed_expected_gain,66.39999389648438
170000,dense_rhs/deployment_utility_proposed_uncertainty,16.71431496010439
170000,dense_rhs/deployment_utility_proposed_score,80.57857263651047
170000,dense_rhs/previous_horizon,3.0
170000,dense_rhs/training_bucket_horizon,3.0
170000,dense_rhs/best_h,3.0
170000,dense_rhs/prob_best_h,0.130859375
170000,dense_rhs/gauss_mean_best_h,0.4146122932434082
170000,dense_rhs/gauss_post_std_best_h,0.1872348189353943
170000,system/heartbeat,1.0
171992,episode/return,965.0
171992,episode/length,500.0
171993,episode/return,968.0
171993,episode/length,500.0
171994,episode/return,950.0
171994,episode/length,500.0
171995,episode/return,713.0
171995,episode/length,500.0
171996,episode/return,947.0
171996,episode/length,500.0
171997,episode/return,955.0
171997,episode/length,500.0
171998,episode/return,990.0
171998,episode/length,500.0
171999,episode/return,967.0
171999,episode/length,500.0
175992,episode/return,403.0
175992,episode/length,500.0
175993,episode/return,636.0
175993,episode/length,500.0
175994,episode/return,949.0
175994,episode/length,500.0
175995,episode/return,974.0
175995,episode/length,500.0
175996,episode/return,941.0
175996,episode/length,500.0
175997,episode/return,983.0
175997,episode/length,500.0
175998,episode/return,690.0
175998,episode/length,500.0
175999,episode/return,986.0
175999,episode/length,500.0
179992,episode/return,986.0
179992,episode/length,500.0
179993,episode/return,959.0
179993,episode/length,500.0
179994,episode/return,966.0
179994,episode/length,500.0
179995,episode/return,956.0
179995,episode/length,500.0
179996,episode/return,963.0
179996,episode/length,500.0
179997,episode/return,968.0
179997,episode/length,500.0
179998,episode/return,1000.0
179998,episode/length,500.0
179999,episode/return,974.0
179999,episode/length,500.0
180000,train/consistency_loss_mean,5.6792710264562626e-05
180000,train/consistency_loss_std,1.2580789610826102e-05
180000,train/continue_loss_mean,0.0
180000,train/continue_loss_std,0.0
180000,train/grad_norm_mean,0.17356476722955705
180000,train/grad_norm_std,0.1768711653491605
180000,train/policy_log_std_mean,-0.8146957243442535
180000,train/policy_log_std_std,0.45312269233219193
180000,train/policy_loss_mean,-1.0870409412384032
180000,train/policy_loss_std,0.035517162988095756
180000,train/reward_loss_mean,0.269411892080307
180000,train/reward_loss_std,0.012221778915629485
180000,train/total_loss_mean,0.06378785504996777
180000,train/total_loss_std,0.0015421971512852247
180000,train/value_loss_mean,0.35710809936523435
180000,train/value_loss_std,0.0056162087124889855
180000,train/value_scale_mean,80.40097672119141
180000,train/value_scale_std,2.3442954559284486
180000,timing/collect_chunk_s,68.30647060414776
180000,timing/train_chunk_s,20.476298785302788
180000,dense_rhs/training_bucket_horizon,3.0
180000,system/heartbeat,1.0
183992,episode/return,929.0
183992,episode/length,500.0
183993,episode/return,935.0
183993,episode/length,500.0
183994,episode/return,0.0
183994,episode/length,500.0
183995,episode/return,931.0
183995,episode/length,500.0
183996,episode/return,982.0
183996,episode/length,500.0
183997,episode/return,789.0
183997,episode/length,500.0
183998,episode/return,767.0
183998,episode/length,500.0
183999,episode/return,927.0
183999,episode/length,500.0
187992,episode/return,870.0
187992,episode/length,500.0
187993,episode/return,944.0
187993,episode/length,500.0
187994,episode/return,739.0
187994,episode/length,500.0
187995,episode/return,801.0
187995,episode/length,500.0
187996,episode/return,960.0
187996,episode/length,500.0
187997,episode/return,986.0
187997,episode/length,500.0
187998,episode/return,985.0
187998,episode/length,500.0
187999,episode/return,975.0
187999,episode/length,500.0
190000,train/consistency_loss_mean,5.8122345956508073e-05
190000,train/consistency_loss_std,1.3152519704837671e-05
190000,train/continue_loss_mean,0.0
190000,train/continue_loss_std,0.0
190000,train/grad_norm_mean,0.17401529101729393
190000,train/grad_norm_std,0.17375376343791574
190000,train/policy_log_std_mean,-0.8496072633266449
190000,train/policy_log_std_std,0.47636473616810776
190000,train/policy_loss_mean,-1.2260548827171325
190000,train/policy_loss_std,0.049431311963216235
190000,train/reward_loss_mean,0.27412917129993436
190000,train/reward_loss_std,0.011982300953102874
190000,train/total_loss_mean,0.0636767138838768
190000,train/total_loss_std,0.0015220985912913114
190000,train/value_loss_mean,0.3510134811401367
190000,train/value_loss_std,0.005776904163001828
190000,train/value_scale_mean,72.22673957519531
190000,train/value_scale_std,2.766002605754361
190000,timing/collect_chunk_s,65.56199590256438
190000,timing/train_chunk_s,20.51341466838494
190000,dense_rhs/training_bucket_horizon,3.0
190000,system/heartbeat,1.0
191992,episode/return,989.0
191992,episode/length,500.0
191993,episode/return,971.0
191993,episode/length,500.0
191994,episode/return,985.0
191994,episode/length,500.0
191995,episode/return,976.0
191995,episode/length,500.0
191996,episode/return,940.0
191996,episode/length,500.0
191997,episode/return,994.0
191997,episode/length,500.0
191998,episode/return,966.0
191998,episode/length,500.0
191999,episode/return,944.0
191999,episode/length,500.0
195992,episode/return,985.0
195992,episode/length,500.0
195993,episode/return,957.0
195993,episode/length,500.0
195994,episode/return,934.0
195994,episode/length,500.0
195995,episode/return,993.0
195995,episode/length,500.0
195996,episode/return,986.0
195996,episode/length,500.0
195997,episode/return,896.0
195997,episode/length,500.0
195998,episode/return,991.0
195998,episode/length,500.0
195999,episode/return,987.0
195999,episode/length,500.0
199992,episode/return,963.0
199992,episode/length,500.0
199993,episode/return,990.0
199993,episode/length,500.0
199994,episode/return,942.0
199994,episode/length,500.0
199995,episode/return,953.0
199995,episode/length,500.0
199996,episode/return,866.0
199996,episode/length,500.0
199997,episode/return,993.0
199997,episode/length,500.0
199998,episode/return,917.0
199998,episode/length,500.0
199999,episode/return,980.0
199999,episode/length,500.0
200000,train/consistency_loss_mean,5.6338249577675016e-05
200000,train/consistency_loss_std,1.2852612078885035e-05
200000,train/continue_loss_mean,0.0
200000,train/continue_loss_std,0.0
200000,train/grad_norm_mean,0.15042540412545205
200000,train/grad_norm_std,0.1565526616453152
200000,train/policy_log_std_mean,-0.8363189395427704
200000,train/policy_log_std_std,0.4431546843461607
200000,train/policy_loss_mean,-1.2153690033912659
200000,train/policy_loss_std,0.030870483550250634
200000,train/reward_loss_mean,0.2793601524114609
200000,train/reward_loss_std,0.011850678978522879
200000,train/total_loss_mean,0.06363034943342209
200000,train/total_loss_std,0.0014783846858072785
200000,train/value_loss_mean,0.345675683259964
200000,train/value_loss_std,0.005087998623322439
200000,train/value_scale_mean,73.40571943969726
200000,train/value_scale_std,1.6496893722231012
200000,timing/collect_chunk_s,69.76092792395502
200000,timing/train_chunk_s,20.532751050312072
200000,dense_rhs/training_bucket_horizon,3.0
200000,system/heartbeat,1.0
200000,timing/checkpoint_blocking_s,0.4208147590979934
200000,eval/return_mean,862.8499755859375
200000,eval/return_std,290.4381408691406
200000,eval/return_max,1000.0
200000,eval/return_min,0.0
200000,dense_rhs/deployment_utility_last_observed_gain,154.25
200000,dense_rhs/deployment_utility_observations,3.0
200000,timing/eval_s,10.70095383003354
200000,eval/selected_horizon,3.0
200000,eval/training_bucket_horizon,3.0
200000,system/heartbeat,1.0
203992,episode/return,341.0
203992,episode/length,500.0
203993,episode/return,990.0
203993,episode/length,500.0
203994,episode/return,990.0
203994,episode/length,500.0
203995,episode/return,929.0
203995,episode/length,500.0
203996,episode/return,974.0
203996,episode/length,500.0
203997,episode/return,974.0
203997,episode/length,500.0
203998,episode/return,989.0
203998,episode/length,500.0
203999,episode/return,952.0
203999,episode/length,500.0
207992,episode/return,321.0
207992,episode/length,500.0
207993,episode/return,937.0
207993,episode/length,500.0
207994,episode/return,924.0
207994,episode/length,500.0
207995,episode/return,968.0
207995,episode/length,500.0
207996,episode/return,973.0
207996,episode/length,500.0
207997,episode/return,984.0
207997,episode/length,500.0
207998,episode/return,979.0
207998,episode/length,500.0
207999,episode/return,989.0
207999,episode/length,500.0
210000,train/consistency_loss_mean,5.544046517752577e-05
210000,train/consistency_loss_std,1.2997038780843284e-05
210000,train/continue_loss_mean,0.0
210000,train/continue_loss_std,0.0
210000,train/grad_norm_mean,0.14891440615653992
210000,train/grad_norm_std,0.16266164375850956
210000,train/policy_log_std_mean,-0.8047400455951691
210000,train/policy_log_std_std,0.45904439739125846
210000,train/policy_loss_mean,-1.1837657541275024
210000,train/policy_loss_std,0.04918119479075925
210000,train/reward_loss_mean,0.28370649242401125
210000,train/reward_loss_std,0.011763078194204284
210000,train/total_loss_mean,0.0645265191078186
210000,train/total_loss_std,0.0014846718893476213
210000,train/value_loss_mean,0.35047059881687165
210000,train/value_loss_std,0.005380129691096779
210000,train/value_scale_mean,75.45199318847656
210000,train/value_scale_std,2.8442010046471626
210000,timing/collect_chunk_s,65.73323696805164
210000,timing/train_chunk_s,20.461383649148047
210000,dense_rhs/training_bucket_horizon,3.0
210000,system/heartbeat,1.0
211992,episode/return,952.0
211992,episode/length,500.0
211993,episode/return,931.0
211993,episode/length,500.0
211994,episode/return,949.0
211994,episode/length,500.0
211995,episode/return,948.0
211995,episode/length,500.0
211996,episode/return,991.0
211996,episode/length,500.0
211997,episode/return,929.0
211997,episode/length,500.0
211998,episode/return,929.0
211998,episode/length,500.0
211999,episode/return,0.0
211999,episode/length,500.0
215992,episode/return,965.0
215992,episode/length,500.0
215993,episode/return,938.0
215993,episode/length,500.0
215994,episode/return,959.0
215994,episode/length,500.0
215995,episode/return,974.0
215995,episode/length,500.0
215996,episode/return,970.0
215996,episode/length,500.0
215997,episode/return,930.0
215997,episode/length,500.0
215998,episode/return,967.0
215998,episode/length,500.0
215999,episode/return,632.0
215999,episode/length,500.0
219992,episode/return,957.0
219992,episode/length,500.0
219993,episode/return,963.0
219993,episode/length,500.0
219994,episode/return,991.0
219994,episode/length,500.0
219995,episode/return,929.0
219995,episode/length,500.0
219996,episode/return,946.0
219996,episode/length,500.0
219997,episode/return,955.0
219997,episode/length,500.0
219998,episode/return,990.0
219998,episode/length,500.0
219999,episode/return,995.0
219999,episode/length,500.0
220000,train/consistency_loss_mean,5.471846752334386e-05
220000,train/consistency_loss_std,1.2888178997994372e-05
220000,train/continue_loss_mean,0.0
220000,train/continue_loss_std,0.0
220000,train/grad_norm_mean,0.1406840595960617
220000,train/grad_norm_std,0.14137288655479655
220000,train/policy_log_std_mean,-0.8162154342651368
220000,train/policy_log_std_std,0.47062992902220907
220000,train/policy_loss_mean,-1.2208149042129517
220000,train/policy_loss_std,0.061044698576834394
220000,train/reward_loss_mean,0.2871100992918015
220000,train/reward_loss_std,0.011715606050626355
220000,train/total_loss_mean,0.06504340289235115
220000,train/total_loss_std,0.0015022007353868592
220000,train/value_loss_mean,0.3523802160024643
220000,train/value_loss_std,0.005467745481865096
220000,train/value_scale_mean,73.06026444091796
220000,train/value_scale_std,3.563953549257361
220000,timing/collect_chunk_s,69.5853779707104
220000,timing/train_chunk_s,20.495364418253303
220000,dense_rhs/training_bucket_horizon,3.0
220000,system/heartbeat,1.0
220000,dense_rhs/selected_horizon,3.0
220000,dense_rhs/proposed_horizon,4.0
220000,dense_rhs/phase_id,0.0
220000,dense_rhs/num_active_horizons,7.0
220000,dense_rhs/num_candidate_horizons,3.0
220000,dense_rhs/entropy,1.8392884731292725
220000,dense_rhs/norm_entropy,0.9452072381973267
220000,dense_rhs/best_fitness,0.19798818230628967
220000,dense_rhs/deployment_score_best,3.630613321092824e-08
220000,dense_rhs/incumbent_deployment_score,3.630613321092824e-08
220000,dense_rhs/proposed_deployment_score,0.5859856009483337
220000,dense_rhs/proposed_transition_cost,0.026484448462724686
220000,dense_rhs/proposed_switch_probability,0.9974942207336426
220000,dense_rhs/proposed_expected_net_benefit,0.5595011711120605
220000,dense_rhs/transition_cost_best,0.026484448462724686
220000,dense_rhs/transition_adjusted_score_best,0.5595011711120605
220000,dense_rhs/switch_probability_best,0.9974942207336426
220000,dense_rhs/expected_improvement_best,0.5596497058868408
220000,dense_rhs/expected_loss_best,0.00014854769688099623
220000,dense_rhs/expected_net_benefit_best,0.5595011711120605
220000,dense_rhs/return_term_best,0.02924352139234543
220000,dense_rhs/roughness_term_best,0.9560725688934326
220000,dense_rhs/return_std_term_best,0.05492293834686279
220000,dense_rhs/learner_proxy_term_best,0.9454023838043213
220000,dense_rhs/model_prefix_loss_best,0.437021940946579
220000,dense_rhs/model_probe_prefix_best,0.20146384835243225
220000,dense_rhs/planner_return_best,206.83787536621094
220000,dense_rhs/roughness_best,0.09224513173103333
220000,dense_rhs/robust_return_best,136.11129760742188
220000,timing/query_model_diag_s,0.006220977753400803
220000,timing/query_env_eval_s,7.519332183059305
220000,timing/query_finalize_s,0.0019694967195391655
220000,timing/query_total_s,7.532976763788611
220000,dense_rhs/candidate_3_fitness,0.19798818230628967
220000,dense_rhs/candidate_3_deployment_score,3.630613321092824e-08
220000,dense_rhs/candidate_3_transition_cost,0.0
220000,dense_rhs/candidate_3_transition_adjusted_score,3.630613321092824e-08
220000,dense_rhs/candidate_3_switch_probability,0.5
220000,dense_rhs/candidate_3_expected_net_benefit,0.0
220000,dense_rhs/candidate_3_return,136.11129760742188
220000,dense_rhs/candidate_3_return_term,0.02924352139234543
220000,dense_rhs/candidate_3_roughness_term,0.9560725688934326
220000,dense_rhs/candidate_3_return_std_term,0.05492293834686279
220000,dense_rhs/candidate_3_learner_proxy_term,0.9454023838043213
220000,dense_rhs/candidate_2_fitness,0.03162277489900589
220000,dense_rhs/candidate_2_deployment_score,1.0000000031710769e-30
220000,dense_rhs/candidate_2_transition_cost,0.04847140982747078
220000,dense_rhs/candidate_2_transition_adjusted_score,-0.04847140982747078
220000,dense_rhs/candidate_2_switch_probability,0.4190918207168579
220000,dense_rhs/candidate_2_expected_net_benefit,-0.048471443355083466
220000,dense_rhs/candidate_2_return,127.70635986328125
220000,dense_rhs/candidate_2_return_term,0.0
220000,dense_rhs/candidate_2_roughness_term,1.0
220000,dense_rhs/candidate_2_return_std_term,0.0
220000,dense_rhs/candidate_2_learner_proxy_term,1.0
220000,dense_rhs/candidate_4_fitness,0.9001420736312866
220000,dense_rhs/candidate_4_deployment_score,0.5859856009483337
220000,dense_rhs/candidate_4_transition_cost,0.026484448462724686
220000,dense_rhs/candidate_4_transition_adjusted_score,0.5595011711120605
220000,dense_rhs/candidate_4_switch_probability,0.9974942207336426
220000,dense_rhs/candidate_4_expected_net_benefit,0.5595011711120605
220000,dense_rhs/candidate_4_return,415.1183166503906
220000,dense_rhs/candidate_4_return_term,1.0
220000,dense_rhs/candidate_4_roughness_term,0.8829610347747803
220000,dense_rhs/candidate_4_return_std_term,0.743536114692688
220000,dense_rhs/candidate_4_learner_proxy_term,0.8925721645355225
220000,dense_rhs/deployment_utility_enabled,1.0
220000,dense_rhs/deployment_utility_observations,3.0
220000,dense_rhs/deployment_utility_last_observed_gain,154.25
220000,dense_rhs/candidate_2_expected_eval_gain,0.0
220000,dense_rhs/candidate_2_eval_gain_uncertainty,150.0
220000,dense_rhs/candidate_2_deployment_utility_score,37.5
220000,dense_rhs/candidate_3_expected_eval_gain,95.68332926432292
220000,dense_rhs/candidate_3_eval_gain_uncertainty,23.842001330119846
220000,dense_rhs/candidate_3_deployment_utility_score,101.6438302164267
220000,dense_rhs/candidate_4_expected_eval_gain,0.0
220000,dense_rhs/candidate_4_eval_gain_uncertainty,150.0
220000,dense_rhs/candidate_4_deployment_utility_score,47.5
220000,dense_rhs/deployment_utility_override,1.0
220000,dense_rhs/deployment_utility_selected_expected_gain,95.68332926432292
220000,dense_rhs/deployment_utility_selected_uncertainty,23.842001330119846
220000,dense_rhs/deployment_utility_selected_score,101.6438302164267
220000,dense_rhs/deployment_utility_proposed_horizon,3.0
220000,dense_rhs/deployment_utility_proposed_expected_gain,95.68332926432292
220000,dense_rhs/deployment_utility_proposed_uncertainty,23.842001330119846
220000,dense_rhs/deployment_utility_proposed_score,101.6438302164267
220000,dense_rhs/previous_horizon,3.0
220000,dense_rhs/training_bucket_horizon,3.0
220000,dense_rhs/best_h,3.0
220000,dense_rhs/prob_best_h,0.087890625
220000,dense_rhs/gauss_mean_best_h,0.360456258058548
220000,dense_rhs/gauss_post_std_best_h,0.1480511724948883
220000,system/heartbeat,1.0
223992,episode/return,977.0
223992,episode/length,500.0
223993,episode/return,595.0
223993,episode/length,500.0
223994,episode/return,981.0
223994,episode/length,500.0
223995,episode/return,982.0
223995,episode/length,500.0
223996,episode/return,989.0
223996,episode/length,500.0
223997,episode/return,974.0
223997,episode/length,500.0
223998,episode/return,893.0
223998,episode/length,500.0
223999,episode/return,976.0
223999,episode/length,500.0
227992,episode/return,967.0
227992,episode/length,500.0
227993,episode/return,883.0
227993,episode/length,500.0
227994,episode/return,931.0
227994,episode/length,500.0
227995,episode/return,959.0
227995,episode/length,500.0
227996,episode/return,981.0
227996,episode/length,500.0
227997,episode/return,357.0
227997,episode/length,500.0
227998,episode/return,22.0
227998,episode/length,500.0
227999,episode/return,1000.0
227999,episode/length,500.0
230000,train/consistency_loss_mean,5.551591068215202e-05
230000,train/consistency_loss_std,1.2726957292710154e-05
230000,train/continue_loss_mean,0.0
230000,train/continue_loss_std,0.0
230000,train/grad_norm_mean,0.1899828316450119
230000,train/grad_norm_std,0.19720016794779327
230000,train/policy_log_std_mean,-0.8431147577762603
230000,train/policy_log_std_std,0.45868681625171653
230000,train/policy_loss_mean,-1.2306470039367676
230000,train/policy_loss_std,0.04610091397034771
230000,train/reward_loss_mean,0.2911958203315735
230000,train/reward_loss_std,0.011581532643663534
230000,train/total_loss_mean,0.06501257160902023
230000,train/total_loss_std,0.0014614391779054425
230000,train/value_loss_mean,0.347826691699028
230000,train/value_loss_std,0.005125600618234456
230000,train/value_scale_mean,72.90812766723633
230000,train/value_scale_std,2.581065546405908
230000,timing/collect_chunk_s,66.34534494765103
230000,timing/train_chunk_s,20.467088216915727
230000,dense_rhs/training_bucket_horizon,3.0
230000,system/heartbeat,1.0
231992,episode/return,979.0
231992,episode/length,500.0
231993,episode/return,968.0
231993,episode/length,500.0
231994,episode/return,960.0
231994,episode/length,500.0
231995,episode/return,958.0
231995,episode/length,500.0
231996,episode/return,916.0
231996,episode/length,500.0
231997,episode/return,861.0
231997,episode/length,500.0
231998,episode/return,985.0
231998,episode/length,500.0
231999,episode/return,991.0
231999,episode/length,500.0
235992,episode/return,356.0
235992,episode/length,500.0
235993,episode/return,441.0
235993,episode/length,500.0
235994,episode/return,245.0
235994,episode/length,500.0
235995,episode/return,981.0
235995,episode/length,500.0
235996,episode/return,986.0
235996,episode/length,500.0
235997,episode/return,962.0
235997,episode/length,500.0
235998,episode/return,936.0
235998,episode/length,500.0
235999,episode/return,900.0
235999,episode/length,500.0
239992,episode/return,900.0
239992,episode/length,500.0
239993,episode/return,440.0
239993,episode/length,500.0
239994,episode/return,975.0
239994,episode/length,500.0
239995,episode/return,942.0
239995,episode/length,500.0
239996,episode/return,990.0
239996,episode/length,500.0
239997,episode/return,980.0
239997,episode/length,500.0
239998,episode/return,943.0
239998,episode/length,500.0
239999,episode/return,974.0
239999,episode/length,500.0
240000,train/consistency_loss_mean,5.5573217701748946e-05
240000,train/consistency_loss_std,1.2891814091460165e-05
240000,train/continue_loss_mean,0.0
240000,train/continue_loss_std,0.0
240000,train/grad_norm_mean,0.19013118722438813
240000,train/grad_norm_std,0.23425657856821402
240000,train/policy_log_std_mean,-0.8518681881427765
240000,train/policy_log_std_std,0.4885701342321202
240000,train/policy_loss_mean,-1.2412776317596435
240000,train/policy_loss_std,0.03593317612083911
240000,train/reward_loss_mean,0.29333481857776644
240000,train/reward_loss_std,0.01148317603801263
240000,train/total_loss_mean,0.06576015378832817
240000,train/total_loss_std,0.0014568263071615885
240000,train/value_loss_mean,0.3531520597934723
240000,train/value_loss_std,0.0054705087840539466
240000,train/value_scale_mean,72.21453185424805
240000,train/value_scale_std,1.8244535808478026
240000,timing/collect_chunk_s,65.55499888490885
240000,timing/train_chunk_s,20.423663222696632
240000,dense_rhs/training_bucket_horizon,3.0
240000,system/heartbeat,1.0
243992,episode/return,987.0
243992,episode/length,500.0
243993,episode/return,957.0
243993,episode/length,500.0
243994,episode/return,895.0
243994,episode/length,500.0
243995,episode/return,552.0
243995,episode/length,500.0
243996,episode/return,975.0
243996,episode/length,500.0
243997,episode/return,933.0
243997,episode/length,500.0
243998,episode/return,983.0
243998,episode/length,500.0
243999,episode/return,989.0
243999,episode/length,500.0
247992,episode/return,921.0
247992,episode/length,500.0
247993,episode/return,967.0
247993,episode/length,500.0
247994,episode/return,964.0
247994,episode/length,500.0
247995,episode/return,943.0
247995,episode/length,500.0
247996,episode/return,939.0
247996,episode/length,500.0
247997,episode/return,985.0
247997,episode/length,500.0
247998,episode/return,986.0
247998,episode/length,500.0
247999,episode/return,986.0
247999,episode/length,500.0
250000,train/consistency_loss_mean,5.524229703296442e-05
250000,train/consistency_loss_std,1.2845270744835481e-05
250000,train/continue_loss_mean,0.0
250000,train/continue_loss_std,0.0
250000,train/grad_norm_mean,0.16751767127513886
250000,train/grad_norm_std,0.19788487884759545
250000,train/policy_log_std_mean,-0.8437748514175415
250000,train/policy_log_std_std,0.4881878117774442
250000,train/policy_loss_mean,-1.239526570892334
250000,train/policy_loss_std,0.044011408077871676
250000,train/reward_loss_mean,0.2957780640363693
250000,train/reward_loss_std,0.01145404649550793
250000,train/total_loss_mean,0.06580620732307434
250000,train/total_loss_std,0.001441219292060023
250000,train/value_loss_mean,0.35123554100990295
250000,train/value_loss_std,0.004945950233566331
250000,train/value_scale_mean,72.68242294311523
250000,train/value_scale_std,2.322762742671312
250000,timing/collect_chunk_s,70.54757220856845
250000,timing/train_chunk_s,20.499678935389966
250000,dense_rhs/training_bucket_horizon,3.0
250000,system/heartbeat,1.0
250000,timing/checkpoint_blocking_s,0.44116520415991545
250000,eval/return_mean,673.9000244140625
250000,eval/return_std,437.4410705566406
250000,eval/return_max,1000.0
250000,eval/return_min,0.0
250000,dense_rhs/deployment_utility_last_observed_gain,-188.949951171875
250000,dense_rhs/deployment_utility_observations,4.0
250000,timing/eval_s,10.952116086147726
250000,eval/selected_horizon,3.0
250000,eval/training_bucket_horizon,3.0
250000,system/heartbeat,1.0
251992,episode/return,1000.0
251992,episode/length,500.0
251993,episode/return,495.0
251993,episode/length,500.0
251994,episode/return,981.0
251994,episode/length,500.0
251995,episode/return,983.0
251995,episode/length,500.0
251996,episode/return,989.0
251996,episode/length,500.0
251997,episode/return,951.0
251997,episode/length,500.0
251998,episode/return,349.0
251998,episode/length,500.0
251999,episode/return,973.0
251999,episode/length,500.0
255992,episode/return,971.0
255992,episode/length,500.0
255993,episode/return,952.0
255993,episode/length,500.0
255994,episode/return,986.0
255994,episode/length,500.0
255995,episode/return,976.0
255995,episode/length,500.0
255996,episode/return,988.0
255996,episode/length,500.0
255997,episode/return,961.0
255997,episode/length,500.0
255998,episode/return,938.0
255998,episode/length,500.0
255999,episode/return,384.0
255999,episode/length,500.0
259992,episode/return,980.0
259992,episode/length,500.0
259993,episode/return,979.0
259993,episode/length,500.0
259994,episode/return,898.0
259994,episode/length,500.0
259995,episode/return,941.0
259995,episode/length,500.0
259996,episode/return,936.0
259996,episode/length,500.0
259997,episode/return,978.0
259997,episode/length,500.0
259998,episode/return,847.0
259998,episode/length,500.0
259999,episode/return,967.0
259999,episode/length,500.0
260000,train/consistency_loss_mean,5.5207717543817124e-05
260000,train/consistency_loss_std,1.2981802290391133e-05
260000,train/continue_loss_mean,0.0
260000,train/continue_loss_std,0.0
260000,train/grad_norm_mean,0.21531159329414368
260000,train/grad_norm_std,0.2767842249536749
260000,train/policy_log_std_mean,-0.855355232334137
260000,train/policy_log_std_std,0.48786342785514264
260000,train/policy_loss_mean,-1.3392425980567932
260000,train/policy_loss_std,0.05773534012623782
260000,train/reward_loss_mean,0.29879049291610715
260000,train/reward_loss_std,0.011297112856263511
260000,train/total_loss_mean,0.0669683926641941
260000,train/total_loss_std,0.0015169408741945872
260000,train/value_loss_mean,0.3598518756389618
260000,train/value_loss_std,0.006710735517919065
260000,train/value_scale_mean,67.40963443908691
260000,train/value_scale_std,2.788360542546479
260000,timing/collect_chunk_s,64.8230162691325
260000,timing/train_chunk_s,20.536687226966023
260000,dense_rhs/training_bucket_horizon,3.0
260000,system/heartbeat,1.0
263992,episode/return,993.0
263992,episode/length,500.0
263993,episode/return,955.0
263993,episode/length,500.0
263994,episode/return,980.0
263994,episode/length,500.0
263995,episode/return,989.0
263995,episode/length,500.0
263996,episode/return,989.0
263996,episode/length,500.0
263997,episode/return,948.0
263997,episode/length,500.0
263998,episode/return,988.0
263998,episode/length,500.0
263999,episode/return,976.0
263999,episode/length,500.0
267992,episode/return,978.0
267992,episode/length,500.0
267993,episode/return,967.0
267993,episode/length,500.0
267994,episode/return,987.0
267994,episode/length,500.0
267995,episode/return,989.0
267995,episode/length,500.0
267996,episode/return,941.0
267996,episode/length,500.0
267997,episode/return,986.0
267997,episode/length,500.0
267998,episode/return,0.0
267998,episode/length,500.0
267999,episode/return,987.0
267999,episode/length,500.0
270000,train/consistency_loss_mean,5.462528589705471e-05
270000,train/consistency_loss_std,1.2963811142159087e-05
270000,train/continue_loss_mean,0.0
270000,train/continue_loss_std,0.0
270000,train/grad_norm_mean,0.17519530577361583
270000,train/grad_norm_std,0.22726294510089506
270000,train/policy_log_std_mean,-0.8610024708747864
270000,train/policy_log_std_std,0.49195123313700995
270000,train/policy_loss_mean,-1.380223935699463
270000,train/policy_loss_std,0.03016632197846282
270000,train/reward_loss_mean,0.30134930794239045
270000,train/reward_loss_std,0.011181843678230835
270000,train/total_loss_mean,0.06750747714042664
270000,train/total_loss_std,0.0014608756633794355
270000,train/value_loss_mean,0.3628003965139389
270000,train/value_loss_std,0.0052298306138230805
270000,train/value_scale_mean,65.31707200927734
270000,train/value_scale_std,1.3710012287571383
270000,timing/collect_chunk_s,70.1487100017257
270000,timing/train_chunk_s,20.539894254412502
270000,dense_rhs/training_bucket_horizon,3.0
270000,system/heartbeat,1.0
270000,dense_rhs/selected_horizon,4.0
270000,dense_rhs/proposed_horizon,4.0
270000,dense_rhs/phase_id,0.0
270000,dense_rhs/num_active_horizons,7.0
270000,dense_rhs/num_candidate_horizons,3.0
270000,dense_rhs/entropy,1.813772201538086
270000,dense_rhs/norm_entropy,0.9320944547653198
270000,dense_rhs/best_fitness,0.768961489200592
270000,dense_rhs/deployment_score_best,0.2980668544769287
270000,dense_rhs/incumbent_deployment_score,2.3297161533264443e-06
270000,dense_rhs/proposed_deployment_score,0.2980668544769287
270000,dense_rhs/proposed_transition_cost,0.05250031501054764
270000,dense_rhs/proposed_switch_probability,0.8559949994087219
270000,dense_rhs/proposed_expected_net_benefit,0.24556422233581543
270000,dense_rhs/transition_cost_best,0.05250031501054764
270000,dense_rhs/transition_adjusted_score_best,0.24556654691696167
270000,dense_rhs/switch_probability_best,0.8559949994087219
270000,dense_rhs/expected_improvement_best,0.26263535022735596
270000,dense_rhs/expected_loss_best,0.01707112044095993
270000,dense_rhs/expected_net_benefit_best,0.24556422233581543
270000,dense_rhs/return_term_best,0.9999999403953552
270000,dense_rhs/roughness_term_best,0.9451546669006348
270000,dense_rhs/return_std_term_best,0.36992549896240234
270000,dense_rhs/learner_proxy_term_best,0.8525044322013855
270000,dense_rhs/model_prefix_loss_best,0.46520039439201355
270000,dense_rhs/model_probe_prefix_best,0.2195550501346588
270000,dense_rhs/planner_return_best,204.13720703125
270000,dense_rhs/roughness_best,0.3483607769012451
270000,dense_rhs/robust_return_best,328.2190856933594
270000,timing/query_model_diag_s,13.776514409575611
270000,timing/query_env_eval_s,7.640884930733591
270000,timing/query_finalize_s,0.8071868368424475
270000,timing/query_total_s,22.230000175070018
270000,dense_rhs/candidate_3_fitness,0.22719065845012665
270000,dense_rhs/candidate_3_deployment_score,2.3297161533264443e-06
270000,dense_rhs/candidate_3_transition_cost,0.0
270000,dense_rhs/candidate_3_transition_adjusted_score,2.3297161533264443e-06
270000,dense_rhs/candidate_3_switch_probability,0.5
270000,dense_rhs/candidate_3_expected_net_benefit,0.0
270000,dense_rhs/candidate_3_return,215.23741149902344
270000,dense_rhs/candidate_3_return_term,0.09674377739429474
270000,dense_rhs/candidate_3_roughness_term,0.9959552884101868
270000,dense_rhs/candidate_3_return_std_term,0.02763986587524414
270000,dense_rhs/candidate_3_learner_proxy_term,0.966128945350647
270000,dense_rhs/candidate_4_fitness,0.768961489200592
270000,dense_rhs/candidate_4_deployment_score,0.2980668544769287
270000,dense_rhs/candidate_4_transition_cost,0.05250031501054764
270000,dense_rhs/candidate_4_transition_adjusted_score,0.24556654691696167
270000,dense_rhs/candidate_4_switch_probability,0.8559949994087219
270000,dense_rhs/candidate_4_expected_net_benefit,0.24556422233581543
270000,dense_rhs/candidate_4_return,328.2190856933594
270000,dense_rhs/candidate_4_return_term,0.9999999403953552
270000,dense_rhs/candidate_4_roughness_term,0.9451546669006348
270000,dense_rhs/candidate_4_return_std_term,0.36992549896240234
270000,dense_rhs/candidate_4_learner_proxy_term,0.8525044322013855
270000,dense_rhs/candidate_2_fitness,0.03162277489900589
270000,dense_rhs/candidate_2_deployment_score,1.0000000031710769e-30
270000,dense_rhs/candidate_2_transition_cost,0.041737060993909836
270000,dense_rhs/candidate_2_transition_adjusted_score,-0.041737060993909836
270000,dense_rhs/candidate_2_switch_probability,0.4171540141105652
270000,dense_rhs/candidate_2_expected_net_benefit,-0.041739389300346375
270000,dense_rhs/candidate_2_return,203.13644409179688
270000,dense_rhs/candidate_2_return_term,0.0
270000,dense_rhs/candidate_2_roughness_term,1.0
270000,dense_rhs/candidate_2_return_std_term,0.0
270000,dense_rhs/candidate_2_learner_proxy_term,1.0
270000,dense_rhs/deployment_utility_enabled,1.0
270000,dense_rhs/deployment_utility_observations,4.0
270000,dense_rhs/deployment_utility_last_observed_gain,-188.949951171875
270000,dense_rhs/candidate_2_expected_eval_gain,0.0
270000,dense_rhs/candidate_2_eval_gain_uncertainty,150.0
270000,dense_rhs/candidate_2_deployment_utility_score,37.5
270000,dense_rhs/candidate_3_expected_eval_gain,24.525009155273438
270000,dense_rhs/candidate_3_eval_gain_uncertainty,58.13061610632072
270000,dense_rhs/candidate_3_deployment_utility_score,39.057741342713115
270000,dense_rhs/candidate_4_expected_eval_gain,0.0
270000,dense_rhs/candidate_4_eval_gain_uncertainty,150.0
270000,dense_rhs/candidate_4_deployment_utility_score,47.5
270000,dense_rhs/deployment_utility_override,0.0
270000,dense_rhs/deployment_utility_selected_expected_gain,0.0
270000,dense_rhs/deployment_utility_selected_uncertainty,150.0
270000,dense_rhs/deployment_utility_selected_score,47.5
270000,dense_rhs/deployment_utility_proposed_horizon,4.0
270000,dense_rhs/deployment_utility_proposed_expected_gain,0.0
270000,dense_rhs/deployment_utility_proposed_uncertainty,150.0
270000,dense_rhs/deployment_utility_proposed_score,47.5
270000,dense_rhs/previous_horizon,3.0
270000,dense_rhs/training_bucket_horizon,4.0
270000,dense_rhs/best_h,4.0
270000,dense_rhs/prob_best_h,0.1328125
270000,dense_rhs/gauss_mean_best_h,0.4031352996826172
270000,dense_rhs/gauss_post_std_best_h,0.16385869681835175
270000,system/heartbeat,1.0
271992,episode/return,987.0
271992,episode/length,500.0
271993,episode/return,994.0
271993,episode/length,500.0
271994,episode/return,912.0
271994,episode/length,500.0
271995,episode/return,954.0
271995,episode/length,500.0
271996,episode/return,946.0
271996,episode/length,500.0
271997,episode/return,946.0
271997,episode/length,500.0
271998,episode/return,971.0
271998,episode/length,500.0
271999,episode/return,976.0
271999,episode/length,500.0
275992,episode/return,977.0
275992,episode/length,500.0
275993,episode/return,962.0
275993,episode/length,500.0
275994,episode/return,480.0
275994,episode/length,500.0
275995,episode/return,940.0
275995,episode/length,500.0
275996,episode/return,946.0
275996,episode/length,500.0
275997,episode/return,937.0
275997,episode/length,500.0
275998,episode/return,841.0
275998,episode/length,500.0
275999,episode/return,930.0
275999,episode/length,500.0
279992,episode/return,990.0
279992,episode/length,500.0
279993,episode/return,924.0
279993,episode/length,500.0
279994,episode/return,128.0
279994,episode/length,500.0
279995,episode/return,39.0
279995,episode/length,500.0
279996,episode/return,991.0
279996,episode/length,500.0
279997,episode/return,961.0
279997,episode/length,500.0
279998,episode/return,977.0
279998,episode/length,500.0
279999,episode/return,915.0
279999,episode/length,500.0
280000,train/consistency_loss_mean,4.549453614454251e-05
280000,train/consistency_loss_std,1.0473467240688104e-05
280000,train/continue_loss_mean,0.0
280000,train/continue_loss_std,0.0
280000,train/grad_norm_mean,0.14471457781791686
280000,train/grad_norm_std,0.16807909522877343
280000,train/policy_log_std_mean,-0.8677911505126953
280000,train/policy_log_std_std,0.4664076349697371
280000,train/policy_loss_mean,-1.150595435333252
280000,train/policy_loss_std,0.026659016446125755
280000,train/reward_loss_mean,0.24434874778985977
280000,train/reward_loss_std,0.008915478622302055
280000,train/total_loss_mean,0.054235576513409614
280000,train/total_loss_std,0.0011742981506043554
280000,train/value_loss_mean,0.2889081001520157
280000,train/value_loss_std,0.004266456519085367
280000,train/value_scale_mean,64.98482097167968
280000,train/value_scale_std,1.375815921777242
280000,timing/collect_chunk_s,115.39402830740437
280000,timing/train_chunk_s,215.93497896147892
280000,dense_rhs/training_bucket_horizon,4.0
280000,system/heartbeat,1.0
283992,episode/return,258.0
283992,episode/length,500.0
283993,episode/return,977.0
283993,episode/length,500.0
283994,episode/return,358.0
283994,episode/length,500.0
283995,episode/return,980.0
283995,episode/length,500.0
283996,episode/return,16.0
283996,episode/length,500.0
283997,episode/return,964.0
283997,episode/length,500.0
283998,episode/return,824.0
283998,episode/length,500.0
283999,episode/return,988.0
283999,episode/length,500.0
287992,episode/return,923.0
287992,episode/length,500.0
287993,episode/return,710.0
287993,episode/length,500.0
287994,episode/return,973.0
287994,episode/length,500.0
287995,episode/return,616.0
287995,episode/length,500.0
287996,episode/return,749.0
287996,episode/length,500.0
287997,episode/return,962.0
287997,episode/length,500.0
287998,episode/return,975.0
287998,episode/length,500.0
287999,episode/return,761.0
287999,episode/length,500.0
290000,train/consistency_loss_mean,4.913748895633035e-05
290000,train/consistency_loss_std,1.0594816953547746e-05
290000,train/continue_loss_mean,0.0
290000,train/continue_loss_std,0.0
290000,train/grad_norm_mean,0.2628893226921558
290000,train/grad_norm_std,0.2619028087981667
290000,train/policy_log_std_mean,-0.8950296935272217
290000,train/policy_log_std_std,0.48046042471138545
290000,train/policy_loss_mean,-1.2046173340797424
290000,train/policy_loss_std,0.05501782056336225
290000,train/reward_loss_mean,0.24520455303192137
290000,train/reward_loss_std,0.00895677843726706
290000,train/total_loss_mean,0.054885715019702914
290000,train/total_loss_std,0.0011641304285644391
290000,train/value_loss_mean,0.2938250915288925
290000,train/value_loss_std,0.003833644956308773
290000,train/value_scale_mean,62.18993914794922
290000,train/value_scale_std,2.727635162381634
290000,timing/collect_chunk_s,67.41654835408553
290000,timing/train_chunk_s,25.121825963724405
290000,dense_rhs/training_bucket_horizon,4.0
290000,system/heartbeat,1.0
291992,episode/return,974.0
291992,episode/length,500.0
291993,episode/return,375.0
291993,episode/length,500.0
291994,episode/return,988.0
291994,episode/length,500.0
291995,episode/return,953.0
291995,episode/length,500.0
291996,episode/return,979.0
291996,episode/length,500.0
291997,episode/return,968.0
291997,episode/length,500.0
291998,episode/return,979.0
291998,episode/length,500.0
291999,episode/return,712.0
291999,episode/length,500.0
295992,episode/return,976.0
295992,episode/length,500.0
295993,episode/return,984.0
295993,episode/length,500.0
295994,episode/return,869.0
295994,episode/length,500.0
295995,episode/return,818.0
295995,episode/length,500.0
295996,episode/return,937.0
295996,episode/length,500.0
295997,episode/return,945.0
295997,episode/length,500.0
295998,episode/return,880.0
295998,episode/length,500.0
295999,episode/return,940.0
295999,episode/length,500.0
299992,episode/return,995.0
299992,episode/length,500.0
299993,episode/return,995.0
299993,episode/length,500.0
299994,episode/return,983.0
299994,episode/length,500.0
299995,episode/return,947.0
299995,episode/length,500.0
299996,episode/return,898.0
299996,episode/length,500.0
299997,episode/return,976.0
299997,episode/length,500.0
299998,episode/return,958.0
299998,episode/length,500.0
299999,episode/return,935.0
299999,episode/length,500.0
300000,train/consistency_loss_mean,4.948751770134549e-05
300000,train/consistency_loss_std,1.076638009349387e-05
300000,train/continue_loss_mean,0.0
300000,train/continue_loss_std,0.0
300000,train/grad_norm_mean,0.24408836361765862
300000,train/grad_norm_std,0.2482425011771758
300000,train/policy_log_std_mean,-0.886422472076416
300000,train/policy_log_std_std,0.4895078923244852
300000,train/policy_loss_mean,-1.2190643203735352
300000,train/policy_loss_std,0.02776599903144934
300000,train/reward_loss_mean,0.24675486897230148
300000,train/reward_loss_std,0.008857384456279954
300000,train/total_loss_mean,0.05510210862159729
300000,train/total_loss_std,0.001161844098466461
300000,train/value_loss_mean,0.2943687026977539
300000,train/value_loss_std,0.004369096033111352
300000,train/value_scale_mean,61.51036381225586
300000,train/value_scale_std,1.42338886865975
300000,timing/collect_chunk_s,73.97694104164839
300000,timing/train_chunk_s,25.116473521571606
300000,dense_rhs/training_bucket_horizon,4.0
300000,system/heartbeat,1.0
300000,timing/checkpoint_blocking_s,0.43461541878059506
300000,eval/return_mean,413.45001220703125
300000,eval/return_std,455.6248779296875
300000,eval/return_max,987.0
300000,eval/return_min,0.0
300000,dense_rhs/deployment_utility_last_observed_gain,-260.45001220703125
300000,dense_rhs/deployment_utility_observations,5.0
300000,timing/eval_s,30.089978149160743
300000,eval/selected_horizon,4.0
300000,eval/training_bucket_horizon,4.0
300000,system/heartbeat,1.0
303992,episode/return,936.0
303992,episode/length,500.0
303993,episode/return,972.0
303993,episode/length,500.0
303994,episode/return,610.0
303994,episode/length,500.0
303995,episode/return,790.0
303995,episode/length,500.0
303996,episode/return,795.0
303996,episode/length,500.0
303997,episode/return,944.0
303997,episode/length,500.0
303998,episode/return,955.0
303998,episode/length,500.0
303999,episode/return,965.0
303999,episode/length,500.0
307992,episode/return,119.0
307992,episode/length,500.0
307993,episode/return,946.0
307993,episode/length,500.0
307994,episode/return,976.0
307994,episode/length,500.0
307995,episode/return,957.0
307995,episode/length,500.0
307996,episode/return,865.0
307996,episode/length,500.0
307997,episode/return,684.0
307997,episode/length,500.0
307998,episode/return,973.0
307998,episode/length,500.0
307999,episode/return,963.0
307999,episode/length,500.0
310000,train/consistency_loss_mean,5.07126567477826e-05
310000,train/consistency_loss_std,1.1152553443279857e-05
310000,train/continue_loss_mean,0.0
310000,train/continue_loss_std,0.0
310000,train/grad_norm_mean,0.28872351905107496
310000,train/grad_norm_std,0.2806610625042728
310000,train/policy_log_std_mean,-0.8893471697998047
310000,train/policy_log_std_std,0.480541742991247
310000,train/policy_loss_mean,-1.2264110947608948
310000,train/policy_loss_std,0.03400286211711032
310000,train/reward_loss_mean,0.24833520908355713
310000,train/reward_loss_std,0.008822343545985198
310000,train/total_loss_mean,0.054708918941020965
310000,train/total_loss_std,0.0011276950833106606
310000,train/value_loss_mean,0.2886114410877228
310000,train/value_loss_std,0.0036895872077190982
310000,train/value_scale_mean,61.723457943725585
310000,train/value_scale_std,1.5480785142643092
310000,timing/collect_chunk_s,68.58947428734973
310000,timing/train_chunk_s,25.15841794759035
310000,dense_rhs/training_bucket_horizon,4.0
310000,system/heartbeat,1.0
311992,episode/return,922.0
311992,episode/length,500.0
311993,episode/return,987.0
311993,episode/length,500.0
311994,episode/return,603.0
311994,episode/length,500.0
311995,episode/return,951.0
311995,episode/length,500.0
311996,episode/return,957.0
311996,episode/length,500.0
311997,episode/return,985.0
311997,episode/length,500.0
311998,episode/return,988.0
311998,episode/length,500.0
311999,episode/return,984.0
311999,episode/length,500.0
315992,episode/return,667.0
315992,episode/length,500.0
315993,episode/return,947.0
315993,episode/length,500.0
315994,episode/return,974.0
315994,episode/length,500.0
315995,episode/return,975.0
315995,episode/length,500.0
315996,episode/return,847.0
315996,episode/length,500.0
315997,episode/return,986.0
315997,episode/length,500.0
315998,episode/return,952.0
315998,episode/length,500.0
315999,episode/return,936.0
315999,episode/length,500.0
319992,episode/return,960.0
319992,episode/length,500.0
319993,episode/return,974.0
319993,episode/length,500.0
319994,episode/return,928.0
319994,episode/length,500.0
319995,episode/return,864.0
319995,episode/length,500.0
319996,episode/return,985.0
319996,episode/length,500.0
319997,episode/return,963.0
319997,episode/length,500.0
319998,episode/return,933.0
319998,episode/length,500.0
319999,episode/return,691.0
319999,episode/length,500.0
320000,train/consistency_loss_mean,5.1162045472301545e-05
320000,train/consistency_loss_std,1.1060385843716677e-05
320000,train/continue_loss_mean,0.0
320000,train/continue_loss_std,0.0
320000,train/grad_norm_mean,0.28498252233862875
320000,train/grad_norm_std,0.2799683673698363
320000,train/policy_log_std_mean,-0.893193083190918
320000,train/policy_log_std_std,0.4676038834694411
320000,train/policy_loss_mean,-1.2802232787132264
320000,train/policy_loss_std,0.04224850678980121
320000,train/reward_loss_mean,0.24980839396715165
320000,train/reward_loss_std,0.008808811667914083
320000,train/total_loss_mean,0.05481138101816178
320000,train/total_loss_std,0.001133014979002695
320000,train/value_loss_mean,0.28807299633026123
320000,train/value_loss_std,0.00394668014544206
320000,train/value_scale_mean,59.45601156005859
320000,train/value_scale_std,1.921005574446448
320000,timing/collect_chunk_s,66.87555359909311
320000,timing/train_chunk_s,25.0975832734257
320000,dense_rhs/training_bucket_horizon,4.0
320000,system/heartbeat,1.0
320000,dense_rhs/selected_horizon,3.0
320000,dense_rhs/proposed_horizon,3.0
320000,dense_rhs/phase_id,0.0
320000,dense_rhs/num_active_horizons,7.0
320000,dense_rhs/num_candidate_horizons,3.0
320000,dense_rhs/entropy,1.8099944591522217
320000,dense_rhs/norm_entropy,0.9301530718803406
320000,dense_rhs/best_fitness,0.7372515797615051
320000,dense_rhs/deployment_score_best,0.25676122307777405
320000,dense_rhs/incumbent_deployment_score,0.016812855377793312
320000,dense_rhs/proposed_deployment_score,0.25676122307777405
320000,dense_rhs/proposed_transition_cost,0.04284210503101349
320000,dense_rhs/proposed_switch_probability,0.833523690700531
320000,dense_rhs/proposed_expected_net_benefit,0.197106271982193
320000,dense_rhs/transition_cost_best,0.04284210503101349
320000,dense_rhs/transition_adjusted_score_best,0.21391911804676056
320000,dense_rhs/switch_probability_best,0.833523690700531
320000,dense_rhs/expected_improvement_best,0.21512076258659363
320000,dense_rhs/expected_loss_best,0.01801449805498123
320000,dense_rhs/expected_net_benefit_best,0.197106271982193
320000,dense_rhs/return_term_best,1.0
320000,dense_rhs/roughness_term_best,0.9817829728126526
320000,dense_rhs/return_std_term_best,0.3009163737297058
320000,dense_rhs/learner_proxy_term_best,0.8690967559814453
320000,dense_rhs/model_prefix_loss_best,0.3587185740470886
320000,dense_rhs/model_probe_prefix_best,0.17301487922668457
320000,dense_rhs/planner_return_best,203.39637756347656
320000,dense_rhs/roughness_best,0.08245737850666046
320000,dense_rhs/robust_return_best,420.67437744140625
320000,timing/query_model_diag_s,13.94356751581654
320000,timing/query_env_eval_s,26.592351322993636
320000,timing/query_finalize_s,0.004834800027310848
320000,timing/query_total_s,40.547104568686336
320000,dense_rhs/candidate_4_fitness,0.42677947878837585
320000,dense_rhs/candidate_4_deployment_score,0.016812855377793312
320000,dense_rhs/candidate_4_transition_cost,0.0
320000,dense_rhs/candidate_4_transition_adjusted_score,0.016812855377793312
320000,dense_rhs/candidate_4_switch_probability,0.5
320000,dense_rhs/candidate_4_expected_net_benefit,0.0
320000,dense_rhs/candidate_4_return,391.44976806640625
320000,dense_rhs/candidate_4_return_term,0.8657062649726868
320000,dense_rhs/candidate_4_roughness_term,0.9409934282302856
320000,dense_rhs/candidate_4_return_std_term,0.04072338342666626
320000,dense_rhs/candidate_4_learner_proxy_term,0.7811398506164551
320000,dense_rhs/candidate_5_fitness,0.03162277489900589
320000,dense_rhs/candidate_5_deployment_score,3.6241263501324283e-07
320000,dense_rhs/candidate_5_transition_cost,0.057341739535331726
320000,dense_rhs/candidate_5_transition_adjusted_score,-0.057341378182172775
320000,dense_rhs/candidate_5_switch_probability,0.47083210945129395
320000,dense_rhs/candidate_5_expected_net_benefit,-0.07415422797203064
320000,dense_rhs/candidate_5_return,397.27728271484375
320000,dense_rhs/candidate_5_return_term,0.8924850225448608
320000,dense_rhs/candidate_5_roughness_term,0.8597525954246521
320000,dense_rhs/candidate_5_return_std_term,0.0
320000,dense_rhs/candidate_5_learner_proxy_term,0.6643946170806885
320000,dense_rhs/candidate_3_fitness,0.7372515797615051
320000,dense_rhs/candidate_3_deployment_score,0.25676122307777405
320000,dense_rhs/candidate_3_transition_cost,0.04284210503101349
320000,dense_rhs/candidate_3_transition_adjusted_score,0.21391911804676056
320000,dense_rhs/candidate_3_switch_probability,0.833523690700531
320000,dense_rhs/candidate_3_expected_net_benefit,0.197106271982193
320000,dense_rhs/candidate_3_return,420.67437744140625
320000,dense_rhs/candidate_3_return_term,1.0
320000,dense_rhs/candidate_3_roughness_term,0.9817829728126526
320000,dense_rhs/candidate_3_return_std_term,0.3009163737297058
320000,dense_rhs/candidate_3_learner_proxy_term,0.8690967559814453
320000,dense_rhs/deployment_utility_enabled,1.0
320000,dense_rhs/deployment_utility_observations,5.0
320000,dense_rhs/deployment_utility_last_observed_gain,-260.45001220703125
320000,dense_rhs/candidate_3_expected_eval_gain,24.525009155273438
320000,dense_rhs/candidate_3_eval_gain_uncertainty,58.13061610632072
320000,dense_rhs/candidate_3_deployment_utility_score,49.05766318185362
320000,dense_rhs/candidate_4_expected_eval_gain,-260.45001220703125
320000,dense_rhs/candidate_4_eval_gain_uncertainty,106.06601717798212
320000,dense_rhs/candidate_4_deployment_utility_score,-233.2787160209053
320000,dense_rhs/candidate_5_expected_eval_gain,0.0
320000,dense_rhs/candidate_5_eval_gain_uncertainty,150.0
320000,dense_rhs/candidate_5_deployment_utility_score,37.5
320000,dense_rhs/deployment_utility_override,0.0
320000,dense_rhs/deployment_utility_selected_expected_gain,24.525009155273438
320000,dense_rhs/deployment_utility_selected_uncertainty,58.13061610632072
320000,dense_rhs/deployment_utility_selected_score,49.05766318185362
320000,dense_rhs/deployment_utility_proposed_horizon,3.0
320000,dense_rhs/deployment_utility_proposed_expected_gain,24.525009155273438
320000,dense_rhs/deployment_utility_proposed_uncertainty,58.13061610632072
320000,dense_rhs/deployment_utility_proposed_score,49.05766318185362
320000,dense_rhs/previous_horizon,4.0
320000,dense_rhs/training_bucket_horizon,3.0
320000,dense_rhs/best_h,3.0
320000,dense_rhs/prob_best_h,0.12109375
320000,dense_rhs/gauss_mean_best_h,0.4010445475578308
320000,dense_rhs/gauss_post_std_best_h,0.11791668087244034
320000,system/heartbeat,1.0
323992,episode/return,983.0
323992,episode/length,500.0
323993,episode/return,965.0
323993,episode/length,500.0
323994,episode/return,923.0
323994,episode/length,500.0
323995,episode/return,933.0
323995,episode/length,500.0
323996,episode/return,1000.0
323996,episode/length,500.0
323997,episode/return,432.0
323997,episode/length,500.0
323998,episode/return,982.0
323998,episode/length,500.0
323999,episode/return,967.0
323999,episode/length,500.0
327992,episode/return,982.0
327992,episode/length,500.0
327993,episode/return,806.0
327993,episode/length,500.0
327994,episode/return,979.0
327994,episode/length,500.0
327995,episode/return,977.0
327995,episode/length,500.0
327996,episode/return,995.0
327996,episode/length,500.0
327997,episode/return,938.0
327997,episode/length,500.0
327998,episode/return,957.0
327998,episode/length,500.0
327999,episode/return,799.0
327999,episode/length,500.0
330000,train/consistency_loss_mean,6.224287855729926e-05
330000,train/consistency_loss_std,1.3688966435092772e-05
330000,train/continue_loss_mean,0.0
330000,train/continue_loss_std,0.0
330000,train/grad_norm_mean,0.3403346598982811
330000,train/grad_norm_std,0.34695093870137567
330000,train/policy_log_std_mean,-0.8959407924175262
330000,train/policy_log_std_std,0.48370711203902916
330000,train/policy_loss_mean,-1.6203923651695251
330000,train/policy_loss_std,0.030879624970597454
330000,train/reward_loss_mean,0.312287137055397
330000,train/reward_loss_std,0.010968844768516848
330000,train/total_loss_mean,0.06830652436614036
330000,train/total_loss_std,0.001377148482692423
330000,train/value_loss_mean,0.3583295127630234
330000,train/value_loss_std,0.004560883141163852
330000,train/value_scale_mean,56.88285958251953
330000,train/value_scale_std,0.9971323984575454
330000,timing/collect_chunk_s,73.75627186754718
330000,timing/train_chunk_s,20.5602268576622
330000,dense_rhs/training_bucket_horizon,3.0
330000,system/heartbeat,1.0
331992,episode/return,637.0
331992,episode/length,500.0
331993,episode/return,977.0
331993,episode/length,500.0
331994,episode/return,967.0
331994,episode/length,500.0
331995,episode/return,919.0
331995,episode/length,500.0
331996,episode/return,953.0
331996,episode/length,500.0
331997,episode/return,979.0
331997,episode/length,500.0
331998,episode/return,960.0
331998,episode/length,500.0
331999,episode/return,748.0
331999,episode/length,500.0
335992,episode/return,965.0
335992,episode/length,500.0
335993,episode/return,963.0
335993,episode/length,500.0
335994,episode/return,980.0
335994,episode/length,500.0
335995,episode/return,979.0
335995,episode/length,500.0
335996,episode/return,913.0
335996,episode/length,500.0
335997,episode/return,986.0
335997,episode/length,500.0
335998,episode/return,989.0
335998,episode/length,500.0
335999,episode/return,790.0
335999,episode/length,500.0
339992,episode/return,935.0
339992,episode/length,500.0
339993,episode/return,946.0
339993,episode/length,500.0
339994,episode/return,938.0
339994,episode/length,500.0
339995,episode/return,934.0
339995,episode/length,500.0
339996,episode/return,959.0
339996,episode/length,500.0
339997,episode/return,896.0
339997,episode/length,500.0
339998,episode/return,989.0
339998,episode/length,500.0
339999,episode/return,982.0
339999,episode/length,500.0
340000,train/consistency_loss_mean,6.196796816075221e-05
340000,train/consistency_loss_std,1.360732591251817e-05
340000,train/continue_loss_mean,0.0
340000,train/continue_loss_std,0.0
340000,train/grad_norm_mean,0.32659436571002004
340000,train/grad_norm_std,0.3386284237499755
340000,train/policy_log_std_mean,-0.8926539906978607
340000,train/policy_log_std_std,0.4819236273064198
340000,train/policy_loss_mean,-1.6774628581047057
340000,train/policy_loss_std,0.038861677615794205
340000,train/reward_loss_mean,0.31413634619712827
340000,train/reward_loss_std,0.010860994182503709
340000,train/total_loss_mean,0.06875422110557557
340000,train/total_loss_std,0.0013873533181688333
340000,train/value_loss_mean,0.3610122458934784
340000,train/value_loss_std,0.004989972813128523
340000,train/value_scale_mean,54.96784142456055
340000,train/value_scale_std,1.2462414365264753
340000,timing/collect_chunk_s,65.82587123522535
340000,timing/train_chunk_s,20.492473121266812
340000,dense_rhs/training_bucket_horizon,3.0
340000,system/heartbeat,1.0
343992,episode/return,967.0
343992,episode/length,500.0
343993,episode/return,960.0
343993,episode/length,500.0
343994,episode/return,972.0
343994,episode/length,500.0
343995,episode/return,977.0
343995,episode/length,500.0
343996,episode/return,973.0
343996,episode/length,500.0
343997,episode/return,986.0
343997,episode/length,500.0
343998,episode/return,984.0
343998,episode/length,500.0
343999,episode/return,977.0
343999,episode/length,500.0
347992,episode/return,981.0
347992,episode/length,500.0
347993,episode/return,975.0
347993,episode/length,500.0
347994,episode/return,978.0
347994,episode/length,500.0
347995,episode/return,974.0
347995,episode/length,500.0
347996,episode/return,957.0
347996,episode/length,500.0
347997,episode/return,983.0
347997,episode/length,500.0
347998,episode/return,963.0
347998,episode/length,500.0
347999,episode/return,986.0
347999,episode/length,500.0
350000,train/consistency_loss_mean,6.070747362682596e-05
350000,train/consistency_loss_std,1.3380904298366865e-05
350000,train/continue_loss_mean,0.0
350000,train/continue_loss_std,0.0
350000,train/grad_norm_mean,0.30198955072164535
350000,train/grad_norm_std,0.32956692253814857
350000,train/policy_log_std_mean,-0.8941554818153381
350000,train/policy_log_std_std,0.4691130644330182
350000,train/policy_loss_mean,-1.6862073942184448
350000,train/policy_loss_std,0.028900421100406696
350000,train/reward_loss_mean,0.316049977183342
350000,train/reward_loss_std,0.01064158884584906
350000,train/total_loss_mean,0.06822344349622726
350000,train/total_loss_std,0.0014241833489134145
350000,train/value_loss_mean,0.3540429512500763
350000,train/value_loss_std,0.0073510498696189325
350000,train/value_scale_mean,54.957461196899416
350000,train/value_scale_std,0.9588623438324513
350000,timing/collect_chunk_s,65.58269330952317
350000,timing/train_chunk_s,20.502875719685107
350000,dense_rhs/training_bucket_horizon,3.0
350000,system/heartbeat,1.0
350000,timing/checkpoint_blocking_s,0.44704021606594324
350000,eval/return_mean,877.4000244140625
350000,eval/return_std,281.85748291015625
350000,eval/return_max,1000.0
350000,eval/return_min,25.0
350000,dense_rhs/deployment_utility_last_observed_gain,463.95001220703125
350000,dense_rhs/deployment_utility_observations,6.0
350000,timing/eval_s,11.027598116081208
350000,eval/selected_horizon,3.0
350000,eval/training_bucket_horizon,3.0
350000,system/heartbeat,1.0
351992,episode/return,975.0
351992,episode/length,500.0
351993,episode/return,958.0
351993,episode/length,500.0
351994,episode/return,987.0
351994,episode/length,500.0
351995,episode/return,989.0
351995,episode/length,500.0
351996,episode/return,978.0
351996,episode/length,500.0
351997,episode/return,981.0
351997,episode/length,500.0
351998,episode/return,948.0
351998,episode/length,500.0
351999,episode/return,909.0
351999,episode/length,500.0
355992,episode/return,926.0
355992,episode/length,500.0
355993,episode/return,971.0
355993,episode/length,500.0
355994,episode/return,952.0
355994,episode/length,500.0
355995,episode/return,989.0
355995,episode/length,500.0
355996,episode/return,969.0
355996,episode/length,500.0
355997,episode/return,968.0
355997,episode/length,500.0
355998,episode/return,989.0
355998,episode/length,500.0
355999,episode/return,977.0
355999,episode/length,500.0
359992,episode/return,955.0
359992,episode/length,500.0
359993,episode/return,977.0
359993,episode/length,500.0
359994,episode/return,992.0
359994,episode/length,500.0
359995,episode/return,975.0
359995,episode/length,500.0
359996,episode/return,983.0
359996,episode/length,500.0
359997,episode/return,984.0
359997,episode/length,500.0
359998,episode/return,992.0
359998,episode/length,500.0
359999,episode/return,960.0
359999,episode/length,500.0
360000,train/consistency_loss_mean,6.0235699609620495e-05
360000,train/consistency_loss_std,1.3947907464553904e-05
360000,train/continue_loss_mean,0.0
360000,train/continue_loss_std,0.0
360000,train/grad_norm_mean,0.28092887155413626
360000,train/grad_norm_std,0.30343641936833343
360000,train/policy_log_std_mean,-0.9112899813652039
360000,train/policy_log_std_std,0.49388035122668356
360000,train/policy_loss_mean,-1.7774472259521485
360000,train/policy_loss_std,0.04302441183051103
360000,train/reward_loss_mean,0.3182021094560623
360000,train/reward_loss_std,0.010479940646056821
360000,train/total_loss_mean,0.06814190192818642
360000,train/total_loss_std,0.0012836536456383239
360000,train/value_loss_mean,0.3511697560071945
360000,train/value_loss_std,0.0050083288135206105
360000,train/value_scale_mean,52.54717803039551
360000,train/value_scale_std,1.243143141413901
360000,timing/collect_chunk_s,72.52556360187009
360000,timing/train_chunk_s,20.541824977379292
360000,dense_rhs/training_bucket_horizon,3.0
360000,system/heartbeat,1.0
363992,episode/return,948.0
363992,episode/length,500.0
363993,episode/return,988.0
363993,episode/length,500.0
363994,episode/return,879.0
363994,episode/length,500.0
363995,episode/return,586.0
363995,episode/length,500.0
363996,episode/return,934.0
363996,episode/length,500.0
363997,episode/return,977.0
363997,episode/length,500.0
363998,episode/return,981.0
363998,episode/length,500.0
363999,episode/return,982.0
363999,episode/length,500.0
367992,episode/return,635.0
367992,episode/length,500.0
367993,episode/return,972.0
367993,episode/length,500.0
367994,episode/return,982.0
367994,episode/length,500.0
367995,episode/return,950.0
367995,episode/length,500.0
367996,episode/return,987.0
367996,episode/length,500.0
367997,episode/return,933.0
367997,episode/length,500.0
367998,episode/return,938.0
367998,episode/length,500.0
367999,episode/return,952.0
367999,episode/length,500.0
370000,train/consistency_loss_mean,6.028799779014662e-05
370000,train/consistency_loss_std,1.3655845511506011e-05
370000,train/continue_loss_mean,0.0
370000,train/continue_loss_std,0.0
370000,train/grad_norm_mean,0.3075981373608112
370000,train/grad_norm_std,0.362832113252459
370000,train/policy_log_std_mean,-0.9085998769760132
370000,train/policy_log_std_std,0.4965287225832395
370000,train/policy_loss_mean,-1.8596376289367675
370000,train/policy_loss_std,0.022278618496666854
370000,train/reward_loss_mean,0.32035571844577787
370000,train/reward_loss_std,0.010592933557761815
370000,train/total_loss_mean,0.06890892724990845
370000,train/total_loss_std,0.0012772659487231834
370000,train/value_loss_mean,0.3566759434223175
370000,train/value_loss_std,0.0043282977777374535
370000,train/value_scale_mean,50.19337142028809
370000,train/value_scale_std,0.5743102488046637
370000,timing/collect_chunk_s,66.79073610017076
370000,timing/train_chunk_s,20.551638045348227
370000,dense_rhs/training_bucket_horizon,3.0
370000,system/heartbeat,1.0
370000,dense_rhs/selected_horizon,3.0
370000,dense_rhs/proposed_horizon,3.0
370000,dense_rhs/phase_id,0.0
370000,dense_rhs/num_active_horizons,7.0
370000,dense_rhs/num_candidate_horizons,3.0
370000,dense_rhs/entropy,1.7549681663513184
370000,dense_rhs/norm_entropy,0.9018751978874207
370000,dense_rhs/best_fitness,0.7406830191612244
370000,dense_rhs/deployment_score_best,0.24551072716712952
370000,dense_rhs/incumbent_deployment_score,0.24551072716712952
370000,dense_rhs/proposed_deployment_score,0.24551072716712952
370000,dense_rhs/proposed_transition_cost,0.0
370000,dense_rhs/proposed_switch_probability,0.5
370000,dense_rhs/proposed_expected_net_benefit,0.0
370000,dense_rhs/transition_cost_best,0.0
370000,dense_rhs/transition_adjusted_score_best,0.24551072716712952
370000,dense_rhs/switch_probability_best,0.5
370000,dense_rhs/expected_improvement_best,0.0665273666381836
370000,dense_rhs/expected_loss_best,0.0665273666381836
370000,dense_rhs/expected_net_benefit_best,0.0
370000,dense_rhs/return_term_best,1.0
370000,dense_rhs/roughness_term_best,0.8656386733055115
370000,dense_rhs/return_std_term_best,0.3476893901824951
370000,dense_rhs/learner_proxy_term_best,0.8157224059104919
370000,dense_rhs/model_prefix_loss_best,0.36668914556503296
370000,dense_rhs/model_probe_prefix_best,0.1819094568490982
370000,dense_rhs/planner_return_best,213.13290405273438
370000,dense_rhs/roughness_best,0.21491362154483795
370000,dense_rhs/robust_return_best,275.45623779296875
370000,timing/query_model_diag_s,0.006495540961623192
370000,timing/query_env_eval_s,7.639035067986697
370000,timing/query_finalize_s,0.0019204970449209213
370000,timing/query_total_s,7.652636982034892
370000,dense_rhs/candidate_3_fitness,0.7406830191612244
370000,dense_rhs/candidate_3_deployment_score,0.24551072716712952
370000,dense_rhs/candidate_3_transition_cost,0.0
370000,dense_rhs/candidate_3_transition_adjusted_score,0.24551072716712952
370000,dense_rhs/candidate_3_switch_probability,0.5
370000,dense_rhs/candidate_3_expected_net_benefit,0.0
370000,dense_rhs/candidate_3_return,275.45623779296875
370000,dense_rhs/candidate_3_return_term,1.0
370000,dense_rhs/candidate_3_roughness_term,0.8656386733055115
370000,dense_rhs/candidate_3_return_std_term,0.3476893901824951
370000,dense_rhs/candidate_3_learner_proxy_term,0.8157224059104919
370000,dense_rhs/candidate_4_fitness,0.5820232033729553
370000,dense_rhs/candidate_4_deployment_score,0.017758682370185852
370000,dense_rhs/candidate_4_transition_cost,0.04390842467546463
370000,dense_rhs/candidate_4_transition_adjusted_score,-0.026149742305278778
370000,dense_rhs/candidate_4_switch_probability,0.06610479950904846
370000,dense_rhs/candidate_4_expected_net_benefit,-0.2716605067253113
370000,dense_rhs/candidate_4_return,202.91661071777344
370000,dense_rhs/candidate_4_return_term,0.6742979884147644
370000,dense_rhs/candidate_4_roughness_term,0.8011045455932617
370000,dense_rhs/candidate_4_return_std_term,0.21243029832839966
370000,dense_rhs/candidate_4_learner_proxy_term,0.5047746896743774
370000,dense_rhs/candidate_2_fitness,0.03162277489900589
370000,dense_rhs/candidate_2_deployment_score,1.0000000031710769e-30
370000,dense_rhs/candidate_2_transition_cost,0.0713520497083664
370000,dense_rhs/candidate_2_transition_adjusted_score,-0.0713520497083664
370000,dense_rhs/candidate_2_switch_probability,0.028317570686340332
370000,dense_rhs/candidate_2_expected_net_benefit,-0.3168627619743347
370000,dense_rhs/candidate_2_return,52.73844909667969
370000,dense_rhs/candidate_2_return_term,0.0
370000,dense_rhs/candidate_2_roughness_term,1.0
370000,dense_rhs/candidate_2_return_std_term,0.0
370000,dense_rhs/candidate_2_learner_proxy_term,1.0
370000,dense_rhs/deployment_utility_enabled,1.0
370000,dense_rhs/deployment_utility_observations,6.0
370000,dense_rhs/deployment_utility_last_observed_gain,463.95001220703125
370000,dense_rhs/candidate_2_expected_eval_gain,0.0
370000,dense_rhs/candidate_2_eval_gain_uncertainty,150.0
370000,dense_rhs/candidate_2_deployment_utility_score,37.5
370000,dense_rhs/candidate_3_expected_eval_gain,112.410009765625
370000,dense_rhs/candidate_3_eval_gain_uncertainty,86.03465139574841
370000,dense_rhs/candidate_3_deployment_utility_score,143.9186726145621
370000,dense_rhs/candidate_4_expected_eval_gain,-260.45001220703125
370000,dense_rhs/candidate_4_eval_gain_uncertainty,106.06601717798212
370000,dense_rhs/candidate_4_deployment_utility_score,-233.21017160152815
370000,dense_rhs/deployment_utility_override,0.0
370000,dense_rhs/deployment_utility_selected_expected_gain,112.410009765625
370000,dense_rhs/deployment_utility_selected_uncertainty,86.03465139574841
370000,dense_rhs/deployment_utility_selected_score,143.9186726145621
370000,dense_rhs/deployment_utility_proposed_horizon,3.0
370000,dense_rhs/deployment_utility_proposed_expected_gain,112.410009765625
370000,dense_rhs/deployment_utility_proposed_uncertainty,86.03465139574841
370000,dense_rhs/deployment_utility_proposed_score,143.9186726145621
370000,dense_rhs/previous_horizon,3.0
370000,dense_rhs/training_bucket_horizon,3.0
370000,dense_rhs/best_h,3.0
370000,dense_rhs/prob_best_h,0.1171875
370000,dense_rhs/gauss_mean_best_h,0.4495643377304077
370000,dense_rhs/gauss_post_std_best_h,0.11060421913862228
370000,system/heartbeat,1.0
371992,episode/return,942.0
371992,episode/length,500.0
371993,episode/return,989.0
371993,episode/length,500.0
371994,episode/return,969.0
371994,episode/length,500.0
371995,episode/return,982.0
371995,episode/length,500.0
371996,episode/return,991.0
371996,episode/length,500.0
371997,episode/return,958.0
371997,episode/length,500.0
371998,episode/return,894.0
371998,episode/length,500.0
371999,episode/return,929.0
371999,episode/length,500.0
375992,episode/return,345.0
375992,episode/length,500.0
375993,episode/return,968.0
375993,episode/length,500.0
375994,episode/return,966.0
375994,episode/length,500.0
375995,episode/return,972.0
375995,episode/length,500.0
375996,episode/return,971.0
375996,episode/length,500.0
375997,episode/return,981.0
375997,episode/length,500.0
375998,episode/return,929.0
375998,episode/length,500.0
375999,episode/return,989.0
375999,episode/length,500.0
379992,episode/return,686.0
379992,episode/length,500.0
379993,episode/return,974.0
379993,episode/length,500.0
379994,episode/return,978.0
379994,episode/length,500.0
379995,episode/return,944.0
379995,episode/length,500.0
379996,episode/return,978.0
379996,episode/length,500.0
379997,episode/return,947.0
379997,episode/length,500.0
379998,episode/return,993.0
379998,episode/length,500.0
379999,episode/return,682.0
379999,episode/length,500.0
380000,train/consistency_loss_mean,6.000133191118948e-05
380000,train/consistency_loss_std,1.3851144691129415e-05
380000,train/continue_loss_mean,0.0
380000,train/continue_loss_std,0.0
380000,train/grad_norm_mean,0.32270897592306136
380000,train/grad_norm_std,0.3704738618070287
380000,train/policy_log_std_mean,-0.8612060638904572
380000,train/policy_log_std_std,0.5012009922563132
380000,train/policy_loss_mean,-1.8956973704338074
380000,train/policy_loss_std,0.032159128217527644
380000,train/reward_loss_mean,0.32146505925655366
380000,train/reward_loss_std,0.010408731109354946
380000,train/total_loss_mean,0.06923220776319504
380000,train/total_loss_std,0.0012918085647986998
380000,train/value_loss_mean,0.3588567287683487
380000,train/value_loss_std,0.004746710135097133
380000,train/value_scale_mean,49.19115965270996
380000,train/value_scale_std,0.8578150103092872
380000,timing/collect_chunk_s,66.96012557623908
380000,timing/train_chunk_s,20.52580699371174
380000,dense_rhs/training_bucket_horizon,3.0
380000,system/heartbeat,1.0
383992,episode/return,597.0
383992,episode/length,500.0
383993,episode/return,978.0
383993,episode/length,500.0
383994,episode/return,962.0
383994,episode/length,500.0
383995,episode/return,969.0
383995,episode/length,500.0
383996,episode/return,592.0
383996,episode/length,500.0
383997,episode/return,932.0
383997,episode/length,500.0
383998,episode/return,975.0
383998,episode/length,500.0
383999,episode/return,987.0
383999,episode/length,500.0
387992,episode/return,976.0
387992,episode/length,500.0
387993,episode/return,976.0
387993,episode/length,500.0
387994,episode/return,943.0
387994,episode/length,500.0
387995,episode/return,957.0
387995,episode/length,500.0
387996,episode/return,541.0
387996,episode/length,500.0
387997,episode/return,938.0
387997,episode/length,500.0
387998,episode/return,972.0
387998,episode/length,500.0
387999,episode/return,943.0
387999,episode/length,500.0
390000,train/consistency_loss_mean,6.022702294867486e-05
390000,train/consistency_loss_std,1.3768222524849214e-05
390000,train/continue_loss_mean,0.0
390000,train/continue_loss_std,0.0
390000,train/grad_norm_mean,0.35334113253355026
390000,train/grad_norm_std,0.4139731113755688
390000,train/policy_log_std_mean,-0.8958090123653412
390000,train/policy_log_std_std,0.49696265286544355
390000,train/policy_loss_mean,-1.8791601000785827
390000,train/policy_loss_std,0.04755713154137729
390000,train/reward_loss_mean,0.32279188730716707
390000,train/reward_loss_std,0.010580019076657433
390000,train/total_loss_mean,0.06931698786616325
390000,train/total_loss_std,0.0013494996817890318
390000,train/value_loss_mean,0.3583325705051422
390000,train/value_loss_std,0.005536616378528037
390000,train/value_scale_mean,49.631553060913085
390000,train/value_scale_std,1.29045683682437
390000,timing/collect_chunk_s,65.74741450184956
390000,timing/train_chunk_s,20.518253921996802
390000,dense_rhs/training_bucket_horizon,3.0
390000,system/heartbeat,1.0
391992,episode/return,969.0
391992,episode/length,500.0
391993,episode/return,975.0
391993,episode/length,500.0
391994,episode/return,813.0
391994,episode/length,500.0
391995,episode/return,978.0
391995,episode/length,500.0
391996,episode/return,906.0
391996,episode/length,500.0
391997,episode/return,890.0
391997,episode/length,500.0
391998,episode/return,984.0
391998,episode/length,500.0
391999,episode/return,973.0
391999,episode/length,500.0
395992,episode/return,968.0
395992,episode/length,500.0
395993,episode/return,986.0
395993,episode/length,500.0
395994,episode/return,986.0
395994,episode/length,500.0
395995,episode/return,950.0
395995,episode/length,500.0
395996,episode/return,893.0
395996,episode/length,500.0
395997,episode/return,986.0
395997,episode/length,500.0
395998,episode/return,942.0
395998,episode/length,500.0
395999,episode/return,984.0
395999,episode/length,500.0
399992,episode/return,960.0
399992,episode/length,500.0
399993,episode/return,964.0
399993,episode/length,500.0
399994,episode/return,980.0
399994,episode/length,500.0
399995,episode/return,987.0
399995,episode/length,500.0
399996,episode/return,947.0
399996,episode/length,500.0
399997,episode/return,967.0
399997,episode/length,500.0
399998,episode/return,990.0
399998,episode/length,500.0
399999,episode/return,987.0
399999,episode/length,500.0
400000,train/consistency_loss_mean,6.103133292344864e-05
400000,train/consistency_loss_std,1.3709740179826793e-05
400000,train/continue_loss_mean,0.0
400000,train/continue_loss_std,0.0
400000,train/grad_norm_mean,0.3194895264029503
400000,train/grad_norm_std,0.37783254704817
400000,train/policy_log_std_mean,-0.8925551380634308
400000,train/policy_log_std_std,0.4875768175480021
400000,train/policy_loss_mean,-1.9732594624519348
400000,train/policy_loss_std,0.03269917818813708
400000,train/reward_loss_mean,0.3241832889318466
400000,train/reward_loss_std,0.010312474893013455
400000,train/total_loss_mean,0.06997585364580154
400000,train/total_loss_std,0.0012478273907168475
400000,train/value_loss_mean,0.36336896653175355
400000,train/value_loss_std,0.003831003287739464
400000,train/value_scale_mean,47.28540844116211
400000,train/value_scale_std,0.7246864338975388
400000,timing/collect_chunk_s,73.35880903992802
400000,timing/train_chunk_s,20.53608738910407
400000,dense_rhs/training_bucket_horizon,3.0
400000,system/heartbeat,1.0
400000,timing/checkpoint_blocking_s,0.4652197430841625
400000,eval/return_mean,869.5
400000,eval/return_std,290.2916564941406
400000,eval/return_max,994.0
400000,eval/return_min,0.0
400000,dense_rhs/deployment_utility_last_observed_gain,-7.9000244140625
400000,dense_rhs/deployment_utility_observations,7.0
400000,timing/eval_s,11.395765647757798
400000,eval/selected_horizon,3.0
400000,eval/training_bucket_horizon,3.0
400000,system/heartbeat,1.0
403992,episode/return,966.0
403992,episode/length,500.0
403993,episode/return,995.0
403993,episode/length,500.0
403994,episode/return,990.0
403994,episode/length,500.0
403995,episode/return,953.0
403995,episode/length,500.0
403996,episode/return,990.0
403996,episode/length,500.0
403997,episode/return,993.0
403997,episode/length,500.0
403998,episode/return,983.0
403998,episode/length,500.0
403999,episode/return,970.0
403999,episode/length,500.0
407992,episode/return,935.0
407992,episode/length,500.0
407993,episode/return,945.0
407993,episode/length,500.0
407994,episode/return,989.0
407994,episode/length,500.0
407995,episode/return,931.0
407995,episode/length,500.0
407996,episode/return,988.0
407996,episode/length,500.0
407997,episode/return,887.0
407997,episode/length,500.0
407998,episode/return,952.0
407998,episode/length,500.0
407999,episode/return,962.0
407999,episode/length,500.0
410000,train/consistency_loss_mean,6.044219463365152e-05
410000,train/consistency_loss_std,1.3516335128252215e-05
410000,train/continue_loss_mean,0.0
410000,train/continue_loss_std,0.0
410000,train/grad_norm_mean,0.30386470280885697
410000,train/grad_norm_std,0.3676250654156663
410000,train/policy_log_std_mean,-0.900229655122757
410000,train/policy_log_std_std,0.4918825826257276
410000,train/policy_loss_mean,-2.0248711336135865
410000,train/policy_loss_std,0.0244217038192978
410000,train/reward_loss_mean,0.326156719493866
410000,train/reward_loss_std,0.010312834546996559
410000,train/total_loss_mean,0.07012013401985169
410000,train/total_loss_std,0.0012378496002075278
410000,train/value_loss_mean,0.36295616648197176
410000,train/value_loss_std,0.003763440642507324
410000,train/value_scale_mean,46.14670076293945
410000,train/value_scale_std,0.5013032862307482
410000,timing/collect_chunk_s,66.05893125524744
410000,timing/train_chunk_s,20.546414125245064
410000,dense_rhs/training_bucket_horizon,3.0
410000,system/heartbeat,1.0
411992,episode/return,939.0
411992,episode/length,500.0
411993,episode/return,985.0
411993,episode/length,500.0
411994,episode/return,952.0
411994,episode/length,500.0
411995,episode/return,955.0
411995,episode/length,500.0
411996,episode/return,295.0
411996,episode/length,500.0
411997,episode/return,995.0
411997,episode/length,500.0
411998,episode/return,983.0
411998,episode/length,500.0
411999,episode/return,949.0
411999,episode/length,500.0
415992,episode/return,976.0
415992,episode/length,500.0
415993,episode/return,965.0
415993,episode/length,500.0
415994,episode/return,933.0
415994,episode/length,500.0
415995,episode/return,959.0
415995,episode/length,500.0
415996,episode/return,933.0
415996,episode/length,500.0
415997,episode/return,984.0
415997,episode/length,500.0
415998,episode/return,948.0
415998,episode/length,500.0
415999,episode/return,947.0
415999,episode/length,500.0
419992,episode/return,900.0
419992,episode/length,500.0
419993,episode/return,958.0
419993,episode/length,500.0
419994,episode/return,977.0
419994,episode/length,500.0
419995,episode/return,956.0
419995,episode/length,500.0
419996,episode/return,971.0
419996,episode/length,500.0
419997,episode/return,950.0
419997,episode/length,500.0
419998,episode/return,885.0
419998,episode/length,500.0
419999,episode/return,933.0
419999,episode/length,500.0
420000,train/consistency_loss_mean,6.107764815096744e-05
420000,train/consistency_loss_std,1.366001265494572e-05
420000,train/continue_loss_mean,0.0
420000,train/continue_loss_std,0.0
420000,train/grad_norm_mean,0.3063782832145691
420000,train/grad_norm_std,0.34659221362007825
420000,train/policy_log_std_mean,-0.9143989957809449
420000,train/policy_log_std_std,0.5100965500918002
420000,train/policy_loss_mean,-2.083609380912781
420000,train/policy_loss_std,0.03676764825124986
420000,train/reward_loss_mean,0.3271217185497284
420000,train/reward_loss_std,0.0101958068527405
420000,train/total_loss_mean,0.07040608326792717
420000,train/total_loss_std,0.0012303662839301414
420000,train/value_loss_mean,0.3647235692024231
420000,train/value_loss_std,0.0037174224571922252
420000,train/value_scale_mean,44.81053311767578
420000,train/value_scale_std,0.7682167425852175
420000,timing/collect_chunk_s,67.20627249591053
420000,timing/train_chunk_s,20.536144461482763
420000,dense_rhs/training_bucket_horizon,3.0
420000,system/heartbeat,1.0
420000,dense_rhs/selected_horizon,3.0
420000,dense_rhs/proposed_horizon,2.0
420000,dense_rhs/phase_id,0.0
420000,dense_rhs/num_active_horizons,7.0
420000,dense_rhs/num_candidate_horizons,3.0
420000,dense_rhs/entropy,1.7869110107421875
420000,dense_rhs/norm_entropy,0.9182905554771423
420000,dense_rhs/best_fitness,0.34897011518478394
420000,dense_rhs/deployment_score_best,0.0004982551909051836
420000,dense_rhs/incumbent_deployment_score,0.0004982551909051836
420000,dense_rhs/proposed_deployment_score,0.07069851458072662
420000,dense_rhs/proposed_transition_cost,0.041608911007642746
420000,dense_rhs/proposed_switch_probability,0.5750561952590942
420000,dense_rhs/proposed_expected_net_benefit,0.028591342270374298
420000,dense_rhs/transition_cost_best,0.041608911007642746
420000,dense_rhs/transition_adjusted_score_best,0.029089603573083878
420000,dense_rhs/switch_probability_best,0.5750561952590942
420000,dense_rhs/expected_improvement_best,0.07563913613557816
420000,dense_rhs/expected_loss_best,0.04704779386520386
420000,dense_rhs/expected_net_benefit_best,0.028591342270374298
420000,dense_rhs/return_term_best,0.3301442861557007
420000,dense_rhs/roughness_term_best,0.8729180693626404
420000,dense_rhs/return_std_term_best,0.051457226276397705
420000,dense_rhs/learner_proxy_term_best,0.9337203502655029
420000,dense_rhs/model_prefix_loss_best,0.24672189354896545
420000,dense_rhs/model_probe_prefix_best,0.11934561282396317
420000,dense_rhs/planner_return_best,204.79685974121094
420000,dense_rhs/roughness_best,0.062454335391521454
420000,dense_rhs/robust_return_best,167.8065185546875
420000,timing/query_model_diag_s,0.0065500312484800816
420000,timing/query_env_eval_s,8.343400909099728
420000,timing/query_finalize_s,0.003194201737642288
420000,timing/query_total_s,8.359038481954485
420000,dense_rhs/candidate_3_fitness,0.34897011518478394
420000,dense_rhs/candidate_3_deployment_score,0.0004982551909051836
420000,dense_rhs/candidate_3_transition_cost,0.0
420000,dense_rhs/candidate_3_transition_adjusted_score,0.0004982551909051836
420000,dense_rhs/candidate_3_switch_probability,0.5
420000,dense_rhs/candidate_3_expected_net_benefit,0.0
420000,dense_rhs/candidate_3_return,167.8065185546875
420000,dense_rhs/candidate_3_return_term,0.3301442861557007
420000,dense_rhs/candidate_3_roughness_term,0.8729180693626404
420000,dense_rhs/candidate_3_return_std_term,0.051457226276397705
420000,dense_rhs/candidate_3_learner_proxy_term,0.9337203502655029
420000,dense_rhs/candidate_4_fitness,0.03162277489900589
420000,dense_rhs/candidate_4_deployment_score,1.1103231807711737e-31
420000,dense_rhs/candidate_4_transition_cost,0.08723152428865433
420000,dense_rhs/candidate_4_transition_adjusted_score,-0.08723152428865433
420000,dense_rhs/candidate_4_switch_probability,0.2948903739452362
420000,dense_rhs/candidate_4_expected_net_benefit,-0.08772978186607361
420000,dense_rhs/candidate_4_return,147.88807678222656
420000,dense_rhs/candidate_4_return_term,0.0
420000,dense_rhs/candidate_4_roughness_term,0.25460106134414673
420000,dense_rhs/candidate_4_return_std_term,0.0
420000,dense_rhs/candidate_4_learner_proxy_term,0.4361031651496887
420000,dense_rhs/candidate_2_fitness,0.5486703515052795
420000,dense_rhs/candidate_2_deployment_score,0.07069851458072662
420000,dense_rhs/candidate_2_transition_cost,0.041608911007642746
420000,dense_rhs/candidate_2_transition_adjusted_score,0.029089603573083878
420000,dense_rhs/candidate_2_switch_probability,0.5750561952590942
420000,dense_rhs/candidate_2_expected_net_benefit,0.028591342270374298
420000,dense_rhs/candidate_2_return,203.4283447265625
420000,dense_rhs/candidate_2_return_term,0.920569121837616
420000,dense_rhs/candidate_2_roughness_term,1.0
420000,dense_rhs/candidate_2_return_std_term,0.09844297170639038
420000,dense_rhs/candidate_2_learner_proxy_term,1.0
420000,dense_rhs/deployment_utility_enabled,1.0
420000,dense_rhs/deployment_utility_observations,7.0
420000,dense_rhs/deployment_utility_last_observed_gain,-7.9000244140625
420000,dense_rhs/candidate_2_expected_eval_gain,0.0
420000,dense_rhs/candidate_2_eval_gain_uncertainty,150.0
420000,dense_rhs/candidate_2_deployment_utility_score,47.5
420000,dense_rhs/candidate_3_expected_eval_gain,92.35833740234375
420000,dense_rhs/candidate_3_eval_gain_uncertainty,74.66128660898369
420000,dense_rhs/candidate_3_deployment_utility_score,111.094135102617
420000,dense_rhs/candidate_4_expected_eval_gain,-260.45001220703125
420000,dense_rhs/candidate_4_eval_gain_uncertainty,106.06601717798212
420000,dense_rhs/candidate_4_deployment_utility_score,-233.93350791253573
420000,dense_rhs/deployment_utility_override,1.0
420000,dense_rhs/deployment_utility_selected_expected_gain,92.35833740234375
420000,dense_rhs/deployment_utility_selected_uncertainty,74.66128660898369
420000,dense_rhs/deployment_utility_selected_score,111.094135102617
420000,dense_rhs/deployment_utility_proposed_horizon,3.0
420000,dense_rhs/deployment_utility_proposed_expected_gain,92.35833740234375
420000,dense_rhs/deployment_utility_proposed_uncertainty,74.66128660898369
420000,dense_rhs/deployment_utility_proposed_score,111.094135102617
420000,dense_rhs/previous_horizon,3.0
420000,dense_rhs/training_bucket_horizon,3.0
420000,dense_rhs/best_h,3.0
420000,dense_rhs/prob_best_h,0.12109375
420000,dense_rhs/gauss_mean_best_h,0.43699005246162415
420000,dense_rhs/gauss_post_std_best_h,0.09749084711074829
420000,system/heartbeat,1.0
423992,episode/return,765.0
423992,episode/length,500.0
423993,episode/return,997.0
423993,episode/length,500.0
423994,episode/return,988.0
423994,episode/length,500.0
423995,episode/return,985.0
423995,episode/length,500.0
423996,episode/return,980.0
423996,episode/length,500.0
423997,episode/return,988.0
423997,episode/length,500.0
423998,episode/return,958.0
423998,episode/length,500.0
423999,episode/return,985.0
423999,episode/length,500.0
427992,episode/return,933.0
427992,episode/length,500.0
427993,episode/return,986.0
427993,episode/length,500.0
427994,episode/return,972.0
427994,episode/length,500.0
427995,episode/return,980.0
427995,episode/length,500.0
427996,episode/return,978.0
427996,episode/length,500.0
427997,episode/return,988.0
427997,episode/length,500.0
427998,episode/return,982.0
427998,episode/length,500.0
427999,episode/return,963.0
427999,episode/length,500.0
430000,train/consistency_loss_mean,6.114205472404137e-05
430000,train/consistency_loss_std,1.3613019513700175e-05
430000,train/continue_loss_mean,0.0
430000,train/continue_loss_std,0.0
430000,train/grad_norm_mean,0.30757989169359207
430000,train/grad_norm_std,0.37065819594794536
430000,train/policy_log_std_mean,-0.9210357225418091
430000,train/policy_log_std_std,0.5083805787904413
430000,train/policy_loss_mean,-2.2233127529144285
430000,train/policy_loss_std,0.036555712090783114
430000,train/reward_loss_mean,0.3285087262868881
430000,train/reward_loss_std,0.010215131378055485
430000,train/total_loss_mean,0.0707486301600933
430000,train/total_loss_std,0.001239971593653783
430000,train/value_loss_mean,0.36674914355278015
430000,train/value_loss_std,0.003651887087859196
430000,train/value_scale_mean,42.02947615051269
430000,train/value_scale_std,0.6473710671948381
430000,timing/collect_chunk_s,74.93052147282287
430000,timing/train_chunk_s,20.556677029002458
430000,dense_rhs/training_bucket_horizon,3.0
430000,system/heartbeat,1.0
431992,episode/return,976.0
431992,episode/length,500.0
431993,episode/return,991.0
431993,episode/length,500.0
431994,episode/return,943.0
431994,episode/length,500.0
431995,episode/return,905.0
431995,episode/length,500.0
431996,episode/return,985.0
431996,episode/length,500.0
431997,episode/return,935.0
431997,episode/length,500.0
431998,episode/return,554.0
431998,episode/length,500.0
431999,episode/return,933.0
431999,episode/length,500.0
435992,episode/return,899.0
435992,episode/length,500.0
435993,episode/return,965.0
435993,episode/length,500.0
435994,episode/return,978.0
435994,episode/length,500.0
435995,episode/return,849.0
435995,episode/length,500.0
435996,episode/return,951.0
435996,episode/length,500.0
435997,episode/return,976.0
435997,episode/length,500.0
435998,episode/return,915.0
435998,episode/length,500.0
435999,episode/return,982.0
435999,episode/length,500.0
439992,episode/return,990.0
439992,episode/length,500.0
439993,episode/return,969.0
439993,episode/length,500.0
439994,episode/return,964.0
439994,episode/length,500.0
439995,episode/return,984.0
439995,episode/length,500.0
439996,episode/return,1000.0
439996,episode/length,500.0
439997,episode/return,971.0
439997,episode/length,500.0
439998,episode/return,980.0
439998,episode/length,500.0
439999,episode/return,838.0
439999,episode/length,500.0
440000,train/consistency_loss_mean,6.196446338144597e-05
440000,train/consistency_loss_std,1.4231545645197404e-05
440000,train/continue_loss_mean,0.0
440000,train/continue_loss_std,0.0
440000,train/grad_norm_mean,0.3123914651274681
440000,train/grad_norm_std,0.3849458733425754
440000,train/policy_log_std_mean,-0.9113642738819122
440000,train/policy_log_std_std,0.5105054327519943
440000,train/policy_loss_mean,-2.1952774297714233
440000,train/policy_loss_std,0.033732983233467184
440000,train/reward_loss_mean,0.32971782159805296
440000,train/reward_loss_std,0.010056441586187221
440000,train/total_loss_mean,0.07065263069272042
440000,train/total_loss_std,0.0012282963536753328
440000,train/value_loss_mean,0.36441557080745696
440000,train/value_loss_std,0.003909965429413049
440000,train/value_scale_mean,42.675126428222654
440000,train/value_scale_std,0.6236719947917122
440000,timing/collect_chunk_s,66.42728550452739
440000,timing/train_chunk_s,20.53892666520551
440000,dense_rhs/training_bucket_horizon,3.0
440000,system/heartbeat,1.0
443992,episode/return,969.0
443992,episode/length,500.0
443993,episode/return,992.0
443993,episode/length,500.0
443994,episode/return,967.0
443994,episode/length,500.0
443995,episode/return,611.0
443995,episode/length,500.0
443996,episode/return,232.0
443996,episode/length,500.0
443997,episode/return,961.0
443997,episode/length,500.0
443998,episode/return,984.0
443998,episode/length,500.0
443999,episode/return,992.0
443999,episode/length,500.0
447992,episode/return,995.0
447992,episode/length,500.0
447993,episode/return,967.0
447993,episode/length,500.0
447994,episode/return,952.0
447994,episode/length,500.0
447995,episode/return,950.0
447995,episode/length,500.0
447996,episode/return,924.0
447996,episode/length,500.0
447997,episode/return,979.0
447997,episode/length,500.0
447998,episode/return,978.0
447998,episode/length,500.0
447999,episode/return,860.0
447999,episode/length,500.0
450000,train/consistency_loss_mean,6.299899955629371e-05
450000,train/consistency_loss_std,1.46435901749977e-05
450000,train/continue_loss_mean,0.0
450000,train/continue_loss_std,0.0
450000,train/grad_norm_mean,0.29845954580307005
450000,train/grad_norm_std,0.3765190949382795
450000,train/policy_log_std_mean,-0.9210543538570404
450000,train/policy_log_std_std,0.5203529263957872
450000,train/policy_loss_mean,-2.172548872756958
450000,train/policy_loss_std,0.08854577300768743
450000,train/reward_loss_mean,0.3306838163137436
450000,train/reward_loss_std,0.01009365970491658
450000,train/total_loss_mean,0.07081120723485947
450000,train/total_loss_std,0.0012231403607802815
450000,train/value_loss_mean,0.3648284353017807
450000,train/value_loss_std,0.004173723132546956
450000,train/value_scale_mean,43.22601624145508
450000,train/value_scale_std,1.8069795701388893
450000,timing/collect_chunk_s,67.98177407635376
450000,timing/train_chunk_s,20.562350736465305
450000,dense_rhs/training_bucket_horizon,3.0
450000,system/heartbeat,1.0
450000,timing/checkpoint_blocking_s,0.4806104637682438
450000,eval/return_mean,963.2999877929688
450000,eval/return_std,29.6767578125
450000,eval/return_max,1000.0
450000,eval/return_min,877.0
450000,dense_rhs/deployment_utility_last_observed_gain,93.79998779296875
450000,dense_rhs/deployment_utility_observations,8.0
450000,timing/eval_s,10.54509259480983
450000,eval/selected_horizon,3.0
450000,eval/training_bucket_horizon,3.0
450000,system/heartbeat,1.0
451992,episode/return,928.0
451992,episode/length,500.0
451993,episode/return,968.0
451993,episode/length,500.0
451994,episode/return,945.0
451994,episode/length,500.0
451995,episode/return,990.0
451995,episode/length,500.0
451996,episode/return,757.0
451996,episode/length,500.0
451997,episode/return,976.0
451997,episode/length,500.0
451998,episode/return,952.0
451998,episode/length,500.0
451999,episode/return,982.0
451999,episode/length,500.0
455992,episode/return,986.0
455992,episode/length,500.0
455993,episode/return,968.0
455993,episode/length,500.0
455994,episode/return,980.0
455994,episode/length,500.0
455995,episode/return,979.0
455995,episode/length,500.0
455996,episode/return,985.0
455996,episode/length,500.0
455997,episode/return,660.0
455997,episode/length,500.0
455998,episode/return,957.0
455998,episode/length,500.0
455999,episode/return,815.0
455999,episode/length,500.0
459992,episode/return,990.0
459992,episode/length,500.0
459993,episode/return,960.0
459993,episode/length,500.0
459994,episode/return,868.0
459994,episode/length,500.0
459995,episode/return,975.0
459995,episode/length,500.0
459996,episode/return,958.0
459996,episode/length,500.0
459997,episode/return,987.0
459997,episode/length,500.0
459998,episode/return,979.0
459998,episode/length,500.0
459999,episode/return,986.0
459999,episode/length,500.0
460000,train/consistency_loss_mean,6.243738734337967e-05
460000,train/consistency_loss_std,1.4163470823361372e-05
460000,train/continue_loss_mean,0.0
460000,train/continue_loss_std,0.0
460000,train/grad_norm_mean,0.3021227341353893
460000,train/grad_norm_std,0.37019059715988745
460000,train/policy_log_std_mean,-0.949719056892395
460000,train/policy_log_std_std,0.5152704819453225
460000,train/policy_loss_mean,-2.208510016441345
460000,train/policy_loss_std,0.06386805152647937
460000,train/reward_loss_mean,0.33184285407066344
460000,train/reward_loss_std,0.009818703355208413
460000,train/total_loss_mean,0.07061180207133293
460000,train/total_loss_std,0.001167336437069446
460000,train/value_loss_mean,0.3617876746416092
460000,train/value_loss_std,0.003383634984218951
460000,train/value_scale_mean,42.59095661315918
460000,train/value_scale_std,1.2223887309632773
460000,timing/collect_chunk_s,67.02671940578148
460000,timing/train_chunk_s,20.545839971862733
460000,dense_rhs/training_bucket_horizon,3.0
460000,system/heartbeat,1.0
463992,episode/return,969.0
463992,episode/length,500.0
463993,episode/return,969.0
463993,episode/length,500.0
463994,episode/return,821.0
463994,episode/length,500.0
463995,episode/return,921.0
463995,episode/length,500.0
463996,episode/return,959.0
463996,episode/length,500.0
463997,episode/return,973.0
463997,episode/length,500.0
463998,episode/return,948.0
463998,episode/length,500.0
463999,episode/return,972.0
463999,episode/length,500.0
467992,episode/return,988.0
467992,episode/length,500.0
467993,episode/return,960.0
467993,episode/length,500.0
467994,episode/return,900.0
467994,episode/length,500.0
467995,episode/return,989.0
467995,episode/length,500.0
467996,episode/return,937.0
467996,episode/length,500.0
467997,episode/return,990.0
467997,episode/length,500.0
467998,episode/return,939.0
467998,episode/length,500.0
467999,episode/return,984.0
467999,episode/length,500.0
470000,train/consistency_loss_mean,6.296667668502777e-05
470000,train/consistency_loss_std,1.4246868326158002e-05
470000,train/continue_loss_mean,0.0
470000,train/continue_loss_std,0.0
470000,train/grad_norm_mean,0.3010315308094025
470000,train/grad_norm_std,0.40648661445580186
470000,train/policy_log_std_mean,-0.9514888037681579
470000,train/policy_log_std_std,0.5138940472617307
470000,train/policy_loss_mean,-2.261384058570862
470000,train/policy_loss_std,0.0412183075367681
470000,train/reward_loss_mean,0.3327780656814575
470000,train/reward_loss_std,0.009994728835591847
470000,train/total_loss_mean,0.07114858132004738
470000,train/total_loss_std,0.0012121430032052546
470000,train/value_loss_mean,0.3661144018173218
470000,train/value_loss_std,0.003927183286593987
470000,train/value_scale_mean,41.477083071899415
470000,train/value_scale_std,0.6785746371338386
470000,timing/collect_chunk_s,65.98700159741566
470000,timing/train_chunk_s,20.504116320051253
470000,dense_rhs/training_bucket_horizon,3.0
470000,system/heartbeat,1.0
470000,dense_rhs/selected_horizon,3.0
470000,dense_rhs/proposed_horizon,2.0
470000,dense_rhs/phase_id,0.0
470000,dense_rhs/num_active_horizons,7.0
470000,dense_rhs/num_candidate_horizons,3.0
470000,dense_rhs/entropy,1.7982085943222046
470000,dense_rhs/norm_entropy,0.9240963459014893
470000,dense_rhs/best_fitness,0.562303900718689
470000,dense_rhs/deployment_score_best,0.034563783556222916
470000,dense_rhs/incumbent_deployment_score,0.034563783556222916
470000,dense_rhs/proposed_deployment_score,0.318148672580719
470000,dense_rhs/proposed_transition_cost,0.03574187308549881
470000,dense_rhs/proposed_switch_probability,0.9628011584281921
470000,dense_rhs/proposed_expected_net_benefit,0.24784302711486816
470000,dense_rhs/transition_cost_best,0.03574187308549881
470000,dense_rhs/transition_adjusted_score_best,0.2824068069458008
470000,dense_rhs/switch_probability_best,0.9628011584281921
470000,dense_rhs/expected_improvement_best,0.2499065399169922
470000,dense_rhs/expected_loss_best,0.002063510939478874
470000,dense_rhs/expected_net_benefit_best,0.24784302711486816
470000,dense_rhs/return_term_best,0.711659848690033
470000,dense_rhs/roughness_term_best,0.9839891791343689
470000,dense_rhs/return_std_term_best,0.14276355504989624
470000,dense_rhs/learner_proxy_term_best,0.9592320919036865
470000,dense_rhs/model_prefix_loss_best,0.24552688002586365
470000,dense_rhs/model_probe_prefix_best,0.11855818331241608
470000,dense_rhs/planner_return_best,204.52320861816406
470000,dense_rhs/roughness_best,0.016447313129901886
470000,dense_rhs/robust_return_best,308.264404296875
470000,timing/query_model_diag_s,0.011094247922301292
470000,timing/query_env_eval_s,8.0720573249273
470000,timing/query_finalize_s,0.0033875880762934685
470000,timing/query_total_s,8.092114720027894
470000,dense_rhs/candidate_3_fitness,0.562303900718689
470000,dense_rhs/candidate_3_deployment_score,0.034563783556222916
470000,dense_rhs/candidate_3_transition_cost,0.0
470000,dense_rhs/candidate_3_transition_adjusted_score,0.034563783556222916
470000,dense_rhs/candidate_3_switch_probability,0.5
470000,dense_rhs/candidate_3_expected_net_benefit,0.0
470000,dense_rhs/candidate_3_return,308.264404296875
470000,dense_rhs/candidate_3_return_term,0.711659848690033
470000,dense_rhs/candidate_3_roughness_term,0.9839891791343689
470000,dense_rhs/candidate_3_return_std_term,0.14276355504989624
470000,dense_rhs/candidate_3_learner_proxy_term,0.9592320919036865
470000,dense_rhs/candidate_4_fitness,0.03162277489900589
470000,dense_rhs/candidate_4_deployment_score,2.515142938364079e-08
470000,dense_rhs/candidate_4_transition_cost,0.04825552925467491
470000,dense_rhs/candidate_4_transition_adjusted_score,-0.04825550317764282
470000,dense_rhs/candidate_4_switch_probability,0.29085826873779297
470000,dense_rhs/candidate_4_expected_net_benefit,-0.08281928300857544
470000,dense_rhs/candidate_4_return,266.3359375
470000,dense_rhs/candidate_4_return_term,0.4205165505409241
470000,dense_rhs/candidate_4_roughness_term,0.9618939161300659
470000,dense_rhs/candidate_4_return_std_term,0.0
470000,dense_rhs/candidate_4_learner_proxy_term,0.836186408996582
470000,dense_rhs/candidate_2_fitness,0.7510310411453247
470000,dense_rhs/candidate_2_deployment_score,0.318148672580719
470000,dense_rhs/candidate_2_transition_cost,0.03574187308549881
470000,dense_rhs/candidate_2_transition_adjusted_score,0.2824068069458008
470000,dense_rhs/candidate_2_switch_probability,0.9628011584281921
470000,dense_rhs/candidate_2_expected_net_benefit,0.24784302711486816
470000,dense_rhs/candidate_2_return,349.7891845703125
470000,dense_rhs/candidate_2_return_term,1.0
470000,dense_rhs/candidate_2_roughness_term,1.0
470000,dense_rhs/candidate_2_return_std_term,0.318148672580719
470000,dense_rhs/candidate_2_learner_proxy_term,1.0
470000,dense_rhs/deployment_utility_enabled,1.0
470000,dense_rhs/deployment_utility_observations,8.0
470000,dense_rhs/deployment_utility_last_observed_gain,93.79998779296875
470000,dense_rhs/candidate_2_expected_eval_gain,0.0
470000,dense_rhs/candidate_2_eval_gain_uncertainty,150.0
470000,dense_rhs/candidate_2_deployment_utility_score,47.5
470000,dense_rhs/candidate_3_expected_eval_gain,92.56428745814732
470000,dense_rhs/candidate_3_eval_gain_uncertainty,64.65881687868035
470000,dense_rhs/candidate_3_deployment_utility_score,109.81539448619256
470000,dense_rhs/candidate_4_expected_eval_gain,-260.45001220703125
470000,dense_rhs/candidate_4_eval_gain_uncertainty,106.06601717798212
470000,dense_rhs/candidate_4_deployment_utility_score,-233.93350791253573
470000,dense_rhs/deployment_utility_override,1.0
470000,dense_rhs/deployment_utility_selected_expected_gain,92.56428745814732
470000,dense_rhs/deployment_utility_selected_uncertainty,64.65881687868035
470000,dense_rhs/deployment_utility_selected_score,109.81539448619256
470000,dense_rhs/deployment_utility_proposed_horizon,3.0
470000,dense_rhs/deployment_utility_proposed_expected_gain,92.56428745814732
470000,dense_rhs/deployment_utility_proposed_uncertainty,64.65881687868035
470000,dense_rhs/deployment_utility_proposed_score,109.81539448619256
470000,dense_rhs/previous_horizon,3.0
470000,dense_rhs/training_bucket_horizon,3.0
470000,dense_rhs/best_h,3.0
470000,dense_rhs/prob_best_h,0.1328125
470000,dense_rhs/gauss_mean_best_h,0.45091381669044495
470000,dense_rhs/gauss_post_std_best_h,0.0876471996307373
470000,system/heartbeat,1.0
471992,episode/return,991.0
471992,episode/length,500.0
471993,episode/return,968.0
471993,episode/length,500.0
471994,episode/return,964.0
471994,episode/length,500.0
471995,episode/return,970.0
471995,episode/length,500.0
471996,episode/return,973.0
471996,episode/length,500.0
471997,episode/return,957.0
471997,episode/length,500.0
471998,episode/return,945.0
471998,episode/length,500.0
471999,episode/return,837.0
471999,episode/length,500.0
475992,episode/return,954.0
475992,episode/length,500.0
475993,episode/return,967.0
475993,episode/length,500.0
475994,episode/return,946.0
475994,episode/length,500.0
475995,episode/return,965.0
475995,episode/length,500.0
475996,episode/return,437.0
475996,episode/length,500.0
475997,episode/return,963.0
475997,episode/length,500.0
475998,episode/return,957.0
475998,episode/length,500.0
475999,episode/return,992.0
475999,episode/length,500.0
479992,episode/return,990.0
479992,episode/length,500.0
479993,episode/return,956.0
479993,episode/length,500.0
479994,episode/return,959.0
479994,episode/length,500.0
479995,episode/return,962.0
479995,episode/length,500.0
479996,episode/return,931.0
479996,episode/length,500.0
479997,episode/return,989.0
479997,episode/length,500.0
479998,episode/return,980.0
479998,episode/length,500.0
479999,episode/return,981.0
479999,episode/length,500.0
480000,train/consistency_loss_mean,6.244579000922385e-05
480000,train/consistency_loss_std,1.4156381094033702e-05
480000,train/continue_loss_mean,0.0
480000,train/continue_loss_std,0.0
480000,train/grad_norm_mean,0.315008426707983
480000,train/grad_norm_std,0.41192325081488307
480000,train/policy_log_std_mean,-0.9253452116966248
480000,train/policy_log_std_std,0.520975874939933
480000,train/policy_loss_mean,-2.2591011562347414
480000,train/policy_loss_std,0.045741724176259414
480000,train/reward_loss_mean,0.3337404559135437
480000,train/reward_loss_std,0.009888860812658617
480000,train/total_loss_mean,0.07167296440601349
480000,train/total_loss_std,0.0012068810341996435
480000,train/value_loss_mean,0.37050000939369204
480000,train/value_loss_std,0.003772815553561651
480000,train/value_scale_mean,41.399241729736325
480000,train/value_scale_std,0.8331064348357993
480000,timing/collect_chunk_s,75.01436568656936
480000,timing/train_chunk_s,20.549591614399105
480000,dense_rhs/training_bucket_horizon,3.0
480000,system/heartbeat,1.0
483992,episode/return,981.0
483992,episode/length,500.0
483993,episode/return,987.0
483993,episode/length,500.0
483994,episode/return,980.0
483994,episode/length,500.0
483995,episode/return,953.0
483995,episode/length,500.0
483996,episode/return,538.0
483996,episode/length,500.0
483997,episode/return,950.0
483997,episode/length,500.0
483998,episode/return,976.0
483998,episode/length,500.0
483999,episode/return,981.0
483999,episode/length,500.0
487992,episode/return,971.0
487992,episode/length,500.0
487993,episode/return,969.0
487993,episode/length,500.0
487994,episode/return,962.0
487994,episode/length,500.0
487995,episode/return,970.0
487995,episode/length,500.0
487996,episode/return,973.0
487996,episode/length,500.0
487997,episode/return,955.0
487997,episode/length,500.0
487998,episode/return,975.0
487998,episode/length,500.0
487999,episode/return,996.0
487999,episode/length,500.0
490000,train/consistency_loss_mean,6.220173666952178e-05
490000,train/consistency_loss_std,1.4132203409163327e-05
490000,train/continue_loss_mean,0.0
490000,train/continue_loss_std,0.0
490000,train/grad_norm_mean,0.31562126066088675
490000,train/grad_norm_std,0.41164732540807647
490000,train/policy_log_std_mean,-0.933450656414032
490000,train/policy_log_std_std,0.5214114187069012
490000,train/policy_loss_mean,-2.316428483390808
490000,train/policy_loss_std,0.047481630394523085
490000,train/reward_loss_mean,0.33494894156455995
490000,train/reward_loss_std,0.009896024204769689
490000,train/total_loss_mean,0.07202212745547294
490000,train/total_loss_std,0.0012029171260643913
490000,train/value_loss_mean,0.37283196759223936
490000,train/value_loss_std,0.0034354582631528135
490000,train/value_scale_mean,40.326233837890626
490000,train/value_scale_std,0.7931698781920759
490000,timing/collect_chunk_s,72.84695954853669
490000,timing/train_chunk_s,20.530351964756846
490000,dense_rhs/training_bucket_horizon,3.0
490000,system/heartbeat,1.0
491992,episode/return,962.0
491992,episode/length,500.0
491993,episode/return,962.0
491993,episode/length,500.0
491994,episode/return,973.0
491994,episode/length,500.0
491995,episode/return,988.0
491995,episode/length,500.0
491996,episode/return,990.0
491996,episode/length,500.0
491997,episode/return,972.0
491997,episode/length,500.0
491998,episode/return,971.0
491998,episode/length,500.0
491999,episode/return,969.0
491999,episode/length,500.0
495992,episode/return,971.0
495992,episode/length,500.0
495993,episode/return,943.0
495993,episode/length,500.0
495994,episode/return,989.0
495994,episode/length,500.0
495995,episode/return,986.0
495995,episode/length,500.0
495996,episode/return,986.0
495996,episode/length,500.0
495997,episode/return,983.0
495997,episode/length,500.0
495998,episode/return,982.0
495998,episode/length,500.0
495999,episode/return,978.0
495999,episode/length,500.0
499992,episode/return,976.0
499992,episode/length,500.0
499993,episode/return,988.0
499993,episode/length,500.0
499994,episode/return,970.0
499994,episode/length,500.0
499995,episode/return,994.0
499995,episode/length,500.0
499996,episode/return,985.0
499996,episode/length,500.0
499997,episode/return,944.0
499997,episode/length,500.0
499998,episode/return,972.0
499998,episode/length,500.0
499999,episode/return,976.0
499999,episode/length,500.0
500000,train/consistency_loss_mean,6.214809108932968e-05
500000,train/consistency_loss_std,1.4269150873135157e-05
500000,train/continue_loss_mean,0.0
500000,train/continue_loss_std,0.0
500000,train/grad_norm_mean,0.27438331995606424
500000,train/grad_norm_std,0.38230593054951434
500000,train/policy_log_std_mean,-0.9211716192245484
500000,train/policy_log_std_std,0.522574685902194
500000,train/policy_loss_mean,-2.380702656364441
500000,train/policy_loss_std,0.04371043301398493
500000,train/reward_loss_mean,0.3358283194065094
500000,train/reward_loss_std,0.00979217314663786
500000,train/total_loss_mean,0.07207271290421485
500000,train/total_loss_std,0.001186758453996559
500000,train/value_loss_mean,0.37246917560100556
500000,train/value_loss_std,0.00339294710265428
500000,train/value_scale_mean,39.30918030395508
500000,train/value_scale_std,0.6816708727869678
500000,timing/collect_chunk_s,64.7897774996236
500000,timing/train_chunk_s,20.49450287828222
500000,dense_rhs/training_bucket_horizon,3.0
500000,system/heartbeat,1.0
500000,timing/checkpoint_blocking_s,0.48134774900972843
500000,eval/return_mean,918.7999877929688
500000,eval/return_std,211.61795043945312
500000,eval/return_max,991.0
500000,eval/return_min,0.0
500000,dense_rhs/deployment_utility_last_observed_gain,-44.5
500000,dense_rhs/deployment_utility_observations,9.0
500000,timing/eval_s,11.71380875306204
500000,eval/selected_horizon,3.0
500000,eval/training_bucket_horizon,3.0
500000,system/heartbeat,1.0
