step,tag,value
0,timing/prewarm_dense_rhs_s,225.525334155187
0,system/heartbeat,1.0
3992,episode/return,2.066594362258911
3992,episode/length,500.0
3993,episode/return,0.5986226201057434
3993,episode/length,500.0
3994,episode/return,35.57867431640625
3994,episode/length,500.0
3995,episode/return,0.10309845954179764
3995,episode/length,500.0
3996,episode/return,0.04329598322510719
3996,episode/length,500.0
3997,episode/return,13.889739990234375
3997,episode/length,500.0
3998,episode/return,1.7835210996963724e-07
3998,episode/length,500.0
3999,episode/return,1.798570667399524e-11
3999,episode/length,500.0
4000,seed_pretrain/updates_completed,512.0
4000,timing/collect_chunk_s,51.40491592139006
4000,timing/train_chunk_s,247.07510539377108
4000,system/heartbeat,1.0
4000,seed_pretrain/updates_completed,1024.0
4000,timing/collect_chunk_s,51.40491592139006
4000,timing/train_chunk_s,248.16162073472515
4000,system/heartbeat,1.0
4000,seed_pretrain/updates_completed,1536.0
4000,timing/collect_chunk_s,51.40491592139006
4000,timing/train_chunk_s,249.24737043539062
4000,system/heartbeat,1.0
4000,seed_pretrain/updates_completed,2048.0
4000,timing/collect_chunk_s,51.40491592139006
4000,timing/train_chunk_s,250.3337995284237
4000,system/heartbeat,1.0
4000,seed_pretrain/updates_completed,2560.0
4000,timing/collect_chunk_s,51.40491592139006
4000,timing/train_chunk_s,251.41979538742453
4000,system/heartbeat,1.0
4000,seed_pretrain/updates_completed,3072.0
4000,timing/collect_chunk_s,51.40491592139006
4000,timing/train_chunk_s,252.50592817552388
4000,system/heartbeat,1.0
4000,seed_pretrain/updates_completed,3584.0
4000,timing/collect_chunk_s,51.40491592139006
4000,timing/train_chunk_s,253.59145228052512
4000,system/heartbeat,1.0
7992,episode/return,28.561885833740234
7992,episode/length,500.0
7993,episode/return,2.876831531524658
7993,episode/length,500.0
7994,episode/return,10.962486267089844
7994,episode/length,500.0
7995,episode/return,11.07266902923584
7995,episode/length,500.0
7996,episode/return,68.29339599609375
7996,episode/length,500.0
7997,episode/return,4.936040725461721e-12
7997,episode/length,500.0
7998,episode/return,0.059993255883455276
7998,episode/length,500.0
7999,episode/return,95.51223754882812
7999,episode/length,500.0
10000,train/consistency_loss_mean,8.770573964284267e-05
10000,train/consistency_loss_std,0.00031373154309766036
10000,train/continue_loss_mean,0.0
10000,train/continue_loss_std,0.0
10000,train/grad_norm_mean,0.30177003853321077
10000,train/grad_norm_std,0.25992112742276424
10000,train/policy_log_std_mean,-0.3195921766042709
10000,train/policy_log_std_std,0.6004683424130451
10000,train/policy_loss_mean,-0.0882919504582882
10000,train/policy_loss_std,0.034735361985949946
10000,train/reward_loss_mean,0.027064586666226388
10000,train/reward_loss_std,0.08780716957803768
10000,train/total_loss_mean,0.030052515299618245
10000,train/total_loss_std,0.022244317319531526
10000,train/value_loss_mean,0.2559194076538086
10000,train/value_loss_std,0.07754341504783528
10000,train/value_scale_mean,2.8820482830047607
10000,train/value_scale_std,2.2221649859801973
10000,timing/collect_chunk_s,268.5596932126209
10000,timing/train_chunk_s,314.35850589582697
10000,dense_rhs/training_bucket_horizon,3.0
10000,system/heartbeat,1.0
11992,episode/return,51.51557159423828
11992,episode/length,500.0
11993,episode/return,17.627622604370117
11993,episode/length,500.0
11994,episode/return,87.44043731689453
11994,episode/length,500.0
11995,episode/return,34.58967971801758
11995,episode/length,500.0
11996,episode/return,82.82300567626953
11996,episode/length,500.0
11997,episode/return,0.07433343678712845
11997,episode/length,500.0
11998,episode/return,1.3039312362670898
11998,episode/length,500.0
11999,episode/return,100.86581420898438
11999,episode/length,500.0
15992,episode/return,17.320810317993164
15992,episode/length,500.0
15993,episode/return,18.39211082458496
15993,episode/length,500.0
15994,episode/return,57.23973846435547
15994,episode/length,500.0
15995,episode/return,7.312227249145508
15995,episode/length,500.0
15996,episode/return,33.74570846557617
15996,episode/length,500.0
15997,episode/return,0.6722668409347534
15997,episode/length,500.0
15998,episode/return,94.1907730102539
15998,episode/length,500.0
15999,episode/return,155.9134979248047
15999,episode/length,500.0
19992,episode/return,240.8455047607422
19992,episode/length,500.0
19993,episode/return,49.0200080871582
19993,episode/length,500.0
19994,episode/return,194.16766357421875
19994,episode/length,500.0
19995,episode/return,112.44657135009766
19995,episode/length,500.0
19996,episode/return,83.79805755615234
19996,episode/length,500.0
19997,episode/return,255.70208740234375
19997,episode/length,500.0
19998,episode/return,50.74760437011719
19998,episode/length,500.0
19999,episode/return,185.85879516601562
19999,episode/length,500.0
20000,train/consistency_loss_mean,6.0451523493975403e-05
20000,train/consistency_loss_std,1.0781691482182425e-05
20000,train/continue_loss_mean,0.0
20000,train/continue_loss_std,0.0
20000,train/grad_norm_mean,0.763427837562561
20000,train/grad_norm_std,0.32249342803650244
20000,train/policy_log_std_mean,-0.4357519643068314
20000,train/policy_log_std_std,0.4324243640022262
20000,train/policy_loss_mean,-0.10127797204256057
20000,train/policy_loss_std,0.013200159113135075
20000,train/reward_loss_mean,0.05097271327376365
20000,train/reward_loss_std,0.011019647681463915
20000,train/total_loss_mean,0.03210257138311863
20000,train/total_loss_std,0.002672012631918888
20000,train/value_loss_mean,0.25796269061565397
20000,train/value_loss_std,0.0198922440826289
20000,train/value_scale_mean,16.192781901550294
20000,train/value_scale_std,6.44714364190927
20000,timing/collect_chunk_s,90.31728186644614
20000,timing/train_chunk_s,20.77865781309083
20000,dense_rhs/training_bucket_horizon,3.0
20000,system/heartbeat,1.0
23992,episode/return,0.08795160800218582
23992,episode/length,500.0
23993,episode/return,92.38536834716797
23993,episode/length,500.0
23994,episode/return,64.40084075927734
23994,episode/length,500.0
23995,episode/return,55.92237854003906
23995,episode/length,500.0
23996,episode/return,44.4902458190918
23996,episode/length,500.0
23997,episode/return,143.71815490722656
23997,episode/length,500.0
23998,episode/return,70.9906234741211
23998,episode/length,500.0
23999,episode/return,191.6116180419922
23999,episode/length,500.0
27992,episode/return,152.11770629882812
27992,episode/length,500.0
27993,episode/return,70.32574462890625
27993,episode/length,500.0
27994,episode/return,199.09091186523438
27994,episode/length,500.0
27995,episode/return,0.9426689743995667
27995,episode/length,500.0
27996,episode/return,219.1436767578125
27996,episode/length,500.0
27997,episode/return,194.39968872070312
27997,episode/length,500.0
27998,episode/return,176.3949737548828
27998,episode/length,500.0
27999,episode/return,245.56336975097656
27999,episode/length,500.0
30000,train/consistency_loss_mean,5.772300081443973e-05
30000,train/consistency_loss_std,8.79635787459503e-06
30000,train/continue_loss_mean,0.0
30000,train/continue_loss_std,0.0
30000,train/grad_norm_mean,1.0174214221477509
30000,train/grad_norm_std,0.4171920834354143
30000,train/policy_log_std_mean,-0.5532302732467651
30000,train/policy_log_std_std,0.44560320217483146
30000,train/policy_loss_mean,-0.11076839837431908
30000,train/policy_loss_std,0.011505407204134434
30000,train/reward_loss_mean,0.07272951233386993
30000,train/reward_loss_std,0.009211723037259586
30000,train/total_loss_mean,0.03767847954928875
30000,train/total_loss_std,0.002633325857195774
30000,train/value_loss_mean,0.2925106734752655
30000,train/value_loss_std,0.021608824430787682
30000,train/value_scale_mean,34.51027026367188
30000,train/value_scale_std,4.159889095319233
30000,timing/collect_chunk_s,91.42427975311875
30000,timing/train_chunk_s,20.751718084793538
30000,dense_rhs/training_bucket_horizon,3.0
30000,system/heartbeat,1.0
31992,episode/return,5.8571553230285645
31992,episode/length,500.0
31993,episode/return,60.376548767089844
31993,episode/length,500.0
31994,episode/return,25.58285903930664
31994,episode/length,500.0
31995,episode/return,211.9491729736328
31995,episode/length,500.0
31996,episode/return,126.80913543701172
31996,episode/length,500.0
31997,episode/return,191.6063995361328
31997,episode/length,500.0
31998,episode/return,233.05844116210938
31998,episode/length,500.0
31999,episode/return,205.19207763671875
31999,episode/length,500.0
35992,episode/return,41.684329986572266
35992,episode/length,500.0
35993,episode/return,153.6260528564453
35993,episode/length,500.0
35994,episode/return,71.78756713867188
35994,episode/length,500.0
35995,episode/return,131.2880401611328
35995,episode/length,500.0
35996,episode/return,264.4348449707031
35996,episode/length,500.0
35997,episode/return,30.816444396972656
35997,episode/length,500.0
35998,episode/return,120.37616729736328
35998,episode/length,500.0
35999,episode/return,148.47544860839844
35999,episode/length,500.0
39992,episode/return,242.5275421142578
39992,episode/length,500.0
39993,episode/return,277.03851318359375
39993,episode/length,500.0
39994,episode/return,218.74351501464844
39994,episode/length,500.0
39995,episode/return,313.4151916503906
39995,episode/length,500.0
39996,episode/return,378.4503173828125
39996,episode/length,500.0
39997,episode/return,121.33692169189453
39997,episode/length,500.0
39998,episode/return,160.91651916503906
39998,episode/length,500.0
39999,episode/return,21.69424057006836
39999,episode/length,500.0
40000,train/consistency_loss_mean,5.7250094844494016e-05
40000,train/consistency_loss_std,1.18615575912993e-05
40000,train/continue_loss_mean,0.0
40000,train/continue_loss_std,0.0
40000,train/grad_norm_mean,1.2246777355194092
40000,train/grad_norm_std,0.47904025002960604
40000,train/policy_log_std_mean,-0.6037553325653077
40000,train/policy_log_std_std,0.4422014461118239
40000,train/policy_loss_mean,-0.12348091866374016
40000,train/policy_loss_std,0.011393094635882213
40000,train/reward_loss_mean,0.08408942114710807
40000,train/reward_loss_std,0.009210766499693166
40000,train/total_loss_mean,0.041057495003938675
40000,train/total_loss_std,0.0027610532704071206
40000,train/value_loss_mean,0.31503550152778625
40000,train/value_loss_std,0.023256404049459303
40000,train/value_scale_mean,45.949716687011716
40000,train/value_scale_std,2.7712113524449378
40000,timing/collect_chunk_s,91.86697002733126
40000,timing/train_chunk_s,20.725599909666926
40000,dense_rhs/training_bucket_horizon,3.0
40000,system/heartbeat,1.0
43992,episode/return,292.686767578125
43992,episode/length,500.0
43993,episode/return,132.57125854492188
43993,episode/length,500.0
43994,episode/return,272.010498046875
43994,episode/length,500.0
43995,episode/return,22.65505599975586
43995,episode/length,500.0
43996,episode/return,319.110107421875
43996,episode/length,500.0
43997,episode/return,478.11053466796875
43997,episode/length,500.0
43998,episode/return,405.1726989746094
43998,episode/length,500.0
43999,episode/return,346.98492431640625
43999,episode/length,500.0
47992,episode/return,137.6157684326172
47992,episode/length,500.0
47993,episode/return,256.13653564453125
47993,episode/length,500.0
47994,episode/return,100.10407257080078
47994,episode/length,500.0
47995,episode/return,333.8320617675781
47995,episode/length,500.0
47996,episode/return,106.12239074707031
47996,episode/length,500.0
47997,episode/return,369.61895751953125
47997,episode/length,500.0
47998,episode/return,243.45916748046875
47998,episode/length,500.0
47999,episode/return,243.40225219726562
47999,episode/length,500.0
50000,train/consistency_loss_mean,5.444918624998536e-05
50000,train/consistency_loss_std,1.2569394052802271e-05
50000,train/continue_loss_mean,0.0
50000,train/continue_loss_std,0.0
50000,train/grad_norm_mean,1.2144713409423828
50000,train/grad_norm_std,0.4742523529862682
50000,train/policy_log_std_mean,-0.6875939954280853
50000,train/policy_log_std_std,0.49920219809868344
50000,train/policy_loss_mean,-0.1371633469581604
50000,train/policy_loss_std,0.01113715316659775
50000,train/reward_loss_mean,0.09695553957223892
50000,train/reward_loss_std,0.009906885805935501
50000,train/total_loss_mean,0.04244690200984478
50000,train/total_loss_std,0.002893934479222941
50000,train/value_loss_mean,0.3166236299276352
50000,train/value_loss_std,0.02409204605772459
50000,train/value_scale_mean,61.54622712402344
50000,train/value_scale_std,4.886432292390982
50000,timing/collect_chunk_s,89.5367669747211
50000,timing/train_chunk_s,20.6825891607441
50000,dense_rhs/training_bucket_horizon,3.0
50000,system/heartbeat,1.0
50000,timing/checkpoint_blocking_s,0.41121700033545494
50000,eval/return_mean,229.54367065429688
50000,eval/return_std,130.66221618652344
50000,eval/return_max,438.83056640625
50000,eval/return_min,0.6441497206687927
50000,dense_rhs/deployment_utility_last_observed_gain,0.0
50000,dense_rhs/deployment_utility_observations,0.0
50000,timing/eval_s,95.44897229364142
50000,eval/selected_horizon,3.0
50000,eval/training_bucket_horizon,3.0
50000,system/heartbeat,1.0
51992,episode/return,210.88009643554688
51992,episode/length,500.0
51993,episode/return,330.7843322753906
51993,episode/length,500.0
51994,episode/return,204.50137329101562
51994,episode/length,500.0
51995,episode/return,103.53282165527344
51995,episode/length,500.0
51996,episode/return,137.55123901367188
51996,episode/length,500.0
51997,episode/return,293.4548034667969
51997,episode/length,500.0
51998,episode/return,258.44598388671875
51998,episode/length,500.0
51999,episode/return,297.7522277832031
51999,episode/length,500.0
55992,episode/return,322.2060546875
55992,episode/length,500.0
55993,episode/return,265.0616760253906
55993,episode/length,500.0
55994,episode/return,235.8591766357422
55994,episode/length,500.0
55995,episode/return,198.06826782226562
55995,episode/length,500.0
55996,episode/return,369.2925109863281
55996,episode/length,500.0
55997,episode/return,352.2308654785156
55997,episode/length,500.0
55998,episode/return,84.73779296875
55998,episode/length,500.0
55999,episode/return,321.7031555175781
55999,episode/length,500.0
59992,episode/return,225.3352508544922
59992,episode/length,500.0
59993,episode/return,153.38153076171875
59993,episode/length,500.0
59994,episode/return,353.6550598144531
59994,episode/length,500.0
59995,episode/return,297.158447265625
59995,episode/length,500.0
59996,episode/return,127.45085906982422
59996,episode/length,500.0
59997,episode/return,416.2468566894531
59997,episode/length,500.0
59998,episode/return,279.6550598144531
59998,episode/length,500.0
59999,episode/return,323.5716552734375
59999,episode/length,500.0
60000,train/consistency_loss_mean,5.197019017359708e-05
60000,train/consistency_loss_std,9.252321211013734e-06
60000,train/continue_loss_mean,0.0
60000,train/continue_loss_std,0.0
60000,train/grad_norm_mean,1.2177759711265563
60000,train/grad_norm_std,0.4849751503722068
60000,train/policy_log_std_mean,-0.7582315463066102
60000,train/policy_log_std_std,0.5456928440099879
60000,train/policy_loss_mean,-0.1497449584722519
60000,train/policy_loss_std,0.010938319778166046
60000,train/reward_loss_mean,0.10774063382148742
60000,train/reward_loss_std,0.009765615745276757
60000,train/total_loss_mean,0.043761300617456436
60000,train/total_loss_std,0.002499283363573867
60000,train/value_loss_mean,0.3194783279657364
60000,train/value_loss_std,0.0212909360788794
60000,train/value_scale_mean,75.72665302734374
60000,train/value_scale_std,3.87748652415979
60000,timing/collect_chunk_s,89.75094611989334
60000,timing/train_chunk_s,20.73397180903703
60000,dense_rhs/training_bucket_horizon,3.0
60000,system/heartbeat,1.0
63992,episode/return,282.0727844238281
63992,episode/length,500.0
63993,episode/return,411.07794189453125
63993,episode/length,500.0
63994,episode/return,166.22177124023438
63994,episode/length,500.0
63995,episode/return,172.11614990234375
63995,episode/length,500.0
63996,episode/return,17.367130279541016
63996,episode/length,500.0
63997,episode/return,208.2702178955078
63997,episode/length,500.0
63998,episode/return,441.3362121582031
63998,episode/length,500.0
63999,episode/return,243.23757934570312
63999,episode/length,500.0
67992,episode/return,119.30853271484375
67992,episode/length,500.0
67993,episode/return,428.48272705078125
67993,episode/length,500.0
67994,episode/return,430.5787658691406
67994,episode/length,500.0
67995,episode/return,323.3756103515625
67995,episode/length,500.0
67996,episode/return,194.62652587890625
67996,episode/length,500.0
67997,episode/return,257.35455322265625
67997,episode/length,500.0
67998,episode/return,79.00402069091797
67998,episode/length,500.0
67999,episode/return,181.12255859375
67999,episode/length,500.0
70000,train/consistency_loss_mean,4.9967677364475096e-05
70000,train/consistency_loss_std,9.31615863581769e-06
70000,train/continue_loss_mean,0.0
70000,train/continue_loss_std,0.0
70000,train/grad_norm_mean,1.1567190920829773
70000,train/grad_norm_std,0.4620892594485879
70000,train/policy_log_std_mean,-0.7952522886276245
70000,train/policy_log_std_std,0.542381432023768
70000,train/policy_loss_mean,-0.1642982477426529
70000,train/policy_loss_std,0.010259754341237229
70000,train/reward_loss_mean,0.11479076473712921
70000,train/reward_loss_std,0.009721514796545929
70000,train/total_loss_mean,0.04445117599666119
70000,train/total_loss_std,0.002367022539631136
70000,train/value_loss_mean,0.3197274507522583
70000,train/value_loss_std,0.02022042592768022
70000,train/value_scale_mean,85.1763609741211
70000,train/value_scale_std,3.14812679223226
70000,timing/collect_chunk_s,90.81408529356122
70000,timing/train_chunk_s,20.736697353888303
70000,dense_rhs/training_bucket_horizon,3.0
70000,system/heartbeat,1.0
70000,dense_rhs/selected_horizon,3.0
70000,dense_rhs/proposed_horizon,3.0
70000,dense_rhs/phase_id,0.0
70000,dense_rhs/num_active_horizons,7.0
70000,dense_rhs/num_candidate_horizons,3.0
70000,dense_rhs/entropy,1.9292972087860107
70000,dense_rhs/norm_entropy,0.9914625883102417
70000,dense_rhs/best_fitness,0.30852964520454407
70000,dense_rhs/deployment_score_best,0.0038079821970313787
70000,dense_rhs/incumbent_deployment_score,0.0038079821970313787
70000,dense_rhs/proposed_deployment_score,0.0038079821970313787
70000,dense_rhs/proposed_transition_cost,0.0
70000,dense_rhs/proposed_switch_probability,0.5
70000,dense_rhs/proposed_expected_net_benefit,0.0
70000,dense_rhs/transition_cost_best,0.0
70000,dense_rhs/transition_adjusted_score_best,0.0038079821970313787
70000,dense_rhs/switch_probability_best,0.5
70000,dense_rhs/expected_improvement_best,0.564189612865448
70000,dense_rhs/expected_loss_best,0.564189612865448
70000,dense_rhs/expected_net_benefit_best,0.0
70000,dense_rhs/return_term_best,0.7634277939796448
70000,dense_rhs/roughness_term_best,0.9647936820983887
70000,dense_rhs/return_std_term_best,0.01230090856552124
70000,dense_rhs/learner_proxy_term_best,0.9446074962615967
70000,dense_rhs/model_prefix_loss_best,0.23809494078159332
70000,dense_rhs/model_probe_prefix_best,0.06257687509059906
70000,dense_rhs/planner_return_best,5.593964099884033
70000,dense_rhs/roughness_best,0.10481876134872437
70000,dense_rhs/robust_return_best,12.701824188232422
70000,timing/query_model_diag_s,14.686374504584819
70000,timing/query_env_eval_s,27.954154895152897
70000,timing/query_finalize_s,0.8227293528616428
70000,timing/query_total_s,43.65978487627581
70000,dense_rhs/candidate_3_fitness,0.30852964520454407
70000,dense_rhs/candidate_3_deployment_score,0.0038079821970313787
70000,dense_rhs/candidate_3_transition_cost,0.0
70000,dense_rhs/candidate_3_transition_adjusted_score,0.0038079821970313787
70000,dense_rhs/candidate_3_switch_probability,0.5
70000,dense_rhs/candidate_3_expected_net_benefit,0.0
70000,dense_rhs/candidate_3_return,12.701824188232422
70000,dense_rhs/candidate_3_return_term,0.7634277939796448
70000,dense_rhs/candidate_3_roughness_term,0.9647936820983887
70000,dense_rhs/candidate_3_return_std_term,0.01230090856552124
70000,dense_rhs/candidate_3_learner_proxy_term,0.9446074962615967
70000,dense_rhs/candidate_2_fitness,0.03162277489900589
70000,dense_rhs/candidate_2_deployment_score,9.999999974752427e-07
70000,dense_rhs/candidate_2_transition_cost,0.06775011867284775
70000,dense_rhs/candidate_2_transition_adjusted_score,-0.06774912029504776
70000,dense_rhs/candidate_2_switch_probability,0.47982272505760193
70000,dense_rhs/candidate_2_expected_net_benefit,-0.07155710458755493
70000,dense_rhs/candidate_2_return,17.171005249023438
70000,dense_rhs/candidate_2_return_term,1.0
70000,dense_rhs/candidate_2_roughness_term,1.0
70000,dense_rhs/candidate_2_return_std_term,0.0
70000,dense_rhs/candidate_2_learner_proxy_term,1.0
70000,dense_rhs/candidate_4_fitness,0.03162277489900589
70000,dense_rhs/candidate_4_deployment_score,2.666267892068587e-26
70000,dense_rhs/candidate_4_transition_cost,0.05205327272415161
70000,dense_rhs/candidate_4_transition_adjusted_score,-0.05205327272415161
70000,dense_rhs/candidate_4_switch_probability,0.4842459261417389
70000,dense_rhs/candidate_4_expected_net_benefit,-0.05586129426956177
70000,dense_rhs/candidate_4_return,-1.72039794921875
70000,dense_rhs/candidate_4_return_term,0.0
70000,dense_rhs/candidate_4_roughness_term,0.8960825204849243
70000,dense_rhs/candidate_4_return_std_term,0.036090970039367676
70000,dense_rhs/candidate_4_learner_proxy_term,0.8244364261627197
70000,dense_rhs/deployment_utility_enabled,1.0
70000,dense_rhs/deployment_utility_observations,0.0
70000,dense_rhs/deployment_utility_last_observed_gain,0.0
70000,dense_rhs/candidate_2_expected_eval_gain,0.0
70000,dense_rhs/candidate_2_eval_gain_uncertainty,150.0
70000,dense_rhs/candidate_2_deployment_utility_score,37.50262606269077
70000,dense_rhs/candidate_3_expected_eval_gain,0.0
70000,dense_rhs/candidate_3_eval_gain_uncertainty,150.0
70000,dense_rhs/candidate_3_deployment_utility_score,47.5
70000,dense_rhs/candidate_4_expected_eval_gain,0.0
70000,dense_rhs/candidate_4_eval_gain_uncertainty,150.0
70000,dense_rhs/candidate_4_deployment_utility_score,37.5
70000,dense_rhs/deployment_utility_override,0.0
70000,dense_rhs/deployment_utility_selected_expected_gain,0.0
70000,dense_rhs/deployment_utility_selected_uncertainty,150.0
70000,dense_rhs/deployment_utility_selected_score,47.5
70000,dense_rhs/deployment_utility_proposed_horizon,3.0
70000,dense_rhs/deployment_utility_proposed_expected_gain,0.0
70000,dense_rhs/deployment_utility_proposed_uncertainty,150.0
70000,dense_rhs/deployment_utility_proposed_score,47.5
70000,dense_rhs/previous_horizon,3.0
70000,dense_rhs/training_bucket_horizon,3.0
70000,dense_rhs/best_h,3.0
70000,dense_rhs/prob_best_h,0.20703125
70000,dense_rhs/gauss_mean_best_h,0.30852964520454407
70000,dense_rhs/gauss_post_std_best_h,1.0
70000,system/heartbeat,1.0
71992,episode/return,444.9718322753906
71992,episode/length,500.0
71993,episode/return,0.07319218665361404
71993,episode/length,500.0
71994,episode/return,391.95947265625
71994,episode/length,500.0
71995,episode/return,493.056640625
71995,episode/length,500.0
71996,episode/return,455.1539001464844
71996,episode/length,500.0
71997,episode/return,195.34983825683594
71997,episode/length,500.0
71998,episode/return,401.8746643066406
71998,episode/length,500.0
71999,episode/return,390.5486755371094
71999,episode/length,500.0
75992,episode/return,304.769775390625
75992,episode/length,500.0
75993,episode/return,396.9230041503906
75993,episode/length,500.0
75994,episode/return,374.04156494140625
75994,episode/length,500.0
75995,episode/return,312.6268310546875
75995,episode/length,500.0
75996,episode/return,265.1074523925781
75996,episode/length,500.0
75997,episode/return,437.1182556152344
75997,episode/length,500.0
75998,episode/return,395.1861572265625
75998,episode/length,500.0
75999,episode/return,314.2675476074219
75999,episode/length,500.0
79992,episode/return,289.5818176269531
79992,episode/length,500.0
79993,episode/return,215.60301208496094
79993,episode/length,500.0
79994,episode/return,335.3362121582031
79994,episode/length,500.0
79995,episode/return,119.67595672607422
79995,episode/length,500.0
79996,episode/return,310.6052551269531
79996,episode/length,500.0
79997,episode/return,212.003662109375
79997,episode/length,500.0
79998,episode/return,213.86727905273438
79998,episode/length,500.0
79999,episode/return,384.7446594238281
79999,episode/length,500.0
80000,train/consistency_loss_mean,4.868188912514597e-05
80000,train/consistency_loss_std,7.293619095693238e-06
80000,train/continue_loss_mean,0.0
80000,train/continue_loss_std,0.0
80000,train/grad_norm_mean,1.1451312467098236
80000,train/grad_norm_std,0.44536082958003104
80000,train/policy_log_std_mean,-0.801987579536438
80000,train/policy_log_std_std,0.5111428754441145
80000,train/policy_loss_mean,-0.17396444391012192
80000,train/policy_loss_std,0.010977762921618535
80000,train/reward_loss_mean,0.12223442585468292
80000,train/reward_loss_std,0.0098660006340731
80000,train/total_loss_mean,0.045438877582550045
80000,train/total_loss_std,0.002189311455611395
80000,train/value_loss_mean,0.32241795792579653
80000,train/value_loss_std,0.018682664166109093
80000,train/value_scale_mean,95.7160091430664
80000,train/value_scale_std,1.9368422204528084
80000,timing/collect_chunk_s,92.39371236274019
80000,timing/train_chunk_s,20.77220221515745
80000,dense_rhs/training_bucket_horizon,3.0
80000,system/heartbeat,1.0
83992,episode/return,270.86114501953125
83992,episode/length,500.0
83993,episode/return,373.5799255371094
83993,episode/length,500.0
83994,episode/return,68.57221984863281
83994,episode/length,500.0
83995,episode/return,456.53509521484375
83995,episode/length,500.0
83996,episode/return,375.6075744628906
83996,episode/length,500.0
83997,episode/return,218.52548217773438
83997,episode/length,500.0
83998,episode/return,364.2555236816406
83998,episode/length,500.0
83999,episode/return,370.4246826171875
83999,episode/length,500.0
87992,episode/return,376.6255187988281
87992,episode/length,500.0
87993,episode/return,247.6587677001953
87993,episode/length,500.0
87994,episode/return,9.490185220784042e-06
87994,episode/length,500.0
87995,episode/return,411.36724853515625
87995,episode/length,500.0
87996,episode/return,276.88018798828125
87996,episode/length,500.0
87997,episode/return,453.5924377441406
87997,episode/length,500.0
87998,episode/return,286.9031982421875
87998,episode/length,500.0
87999,episode/return,0.3643018305301666
87999,episode/length,500.0
90000,train/consistency_loss_mean,4.668099842383526e-05
90000,train/consistency_loss_std,5.291833333233876e-06
90000,train/continue_loss_mean,0.0
90000,train/continue_loss_std,0.0
90000,train/grad_norm_mean,1.0817825726032257
90000,train/grad_norm_std,0.4056293678348438
90000,train/policy_log_std_mean,-0.8168560572624206
90000,train/policy_log_std_std,0.4865679047728343
90000,train/policy_loss_mean,-0.18661670553684234
90000,train/policy_loss_std,0.010424200359784067
90000,train/reward_loss_mean,0.12614948496222497
90000,train/reward_loss_std,0.009895795056833185
90000,train/total_loss_mean,0.04588615931868553
90000,train/total_loss_std,0.0019511624768720486
90000,train/value_loss_mean,0.3233758989334106
90000,train/value_loss_std,0.01688378992679045
90000,train/value_scale_mean,100.54046868286133
90000,train/value_scale_std,1.0164694562953678
90000,timing/collect_chunk_s,90.56332786986604
90000,timing/train_chunk_s,20.719964110292494
90000,dense_rhs/training_bucket_horizon,3.0
90000,system/heartbeat,1.0
91992,episode/return,27.05038833618164
91992,episode/length,500.0
91993,episode/return,249.2519989013672
91993,episode/length,500.0
91994,episode/return,452.2497863769531
91994,episode/length,500.0
91995,episode/return,410.49041748046875
91995,episode/length,500.0
91996,episode/return,123.40277862548828
91996,episode/length,500.0
91997,episode/return,306.493896484375
91997,episode/length,500.0
91998,episode/return,278.5430908203125
91998,episode/length,500.0
91999,episode/return,198.92501831054688
91999,episode/length,500.0
95992,episode/return,427.38165283203125
95992,episode/length,500.0
95993,episode/return,253.75888061523438
95993,episode/length,500.0
95994,episode/return,177.51028442382812
95994,episode/length,500.0
95995,episode/return,214.84768676757812
95995,episode/length,500.0
95996,episode/return,131.01657104492188
95996,episode/length,500.0
95997,episode/return,242.4454803466797
95997,episode/length,500.0
95998,episode/return,277.22845458984375
95998,episode/length,500.0
95999,episode/return,379.0335998535156
95999,episode/length,500.0
99992,episode/return,523.1935424804688
99992,episode/length,500.0
99993,episode/return,432.4871826171875
99993,episode/length,500.0
99994,episode/return,192.11013793945312
99994,episode/length,500.0
99995,episode/return,424.97119140625
99995,episode/length,500.0
99996,episode/return,188.79379272460938
99996,episode/length,500.0
99997,episode/return,240.79373168945312
99997,episode/length,500.0
99998,episode/return,503.3819885253906
99998,episode/length,500.0
99999,episode/return,307.5789794921875
99999,episode/length,500.0
100000,train/consistency_loss_mean,4.514072546153329e-05
100000,train/consistency_loss_std,5.649334673597446e-06
100000,train/continue_loss_mean,0.0
100000,train/continue_loss_std,0.0
100000,train/grad_norm_mean,1.0295497059345244
100000,train/grad_norm_std,0.39306803891202396
100000,train/policy_log_std_mean,-0.797059325838089
100000,train/policy_log_std_std,0.46728683567057444
100000,train/policy_loss_mean,-0.191996630525589
100000,train/policy_loss_std,0.01043231319314809
100000,train/reward_loss_mean,0.12864941165447236
100000,train/reward_loss_std,0.009869276217939704
100000,train/total_loss_mean,0.04605042313635349
100000,train/total_loss_std,0.0019342518752040487
100000,train/value_loss_mean,0.32282666690349576
100000,train/value_loss_std,0.016434156222869367
100000,train/value_scale_mean,104.1190867614746
100000,train/value_scale_std,0.7128371484945633
100000,timing/collect_chunk_s,89.10010888148099
100000,timing/train_chunk_s,20.715504481457174
100000,dense_rhs/training_bucket_horizon,3.0
100000,system/heartbeat,1.0
100000,timing/checkpoint_blocking_s,0.44034744799137115
100000,eval/return_mean,286.717529296875
100000,eval/return_std,86.94735717773438
100000,eval/return_max,413.5989685058594
100000,eval/return_min,2.5819191932678223
100000,dense_rhs/deployment_utility_last_observed_gain,57.173858642578125
100000,dense_rhs/deployment_utility_observations,1.0
100000,timing/eval_s,6.839908883906901
100000,eval/selected_horizon,3.0
100000,eval/training_bucket_horizon,3.0
100000,system/heartbeat,1.0
103992,episode/return,426.07171630859375
103992,episode/length,500.0
103993,episode/return,234.60305786132812
103993,episode/length,500.0
103994,episode/return,430.99786376953125
103994,episode/length,500.0
103995,episode/return,311.8311462402344
103995,episode/length,500.0
103996,episode/return,229.871337890625
103996,episode/length,500.0
103997,episode/return,172.20147705078125
103997,episode/length,500.0
103998,episode/return,272.825927734375
103998,episode/length,500.0
103999,episode/return,394.5589904785156
103999,episode/length,500.0
107992,episode/return,204.77899169921875
107992,episode/length,500.0
107993,episode/return,407.4764099121094
107993,episode/length,500.0
107994,episode/return,249.00137329101562
107994,episode/length,500.0
107995,episode/return,410.1372985839844
107995,episode/length,500.0
107996,episode/return,413.4783935546875
107996,episode/length,500.0
107997,episode/return,272.1679992675781
107997,episode/length,500.0
107998,episode/return,315.1634216308594
107998,episode/length,500.0
107999,episode/return,417.2717590332031
107999,episode/length,500.0
110000,train/consistency_loss_mean,4.31481317646103e-05
110000,train/consistency_loss_std,5.406921660085198e-06
110000,train/continue_loss_mean,0.0
110000,train/continue_loss_std,0.0
110000,train/grad_norm_mean,0.9734126350402832
110000,train/grad_norm_std,0.38608339853487333
110000,train/policy_log_std_mean,-0.8081782071113587
110000,train/policy_log_std_std,0.45584143904165736
110000,train/policy_loss_mean,-0.19964629389047622
110000,train/policy_loss_std,0.010059096257846905
110000,train/reward_loss_mean,0.1322165067791939
110000,train/reward_loss_std,0.010039450929270723
110000,train/total_loss_mean,0.04630810635685921
110000,train/total_loss_std,0.0018843999580047171
110000,train/value_loss_mean,0.3222349177837372
110000,train/value_loss_std,0.015867911838002912
110000,train/value_scale_mean,107.13080825805665
110000,train/value_scale_std,1.305736181432538
110000,timing/collect_chunk_s,90.86219972046092
110000,timing/train_chunk_s,20.664655634202063
110000,dense_rhs/training_bucket_horizon,3.0
110000,system/heartbeat,1.0
111992,episode/return,425.2312316894531
111992,episode/length,500.0
111993,episode/return,351.27008056640625
111993,episode/length,500.0
111994,episode/return,461.2352600097656
111994,episode/length,500.0
111995,episode/return,121.79357147216797
111995,episode/length,500.0
111996,episode/return,331.4713134765625
111996,episode/length,500.0
111997,episode/return,366.0337829589844
111997,episode/length,500.0
111998,episode/return,26.27350425720215
111998,episode/length,500.0
111999,episode/return,436.2363586425781
111999,episode/length,500.0
115992,episode/return,397.3814392089844
115992,episode/length,500.0
115993,episode/return,330.2623291015625
115993,episode/length,500.0
115994,episode/return,499.1846008300781
115994,episode/length,500.0
115995,episode/return,189.03125
115995,episode/length,500.0
115996,episode/return,1.7103693039643986e-07
115996,episode/length,500.0
115997,episode/return,349.4053955078125
115997,episode/length,500.0
115998,episode/return,255.33453369140625
115998,episode/length,500.0
115999,episode/return,448.4320373535156
115999,episode/length,500.0
119992,episode/return,380.8372802734375
119992,episode/length,500.0
119993,episode/return,445.32305908203125
119993,episode/length,500.0
119994,episode/return,410.74658203125
119994,episode/length,500.0
119995,episode/return,273.0355224609375
119995,episode/length,500.0
119996,episode/return,533.9732055664062
119996,episode/length,500.0
119997,episode/return,509.9700622558594
119997,episode/length,500.0
119998,episode/return,357.4083557128906
119998,episode/length,500.0
119999,episode/return,67.22674560546875
119999,episode/length,500.0
120000,train/consistency_loss_mean,4.209193086717278e-05
120000,train/consistency_loss_std,4.612290547601035e-06
120000,train/continue_loss_mean,0.0
120000,train/continue_loss_std,0.0
120000,train/grad_norm_mean,0.935112413263321
120000,train/grad_norm_std,0.3765127626233133
120000,train/policy_log_std_mean,-0.7756723880767822
120000,train/policy_log_std_std,0.4348411819133106
120000,train/policy_loss_mean,-0.2028124169230461
120000,train/policy_loss_std,0.009924024244026372
120000,train/reward_loss_mean,0.13536229883432388
120000,train/reward_loss_std,0.010173827290603022
120000,train/total_loss_mean,0.046723382502794265
120000,train/total_loss_std,0.00184878253063796
120000,train/value_loss_mean,0.3234531260251999
120000,train/value_loss_std,0.015433141543334302
120000,train/value_scale_mean,111.5886067565918
120000,train/value_scale_std,1.377421140288614
120000,timing/collect_chunk_s,93.8314949288033
120000,timing/train_chunk_s,20.676859232597053
120000,dense_rhs/training_bucket_horizon,3.0
120000,system/heartbeat,1.0
120000,dense_rhs/selected_horizon,3.0
120000,dense_rhs/proposed_horizon,3.0
120000,dense_rhs/phase_id,0.0
120000,dense_rhs/num_active_horizons,7.0
120000,dense_rhs/num_candidate_horizons,3.0
120000,dense_rhs/entropy,1.6650114059448242
120000,dense_rhs/norm_entropy,0.855646550655365
120000,dense_rhs/best_fitness,0.03162277489900589
120000,dense_rhs/deployment_score_best,1.0648498749432633e-10
120000,dense_rhs/incumbent_deployment_score,1.0648498749432633e-10
120000,dense_rhs/proposed_deployment_score,1.0648498749432633e-10
120000,dense_rhs/proposed_transition_cost,0.0
120000,dense_rhs/proposed_switch_probability,0.5
120000,dense_rhs/proposed_expected_net_benefit,0.0
120000,dense_rhs/transition_cost_best,0.0
120000,dense_rhs/transition_adjusted_score_best,1.0648498749432633e-10
120000,dense_rhs/switch_probability_best,0.5
120000,dense_rhs/expected_improvement_best,0.564189612865448
120000,dense_rhs/expected_loss_best,0.564189612865448
120000,dense_rhs/expected_net_benefit_best,0.0
120000,dense_rhs/return_term_best,0.10872862488031387
120000,dense_rhs/roughness_term_best,0.9558730125427246
120000,dense_rhs/return_std_term_best,0.0
120000,dense_rhs/learner_proxy_term_best,0.7970996499061584
120000,dense_rhs/model_prefix_loss_best,0.2590236961841583
120000,dense_rhs/model_probe_prefix_best,0.07888122648000717
120000,dense_rhs/planner_return_best,121.15878295898438
120000,dense_rhs/roughness_best,0.039732690900564194
120000,dense_rhs/robust_return_best,11.381240844726562
120000,timing/query_model_diag_s,14.277510812040418
120000,timing/query_env_eval_s,5.0958813657052815
120000,timing/query_finalize_s,0.7888153530657291
120000,timing/query_total_s,20.167253968771547
120000,dense_rhs/candidate_3_fitness,0.03162277489900589
120000,dense_rhs/candidate_3_deployment_score,1.0648498749432633e-10
120000,dense_rhs/candidate_3_transition_cost,0.0
120000,dense_rhs/candidate_3_transition_adjusted_score,1.0648498749432633e-10
120000,dense_rhs/candidate_3_switch_probability,0.5
120000,dense_rhs/candidate_3_expected_net_benefit,0.0
120000,dense_rhs/candidate_3_return,11.381240844726562
120000,dense_rhs/candidate_3_return_term,0.10872862488031387
120000,dense_rhs/candidate_3_roughness_term,0.9558730125427246
120000,dense_rhs/candidate_3_return_std_term,0.0
120000,dense_rhs/candidate_3_learner_proxy_term,0.7970996499061584
120000,dense_rhs/candidate_2_fitness,0.03162277489900589
120000,dense_rhs/candidate_2_deployment_score,2.357593152609976e-25
120000,dense_rhs/candidate_2_transition_cost,0.03927000239491463
120000,dense_rhs/candidate_2_transition_adjusted_score,-0.03927000239491463
120000,dense_rhs/candidate_2_switch_probability,0.4889235496520996
120000,dense_rhs/candidate_2_expected_net_benefit,-0.039269983768463135
120000,dense_rhs/candidate_2_return,-2.6733970642089844
120000,dense_rhs/candidate_2_return_term,0.0
120000,dense_rhs/candidate_2_roughness_term,1.0
120000,dense_rhs/candidate_2_return_std_term,0.23575931787490845
120000,dense_rhs/candidate_2_learner_proxy_term,1.0
120000,dense_rhs/candidate_4_fitness,0.25041472911834717
120000,dense_rhs/candidate_4_deployment_score,3.510152964736335e-06
120000,dense_rhs/candidate_4_transition_cost,0.04742221534252167
120000,dense_rhs/candidate_4_transition_adjusted_score,-0.047418706119060516
120000,dense_rhs/candidate_4_switch_probability,0.48662593960762024
120000,dense_rhs/candidate_4_expected_net_benefit,-0.04741871356964111
120000,dense_rhs/candidate_4_return,11.673027038574219
120000,dense_rhs/candidate_4_return_term,0.11098592728376389
120000,dense_rhs/candidate_4_roughness_term,0.9244344234466553
120000,dense_rhs/candidate_4_return_std_term,0.038316428661346436
120000,dense_rhs/candidate_4_learner_proxy_term,0.6531203985214233
120000,dense_rhs/deployment_utility_enabled,1.0
120000,dense_rhs/deployment_utility_observations,1.0
120000,dense_rhs/deployment_utility_last_observed_gain,57.173858642578125
120000,dense_rhs/candidate_2_expected_eval_gain,0.0
120000,dense_rhs/candidate_2_eval_gain_uncertainty,150.0
120000,dense_rhs/candidate_2_deployment_utility_score,37.5
120000,dense_rhs/candidate_3_expected_eval_gain,57.173858642578125
120000,dense_rhs/candidate_3_eval_gain_uncertainty,106.06601717798212
120000,dense_rhs/candidate_3_deployment_utility_score,83.69066629988595
120000,dense_rhs/candidate_4_expected_eval_gain,0.0
120000,dense_rhs/candidate_4_eval_gain_uncertainty,150.0
120000,dense_rhs/candidate_4_deployment_utility_score,47.5
120000,dense_rhs/deployment_utility_override,0.0
120000,dense_rhs/deployment_utility_selected_expected_gain,57.173858642578125
120000,dense_rhs/deployment_utility_selected_uncertainty,106.06601717798212
120000,dense_rhs/deployment_utility_selected_score,83.69066629988595
120000,dense_rhs/deployment_utility_proposed_horizon,3.0
120000,dense_rhs/deployment_utility_proposed_expected_gain,57.173858642578125
120000,dense_rhs/deployment_utility_proposed_uncertainty,106.06601717798212
120000,dense_rhs/deployment_utility_proposed_score,83.69066629988595
120000,dense_rhs/previous_horizon,3.0
120000,dense_rhs/training_bucket_horizon,3.0
120000,dense_rhs/best_h,3.0
120000,dense_rhs/prob_best_h,0.072265625
120000,dense_rhs/gauss_mean_best_h,0.17007620632648468
120000,dense_rhs/gauss_post_std_best_h,0.0979013666510582
120000,system/heartbeat,1.0
123992,episode/return,337.4993896484375
123992,episode/length,500.0
123993,episode/return,433.1136474609375
123993,episode/length,500.0
123994,episode/return,321.9007873535156
123994,episode/length,500.0
123995,episode/return,523.8599853515625
123995,episode/length,500.0
123996,episode/return,137.1221923828125
123996,episode/length,500.0
123997,episode/return,258.2598571777344
123997,episode/length,500.0
123998,episode/return,149.75790405273438
123998,episode/length,500.0
123999,episode/return,210.1607208251953
123999,episode/length,500.0
127992,episode/return,244.45660400390625
127992,episode/length,500.0
127993,episode/return,512.5075073242188
127993,episode/length,500.0
127994,episode/return,402.3663635253906
127994,episode/length,500.0
127995,episode/return,329.15960693359375
127995,episode/length,500.0
127996,episode/return,506.03369140625
127996,episode/length,500.0
127997,episode/return,398.0474853515625
127997,episode/length,500.0
127998,episode/return,246.77581787109375
127998,episode/length,500.0
127999,episode/return,395.4366149902344
127999,episode/length,500.0
130000,train/consistency_loss_mean,4.144217955472414e-05
130000,train/consistency_loss_std,4.443233716416249e-06
130000,train/continue_loss_mean,0.0
130000,train/continue_loss_std,0.0
130000,train/grad_norm_mean,0.901064289188385
130000,train/grad_norm_std,0.35430765273745524
130000,train/policy_log_std_mean,-0.7583182532310486
130000,train/policy_log_std_std,0.41300604837950433
130000,train/policy_loss_mean,-0.20644045461416244
130000,train/policy_loss_std,0.009986362794335634
130000,train/reward_loss_mean,0.13869860365390776
130000,train/reward_loss_std,0.010205631268324692
130000,train/total_loss_mean,0.047063869339227675
130000,train/total_loss_std,0.0017876575967985446
130000,train/value_loss_mean,0.323651642203331
130000,train/value_loss_std,0.014957496840880435
130000,train/value_scale_mean,115.67192857055664
130000,train/value_scale_std,1.0383938856677994
130000,timing/collect_chunk_s,87.65791096165776
130000,timing/train_chunk_s,20.754329409450293
130000,dense_rhs/training_bucket_horizon,3.0
130000,system/heartbeat,1.0
131992,episode/return,38.705814361572266
131992,episode/length,500.0
131993,episode/return,441.9513854980469
131993,episode/length,500.0
131994,episode/return,373.2529296875
131994,episode/length,500.0
131995,episode/return,465.5953063964844
131995,episode/length,500.0
131996,episode/return,378.0193786621094
131996,episode/length,500.0
131997,episode/return,429.1623229980469
131997,episode/length,500.0
131998,episode/return,503.6397399902344
131998,episode/length,500.0
131999,episode/return,290.80426025390625
131999,episode/length,500.0
135992,episode/return,478.76007080078125
135992,episode/length,500.0
135993,episode/return,314.8074951171875
135993,episode/length,500.0
135994,episode/return,216.17617797851562
135994,episode/length,500.0
135995,episode/return,471.19134521484375
135995,episode/length,500.0
135996,episode/return,468.4642333984375
135996,episode/length,500.0
135997,episode/return,32.43880844116211
135997,episode/length,500.0
135998,episode/return,438.88934326171875
135998,episode/length,500.0
135999,episode/return,435.8091735839844
135999,episode/length,500.0
139992,episode/return,0.6762747764587402
139992,episode/length,500.0
139993,episode/return,271.4661865234375
139993,episode/length,500.0
139994,episode/return,336.3173522949219
139994,episode/length,500.0
139995,episode/return,345.6832275390625
139995,episode/length,500.0
139996,episode/return,300.0514221191406
139996,episode/length,500.0
139997,episode/return,169.3564910888672
139997,episode/length,500.0
139998,episode/return,233.09317016601562
139998,episode/length,500.0
139999,episode/return,484.4066162109375
139999,episode/length,500.0
140000,train/consistency_loss_mean,4.0311913372715935e-05
140000,train/consistency_loss_std,4.2850554878978505e-06
140000,train/continue_loss_mean,0.0
140000,train/continue_loss_std,0.0
140000,train/grad_norm_mean,0.8689749397754669
140000,train/grad_norm_std,0.3473887349287841
140000,train/policy_log_std_mean,-0.7340335671901703
140000,train/policy_log_std_std,0.3819295786306427
140000,train/policy_loss_mean,-0.21231087847948074
140000,train/policy_loss_std,0.010042956699532328
140000,train/reward_loss_mean,0.1421473528265953
140000,train/reward_loss_std,0.010260118061051446
140000,train/total_loss_mean,0.04697194707393646
140000,train/total_loss_std,0.0017724753305628706
140000,train/value_loss_mean,0.3195097205877304
140000,train/value_loss_std,0.014818435966649952
140000,train/value_scale_mean,118.94115365600587
140000,train/value_scale_std,1.3682601099210596
140000,timing/collect_chunk_s,90.47666353685781
140000,timing/train_chunk_s,20.66609048191458
140000,dense_rhs/training_bucket_horizon,3.0
140000,system/heartbeat,1.0
143992,episode/return,325.01141357421875
143992,episode/length,500.0
143993,episode/return,283.2056579589844
143993,episode/length,500.0
143994,episode/return,279.1769104003906
143994,episode/length,500.0
143995,episode/return,594.9017333984375
143995,episode/length,500.0
143996,episode/return,484.7530212402344
143996,episode/length,500.0
143997,episode/return,332.5130310058594
143997,episode/length,500.0
143998,episode/return,299.8702392578125
143998,episode/length,500.0
143999,episode/return,513.5223999023438
143999,episode/length,500.0
147992,episode/return,272.7510070800781
147992,episode/length,500.0
147993,episode/return,384.6251525878906
147993,episode/length,500.0
147994,episode/return,396.4891357421875
147994,episode/length,500.0
147995,episode/return,274.09326171875
147995,episode/length,500.0
147996,episode/return,391.588134765625
147996,episode/length,500.0
147997,episode/return,133.4793701171875
147997,episode/length,500.0
147998,episode/return,390.2740478515625
147998,episode/length,500.0
147999,episode/return,228.3816375732422
147999,episode/length,500.0
150000,train/consistency_loss_mean,3.991528328333516e-05
150000,train/consistency_loss_std,4.200230314344028e-06
150000,train/continue_loss_mean,0.0
150000,train/continue_loss_std,0.0
150000,train/grad_norm_mean,0.8636467471599579
150000,train/grad_norm_std,0.34394320904164677
150000,train/policy_log_std_mean,-0.7223223839759827
150000,train/policy_log_std_std,0.37427036314042356
150000,train/policy_loss_mean,-0.2138100732088089
150000,train/policy_loss_std,0.010040948420638709
150000,train/reward_loss_mean,0.1437516404747963
150000,train/reward_loss_std,0.01024214990101138
150000,train/total_loss_mean,0.04708791497051716
150000,train/total_loss_std,0.0017426775387196784
150000,train/value_loss_mean,0.3191444377422333
150000,train/value_loss_std,0.014589093234682665
150000,train/value_scale_mean,121.94798592529297
150000,train/value_scale_std,1.1190665818208179
150000,timing/collect_chunk_s,86.9901368948631
150000,timing/train_chunk_s,20.63997112167999
150000,dense_rhs/training_bucket_horizon,3.0
150000,system/heartbeat,1.0
150000,timing/checkpoint_blocking_s,0.4216617690399289
150000,eval/return_mean,359.51751708984375
150000,eval/return_std,146.9602508544922
150000,eval/return_max,578.4524536132812
150000,eval/return_min,0.13711625337600708
150000,dense_rhs/deployment_utility_last_observed_gain,72.79998779296875
150000,dense_rhs/deployment_utility_observations,2.0
150000,timing/eval_s,6.854044749867171
150000,eval/selected_horizon,3.0
150000,eval/training_bucket_horizon,3.0
150000,system/heartbeat,1.0
151992,episode/return,516.5951538085938
151992,episode/length,500.0
151993,episode/return,114.30073547363281
151993,episode/length,500.0
151994,episode/return,439.74371337890625
151994,episode/length,500.0
151995,episode/return,228.64060974121094
151995,episode/length,500.0
151996,episode/return,376.2173156738281
151996,episode/length,500.0
151997,episode/return,405.36322021484375
151997,episode/length,500.0
151998,episode/return,330.9571838378906
151998,episode/length,500.0
151999,episode/return,384.6035461425781
151999,episode/length,500.0
155992,episode/return,185.5322723388672
155992,episode/length,500.0
155993,episode/return,447.1943054199219
155993,episode/length,500.0
155994,episode/return,345.52490234375
155994,episode/length,500.0
155995,episode/return,103.05549621582031
155995,episode/length,500.0
155996,episode/return,391.0476379394531
155996,episode/length,500.0
155997,episode/return,268.02294921875
155997,episode/length,500.0
155998,episode/return,212.5872039794922
155998,episode/length,500.0
155999,episode/return,362.4828796386719
155999,episode/length,500.0
159992,episode/return,236.84547424316406
159992,episode/length,500.0
159993,episode/return,340.5035400390625
159993,episode/length,500.0
159994,episode/return,554.2918701171875
159994,episode/length,500.0
159995,episode/return,249.4044647216797
159995,episode/length,500.0
159996,episode/return,436.94195556640625
159996,episode/length,500.0
159997,episode/return,482.65838623046875
159997,episode/length,500.0
159998,episode/return,243.08860778808594
159998,episode/length,500.0
159999,episode/return,201.43167114257812
159999,episode/length,500.0
160000,train/consistency_loss_mean,3.925178005301859e-05
160000,train/consistency_loss_std,4.336471313460996e-06
160000,train/continue_loss_mean,0.0
160000,train/continue_loss_std,0.0
160000,train/grad_norm_mean,0.8463084390640259
160000,train/grad_norm_std,0.33910440587489526
160000,train/policy_log_std_mean,-0.7070847945690155
160000,train/policy_log_std_std,0.3615216123126285
160000,train/policy_loss_mean,-0.21670782953500747
160000,train/policy_loss_std,0.010246717714745545
160000,train/reward_loss_mean,0.14574264101982118
160000,train/reward_loss_std,0.010391147930887733
160000,train/total_loss_mean,0.04716991813182831
160000,train/total_loss_std,0.0017760047151361693
160000,train/value_loss_mean,0.3181061707258224
160000,train/value_loss_std,0.01457104987005469
160000,train/value_scale_mean,123.48043201904296
160000,train/value_scale_std,0.549237923634992
160000,timing/collect_chunk_s,90.48552661994472
160000,timing/train_chunk_s,20.633882781490684
160000,dense_rhs/training_bucket_horizon,3.0
160000,system/heartbeat,1.0
163992,episode/return,388.8135681152344
163992,episode/length,500.0
163993,episode/return,28.941516876220703
163993,episode/length,500.0
163994,episode/return,441.574951171875
163994,episode/length,500.0
163995,episode/return,457.00579833984375
163995,episode/length,500.0
163996,episode/return,430.90509033203125
163996,episode/length,500.0
163997,episode/return,164.78076171875
163997,episode/length,500.0
163998,episode/return,243.50331115722656
163998,episode/length,500.0
163999,episode/return,311.4557189941406
163999,episode/length,500.0
167992,episode/return,505.8992919921875
167992,episode/length,500.0
167993,episode/return,308.2244567871094
167993,episode/length,500.0
167994,episode/return,509.1241760253906
167994,episode/length,500.0
167995,episode/return,0.0027575280983000994
167995,episode/length,500.0
167996,episode/return,294.5025939941406
167996,episode/length,500.0
167997,episode/return,500.9443359375
167997,episode/length,500.0
167998,episode/return,356.1463928222656
167998,episode/length,500.0
167999,episode/return,392.5437316894531
167999,episode/length,500.0
170000,train/consistency_loss_mean,3.8455152747337704e-05
170000,train/consistency_loss_std,3.8340239199019614e-06
170000,train/continue_loss_mean,0.0
170000,train/continue_loss_std,0.0
170000,train/grad_norm_mean,0.8105931227684021
170000,train/grad_norm_std,0.3350340218499795
170000,train/policy_log_std_mean,-0.6880983570098876
170000,train/policy_log_std_std,0.3505005165729846
170000,train/policy_loss_mean,-0.21827814950942992
170000,train/policy_loss_std,0.010011956613478057
170000,train/reward_loss_mean,0.14722711913585662
170000,train/reward_loss_std,0.010351669256150626
170000,train/total_loss_mean,0.04719789523780346
170000,train/total_loss_std,0.0016896335264088432
170000,train/value_loss_mean,0.31706079115867614
170000,train/value_loss_std,0.01380109249708448
170000,train/value_scale_mean,125.98894398803711
170000,train/value_scale_std,1.389760758817608
170000,timing/collect_chunk_s,87.82131442427635
170000,timing/train_chunk_s,20.663250971585512
170000,dense_rhs/training_bucket_horizon,3.0
170000,system/heartbeat,1.0
170000,dense_rhs/selected_horizon,3.0
170000,dense_rhs/proposed_horizon,3.0
170000,dense_rhs/phase_id,0.0
170000,dense_rhs/num_active_horizons,7.0
170000,dense_rhs/num_candidate_horizons,3.0
170000,dense_rhs/entropy,1.7079455852508545
170000,dense_rhs/norm_entropy,0.8777103424072266
170000,dense_rhs/best_fitness,0.03162277489900589
170000,dense_rhs/deployment_score_best,7.525394933540501e-31
170000,dense_rhs/incumbent_deployment_score,7.525394933540501e-31
170000,dense_rhs/proposed_deployment_score,7.525394933540501e-31
170000,dense_rhs/proposed_transition_cost,0.0
170000,dense_rhs/proposed_switch_probability,0.5
170000,dense_rhs/proposed_expected_net_benefit,0.0
170000,dense_rhs/transition_cost_best,0.0
170000,dense_rhs/transition_adjusted_score_best,7.525394933540501e-31
170000,dense_rhs/switch_probability_best,0.5
170000,dense_rhs/expected_improvement_best,0.05523493140935898
170000,dense_rhs/expected_loss_best,0.05523493140935898
170000,dense_rhs/expected_net_benefit_best,0.0
170000,dense_rhs/return_term_best,0.0
170000,dense_rhs/roughness_term_best,0.9279829859733582
170000,dense_rhs/return_std_term_best,0.0
170000,dense_rhs/learner_proxy_term_best,0.8109410405158997
170000,dense_rhs/model_prefix_loss_best,0.23754379153251648
170000,dense_rhs/model_probe_prefix_best,0.07472556084394455
170000,dense_rhs/planner_return_best,129.8257293701172
170000,dense_rhs/roughness_best,0.03874824196100235
170000,dense_rhs/robust_return_best,2.4417572021484375
170000,timing/query_model_diag_s,0.012114910874515772
170000,timing/query_env_eval_s,5.097522752825171
170000,timing/query_finalize_s,0.004433981142938137
170000,timing/query_total_s,5.1193984928540885
170000,dense_rhs/candidate_3_fitness,0.03162277489900589
170000,dense_rhs/candidate_3_deployment_score,7.525394933540501e-31
170000,dense_rhs/candidate_3_transition_cost,0.0
170000,dense_rhs/candidate_3_transition_adjusted_score,7.525394933540501e-31
170000,dense_rhs/candidate_3_switch_probability,0.5
170000,dense_rhs/candidate_3_expected_net_benefit,0.0
170000,dense_rhs/candidate_3_return,2.4417572021484375
170000,dense_rhs/candidate_3_return_term,0.0
170000,dense_rhs/candidate_3_roughness_term,0.9279829859733582
170000,dense_rhs/candidate_3_return_std_term,0.0
170000,dense_rhs/candidate_3_learner_proxy_term,0.8109410405158997
170000,dense_rhs/candidate_4_fitness,0.19007597863674164
170000,dense_rhs/candidate_4_deployment_score,1.005082097549348e-07
170000,dense_rhs/candidate_4_transition_cost,0.046706631779670715
170000,dense_rhs/candidate_4_transition_adjusted_score,-0.04670653119683266
170000,dense_rhs/candidate_4_switch_probability,0.3540791869163513
170000,dense_rhs/candidate_4_expected_net_benefit,-0.046706534922122955
170000,dense_rhs/candidate_4_return,8.698188781738281
170000,dense_rhs/candidate_4_return_term,0.04878165200352669
170000,dense_rhs/candidate_4_roughness_term,0.833924412727356
170000,dense_rhs/candidate_4_return_std_term,0.03206217288970947
170000,dense_rhs/candidate_4_learner_proxy_term,0.6638284921646118
170000,dense_rhs/candidate_2_fitness,0.28180378675460815
170000,dense_rhs/candidate_2_deployment_score,2.495938588253921e-06
170000,dense_rhs/candidate_2_transition_cost,0.04514073580503464
170000,dense_rhs/candidate_2_transition_adjusted_score,-0.04513823986053467
170000,dense_rhs/candidate_2_switch_probability,0.3406801223754883
170000,dense_rhs/candidate_2_expected_net_benefit,-0.04513823986053467
170000,dense_rhs/candidate_2_return,11.858673095703125
170000,dense_rhs/candidate_2_return_term,0.0734240785241127
170000,dense_rhs/candidate_2_roughness_term,1.0
170000,dense_rhs/candidate_2_return_std_term,0.08587759733200073
170000,dense_rhs/candidate_2_learner_proxy_term,1.0
170000,dense_rhs/deployment_utility_enabled,1.0
170000,dense_rhs/deployment_utility_observations,2.0
170000,dense_rhs/deployment_utility_last_observed_gain,72.79998779296875
170000,dense_rhs/candidate_2_expected_eval_gain,0.0
170000,dense_rhs/candidate_2_eval_gain_uncertainty,150.0
170000,dense_rhs/candidate_2_deployment_utility_score,47.5
170000,dense_rhs/candidate_3_expected_eval_gain,64.98692321777344
170000,dense_rhs/candidate_3_eval_gain_uncertainty,4.510874935684943
170000,dense_rhs/candidate_3_deployment_utility_score,66.11464195169468
170000,dense_rhs/candidate_4_expected_eval_gain,0.0
170000,dense_rhs/candidate_4_eval_gain_uncertainty,150.0
170000,dense_rhs/candidate_4_deployment_utility_score,37.902687030153444
170000,dense_rhs/deployment_utility_override,0.0
170000,dense_rhs/deployment_utility_selected_expected_gain,64.98692321777344
170000,dense_rhs/deployment_utility_selected_uncertainty,4.510874935684943
170000,dense_rhs/deployment_utility_selected_score,66.11464195169468
170000,dense_rhs/deployment_utility_proposed_horizon,3.0
170000,dense_rhs/deployment_utility_proposed_expected_gain,64.98692321777344
170000,dense_rhs/deployment_utility_proposed_uncertainty,4.510874935684943
170000,dense_rhs/deployment_utility_proposed_score,66.11464195169468
170000,dense_rhs/previous_horizon,3.0
170000,dense_rhs/training_bucket_horizon,3.0
170000,dense_rhs/best_h,3.0
170000,dense_rhs/prob_best_h,0.03515625
170000,dense_rhs/gauss_mean_best_h,0.12392506003379822
170000,dense_rhs/gauss_post_std_best_h,0.07536451518535614
170000,system/heartbeat,1.0
171992,episode/return,471.20355224609375
171992,episode/length,500.0
171993,episode/return,114.41117095947266
171993,episode/length,500.0
171994,episode/return,407.69085693359375
171994,episode/length,500.0
171995,episode/return,306.52142333984375
171995,episode/length,500.0
171996,episode/return,398.6329650878906
171996,episode/length,500.0
171997,episode/return,293.418701171875
171997,episode/length,500.0
171998,episode/return,292.0488586425781
171998,episode/length,500.0
171999,episode/return,580.7401123046875
171999,episode/length,500.0
175992,episode/return,542.2713623046875
175992,episode/length,500.0
175993,episode/return,379.10516357421875
175993,episode/length,500.0
175994,episode/return,152.0987548828125
175994,episode/length,500.0
175995,episode/return,273.7251892089844
175995,episode/length,500.0
175996,episode/return,364.4927673339844
175996,episode/length,500.0
175997,episode/return,449.6846923828125
175997,episode/length,500.0
175998,episode/return,510.01373291015625
175998,episode/length,500.0
175999,episode/return,507.48333740234375
175999,episode/length,500.0
179992,episode/return,13.978979110717773
179992,episode/length,500.0
179993,episode/return,348.4281921386719
179993,episode/length,500.0
179994,episode/return,624.5484619140625
179994,episode/length,500.0
179995,episode/return,0.07071203738451004
179995,episode/length,500.0
179996,episode/return,531.67919921875
179996,episode/length,500.0
179997,episode/return,351.0989685058594
179997,episode/length,500.0
179998,episode/return,433.4476013183594
179998,episode/length,500.0
179999,episode/return,361.0505065917969
179999,episode/length,500.0
180000,train/consistency_loss_mean,3.856147269543726e-05
180000,train/consistency_loss_std,3.57823001616684e-06
180000,train/continue_loss_mean,0.0
180000,train/continue_loss_std,0.0
180000,train/grad_norm_mean,0.8037873252868653
180000,train/grad_norm_std,0.3291930046369438
180000,train/policy_log_std_mean,-0.6776842125892639
180000,train/policy_log_std_std,0.3374471334417749
180000,train/policy_loss_mean,-0.21743112717866897
180000,train/policy_loss_std,0.009920231074278153
180000,train/reward_loss_mean,0.14965183656215666
180000,train/reward_loss_std,0.010362125515271598
180000,train/total_loss_mean,0.04748997951745987
180000,train/total_loss_std,0.0016964359213033936
180000,train/value_loss_mean,0.31753565113544463
180000,train/value_loss_std,0.013883563745553074
180000,train/value_scale_mean,130.24998696289063
180000,train/value_scale_std,1.350309887328939
180000,timing/collect_chunk_s,90.97789076156914
180000,timing/train_chunk_s,20.678993796464056
180000,dense_rhs/training_bucket_horizon,3.0
180000,system/heartbeat,1.0
183992,episode/return,314.2669982910156
183992,episode/length,500.0
183993,episode/return,428.6868896484375
183993,episode/length,500.0
183994,episode/return,313.19439697265625
183994,episode/length,500.0
183995,episode/return,445.0340270996094
183995,episode/length,500.0
183996,episode/return,433.1971130371094
183996,episode/length,500.0
183997,episode/return,370.71917724609375
183997,episode/length,500.0
183998,episode/return,370.43182373046875
183998,episode/length,500.0
183999,episode/return,356.08868408203125
183999,episode/length,500.0
187992,episode/return,456.7323303222656
187992,episode/length,500.0
187993,episode/return,238.37120056152344
187993,episode/length,500.0
187994,episode/return,401.7593078613281
187994,episode/length,500.0
187995,episode/return,271.11236572265625
187995,episode/length,500.0
187996,episode/return,365.70343017578125
187996,episode/length,500.0
187997,episode/return,287.45513916015625
187997,episode/length,500.0
187998,episode/return,219.7178955078125
187998,episode/length,500.0
187999,episode/return,385.8912048339844
187999,episode/length,500.0
190000,train/consistency_loss_mean,3.845666141714901e-05
190000,train/consistency_loss_std,4.115265303482733e-06
190000,train/continue_loss_mean,0.0
190000,train/continue_loss_std,0.0
190000,train/grad_norm_mean,0.7851001708507538
190000,train/grad_norm_std,0.3244216801284998
190000,train/policy_log_std_mean,-0.6721182538032532
190000,train/policy_log_std_std,0.3255719281200742
190000,train/policy_loss_mean,-0.21646993970870973
190000,train/policy_loss_std,0.00988229865673071
190000,train/reward_loss_mean,0.15128108693361283
190000,train/reward_loss_std,0.010376251421110495
190000,train/total_loss_mean,0.04751033264994621
190000,train/total_loss_std,0.001742305147417209
190000,train/value_loss_mean,0.31613089594841004
190000,train/value_loss_std,0.014375479441788599
190000,train/value_scale_mean,134.22646489257812
190000,train/value_scale_std,1.045090727636708
190000,timing/collect_chunk_s,88.3620329159312
190000,timing/train_chunk_s,20.689271143637598
190000,dense_rhs/training_bucket_horizon,3.0
190000,system/heartbeat,1.0
191992,episode/return,273.43182373046875
191992,episode/length,500.0
191993,episode/return,441.3414306640625
191993,episode/length,500.0
191994,episode/return,555.483642578125
191994,episode/length,500.0
191995,episode/return,500.1659240722656
191995,episode/length,500.0
191996,episode/return,387.3412780761719
191996,episode/length,500.0
191997,episode/return,426.727294921875
191997,episode/length,500.0
191998,episode/return,218.85890197753906
191998,episode/length,500.0
191999,episode/return,520.7099609375
191999,episode/length,500.0
195992,episode/return,465.4225769042969
195992,episode/length,500.0
195993,episode/return,185.6669921875
195993,episode/length,500.0
195994,episode/return,534.7806396484375
195994,episode/length,500.0
195995,episode/return,460.48016357421875
195995,episode/length,500.0
195996,episode/return,445.59466552734375
195996,episode/length,500.0
195997,episode/return,447.410400390625
195997,episode/length,500.0
195998,episode/return,456.7286071777344
195998,episode/length,500.0
195999,episode/return,407.1370849609375
195999,episode/length,500.0
199992,episode/return,427.9980773925781
199992,episode/length,500.0
199993,episode/return,264.9874267578125
199993,episode/length,500.0
199994,episode/return,538.1093139648438
199994,episode/length,500.0
199995,episode/return,335.7388916015625
199995,episode/length,500.0
199996,episode/return,511.9866943359375
199996,episode/length,500.0
199997,episode/return,374.861572265625
199997,episode/length,500.0
199998,episode/return,579.4942016601562
199998,episode/length,500.0
199999,episode/return,279.2961120605469
199999,episode/length,500.0
200000,train/consistency_loss_mean,3.774998276494444e-05
200000,train/consistency_loss_std,3.2509124017740145e-06
200000,train/continue_loss_mean,0.0
200000,train/continue_loss_std,0.0
200000,train/grad_norm_mean,0.7668691917419433
200000,train/grad_norm_std,0.30179847677854044
200000,train/policy_log_std_mean,-0.6724280440807342
200000,train/policy_log_std_std,0.3187764341606858
200000,train/policy_loss_mean,-0.2206968206524849
200000,train/policy_loss_std,0.009799835273186903
200000,train/reward_loss_mean,0.15391059571504592
200000,train/reward_loss_std,0.010521346757768954
200000,train/total_loss_mean,0.04773446612656117
200000,train/total_loss_std,0.0016549626392219647
200000,train/value_loss_mean,0.31588406028747557
200000,train/value_loss_std,0.01361458049157513
200000,train/value_scale_mean,135.70762729492188
200000,train/value_scale_std,0.8501582103197337
200000,timing/collect_chunk_s,91.57459392305464
200000,timing/train_chunk_s,20.6915190895088
200000,dense_rhs/training_bucket_horizon,3.0
200000,system/heartbeat,1.0
200000,timing/checkpoint_blocking_s,0.42891837283968925
200000,eval/return_mean,387.7113037109375
200000,eval/return_std,103.13211822509766
200000,eval/return_max,574.1788940429688
200000,eval/return_min,152.18743896484375
200000,dense_rhs/deployment_utility_last_observed_gain,28.19378662109375
200000,dense_rhs/deployment_utility_observations,3.0
200000,timing/eval_s,6.836413993965834
200000,eval/selected_horizon,3.0
200000,eval/training_bucket_horizon,3.0
200000,system/heartbeat,1.0
203992,episode/return,287.3816223144531
203992,episode/length,500.0
203993,episode/return,0.0006268940051086247
203993,episode/length,500.0
203994,episode/return,82.28180694580078
203994,episode/length,500.0
203995,episode/return,293.406982421875
203995,episode/length,500.0
203996,episode/return,476.3262023925781
203996,episode/length,500.0
203997,episode/return,439.47015380859375
203997,episode/length,500.0
203998,episode/return,445.0139465332031
203998,episode/length,500.0
203999,episode/return,232.14328002929688
203999,episode/length,500.0
207992,episode/return,415.50518798828125
207992,episode/length,500.0
207993,episode/return,348.34088134765625
207993,episode/length,500.0
207994,episode/return,291.4476013183594
207994,episode/length,500.0
207995,episode/return,474.9840393066406
207995,episode/length,500.0
207996,episode/return,339.6628112792969
207996,episode/length,500.0
207997,episode/return,599.550537109375
207997,episode/length,500.0
207998,episode/return,263.99151611328125
207998,episode/length,500.0
207999,episode/return,510.93194580078125
207999,episode/length,500.0
210000,train/consistency_loss_mean,3.717710203491151e-05
210000,train/consistency_loss_std,3.2762185527852326e-06
210000,train/continue_loss_mean,0.0
210000,train/continue_loss_std,0.0
210000,train/grad_norm_mean,0.7528995225429534
210000,train/grad_norm_std,0.3007149541217422
210000,train/policy_log_std_mean,-0.6807983362197876
210000,train/policy_log_std_std,0.31753018497470875
210000,train/policy_loss_mean,-0.22177275722026826
210000,train/policy_loss_std,0.009881461810151329
210000,train/reward_loss_mean,0.1550997198820114
210000,train/reward_loss_std,0.010466970097249985
210000,train/total_loss_mean,0.04750125222504139
210000,train/total_loss_std,0.0016354501117027457
210000,train/value_loss_mean,0.3124773714542389
210000,train/value_loss_std,0.013305071860944335
210000,train/value_scale_mean,138.0583880126953
210000,train/value_scale_std,0.5092880678620744
210000,timing/collect_chunk_s,87.69430403364822
210000,timing/train_chunk_s,20.731977411545813
210000,dense_rhs/training_bucket_horizon,3.0
210000,system/heartbeat,1.0
211992,episode/return,521.1592407226562
211992,episode/length,500.0
211993,episode/return,454.92596435546875
211993,episode/length,500.0
211994,episode/return,395.2220458984375
211994,episode/length,500.0
211995,episode/return,442.00042724609375
211995,episode/length,500.0
211996,episode/return,173.84881591796875
211996,episode/length,500.0
211997,episode/return,527.3792114257812
211997,episode/length,500.0
211998,episode/return,334.01263427734375
211998,episode/length,500.0
211999,episode/return,180.19371032714844
211999,episode/length,500.0
215992,episode/return,341.9228820800781
215992,episode/length,500.0
215993,episode/return,178.0347137451172
215993,episode/length,500.0
215994,episode/return,425.3821716308594
215994,episode/length,500.0
215995,episode/return,246.07952880859375
215995,episode/length,500.0
215996,episode/return,496.4458923339844
215996,episode/length,500.0
215997,episode/return,467.21832275390625
215997,episode/length,500.0
215998,episode/return,413.8597717285156
215998,episode/length,500.0
215999,episode/return,388.2412109375
215999,episode/length,500.0
219992,episode/return,0.6762747764587402
219992,episode/length,500.0
219993,episode/return,419.7939453125
219993,episode/length,500.0
219994,episode/return,132.47117614746094
219994,episode/length,500.0
219995,episode/return,421.6710205078125
219995,episode/length,500.0
219996,episode/return,401.1766357421875
219996,episode/length,500.0
219997,episode/return,539.9815673828125
219997,episode/length,500.0
219998,episode/return,182.7195587158203
219998,episode/length,500.0
219999,episode/return,524.4788818359375
219999,episode/length,500.0
220000,train/consistency_loss_mean,3.732700244290754e-05
220000,train/consistency_loss_std,7.1201962425965456e-06
220000,train/continue_loss_mean,0.0
220000,train/continue_loss_std,0.0
220000,train/grad_norm_mean,0.7224853032112122
220000,train/grad_norm_std,0.2929678387599959
220000,train/policy_log_std_mean,-0.674472903251648
220000,train/policy_log_std_std,0.3099435882971939
220000,train/policy_loss_mean,-0.22481905382871628
220000,train/policy_loss_std,0.009876964598500609
220000,train/reward_loss_mean,0.15696945571899415
220000,train/reward_loss_std,0.01043303528292385
220000,train/total_loss_mean,0.04778910693824291
220000,train/total_loss_std,0.00196089974888754
220000,train/value_loss_mean,0.3134562013626099
220000,train/value_loss_std,0.016425011104568406
220000,train/value_scale_mean,139.00949262695312
220000,train/value_scale_std,0.657046114869795
220000,timing/collect_chunk_s,92.66769721824676
220000,timing/train_chunk_s,20.732655910309404
220000,dense_rhs/training_bucket_horizon,3.0
220000,system/heartbeat,1.0
220000,dense_rhs/selected_horizon,3.0
220000,dense_rhs/proposed_horizon,3.0
220000,dense_rhs/phase_id,0.0
220000,dense_rhs/num_active_horizons,7.0
220000,dense_rhs/num_candidate_horizons,3.0
220000,dense_rhs/entropy,1.6705198287963867
220000,dense_rhs/norm_entropy,0.8584772944450378
220000,dense_rhs/best_fitness,0.36881494522094727
220000,dense_rhs/deployment_score_best,5.129712008056231e-06
220000,dense_rhs/incumbent_deployment_score,5.129712008056231e-06
220000,dense_rhs/proposed_deployment_score,5.129712008056231e-06
220000,dense_rhs/proposed_transition_cost,0.0
220000,dense_rhs/proposed_switch_probability,0.5
220000,dense_rhs/proposed_expected_net_benefit,0.0
220000,dense_rhs/transition_cost_best,0.0
220000,dense_rhs/transition_adjusted_score_best,5.129712008056231e-06
220000,dense_rhs/switch_probability_best,0.5
220000,dense_rhs/expected_improvement_best,0.04251987487077713
220000,dense_rhs/expected_loss_best,0.04251987487077713
220000,dense_rhs/expected_net_benefit_best,0.0
220000,dense_rhs/return_term_best,0.06697503477334976
220000,dense_rhs/roughness_term_best,0.9788184762001038
220000,dense_rhs/return_std_term_best,0.28222501277923584
220000,dense_rhs/learner_proxy_term_best,0.9228764176368713
220000,dense_rhs/model_prefix_loss_best,0.24545399844646454
220000,dense_rhs/model_probe_prefix_best,0.08844006061553955
220000,dense_rhs/planner_return_best,138.90765380859375
220000,dense_rhs/roughness_best,0.013978525996208191
220000,dense_rhs/robust_return_best,5.793121337890625
220000,timing/query_model_diag_s,0.011946715880185366
220000,timing/query_env_eval_s,5.108201509807259
220000,timing/query_finalize_s,0.004138313699513674
220000,timing/query_total_s,5.129453114233911
220000,dense_rhs/candidate_3_fitness,0.36881494522094727
220000,dense_rhs/candidate_3_deployment_score,5.129712008056231e-06
220000,dense_rhs/candidate_3_transition_cost,0.0
220000,dense_rhs/candidate_3_transition_adjusted_score,5.129712008056231e-06
220000,dense_rhs/candidate_3_switch_probability,0.5
220000,dense_rhs/candidate_3_expected_net_benefit,0.0
220000,dense_rhs/candidate_3_return,5.793121337890625
220000,dense_rhs/candidate_3_return_term,0.06697503477334976
220000,dense_rhs/candidate_3_roughness_term,0.9788184762001038
220000,dense_rhs/candidate_3_return_std_term,0.28222501277923584
220000,dense_rhs/candidate_3_learner_proxy_term,0.9228764176368713
220000,dense_rhs/candidate_4_fitness,0.4056560695171356
220000,dense_rhs/candidate_4_deployment_score,2.9940329113742337e-05
220000,dense_rhs/candidate_4_transition_cost,0.03816115856170654
220000,dense_rhs/candidate_4_transition_adjusted_score,-0.038131218403577805
220000,dense_rhs/candidate_4_switch_probability,0.33972227573394775
220000,dense_rhs/candidate_4_expected_net_benefit,-0.03813634812831879
220000,dense_rhs/candidate_4_return,12.491401672363281
220000,dense_rhs/candidate_4_return_term,0.11489968001842499
220000,dense_rhs/candidate_4_roughness_term,0.9249604940414429
220000,dense_rhs/candidate_4_return_std_term,0.2547850012779236
220000,dense_rhs/candidate_4_learner_proxy_term,0.7289273738861084
220000,dense_rhs/candidate_2_fitness,0.03162277489900589
220000,dense_rhs/candidate_2_deployment_score,1.0000000031710769e-30
220000,dense_rhs/candidate_2_transition_cost,0.045279499143362045
220000,dense_rhs/candidate_2_transition_adjusted_score,-0.045279499143362045
220000,dense_rhs/candidate_2_switch_probability,0.3278515934944153
220000,dense_rhs/candidate_2_expected_net_benefit,-0.045284632593393326
220000,dense_rhs/candidate_2_return,-3.5677719116210938
220000,dense_rhs/candidate_2_return_term,0.0
220000,dense_rhs/candidate_2_roughness_term,1.0
220000,dense_rhs/candidate_2_return_std_term,0.0
220000,dense_rhs/candidate_2_learner_proxy_term,1.0
220000,dense_rhs/deployment_utility_enabled,1.0
220000,dense_rhs/deployment_utility_observations,3.0
220000,dense_rhs/deployment_utility_last_observed_gain,28.19378662109375
220000,dense_rhs/candidate_2_expected_eval_gain,0.0
220000,dense_rhs/candidate_2_eval_gain_uncertainty,150.0
220000,dense_rhs/candidate_2_deployment_utility_score,37.5
220000,dense_rhs/candidate_3_expected_eval_gain,52.72254435221354
220000,dense_rhs/candidate_3_eval_gain_uncertainty,9.240210539900673
220000,dense_rhs/candidate_3_deployment_utility_score,56.745908817719574
220000,dense_rhs/candidate_4_expected_eval_gain,0.0
220000,dense_rhs/candidate_4_eval_gain_uncertainty,150.0
220000,dense_rhs/candidate_4_deployment_utility_score,47.5
220000,dense_rhs/deployment_utility_override,0.0
220000,dense_rhs/deployment_utility_selected_expected_gain,52.72254435221354
220000,dense_rhs/deployment_utility_selected_uncertainty,9.240210539900673
220000,dense_rhs/deployment_utility_selected_score,56.745908817719574
220000,dense_rhs/deployment_utility_proposed_horizon,3.0
220000,dense_rhs/deployment_utility_proposed_expected_gain,52.72254435221354
220000,dense_rhs/deployment_utility_proposed_uncertainty,9.240210539900673
220000,dense_rhs/deployment_utility_proposed_score,56.745908817719574
220000,dense_rhs/previous_horizon,3.0
220000,dense_rhs/training_bucket_horizon,3.0
220000,dense_rhs/best_h,3.0
220000,dense_rhs/prob_best_h,0.03515625
220000,dense_rhs/gauss_mean_best_h,0.18514752388000488
220000,dense_rhs/gauss_post_std_best_h,0.07749861478805542
220000,system/heartbeat,1.0
223992,episode/return,108.56514739990234
223992,episode/length,500.0
223993,episode/return,345.19354248046875
223993,episode/length,500.0
223994,episode/return,482.3253173828125
223994,episode/length,500.0
223995,episode/return,495.05517578125
223995,episode/length,500.0
223996,episode/return,135.8823699951172
223996,episode/length,500.0
223997,episode/return,183.52377319335938
223997,episode/length,500.0
223998,episode/return,420.0177917480469
223998,episode/length,500.0
223999,episode/return,253.12660217285156
223999,episode/length,500.0
227992,episode/return,523.8543701171875
227992,episode/length,500.0
227993,episode/return,422.09002685546875
227993,episode/length,500.0
227994,episode/return,316.9534606933594
227994,episode/length,500.0
227995,episode/return,223.53118896484375
227995,episode/length,500.0
227996,episode/return,502.43603515625
227996,episode/length,500.0
227997,episode/return,0.024489281699061394
227997,episode/length,500.0
227998,episode/return,319.968505859375
227998,episode/length,500.0
227999,episode/return,453.92572021484375
227999,episode/length,500.0
230000,train/consistency_loss_mean,3.6275875894352796e-05
230000,train/consistency_loss_std,2.988712515716211e-06
230000,train/continue_loss_mean,0.0
230000,train/continue_loss_std,0.0
230000,train/grad_norm_mean,0.7272686877250671
230000,train/grad_norm_std,0.3020444980374949
230000,train/policy_log_std_mean,-0.676717018032074
230000,train/policy_log_std_std,0.30653734218591694
230000,train/policy_loss_mean,-0.22558026854991914
230000,train/policy_loss_std,0.009762151960929994
230000,train/reward_loss_mean,0.1573969057202339
230000,train/reward_loss_std,0.010415316434048284
230000,train/total_loss_mean,0.04769977334737778
230000,train/total_loss_std,0.0016286896561740376
230000,train/value_loss_mean,0.31234564583301544
230000,train/value_loss_std,0.01332929052313472
230000,train/value_scale_mean,139.93368555908202
230000,train/value_scale_std,0.6516042046052151
230000,timing/collect_chunk_s,88.19094458548352
230000,timing/train_chunk_s,20.71961398376152
230000,dense_rhs/training_bucket_horizon,3.0
230000,system/heartbeat,1.0
231992,episode/return,455.1173095703125
231992,episode/length,500.0
231993,episode/return,505.9117736816406
231993,episode/length,500.0
231994,episode/return,433.4508361816406
231994,episode/length,500.0
231995,episode/return,470.5066223144531
231995,episode/length,500.0
231996,episode/return,445.74920654296875
231996,episode/length,500.0
231997,episode/return,239.7815704345703
231997,episode/length,500.0
231998,episode/return,271.9070739746094
231998,episode/length,500.0
231999,episode/return,6.461731433868408
231999,episode/length,500.0
235992,episode/return,591.9155883789062
235992,episode/length,500.0
235993,episode/return,148.85629272460938
235993,episode/length,500.0
235994,episode/return,273.8614807128906
235994,episode/length,500.0
235995,episode/return,374.4195861816406
235995,episode/length,500.0
235996,episode/return,168.3197784423828
235996,episode/length,500.0
235997,episode/return,383.370849609375
235997,episode/length,500.0
235998,episode/return,14.27209758758545
235998,episode/length,500.0
235999,episode/return,308.8949279785156
235999,episode/length,500.0
239992,episode/return,244.02734375
239992,episode/length,500.0
239993,episode/return,367.208251953125
239993,episode/length,500.0
239994,episode/return,455.7402038574219
239994,episode/length,500.0
239995,episode/return,355.2483825683594
239995,episode/length,500.0
239996,episode/return,396.0788269042969
239996,episode/length,500.0
239997,episode/return,281.935302734375
239997,episode/length,500.0
239998,episode/return,282.2051086425781
239998,episode/length,500.0
239999,episode/return,443.8501281738281
239999,episode/length,500.0
240000,train/consistency_loss_mean,3.620924209535587e-05
240000,train/consistency_loss_std,3.073096178737436e-06
240000,train/continue_loss_mean,0.0
240000,train/continue_loss_std,0.0
240000,train/grad_norm_mean,0.7139635827541352
240000,train/grad_norm_std,0.28981242987498335
240000,train/policy_log_std_mean,-0.6736383974075317
240000,train/policy_log_std_std,0.3034908380749153
240000,train/policy_loss_mean,-0.2272014740586281
240000,train/policy_loss_std,0.00975361203712174
240000,train/reward_loss_mean,0.1580201160788536
240000,train/reward_loss_std,0.010416103627149984
240000,train/total_loss_mean,0.04784964865744114
240000,train/total_loss_std,0.0016117668669632394
240000,train/value_loss_mean,0.31323450882434845
240000,train/value_loss_std,0.01345392573487284
240000,train/value_scale_mean,140.26484031982423
240000,train/value_scale_std,0.3622215195290055
240000,timing/collect_chunk_s,92.85750551754609
240000,timing/train_chunk_s,20.659252245910466
240000,dense_rhs/training_bucket_horizon,3.0
240000,system/heartbeat,1.0
243992,episode/return,275.788818359375
243992,episode/length,500.0
243993,episode/return,210.6320037841797
243993,episode/length,500.0
243994,episode/return,348.7603454589844
243994,episode/length,500.0
243995,episode/return,137.48463439941406
243995,episode/length,500.0
243996,episode/return,349.25396728515625
243996,episode/length,500.0
243997,episode/return,323.1894836425781
243997,episode/length,500.0
243998,episode/return,533.145263671875
243998,episode/length,500.0
243999,episode/return,188.25843811035156
243999,episode/length,500.0
247992,episode/return,319.9326171875
247992,episode/length,500.0
247993,episode/return,252.230224609375
247993,episode/length,500.0
247994,episode/return,297.6194152832031
247994,episode/length,500.0
247995,episode/return,368.82000732421875
247995,episode/length,500.0
247996,episode/return,477.31744384765625
247996,episode/length,500.0
247997,episode/return,475.3727722167969
247997,episode/length,500.0
247998,episode/return,334.3616027832031
247998,episode/length,500.0
247999,episode/return,399.7190246582031
247999,episode/length,500.0
250000,train/consistency_loss_mean,3.560579774493817e-05
250000,train/consistency_loss_std,2.7064832619992825e-06
250000,train/continue_loss_mean,0.0
250000,train/continue_loss_std,0.0
250000,train/grad_norm_mean,0.6949005132198334
250000,train/grad_norm_std,0.2831112988962588
250000,train/policy_log_std_mean,-0.6625510643959045
250000,train/policy_log_std_std,0.29644473001261706
250000,train/policy_loss_mean,-0.2285018516421318
250000,train/policy_loss_std,0.009820382701948039
250000,train/reward_loss_mean,0.15797099053859712
250000,train/reward_loss_std,0.010432972766081974
250000,train/total_loss_mean,0.04767726962864399
250000,train/total_loss_std,0.0016134871292729947
250000,train/value_loss_mean,0.3116805321931839
250000,train/value_loss_std,0.013266583115606
250000,train/value_scale_mean,140.6161008911133
250000,train/value_scale_std,0.4135723095760985
250000,timing/collect_chunk_s,89.51300712302327
250000,timing/train_chunk_s,20.69439908210188
250000,dense_rhs/training_bucket_horizon,3.0
250000,system/heartbeat,1.0
250000,timing/checkpoint_blocking_s,0.4311288078315556
250000,eval/return_mean,325.4800109863281
250000,eval/return_std,132.807373046875
250000,eval/return_max,513.820068359375
250000,eval/return_min,67.88040161132812
250000,dense_rhs/deployment_utility_last_observed_gain,-62.231292724609375
250000,dense_rhs/deployment_utility_observations,4.0
250000,timing/eval_s,6.843479088973254
250000,eval/selected_horizon,3.0
250000,eval/training_bucket_horizon,3.0
250000,system/heartbeat,1.0
251992,episode/return,427.88299560546875
251992,episode/length,500.0
251993,episode/return,340.25335693359375
251993,episode/length,500.0
251994,episode/return,306.3861389160156
251994,episode/length,500.0
251995,episode/return,262.1678466796875
251995,episode/length,500.0
251996,episode/return,476.0357360839844
251996,episode/length,500.0
251997,episode/return,227.50820922851562
251997,episode/length,500.0
251998,episode/return,459.00823974609375
251998,episode/length,500.0
251999,episode/return,513.929931640625
251999,episode/length,500.0
255992,episode/return,456.9783020019531
255992,episode/length,500.0
255993,episode/return,537.93310546875
255993,episode/length,500.0
255994,episode/return,318.77154541015625
255994,episode/length,500.0
255995,episode/return,436.8802490234375
255995,episode/length,500.0
255996,episode/return,476.4584655761719
255996,episode/length,500.0
255997,episode/return,359.1610107421875
255997,episode/length,500.0
255998,episode/return,275.7412414550781
255998,episode/length,500.0
255999,episode/return,479.7362060546875
255999,episode/length,500.0
259992,episode/return,523.8687744140625
259992,episode/length,500.0
259993,episode/return,430.1814270019531
259993,episode/length,500.0
259994,episode/return,443.4168701171875
259994,episode/length,500.0
259995,episode/return,275.28143310546875
259995,episode/length,500.0
259996,episode/return,230.61082458496094
259996,episode/length,500.0
259997,episode/return,320.6994323730469
259997,episode/length,500.0
259998,episode/return,504.4117736816406
259998,episode/length,500.0
259999,episode/return,451.76568603515625
259999,episode/length,500.0
260000,train/consistency_loss_mean,3.620326074014884e-05
260000,train/consistency_loss_std,2.959050464387942e-06
260000,train/continue_loss_mean,0.0
260000,train/continue_loss_std,0.0
260000,train/grad_norm_mean,0.7020875772476196
260000,train/grad_norm_std,0.2943178015909
260000,train/policy_log_std_mean,-0.6668030334949493
260000,train/policy_log_std_std,0.29221264561215066
260000,train/policy_loss_mean,-0.2320996740460396
260000,train/policy_loss_std,0.009938860925350576
260000,train/reward_loss_mean,0.15945008494853974
260000,train/reward_loss_std,0.010507048006173783
260000,train/total_loss_mean,0.04822558309435845
260000,train/total_loss_std,0.001645242378188917
260000,train/value_loss_mean,0.31556507732868194
260000,train/value_loss_std,0.013751356220779725
260000,train/value_scale_mean,139.8990816894531
260000,train/value_scale_std,0.44403717212129856
260000,timing/collect_chunk_s,88.22882262058556
260000,timing/train_chunk_s,20.71921871090308
260000,dense_rhs/training_bucket_horizon,3.0
260000,system/heartbeat,1.0
263992,episode/return,446.483642578125
263992,episode/length,500.0
263993,episode/return,322.0355224609375
263993,episode/length,500.0
263994,episode/return,691.277587890625
263994,episode/length,500.0
263995,episode/return,382.1273498535156
263995,episode/length,500.0
263996,episode/return,460.00518798828125
263996,episode/length,500.0
263997,episode/return,237.524169921875
263997,episode/length,500.0
263998,episode/return,531.1792602539062
263998,episode/length,500.0
263999,episode/return,405.6658630371094
263999,episode/length,500.0
267992,episode/return,667.9232788085938
267992,episode/length,500.0
267993,episode/return,432.44683837890625
267993,episode/length,500.0
267994,episode/return,311.41058349609375
267994,episode/length,500.0
267995,episode/return,324.9251403808594
267995,episode/length,500.0
267996,episode/return,283.52349853515625
267996,episode/length,500.0
267997,episode/return,419.4839782714844
267997,episode/length,500.0
267998,episode/return,340.22210693359375
267998,episode/length,500.0
267999,episode/return,467.97601318359375
267999,episode/length,500.0
270000,train/consistency_loss_mean,3.57118509040447e-05
270000,train/consistency_loss_std,2.848969929113007e-06
270000,train/continue_loss_mean,0.0
270000,train/continue_loss_std,0.0
270000,train/grad_norm_mean,0.700640090560913
270000,train/grad_norm_std,0.28979705906092645
270000,train/policy_log_std_mean,-0.6729545012950897
270000,train/policy_log_std_std,0.28800874807960913
270000,train/policy_loss_mean,-0.23500031012296677
270000,train/policy_loss_std,0.009927268742526491
270000,train/reward_loss_mean,0.16075015639066695
270000,train/reward_loss_std,0.010349259674993862
270000,train/total_loss_mean,0.04834846595227718
270000,train/total_loss_std,0.001598167651307064
270000,train/value_loss_mean,0.3155921211719513
270000,train/value_loss_std,0.013202390161727287
270000,train/value_scale_mean,139.15879461669923
270000,train/value_scale_std,0.6218605268226564
270000,timing/collect_chunk_s,93.4974186019972
270000,timing/train_chunk_s,20.713332791347057
270000,dense_rhs/training_bucket_horizon,3.0
270000,system/heartbeat,1.0
270000,dense_rhs/selected_horizon,2.0
270000,dense_rhs/proposed_horizon,3.0
270000,dense_rhs/phase_id,0.0
270000,dense_rhs/num_active_horizons,7.0
270000,dense_rhs/num_candidate_horizons,3.0
270000,dense_rhs/entropy,1.7335296869277954
270000,dense_rhs/norm_entropy,0.890857994556427
270000,dense_rhs/best_fitness,0.5880153775215149
270000,dense_rhs/deployment_score_best,0.009380620904266834
270000,dense_rhs/incumbent_deployment_score,0.0001790145761333406
270000,dense_rhs/proposed_deployment_score,0.0001790145761333406
270000,dense_rhs/proposed_transition_cost,0.0
270000,dense_rhs/proposed_switch_probability,0.5
270000,dense_rhs/proposed_expected_net_benefit,0.0
270000,dense_rhs/transition_cost_best,0.0
270000,dense_rhs/transition_adjusted_score_best,0.0001790145761333406
270000,dense_rhs/switch_probability_best,0.5
270000,dense_rhs/expected_improvement_best,0.04372391104698181
270000,dense_rhs/expected_loss_best,0.04372391104698181
270000,dense_rhs/expected_net_benefit_best,0.0
270000,dense_rhs/return_term_best,0.42811471223831177
270000,dense_rhs/roughness_term_best,1.0
270000,dense_rhs/return_std_term_best,0.27924859523773193
270000,dense_rhs/learner_proxy_term_best,1.0
270000,dense_rhs/model_prefix_loss_best,0.25514495372772217
270000,dense_rhs/model_probe_prefix_best,0.08738226443529129
270000,dense_rhs/planner_return_best,120.89529418945312
270000,dense_rhs/roughness_best,0.0330151692032814
270000,dense_rhs/robust_return_best,41.64973449707031
270000,timing/query_model_diag_s,0.011706349905580282
270000,timing/query_env_eval_s,5.105465684551746
270000,timing/query_finalize_s,0.003906519617885351
270000,timing/query_total_s,5.127139713149518
270000,dense_rhs/candidate_3_fitness,0.4629613161087036
270000,dense_rhs/candidate_3_deployment_score,0.0001790145761333406
270000,dense_rhs/candidate_3_transition_cost,0.0
270000,dense_rhs/candidate_3_transition_adjusted_score,0.0001790145761333406
270000,dense_rhs/candidate_3_switch_probability,0.5
270000,dense_rhs/candidate_3_expected_net_benefit,0.0
270000,dense_rhs/candidate_3_return,4.1611785888671875
270000,dense_rhs/candidate_3_return_term,0.16120199859142303
270000,dense_rhs/candidate_3_roughness_term,0.9629679322242737
270000,dense_rhs/candidate_3_return_std_term,0.2959287166595459
270000,dense_rhs/candidate_3_learner_proxy_term,0.9302673935890198
270000,dense_rhs/candidate_4_fitness,0.03162277489900589
270000,dense_rhs/candidate_4_deployment_score,7.0159201653686905e-31
270000,dense_rhs/candidate_4_transition_cost,0.049659520387649536
270000,dense_rhs/candidate_4_transition_adjusted_score,-0.049659520387649536
270000,dense_rhs/candidate_4_switch_probability,0.31328415870666504
270000,dense_rhs/candidate_4_expected_net_benefit,-0.049838535487651825
270000,dense_rhs/candidate_4_return,-18.48004150390625
270000,dense_rhs/candidate_4_return_term,0.0
270000,dense_rhs/candidate_4_roughness_term,0.8886371850967407
270000,dense_rhs/candidate_4_return_std_term,0.0
270000,dense_rhs/candidate_4_learner_proxy_term,0.7895145416259766
270000,dense_rhs/candidate_2_fitness,0.5880153775215149
270000,dense_rhs/candidate_2_deployment_score,0.009380620904266834
270000,dense_rhs/candidate_2_transition_cost,0.06126458942890167
270000,dense_rhs/candidate_2_transition_adjusted_score,-0.05188396945595741
270000,dense_rhs/candidate_2_switch_probability,0.2909431457519531
270000,dense_rhs/candidate_2_expected_net_benefit,-0.0520629808306694
270000,dense_rhs/candidate_2_return,41.64973449707031
270000,dense_rhs/candidate_2_return_term,0.42811471223831177
270000,dense_rhs/candidate_2_roughness_term,1.0
270000,dense_rhs/candidate_2_return_std_term,0.27924859523773193
270000,dense_rhs/candidate_2_learner_proxy_term,1.0
270000,dense_rhs/deployment_utility_enabled,1.0
270000,dense_rhs/deployment_utility_observations,4.0
270000,dense_rhs/deployment_utility_last_observed_gain,-62.231292724609375
270000,dense_rhs/candidate_2_expected_eval_gain,0.0
270000,dense_rhs/candidate_2_eval_gain_uncertainty,150.0
270000,dense_rhs/candidate_2_deployment_utility_score,47.5
270000,dense_rhs/candidate_3_expected_eval_gain,23.984085083007812
270000,dense_rhs/candidate_3_eval_gain_uncertainty,23.383077624506424
270000,dense_rhs/candidate_3_deployment_utility_score,30.02068895303639
270000,dense_rhs/candidate_4_expected_eval_gain,0.0
270000,dense_rhs/candidate_4_eval_gain_uncertainty,150.0
270000,dense_rhs/candidate_4_deployment_utility_score,37.5
270000,dense_rhs/deployment_utility_override,1.0
270000,dense_rhs/deployment_utility_selected_expected_gain,0.0
270000,dense_rhs/deployment_utility_selected_uncertainty,150.0
270000,dense_rhs/deployment_utility_selected_score,47.5
270000,dense_rhs/deployment_utility_proposed_horizon,2.0
270000,dense_rhs/deployment_utility_proposed_expected_gain,0.0
270000,dense_rhs/deployment_utility_proposed_uncertainty,150.0
270000,dense_rhs/deployment_utility_proposed_score,47.5
270000,dense_rhs/previous_horizon,3.0
270000,dense_rhs/training_bucket_horizon,2.0
270000,dense_rhs/best_h,2.0
270000,dense_rhs/prob_best_h,0.037109375
270000,dense_rhs/gauss_mean_best_h,0.19293749332427979
270000,dense_rhs/gauss_post_std_best_h,0.09839736670255661
270000,system/heartbeat,1.0
271992,episode/return,348.6915283203125
271992,episode/length,500.0
271993,episode/return,435.81683349609375
271993,episode/length,500.0
271994,episode/return,454.25469970703125
271994,episode/length,500.0
271995,episode/return,444.27020263671875
271995,episode/length,500.0
271996,episode/return,239.45184326171875
271996,episode/length,500.0
271997,episode/return,353.28265380859375
271997,episode/length,500.0
271998,episode/return,289.432373046875
271998,episode/length,500.0
271999,episode/return,427.03167724609375
271999,episode/length,500.0
275992,episode/return,407.75262451171875
275992,episode/length,500.0
275993,episode/return,259.8419189453125
275993,episode/length,500.0
275994,episode/return,505.5398864746094
275994,episode/length,500.0
275995,episode/return,357.8714904785156
275995,episode/length,500.0
275996,episode/return,0.0027575280983000994
275996,episode/length,500.0
275997,episode/return,466.18780517578125
275997,episode/length,500.0
275998,episode/return,370.77099609375
275998,episode/length,500.0
275999,episode/return,184.85296630859375
275999,episode/length,500.0
279992,episode/return,352.4207458496094
279992,episode/length,500.0
279993,episode/return,441.1684875488281
279993,episode/length,500.0
279994,episode/return,318.10064697265625
279994,episode/length,500.0
279995,episode/return,502.6658630371094
279995,episode/length,500.0
279996,episode/return,406.1269836425781
279996,episode/length,500.0
279997,episode/return,273.6048889160156
279997,episode/length,500.0
279998,episode/return,526.58984375
279998,episode/length,500.0
279999,episode/return,313.68023681640625
279999,episode/length,500.0
280000,train/consistency_loss_mean,4.731183291878551e-05
280000,train/consistency_loss_std,2.838426228089911e-05
280000,train/continue_loss_mean,0.0
280000,train/continue_loss_std,0.0
280000,train/grad_norm_mean,0.9273390372753143
280000,train/grad_norm_std,0.3967061317521871
280000,train/policy_log_std_mean,-0.674581196308136
280000,train/policy_log_std_std,0.28567287932762847
280000,train/policy_loss_mean,-0.2938779245615005
280000,train/policy_loss_std,0.012874753882555236
280000,train/reward_loss_mean,0.20797133711576463
280000,train/reward_loss_std,0.013473883845044473
280000,train/total_loss_mean,0.06350192457437515
280000,train/total_loss_std,0.00434657358247843
280000,train/value_loss_mean,0.41758553249835967
280000,train/value_loss_std,0.037088390158426236
280000,train/value_scale_mean,139.3449614501953
280000,train/value_scale_std,0.4351792085823542
280000,timing/collect_chunk_s,145.97152609797195
280000,timing/train_chunk_s,199.04717431683093
280000,dense_rhs/training_bucket_horizon,2.0
280000,system/heartbeat,1.0
283992,episode/return,353.4351806640625
283992,episode/length,500.0
283993,episode/return,316.63250732421875
283993,episode/length,500.0
283994,episode/return,539.4244384765625
283994,episode/length,500.0
283995,episode/return,486.1105041503906
283995,episode/length,500.0
283996,episode/return,296.8583068847656
283996,episode/length,500.0
283997,episode/return,528.1698608398438
283997,episode/length,500.0
283998,episode/return,492.7635498046875
283998,episode/length,500.0
283999,episode/return,324.7791442871094
283999,episode/length,500.0
287992,episode/return,269.9243469238281
287992,episode/length,500.0
287993,episode/return,450.78094482421875
287993,episode/length,500.0
287994,episode/return,518.6130981445312
287994,episode/length,500.0
287995,episode/return,342.0111389160156
287995,episode/length,500.0
287996,episode/return,354.3425598144531
287996,episode/length,500.0
287997,episode/return,163.97898864746094
287997,episode/length,500.0
287998,episode/return,462.03338623046875
287998,episode/length,500.0
287999,episode/return,272.14801025390625
287999,episode/length,500.0
290000,train/consistency_loss_mean,4.180873553850688e-05
290000,train/consistency_loss_std,4.530646624449919e-06
290000,train/continue_loss_mean,0.0
290000,train/continue_loss_std,0.0
290000,train/grad_norm_mean,0.9010168838500977
290000,train/grad_norm_std,0.3736815502385191
290000,train/policy_log_std_mean,-0.6688981988271078
290000,train/policy_log_std_std,0.2820197328905738
290000,train/policy_loss_mean,-0.2998958436727524
290000,train/policy_loss_std,0.01232581758285795
290000,train/reward_loss_mean,0.20929443975687026
290000,train/reward_loss_std,0.013636274401906932
290000,train/total_loss_mean,0.06223225295245648
290000,train/total_loss_std,0.002227509255305559
290000,train/value_loss_mean,0.4046663264274597
290000,train/value_loss_std,0.018694460426478852
290000,train/value_scale_mean,139.63225167236328
290000,train/value_scale_std,0.5635136141231654
290000,timing/collect_chunk_s,93.0150744272396
290000,timing/train_chunk_s,16.316198819316924
290000,dense_rhs/training_bucket_horizon,2.0
290000,system/heartbeat,1.0
291992,episode/return,392.392333984375
291992,episode/length,500.0
291993,episode/return,457.9183654785156
291993,episode/length,500.0
291994,episode/return,332.7008361816406
291994,episode/length,500.0
291995,episode/return,328.0209655761719
291995,episode/length,500.0
291996,episode/return,347.9518127441406
291996,episode/length,500.0
291997,episode/return,320.8898620605469
291997,episode/length,500.0
291998,episode/return,358.056396484375
291998,episode/length,500.0
291999,episode/return,1.9610440731048584
291999,episode/length,500.0
295992,episode/return,439.64752197265625
295992,episode/length,500.0
295993,episode/return,440.93017578125
295993,episode/length,500.0
295994,episode/return,440.0686950683594
295994,episode/length,500.0
295995,episode/return,444.5361633300781
295995,episode/length,500.0
295996,episode/return,437.7587585449219
295996,episode/length,500.0
295997,episode/return,399.70001220703125
295997,episode/length,500.0
295998,episode/return,202.7723846435547
295998,episode/length,500.0
295999,episode/return,224.80833435058594
295999,episode/length,500.0
299992,episode/return,228.4693603515625
299992,episode/length,500.0
299993,episode/return,359.64837646484375
299993,episode/length,500.0
299994,episode/return,185.00184631347656
299994,episode/length,500.0
299995,episode/return,475.5484924316406
299995,episode/length,500.0
299996,episode/return,332.97479248046875
299996,episode/length,500.0
299997,episode/return,142.74253845214844
299997,episode/length,500.0
299998,episode/return,397.9060363769531
299998,episode/length,500.0
299999,episode/return,332.7359924316406
299999,episode/length,500.0
300000,train/consistency_loss_mean,4.1941873432369904e-05
300000,train/consistency_loss_std,3.977133780716498e-06
300000,train/continue_loss_mean,0.0
300000,train/continue_loss_std,0.0
300000,train/grad_norm_mean,0.876676472568512
300000,train/grad_norm_std,0.3657540309367743
300000,train/policy_log_std_mean,-0.6609046634038289
300000,train/policy_log_std_std,0.27530232577698194
300000,train/policy_loss_mean,-0.3030876404285431
300000,train/policy_loss_std,0.012411273002890896
300000,train/reward_loss_mean,0.20983723950386046
300000,train/reward_loss_std,0.013530725555127333
300000,train/total_loss_mean,0.06274218868911266
300000,train/total_loss_std,0.0022623473509340245
300000,train/value_loss_mean,0.40919626076221466
300000,train/value_loss_std,0.01922235865756267
300000,train/value_scale_mean,138.70856827392578
300000,train/value_scale_std,0.6591648770777879
300000,timing/collect_chunk_s,87.65076422598213
300000,timing/train_chunk_s,16.281387810595334
300000,dense_rhs/training_bucket_horizon,2.0
300000,system/heartbeat,1.0
300000,timing/checkpoint_blocking_s,0.44673588778823614
300000,eval/return_mean,334.1292419433594
300000,eval/return_std,179.97232055664062
300000,eval/return_max,601.6483764648438
300000,eval/return_min,0.09058146178722382
300000,dense_rhs/deployment_utility_last_observed_gain,8.64923095703125
300000,dense_rhs/deployment_utility_observations,5.0
300000,timing/eval_s,25.11362847685814
300000,eval/selected_horizon,2.0
300000,eval/training_bucket_horizon,2.0
300000,system/heartbeat,1.0
303992,episode/return,279.1498107910156
303992,episode/length,500.0
303993,episode/return,504.08270263671875
303993,episode/length,500.0
303994,episode/return,370.0763244628906
303994,episode/length,500.0
303995,episode/return,346.3377380371094
303995,episode/length,500.0
303996,episode/return,280.2984924316406
303996,episode/length,500.0
303997,episode/return,624.2083129882812
303997,episode/length,500.0
303998,episode/return,333.6069030761719
303998,episode/length,500.0
303999,episode/return,229.31700134277344
303999,episode/length,500.0
307992,episode/return,430.8434753417969
307992,episode/length,500.0
307993,episode/return,250.17532348632812
307993,episode/length,500.0
307994,episode/return,239.3888702392578
307994,episode/length,500.0
307995,episode/return,346.5291748046875
307995,episode/length,500.0
307996,episode/return,301.2102355957031
307996,episode/length,500.0
307997,episode/return,542.2582397460938
307997,episode/length,500.0
307998,episode/return,247.2218017578125
307998,episode/length,500.0
307999,episode/return,418.7819519042969
307999,episode/length,500.0
310000,train/consistency_loss_mean,4.2261057885480115e-05
310000,train/consistency_loss_std,3.862110907619373e-06
310000,train/continue_loss_mean,0.0
310000,train/continue_loss_std,0.0
310000,train/grad_norm_mean,0.8956116158008576
310000,train/grad_norm_std,0.3790468242785954
310000,train/policy_log_std_mean,-0.6598236414909363
310000,train/policy_log_std_std,0.27972420662825276
310000,train/policy_loss_mean,-0.30003068017959594
310000,train/policy_loss_std,0.012372336804405516
310000,train/reward_loss_mean,0.21020093603134155
310000,train/reward_loss_std,0.013603299921324537
310000,train/total_loss_mean,0.06332707007527351
310000,train/total_loss_std,0.0022133371628329803
310000,train/value_loss_mean,0.4146175365447998
310000,train/value_loss_std,0.018830464035709028
310000,train/value_scale_mean,139.1119896850586
310000,train/value_scale_std,0.29785837934903053
310000,timing/collect_chunk_s,87.52766026835889
310000,timing/train_chunk_s,16.351483609061688
310000,dense_rhs/training_bucket_horizon,2.0
310000,system/heartbeat,1.0
311992,episode/return,0.4585205316543579
311992,episode/length,500.0
311993,episode/return,14.27209758758545
311993,episode/length,500.0
311994,episode/return,466.2105407714844
311994,episode/length,500.0
311995,episode/return,359.0295104980469
311995,episode/length,500.0
311996,episode/return,226.36366271972656
311996,episode/length,500.0
311997,episode/return,275.25244140625
311997,episode/length,500.0
311998,episode/return,409.3658447265625
311998,episode/length,500.0
311999,episode/return,366.172607421875
311999,episode/length,500.0
315992,episode/return,453.9854431152344
315992,episode/length,500.0
315993,episode/return,444.12347412109375
315993,episode/length,500.0
315994,episode/return,449.6916809082031
315994,episode/length,500.0
315995,episode/return,223.7182159423828
315995,episode/length,500.0
315996,episode/return,436.9297790527344
315996,episode/length,500.0
315997,episode/return,320.1566467285156
315997,episode/length,500.0
315998,episode/return,555.5133056640625
315998,episode/length,500.0
315999,episode/return,442.73248291015625
315999,episode/length,500.0
319992,episode/return,297.87286376953125
319992,episode/length,500.0
319993,episode/return,160.3856201171875
319993,episode/length,500.0
319994,episode/return,425.38677978515625
319994,episode/length,500.0
319995,episode/return,193.06243896484375
319995,episode/length,500.0
319996,episode/return,424.5710144042969
319996,episode/length,500.0
319997,episode/return,363.126220703125
319997,episode/length,500.0
319998,episode/return,509.45501708984375
319998,episode/length,500.0
319999,episode/return,242.1917724609375
319999,episode/length,500.0
320000,train/consistency_loss_mean,4.132564814935904e-05
320000,train/consistency_loss_std,3.917212536730819e-06
320000,train/continue_loss_mean,0.0
320000,train/continue_loss_std,0.0
320000,train/grad_norm_mean,0.8826203642368317
320000,train/grad_norm_std,0.37285867103664416
320000,train/policy_log_std_mean,-0.6528601756413778
320000,train/policy_log_std_std,0.2794767620061836
320000,train/policy_loss_mean,-0.3009691234111786
320000,train/policy_loss_std,0.012440524839527513
320000,train/reward_loss_mean,0.210155140376091
320000,train/reward_loss_std,0.013566570481922283
320000,train/total_loss_mean,0.06280367011725903
320000,train/total_loss_std,0.00221332579055109
320000,train/value_loss_mean,0.4096164216518402
320000,train/value_loss_std,0.01858091136291018
320000,train/value_scale_mean,139.34201209716798
320000,train/value_scale_std,0.49013935538284215
320000,timing/collect_chunk_s,93.257018791046
320000,timing/train_chunk_s,16.300928092561662
320000,dense_rhs/training_bucket_horizon,2.0
320000,system/heartbeat,1.0
320000,dense_rhs/selected_horizon,3.0
320000,dense_rhs/proposed_horizon,2.0
320000,dense_rhs/phase_id,0.0
320000,dense_rhs/num_active_horizons,7.0
320000,dense_rhs/num_candidate_horizons,2.0
320000,dense_rhs/entropy,1.686667561531067
320000,dense_rhs/norm_entropy,0.866775631904602
320000,dense_rhs/best_fitness,0.4063682556152344
320000,dense_rhs/deployment_score_best,1.9644456187961623e-05
320000,dense_rhs/incumbent_deployment_score,1.0000000031710769e-30
320000,dense_rhs/proposed_deployment_score,1.0000000031710769e-30
320000,dense_rhs/proposed_transition_cost,0.0
320000,dense_rhs/proposed_switch_probability,0.5
320000,dense_rhs/proposed_expected_net_benefit,0.0
320000,dense_rhs/transition_cost_best,0.0
320000,dense_rhs/transition_adjusted_score_best,1.0000000031710769e-30
320000,dense_rhs/switch_probability_best,0.5
320000,dense_rhs/expected_improvement_best,0.05551476776599884
320000,dense_rhs/expected_loss_best,0.05551476776599884
320000,dense_rhs/expected_net_benefit_best,0.0
320000,dense_rhs/return_term_best,0.09073616564273834
320000,dense_rhs/roughness_term_best,0.9743157029151917
320000,dense_rhs/return_std_term_best,0.30844879150390625
320000,dense_rhs/learner_proxy_term_best,0.9643519520759583
320000,dense_rhs/model_prefix_loss_best,0.17049714922904968
320000,dense_rhs/model_probe_prefix_best,0.05938160419464111
320000,dense_rhs/planner_return_best,128.90660095214844
320000,dense_rhs/roughness_best,0.015392947010695934
320000,dense_rhs/robust_return_best,2.922046661376953
320000,timing/query_model_diag_s,14.626461084932089
320000,timing/query_env_eval_s,26.859912308864295
320000,timing/query_finalize_s,0.8340209689922631
320000,timing/query_total_s,42.32580321189016
320000,dense_rhs/candidate_2_fitness,0.03162277489900589
320000,dense_rhs/candidate_2_deployment_score,1.0000000031710769e-30
320000,dense_rhs/candidate_2_transition_cost,0.0
320000,dense_rhs/candidate_2_transition_adjusted_score,1.0000000031710769e-30
320000,dense_rhs/candidate_2_switch_probability,0.5
320000,dense_rhs/candidate_2_expected_net_benefit,0.0
320000,dense_rhs/candidate_2_return,-9.74908447265625
320000,dense_rhs/candidate_2_return_term,0.0
320000,dense_rhs/candidate_2_roughness_term,1.0
320000,dense_rhs/candidate_2_return_std_term,0.0
320000,dense_rhs/candidate_2_learner_proxy_term,1.0
320000,dense_rhs/candidate_3_fitness,0.4063682556152344
320000,dense_rhs/candidate_3_deployment_score,1.9644456187961623e-05
320000,dense_rhs/candidate_3_transition_cost,0.037203606218099594
320000,dense_rhs/candidate_3_transition_adjusted_score,-0.037183962762355804
320000,dense_rhs/candidate_3_switch_probability,0.3843771517276764
320000,dense_rhs/candidate_3_expected_net_benefit,-0.037183959037065506
320000,dense_rhs/candidate_3_return,2.922046661376953
320000,dense_rhs/candidate_3_return_term,0.09073616564273834
320000,dense_rhs/candidate_3_roughness_term,0.9743157029151917
320000,dense_rhs/candidate_3_return_std_term,0.30844879150390625
320000,dense_rhs/candidate_3_learner_proxy_term,0.9643519520759583
320000,dense_rhs/deployment_utility_enabled,1.0
320000,dense_rhs/deployment_utility_observations,5.0
320000,dense_rhs/deployment_utility_last_observed_gain,8.64923095703125
320000,dense_rhs/candidate_2_expected_eval_gain,8.64923095703125
320000,dense_rhs/candidate_2_eval_gain_uncertainty,106.06601717798212
320000,dense_rhs/candidate_2_deployment_utility_score,35.16573525152678
320000,dense_rhs/candidate_3_expected_eval_gain,23.984085083007812
320000,dense_rhs/candidate_3_eval_gain_uncertainty,23.383077624506424
320000,dense_rhs/candidate_3_deployment_utility_score,39.82985448913442
320000,dense_rhs/deployment_utility_override,1.0
320000,dense_rhs/deployment_utility_selected_expected_gain,23.984085083007812
320000,dense_rhs/deployment_utility_selected_uncertainty,23.383077624506424
320000,dense_rhs/deployment_utility_selected_score,39.82985448913442
320000,dense_rhs/deployment_utility_proposed_horizon,3.0
320000,dense_rhs/deployment_utility_proposed_expected_gain,23.984085083007812
320000,dense_rhs/deployment_utility_proposed_uncertainty,23.383077624506424
320000,dense_rhs/deployment_utility_proposed_score,39.82985448913442
320000,dense_rhs/previous_horizon,2.0
320000,dense_rhs/training_bucket_horizon,3.0
320000,dense_rhs/best_h,3.0
320000,dense_rhs/prob_best_h,0.109375
320000,dense_rhs/gauss_mean_best_h,0.2683199644088745
320000,dense_rhs/gauss_post_std_best_h,0.0708499550819397
320000,system/heartbeat,1.0
323992,episode/return,306.3269348144531
323992,episode/length,500.0
323993,episode/return,444.1593933105469
323993,episode/length,500.0
323994,episode/return,447.516357421875
323994,episode/length,500.0
323995,episode/return,319.4918518066406
323995,episode/length,500.0
323996,episode/return,203.3686981201172
323996,episode/length,500.0
323997,episode/return,132.68719482421875
323997,episode/length,500.0
323998,episode/return,334.83642578125
323998,episode/length,500.0
323999,episode/return,563.3172607421875
323999,episode/length,500.0
327992,episode/return,517.8291625976562
327992,episode/length,500.0
327993,episode/return,375.5940856933594
327993,episode/length,500.0
327994,episode/return,436.0960693359375
327994,episode/length,500.0
327995,episode/return,270.2266540527344
327995,episode/length,500.0
327996,episode/return,485.4907531738281
327996,episode/length,500.0
327997,episode/return,452.98822021484375
327997,episode/length,500.0
327998,episode/return,146.4609375
327998,episode/length,500.0
327999,episode/return,475.3754577636719
327999,episode/length,500.0
330000,train/consistency_loss_mean,3.438614742772188e-05
330000,train/consistency_loss_std,2.8307247892111677e-06
330000,train/continue_loss_mean,0.0
330000,train/continue_loss_std,0.0
330000,train/grad_norm_mean,0.6309988901138306
330000,train/grad_norm_std,0.25712821110811396
330000,train/policy_log_std_mean,-0.6385949123382568
330000,train/policy_log_std_std,0.27872413714127314
330000,train/policy_loss_mean,-0.24243815363645554
330000,train/policy_loss_std,0.009988106212811411
330000,train/reward_loss_mean,0.1639221050620079
330000,train/reward_loss_std,0.010623609751473749
330000,train/total_loss_mean,0.04848802353143692
330000,train/total_loss_std,0.001617619139368246
330000,train/value_loss_mean,0.3140808876514435
330000,train/value_loss_std,0.013191181367391445
330000,train/value_scale_mean,139.7797839477539
330000,train/value_scale_std,0.6133828997771431
330000,timing/collect_chunk_s,88.8534789076075
330000,timing/train_chunk_s,20.759792141616344
330000,dense_rhs/training_bucket_horizon,3.0
330000,system/heartbeat,1.0
331992,episode/return,375.7660827636719
331992,episode/length,500.0
331993,episode/return,369.7102355957031
331993,episode/length,500.0
331994,episode/return,430.23089599609375
331994,episode/length,500.0
331995,episode/return,568.8193359375
331995,episode/length,500.0
331996,episode/return,25.057533264160156
331996,episode/length,500.0
331997,episode/return,279.7959899902344
331997,episode/length,500.0
331998,episode/return,487.8638916015625
331998,episode/length,500.0
331999,episode/return,520.0789184570312
331999,episode/length,500.0
335992,episode/return,466.0535583496094
335992,episode/length,500.0
335993,episode/return,427.54058837890625
335993,episode/length,500.0
335994,episode/return,356.350830078125
335994,episode/length,500.0
335995,episode/return,494.1969299316406
335995,episode/length,500.0
335996,episode/return,540.4028930664062
335996,episode/length,500.0
335997,episode/return,427.4517517089844
335997,episode/length,500.0
335998,episode/return,401.4898986816406
335998,episode/length,500.0
335999,episode/return,396.0320129394531
335999,episode/length,500.0
339992,episode/return,347.71343994140625
339992,episode/length,500.0
339993,episode/return,353.6429138183594
339993,episode/length,500.0
339994,episode/return,393.5090637207031
339994,episode/length,500.0
339995,episode/return,450.0623779296875
339995,episode/length,500.0
339996,episode/return,287.70086669921875
339996,episode/length,500.0
339997,episode/return,543.4813842773438
339997,episode/length,500.0
339998,episode/return,476.88299560546875
339998,episode/length,500.0
339999,episode/return,414.66644287109375
339999,episode/length,500.0
340000,train/consistency_loss_mean,3.4396312574972396e-05
340000,train/consistency_loss_std,2.6023853657516088e-06
340000,train/continue_loss_mean,0.0
340000,train/continue_loss_std,0.0
340000,train/grad_norm_mean,0.6296410542964935
340000,train/grad_norm_std,0.2654607082410336
340000,train/policy_log_std_mean,-0.6328581359386444
340000,train/policy_log_std_std,0.2715758727166245
340000,train/policy_loss_mean,-0.24357835465669633
340000,train/policy_loss_std,0.009909334202275279
340000,train/reward_loss_mean,0.16504217997789383
340000,train/reward_loss_std,0.010460827855531
340000,train/total_loss_mean,0.04867742584347725
340000,train/total_loss_std,0.0016054132575557256
340000,train/value_loss_mean,0.3148528041124344
340000,train/value_loss_std,0.013113786199107304
340000,train/value_scale_mean,140.6667637084961
340000,train/value_scale_std,0.4545330330443128
340000,timing/collect_chunk_s,89.06813980778679
340000,timing/train_chunk_s,20.712274292483926
340000,dense_rhs/training_bucket_horizon,3.0
340000,system/heartbeat,1.0
343992,episode/return,454.7269287109375
343992,episode/length,500.0
343993,episode/return,468.5202941894531
343993,episode/length,500.0
343994,episode/return,478.7143859863281
343994,episode/length,500.0
343995,episode/return,526.3092041015625
343995,episode/length,500.0
343996,episode/return,133.2878875732422
343996,episode/length,500.0
343997,episode/return,231.82501220703125
343997,episode/length,500.0
343998,episode/return,419.07794189453125
343998,episode/length,500.0
343999,episode/return,418.5551452636719
343999,episode/length,500.0
347992,episode/return,439.24041748046875
347992,episode/length,500.0
347993,episode/return,311.517333984375
347993,episode/length,500.0
347994,episode/return,472.6243591308594
347994,episode/length,500.0
347995,episode/return,267.50238037109375
347995,episode/length,500.0
347996,episode/return,452.3109436035156
347996,episode/length,500.0
347997,episode/return,374.0061950683594
347997,episode/length,500.0
347998,episode/return,277.1316223144531
347998,episode/length,500.0
347999,episode/return,469.987548828125
347999,episode/length,500.0
350000,train/consistency_loss_mean,3.3936029372853225e-05
350000,train/consistency_loss_std,2.5504876966540787e-06
350000,train/continue_loss_mean,0.0
350000,train/continue_loss_std,0.0
350000,train/grad_norm_mean,0.5987284715414047
350000,train/grad_norm_std,0.24708188697634845
350000,train/policy_log_std_mean,-0.6332404055595398
350000,train/policy_log_std_std,0.26875549612009897
350000,train/policy_loss_mean,-0.24560140575170517
350000,train/policy_loss_std,0.009888383432260811
350000,train/reward_loss_mean,0.16601298996210098
350000,train/reward_loss_std,0.010727111072300394
350000,train/total_loss_mean,0.048551073265075684
350000,train/total_loss_std,0.0015913705565123032
350000,train/value_loss_mean,0.31271052839756014
350000,train/value_loss_std,0.012863358407374391
350000,train/value_scale_mean,140.73218991699218
350000,train/value_scale_std,0.34991415753384886
350000,timing/collect_chunk_s,88.23666586959735
350000,timing/train_chunk_s,20.718526298645884
350000,dense_rhs/training_bucket_horizon,3.0
350000,system/heartbeat,1.0
350000,timing/checkpoint_blocking_s,0.4485744764097035
350000,eval/return_mean,355.09234619140625
350000,eval/return_std,110.48261260986328
350000,eval/return_max,558.582275390625
350000,eval/return_min,166.43064880371094
350000,dense_rhs/deployment_utility_last_observed_gain,20.963104248046875
350000,dense_rhs/deployment_utility_observations,6.0
350000,timing/eval_s,6.862167725339532
350000,eval/selected_horizon,3.0
350000,eval/training_bucket_horizon,3.0
350000,system/heartbeat,1.0
351992,episode/return,427.5384216308594
351992,episode/length,500.0
351993,episode/return,442.4505920410156
351993,episode/length,500.0
351994,episode/return,471.2071228027344
351994,episode/length,500.0
351995,episode/return,580.4365234375
351995,episode/length,500.0
351996,episode/return,326.82879638671875
351996,episode/length,500.0
351997,episode/return,432.1021728515625
351997,episode/length,500.0
351998,episode/return,155.58969116210938
351998,episode/length,500.0
351999,episode/return,562.2518920898438
351999,episode/length,500.0
355992,episode/return,274.4277038574219
355992,episode/length,500.0
355993,episode/return,486.241455078125
355993,episode/length,500.0
355994,episode/return,444.808349609375
355994,episode/length,500.0
355995,episode/return,173.22531127929688
355995,episode/length,500.0
355996,episode/return,457.84832763671875
355996,episode/length,500.0
355997,episode/return,223.02374267578125
355997,episode/length,500.0
355998,episode/return,429.1861572265625
355998,episode/length,500.0
355999,episode/return,325.19769287109375
355999,episode/length,500.0
359992,episode/return,204.8614959716797
359992,episode/length,500.0
359993,episode/return,268.1026611328125
359993,episode/length,500.0
359994,episode/return,390.8529357910156
359994,episode/length,500.0
359995,episode/return,405.8522033691406
359995,episode/length,500.0
359996,episode/return,142.14114379882812
359996,episode/length,500.0
359997,episode/return,505.7610168457031
359997,episode/length,500.0
359998,episode/return,494.66107177734375
359998,episode/length,500.0
359999,episode/return,478.3135070800781
359999,episode/length,500.0
360000,train/consistency_loss_mean,3.3689397521084174e-05
360000,train/consistency_loss_std,2.464839062356181e-06
360000,train/continue_loss_mean,0.0
360000,train/continue_loss_std,0.0
360000,train/grad_norm_mean,0.5906577193260193
360000,train/grad_norm_std,0.24905478792313024
360000,train/policy_log_std_mean,-0.6360256858825684
360000,train/policy_log_std_std,0.26541919202653763
360000,train/policy_loss_mean,-0.2478848620891571
360000,train/policy_loss_std,0.009730821926776143
360000,train/reward_loss_mean,0.1668720784187317
360000,train/reward_loss_std,0.010507894386045514
360000,train/total_loss_mean,0.04845948211848736
360000,train/total_loss_std,0.0015564322384246307
360000,train/value_loss_mean,0.3109848482131958
360000,train/value_loss_std,0.01262231893196319
360000,train/value_scale_mean,140.5528528076172
360000,train/value_scale_std,0.5167601743494676
360000,timing/collect_chunk_s,96.99474456952885
360000,timing/train_chunk_s,20.7098273714073
360000,dense_rhs/training_bucket_horizon,3.0
360000,system/heartbeat,1.0
363992,episode/return,332.8427429199219
363992,episode/length,500.0
363993,episode/return,486.27813720703125
363993,episode/length,500.0
363994,episode/return,488.214599609375
363994,episode/length,500.0
363995,episode/return,316.2891845703125
363995,episode/length,500.0
363996,episode/return,339.2120361328125
363996,episode/length,500.0
363997,episode/return,412.6854553222656
363997,episode/length,500.0
363998,episode/return,470.92596435546875
363998,episode/length,500.0
363999,episode/return,55.96171951293945
363999,episode/length,500.0
367992,episode/return,327.2391357421875
367992,episode/length,500.0
367993,episode/return,380.2555236816406
367993,episode/length,500.0
367994,episode/return,514.0034790039062
367994,episode/length,500.0
367995,episode/return,590.580078125
367995,episode/length,500.0
367996,episode/return,375.38018798828125
367996,episode/length,500.0
367997,episode/return,270.2100524902344
367997,episode/length,500.0
367998,episode/return,323.0625915527344
367998,episode/length,500.0
367999,episode/return,426.8591003417969
367999,episode/length,500.0
370000,train/consistency_loss_mean,3.336307342397049e-05
370000,train/consistency_loss_std,2.5090868959294817e-06
370000,train/continue_loss_mean,0.0
370000,train/continue_loss_std,0.0
370000,train/grad_norm_mean,0.5809270473480225
370000,train/grad_norm_std,0.24173070122295748
370000,train/policy_log_std_mean,-0.627921224451065
370000,train/policy_log_std_std,0.26515864128400407
370000,train/policy_loss_mean,-0.24796446248292922
370000,train/policy_loss_std,0.009756881814253715
370000,train/reward_loss_mean,0.16714295672178267
370000,train/reward_loss_std,0.010457158159205655
370000,train/total_loss_mean,0.04846825833320618
370000,train/total_loss_std,0.0015547674651036527
370000,train/value_loss_mean,0.31086700119972227
370000,train/value_loss_std,0.012611389359410417
370000,train/value_scale_mean,141.1270338745117
370000,train/value_scale_std,0.384555873600851
370000,timing/collect_chunk_s,88.80928340554237
370000,timing/train_chunk_s,20.689721188042313
370000,dense_rhs/training_bucket_horizon,3.0
370000,system/heartbeat,1.0
370000,dense_rhs/selected_horizon,3.0
370000,dense_rhs/proposed_horizon,3.0
370000,dense_rhs/phase_id,0.0
370000,dense_rhs/num_active_horizons,7.0
370000,dense_rhs/num_candidate_horizons,3.0
370000,dense_rhs/entropy,1.6542890071868896
370000,dense_rhs/norm_entropy,0.8501363396644592
370000,dense_rhs/best_fitness,0.6353868246078491
370000,dense_rhs/deployment_score_best,0.015908122062683105
370000,dense_rhs/incumbent_deployment_score,0.015908122062683105
370000,dense_rhs/proposed_deployment_score,0.015908122062683105
370000,dense_rhs/proposed_transition_cost,0.0
370000,dense_rhs/proposed_switch_probability,0.5
370000,dense_rhs/proposed_expected_net_benefit,0.0
370000,dense_rhs/transition_cost_best,0.0
370000,dense_rhs/transition_adjusted_score_best,0.015908122062683105
370000,dense_rhs/switch_probability_best,0.5
370000,dense_rhs/expected_improvement_best,0.039972808212041855
370000,dense_rhs/expected_loss_best,0.039972808212041855
370000,dense_rhs/expected_net_benefit_best,0.0
370000,dense_rhs/return_term_best,0.4635719656944275
370000,dense_rhs/roughness_term_best,0.9454616904258728
370000,dense_rhs/return_std_term_best,0.37186819314956665
370000,dense_rhs/learner_proxy_term_best,0.979754626750946
370000,dense_rhs/model_prefix_loss_best,0.24425864219665527
370000,dense_rhs/model_probe_prefix_best,0.08571948111057281
370000,dense_rhs/planner_return_best,117.55705261230469
370000,dense_rhs/roughness_best,0.02630191296339035
370000,dense_rhs/robust_return_best,55.970733642578125
370000,timing/query_model_diag_s,14.821272057946771
370000,timing/query_env_eval_s,5.106102254241705
370000,timing/query_finalize_s,0.005067179910838604
370000,timing/query_total_s,19.939497667830437
370000,dense_rhs/candidate_3_fitness,0.6353868246078491
370000,dense_rhs/candidate_3_deployment_score,0.015908122062683105
370000,dense_rhs/candidate_3_transition_cost,0.0
370000,dense_rhs/candidate_3_transition_adjusted_score,0.015908122062683105
370000,dense_rhs/candidate_3_switch_probability,0.5
370000,dense_rhs/candidate_3_expected_net_benefit,0.0
370000,dense_rhs/candidate_3_return,55.970733642578125
370000,dense_rhs/candidate_3_return_term,0.4635719656944275
370000,dense_rhs/candidate_3_roughness_term,0.9454616904258728
370000,dense_rhs/candidate_3_return_std_term,0.37186819314956665
370000,dense_rhs/candidate_3_learner_proxy_term,0.979754626750946
370000,dense_rhs/candidate_2_fitness,0.03162277489900589
370000,dense_rhs/candidate_2_deployment_score,4.2860346329042095e-25
370000,dense_rhs/candidate_2_transition_cost,0.041917599737644196
370000,dense_rhs/candidate_2_transition_adjusted_score,-0.041917599737644196
370000,dense_rhs/candidate_2_switch_probability,0.30138176679611206
370000,dense_rhs/candidate_2_expected_net_benefit,-0.0578257218003273
370000,dense_rhs/candidate_2_return,1.1951217651367188
370000,dense_rhs/candidate_2_return_term,0.0
370000,dense_rhs/candidate_2_roughness_term,1.0
370000,dense_rhs/candidate_2_return_std_term,0.42860347032546997
370000,dense_rhs/candidate_2_learner_proxy_term,1.0
370000,dense_rhs/candidate_4_fitness,0.03162277489900589
370000,dense_rhs/candidate_4_deployment_score,1.330319743253483e-10
370000,dense_rhs/candidate_4_transition_cost,0.05728728696703911
370000,dense_rhs/candidate_4_transition_adjusted_score,-0.05728728696703911
370000,dense_rhs/candidate_4_switch_probability,0.22043845057487488
370000,dense_rhs/candidate_4_expected_net_benefit,-0.07319540530443192
370000,dense_rhs/candidate_4_return,15.290863037109375
370000,dense_rhs/candidate_4_return_term,0.11929379403591156
370000,dense_rhs/candidate_4_roughness_term,0.8665674328804016
370000,dense_rhs/candidate_4_return_std_term,0.0
370000,dense_rhs/candidate_4_learner_proxy_term,0.7580228447914124
370000,dense_rhs/deployment_utility_enabled,1.0
370000,dense_rhs/deployment_utility_observations,6.0
370000,dense_rhs/deployment_utility_last_observed_gain,20.963104248046875
370000,dense_rhs/candidate_2_expected_eval_gain,8.64923095703125
370000,dense_rhs/candidate_2_eval_gain_uncertainty,106.06601717798212
370000,dense_rhs/candidate_2_deployment_utility_score,35.16573525152678
370000,dense_rhs/candidate_3_expected_eval_gain,23.379888916015624
370000,dense_rhs/candidate_3_eval_gain_uncertainty,19.098575377968224
370000,dense_rhs/candidate_3_deployment_utility_score,38.15453276050768
370000,dense_rhs/candidate_4_expected_eval_gain,0.0
370000,dense_rhs/candidate_4_eval_gain_uncertainty,150.0
370000,dense_rhs/candidate_4_deployment_utility_score,37.50000008362519
370000,dense_rhs/deployment_utility_override,0.0
370000,dense_rhs/deployment_utility_selected_expected_gain,23.379888916015624
370000,dense_rhs/deployment_utility_selected_uncertainty,19.098575377968224
370000,dense_rhs/deployment_utility_selected_score,38.15453276050768
370000,dense_rhs/deployment_utility_proposed_horizon,3.0
370000,dense_rhs/deployment_utility_proposed_expected_gain,23.379888916015624
370000,dense_rhs/deployment_utility_proposed_uncertainty,19.098575377968224
370000,dense_rhs/deployment_utility_proposed_score,38.15453276050768
370000,dense_rhs/previous_horizon,3.0
370000,dense_rhs/training_bucket_horizon,3.0
370000,dense_rhs/best_h,3.0
370000,dense_rhs/prob_best_h,0.158203125
370000,dense_rhs/gauss_mean_best_h,0.32075807452201843
370000,dense_rhs/gauss_post_std_best_h,0.07774888724088669
370000,system/heartbeat,1.0
371992,episode/return,224.2379608154297
371992,episode/length,500.0
371993,episode/return,489.1410217285156
371993,episode/length,500.0
371994,episode/return,569.320556640625
371994,episode/length,500.0
371995,episode/return,235.97984313964844
371995,episode/length,500.0
371996,episode/return,328.34442138671875
371996,episode/length,500.0
371997,episode/return,113.95524597167969
371997,episode/length,500.0
371998,episode/return,513.1902465820312
371998,episode/length,500.0
371999,episode/return,452.49005126953125
371999,episode/length,500.0
375992,episode/return,322.6703186035156
375992,episode/length,500.0
375993,episode/return,0.6451108455657959
375993,episode/length,500.0
375994,episode/return,486.9928894042969
375994,episode/length,500.0
375995,episode/return,299.06707763671875
375995,episode/length,500.0
375996,episode/return,339.9131164550781
375996,episode/length,500.0
375997,episode/return,435.9554138183594
375997,episode/length,500.0
375998,episode/return,448.8379821777344
375998,episode/length,500.0
375999,episode/return,488.6189270019531
375999,episode/length,500.0
379992,episode/return,271.0922546386719
379992,episode/length,500.0
379993,episode/return,620.628173828125
379993,episode/length,500.0
379994,episode/return,336.0278015136719
379994,episode/length,500.0
379995,episode/return,500.12237548828125
379995,episode/length,500.0
379996,episode/return,510.3030090332031
379996,episode/length,500.0
379997,episode/return,422.6868896484375
379997,episode/length,500.0
379998,episode/return,310.5916748046875
379998,episode/length,500.0
379999,episode/return,530.5662231445312
379999,episode/length,500.0
380000,train/consistency_loss_mean,3.3494885374966547e-05
380000,train/consistency_loss_std,2.5764950627041037e-06
380000,train/continue_loss_mean,0.0
380000,train/continue_loss_std,0.0
380000,train/grad_norm_mean,0.5854879038095474
380000,train/grad_norm_std,0.24811675455455584
380000,train/policy_log_std_mean,-0.6246741524219513
380000,train/policy_log_std_std,0.2626991265628003
380000,train/policy_loss_mean,-0.24862651047706605
380000,train/policy_loss_std,0.009756818469132119
380000,train/reward_loss_mean,0.1678188873410225
380000,train/reward_loss_std,0.010438384416640278
380000,train/total_loss_mean,0.04865009765625
380000,train/total_loss_std,0.0015805700733517003
380000,train/value_loss_mean,0.31198310668468476
380000,train/value_loss_std,0.01291557841106648
380000,train/value_scale_mean,141.4077937133789
380000,train/value_scale_std,0.24487354283208912
380000,timing/collect_chunk_s,94.4566894681193
380000,timing/train_chunk_s,20.719252751208842
380000,dense_rhs/training_bucket_horizon,3.0
380000,system/heartbeat,1.0
383992,episode/return,432.37646484375
383992,episode/length,500.0
383993,episode/return,544.5272216796875
383993,episode/length,500.0
383994,episode/return,324.1445007324219
383994,episode/length,500.0
383995,episode/return,482.9185485839844
383995,episode/length,500.0
383996,episode/return,495.48736572265625
383996,episode/length,500.0
383997,episode/return,191.04713439941406
383997,episode/length,500.0
383998,episode/return,112.31674194335938
383998,episode/length,500.0
383999,episode/return,169.62899780273438
383999,episode/length,500.0
387992,episode/return,398.6964111328125
387992,episode/length,500.0
387993,episode/return,584.7692260742188
387993,episode/length,500.0
387994,episode/return,464.7975158691406
387994,episode/length,500.0
387995,episode/return,447.0549011230469
387995,episode/length,500.0
387996,episode/return,422.1613464355469
387996,episode/length,500.0
387997,episode/return,272.2510070800781
387997,episode/length,500.0
387998,episode/return,326.302978515625
387998,episode/length,500.0
387999,episode/return,505.31231689453125
387999,episode/length,500.0
390000,train/consistency_loss_mean,3.360844527196605e-05
390000,train/consistency_loss_std,2.649759727662499e-06
390000,train/continue_loss_mean,0.0
390000,train/continue_loss_std,0.0
390000,train/grad_norm_mean,0.6068142126560211
390000,train/grad_norm_std,0.26157279685015694
390000,train/policy_log_std_mean,-0.6387630139827728
390000,train/policy_log_std_std,0.27089946535434445
390000,train/policy_loss_mean,-0.24764132919311524
390000,train/policy_loss_std,0.00971802085913513
390000,train/reward_loss_mean,0.16839932997226714
390000,train/reward_loss_std,0.010534677685339174
390000,train/total_loss_mean,0.04912012774646282
390000,train/total_loss_std,0.0016202381379181092
390000,train/value_loss_mean,0.31608024470806123
390000,train/value_loss_std,0.01333776732592814
390000,train/value_scale_mean,142.42907996826173
390000,train/value_scale_std,0.5577897404075757
390000,timing/collect_chunk_s,94.78082843357697
390000,timing/train_chunk_s,20.627748512197286
390000,dense_rhs/training_bucket_horizon,3.0
390000,system/heartbeat,1.0
391992,episode/return,219.039306640625
391992,episode/length,500.0
391993,episode/return,511.3445129394531
391993,episode/length,500.0
391994,episode/return,430.06243896484375
391994,episode/length,500.0
391995,episode/return,244.0592498779297
391995,episode/length,500.0
391996,episode/return,580.5586547851562
391996,episode/length,500.0
391997,episode/return,426.6248474121094
391997,episode/length,500.0
391998,episode/return,350.9266357421875
391998,episode/length,500.0
391999,episode/return,383.3942565917969
391999,episode/length,500.0
395992,episode/return,437.6191711425781
395992,episode/length,500.0
395993,episode/return,425.4654846191406
395993,episode/length,500.0
395994,episode/return,424.3978271484375
395994,episode/length,500.0
395995,episode/return,612.9656982421875
395995,episode/length,500.0
395996,episode/return,294.1292419433594
395996,episode/length,500.0
395997,episode/return,491.6153564453125
395997,episode/length,500.0
395998,episode/return,239.8354034423828
395998,episode/length,500.0
395999,episode/return,177.2257843017578
395999,episode/length,500.0
399992,episode/return,513.7269287109375
399992,episode/length,500.0
399993,episode/return,479.2894287109375
399993,episode/length,500.0
399994,episode/return,507.2593688964844
399994,episode/length,500.0
399995,episode/return,458.0478515625
399995,episode/length,500.0
399996,episode/return,223.0170135498047
399996,episode/length,500.0
399997,episode/return,500.91680908203125
399997,episode/length,500.0
399998,episode/return,543.5897216796875
399998,episode/length,500.0
399999,episode/return,518.6353149414062
399999,episode/length,500.0
400000,train/consistency_loss_mean,3.3597963395004624e-05
400000,train/consistency_loss_std,2.4878877162240367e-06
400000,train/continue_loss_mean,0.0
400000,train/continue_loss_std,0.0
400000,train/grad_norm_mean,0.6010794375658035
400000,train/grad_norm_std,0.2569208728817235
400000,train/policy_log_std_mean,-0.634515750837326
400000,train/policy_log_std_std,0.2726616816206432
400000,train/policy_loss_mean,-0.24872517879009245
400000,train/policy_loss_std,0.009677952358231412
400000,train/reward_loss_mean,0.16930081702470778
400000,train/reward_loss_std,0.010691161912352
400000,train/total_loss_mean,0.04925299211442471
400000,train/total_loss_std,0.0015981436235135138
400000,train/value_loss_mean,0.3165094983577728
400000,train/value_loss_std,0.013074036569593817
400000,train/value_scale_mean,142.9071514404297
400000,train/value_scale_std,0.3176771074473715
400000,timing/collect_chunk_s,87.28391089104116
400000,timing/train_chunk_s,20.66131383460015
400000,dense_rhs/training_bucket_horizon,3.0
400000,system/heartbeat,1.0
400000,timing/checkpoint_blocking_s,0.4377515520900488
400000,eval/return_mean,363.40020751953125
400000,eval/return_std,91.83214569091797
400000,eval/return_max,515.3047485351562
400000,eval/return_min,156.1143798828125
400000,dense_rhs/deployment_utility_last_observed_gain,8.307861328125
400000,dense_rhs/deployment_utility_observations,7.0
400000,timing/eval_s,6.859773757867515
400000,eval/selected_horizon,3.0
400000,eval/training_bucket_horizon,3.0
400000,system/heartbeat,1.0
403992,episode/return,111.18574523925781
403992,episode/length,500.0
403993,episode/return,183.08773803710938
403993,episode/length,500.0
403994,episode/return,241.8076171875
403994,episode/length,500.0
403995,episode/return,236.0364227294922
403995,episode/length,500.0
403996,episode/return,393.56109619140625
403996,episode/length,500.0
403997,episode/return,489.74755859375
403997,episode/length,500.0
403998,episode/return,605.1798706054688
403998,episode/length,500.0
403999,episode/return,589.6182861328125
403999,episode/length,500.0
407992,episode/return,423.0334167480469
407992,episode/length,500.0
407993,episode/return,453.9501037597656
407993,episode/length,500.0
407994,episode/return,303.1792907714844
407994,episode/length,500.0
407995,episode/return,87.7599868774414
407995,episode/length,500.0
407996,episode/return,474.25628662109375
407996,episode/length,500.0
407997,episode/return,440.3092041015625
407997,episode/length,500.0
407998,episode/return,505.5099182128906
407998,episode/length,500.0
407999,episode/return,319.3837890625
407999,episode/length,500.0
410000,train/consistency_loss_mean,3.3557139967160763e-05
410000,train/consistency_loss_std,2.549000726696941e-06
410000,train/continue_loss_mean,0.0
410000,train/continue_loss_std,0.0
410000,train/grad_norm_mean,0.5962708964347839
410000,train/grad_norm_std,0.25187010831958184
410000,train/policy_log_std_mean,-0.6247304045200348
410000,train/policy_log_std_std,0.26239860088523054
410000,train/policy_loss_mean,-0.2484167648434639
410000,train/policy_loss_std,0.009876441914625644
410000,train/reward_loss_mean,0.16965088876485823
410000,train/reward_loss_std,0.010631565013772349
410000,train/total_loss_mean,0.04919932322204113
410000,train/total_loss_std,0.0015984064631568832
410000,train/value_loss_mean,0.3156309080600739
410000,train/value_loss_std,0.013236221521064403
410000,train/value_scale_mean,143.59995107421875
410000,train/value_scale_std,0.25785457525865224
410000,timing/collect_chunk_s,88.8573468439281
410000,timing/train_chunk_s,20.692593581974506
410000,dense_rhs/training_bucket_horizon,3.0
410000,system/heartbeat,1.0
411992,episode/return,409.1053466796875
411992,episode/length,500.0
411993,episode/return,239.54075622558594
411993,episode/length,500.0
411994,episode/return,400.0077209472656
411994,episode/length,500.0
411995,episode/return,172.43955993652344
411995,episode/length,500.0
411996,episode/return,363.9442443847656
411996,episode/length,500.0
411997,episode/return,516.8099365234375
411997,episode/length,500.0
411998,episode/return,617.4141235351562
411998,episode/length,500.0
411999,episode/return,240.5786895751953
411999,episode/length,500.0
415992,episode/return,332.7357482910156
415992,episode/length,500.0
415993,episode/return,336.50262451171875
415993,episode/length,500.0
415994,episode/return,464.4209899902344
415994,episode/length,500.0
415995,episode/return,525.437744140625
415995,episode/length,500.0
415996,episode/return,0.03001515381038189
415996,episode/length,500.0
415997,episode/return,293.5431213378906
415997,episode/length,500.0
415998,episode/return,137.8097686767578
415998,episode/length,500.0
415999,episode/return,306.0254211425781
415999,episode/length,500.0
419992,episode/return,491.4189147949219
419992,episode/length,500.0
419993,episode/return,501.5932312011719
419993,episode/length,500.0
419994,episode/return,327.4960021972656
419994,episode/length,500.0
419995,episode/return,285.00128173828125
419995,episode/length,500.0
419996,episode/return,452.95709228515625
419996,episode/length,500.0
419997,episode/return,331.69873046875
419997,episode/length,500.0
419998,episode/return,226.3620147705078
419998,episode/length,500.0
419999,episode/return,536.8917236328125
419999,episode/length,500.0
420000,train/consistency_loss_mean,3.360472482745536e-05
420000,train/consistency_loss_std,2.502124887179663e-06
420000,train/continue_loss_mean,0.0
420000,train/continue_loss_std,0.0
420000,train/grad_norm_mean,0.5812055438756942
420000,train/grad_norm_std,0.24139765234237143
420000,train/policy_log_std_mean,-0.63229798412323
420000,train/policy_log_std_std,0.265815377516822
420000,train/policy_loss_mean,-0.24983045922517777
420000,train/policy_loss_std,0.009678662959277868
420000,train/reward_loss_mean,0.17008580284118652
420000,train/reward_loss_std,0.010508698584186389
420000,train/total_loss_mean,0.04899208302795887
420000,train/total_loss_std,0.0015714163019012533
420000,train/value_loss_mean,0.31311407656669615
420000,train/value_loss_std,0.012883384703725331
420000,train/value_scale_mean,143.46801524658204
420000,train/value_scale_std,0.3419744420322222
420000,timing/collect_chunk_s,88.12908696336672
420000,timing/train_chunk_s,20.713332033716142
420000,dense_rhs/training_bucket_horizon,3.0
420000,system/heartbeat,1.0
420000,dense_rhs/selected_horizon,4.0
420000,dense_rhs/proposed_horizon,3.0
420000,dense_rhs/phase_id,0.0
420000,dense_rhs/num_active_horizons,7.0
420000,dense_rhs/num_candidate_horizons,3.0
420000,dense_rhs/entropy,1.6235520839691162
420000,dense_rhs/norm_entropy,0.8343406915664673
420000,dense_rhs/best_fitness,0.03162277489900589
420000,dense_rhs/deployment_score_best,3.0635864384088167e-25
420000,dense_rhs/incumbent_deployment_score,0.0003961538604926318
420000,dense_rhs/proposed_deployment_score,0.0003961538604926318
420000,dense_rhs/proposed_transition_cost,0.0
420000,dense_rhs/proposed_switch_probability,0.5
420000,dense_rhs/proposed_expected_net_benefit,0.0
420000,dense_rhs/transition_cost_best,0.0
420000,dense_rhs/transition_adjusted_score_best,0.0003961538604926318
420000,dense_rhs/switch_probability_best,0.5
420000,dense_rhs/expected_improvement_best,0.04386511445045471
420000,dense_rhs/expected_loss_best,0.04386511445045471
420000,dense_rhs/expected_net_benefit_best,0.0
420000,dense_rhs/return_term_best,0.0
420000,dense_rhs/roughness_term_best,0.9056417346000671
420000,dense_rhs/return_std_term_best,0.46190887689590454
420000,dense_rhs/learner_proxy_term_best,0.732347846031189
420000,dense_rhs/model_prefix_loss_best,0.2316487580537796
420000,dense_rhs/model_probe_prefix_best,0.0786760151386261
420000,dense_rhs/planner_return_best,113.7788314819336
420000,dense_rhs/roughness_best,0.011503899469971657
420000,dense_rhs/robust_return_best,-1.1454620361328125
420000,timing/query_model_diag_s,0.01200258219614625
420000,timing/query_env_eval_s,5.102234237361699
420000,timing/query_finalize_s,0.003880626056343317
420000,timing/query_total_s,5.1235649129375815
420000,dense_rhs/candidate_3_fitness,0.37789639830589294
420000,dense_rhs/candidate_3_deployment_score,0.0003961538604926318
420000,dense_rhs/candidate_3_transition_cost,0.0
420000,dense_rhs/candidate_3_transition_adjusted_score,0.0003961538604926318
420000,dense_rhs/candidate_3_switch_probability,0.5
420000,dense_rhs/candidate_3_expected_net_benefit,0.0
420000,dense_rhs/candidate_3_return,30.582664489746094
420000,dense_rhs/candidate_3_return_term,0.276252418756485
420000,dense_rhs/candidate_3_roughness_term,0.9640661478042603
420000,dense_rhs/candidate_3_return_std_term,0.07656967639923096
420000,dense_rhs/candidate_3_learner_proxy_term,0.9214587211608887
420000,dense_rhs/candidate_4_fitness,0.03162277489900589
420000,dense_rhs/candidate_4_deployment_score,3.0635864384088167e-25
420000,dense_rhs/candidate_4_transition_cost,0.05938998982310295
420000,dense_rhs/candidate_4_transition_adjusted_score,-0.05938998982310295
420000,dense_rhs/candidate_4_switch_probability,0.26813775300979614
420000,dense_rhs/candidate_4_expected_net_benefit,-0.059786148369312286
420000,dense_rhs/candidate_4_return,-1.1454620361328125
420000,dense_rhs/candidate_4_return_term,0.0
420000,dense_rhs/candidate_4_roughness_term,0.9056417346000671
420000,dense_rhs/candidate_4_return_std_term,0.46190887689590454
420000,dense_rhs/candidate_4_learner_proxy_term,0.732347846031189
420000,dense_rhs/candidate_2_fitness,0.03172043338418007
420000,dense_rhs/candidate_2_deployment_score,1.8792529754563247e-09
420000,dense_rhs/candidate_2_transition_cost,0.06404378265142441
420000,dense_rhs/candidate_2_transition_adjusted_score,-0.06404378265142441
420000,dense_rhs/candidate_2_switch_probability,0.2760400176048279
420000,dense_rhs/candidate_2_expected_net_benefit,-0.06443994492292404
420000,dense_rhs/candidate_2_return,22.76757049560547
420000,dense_rhs/candidate_2_return_term,0.20820747315883636
420000,dense_rhs/candidate_2_roughness_term,1.0
420000,dense_rhs/candidate_2_return_std_term,5.960464477539063e-08
420000,dense_rhs/candidate_2_learner_proxy_term,1.0
420000,dense_rhs/deployment_utility_enabled,1.0
420000,dense_rhs/deployment_utility_observations,7.0
420000,dense_rhs/deployment_utility_last_observed_gain,8.307861328125
420000,dense_rhs/candidate_2_expected_eval_gain,8.64923095703125
420000,dense_rhs/candidate_2_eval_gain_uncertainty,106.06601717798212
420000,dense_rhs/candidate_2_deployment_utility_score,35.165782688978815
420000,dense_rhs/candidate_3_expected_eval_gain,20.867884318033855
420000,dense_rhs/candidate_3_eval_gain_uncertainty,16.280262997353915
420000,dense_rhs/candidate_3_deployment_utility_score,34.937950067372334
420000,dense_rhs/candidate_4_expected_eval_gain,0.0
420000,dense_rhs/candidate_4_eval_gain_uncertainty,150.0
420000,dense_rhs/candidate_4_deployment_utility_score,37.5
420000,dense_rhs/deployment_utility_override,1.0
420000,dense_rhs/deployment_utility_selected_expected_gain,0.0
420000,dense_rhs/deployment_utility_selected_uncertainty,150.0
420000,dense_rhs/deployment_utility_selected_score,37.5
420000,dense_rhs/deployment_utility_proposed_horizon,4.0
420000,dense_rhs/deployment_utility_proposed_expected_gain,0.0
420000,dense_rhs/deployment_utility_proposed_uncertainty,150.0
420000,dense_rhs/deployment_utility_proposed_score,37.5
420000,dense_rhs/previous_horizon,3.0
420000,dense_rhs/training_bucket_horizon,4.0
420000,dense_rhs/best_h,4.0
420000,dense_rhs/prob_best_h,0.00390625
420000,dense_rhs/gauss_mean_best_h,0.13894827663898468
420000,dense_rhs/gauss_post_std_best_h,0.0519510880112648
420000,system/heartbeat,1.0
423992,episode/return,456.5740661621094
423992,episode/length,500.0
423993,episode/return,187.1954345703125
423993,episode/length,500.0
423994,episode/return,415.9109191894531
423994,episode/length,500.0
423995,episode/return,402.6185302734375
423995,episode/length,500.0
423996,episode/return,567.0491333007812
423996,episode/length,500.0
423997,episode/return,479.9482116699219
423997,episode/length,500.0
423998,episode/return,522.137451171875
423998,episode/length,500.0
423999,episode/return,491.6045227050781
423999,episode/length,500.0
427992,episode/return,346.11541748046875
427992,episode/length,500.0
427993,episode/return,302.2771301269531
427993,episode/length,500.0
427994,episode/return,0.024027889594435692
427994,episode/length,500.0
427995,episode/return,410.7420959472656
427995,episode/length,500.0
427996,episode/return,556.319580078125
427996,episode/length,500.0
427997,episode/return,345.16815185546875
427997,episode/length,500.0
427998,episode/return,501.9102783203125
427998,episode/length,500.0
427999,episode/return,383.1379699707031
427999,episode/length,500.0
430000,train/consistency_loss_mean,2.8114041313529016e-05
430000,train/consistency_loss_std,2.0237362075330115e-06
430000,train/continue_loss_mean,0.0
430000,train/continue_loss_std,0.0
430000,train/grad_norm_mean,0.4506068044185638
430000,train/grad_norm_std,0.19120871883962443
430000,train/policy_log_std_mean,-0.6278975695800781
430000,train/policy_log_std_std,0.25721711427120547
430000,train/policy_loss_mean,-0.2071198429942131
430000,train/policy_loss_std,0.008130579245728542
430000,train/reward_loss_mean,0.13701415219306945
430000,train/reward_loss_std,0.008433407957469805
430000,train/total_loss_mean,0.039307795175909994
430000,train/total_loss_std,0.0012275551183889425
430000,train/value_loss_mean,0.25044098393917086
430000,train/value_loss_std,0.009962646899913859
430000,train/value_scale_mean,142.90561578369142
430000,train/value_scale_std,0.32814723671835644
430000,timing/collect_chunk_s,149.58115400839597
430000,timing/train_chunk_s,232.32559282612056
430000,dense_rhs/training_bucket_horizon,4.0
430000,system/heartbeat,1.0
431992,episode/return,439.7744445800781
431992,episode/length,500.0
431993,episode/return,443.72845458984375
431993,episode/length,500.0
431994,episode/return,502.7141418457031
431994,episode/length,500.0
431995,episode/return,471.865966796875
431995,episode/length,500.0
431996,episode/return,341.9739990234375
431996,episode/length,500.0
431997,episode/return,466.807373046875
431997,episode/length,500.0
431998,episode/return,389.1478576660156
431998,episode/length,500.0
431999,episode/return,333.2315673828125
431999,episode/length,500.0
435992,episode/return,486.6353454589844
435992,episode/length,500.0
435993,episode/return,266.68408203125
435993,episode/length,500.0
435994,episode/return,192.62265014648438
435994,episode/length,500.0
435995,episode/return,485.9032897949219
435995,episode/length,500.0
435996,episode/return,369.7215881347656
435996,episode/length,500.0
435997,episode/return,458.47735595703125
435997,episode/length,500.0
435998,episode/return,427.7212829589844
435998,episode/length,500.0
435999,episode/return,382.8031921386719
435999,episode/length,500.0
439992,episode/return,581.2682495117188
439992,episode/length,500.0
439993,episode/return,188.8212432861328
439993,episode/length,500.0
439994,episode/return,254.62156677246094
439994,episode/length,500.0
439995,episode/return,462.14501953125
439995,episode/length,500.0
439996,episode/return,196.69444274902344
439996,episode/length,500.0
439997,episode/return,480.51568603515625
439997,episode/length,500.0
439998,episode/return,402.1467590332031
439998,episode/length,500.0
439999,episode/return,284.69354248046875
439999,episode/length,500.0
440000,train/consistency_loss_mean,2.8226673022436444e-05
440000,train/consistency_loss_std,2.085192276916085e-06
440000,train/continue_loss_mean,0.0
440000,train/continue_loss_std,0.0
440000,train/grad_norm_mean,0.43090419244766237
440000,train/grad_norm_std,0.1785461495397961
440000,train/policy_log_std_mean,-0.6314932762527465
440000,train/policy_log_std_std,0.26463773787266515
440000,train/policy_loss_mean,-0.20804623218774795
440000,train/policy_loss_std,0.007930318676577276
440000,train/reward_loss_mean,0.13741115235090257
440000,train/reward_loss_std,0.008418498161130484
440000,train/total_loss_mean,0.03916461963057518
440000,train/total_loss_std,0.0012530983473199532
440000,train/value_loss_mean,0.24858970096111296
440000,train/value_loss_std,0.009951635669438118
440000,train/value_scale_mean,142.9119888671875
440000,train/value_scale_std,0.4829245799066244
440000,timing/collect_chunk_s,90.64472777629271
440000,timing/train_chunk_s,25.286805605050176
440000,dense_rhs/training_bucket_horizon,4.0
440000,system/heartbeat,1.0
443992,episode/return,443.5304260253906
443992,episode/length,500.0
443993,episode/return,582.6568603515625
443993,episode/length,500.0
443994,episode/return,222.51846313476562
443994,episode/length,500.0
443995,episode/return,460.60198974609375
443995,episode/length,500.0
443996,episode/return,268.0650329589844
443996,episode/length,500.0
443997,episode/return,477.9109191894531
443997,episode/length,500.0
443998,episode/return,175.8941192626953
443998,episode/length,500.0
443999,episode/return,363.14398193359375
443999,episode/length,500.0
447992,episode/return,532.6853637695312
447992,episode/length,500.0
447993,episode/return,315.0721130371094
447993,episode/length,500.0
447994,episode/return,312.38037109375
447994,episode/length,500.0
447995,episode/return,613.5056762695312
447995,episode/length,500.0
447996,episode/return,366.44561767578125
447996,episode/length,500.0
447997,episode/return,198.7128143310547
447997,episode/length,500.0
447998,episode/return,422.9995422363281
447998,episode/length,500.0
447999,episode/return,476.77386474609375
447999,episode/length,500.0
450000,train/consistency_loss_mean,2.8474109298258553e-05
450000,train/consistency_loss_std,2.100427711601608e-06
450000,train/continue_loss_mean,0.0
450000,train/continue_loss_std,0.0
450000,train/grad_norm_mean,0.42677150156497956
450000,train/grad_norm_std,0.17884813457618806
450000,train/policy_log_std_mean,-0.622088168182373
450000,train/policy_log_std_std,0.26993721565961143
450000,train/policy_loss_mean,-0.2086932227373123
450000,train/policy_loss_std,0.008066379290301077
450000,train/reward_loss_mean,0.1376905605316162
450000,train/reward_loss_std,0.00850711286363686
450000,train/total_loss_mean,0.03927162070870399
450000,train/total_loss_std,0.001239318318151708
450000,train/value_loss_mean,0.24933081887960434
450000,train/value_loss_std,0.009930077432151256
450000,train/value_scale_mean,143.16015249023437
450000,train/value_scale_std,0.42927253621128164
450000,timing/collect_chunk_s,89.42388729006052
450000,timing/train_chunk_s,25.26639794325456
450000,dense_rhs/training_bucket_horizon,4.0
450000,system/heartbeat,1.0
450000,timing/checkpoint_blocking_s,0.4459303240291774
450000,eval/return_mean,356.0006408691406
450000,eval/return_std,137.63804626464844
450000,eval/return_max,545.3193359375
450000,eval/return_min,0.13711625337600708
450000,dense_rhs/deployment_utility_last_observed_gain,-7.399566650390625
450000,dense_rhs/deployment_utility_observations,8.0
450000,timing/eval_s,27.883978370111436
450000,eval/selected_horizon,4.0
450000,eval/training_bucket_horizon,4.0
450000,system/heartbeat,1.0
451992,episode/return,420.70819091796875
451992,episode/length,500.0
451993,episode/return,454.227294921875
451993,episode/length,500.0
451994,episode/return,365.743408203125
451994,episode/length,500.0
451995,episode/return,420.3574523925781
451995,episode/length,500.0
451996,episode/return,326.8243408203125
451996,episode/length,500.0
451997,episode/return,434.1517028808594
451997,episode/length,500.0
451998,episode/return,518.2534790039062
451998,episode/length,500.0
451999,episode/return,437.72369384765625
451999,episode/length,500.0
455992,episode/return,365.5276794433594
455992,episode/length,500.0
455993,episode/return,352.5867004394531
455993,episode/length,500.0
455994,episode/return,295.700439453125
455994,episode/length,500.0
455995,episode/return,213.73141479492188
455995,episode/length,500.0
455996,episode/return,258.8572998046875
455996,episode/length,500.0
455997,episode/return,573.4929809570312
455997,episode/length,500.0
455998,episode/return,283.4302978515625
455998,episode/length,500.0
455999,episode/return,507.3774108886719
455999,episode/length,500.0
459992,episode/return,465.9788513183594
459992,episode/length,500.0
459993,episode/return,525.203125
459993,episode/length,500.0
459994,episode/return,369.9051818847656
459994,episode/length,500.0
459995,episode/return,531.39208984375
459995,episode/length,500.0
459996,episode/return,447.4326171875
459996,episode/length,500.0
459997,episode/return,526.697509765625
459997,episode/length,500.0
459998,episode/return,514.6146240234375
459998,episode/length,500.0
459999,episode/return,438.0099792480469
459999,episode/length,500.0
460000,train/consistency_loss_mean,2.881431123969378e-05
460000,train/consistency_loss_std,2.1559076068070067e-06
460000,train/continue_loss_mean,0.0
460000,train/continue_loss_std,0.0
460000,train/grad_norm_mean,0.4287007123231888
460000,train/grad_norm_std,0.18115435656122264
460000,train/policy_log_std_mean,-0.6324666562271118
460000,train/policy_log_std_std,0.27401272621043754
460000,train/policy_loss_mean,-0.20878113298416137
460000,train/policy_loss_std,0.007868093991337791
460000,train/reward_loss_mean,0.13840598312616348
460000,train/reward_loss_std,0.008449497100479948
460000,train/total_loss_mean,0.03941609860062599
460000,train/total_loss_std,0.00123629599648597
460000,train/value_loss_mean,0.2499921303510666
460000,train/value_loss_std,0.009887879052123816
460000,train/value_scale_mean,143.3568496459961
460000,train/value_scale_std,0.24260992409004817
460000,timing/collect_chunk_s,99.97984294220805
460000,timing/train_chunk_s,25.328595886472613
460000,dense_rhs/training_bucket_horizon,4.0
460000,system/heartbeat,1.0
463992,episode/return,242.72268676757812
463992,episode/length,500.0
463993,episode/return,243.93984985351562
463993,episode/length,500.0
463994,episode/return,366.55889892578125
463994,episode/length,500.0
463995,episode/return,435.7089538574219
463995,episode/length,500.0
463996,episode/return,569.2572021484375
463996,episode/length,500.0
463997,episode/return,309.7602233886719
463997,episode/length,500.0
463998,episode/return,419.2122802734375
463998,episode/length,500.0
463999,episode/return,488.2431335449219
463999,episode/length,500.0
467992,episode/return,464.85491943359375
467992,episode/length,500.0
467993,episode/return,330.7100830078125
467993,episode/length,500.0
467994,episode/return,404.2913818359375
467994,episode/length,500.0
467995,episode/return,281.1500549316406
467995,episode/length,500.0
467996,episode/return,581.846435546875
467996,episode/length,500.0
467997,episode/return,325.30499267578125
467997,episode/length,500.0
467998,episode/return,221.9640350341797
467998,episode/length,500.0
467999,episode/return,509.7056884765625
467999,episode/length,500.0
470000,train/consistency_loss_mean,2.9120572676765732e-05
470000,train/consistency_loss_std,2.110184550891939e-06
470000,train/continue_loss_mean,0.0
470000,train/continue_loss_std,0.0
470000,train/grad_norm_mean,0.4298965357065201
470000,train/grad_norm_std,0.18440209440360383
470000,train/policy_log_std_mean,-0.6361746376800537
470000,train/policy_log_std_std,0.2694705621654832
470000,train/policy_loss_mean,-0.20948265564441682
470000,train/policy_loss_std,0.008021092522422833
470000,train/reward_loss_mean,0.13883656355142593
470000,train/reward_loss_std,0.008583398864193556
470000,train/total_loss_mean,0.03949020268917084
470000,train/total_loss_std,0.0012497864660109194
470000,train/value_loss_mean,0.250241345012188
470000,train/value_loss_std,0.010021341381308476
470000,train/value_scale_mean,142.59491606445312
470000,train/value_scale_std,0.31137810066394944
470000,timing/collect_chunk_s,89.55211979942396
470000,timing/train_chunk_s,25.266476340591908
470000,dense_rhs/training_bucket_horizon,4.0
470000,system/heartbeat,1.0
470000,dense_rhs/selected_horizon,5.0
470000,dense_rhs/proposed_horizon,4.0
470000,dense_rhs/phase_id,0.0
470000,dense_rhs/num_active_horizons,7.0
470000,dense_rhs/num_candidate_horizons,3.0
470000,dense_rhs/entropy,1.6030834913253784
470000,dense_rhs/norm_entropy,0.8238219022750854
470000,dense_rhs/best_fitness,0.03162277489900589
470000,dense_rhs/deployment_score_best,7.535173482172652e-26
470000,dense_rhs/incumbent_deployment_score,6.520503581519677e-11
470000,dense_rhs/proposed_deployment_score,6.520503581519677e-11
470000,dense_rhs/proposed_transition_cost,0.0
470000,dense_rhs/proposed_switch_probability,0.5
470000,dense_rhs/proposed_expected_net_benefit,0.0
470000,dense_rhs/transition_cost_best,0.0
470000,dense_rhs/transition_adjusted_score_best,6.520503581519677e-11
470000,dense_rhs/switch_probability_best,0.5
470000,dense_rhs/expected_improvement_best,0.029310261830687523
470000,dense_rhs/expected_loss_best,0.029310261830687523
470000,dense_rhs/expected_net_benefit_best,0.0
470000,dense_rhs/return_term_best,0.0
470000,dense_rhs/roughness_term_best,0.7453416585922241
470000,dense_rhs/return_std_term_best,0.1533527374267578
470000,dense_rhs/learner_proxy_term_best,0.659244179725647
470000,dense_rhs/model_prefix_loss_best,0.3144685626029968
470000,dense_rhs/model_probe_prefix_best,0.10696294158697128
470000,dense_rhs/planner_return_best,125.06986236572266
470000,dense_rhs/roughness_best,0.0501311793923378
470000,dense_rhs/robust_return_best,-14.330268859863281
470000,timing/query_model_diag_s,14.358899308834225
470000,timing/query_env_eval_s,26.75320349400863
470000,timing/query_finalize_s,0.004215996712446213
470000,timing/query_total_s,41.12275841925293
470000,dense_rhs/candidate_4_fitness,0.03162277489900589
470000,dense_rhs/candidate_4_deployment_score,6.520503581519677e-11
470000,dense_rhs/candidate_4_transition_cost,0.0
470000,dense_rhs/candidate_4_transition_adjusted_score,6.520503581519677e-11
470000,dense_rhs/candidate_4_switch_probability,0.5
470000,dense_rhs/candidate_4_expected_net_benefit,0.0
470000,dense_rhs/candidate_4_return,-0.5748519897460938
470000,dense_rhs/candidate_4_return_term,0.09781894832849503
470000,dense_rhs/candidate_4_roughness_term,0.8483502268791199
470000,dense_rhs/candidate_4_return_std_term,0.0
470000,dense_rhs/candidate_4_learner_proxy_term,0.8394870162010193
470000,dense_rhs/candidate_5_fitness,0.03162277489900589
470000,dense_rhs/candidate_5_deployment_score,7.535173482172652e-26
470000,dense_rhs/candidate_5_transition_cost,0.047383956611156464
470000,dense_rhs/candidate_5_transition_adjusted_score,-0.047383956611156464
470000,dense_rhs/candidate_5_switch_probability,0.4811290502548218
470000,dense_rhs/candidate_5_expected_net_benefit,-0.04738396406173706
470000,dense_rhs/candidate_5_return,-14.330268859863281
470000,dense_rhs/candidate_5_return_term,0.0
470000,dense_rhs/candidate_5_roughness_term,0.7453416585922241
470000,dense_rhs/candidate_5_return_std_term,0.1533527374267578
470000,dense_rhs/candidate_5_learner_proxy_term,0.659244179725647
470000,dense_rhs/candidate_3_fitness,0.4671473205089569
470000,dense_rhs/candidate_3_deployment_score,0.0020574491936713457
470000,dense_rhs/candidate_3_transition_cost,0.04796751216053963
470000,dense_rhs/candidate_3_transition_adjusted_score,-0.0459100641310215
470000,dense_rhs/candidate_3_switch_probability,0.2964223623275757
470000,dense_rhs/candidate_3_expected_net_benefit,-0.0459100678563118
470000,dense_rhs/candidate_3_return,36.06078338623047
470000,dense_rhs/candidate_3_return_term,0.3583461046218872
470000,dense_rhs/candidate_3_roughness_term,0.9445914030075073
470000,dense_rhs/candidate_3_return_std_term,0.14068883657455444
470000,dense_rhs/candidate_3_learner_proxy_term,0.9388900995254517
470000,dense_rhs/deployment_utility_enabled,1.0
470000,dense_rhs/deployment_utility_observations,8.0
470000,dense_rhs/deployment_utility_last_observed_gain,-7.399566650390625
470000,dense_rhs/candidate_3_expected_eval_gain,20.867884318033855
470000,dense_rhs/candidate_3_eval_gain_uncertainty,16.280262997353915
470000,dense_rhs/candidate_3_deployment_utility_score,34.937950067372334
470000,dense_rhs/candidate_4_expected_eval_gain,-7.399566650390625
470000,dense_rhs/candidate_4_eval_gain_uncertainty,106.06601717798212
470000,dense_rhs/candidate_4_deployment_utility_score,19.116937961026636
470000,dense_rhs/candidate_5_expected_eval_gain,0.0
470000,dense_rhs/candidate_5_eval_gain_uncertainty,150.0
470000,dense_rhs/candidate_5_deployment_utility_score,37.5
470000,dense_rhs/deployment_utility_override,1.0
470000,dense_rhs/deployment_utility_selected_expected_gain,0.0
470000,dense_rhs/deployment_utility_selected_uncertainty,150.0
470000,dense_rhs/deployment_utility_selected_score,37.5
470000,dense_rhs/deployment_utility_proposed_horizon,5.0
470000,dense_rhs/deployment_utility_proposed_expected_gain,0.0
470000,dense_rhs/deployment_utility_proposed_uncertainty,150.0
470000,dense_rhs/deployment_utility_proposed_score,37.5
470000,dense_rhs/previous_horizon,4.0
470000,dense_rhs/training_bucket_horizon,5.0
470000,dense_rhs/best_h,5.0
470000,dense_rhs/prob_best_h,0.21484375
470000,dense_rhs/gauss_mean_best_h,0.03162277489900589
470000,dense_rhs/gauss_post_std_best_h,1.0
470000,system/heartbeat,1.0
471992,episode/return,488.4548645019531
471992,episode/length,500.0
471993,episode/return,248.9580841064453
471993,episode/length,500.0
471994,episode/return,418.6614990234375
471994,episode/length,500.0
471995,episode/return,285.8644104003906
471995,episode/length,500.0
471996,episode/return,0.8210539817810059
471996,episode/length,500.0
471997,episode/return,407.2363586425781
471997,episode/length,500.0
471998,episode/return,322.44287109375
471998,episode/length,500.0
471999,episode/return,336.51611328125
471999,episode/length,500.0
475992,episode/return,381.18304443359375
475992,episode/length,500.0
475993,episode/return,427.87432861328125
475993,episode/length,500.0
475994,episode/return,664.87890625
475994,episode/length,500.0
475995,episode/return,185.01959228515625
475995,episode/length,500.0
475996,episode/return,566.013916015625
475996,episode/length,500.0
475997,episode/return,563.6233520507812
475997,episode/length,500.0
475998,episode/return,0.06678357720375061
475998,episode/length,500.0
475999,episode/return,564.6307983398438
475999,episode/length,500.0
479992,episode/return,245.8508758544922
479992,episode/length,500.0
479993,episode/return,481.90057373046875
479993,episode/length,500.0
479994,episode/return,434.2604675292969
479994,episode/length,500.0
479995,episode/return,454.607421875
479995,episode/length,500.0
479996,episode/return,349.59832763671875
479996,episode/length,500.0
479997,episode/return,364.589111328125
479997,episode/length,500.0
479998,episode/return,492.51953125
479998,episode/length,500.0
479999,episode/return,193.26901245117188
479999,episode/length,500.0
480000,train/consistency_loss_mean,2.4909700141870415e-05
480000,train/consistency_loss_std,1.7960532236310852e-06
480000,train/continue_loss_mean,0.0
480000,train/continue_loss_std,0.0
480000,train/grad_norm_mean,0.3519890154361725
480000,train/grad_norm_std,0.14915887742997225
480000,train/policy_log_std_mean,-0.635142439142863
480000,train/policy_log_std_std,0.26943711462628783
480000,train/policy_loss_mean,-0.17729257529973982
480000,train/policy_loss_std,0.006755175788028363
480000,train/reward_loss_mean,0.11474076679348946
480000,train/reward_loss_std,0.007030093140087853
480000,train/total_loss_mean,0.03279445087611675
480000,train/total_loss_std,0.0010135071553501983
480000,train/value_loss_mean,0.20822179667949678
480000,train/value_loss_std,0.008285036764202992
480000,train/value_scale_mean,142.13228885498046
480000,train/value_scale_std,0.2761665609700633
480000,timing/collect_chunk_s,151.38263592403382
480000,timing/train_chunk_s,236.15497397258878
480000,dense_rhs/training_bucket_horizon,5.0
480000,system/heartbeat,1.0
483992,episode/return,425.60400390625
483992,episode/length,500.0
483993,episode/return,577.60205078125
483993,episode/length,500.0
483994,episode/return,248.93789672851562
483994,episode/length,500.0
483995,episode/return,511.04095458984375
483995,episode/length,500.0
483996,episode/return,314.3568420410156
483996,episode/length,500.0
483997,episode/return,473.5036315917969
483997,episode/length,500.0
483998,episode/return,370.0059814453125
483998,episode/length,500.0
483999,episode/return,369.4356994628906
483999,episode/length,500.0
487992,episode/return,283.8200988769531
487992,episode/length,500.0
487993,episode/return,144.49267578125
487993,episode/length,500.0
487994,episode/return,178.00547790527344
487994,episode/length,500.0
487995,episode/return,294.08319091796875
487995,episode/length,500.0
487996,episode/return,552.9497680664062
487996,episode/length,500.0
487997,episode/return,491.55523681640625
487997,episode/length,500.0
487998,episode/return,255.15321350097656
487998,episode/length,500.0
487999,episode/return,454.5140075683594
487999,episode/length,500.0
490000,train/consistency_loss_mean,2.5122091699449813e-05
490000,train/consistency_loss_std,1.7842429461313216e-06
490000,train/continue_loss_mean,0.0
490000,train/continue_loss_std,0.0
490000,train/grad_norm_mean,0.35956440851688387
490000,train/grad_norm_std,0.1514268851257891
490000,train/policy_log_std_mean,-0.633806812095642
490000,train/policy_log_std_std,0.2621939755860061
490000,train/policy_loss_mean,-0.1769080324292183
490000,train/policy_loss_std,0.006762174743823882
490000,train/reward_loss_mean,0.11491433091163636
490000,train/reward_loss_std,0.007009512595267794
490000,train/total_loss_mean,0.03286047062575817
490000,train/total_loss_std,0.0010398449138012626
490000,train/value_loss_mean,0.20866595207452773
490000,train/value_loss_std,0.008524382378363515
490000,train/value_scale_mean,142.18397634277343
490000,train/value_scale_std,0.33852083782517445
490000,timing/collect_chunk_s,91.55696907453239
490000,timing/train_chunk_s,29.239803089760244
490000,dense_rhs/training_bucket_horizon,5.0
490000,system/heartbeat,1.0
491992,episode/return,424.5417175292969
491992,episode/length,500.0
491993,episode/return,182.1158905029297
491993,episode/length,500.0
491994,episode/return,533.4935302734375
491994,episode/length,500.0
491995,episode/return,302.5643615722656
491995,episode/length,500.0
491996,episode/return,241.51402282714844
491996,episode/length,500.0
491997,episode/return,313.6407470703125
491997,episode/length,500.0
491998,episode/return,402.67034912109375
491998,episode/length,500.0
491999,episode/return,316.9777526855469
491999,episode/length,500.0
495992,episode/return,520.76220703125
495992,episode/length,500.0
495993,episode/return,363.9146423339844
495993,episode/length,500.0
495994,episode/return,418.9764404296875
495994,episode/length,500.0
495995,episode/return,267.54559326171875
495995,episode/length,500.0
495996,episode/return,253.64517211914062
495996,episode/length,500.0
495997,episode/return,438.5241394042969
495997,episode/length,500.0
495998,episode/return,580.3173217773438
495998,episode/length,500.0
495999,episode/return,480.58197021484375
495999,episode/length,500.0
499992,episode/return,242.90370178222656
499992,episode/length,500.0
499993,episode/return,333.93634033203125
499993,episode/length,500.0
499994,episode/return,170.78378295898438
499994,episode/length,500.0
499995,episode/return,447.3846740722656
499995,episode/length,500.0
499996,episode/return,630.8622436523438
499996,episode/length,500.0
499997,episode/return,425.54290771484375
499997,episode/length,500.0
499998,episode/return,475.530029296875
499998,episode/length,500.0
499999,episode/return,597.2801513671875
499999,episode/length,500.0
500000,train/consistency_loss_mean,2.5241020762769038e-05
500000,train/consistency_loss_std,1.8284101852789336e-06
500000,train/continue_loss_mean,0.0
500000,train/continue_loss_std,0.0
500000,train/grad_norm_mean,0.3562709955215454
500000,train/grad_norm_std,0.14933918907630958
500000,train/policy_log_std_mean,-0.6378511023203531
500000,train/policy_log_std_std,0.2658863987712367
500000,train/policy_loss_mean,-0.1766370367884636
500000,train/policy_loss_std,0.006849945586117054
500000,train/reward_loss_mean,0.11510980970859527
500000,train/reward_loss_std,0.007144871677829321
500000,train/total_loss_mean,0.03288209773898125
500000,train/total_loss_std,0.0010431950555544753
500000,train/value_loss_mean,0.20866295568943025
500000,train/value_loss_std,0.008352007194313324
500000,train/value_scale_mean,142.71577879638673
500000,train/value_scale_std,0.27629192588795737
500000,timing/collect_chunk_s,101.55023773480207
500000,timing/train_chunk_s,29.26832470158115
500000,dense_rhs/training_bucket_horizon,5.0
500000,system/heartbeat,1.0
500000,timing/checkpoint_blocking_s,0.46157977916300297
500000,eval/return_mean,407.1370544433594
500000,eval/return_std,178.32644653320312
500000,eval/return_max,622.572998046875
500000,eval/return_min,7.203648788589589e-10
500000,dense_rhs/deployment_utility_last_observed_gain,51.13641357421875
500000,dense_rhs/deployment_utility_observations,9.0
500000,timing/eval_s,29.381524248048663
500000,eval/selected_horizon,5.0
500000,eval/training_bucket_horizon,5.0
500000,system/heartbeat,1.0
