step,tag,value
0,timing/prewarm_dense_rhs_s,219.87619716022164
0,system/heartbeat,1.0
3992,episode/return,0.0
3992,episode/length,500.0
3993,episode/return,0.0
3993,episode/length,500.0
3994,episode/return,0.0
3994,episode/length,500.0
3995,episode/return,0.0
3995,episode/length,500.0
3996,episode/return,0.0
3996,episode/length,500.0
3997,episode/return,0.0
3997,episode/length,500.0
3998,episode/return,0.0
3998,episode/length,500.0
3999,episode/return,0.0
3999,episode/length,500.0
4000,seed_pretrain/updates_completed,512.0
4000,timing/collect_chunk_s,47.163343471009284
4000,timing/train_chunk_s,232.79956048494205
4000,system/heartbeat,1.0
4000,seed_pretrain/updates_completed,1024.0
4000,timing/collect_chunk_s,47.163343471009284
4000,timing/train_chunk_s,233.87576249055564
4000,system/heartbeat,1.0
4000,seed_pretrain/updates_completed,1536.0
4000,timing/collect_chunk_s,47.163343471009284
4000,timing/train_chunk_s,234.95391451241449
4000,system/heartbeat,1.0
4000,seed_pretrain/updates_completed,2048.0
4000,timing/collect_chunk_s,47.163343471009284
4000,timing/train_chunk_s,236.03474178444594
4000,system/heartbeat,1.0
4000,seed_pretrain/updates_completed,2560.0
4000,timing/collect_chunk_s,47.163343471009284
4000,timing/train_chunk_s,237.11332321353257
4000,system/heartbeat,1.0
4000,seed_pretrain/updates_completed,3072.0
4000,timing/collect_chunk_s,47.163343471009284
4000,timing/train_chunk_s,238.19269730336964
4000,system/heartbeat,1.0
4000,seed_pretrain/updates_completed,3584.0
4000,timing/collect_chunk_s,47.163343471009284
4000,timing/train_chunk_s,239.27331351907924
4000,system/heartbeat,1.0
7992,episode/return,0.0
7992,episode/length,500.0
7993,episode/return,0.0
7993,episode/length,500.0
7994,episode/return,0.0
7994,episode/length,500.0
7995,episode/return,0.0
7995,episode/length,500.0
7996,episode/return,0.0
7996,episode/length,500.0
7997,episode/return,0.0
7997,episode/length,500.0
7998,episode/return,0.0
7998,episode/length,500.0
7999,episode/return,0.0
7999,episode/length,500.0
10000,train/consistency_loss_mean,0.0017892580996267497
10000,train/consistency_loss_std,0.0004440894157850662
10000,train/continue_loss_mean,0.0
10000,train/continue_loss_std,0.0
10000,train/grad_norm_mean,0.6812407870769501
10000,train/grad_norm_std,0.20891141846368094
10000,train/policy_log_std_mean,-0.1621087168648839
10000,train/policy_log_std_std,0.31391830965280426
10000,train/policy_loss_mean,-0.01226165345767513
10000,train/policy_loss_std,0.03543732684552501
10000,train/reward_loss_mean,0.00578242820582891
10000,train/reward_loss_std,0.08632629455549774
10000,train/total_loss_mean,0.03785823410749435
10000,train/total_loss_std,0.024403966166677293
10000,train/value_loss_mean,0.014948292777233292
10000,train/value_loss_std,0.08979553726389275
10000,train/value_scale_mean,1.0001664962768555
10000,train/value_scale_std,0.0034137156035362955
10000,timing/collect_chunk_s,261.9304872895591
10000,timing/train_chunk_s,297.91054621199146
10000,dense_rhs/training_bucket_horizon,3.0
10000,system/heartbeat,1.0
11992,episode/return,0.0
11992,episode/length,500.0
11993,episode/return,0.0
11993,episode/length,500.0
11994,episode/return,56.0
11994,episode/length,500.0
11995,episode/return,0.0
11995,episode/length,500.0
11996,episode/return,0.0
11996,episode/length,500.0
11997,episode/return,0.0
11997,episode/length,500.0
11998,episode/return,0.0
11998,episode/length,500.0
11999,episode/return,105.0
11999,episode/length,500.0
15992,episode/return,0.0
15992,episode/length,500.0
15993,episode/return,747.0
15993,episode/length,500.0
15994,episode/return,393.0
15994,episode/length,500.0
15995,episode/return,865.0
15995,episode/length,500.0
15996,episode/return,0.0
15996,episode/length,500.0
15997,episode/return,9.0
15997,episode/length,500.0
15998,episode/return,679.0
15998,episode/length,500.0
15999,episode/return,0.0
15999,episode/length,500.0
19992,episode/return,788.0
19992,episode/length,500.0
19993,episode/return,633.0
19993,episode/length,500.0
19994,episode/return,0.0
19994,episode/length,500.0
19995,episode/return,82.0
19995,episode/length,500.0
19996,episode/return,759.0
19996,episode/length,500.0
19997,episode/return,450.0
19997,episode/length,500.0
19998,episode/return,908.0
19998,episode/length,500.0
19999,episode/return,337.0
19999,episode/length,500.0
20000,train/consistency_loss_mean,0.0019534732779487966
20000,train/consistency_loss_std,0.00011825626831472989
20000,train/continue_loss_mean,0.0
20000,train/continue_loss_std,0.0
20000,train/grad_norm_mean,0.8393179763793945
20000,train/grad_norm_std,0.0943793865288543
20000,train/policy_log_std_mean,-0.389443780708313
20000,train/policy_log_std_std,0.5588783676855362
20000,train/policy_loss_mean,-0.08024051712751389
20000,train/policy_loss_std,0.02319842528956249
20000,train/reward_loss_mean,0.03686116167530418
20000,train/reward_loss_std,0.029161251617936475
20000,train/total_loss_mean,0.08494817432165146
20000,train/total_loss_std,0.013998819707094861
20000,train/value_loss_mean,0.4219259197711945
20000,train/value_loss_std,0.11577790867457678
20000,train/value_scale_mean,34.04719840545654
20000,train/value_scale_std,25.40138286128534
20000,timing/collect_chunk_s,128.82431219471619
20000,timing/train_chunk_s,20.48870638385415
20000,dense_rhs/training_bucket_horizon,3.0
20000,system/heartbeat,1.0
23992,episode/return,876.0
23992,episode/length,500.0
23993,episode/return,0.0
23993,episode/length,500.0
23994,episode/return,530.0
23994,episode/length,500.0
23995,episode/return,596.0
23995,episode/length,500.0
23996,episode/return,534.0
23996,episode/length,500.0
23997,episode/return,336.0
23997,episode/length,500.0
23998,episode/return,627.0
23998,episode/length,500.0
23999,episode/return,735.0
23999,episode/length,500.0
27992,episode/return,896.0
27992,episode/length,500.0
27993,episode/return,841.0
27993,episode/length,500.0
27994,episode/return,847.0
27994,episode/length,500.0
27995,episode/return,802.0
27995,episode/length,500.0
27996,episode/return,637.0
27996,episode/length,500.0
27997,episode/return,0.0
27997,episode/length,500.0
27998,episode/return,0.0
27998,episode/length,500.0
27999,episode/return,0.0
27999,episode/length,500.0
30000,train/consistency_loss_mean,0.0020908358277752993
30000,train/consistency_loss_std,0.00010825433841185218
30000,train/continue_loss_mean,0.0
30000,train/continue_loss_std,0.0
30000,train/grad_norm_mean,0.7771064877510071
30000,train/grad_norm_std,0.10065234524004933
30000,train/policy_log_std_mean,-0.6843809521198273
30000,train/policy_log_std_std,0.5870403846937035
30000,train/policy_loss_mean,-0.1969312845468521
30000,train/policy_loss_std,0.06436365750446563
30000,train/reward_loss_mean,0.10763240374326706
30000,train/reward_loss_std,0.017919385231235683
30000,train/total_loss_mean,0.09627184686660767
30000,train/total_loss_std,0.004381727475152771
30000,train/value_loss_mean,0.43691888065338136
30000,train/value_loss_std,0.04178098368597171
30000,train/value_scale_mean,105.83319203491212
30000,train/value_scale_std,10.511762888018065
30000,timing/collect_chunk_s,128.1080907182768
30000,timing/train_chunk_s,20.579066729173064
30000,dense_rhs/training_bucket_horizon,3.0
30000,system/heartbeat,1.0
31992,episode/return,0.0
31992,episode/length,500.0
31993,episode/return,851.0
31993,episode/length,500.0
31994,episode/return,911.0
31994,episode/length,500.0
31995,episode/return,713.0
31995,episode/length,500.0
31996,episode/return,797.0
31996,episode/length,500.0
31997,episode/return,510.0
31997,episode/length,500.0
31998,episode/return,834.0
31998,episode/length,500.0
31999,episode/return,857.0
31999,episode/length,500.0
35992,episode/return,859.0
35992,episode/length,500.0
35993,episode/return,448.0
35993,episode/length,500.0
35994,episode/return,0.0
35994,episode/length,500.0
35995,episode/return,845.0
35995,episode/length,500.0
35996,episode/return,617.0
35996,episode/length,500.0
35997,episode/return,786.0
35997,episode/length,500.0
35998,episode/return,673.0
35998,episode/length,500.0
35999,episode/return,823.0
35999,episode/length,500.0
39992,episode/return,0.0
39992,episode/length,500.0
39993,episode/return,688.0
39993,episode/length,500.0
39994,episode/return,0.0
39994,episode/length,500.0
39995,episode/return,824.0
39995,episode/length,500.0
39996,episode/return,0.0
39996,episode/length,500.0
39997,episode/return,935.0
39997,episode/length,500.0
39998,episode/return,632.0
39998,episode/length,500.0
39999,episode/return,706.0
39999,episode/length,500.0
40000,train/consistency_loss_mean,0.0021683060804381965
40000,train/consistency_loss_std,0.00012433479198369621
40000,train/continue_loss_mean,0.0
40000,train/continue_loss_std,0.0
40000,train/grad_norm_mean,0.6425589410305024
40000,train/grad_norm_std,0.07403113573901814
40000,train/policy_log_std_mean,-0.7895626613616943
40000,train/policy_log_std_std,0.4757658900074654
40000,train/policy_loss_mean,-0.4324323507785797
40000,train/policy_loss_std,0.04975275580789975
40000,train/reward_loss_mean,0.14962995147705077
40000,train/reward_loss_std,0.015319533575179168
40000,train/total_loss_mean,0.09145059008598327
40000,train/total_loss_std,0.004661683829171176
40000,train/value_loss_mean,0.3312147263765335
40000,train/value_loss_std,0.024216230347906823
40000,train/value_scale_mean,112.12715111694335
40000,train/value_scale_std,1.6423155503434104
40000,timing/collect_chunk_s,128.6415489204228
40000,timing/train_chunk_s,20.547935008071363
40000,dense_rhs/training_bucket_horizon,3.0
40000,system/heartbeat,1.0
43992,episode/return,871.0
43992,episode/length,500.0
43993,episode/return,852.0
43993,episode/length,500.0
43994,episode/return,967.0
43994,episode/length,500.0
43995,episode/return,829.0
43995,episode/length,500.0
43996,episode/return,636.0
43996,episode/length,500.0
43997,episode/return,929.0
43997,episode/length,500.0
43998,episode/return,878.0
43998,episode/length,500.0
43999,episode/return,906.0
43999,episode/length,500.0
47992,episode/return,930.0
47992,episode/length,500.0
47993,episode/return,981.0
47993,episode/length,500.0
47994,episode/return,698.0
47994,episode/length,500.0
47995,episode/return,966.0
47995,episode/length,500.0
47996,episode/return,926.0
47996,episode/length,500.0
47997,episode/return,423.0
47997,episode/length,500.0
47998,episode/return,675.0
47998,episode/length,500.0
47999,episode/return,965.0
47999,episode/length,500.0
50000,train/consistency_loss_mean,0.002274789411202073
50000,train/consistency_loss_std,0.00013518369905631962
50000,train/continue_loss_mean,0.0
50000,train/continue_loss_std,0.0
50000,train/grad_norm_mean,0.6106104005813598
50000,train/grad_norm_std,0.07074864513092935
50000,train/policy_log_std_mean,-0.7678857267379761
50000,train/policy_log_std_std,0.40079851853732884
50000,train/policy_loss_mean,-0.5198573445320129
50000,train/policy_loss_std,0.030085875701921012
50000,train/reward_loss_mean,0.1793353538632393
50000,train/reward_loss_std,0.01695393826261312
50000,train/total_loss_mean,0.08974699717164039
50000,train/total_loss_std,0.004128094398782289
50000,train/value_loss_mean,0.2631767191171646
50000,train/value_loss_std,0.03805043568070126
50000,train/value_scale_mean,121.20283889770508
50000,train/value_scale_std,1.4815815070220464
50000,timing/collect_chunk_s,127.35635208431631
50000,timing/train_chunk_s,20.572923875413835
50000,dense_rhs/training_bucket_horizon,3.0
50000,system/heartbeat,1.0
50000,timing/checkpoint_blocking_s,0.4049245920032263
50000,eval/return_mean,683.4000244140625
50000,eval/return_std,286.82073974609375
50000,eval/return_max,979.0
50000,eval/return_min,0.0
50000,dense_rhs/deployment_utility_last_observed_gain,0.0
50000,dense_rhs/deployment_utility_observations,0.0
50000,timing/eval_s,104.37224754085764
50000,eval/selected_horizon,3.0
50000,eval/training_bucket_horizon,3.0
50000,system/heartbeat,1.0
51992,episode/return,984.0
51992,episode/length,500.0
51993,episode/return,920.0
51993,episode/length,500.0
51994,episode/return,896.0
51994,episode/length,500.0
51995,episode/return,908.0
51995,episode/length,500.0
51996,episode/return,875.0
51996,episode/length,500.0
51997,episode/return,658.0
51997,episode/length,500.0
51998,episode/return,0.0
51998,episode/length,500.0
51999,episode/return,564.0
51999,episode/length,500.0
55992,episode/return,928.0
55992,episode/length,500.0
55993,episode/return,934.0
55993,episode/length,500.0
55994,episode/return,832.0
55994,episode/length,500.0
55995,episode/return,990.0
55995,episode/length,500.0
55996,episode/return,866.0
55996,episode/length,500.0
55997,episode/return,854.0
55997,episode/length,500.0
55998,episode/return,538.0
55998,episode/length,500.0
55999,episode/return,894.0
55999,episode/length,500.0
59992,episode/return,800.0
59992,episode/length,500.0
59993,episode/return,911.0
59993,episode/length,500.0
59994,episode/return,807.0
59994,episode/length,500.0
59995,episode/return,0.0
59995,episode/length,500.0
59996,episode/return,355.0
59996,episode/length,500.0
59997,episode/return,835.0
59997,episode/length,500.0
59998,episode/return,647.0
59998,episode/length,500.0
59999,episode/return,710.0
59999,episode/length,500.0
60000,train/consistency_loss_mean,0.002538511847704649
60000,train/consistency_loss_std,0.00014905901952273287
60000,train/continue_loss_mean,0.0
60000,train/continue_loss_std,0.0
60000,train/grad_norm_mean,0.6049627063751221
60000,train/grad_norm_std,0.06923757402110194
60000,train/policy_log_std_mean,-0.9391795258998871
60000,train/policy_log_std_std,0.4570265752965728
60000,train/policy_loss_mean,-0.6175706848144531
60000,train/policy_loss_std,0.02964531661310461
60000,train/reward_loss_mean,0.207073228931427
60000,train/reward_loss_std,0.01514012594389713
60000,train/total_loss_mean,0.09989550275206566
60000,train/total_loss_std,0.004797947991964488
60000,train/value_loss_mean,0.2841794157743454
60000,train/value_loss_std,0.019769962928639973
60000,train/value_scale_mean,113.83589171142579
60000,train/value_scale_std,2.7917357921715795
60000,timing/collect_chunk_s,132.0182901318185
60000,timing/train_chunk_s,20.6087589263916
60000,dense_rhs/training_bucket_horizon,3.0
60000,system/heartbeat,1.0
63992,episode/return,957.0
63992,episode/length,500.0
63993,episode/return,354.0
63993,episode/length,500.0
63994,episode/return,856.0
63994,episode/length,500.0
63995,episode/return,819.0
63995,episode/length,500.0
63996,episode/return,797.0
63996,episode/length,500.0
63997,episode/return,802.0
63997,episode/length,500.0
63998,episode/return,818.0
63998,episode/length,500.0
63999,episode/return,978.0
63999,episode/length,500.0
67992,episode/return,978.0
67992,episode/length,500.0
67993,episode/return,877.0
67993,episode/length,500.0
67994,episode/return,2.0
67994,episode/length,500.0
67995,episode/return,722.0
67995,episode/length,500.0
67996,episode/return,948.0
67996,episode/length,500.0
67997,episode/return,904.0
67997,episode/length,500.0
67998,episode/return,916.0
67998,episode/length,500.0
67999,episode/return,796.0
67999,episode/length,500.0
70000,train/consistency_loss_mean,0.00273460763245821
70000,train/consistency_loss_std,0.00014930540945513754
70000,train/continue_loss_mean,0.0
70000,train/continue_loss_std,0.0
70000,train/grad_norm_mean,0.6037851930141449
70000,train/grad_norm_std,0.06601910623913147
70000,train/policy_log_std_mean,-0.9685146713733673
70000,train/policy_log_std_std,0.4524107752696467
70000,train/policy_loss_mean,-0.7038340528964996
70000,train/policy_loss_std,0.026053284350020297
70000,train/reward_loss_mean,0.22421905871629716
70000,train/reward_loss_std,0.014373471989925569
70000,train/total_loss_mean,0.10900588577389717
70000,train/total_loss_std,0.0037921772658315255
70000,train/value_loss_mean,0.3189182621479034
70000,train/value_loss_std,0.008226146078619144
70000,train/value_scale_mean,104.98025131835938
70000,train/value_scale_std,2.4662741400956425
70000,timing/collect_chunk_s,131.52620641281828
70000,timing/train_chunk_s,20.605644354596734
70000,dense_rhs/training_bucket_horizon,3.0
70000,system/heartbeat,1.0
70000,dense_rhs/selected_horizon,4.0
70000,dense_rhs/proposed_horizon,4.0
70000,dense_rhs/phase_id,0.0
70000,dense_rhs/num_active_horizons,7.0
70000,dense_rhs/num_candidate_horizons,3.0
70000,dense_rhs/entropy,1.858365535736084
70000,dense_rhs/norm_entropy,0.9550108909606934
70000,dense_rhs/best_fitness,0.6109731793403625
70000,dense_rhs/deployment_score_best,0.11918546259403229
70000,dense_rhs/incumbent_deployment_score,8.336549512302824e-31
70000,dense_rhs/proposed_deployment_score,0.11918546259403229
70000,dense_rhs/proposed_transition_cost,0.048569608479738235
70000,dense_rhs/proposed_switch_probability,0.51991206407547
70000,dense_rhs/proposed_expected_net_benefit,0.07061582803726196
70000,dense_rhs/transition_cost_best,0.048569608479738235
70000,dense_rhs/transition_adjusted_score_best,0.07061585783958435
70000,dense_rhs/switch_probability_best,0.51991206407547
70000,dense_rhs/expected_improvement_best,0.6002007126808167
70000,dense_rhs/expected_loss_best,0.5295848846435547
70000,dense_rhs/expected_net_benefit_best,0.07061582803726196
70000,dense_rhs/return_term_best,1.0
70000,dense_rhs/roughness_term_best,0.5504937767982483
70000,dense_rhs/return_std_term_best,0.2531238794326782
70000,dense_rhs/learner_proxy_term_best,0.855337917804718
70000,dense_rhs/model_prefix_loss_best,0.7691909670829773
70000,dense_rhs/model_probe_prefix_best,0.5448757410049438
70000,dense_rhs/planner_return_best,190.25985717773438
70000,dense_rhs/roughness_best,3.8346121311187744
70000,dense_rhs/robust_return_best,238.8671112060547
70000,timing/query_model_diag_s,13.840260674711317
70000,timing/query_env_eval_s,33.533609489910305
70000,timing/query_finalize_s,0.8118580938316882
70000,timing/query_total_s,48.37660988140851
70000,dense_rhs/candidate_3_fitness,0.03162277489900589
70000,dense_rhs/candidate_3_deployment_score,8.336549512302824e-31
70000,dense_rhs/candidate_3_transition_cost,0.0
70000,dense_rhs/candidate_3_transition_adjusted_score,8.336549512302824e-31
70000,dense_rhs/candidate_3_switch_probability,0.5
70000,dense_rhs/candidate_3_expected_net_benefit,0.0
70000,dense_rhs/candidate_3_return,143.74493408203125
70000,dense_rhs/candidate_3_return_term,0.0
70000,dense_rhs/candidate_3_roughness_term,0.8336549997329712
70000,dense_rhs/candidate_3_return_std_term,0.0
70000,dense_rhs/candidate_3_learner_proxy_term,1.0
70000,dense_rhs/candidate_2_fitness,0.5407631993293762
70000,dense_rhs/candidate_2_deployment_score,0.008045187219977379
70000,dense_rhs/candidate_2_transition_cost,0.06361144036054611
70000,dense_rhs/candidate_2_transition_adjusted_score,-0.055566251277923584
70000,dense_rhs/candidate_2_switch_probability,0.48432907462120056
70000,dense_rhs/candidate_2_expected_net_benefit,-0.055566251277923584
70000,dense_rhs/candidate_2_return,188.81689453125
70000,dense_rhs/candidate_2_return_term,0.4738323390483856
70000,dense_rhs/candidate_2_roughness_term,1.0
70000,dense_rhs/candidate_2_return_std_term,0.1804673671722412
70000,dense_rhs/candidate_2_learner_proxy_term,0.8843794465065002
70000,dense_rhs/candidate_4_fitness,0.6109731793403625
70000,dense_rhs/candidate_4_deployment_score,0.11918546259403229
70000,dense_rhs/candidate_4_transition_cost,0.048569608479738235
70000,dense_rhs/candidate_4_transition_adjusted_score,0.07061585783958435
70000,dense_rhs/candidate_4_switch_probability,0.51991206407547
70000,dense_rhs/candidate_4_expected_net_benefit,0.07061582803726196
70000,dense_rhs/candidate_4_return,238.8671112060547
70000,dense_rhs/candidate_4_return_term,1.0
70000,dense_rhs/candidate_4_roughness_term,0.5504937767982483
70000,dense_rhs/candidate_4_return_std_term,0.2531238794326782
70000,dense_rhs/candidate_4_learner_proxy_term,0.855337917804718
70000,dense_rhs/deployment_utility_enabled,1.0
70000,dense_rhs/deployment_utility_observations,0.0
70000,dense_rhs/deployment_utility_last_observed_gain,0.0
70000,dense_rhs/candidate_2_expected_eval_gain,0.0
70000,dense_rhs/candidate_2_eval_gain_uncertainty,150.0
70000,dense_rhs/candidate_2_deployment_utility_score,38.17501413720067
70000,dense_rhs/candidate_3_expected_eval_gain,0.0
70000,dense_rhs/candidate_3_eval_gain_uncertainty,150.0
70000,dense_rhs/candidate_3_deployment_utility_score,37.5
70000,dense_rhs/candidate_4_expected_eval_gain,0.0
70000,dense_rhs/candidate_4_eval_gain_uncertainty,150.0
70000,dense_rhs/candidate_4_deployment_utility_score,47.5
70000,dense_rhs/deployment_utility_override,0.0
70000,dense_rhs/deployment_utility_selected_expected_gain,0.0
70000,dense_rhs/deployment_utility_selected_uncertainty,150.0
70000,dense_rhs/deployment_utility_selected_score,47.5
70000,dense_rhs/deployment_utility_proposed_horizon,4.0
70000,dense_rhs/deployment_utility_proposed_expected_gain,0.0
70000,dense_rhs/deployment_utility_proposed_uncertainty,150.0
70000,dense_rhs/deployment_utility_proposed_score,47.5
70000,dense_rhs/previous_horizon,3.0
70000,dense_rhs/training_bucket_horizon,4.0
70000,dense_rhs/best_h,4.0
70000,dense_rhs/prob_best_h,0.236328125
70000,dense_rhs/gauss_mean_best_h,0.6109731793403625
70000,dense_rhs/gauss_post_std_best_h,1.0
70000,system/heartbeat,1.0
71992,episode/return,937.0
71992,episode/length,500.0
71993,episode/return,747.0
71993,episode/length,500.0
71994,episode/return,924.0
71994,episode/length,500.0
71995,episode/return,0.0
71995,episode/length,500.0
71996,episode/return,833.0
71996,episode/length,500.0
71997,episode/return,908.0
71997,episode/length,500.0
71998,episode/return,569.0
71998,episode/length,500.0
71999,episode/return,904.0
71999,episode/length,500.0
75992,episode/return,891.0
75992,episode/length,500.0
75993,episode/return,862.0
75993,episode/length,500.0
75994,episode/return,667.0
75994,episode/length,500.0
75995,episode/return,798.0
75995,episode/length,500.0
75996,episode/return,775.0
75996,episode/length,500.0
75997,episode/return,0.0
75997,episode/length,500.0
75998,episode/return,876.0
75998,episode/length,500.0
75999,episode/return,876.0
75999,episode/length,500.0
79992,episode/return,934.0
79992,episode/length,500.0
79993,episode/return,934.0
79993,episode/length,500.0
79994,episode/return,927.0
79994,episode/length,500.0
79995,episode/return,569.0
79995,episode/length,500.0
79996,episode/return,912.0
79996,episode/length,500.0
79997,episode/return,817.0
79997,episode/length,500.0
79998,episode/return,920.0
79998,episode/length,500.0
79999,episode/return,915.0
79999,episode/length,500.0
80000,train/consistency_loss_mean,0.002382058767415583
80000,train/consistency_loss_std,0.00014376091495672924
80000,train/continue_loss_mean,0.0
80000,train/continue_loss_std,0.0
80000,train/grad_norm_mean,0.48176270236968993
80000,train/grad_norm_std,0.05352850716829496
80000,train/policy_log_std_mean,-0.9539580387115478
80000,train/policy_log_std_std,0.4430545465872577
80000,train/policy_loss_mean,-0.6153839357376099
80000,train/policy_loss_std,0.015062156449318156
80000,train/reward_loss_mean,0.19153940472602846
80000,train/reward_loss_std,0.011397804976549521
80000,train/total_loss_mean,0.09312994001507759
80000,train/total_loss_std,0.003393549277304887
80000,train/value_loss_mean,0.26334822664260865
80000,train/value_loss_std,0.004897049843169808
80000,train/value_scale_mean,101.87621561279298
80000,train/value_scale_std,1.4315207964661434
80000,timing/collect_chunk_s,177.2518944614567
80000,timing/train_chunk_s,214.52606653003022
80000,dense_rhs/training_bucket_horizon,4.0
80000,system/heartbeat,1.0
83992,episode/return,910.0
83992,episode/length,500.0
83993,episode/return,978.0
83993,episode/length,500.0
83994,episode/return,923.0
83994,episode/length,500.0
83995,episode/return,918.0
83995,episode/length,500.0
83996,episode/return,167.0
83996,episode/length,500.0
83997,episode/return,963.0
83997,episode/length,500.0
83998,episode/return,914.0
83998,episode/length,500.0
83999,episode/return,307.0
83999,episode/length,500.0
87992,episode/return,888.0
87992,episode/length,500.0
87993,episode/return,869.0
87993,episode/length,500.0
87994,episode/return,743.0
87994,episode/length,500.0
87995,episode/return,968.0
87995,episode/length,500.0
87996,episode/return,909.0
87996,episode/length,500.0
87997,episode/return,1.0
87997,episode/length,500.0
87998,episode/return,926.0
87998,episode/length,500.0
87999,episode/return,597.0
87999,episode/length,500.0
90000,train/consistency_loss_mean,0.002581753908470273
90000,train/consistency_loss_std,0.00013969010278875725
90000,train/continue_loss_mean,0.0
90000,train/continue_loss_std,0.0
90000,train/grad_norm_mean,0.49414640104770663
90000,train/grad_norm_std,0.05525202859279362
90000,train/policy_log_std_mean,-0.9579704670715332
90000,train/policy_log_std_std,0.46791224249232133
90000,train/policy_loss_mean,-0.6802157093524933
90000,train/policy_loss_std,0.020568258208783993
90000,train/reward_loss_mean,0.1997520328760147
90000,train/reward_loss_std,0.010815116399471636
90000,train/total_loss_mean,0.09811459573507308
90000,train/total_loss_std,0.003256874934226525
90000,train/value_loss_mean,0.26504312436580657
90000,train/value_loss_std,0.004647464780110923
90000,train/value_scale_mean,94.11703983154297
90000,train/value_scale_std,2.3262846056545494
90000,timing/collect_chunk_s,132.22776528541
90000,timing/train_chunk_s,25.17615359649062
90000,dense_rhs/training_bucket_horizon,4.0
90000,system/heartbeat,1.0
91992,episode/return,820.0
91992,episode/length,500.0
91993,episode/return,787.0
91993,episode/length,500.0
91994,episode/return,971.0
91994,episode/length,500.0
91995,episode/return,5.0
91995,episode/length,500.0
91996,episode/return,0.0
91996,episode/length,500.0
91997,episode/return,687.0
91997,episode/length,500.0
91998,episode/return,745.0
91998,episode/length,500.0
91999,episode/return,949.0
91999,episode/length,500.0
95992,episode/return,846.0
95992,episode/length,500.0
95993,episode/return,815.0
95993,episode/length,500.0
95994,episode/return,932.0
95994,episode/length,500.0
95995,episode/return,937.0
95995,episode/length,500.0
95996,episode/return,682.0
95996,episode/length,500.0
95997,episode/return,914.0
95997,episode/length,500.0
95998,episode/return,911.0
95998,episode/length,500.0
95999,episode/return,961.0
95999,episode/length,500.0
99992,episode/return,973.0
99992,episode/length,500.0
99993,episode/return,934.0
99993,episode/length,500.0
99994,episode/return,846.0
99994,episode/length,500.0
99995,episode/return,869.0
99995,episode/length,500.0
99996,episode/return,700.0
99996,episode/length,500.0
99997,episode/return,0.0
99997,episode/length,500.0
99998,episode/return,960.0
99998,episode/length,500.0
99999,episode/return,840.0
99999,episode/length,500.0
100000,train/consistency_loss_mean,0.00275302667748183
100000,train/consistency_loss_std,0.00014309999775381164
100000,train/continue_loss_mean,0.0
100000,train/continue_loss_std,0.0
100000,train/grad_norm_mean,0.500308486032486
100000,train/grad_norm_std,0.054514465929353495
100000,train/policy_log_std_mean,-0.9702445635986328
100000,train/policy_log_std_std,0.49283189182137854
100000,train/policy_loss_mean,-0.6772313494205475
100000,train/policy_loss_std,0.018243113883866346
100000,train/reward_loss_mean,0.20499455618858337
100000,train/reward_loss_std,0.010896455927279223
100000,train/total_loss_mean,0.10271659777164459
100000,train/total_loss_std,0.003304212655219591
100000,train/value_loss_mean,0.2715660781621933
100000,train/value_loss_std,0.004211854756565826
100000,train/value_scale_mean,95.28767916870117
100000,train/value_scale_std,1.719020947420847
100000,timing/collect_chunk_s,139.43210846930742
100000,timing/train_chunk_s,25.204109843820333
100000,dense_rhs/training_bucket_horizon,4.0
100000,system/heartbeat,1.0
100000,timing/checkpoint_blocking_s,0.4230324919335544
100000,eval/return_mean,761.0
100000,eval/return_std,324.6003723144531
100000,eval/return_max,986.0
100000,eval/return_min,0.0
100000,dense_rhs/deployment_utility_last_observed_gain,77.5999755859375
100000,dense_rhs/deployment_utility_observations,1.0
100000,timing/eval_s,43.827117327135056
100000,eval/selected_horizon,4.0
100000,eval/training_bucket_horizon,4.0
100000,system/heartbeat,1.0
103992,episode/return,910.0
103992,episode/length,500.0
103993,episode/return,985.0
103993,episode/length,500.0
103994,episode/return,896.0
103994,episode/length,500.0
103995,episode/return,908.0
103995,episode/length,500.0
103996,episode/return,654.0
103996,episode/length,500.0
103997,episode/return,0.0
103997,episode/length,500.0
103998,episode/return,883.0
103998,episode/length,500.0
103999,episode/return,925.0
103999,episode/length,500.0
107992,episode/return,825.0
107992,episode/length,500.0
107993,episode/return,880.0
107993,episode/length,500.0
107994,episode/return,921.0
107994,episode/length,500.0
107995,episode/return,860.0
107995,episode/length,500.0
107996,episode/return,866.0
107996,episode/length,500.0
107997,episode/return,993.0
107997,episode/length,500.0
107998,episode/return,0.0
107998,episode/length,500.0
107999,episode/return,924.0
107999,episode/length,500.0
110000,train/consistency_loss_mean,0.0029005761433392764
110000,train/consistency_loss_std,0.0001472621465722645
110000,train/continue_loss_mean,0.0
110000,train/continue_loss_std,0.0
110000,train/grad_norm_mean,0.5062977034807206
110000,train/grad_norm_std,0.05645683190902863
110000,train/policy_log_std_mean,-0.9145786877822876
110000,train/policy_log_std_std,0.4928944273275336
110000,train/policy_loss_mean,-0.7137509975910187
110000,train/policy_loss_std,0.014697644000188437
110000,train/reward_loss_mean,0.21030490008592606
110000,train/reward_loss_std,0.01058563975191983
110000,train/total_loss_mean,0.10636246793866158
110000,train/total_loss_std,0.003394237691042473
110000,train/value_loss_mean,0.27320454685688017
110000,train/value_loss_std,0.00449163917359353
110000,train/value_scale_mean,91.36804252929687
110000,train/value_scale_std,1.469585025049266
110000,timing/collect_chunk_s,140.5904002529569
110000,timing/train_chunk_s,25.212949245702475
110000,dense_rhs/training_bucket_horizon,4.0
110000,system/heartbeat,1.0
111992,episode/return,933.0
111992,episode/length,500.0
111993,episode/return,853.0
111993,episode/length,500.0
111994,episode/return,895.0
111994,episode/length,500.0
111995,episode/return,827.0
111995,episode/length,500.0
111996,episode/return,0.0
111996,episode/length,500.0
111997,episode/return,863.0
111997,episode/length,500.0
111998,episode/return,875.0
111998,episode/length,500.0
111999,episode/return,898.0
111999,episode/length,500.0
115992,episode/return,604.0
115992,episode/length,500.0
115993,episode/return,873.0
115993,episode/length,500.0
115994,episode/return,990.0
115994,episode/length,500.0
115995,episode/return,871.0
115995,episode/length,500.0
115996,episode/return,0.0
115996,episode/length,500.0
115997,episode/return,782.0
115997,episode/length,500.0
115998,episode/return,823.0
115998,episode/length,500.0
115999,episode/return,741.0
115999,episode/length,500.0
119992,episode/return,826.0
119992,episode/length,500.0
119993,episode/return,984.0
119993,episode/length,500.0
119994,episode/return,967.0
119994,episode/length,500.0
119995,episode/return,920.0
119995,episode/length,500.0
119996,episode/return,665.0
119996,episode/length,500.0
119997,episode/return,987.0
119997,episode/length,500.0
119998,episode/return,875.0
119998,episode/length,500.0
119999,episode/return,860.0
119999,episode/length,500.0
120000,train/consistency_loss_mean,0.0030581917418166997
120000,train/consistency_loss_std,0.00015392287299020987
120000,train/continue_loss_mean,0.0
120000,train/continue_loss_std,0.0
120000,train/grad_norm_mean,0.5121839025497437
120000,train/grad_norm_std,0.05591109773743599
120000,train/policy_log_std_mean,-0.9237253932952881
120000,train/policy_log_std_std,0.4937388819735397
120000,train/policy_loss_mean,-0.727660409450531
120000,train/policy_loss_std,0.017266402045385345
120000,train/reward_loss_mean,0.2155122971177101
120000,train/reward_loss_std,0.010593339100648481
120000,train/total_loss_mean,0.11013716537356377
120000,train/total_loss_std,0.0034248721854074683
120000,train/value_loss_mean,0.2742209941625595
120000,train/value_loss_std,0.004064060827462215
120000,train/value_scale_mean,89.84499389648437
120000,train/value_scale_std,1.4653465428652641
120000,timing/collect_chunk_s,132.31605218164623
120000,timing/train_chunk_s,25.207524202764034
120000,dense_rhs/training_bucket_horizon,4.0
120000,system/heartbeat,1.0
120000,dense_rhs/selected_horizon,4.0
120000,dense_rhs/proposed_horizon,4.0
120000,dense_rhs/phase_id,0.0
120000,dense_rhs/num_active_horizons,7.0
120000,dense_rhs/num_candidate_horizons,3.0
120000,dense_rhs/entropy,1.7976473569869995
120000,dense_rhs/norm_entropy,0.9238079190254211
120000,dense_rhs/best_fitness,0.7586750984191895
120000,dense_rhs/deployment_score_best,0.3141951262950897
120000,dense_rhs/incumbent_deployment_score,0.3141951262950897
120000,dense_rhs/proposed_deployment_score,0.3141951262950897
120000,dense_rhs/proposed_transition_cost,0.0
120000,dense_rhs/proposed_switch_probability,0.5
120000,dense_rhs/proposed_expected_net_benefit,0.0
120000,dense_rhs/transition_cost_best,0.0
120000,dense_rhs/transition_adjusted_score_best,0.3141951262950897
120000,dense_rhs/switch_probability_best,0.5
120000,dense_rhs/expected_improvement_best,0.564189612865448
120000,dense_rhs/expected_loss_best,0.564189612865448
120000,dense_rhs/expected_net_benefit_best,0.0
120000,dense_rhs/return_term_best,0.9956588745117188
120000,dense_rhs/roughness_term_best,0.7579984068870544
120000,dense_rhs/return_std_term_best,0.43897831439971924
120000,dense_rhs/learner_proxy_term_best,0.9608283042907715
120000,dense_rhs/model_prefix_loss_best,0.8850029706954956
120000,dense_rhs/model_probe_prefix_best,0.6485995650291443
120000,dense_rhs/planner_return_best,193.2368621826172
120000,dense_rhs/roughness_best,1.2295905351638794
120000,dense_rhs/robust_return_best,293.1474304199219
120000,timing/query_model_diag_s,13.841509509366006
120000,timing/query_env_eval_s,33.433879751712084
120000,timing/query_finalize_s,0.8135550278238952
120000,timing/query_total_s,48.09423666726798
120000,dense_rhs/candidate_4_fitness,0.7586750984191895
120000,dense_rhs/candidate_4_deployment_score,0.3141951262950897
120000,dense_rhs/candidate_4_transition_cost,0.0
120000,dense_rhs/candidate_4_transition_adjusted_score,0.3141951262950897
120000,dense_rhs/candidate_4_switch_probability,0.5
120000,dense_rhs/candidate_4_expected_net_benefit,0.0
120000,dense_rhs/candidate_4_return,293.1474304199219
120000,dense_rhs/candidate_4_return_term,0.9956588745117188
120000,dense_rhs/candidate_4_roughness_term,0.7579984068870544
120000,dense_rhs/candidate_4_return_std_term,0.43897831439971924
120000,dense_rhs/candidate_4_learner_proxy_term,0.9608283042907715
120000,dense_rhs/candidate_3_fitness,0.7769079804420471
120000,dense_rhs/candidate_3_deployment_score,0.2228328287601471
120000,dense_rhs/candidate_3_transition_cost,0.04532612860202789
120000,dense_rhs/candidate_3_transition_adjusted_score,0.1775067001581192
120000,dense_rhs/candidate_3_switch_probability,0.4615008533000946
120000,dense_rhs/candidate_3_expected_net_benefit,-0.1366884410381317
120000,dense_rhs/candidate_3_return,293.8162841796875
120000,dense_rhs/candidate_3_return_term,1.0
120000,dense_rhs/candidate_3_roughness_term,0.8495621681213379
120000,dense_rhs/candidate_3_return_std_term,0.42882680892944336
120000,dense_rhs/candidate_3_learner_proxy_term,0.6116487383842468
120000,dense_rhs/candidate_5_fitness,0.03162277489900589
120000,dense_rhs/candidate_5_deployment_score,7.671128491375785e-31
120000,dense_rhs/candidate_5_transition_cost,0.05893198400735855
120000,dense_rhs/candidate_5_transition_adjusted_score,-0.05893198400735855
120000,dense_rhs/candidate_5_switch_probability,0.3959513306617737
120000,dense_rhs/candidate_5_expected_net_benefit,-0.3731271028518677
120000,dense_rhs/candidate_5_return,139.74398803710938
120000,dense_rhs/candidate_5_return_term,0.0
120000,dense_rhs/candidate_5_roughness_term,0.7671128511428833
120000,dense_rhs/candidate_5_return_std_term,0.0
120000,dense_rhs/candidate_5_learner_proxy_term,1.0
120000,dense_rhs/deployment_utility_enabled,1.0
120000,dense_rhs/deployment_utility_observations,1.0
120000,dense_rhs/deployment_utility_last_observed_gain,77.5999755859375
120000,dense_rhs/candidate_3_expected_eval_gain,0.0
120000,dense_rhs/candidate_3_eval_gain_uncertainty,150.0
120000,dense_rhs/candidate_3_deployment_utility_score,44.59217967152247
120000,dense_rhs/candidate_4_expected_eval_gain,77.5999755859375
120000,dense_rhs/candidate_4_eval_gain_uncertainty,106.06601717798212
120000,dense_rhs/candidate_4_deployment_utility_score,114.11647988043303
120000,dense_rhs/candidate_5_expected_eval_gain,0.0
120000,dense_rhs/candidate_5_eval_gain_uncertainty,150.0
120000,dense_rhs/candidate_5_deployment_utility_score,37.5
120000,dense_rhs/deployment_utility_override,0.0
120000,dense_rhs/deployment_utility_selected_expected_gain,77.5999755859375
120000,dense_rhs/deployment_utility_selected_uncertainty,106.06601717798212
120000,dense_rhs/deployment_utility_selected_score,114.11647988043303
120000,dense_rhs/deployment_utility_proposed_horizon,4.0
120000,dense_rhs/deployment_utility_proposed_expected_gain,77.5999755859375
120000,dense_rhs/deployment_utility_proposed_uncertainty,106.06601717798212
120000,dense_rhs/deployment_utility_proposed_score,114.11647988043303
120000,dense_rhs/previous_horizon,4.0
120000,dense_rhs/training_bucket_horizon,4.0
120000,dense_rhs/best_h,4.0
120000,dense_rhs/prob_best_h,0.134765625
120000,dense_rhs/gauss_mean_best_h,0.6848241090774536
120000,dense_rhs/gauss_post_std_best_h,0.052220702171325684
120000,system/heartbeat,1.0
123992,episode/return,930.0
123992,episode/length,500.0
123993,episode/return,945.0
123993,episode/length,500.0
123994,episode/return,858.0
123994,episode/length,500.0
123995,episode/return,959.0
123995,episode/length,500.0
123996,episode/return,773.0
123996,episode/length,500.0
123997,episode/return,613.0
123997,episode/length,500.0
123998,episode/return,719.0
123998,episode/length,500.0
123999,episode/return,926.0
123999,episode/length,500.0
127992,episode/return,939.0
127992,episode/length,500.0
127993,episode/return,870.0
127993,episode/length,500.0
127994,episode/return,925.0
127994,episode/length,500.0
127995,episode/return,935.0
127995,episode/length,500.0
127996,episode/return,966.0
127996,episode/length,500.0
127997,episode/return,938.0
127997,episode/length,500.0
127998,episode/return,725.0
127998,episode/length,500.0
127999,episode/return,903.0
127999,episode/length,500.0
130000,train/consistency_loss_mean,0.0031927818858996032
130000,train/consistency_loss_std,0.0001541321295830489
130000,train/continue_loss_mean,0.0
130000,train/continue_loss_std,0.0
130000,train/grad_norm_mean,0.5178517973184585
130000,train/grad_norm_std,0.05859254787129665
130000,train/policy_log_std_mean,-0.9339890753555298
130000,train/policy_log_std_std,0.4942814311534592
130000,train/policy_loss_mean,-0.7631000964164734
130000,train/policy_loss_std,0.012054489235388561
130000,train/reward_loss_mean,0.22147106801271438
130000,train/reward_loss_std,0.010538917543520154
130000,train/total_loss_mean,0.11341596619486809
130000,train/total_loss_std,0.0034751081769086997
130000,train/value_loss_mean,0.274132207775116
130000,train/value_loss_std,0.004022366083610339
130000,train/value_scale_mean,86.51875386352539
130000,train/value_scale_std,0.6151684699818837
130000,timing/collect_chunk_s,136.05934419389814
130000,timing/train_chunk_s,25.22033996367827
130000,dense_rhs/training_bucket_horizon,4.0
130000,system/heartbeat,1.0
131992,episode/return,0.0
131992,episode/length,500.0
131993,episode/return,973.0
131993,episode/length,500.0
131994,episode/return,916.0
131994,episode/length,500.0
131995,episode/return,410.0
131995,episode/length,500.0
131996,episode/return,849.0
131996,episode/length,500.0
131997,episode/return,941.0
131997,episode/length,500.0
131998,episode/return,106.0
131998,episode/length,500.0
131999,episode/return,934.0
131999,episode/length,500.0
135992,episode/return,949.0
135992,episode/length,500.0
135993,episode/return,0.0
135993,episode/length,500.0
135994,episode/return,916.0
135994,episode/length,500.0
135995,episode/return,874.0
135995,episode/length,500.0
135996,episode/return,0.0
135996,episode/length,500.0
135997,episode/return,833.0
135997,episode/length,500.0
135998,episode/return,719.0
135998,episode/length,500.0
135999,episode/return,879.0
135999,episode/length,500.0
139992,episode/return,806.0
139992,episode/length,500.0
139993,episode/return,0.0
139993,episode/length,500.0
139994,episode/return,841.0
139994,episode/length,500.0
139995,episode/return,938.0
139995,episode/length,500.0
139996,episode/return,0.0
139996,episode/length,500.0
139997,episode/return,751.0
139997,episode/length,500.0
139998,episode/return,937.0
139998,episode/length,500.0
139999,episode/return,950.0
139999,episode/length,500.0
140000,train/consistency_loss_mean,0.0033240936340764166
140000,train/consistency_loss_std,0.0001639506961159043
140000,train/continue_loss_mean,0.0
140000,train/continue_loss_std,0.0
140000,train/grad_norm_mean,0.5217661195755005
140000,train/grad_norm_std,0.05835475953782596
140000,train/policy_log_std_mean,-0.9252995041656494
140000,train/policy_log_std_std,0.5044040965482011
140000,train/policy_loss_mean,-0.7487890471458435
140000,train/policy_loss_std,0.015609773800924034
140000,train/reward_loss_mean,0.22244751813411712
140000,train/reward_loss_std,0.01043548597599875
140000,train/total_loss_mean,0.11609431457519531
140000,train/total_loss_std,0.003575887256443122
140000,train/value_loss_mean,0.273676890873909
140000,train/value_loss_std,0.00423255630592705
140000,train/value_scale_mean,88.18165377197266
140000,train/value_scale_std,1.3025837278519485
140000,timing/collect_chunk_s,134.85986920958385
140000,timing/train_chunk_s,25.223843931220472
140000,dense_rhs/training_bucket_horizon,4.0
140000,system/heartbeat,1.0
143992,episode/return,970.0
143992,episode/length,500.0
143993,episode/return,975.0
143993,episode/length,500.0
143994,episode/return,865.0
143994,episode/length,500.0
143995,episode/return,898.0
143995,episode/length,500.0
143996,episode/return,923.0
143996,episode/length,500.0
143997,episode/return,942.0
143997,episode/length,500.0
143998,episode/return,884.0
143998,episode/length,500.0
143999,episode/return,833.0
143999,episode/length,500.0
147992,episode/return,0.0
147992,episode/length,500.0
147993,episode/return,0.0
147993,episode/length,500.0
147994,episode/return,0.0
147994,episode/length,500.0
147995,episode/return,981.0
147995,episode/length,500.0
147996,episode/return,932.0
147996,episode/length,500.0
147997,episode/return,907.0
147997,episode/length,500.0
147998,episode/return,905.0
147998,episode/length,500.0
147999,episode/return,891.0
147999,episode/length,500.0
150000,train/consistency_loss_mean,0.003420670619793236
150000,train/consistency_loss_std,0.0001604306935682934
150000,train/continue_loss_mean,0.0
150000,train/continue_loss_std,0.0
150000,train/grad_norm_mean,0.5250777623653412
150000,train/grad_norm_std,0.05792090132528487
150000,train/policy_log_std_mean,-0.9123744959640503
150000,train/policy_log_std_std,0.5074300838027692
150000,train/policy_loss_mean,-0.7314815506458282
150000,train/policy_loss_std,0.018888030846344873
150000,train/reward_loss_mean,0.22395649333000184
150000,train/reward_loss_std,0.010376155346508119
150000,train/total_loss_mean,0.11822614723443985
150000,train/total_loss_std,0.0035422410524991827
150000,train/value_loss_mean,0.27417084572315215
150000,train/value_loss_std,0.004234039275304488
150000,train/value_scale_mean,90.29069112548828
150000,train/value_scale_std,1.941498491931286
150000,timing/collect_chunk_s,130.78124607726932
150000,timing/train_chunk_s,25.21572583215311
150000,dense_rhs/training_bucket_horizon,4.0
150000,system/heartbeat,1.0
150000,timing/checkpoint_blocking_s,0.42650130996480584
150000,eval/return_mean,744.3499755859375
150000,eval/return_std,326.3881530761719
150000,eval/return_max,993.0
150000,eval/return_min,0.0
150000,dense_rhs/deployment_utility_last_observed_gain,-16.6500244140625
150000,dense_rhs/deployment_utility_observations,2.0
150000,timing/eval_s,27.9103335859254
150000,eval/selected_horizon,4.0
150000,eval/training_bucket_horizon,4.0
150000,system/heartbeat,1.0
151992,episode/return,895.0
151992,episode/length,500.0
151993,episode/return,0.0
151993,episode/length,500.0
151994,episode/return,928.0
151994,episode/length,500.0
151995,episode/return,861.0
151995,episode/length,500.0
151996,episode/return,926.0
151996,episode/length,500.0
151997,episode/return,941.0
151997,episode/length,500.0
151998,episode/return,871.0
151998,episode/length,500.0
151999,episode/return,0.0
151999,episode/length,500.0
155992,episode/return,913.0
155992,episode/length,500.0
155993,episode/return,900.0
155993,episode/length,500.0
155994,episode/return,772.0
155994,episode/length,500.0
155995,episode/return,916.0
155995,episode/length,500.0
155996,episode/return,0.0
155996,episode/length,500.0
155997,episode/return,749.0
155997,episode/length,500.0
155998,episode/return,744.0
155998,episode/length,500.0
155999,episode/return,0.0
155999,episode/length,500.0
159992,episode/return,716.0
159992,episode/length,500.0
159993,episode/return,945.0
159993,episode/length,500.0
159994,episode/return,988.0
159994,episode/length,500.0
159995,episode/return,879.0
159995,episode/length,500.0
159996,episode/return,0.0
159996,episode/length,500.0
159997,episode/return,905.0
159997,episode/length,500.0
159998,episode/return,972.0
159998,episode/length,500.0
159999,episode/return,937.0
159999,episode/length,500.0
160000,train/consistency_loss_mean,0.003516336457245052
160000,train/consistency_loss_std,0.00016651951818418473
160000,train/continue_loss_mean,0.0
160000,train/continue_loss_std,0.0
160000,train/grad_norm_mean,0.5305419254541397
160000,train/grad_norm_std,0.05959597835243009
160000,train/policy_log_std_mean,-0.8718857768630981
160000,train/policy_log_std_std,0.5015812118466828
160000,train/policy_loss_mean,-0.7097391325950623
160000,train/policy_loss_std,0.01354049594068857
160000,train/reward_loss_mean,0.22405016787052154
160000,train/reward_loss_std,0.010278959706904674
160000,train/total_loss_mean,0.12020468955636024
160000,train/total_loss_std,0.0036543630867510862
160000,train/value_loss_mean,0.2747294135808945
160000,train/value_loss_std,0.004285678232959968
160000,train/value_scale_mean,92.6981001586914
160000,train/value_scale_std,1.2059275866391106
160000,timing/collect_chunk_s,134.65902608074248
160000,timing/train_chunk_s,25.187480790540576
160000,dense_rhs/training_bucket_horizon,4.0
160000,system/heartbeat,1.0
163992,episode/return,933.0
163992,episode/length,500.0
163993,episode/return,488.0
163993,episode/length,500.0
163994,episode/return,763.0
163994,episode/length,500.0
163995,episode/return,944.0
163995,episode/length,500.0
163996,episode/return,953.0
163996,episode/length,500.0
163997,episode/return,946.0
163997,episode/length,500.0
163998,episode/return,967.0
163998,episode/length,500.0
163999,episode/return,857.0
163999,episode/length,500.0
167992,episode/return,876.0
167992,episode/length,500.0
167993,episode/return,954.0
167993,episode/length,500.0
167994,episode/return,861.0
167994,episode/length,500.0
167995,episode/return,823.0
167995,episode/length,500.0
167996,episode/return,952.0
167996,episode/length,500.0
167997,episode/return,915.0
167997,episode/length,500.0
167998,episode/return,851.0
167998,episode/length,500.0
167999,episode/return,924.0
167999,episode/length,500.0
170000,train/consistency_loss_mean,0.003639153210632503
170000,train/consistency_loss_std,0.00017257649437441607
170000,train/continue_loss_mean,0.0
170000,train/continue_loss_std,0.0
170000,train/grad_norm_mean,0.5388673525810241
170000,train/grad_norm_std,0.06051856653111134
170000,train/policy_log_std_mean,-0.8751270628738403
170000,train/policy_log_std_std,0.4888095921246095
170000,train/policy_loss_mean,-0.7453482855796814
170000,train/policy_loss_std,0.01718324625950978
170000,train/reward_loss_mean,0.22812007694244385
170000,train/reward_loss_std,0.010495080440770774
170000,train/total_loss_mean,0.12318889825344086
170000,train/total_loss_std,0.0038253291632682406
170000,train/value_loss_mean,0.275938249206543
170000,train/value_loss_std,0.004150757843522171
170000,train/value_scale_mean,88.78548235473633
170000,train/value_scale_std,1.4121028166987935
170000,timing/collect_chunk_s,132.47443418577313
170000,timing/train_chunk_s,25.1737589398399
170000,dense_rhs/training_bucket_horizon,4.0
170000,system/heartbeat,1.0
170000,dense_rhs/selected_horizon,4.0
170000,dense_rhs/proposed_horizon,4.0
170000,dense_rhs/phase_id,0.0
170000,dense_rhs/num_active_horizons,7.0
170000,dense_rhs/num_candidate_horizons,3.0
170000,dense_rhs/entropy,1.5767021179199219
170000,dense_rhs/norm_entropy,0.8102645874023438
170000,dense_rhs/best_fitness,0.7015776038169861
170000,dense_rhs/deployment_score_best,0.2422707974910736
170000,dense_rhs/incumbent_deployment_score,0.2422707974910736
170000,dense_rhs/proposed_deployment_score,0.2422707974910736
170000,dense_rhs/proposed_transition_cost,0.0
170000,dense_rhs/proposed_switch_probability,0.5
170000,dense_rhs/proposed_expected_net_benefit,0.0
170000,dense_rhs/transition_cost_best,0.0
170000,dense_rhs/transition_adjusted_score_best,0.2422707974910736
170000,dense_rhs/switch_probability_best,0.5
170000,dense_rhs/expected_improvement_best,0.02946237474679947
170000,dense_rhs/expected_loss_best,0.02946237474679947
170000,dense_rhs/expected_net_benefit_best,0.0
170000,dense_rhs/return_term_best,1.0
170000,dense_rhs/roughness_term_best,0.835155725479126
170000,dense_rhs/return_std_term_best,0.29009056091308594
170000,dense_rhs/learner_proxy_term_best,1.0
170000,dense_rhs/model_prefix_loss_best,0.9698899388313293
170000,dense_rhs/model_probe_prefix_best,0.7332794070243835
170000,dense_rhs/planner_return_best,193.4335174560547
170000,dense_rhs/roughness_best,0.9607918858528137
170000,dense_rhs/robust_return_best,237.00186157226562
170000,timing/query_model_diag_s,0.011496857274323702
170000,timing/query_env_eval_s,16.61129323206842
170000,timing/query_finalize_s,0.0034801000729203224
170000,timing/query_total_s,16.631782645359635
170000,dense_rhs/candidate_4_fitness,0.7015776038169861
170000,dense_rhs/candidate_4_deployment_score,0.2422707974910736
170000,dense_rhs/candidate_4_transition_cost,0.0
170000,dense_rhs/candidate_4_transition_adjusted_score,0.2422707974910736
170000,dense_rhs/candidate_4_switch_probability,0.5
170000,dense_rhs/candidate_4_expected_net_benefit,0.0
170000,dense_rhs/candidate_4_return,237.00186157226562
170000,dense_rhs/candidate_4_return_term,1.0
170000,dense_rhs/candidate_4_roughness_term,0.835155725479126
170000,dense_rhs/candidate_4_return_std_term,0.29009056091308594
170000,dense_rhs/candidate_4_learner_proxy_term,1.0
170000,dense_rhs/candidate_5_fitness,0.2943683862686157
170000,dense_rhs/candidate_5_deployment_score,7.54798311390914e-05
170000,dense_rhs/candidate_5_transition_cost,0.07135917246341705
170000,dense_rhs/candidate_5_transition_adjusted_score,-0.07128369063138962
170000,dense_rhs/candidate_5_switch_probability,0.37709176540374756
170000,dense_rhs/candidate_5_expected_net_benefit,-0.31355446577072144
170000,dense_rhs/candidate_5_return,112.23246765136719
170000,dense_rhs/candidate_5_return_term,0.22259990870952606
170000,dense_rhs/candidate_5_roughness_term,0.7112312316894531
170000,dense_rhs/candidate_5_return_std_term,0.047421038150787354
170000,dense_rhs/candidate_5_learner_proxy_term,0.9114841818809509
170000,dense_rhs/candidate_3_fitness,0.03162277489900589
170000,dense_rhs/candidate_3_deployment_score,7.062757972876075e-31
170000,dense_rhs/candidate_3_transition_cost,0.05382430553436279
170000,dense_rhs/candidate_3_transition_adjusted_score,-0.05382430553436279
170000,dense_rhs/candidate_3_switch_probability,0.1351720094680786
170000,dense_rhs/candidate_3_expected_net_benefit,-0.2960951030254364
170000,dense_rhs/candidate_3_return,76.50613403320312
170000,dense_rhs/candidate_3_return_term,0.0
170000,dense_rhs/candidate_3_roughness_term,0.9182161688804626
170000,dense_rhs/candidate_3_return_std_term,0.0
170000,dense_rhs/candidate_3_learner_proxy_term,0.7691825032234192
170000,dense_rhs/deployment_utility_enabled,1.0
170000,dense_rhs/deployment_utility_observations,2.0
170000,dense_rhs/deployment_utility_last_observed_gain,-16.6500244140625
170000,dense_rhs/candidate_3_expected_eval_gain,0.0
170000,dense_rhs/candidate_3_eval_gain_uncertainty,150.0
170000,dense_rhs/candidate_3_deployment_utility_score,37.5
170000,dense_rhs/candidate_4_expected_eval_gain,30.4749755859375
170000,dense_rhs/candidate_4_eval_gain_uncertainty,27.207631435561115
170000,dense_rhs/candidate_4_deployment_utility_score,47.27688344482778
170000,dense_rhs/candidate_5_expected_eval_gain,0.0
170000,dense_rhs/candidate_5_eval_gain_uncertainty,150.0
170000,dense_rhs/candidate_5_deployment_utility_score,37.50311551503197
170000,dense_rhs/deployment_utility_override,0.0
170000,dense_rhs/deployment_utility_selected_expected_gain,30.4749755859375
170000,dense_rhs/deployment_utility_selected_uncertainty,27.207631435561115
170000,dense_rhs/deployment_utility_selected_score,47.27688344482778
170000,dense_rhs/deployment_utility_proposed_horizon,4.0
170000,dense_rhs/deployment_utility_proposed_expected_gain,30.4749755859375
170000,dense_rhs/deployment_utility_proposed_uncertainty,27.207631435561115
170000,dense_rhs/deployment_utility_proposed_score,47.27688344482778
170000,dense_rhs/previous_horizon,4.0
170000,dense_rhs/training_bucket_horizon,4.0
170000,dense_rhs/best_h,4.0
170000,dense_rhs/prob_best_h,0.26171875
170000,dense_rhs/gauss_mean_best_h,0.6904086470603943
170000,dense_rhs/gauss_post_std_best_h,0.03511086851358414
170000,system/heartbeat,1.0
171992,episode/return,911.0
171992,episode/length,500.0
171993,episode/return,927.0
171993,episode/length,500.0
171994,episode/return,988.0
171994,episode/length,500.0
171995,episode/return,788.0
171995,episode/length,500.0
171996,episode/return,978.0
171996,episode/length,500.0
171997,episode/return,873.0
171997,episode/length,500.0
171998,episode/return,952.0
171998,episode/length,500.0
171999,episode/return,900.0
171999,episode/length,500.0
175992,episode/return,864.0
175992,episode/length,500.0
175993,episode/return,972.0
175993,episode/length,500.0
175994,episode/return,925.0
175994,episode/length,500.0
175995,episode/return,959.0
175995,episode/length,500.0
175996,episode/return,875.0
175996,episode/length,500.0
175997,episode/return,737.0
175997,episode/length,500.0
175998,episode/return,791.0
175998,episode/length,500.0
175999,episode/return,670.0
175999,episode/length,500.0
179992,episode/return,0.0
179992,episode/length,500.0
179993,episode/return,947.0
179993,episode/length,500.0
179994,episode/return,963.0
179994,episode/length,500.0
179995,episode/return,910.0
179995,episode/length,500.0
179996,episode/return,929.0
179996,episode/length,500.0
179997,episode/return,986.0
179997,episode/length,500.0
179998,episode/return,830.0
179998,episode/length,500.0
179999,episode/return,913.0
179999,episode/length,500.0
180000,train/consistency_loss_mean,0.003730297997780144
180000,train/consistency_loss_std,0.00017270768607953623
180000,train/continue_loss_mean,0.0
180000,train/continue_loss_std,0.0
180000,train/grad_norm_mean,0.5413535356998443
180000,train/grad_norm_std,0.06127637348306162
180000,train/policy_log_std_mean,-0.8827811978149414
180000,train/policy_log_std_std,0.5010402753135935
180000,train/policy_loss_mean,-0.783691130399704
180000,train/policy_loss_std,0.010396268778604409
180000,train/reward_loss_mean,0.2318749859213829
180000,train/reward_loss_std,0.010246163306534557
180000,train/total_loss_mean,0.12554314787983895
180000,train/total_loss_std,0.003756267137803341
180000,train/value_loss_mean,0.27749687790870664
180000,train/value_loss_std,0.003990031968453125
180000,train/value_scale_mean,85.15275048217774
180000,train/value_scale_std,0.2908147358776613
180000,timing/collect_chunk_s,136.74668838409707
180000,timing/train_chunk_s,25.227393737062812
180000,dense_rhs/training_bucket_horizon,4.0
180000,system/heartbeat,1.0
183992,episode/return,990.0
183992,episode/length,500.0
183993,episode/return,910.0
183993,episode/length,500.0
183994,episode/return,889.0
183994,episode/length,500.0
183995,episode/return,873.0
183995,episode/length,500.0
183996,episode/return,782.0
183996,episode/length,500.0
183997,episode/return,845.0
183997,episode/length,500.0
183998,episode/return,961.0
183998,episode/length,500.0
183999,episode/return,926.0
183999,episode/length,500.0
187992,episode/return,936.0
187992,episode/length,500.0
187993,episode/return,916.0
187993,episode/length,500.0
187994,episode/return,0.0
187994,episode/length,500.0
187995,episode/return,763.0
187995,episode/length,500.0
187996,episode/return,886.0
187996,episode/length,500.0
187997,episode/return,856.0
187997,episode/length,500.0
187998,episode/return,851.0
187998,episode/length,500.0
187999,episode/return,933.0
187999,episode/length,500.0
190000,train/consistency_loss_mean,0.0038310955280438067
190000,train/consistency_loss_std,0.0001761823153760836
190000,train/continue_loss_mean,0.0
190000,train/continue_loss_std,0.0
190000,train/grad_norm_mean,0.5464582362651825
190000,train/grad_norm_std,0.06284426261213767
190000,train/policy_log_std_mean,-0.8824801761627197
190000,train/policy_log_std_std,0.5106705362939982
190000,train/policy_loss_mean,-0.7826560554027557
190000,train/policy_loss_std,0.011244846942990286
190000,train/reward_loss_mean,0.23429740854501724
190000,train/reward_loss_std,0.010199153293998182
190000,train/total_loss_mean,0.1277944721162319
190000,train/total_loss_std,0.0038837348325331945
190000,train/value_loss_mean,0.2774281824111938
190000,train/value_loss_std,0.004091455435661699
190000,train/value_scale_mean,85.5941237487793
190000,train/value_scale_std,0.5700023908112947
190000,timing/collect_chunk_s,133.73131018411368
190000,timing/train_chunk_s,25.184463277924806
190000,dense_rhs/training_bucket_horizon,4.0
190000,system/heartbeat,1.0
191992,episode/return,896.0
191992,episode/length,500.0
191993,episode/return,950.0
191993,episode/length,500.0
191994,episode/return,922.0
191994,episode/length,500.0
191995,episode/return,897.0
191995,episode/length,500.0
191996,episode/return,908.0
191996,episode/length,500.0
191997,episode/return,787.0
191997,episode/length,500.0
191998,episode/return,906.0
191998,episode/length,500.0
191999,episode/return,980.0
191999,episode/length,500.0
195992,episode/return,818.0
195992,episode/length,500.0
195993,episode/return,906.0
195993,episode/length,500.0
195994,episode/return,907.0
195994,episode/length,500.0
195995,episode/return,849.0
195995,episode/length,500.0
195996,episode/return,0.0
195996,episode/length,500.0
195997,episode/return,937.0
195997,episode/length,500.0
195998,episode/return,952.0
195998,episode/length,500.0
195999,episode/return,930.0
195999,episode/length,500.0
199992,episode/return,854.0
199992,episode/length,500.0
199993,episode/return,0.0
199993,episode/length,500.0
199994,episode/return,853.0
199994,episode/length,500.0
199995,episode/return,933.0
199995,episode/length,500.0
199996,episode/return,897.0
199996,episode/length,500.0
199997,episode/return,867.0
199997,episode/length,500.0
199998,episode/return,0.0
199998,episode/length,500.0
199999,episode/return,0.0
199999,episode/length,500.0
200000,train/consistency_loss_mean,0.003937547645531595
200000,train/consistency_loss_std,0.00017980060300913712
200000,train/continue_loss_mean,0.0
200000,train/continue_loss_std,0.0
200000,train/grad_norm_mean,0.5511257089614868
200000,train/grad_norm_std,0.0639308013600657
200000,train/policy_log_std_mean,-0.8709754714202881
200000,train/policy_log_std_std,0.5179221881657393
200000,train/policy_loss_mean,-0.7685627240657806
200000,train/policy_loss_std,0.011047960303211304
200000,train/reward_loss_mean,0.23626229065656662
200000,train/reward_loss_std,0.010043500663264477
200000,train/total_loss_mean,0.13006879316568373
200000,train/total_loss_std,0.003915464015790993
200000,train/value_loss_mean,0.27691608514785765
200000,train/value_loss_std,0.004038792217352279
200000,train/value_scale_mean,87.3827151550293
200000,train/value_scale_std,0.5799969240330556
200000,timing/collect_chunk_s,136.49434028565884
200000,timing/train_chunk_s,25.197212540078908
200000,dense_rhs/training_bucket_horizon,4.0
200000,system/heartbeat,1.0
200000,timing/checkpoint_blocking_s,0.43832439882680774
200000,eval/return_mean,791.2000122070312
200000,eval/return_std,278.41363525390625
200000,eval/return_max,985.0
200000,eval/return_min,0.0
200000,dense_rhs/deployment_utility_last_observed_gain,46.85003662109375
200000,dense_rhs/deployment_utility_observations,3.0
200000,timing/eval_s,27.811984334141016
200000,eval/selected_horizon,4.0
200000,eval/training_bucket_horizon,4.0
200000,system/heartbeat,1.0
203992,episode/return,877.0
203992,episode/length,500.0
203993,episode/return,929.0
203993,episode/length,500.0
203994,episode/return,951.0
203994,episode/length,500.0
203995,episode/return,0.0
203995,episode/length,500.0
203996,episode/return,0.0
203996,episode/length,500.0
203997,episode/return,925.0
203997,episode/length,500.0
203998,episode/return,925.0
203998,episode/length,500.0
203999,episode/return,897.0
203999,episode/length,500.0
207992,episode/return,810.0
207992,episode/length,500.0
207993,episode/return,873.0
207993,episode/length,500.0
207994,episode/return,890.0
207994,episode/length,500.0
207995,episode/return,850.0
207995,episode/length,500.0
207996,episode/return,838.0
207996,episode/length,500.0
207997,episode/return,972.0
207997,episode/length,500.0
207998,episode/return,895.0
207998,episode/length,500.0
207999,episode/return,0.0
207999,episode/length,500.0
210000,train/consistency_loss_mean,0.004024080100283027
210000,train/consistency_loss_std,0.00018180313980226912
210000,train/continue_loss_mean,0.0
210000,train/continue_loss_std,0.0
210000,train/grad_norm_mean,0.5568411193370819
210000,train/grad_norm_std,0.06294667450047867
210000,train/policy_log_std_mean,-0.8416813088226318
210000,train/policy_log_std_std,0.5195043966197583
210000,train/policy_loss_mean,-0.7328092203140258
210000,train/policy_loss_std,0.020850889458112656
210000,train/reward_loss_mean,0.23622217727899553
210000,train/reward_loss_std,0.010112621788879304
210000,train/total_loss_mean,0.13179854552745818
210000,train/total_loss_std,0.0039282299688393274
210000,train/value_loss_mean,0.2769472567796707
210000,train/value_loss_std,0.0039977974933423895
210000,train/value_scale_mean,91.30467565307617
210000,train/value_scale_std,2.190694805377522
210000,timing/collect_chunk_s,133.45581483608112
210000,timing/train_chunk_s,25.163123147562146
210000,dense_rhs/training_bucket_horizon,4.0
210000,system/heartbeat,1.0
211992,episode/return,856.0
211992,episode/length,500.0
211993,episode/return,834.0
211993,episode/length,500.0
211994,episode/return,934.0
211994,episode/length,500.0
211995,episode/return,861.0
211995,episode/length,500.0
211996,episode/return,917.0
211996,episode/length,500.0
211997,episode/return,851.0
211997,episode/length,500.0
211998,episode/return,868.0
211998,episode/length,500.0
211999,episode/return,958.0
211999,episode/length,500.0
215992,episode/return,799.0
215992,episode/length,500.0
215993,episode/return,947.0
215993,episode/length,500.0
215994,episode/return,0.0
215994,episode/length,500.0
215995,episode/return,903.0
215995,episode/length,500.0
215996,episode/return,957.0
215996,episode/length,500.0
215997,episode/return,933.0
215997,episode/length,500.0
215998,episode/return,0.0
215998,episode/length,500.0
215999,episode/return,919.0
215999,episode/length,500.0
219992,episode/return,663.0
219992,episode/length,500.0
219993,episode/return,497.0
219993,episode/length,500.0
219994,episode/return,735.0
219994,episode/length,500.0
219995,episode/return,853.0
219995,episode/length,500.0
219996,episode/return,971.0
219996,episode/length,500.0
219997,episode/return,965.0
219997,episode/length,500.0
219998,episode/return,892.0
219998,episode/length,500.0
219999,episode/return,957.0
219999,episode/length,500.0
220000,train/consistency_loss_mean,0.004116568049043417
220000,train/consistency_loss_std,0.00018923393345735066
220000,train/continue_loss_mean,0.0
220000,train/continue_loss_std,0.0
220000,train/grad_norm_mean,0.5594511012554169
220000,train/grad_norm_std,0.06343966998603529
220000,train/policy_log_std_mean,-0.8092008984375
220000,train/policy_log_std_std,0.5196820227212121
220000,train/policy_loss_mean,-0.707456991815567
220000,train/policy_loss_std,0.019224103121800173
220000,train/reward_loss_mean,0.23756938296556473
220000,train/reward_loss_std,0.009980010407109833
220000,train/total_loss_mean,0.13383073329925538
220000,train/total_loss_std,0.004064400106490361
220000,train/value_loss_mean,0.2774243440389633
220000,train/value_loss_std,0.004163237471454842
220000,train/value_scale_mean,94.3075487487793
220000,train/value_scale_std,2.0686432592684345
220000,timing/collect_chunk_s,133.35334152868018
220000,timing/train_chunk_s,25.208349958993495
220000,dense_rhs/training_bucket_horizon,4.0
220000,system/heartbeat,1.0
220000,dense_rhs/selected_horizon,4.0
220000,dense_rhs/proposed_horizon,4.0
220000,dense_rhs/phase_id,0.0
220000,dense_rhs/num_active_horizons,7.0
220000,dense_rhs/num_candidate_horizons,3.0
220000,dense_rhs/entropy,1.5436084270477295
220000,dense_rhs/norm_entropy,0.7932577729225159
220000,dense_rhs/best_fitness,0.8508056402206421
220000,dense_rhs/deployment_score_best,0.46354925632476807
220000,dense_rhs/incumbent_deployment_score,0.46354925632476807
220000,dense_rhs/proposed_deployment_score,0.46354925632476807
220000,dense_rhs/proposed_transition_cost,0.0
220000,dense_rhs/proposed_switch_probability,0.5
220000,dense_rhs/proposed_expected_net_benefit,0.0
220000,dense_rhs/transition_cost_best,0.0
220000,dense_rhs/transition_adjusted_score_best,0.46354925632476807
220000,dense_rhs/switch_probability_best,0.5
220000,dense_rhs/expected_improvement_best,0.02820948138833046
220000,dense_rhs/expected_loss_best,0.02820948138833046
220000,dense_rhs/expected_net_benefit_best,0.0
220000,dense_rhs/return_term_best,1.0
220000,dense_rhs/roughness_term_best,0.8644965887069702
220000,dense_rhs/return_std_term_best,0.6061182022094727
220000,dense_rhs/learner_proxy_term_best,0.8846577405929565
220000,dense_rhs/model_prefix_loss_best,1.1512970924377441
220000,dense_rhs/model_probe_prefix_best,0.9090381264686584
220000,dense_rhs/planner_return_best,193.1106414794922
220000,dense_rhs/roughness_best,0.5178858637809753
220000,dense_rhs/robust_return_best,343.97686767578125
220000,timing/query_model_diag_s,0.01151488209143281
220000,timing/query_env_eval_s,16.57117271516472
220000,timing/query_finalize_s,0.003435479011386633
220000,timing/query_total_s,16.591311374213547
220000,dense_rhs/candidate_4_fitness,0.8508056402206421
220000,dense_rhs/candidate_4_deployment_score,0.46354925632476807
220000,dense_rhs/candidate_4_transition_cost,0.0
220000,dense_rhs/candidate_4_transition_adjusted_score,0.46354925632476807
220000,dense_rhs/candidate_4_switch_probability,0.5
220000,dense_rhs/candidate_4_expected_net_benefit,0.0
220000,dense_rhs/candidate_4_return,343.97686767578125
220000,dense_rhs/candidate_4_return_term,1.0
220000,dense_rhs/candidate_4_roughness_term,0.8644965887069702
220000,dense_rhs/candidate_4_return_std_term,0.6061182022094727
220000,dense_rhs/candidate_4_learner_proxy_term,0.8846577405929565
220000,dense_rhs/candidate_5_fitness,0.40414896607398987
220000,dense_rhs/candidate_5_deployment_score,0.000725691148545593
220000,dense_rhs/candidate_5_transition_cost,0.06190198287367821
220000,dense_rhs/candidate_5_transition_adjusted_score,-0.06117629259824753
220000,dense_rhs/candidate_5_switch_probability,3.2782554626464844e-07
220000,dense_rhs/candidate_5_expected_net_benefit,-0.5247255563735962
220000,dense_rhs/candidate_5_return,169.13075256347656
220000,dense_rhs/candidate_5_return_term,0.3049745559692383
220000,dense_rhs/candidate_5_roughness_term,0.8701184391975403
220000,dense_rhs/candidate_5_return_std_term,0.10053277015686035
220000,dense_rhs/candidate_5_learner_proxy_term,0.9589840769767761
220000,dense_rhs/candidate_3_fitness,0.03162277489900589
220000,dense_rhs/candidate_3_deployment_score,7.047223109733348e-31
220000,dense_rhs/candidate_3_transition_cost,0.05973287671804428
220000,dense_rhs/candidate_3_transition_adjusted_score,-0.05973287671804428
220000,dense_rhs/candidate_3_switch_probability,0.006126195192337036
220000,dense_rhs/candidate_3_expected_net_benefit,-0.5232821106910706
220000,dense_rhs/candidate_3_return,92.408935546875
220000,dense_rhs/candidate_3_return_term,0.0
220000,dense_rhs/candidate_3_roughness_term,1.0
220000,dense_rhs/candidate_3_return_std_term,0.0
220000,dense_rhs/candidate_3_learner_proxy_term,0.7047222852706909
220000,dense_rhs/deployment_utility_enabled,1.0
220000,dense_rhs/deployment_utility_observations,3.0
220000,dense_rhs/deployment_utility_last_observed_gain,46.85003662109375
220000,dense_rhs/candidate_3_expected_eval_gain,0.0
220000,dense_rhs/candidate_3_eval_gain_uncertainty,150.0
220000,dense_rhs/candidate_3_deployment_utility_score,37.5
220000,dense_rhs/candidate_4_expected_eval_gain,35.933329264322914
220000,dense_rhs/candidate_4_eval_gain_uncertainty,19.62203905321357
220000,dense_rhs/candidate_4_deployment_utility_score,50.83883902762631
220000,dense_rhs/candidate_5_expected_eval_gain,0.0
220000,dense_rhs/candidate_5_eval_gain_uncertainty,150.0
220000,dense_rhs/candidate_5_deployment_utility_score,37.51565510328501
220000,dense_rhs/deployment_utility_override,0.0
220000,dense_rhs/deployment_utility_selected_expected_gain,35.933329264322914
220000,dense_rhs/deployment_utility_selected_uncertainty,19.62203905321357
220000,dense_rhs/deployment_utility_selected_score,50.83883902762631
220000,dense_rhs/deployment_utility_proposed_horizon,4.0
220000,dense_rhs/deployment_utility_proposed_expected_gain,35.933329264322914
220000,dense_rhs/deployment_utility_proposed_uncertainty,19.62203905321357
220000,dense_rhs/deployment_utility_proposed_score,50.83883902762631
220000,dense_rhs/previous_horizon,4.0
220000,dense_rhs/training_bucket_horizon,4.0
220000,dense_rhs/best_h,4.0
220000,dense_rhs/prob_best_h,0.232421875
220000,dense_rhs/gauss_mean_best_h,0.7305078506469727
220000,dense_rhs/gauss_post_std_best_h,0.04358235001564026
220000,system/heartbeat,1.0
223992,episode/return,879.0
223992,episode/length,500.0
223993,episode/return,955.0
223993,episode/length,500.0
223994,episode/return,912.0
223994,episode/length,500.0
223995,episode/return,906.0
223995,episode/length,500.0
223996,episode/return,878.0
223996,episode/length,500.0
223997,episode/return,920.0
223997,episode/length,500.0
223998,episode/return,917.0
223998,episode/length,500.0
223999,episode/return,910.0
223999,episode/length,500.0
227992,episode/return,916.0
227992,episode/length,500.0
227993,episode/return,879.0
227993,episode/length,500.0
227994,episode/return,915.0
227994,episode/length,500.0
227995,episode/return,964.0
227995,episode/length,500.0
227996,episode/return,946.0
227996,episode/length,500.0
227997,episode/return,874.0
227997,episode/length,500.0
227998,episode/return,935.0
227998,episode/length,500.0
227999,episode/return,908.0
227999,episode/length,500.0
230000,train/consistency_loss_mean,0.004174069620668888
230000,train/consistency_loss_std,0.00018705596639526624
230000,train/continue_loss_mean,0.0
230000,train/continue_loss_std,0.0
230000,train/grad_norm_mean,0.5656439294815063
230000,train/grad_norm_std,0.06528914727153814
230000,train/policy_log_std_mean,-0.7952586694335938
230000,train/policy_log_std_std,0.5189416063360667
230000,train/policy_loss_mean,-0.6660475283145905
230000,train/policy_loss_std,0.01553193874033859
230000,train/reward_loss_mean,0.23995244861841203
230000,train/reward_loss_std,0.010020777956694522
230000,train/total_loss_mean,0.13530103464126586
230000,train/total_loss_std,0.004038356996530344
230000,train/value_loss_mean,0.2782439477682114
230000,train/value_loss_std,0.004309670064744314
230000,train/value_scale_mean,99.85667583007813
230000,train/value_scale_std,1.6154882614673425
230000,timing/collect_chunk_s,135.33449877938256
230000,timing/train_chunk_s,25.119259076658636
230000,dense_rhs/training_bucket_horizon,4.0
230000,system/heartbeat,1.0
231992,episode/return,838.0
231992,episode/length,500.0
231993,episode/return,44.0
231993,episode/length,500.0
231994,episode/return,939.0
231994,episode/length,500.0
231995,episode/return,886.0
231995,episode/length,500.0
231996,episode/return,934.0
231996,episode/length,500.0
231997,episode/return,970.0
231997,episode/length,500.0
231998,episode/return,954.0
231998,episode/length,500.0
231999,episode/return,675.0
231999,episode/length,500.0
235992,episode/return,933.0
235992,episode/length,500.0
235993,episode/return,873.0
235993,episode/length,500.0
235994,episode/return,0.0
235994,episode/length,500.0
235995,episode/return,895.0
235995,episode/length,500.0
235996,episode/return,992.0
235996,episode/length,500.0
235997,episode/return,0.0
235997,episode/length,500.0
235998,episode/return,960.0
235998,episode/length,500.0
235999,episode/return,903.0
235999,episode/length,500.0
239992,episode/return,964.0
239992,episode/length,500.0
239993,episode/return,921.0
239993,episode/length,500.0
239994,episode/return,839.0
239994,episode/length,500.0
239995,episode/return,963.0
239995,episode/length,500.0
239996,episode/return,0.0
239996,episode/length,500.0
239997,episode/return,941.0
239997,episode/length,500.0
239998,episode/return,874.0
239998,episode/length,500.0
239999,episode/return,913.0
239999,episode/length,500.0
240000,train/consistency_loss_mean,0.004203440911695361
240000,train/consistency_loss_std,0.00018890123477187975
240000,train/continue_loss_mean,0.0
240000,train/continue_loss_std,0.0
240000,train/grad_norm_mean,0.5667795375823974
240000,train/grad_norm_std,0.0648490151034973
240000,train/policy_log_std_mean,-0.7999965952682495
240000,train/policy_log_std_std,0.5282209138709982
240000,train/policy_loss_mean,-0.6963352111816407
240000,train/policy_loss_std,0.011878227170694469
240000,train/reward_loss_mean,0.24081560199260713
240000,train/reward_loss_std,0.009805723647771906
240000,train/total_loss_mean,0.1359067498445511
240000,train/total_loss_std,0.004049872559903803
240000,train/value_loss_mean,0.27756369612216947
240000,train/value_loss_std,0.00410361344819219
240000,train/value_scale_mean,95.91378675537109
240000,train/value_scale_std,0.9076141086392663
240000,timing/collect_chunk_s,129.8333694851026
240000,timing/train_chunk_s,25.170636345166713
240000,dense_rhs/training_bucket_horizon,4.0
240000,system/heartbeat,1.0
243992,episode/return,891.0
243992,episode/length,500.0
243993,episode/return,881.0
243993,episode/length,500.0
243994,episode/return,912.0
243994,episode/length,500.0
243995,episode/return,977.0
243995,episode/length,500.0
243996,episode/return,892.0
243996,episode/length,500.0
243997,episode/return,772.0
243997,episode/length,500.0
243998,episode/return,867.0
243998,episode/length,500.0
243999,episode/return,990.0
243999,episode/length,500.0
247992,episode/return,850.0
247992,episode/length,500.0
247993,episode/return,940.0
247993,episode/length,500.0
247994,episode/return,965.0
247994,episode/length,500.0
247995,episode/return,937.0
247995,episode/length,500.0
247996,episode/return,914.0
247996,episode/length,500.0
247997,episode/return,0.0
247997,episode/length,500.0
247998,episode/return,821.0
247998,episode/length,500.0
247999,episode/return,921.0
247999,episode/length,500.0
250000,train/consistency_loss_mean,0.004249075657129287
250000,train/consistency_loss_std,0.00019281392094396444
250000,train/continue_loss_mean,0.0
250000,train/continue_loss_std,0.0
250000,train/grad_norm_mean,0.5696030797958374
250000,train/grad_norm_std,0.06766864242999056
250000,train/policy_log_std_mean,-0.7984694619369507
250000,train/policy_log_std_std,0.5354371540060767
250000,train/policy_loss_mean,-0.7017189271450043
250000,train/policy_loss_std,0.012561448179459752
250000,train/reward_loss_mean,0.24217343822717666
250000,train/reward_loss_std,0.009993051926123485
250000,train/total_loss_mean,0.13701521999835967
250000,train/total_loss_std,0.004111640021560815
250000,train/value_loss_mean,0.2781636234998703
250000,train/value_loss_std,0.004100795599115997
250000,train/value_scale_mean,95.2443980834961
250000,train/value_scale_std,0.9830044633808943
250000,timing/collect_chunk_s,136.62638524919748
250000,timing/train_chunk_s,25.179156782571226
250000,dense_rhs/training_bucket_horizon,4.0
250000,system/heartbeat,1.0
250000,timing/checkpoint_blocking_s,0.44076739298179746
250000,eval/return_mean,806.9500122070312
250000,eval/return_std,285.8727722167969
250000,eval/return_max,993.0
250000,eval/return_min,0.0
250000,dense_rhs/deployment_utility_last_observed_gain,15.75
250000,dense_rhs/deployment_utility_observations,4.0
250000,timing/eval_s,27.858852278906852
250000,eval/selected_horizon,4.0
250000,eval/training_bucket_horizon,4.0
250000,system/heartbeat,1.0
251992,episode/return,942.0
251992,episode/length,500.0
251993,episode/return,916.0
251993,episode/length,500.0
251994,episode/return,755.0
251994,episode/length,500.0
251995,episode/return,900.0
251995,episode/length,500.0
251996,episode/return,986.0
251996,episode/length,500.0
251997,episode/return,946.0
251997,episode/length,500.0
251998,episode/return,865.0
251998,episode/length,500.0
251999,episode/return,843.0
251999,episode/length,500.0
255992,episode/return,971.0
255992,episode/length,500.0
255993,episode/return,986.0
255993,episode/length,500.0
255994,episode/return,982.0
255994,episode/length,500.0
255995,episode/return,723.0
255995,episode/length,500.0
255996,episode/return,941.0
255996,episode/length,500.0
255997,episode/return,918.0
255997,episode/length,500.0
255998,episode/return,491.0
255998,episode/length,500.0
255999,episode/return,993.0
255999,episode/length,500.0
259992,episode/return,114.0
259992,episode/length,500.0
259993,episode/return,925.0
259993,episode/length,500.0
259994,episode/return,827.0
259994,episode/length,500.0
259995,episode/return,859.0
259995,episode/length,500.0
259996,episode/return,774.0
259996,episode/length,500.0
259997,episode/return,0.0
259997,episode/length,500.0
259998,episode/return,878.0
259998,episode/length,500.0
259999,episode/return,959.0
259999,episode/length,500.0
260000,train/consistency_loss_mean,0.004313228983432054
260000,train/consistency_loss_std,0.00019578619173806286
260000,train/continue_loss_mean,0.0
260000,train/continue_loss_std,0.0
260000,train/grad_norm_mean,0.5721876655101776
260000,train/grad_norm_std,0.06563832315761677
260000,train/policy_log_std_mean,-0.7888975096130371
260000,train/policy_log_std_std,0.5464601777273903
260000,train/policy_loss_mean,-0.7027214041233063
260000,train/policy_loss_std,0.013011613675257288
260000,train/reward_loss_mean,0.24410169764757156
260000,train/reward_loss_std,0.009850495306889006
260000,train/total_loss_mean,0.13852119623422623
260000,train/total_loss_std,0.004184100584119813
260000,train/value_loss_mean,0.2784644694566727
260000,train/value_loss_std,0.004079334367023151
260000,train/value_scale_mean,95.22631916503906
260000,train/value_scale_std,1.1191123700790968
260000,timing/collect_chunk_s,130.89238971518353
260000,timing/train_chunk_s,25.133009411394596
260000,dense_rhs/training_bucket_horizon,4.0
260000,system/heartbeat,1.0
263992,episode/return,887.0
263992,episode/length,500.0
263993,episode/return,949.0
263993,episode/length,500.0
263994,episode/return,972.0
263994,episode/length,500.0
263995,episode/return,766.0
263995,episode/length,500.0
263996,episode/return,916.0
263996,episode/length,500.0
263997,episode/return,692.0
263997,episode/length,500.0
263998,episode/return,928.0
263998,episode/length,500.0
263999,episode/return,872.0
263999,episode/length,500.0
267992,episode/return,973.0
267992,episode/length,500.0
267993,episode/return,919.0
267993,episode/length,500.0
267994,episode/return,955.0
267994,episode/length,500.0
267995,episode/return,933.0
267995,episode/length,500.0
267996,episode/return,901.0
267996,episode/length,500.0
267997,episode/return,931.0
267997,episode/length,500.0
267998,episode/return,987.0
267998,episode/length,500.0
267999,episode/return,810.0
267999,episode/length,500.0
270000,train/consistency_loss_mean,0.004404588424786925
270000,train/consistency_loss_std,0.00019704812253621974
270000,train/continue_loss_mean,0.0
270000,train/continue_loss_std,0.0
270000,train/grad_norm_mean,0.5769707682132721
270000,train/grad_norm_std,0.06686978770465944
270000,train/policy_log_std_mean,-0.7763342770385743
270000,train/policy_log_std_std,0.5342173818406513
270000,train/policy_loss_mean,-0.6760777807712555
270000,train/policy_loss_std,0.011139608657263806
270000,train/reward_loss_mean,0.24575025889873506
270000,train/reward_loss_std,0.010021527648711503
270000,train/total_loss_mean,0.14073319778442384
270000,train/total_loss_std,0.004227689477501724
270000,train/value_loss_mean,0.28066402332782747
270000,train/value_loss_std,0.0041790742856970915
270000,train/value_scale_mean,98.8279269104004
270000,train/value_scale_std,0.7227222400805328
270000,timing/collect_chunk_s,131.98990604793653
270000,timing/train_chunk_s,25.16245711548254
270000,dense_rhs/training_bucket_horizon,4.0
270000,system/heartbeat,1.0
270000,dense_rhs/selected_horizon,5.0
270000,dense_rhs/proposed_horizon,5.0
270000,dense_rhs/phase_id,0.0
270000,dense_rhs/num_active_horizons,7.0
270000,dense_rhs/num_candidate_horizons,3.0
270000,dense_rhs/entropy,1.56882643699646
270000,dense_rhs/norm_entropy,0.8062172532081604
270000,dense_rhs/best_fitness,0.6623514294624329
270000,dense_rhs/deployment_score_best,0.19122210144996643
270000,dense_rhs/incumbent_deployment_score,0.00010664194996934384
270000,dense_rhs/proposed_deployment_score,0.19122210144996643
270000,dense_rhs/proposed_transition_cost,0.05095960199832916
270000,dense_rhs/proposed_switch_probability,0.9128565192222595
270000,dense_rhs/proposed_expected_net_benefit,0.1401558518409729
270000,dense_rhs/transition_cost_best,0.05095960199832916
270000,dense_rhs/transition_adjusted_score_best,0.14026249945163727
270000,dense_rhs/switch_probability_best,0.9128565192222595
270000,dense_rhs/expected_improvement_best,0.1442975401878357
270000,dense_rhs/expected_loss_best,0.00414168369024992
270000,dense_rhs/expected_net_benefit_best,0.1401558518409729
270000,dense_rhs/return_term_best,0.9999999403953552
270000,dense_rhs/roughness_term_best,0.906370997428894
270000,dense_rhs/return_std_term_best,0.21234679222106934
270000,dense_rhs/learner_proxy_term_best,0.9935426712036133
270000,dense_rhs/model_prefix_loss_best,1.4774770736694336
270000,dense_rhs/model_probe_prefix_best,1.1746419668197632
270000,dense_rhs/planner_return_best,193.02223205566406
270000,dense_rhs/roughness_best,0.22055789828300476
270000,dense_rhs/robust_return_best,274.8123779296875
270000,timing/query_model_diag_s,0.011562083847820759
270000,timing/query_env_eval_s,16.677313650026917
270000,timing/query_finalize_s,0.004447737243026495
270000,timing/query_total_s,16.6990872239694
270000,dense_rhs/candidate_4_fitness,0.1682279109954834
270000,dense_rhs/candidate_4_deployment_score,0.00010664194996934384
270000,dense_rhs/candidate_4_transition_cost,0.0
270000,dense_rhs/candidate_4_transition_adjusted_score,0.00010664194996934384
270000,dense_rhs/candidate_4_switch_probability,0.5
270000,dense_rhs/candidate_4_expected_net_benefit,0.0
270000,dense_rhs/candidate_4_return,234.54733276367188
270000,dense_rhs/candidate_4_return_term,0.5108493566513062
270000,dense_rhs/candidate_4_roughness_term,1.0
270000,dense_rhs/candidate_4_return_std_term,0.0015658736228942871
270000,dense_rhs/candidate_4_learner_proxy_term,1.0
270000,dense_rhs/candidate_5_fitness,0.6623514294624329
270000,dense_rhs/candidate_5_deployment_score,0.19122210144996643
270000,dense_rhs/candidate_5_transition_cost,0.05095960199832916
270000,dense_rhs/candidate_5_transition_adjusted_score,0.14026249945163727
270000,dense_rhs/candidate_5_switch_probability,0.9128565192222595
270000,dense_rhs/candidate_5_expected_net_benefit,0.1401558518409729
270000,dense_rhs/candidate_5_return,274.8123779296875
270000,dense_rhs/candidate_5_return_term,0.9999999403953552
270000,dense_rhs/candidate_5_roughness_term,0.906370997428894
270000,dense_rhs/candidate_5_return_std_term,0.21234679222106934
270000,dense_rhs/candidate_5_learner_proxy_term,0.9935426712036133
270000,dense_rhs/candidate_3_fitness,0.03162277489900589
270000,dense_rhs/candidate_3_deployment_score,7.956717951174141e-09
270000,dense_rhs/candidate_3_transition_cost,0.061890825629234314
270000,dense_rhs/candidate_3_transition_adjusted_score,-0.06189081817865372
270000,dense_rhs/candidate_3_switch_probability,0.3568077087402344
270000,dense_rhs/candidate_3_expected_net_benefit,-0.06199745088815689
270000,dense_rhs/candidate_3_return,220.500244140625
270000,dense_rhs/candidate_3_return_term,0.34020155668258667
270000,dense_rhs/candidate_3_roughness_term,0.8120843172073364
270000,dense_rhs/candidate_3_return_std_term,0.0
270000,dense_rhs/candidate_3_learner_proxy_term,0.7314550876617432
270000,dense_rhs/deployment_utility_enabled,1.0
270000,dense_rhs/deployment_utility_observations,4.0
270000,dense_rhs/deployment_utility_last_observed_gain,15.75
270000,dense_rhs/candidate_3_expected_eval_gain,0.0
270000,dense_rhs/candidate_3_eval_gain_uncertainty,150.0
270000,dense_rhs/candidate_3_deployment_utility_score,37.5
270000,dense_rhs/candidate_4_expected_eval_gain,30.887496948242188
270000,dense_rhs/candidate_4_eval_gain_uncertainty,15.693658089199785
270000,dense_rhs/candidate_4_deployment_utility_score,34.81648791787117
270000,dense_rhs/candidate_5_expected_eval_gain,0.0
270000,dense_rhs/candidate_5_eval_gain_uncertainty,150.0
270000,dense_rhs/candidate_5_deployment_utility_score,47.5
270000,dense_rhs/deployment_utility_override,0.0
270000,dense_rhs/deployment_utility_selected_expected_gain,0.0
270000,dense_rhs/deployment_utility_selected_uncertainty,150.0
270000,dense_rhs/deployment_utility_selected_score,47.5
270000,dense_rhs/deployment_utility_proposed_horizon,5.0
270000,dense_rhs/deployment_utility_proposed_expected_gain,0.0
270000,dense_rhs/deployment_utility_proposed_uncertainty,150.0
270000,dense_rhs/deployment_utility_proposed_score,47.5
270000,dense_rhs/previous_horizon,4.0
270000,dense_rhs/training_bucket_horizon,5.0
270000,dense_rhs/best_h,5.0
270000,dense_rhs/prob_best_h,0.00390625
270000,dense_rhs/gauss_mean_best_h,0.34812289476394653
270000,dense_rhs/gauss_post_std_best_h,0.11317585408687592
270000,system/heartbeat,1.0
271992,episode/return,980.0
271992,episode/length,500.0
271993,episode/return,872.0
271993,episode/length,500.0
271994,episode/return,941.0
271994,episode/length,500.0
271995,episode/return,853.0
271995,episode/length,500.0
271996,episode/return,0.0
271996,episode/length,500.0
271997,episode/return,876.0
271997,episode/length,500.0
271998,episode/return,930.0
271998,episode/length,500.0
271999,episode/return,868.0
271999,episode/length,500.0
275992,episode/return,923.0
275992,episode/length,500.0
275993,episode/return,930.0
275993,episode/length,500.0
275994,episode/return,960.0
275994,episode/length,500.0
275995,episode/return,928.0
275995,episode/length,500.0
275996,episode/return,776.0
275996,episode/length,500.0
275997,episode/return,923.0
275997,episode/length,500.0
275998,episode/return,0.0
275998,episode/length,500.0
275999,episode/return,906.0
275999,episode/length,500.0
279992,episode/return,916.0
279992,episode/length,500.0
279993,episode/return,897.0
279993,episode/length,500.0
279994,episode/return,953.0
279994,episode/length,500.0
279995,episode/return,918.0
279995,episode/length,500.0
279996,episode/return,817.0
279996,episode/length,500.0
279997,episode/return,48.0
279997,episode/length,500.0
279998,episode/return,940.0
279998,episode/length,500.0
279999,episode/return,947.0
279999,episode/length,500.0
280000,train/consistency_loss_mean,0.0036864839673042297
280000,train/consistency_loss_std,0.00016481430032237322
280000,train/continue_loss_mean,0.0
280000,train/continue_loss_std,0.0
280000,train/grad_norm_mean,0.4719565641641617
280000,train/grad_norm_std,0.054451813422597556
280000,train/policy_log_std_mean,-0.8048415637334188
280000,train/policy_log_std_std,0.5292284088709317
280000,train/policy_loss_mean,-0.5977790264129639
280000,train/policy_loss_std,0.011392493507982843
280000,train/reward_loss_mean,0.20492679026126862
280000,train/reward_loss_std,0.00808929033188223
280000,train/total_loss_mean,0.1172163467347622
280000,train/total_loss_std,0.0035164379667114894
280000,train/value_loss_mean,0.22993986852169038
280000,train/value_loss_std,0.003494729868482587
280000,train/value_scale_mean,95.04646618041993
280000,train/value_scale_std,1.184126545936351
280000,timing/collect_chunk_s,184.45584607636556
280000,timing/train_chunk_s,226.92963383207098
280000,dense_rhs/training_bucket_horizon,5.0
280000,system/heartbeat,1.0
283992,episode/return,965.0
283992,episode/length,500.0
283993,episode/return,933.0
283993,episode/length,500.0
283994,episode/return,965.0
283994,episode/length,500.0
283995,episode/return,988.0
283995,episode/length,500.0
283996,episode/return,724.0
283996,episode/length,500.0
283997,episode/return,899.0
283997,episode/length,500.0
283998,episode/return,929.0
283998,episode/length,500.0
283999,episode/return,912.0
283999,episode/length,500.0
287992,episode/return,790.0
287992,episode/length,500.0
287993,episode/return,922.0
287993,episode/length,500.0
287994,episode/return,986.0
287994,episode/length,500.0
287995,episode/return,907.0
287995,episode/length,500.0
287996,episode/return,943.0
287996,episode/length,500.0
287997,episode/return,877.0
287997,episode/length,500.0
287998,episode/return,966.0
287998,episode/length,500.0
287999,episode/return,632.0
287999,episode/length,500.0
290000,train/consistency_loss_mean,0.003766695831157267
290000,train/consistency_loss_std,0.00016532480899116673
290000,train/continue_loss_mean,0.0
290000,train/continue_loss_std,0.0
290000,train/grad_norm_mean,0.4719581449270248
290000,train/grad_norm_std,0.054425999311973915
290000,train/policy_log_std_mean,-0.7950563851992289
290000,train/policy_log_std_std,0.5293832794117935
290000,train/policy_loss_mean,-0.5948754378795624
290000,train/policy_loss_std,0.009572731034406723
290000,train/reward_loss_mean,0.206038665163517
290000,train/reward_loss_std,0.008107441477055126
290000,train/total_loss_mean,0.11904906876683236
290000,train/total_loss_std,0.003540824446156265
290000,train/value_loss_mean,0.23111284860372544
290000,train/value_loss_std,0.003526323482153321
290000,train/value_scale_mean,95.60154991455079
290000,train/value_scale_std,0.8064912612074143
290000,timing/collect_chunk_s,134.25892519811168
290000,timing/train_chunk_s,28.933379480615258
290000,dense_rhs/training_bucket_horizon,5.0
290000,system/heartbeat,1.0
291992,episode/return,925.0
291992,episode/length,500.0
291993,episode/return,0.0
291993,episode/length,500.0
291994,episode/return,894.0
291994,episode/length,500.0
291995,episode/return,947.0
291995,episode/length,500.0
291996,episode/return,938.0
291996,episode/length,500.0
291997,episode/return,0.0
291997,episode/length,500.0
291998,episode/return,967.0
291998,episode/length,500.0
291999,episode/return,0.0
291999,episode/length,500.0
295992,episode/return,940.0
295992,episode/length,500.0
295993,episode/return,945.0
295993,episode/length,500.0
295994,episode/return,964.0
295994,episode/length,500.0
295995,episode/return,855.0
295995,episode/length,500.0
295996,episode/return,931.0
295996,episode/length,500.0
295997,episode/return,0.0
295997,episode/length,500.0
295998,episode/return,920.0
295998,episode/length,500.0
295999,episode/return,912.0
295999,episode/length,500.0
299992,episode/return,987.0
299992,episode/length,500.0
299993,episode/return,949.0
299993,episode/length,500.0
299994,episode/return,938.0
299994,episode/length,500.0
299995,episode/return,867.0
299995,episode/length,500.0
299996,episode/return,921.0
299996,episode/length,500.0
299997,episode/return,939.0
299997,episode/length,500.0
299998,episode/return,810.0
299998,episode/length,500.0
299999,episode/return,952.0
299999,episode/length,500.0
300000,train/consistency_loss_mean,0.0038229828948155046
300000,train/consistency_loss_std,0.00016757081672718016
300000,train/continue_loss_mean,0.0
300000,train/continue_loss_std,0.0
300000,train/grad_norm_mean,0.47407224349975585
300000,train/grad_norm_std,0.05434694232264303
300000,train/policy_log_std_mean,-0.7757603471755982
300000,train/policy_log_std_std,0.532605557850928
300000,train/policy_loss_mean,-0.5761281979560852
300000,train/policy_loss_std,0.009922237616758275
300000,train/reward_loss_mean,0.20619333354234695
300000,train/reward_loss_std,0.007946316817405479
300000,train/total_loss_mean,0.12024440096020698
300000,train/total_loss_std,0.003569438578595315
300000,train/value_loss_mean,0.231654072701931
300000,train/value_loss_std,0.003632180901683374
300000,train/value_scale_mean,98.42671171875
300000,train/value_scale_std,0.9116815248927632
300000,timing/collect_chunk_s,139.23609568504617
300000,timing/train_chunk_s,28.978056115098298
300000,dense_rhs/training_bucket_horizon,5.0
300000,system/heartbeat,1.0
300000,timing/checkpoint_blocking_s,0.4284260389395058
300000,eval/return_mean,816.2999877929688
300000,eval/return_std,280.129638671875
300000,eval/return_max,984.0
300000,eval/return_min,0.0
300000,dense_rhs/deployment_utility_last_observed_gain,9.3499755859375
300000,dense_rhs/deployment_utility_observations,5.0
300000,timing/eval_s,44.80227405205369
300000,eval/selected_horizon,5.0
300000,eval/training_bucket_horizon,5.0
300000,system/heartbeat,1.0
303992,episode/return,948.0
303992,episode/length,500.0
303993,episode/return,0.0
303993,episode/length,500.0
303994,episode/return,887.0
303994,episode/length,500.0
303995,episode/return,463.0
303995,episode/length,500.0
303996,episode/return,918.0
303996,episode/length,500.0
303997,episode/return,0.0
303997,episode/length,500.0
303998,episode/return,963.0
303998,episode/length,500.0
303999,episode/return,943.0
303999,episode/length,500.0
307992,episode/return,899.0
307992,episode/length,500.0
307993,episode/return,909.0
307993,episode/length,500.0
307994,episode/return,933.0
307994,episode/length,500.0
307995,episode/return,776.0
307995,episode/length,500.0
307996,episode/return,932.0
307996,episode/length,500.0
307997,episode/return,934.0
307997,episode/length,500.0
307998,episode/return,883.0
307998,episode/length,500.0
307999,episode/return,910.0
307999,episode/length,500.0
310000,train/consistency_loss_mean,0.0038747201105579733
310000,train/consistency_loss_std,0.00017024043771226302
310000,train/continue_loss_mean,0.0
310000,train/continue_loss_std,0.0
310000,train/grad_norm_mean,0.47590529088974
310000,train/grad_norm_std,0.055804133727891676
310000,train/policy_log_std_mean,-0.7587513016382853
310000,train/policy_log_std_std,0.5285483434741833
310000,train/policy_loss_mean,-0.5674139818668366
310000,train/policy_loss_std,0.00857621923020729
310000,train/reward_loss_mean,0.206770365858078
310000,train/reward_loss_std,0.008056752947195097
310000,train/total_loss_mean,0.1213221752345562
310000,train/total_loss_std,0.003632271423198783
310000,train/value_loss_mean,0.23150735038518905
310000,train/value_loss_std,0.0036241400829837493
310000,train/value_scale_mean,99.70500883789063
310000,train/value_scale_std,0.43635311664006315
310000,timing/collect_chunk_s,133.74203468533233
310000,timing/train_chunk_s,28.977346475236118
310000,dense_rhs/training_bucket_horizon,5.0
310000,system/heartbeat,1.0
311992,episode/return,983.0
311992,episode/length,500.0
311993,episode/return,904.0
311993,episode/length,500.0
311994,episode/return,658.0
311994,episode/length,500.0
311995,episode/return,923.0
311995,episode/length,500.0
311996,episode/return,0.0
311996,episode/length,500.0
311997,episode/return,927.0
311997,episode/length,500.0
311998,episode/return,0.0
311998,episode/length,500.0
311999,episode/return,936.0
311999,episode/length,500.0
315992,episode/return,994.0
315992,episode/length,500.0
315993,episode/return,906.0
315993,episode/length,500.0
315994,episode/return,872.0
315994,episode/length,500.0
315995,episode/return,934.0
315995,episode/length,500.0
315996,episode/return,0.0
315996,episode/length,500.0
315997,episode/return,932.0
315997,episode/length,500.0
315998,episode/return,907.0
315998,episode/length,500.0
315999,episode/return,659.0
315999,episode/length,500.0
319992,episode/return,943.0
319992,episode/length,500.0
319993,episode/return,919.0
319993,episode/length,500.0
319994,episode/return,668.0
319994,episode/length,500.0
319995,episode/return,650.0
319995,episode/length,500.0
319996,episode/return,0.0
319996,episode/length,500.0
319997,episode/return,991.0
319997,episode/length,500.0
319998,episode/return,0.0
319998,episode/length,500.0
319999,episode/return,878.0
319999,episode/length,500.0
320000,train/consistency_loss_mean,0.00393991295862943
320000,train/consistency_loss_std,0.00017166046131419785
320000,train/continue_loss_mean,0.0
320000,train/continue_loss_std,0.0
320000,train/grad_norm_mean,0.4775543575286865
320000,train/grad_norm_std,0.05570945328625141
320000,train/policy_log_std_mean,-0.7549121662775675
320000,train/policy_log_std_std,0.5283373379404508
320000,train/policy_loss_mean,-0.5635300375938416
320000,train/policy_loss_std,0.008523548717240382
320000,train/reward_loss_mean,0.20679336273670196
320000,train/reward_loss_std,0.00801265781484052
320000,train/total_loss_mean,0.12263231065869332
320000,train/total_loss_std,0.0036377333564924113
320000,train/value_loss_mean,0.23154713805913926
320000,train/value_loss_std,0.00370936892542501
320000,train/value_scale_mean,100.28567526245118
320000,train/value_scale_std,0.3794687459943861
320000,timing/collect_chunk_s,133.27969169057906
320000,timing/train_chunk_s,28.943721377756447
320000,dense_rhs/training_bucket_horizon,5.0
320000,system/heartbeat,1.0
320000,dense_rhs/selected_horizon,6.0
320000,dense_rhs/proposed_horizon,6.0
320000,dense_rhs/phase_id,0.0
320000,dense_rhs/num_active_horizons,7.0
320000,dense_rhs/num_candidate_horizons,3.0
320000,dense_rhs/entropy,1.437200665473938
320000,dense_rhs/norm_entropy,0.7385749816894531
320000,dense_rhs/best_fitness,0.8196943402290344
320000,dense_rhs/deployment_score_best,0.44009891152381897
320000,dense_rhs/incumbent_deployment_score,3.6542404657780025e-09
320000,dense_rhs/proposed_deployment_score,0.44009891152381897
320000,dense_rhs/proposed_transition_cost,0.0498589426279068
320000,dense_rhs/proposed_switch_probability,0.6509048342704773
320000,dense_rhs/proposed_expected_net_benefit,0.39023998379707336
320000,dense_rhs/transition_cost_best,0.0498589426279068
320000,dense_rhs/transition_adjusted_score_best,0.390239953994751
320000,dense_rhs/switch_probability_best,0.6509048342704773
320000,dense_rhs/expected_improvement_best,0.6264207363128662
320000,dense_rhs/expected_loss_best,0.23618075251579285
320000,dense_rhs/expected_net_benefit_best,0.39023998379707336
320000,dense_rhs/return_term_best,1.0
320000,dense_rhs/roughness_term_best,0.6661120653152466
320000,dense_rhs/return_std_term_best,0.6777341961860657
320000,dense_rhs/learner_proxy_term_best,0.9748630523681641
320000,dense_rhs/model_prefix_loss_best,1.7430119514465332
320000,dense_rhs/model_probe_prefix_best,1.3686466217041016
320000,dense_rhs/planner_return_best,193.6705322265625
320000,dense_rhs/roughness_best,0.658634603023529
320000,dense_rhs/robust_return_best,386.208984375
320000,timing/query_model_diag_s,13.790740109980106
320000,timing/query_env_eval_s,33.93177368817851
320000,timing/query_finalize_s,0.005889010149985552
320000,timing/query_total_s,47.73467966169119
320000,dense_rhs/candidate_5_fitness,0.03162277489900589
320000,dense_rhs/candidate_5_deployment_score,3.6542404657780025e-09
320000,dense_rhs/candidate_5_transition_cost,0.0
320000,dense_rhs/candidate_5_transition_adjusted_score,3.6542404657780025e-09
320000,dense_rhs/candidate_5_switch_probability,0.5
320000,dense_rhs/candidate_5_expected_net_benefit,0.0
320000,dense_rhs/candidate_5_return,241.70126342773438
320000,dense_rhs/candidate_5_return_term,0.25203490257263184
320000,dense_rhs/candidate_5_roughness_term,0.9056373834609985
320000,dense_rhs/candidate_5_return_std_term,0.0
320000,dense_rhs/candidate_5_learner_proxy_term,1.0
320000,dense_rhs/candidate_6_fitness,0.8196943402290344
320000,dense_rhs/candidate_6_deployment_score,0.44009891152381897
320000,dense_rhs/candidate_6_transition_cost,0.0498589426279068
320000,dense_rhs/candidate_6_transition_adjusted_score,0.390239953994751
320000,dense_rhs/candidate_6_switch_probability,0.6509048342704773
320000,dense_rhs/candidate_6_expected_net_benefit,0.39023998379707336
320000,dense_rhs/candidate_6_return,386.208984375
320000,dense_rhs/candidate_6_return_term,1.0
320000,dense_rhs/candidate_6_roughness_term,0.6661120653152466
320000,dense_rhs/candidate_6_return_std_term,0.6777341961860657
320000,dense_rhs/candidate_6_learner_proxy_term,0.9748630523681641
320000,dense_rhs/candidate_4_fitness,0.5565168857574463
320000,dense_rhs/candidate_4_deployment_score,0.010148847475647926
320000,dense_rhs/candidate_4_transition_cost,0.05233005806803703
320000,dense_rhs/candidate_4_transition_adjusted_score,-0.04218120872974396
320000,dense_rhs/candidate_4_switch_probability,0.39301109313964844
320000,dense_rhs/candidate_4_expected_net_benefit,-0.042181216180324554
320000,dense_rhs/candidate_4_return,288.034912109375
320000,dense_rhs/candidate_4_return_term,0.491855651140213
320000,dense_rhs/candidate_4_roughness_term,0.9258167147636414
320000,dense_rhs/candidate_4_return_std_term,0.21064257621765137
320000,dense_rhs/candidate_4_learner_proxy_term,0.889190673828125
320000,dense_rhs/deployment_utility_enabled,1.0
320000,dense_rhs/deployment_utility_observations,5.0
320000,dense_rhs/deployment_utility_last_observed_gain,9.3499755859375
320000,dense_rhs/candidate_4_expected_eval_gain,30.887496948242188
320000,dense_rhs/candidate_4_eval_gain_uncertainty,15.693658089199785
320000,dense_rhs/candidate_4_deployment_utility_score,35.04151517438988
320000,dense_rhs/candidate_5_expected_eval_gain,9.3499755859375
320000,dense_rhs/candidate_5_eval_gain_uncertainty,106.06601717798212
320000,dense_rhs/candidate_5_deployment_utility_score,35.86647988043303
320000,dense_rhs/candidate_6_expected_eval_gain,0.0
320000,dense_rhs/candidate_6_eval_gain_uncertainty,150.0
320000,dense_rhs/candidate_6_deployment_utility_score,47.5
320000,dense_rhs/deployment_utility_override,0.0
320000,dense_rhs/deployment_utility_selected_expected_gain,0.0
320000,dense_rhs/deployment_utility_selected_uncertainty,150.0
320000,dense_rhs/deployment_utility_selected_score,47.5
320000,dense_rhs/deployment_utility_proposed_horizon,6.0
320000,dense_rhs/deployment_utility_proposed_expected_gain,0.0
320000,dense_rhs/deployment_utility_proposed_uncertainty,150.0
320000,dense_rhs/deployment_utility_proposed_score,47.5
320000,dense_rhs/previous_horizon,5.0
320000,dense_rhs/training_bucket_horizon,6.0
320000,dense_rhs/best_h,6.0
320000,dense_rhs/prob_best_h,0.416015625
320000,dense_rhs/gauss_mean_best_h,0.8196943402290344
320000,dense_rhs/gauss_post_std_best_h,1.0
320000,system/heartbeat,1.0
323992,episode/return,914.0
323992,episode/length,500.0
323993,episode/return,971.0
323993,episode/length,500.0
323994,episode/return,910.0
323994,episode/length,500.0
323995,episode/return,902.0
323995,episode/length,500.0
323996,episode/return,577.0
323996,episode/length,500.0
323997,episode/return,946.0
323997,episode/length,500.0
323998,episode/return,946.0
323998,episode/length,500.0
323999,episode/return,907.0
323999,episode/length,500.0
327992,episode/return,895.0
327992,episode/length,500.0
327993,episode/return,924.0
327993,episode/length,500.0
327994,episode/return,692.0
327994,episode/length,500.0
327995,episode/return,889.0
327995,episode/length,500.0
327996,episode/return,912.0
327996,episode/length,500.0
327997,episode/return,918.0
327997,episode/length,500.0
327998,episode/return,0.0
327998,episode/length,500.0
327999,episode/return,804.0
327999,episode/length,500.0
330000,train/consistency_loss_mean,0.003377892651036382
330000,train/consistency_loss_std,0.00014415070203389112
330000,train/continue_loss_mean,0.0
330000,train/continue_loss_std,0.0
330000,train/grad_norm_mean,0.4034609669685364
330000,train/grad_norm_std,0.04687902349485534
330000,train/policy_log_std_mean,-0.7697635786328997
330000,train/policy_log_std_std,0.5211720882504232
330000,train/policy_loss_mean,-0.470186937713623
330000,train/policy_loss_std,0.008248378985617243
330000,train/reward_loss_mean,0.17591405918598174
330000,train/reward_loss_std,0.006873451841666739
330000,train/total_loss_mean,0.10482552610039711
330000,train/total_loss_std,0.003058931927761953
330000,train/value_loss_mean,0.19676265667676926
330000,train/value_loss_std,0.003158622427308227
330000,train/value_scale_mean,103.60511088256835
330000,train/value_scale_std,0.9759965795110023
330000,timing/collect_chunk_s,186.37938993191347
330000,timing/train_chunk_s,232.10819540219381
330000,dense_rhs/training_bucket_horizon,6.0
330000,system/heartbeat,1.0
331992,episode/return,920.0
331992,episode/length,500.0
331993,episode/return,730.0
331993,episode/length,500.0
331994,episode/return,0.0
331994,episode/length,500.0
331995,episode/return,899.0
331995,episode/length,500.0
331996,episode/return,745.0
331996,episode/length,500.0
331997,episode/return,921.0
331997,episode/length,500.0
331998,episode/return,882.0
331998,episode/length,500.0
331999,episode/return,0.0
331999,episode/length,500.0
335992,episode/return,0.0
335992,episode/length,500.0
335993,episode/return,886.0
335993,episode/length,500.0
335994,episode/return,0.0
335994,episode/length,500.0
335995,episode/return,0.0
335995,episode/length,500.0
335996,episode/return,921.0
335996,episode/length,500.0
335997,episode/return,855.0
335997,episode/length,500.0
335998,episode/return,901.0
335998,episode/length,500.0
335999,episode/return,927.0
335999,episode/length,500.0
339992,episode/return,0.0
339992,episode/length,500.0
339993,episode/return,914.0
339993,episode/length,500.0
339994,episode/return,900.0
339994,episode/length,500.0
339995,episode/return,887.0
339995,episode/length,500.0
339996,episode/return,0.0
339996,episode/length,500.0
339997,episode/return,989.0
339997,episode/length,500.0
339998,episode/return,918.0
339998,episode/length,500.0
339999,episode/return,920.0
339999,episode/length,500.0
340000,train/consistency_loss_mean,0.0034446742832660677
340000,train/consistency_loss_std,0.0001496215724698731
340000,train/continue_loss_mean,0.0
340000,train/continue_loss_std,0.0
340000,train/grad_norm_mean,0.40444580302238464
340000,train/grad_norm_std,0.04768977870326218
340000,train/policy_log_std_mean,-0.7518283139910017
340000,train/policy_log_std_std,0.526893466901838
340000,train/policy_loss_mean,-0.45245523445606234
340000,train/policy_loss_std,0.012555793854064214
340000,train/reward_loss_mean,0.17561908699274062
340000,train/reward_loss_std,0.006865234258474344
340000,train/total_loss_mean,0.10606146698594093
340000,train/total_loss_std,0.003166482425606715
340000,train/value_loss_mean,0.19606071280241014
340000,train/value_loss_std,0.0035322918902453626
340000,train/value_scale_mean,107.31886024780273
340000,train/value_scale_std,2.2914847370396614
340000,timing/collect_chunk_s,135.6744156545028
340000,timing/train_chunk_s,33.333995453547686
340000,dense_rhs/training_bucket_horizon,6.0
340000,system/heartbeat,1.0
343992,episode/return,987.0
343992,episode/length,500.0
343993,episode/return,890.0
343993,episode/length,500.0
343994,episode/return,972.0
343994,episode/length,500.0
343995,episode/return,677.0
343995,episode/length,500.0
343996,episode/return,925.0
343996,episode/length,500.0
343997,episode/return,0.0
343997,episode/length,500.0
343998,episode/return,967.0
343998,episode/length,500.0
343999,episode/return,938.0
343999,episode/length,500.0
347992,episode/return,0.0
347992,episode/length,500.0
347993,episode/return,769.0
347993,episode/length,500.0
347994,episode/return,913.0
347994,episode/length,500.0
347995,episode/return,792.0
347995,episode/length,500.0
347996,episode/return,914.0
347996,episode/length,500.0
347997,episode/return,711.0
347997,episode/length,500.0
347998,episode/return,980.0
347998,episode/length,500.0
347999,episode/return,813.0
347999,episode/length,500.0
350000,train/consistency_loss_mean,0.0034997051304206253
350000,train/consistency_loss_std,0.00014874873040272653
350000,train/continue_loss_mean,0.0
350000,train/continue_loss_std,0.0
350000,train/grad_norm_mean,0.405781862616539
350000,train/grad_norm_std,0.046545385604090196
350000,train/policy_log_std_mean,-0.7507309155600411
350000,train/policy_log_std_std,0.5246110944056743
350000,train/policy_loss_mean,-0.43755496759414675
350000,train/policy_loss_std,0.00833361751484122
350000,train/reward_loss_mean,0.17566491844654084
350000,train/reward_loss_std,0.006918657253741122
350000,train/total_loss_mean,0.10703905125260353
350000,train/total_loss_std,0.0031545859524096907
350000,train/value_loss_mean,0.19478454674482346
350000,train/value_loss_std,0.0034229230614252525
350000,train/value_scale_mean,110.45318564453125
350000,train/value_scale_std,1.2335747873428258
350000,timing/collect_chunk_s,135.32611145591363
350000,timing/train_chunk_s,33.35685794381425
350000,dense_rhs/training_bucket_horizon,6.0
350000,system/heartbeat,1.0
350000,timing/checkpoint_blocking_s,0.4330932879820466
350000,eval/return_mean,762.8499755859375
350000,eval/return_std,327.1332092285156
350000,eval/return_max,977.0
350000,eval/return_min,0.0
350000,dense_rhs/deployment_utility_last_observed_gain,-53.45001220703125
350000,dense_rhs/deployment_utility_observations,6.0
350000,timing/eval_s,45.785375241190195
350000,eval/selected_horizon,6.0
350000,eval/training_bucket_horizon,6.0
350000,system/heartbeat,1.0
351992,episode/return,0.0
351992,episode/length,500.0
351993,episode/return,839.0
351993,episode/length,500.0
351994,episode/return,860.0
351994,episode/length,500.0
351995,episode/return,0.0
351995,episode/length,500.0
351996,episode/return,860.0
351996,episode/length,500.0
351997,episode/return,0.0
351997,episode/length,500.0
351998,episode/return,708.0
351998,episode/length,500.0
351999,episode/return,852.0
351999,episode/length,500.0
355992,episode/return,0.0
355992,episode/length,500.0
355993,episode/return,947.0
355993,episode/length,500.0
355994,episode/return,932.0
355994,episode/length,500.0
355995,episode/return,905.0
355995,episode/length,500.0
355996,episode/return,929.0
355996,episode/length,500.0
355997,episode/return,890.0
355997,episode/length,500.0
355998,episode/return,265.0
355998,episode/length,500.0
355999,episode/return,988.0
355999,episode/length,500.0
359992,episode/return,874.0
359992,episode/length,500.0
359993,episode/return,969.0
359993,episode/length,500.0
359994,episode/return,962.0
359994,episode/length,500.0
359995,episode/return,745.0
359995,episode/length,500.0
359996,episode/return,892.0
359996,episode/length,500.0
359997,episode/return,829.0
359997,episode/length,500.0
359998,episode/return,126.0
359998,episode/length,500.0
359999,episode/return,166.0
359999,episode/length,500.0
360000,train/consistency_loss_mean,0.003556084232777357
360000,train/consistency_loss_std,0.00015020871499819055
360000,train/continue_loss_mean,0.0
360000,train/continue_loss_std,0.0
360000,train/grad_norm_mean,0.4067778458595276
360000,train/grad_norm_std,0.04656492534893086
360000,train/policy_log_std_mean,-0.7556621035984584
360000,train/policy_log_std_std,0.5195055055136617
360000,train/policy_loss_mean,-0.4287518239021301
360000,train/policy_loss_std,0.007642154736230199
360000,train/reward_loss_mean,0.17537163144350051
360000,train/reward_loss_std,0.006907908938929482
360000,train/total_loss_mean,0.10814142340421677
360000,train/total_loss_std,0.003175230013235333
360000,train/value_loss_mean,0.1948257462501526
360000,train/value_loss_std,0.0034880883176696222
360000,train/value_scale_mean,112.20403293457031
360000,train/value_scale_std,0.8638957541926239
360000,timing/collect_chunk_s,142.56445600884035
360000,timing/train_chunk_s,33.32784457271919
360000,dense_rhs/training_bucket_horizon,6.0
360000,system/heartbeat,1.0
363992,episode/return,960.0
363992,episode/length,500.0
363993,episode/return,917.0
363993,episode/length,500.0
363994,episode/return,939.0
363994,episode/length,500.0
363995,episode/return,939.0
363995,episode/length,500.0
363996,episode/return,912.0
363996,episode/length,500.0
363997,episode/return,972.0
363997,episode/length,500.0
363998,episode/return,810.0
363998,episode/length,500.0
363999,episode/return,959.0
363999,episode/length,500.0
367992,episode/return,931.0
367992,episode/length,500.0
367993,episode/return,515.0
367993,episode/length,500.0
367994,episode/return,754.0
367994,episode/length,500.0
367995,episode/return,785.0
367995,episode/length,500.0
367996,episode/return,938.0
367996,episode/length,500.0
367997,episode/return,845.0
367997,episode/length,500.0
367998,episode/return,921.0
367998,episode/length,500.0
367999,episode/return,0.0
367999,episode/length,500.0
370000,train/consistency_loss_mean,0.0035910298185423016
370000,train/consistency_loss_std,0.00015027797202244356
370000,train/continue_loss_mean,0.0
370000,train/continue_loss_std,0.0
370000,train/grad_norm_mean,0.40804228422641753
370000,train/grad_norm_std,0.04828376461843328
370000,train/policy_log_std_mean,-0.7587089510236468
370000,train/policy_log_std_std,0.5292061957460628
370000,train/policy_loss_mean,-0.4322466943264008
370000,train/policy_loss_std,0.007030767511838107
370000,train/reward_loss_mean,0.1755090602874756
370000,train/reward_loss_std,0.006842646210978551
370000,train/total_loss_mean,0.10877903068065643
370000,train/total_loss_std,0.003174941849277955
370000,train/value_loss_mean,0.19407525730133057
370000,train/value_loss_std,0.0034878207692363777
370000,train/value_scale_mean,111.34558955688476
370000,train/value_scale_std,0.3840729240733538
370000,timing/collect_chunk_s,136.0811255769804
370000,timing/train_chunk_s,33.29071368696168
370000,dense_rhs/training_bucket_horizon,6.0
370000,system/heartbeat,1.0
370000,dense_rhs/selected_horizon,7.0
370000,dense_rhs/proposed_horizon,6.0
370000,dense_rhs/phase_id,0.0
370000,dense_rhs/num_active_horizons,7.0
370000,dense_rhs/num_candidate_horizons,3.0
370000,dense_rhs/entropy,1.3733537197113037
370000,dense_rhs/norm_entropy,0.7057641744613647
370000,dense_rhs/best_fitness,0.5029720067977905
370000,dense_rhs/deployment_score_best,0.03324852138757706
370000,dense_rhs/incumbent_deployment_score,0.29944419860839844
370000,dense_rhs/proposed_deployment_score,0.29944419860839844
370000,dense_rhs/proposed_transition_cost,0.0
370000,dense_rhs/proposed_switch_probability,0.5
370000,dense_rhs/proposed_expected_net_benefit,0.0
370000,dense_rhs/transition_cost_best,0.0
370000,dense_rhs/transition_adjusted_score_best,0.29944419860839844
370000,dense_rhs/switch_probability_best,0.5
370000,dense_rhs/expected_improvement_best,0.564189612865448
370000,dense_rhs/expected_loss_best,0.564189612865448
370000,dense_rhs/expected_net_benefit_best,0.0
370000,dense_rhs/return_term_best,0.8038985729217529
370000,dense_rhs/roughness_term_best,0.2379993200302124
370000,dense_rhs/return_std_term_best,0.33449649810791016
370000,dense_rhs/learner_proxy_term_best,1.0
370000,dense_rhs/model_prefix_loss_best,1.9400521516799927
370000,dense_rhs/model_probe_prefix_best,1.5818067789077759
370000,dense_rhs/planner_return_best,192.98728942871094
370000,dense_rhs/roughness_best,0.9195051193237305
370000,dense_rhs/robust_return_best,283.68414306640625
370000,timing/query_model_diag_s,13.813519659917802
370000,timing/query_env_eval_s,34.0057297158055
370000,timing/query_finalize_s,0.0035857376642525196
370000,timing/query_total_s,47.82827353011817
370000,dense_rhs/candidate_6_fitness,0.7572844624519348
370000,dense_rhs/candidate_6_deployment_score,0.29944419860839844
370000,dense_rhs/candidate_6_transition_cost,0.0
370000,dense_rhs/candidate_6_transition_adjusted_score,0.29944419860839844
370000,dense_rhs/candidate_6_switch_probability,0.5
370000,dense_rhs/candidate_6_expected_net_benefit,0.0
370000,dense_rhs/candidate_6_return,315.2491760253906
370000,dense_rhs/candidate_6_return_term,0.9999999403953552
370000,dense_rhs/candidate_6_roughness_term,0.6717137098312378
370000,dense_rhs/candidate_6_return_std_term,0.4896104335784912
370000,dense_rhs/candidate_6_learner_proxy_term,0.9105024933815002
370000,dense_rhs/candidate_7_fitness,0.5029720067977905
370000,dense_rhs/candidate_7_deployment_score,0.03324852138757706
370000,dense_rhs/candidate_7_transition_cost,0.061494745314121246
370000,dense_rhs/candidate_7_transition_adjusted_score,-0.02824622392654419
370000,dense_rhs/candidate_7_switch_probability,0.40838080644607544
370000,dense_rhs/candidate_7_expected_net_benefit,-0.3276904225349426
370000,dense_rhs/candidate_7_return,283.68414306640625
370000,dense_rhs/candidate_7_return_term,0.8038985729217529
370000,dense_rhs/candidate_7_roughness_term,0.2379993200302124
370000,dense_rhs/candidate_7_return_std_term,0.33449649810791016
370000,dense_rhs/candidate_7_learner_proxy_term,1.0
370000,dense_rhs/candidate_5_fitness,0.03162277489900589
370000,dense_rhs/candidate_5_deployment_score,6.434297315525331e-31
370000,dense_rhs/candidate_5_transition_cost,0.06771481782197952
370000,dense_rhs/candidate_5_transition_adjusted_score,-0.06771481782197952
370000,dense_rhs/candidate_5_switch_probability,0.357524573802948
370000,dense_rhs/candidate_5_expected_net_benefit,-0.36715900897979736
370000,dense_rhs/candidate_5_return,154.286376953125
370000,dense_rhs/candidate_5_return_term,0.0
370000,dense_rhs/candidate_5_roughness_term,0.7973275184631348
370000,dense_rhs/candidate_5_return_std_term,0.0
370000,dense_rhs/candidate_5_learner_proxy_term,0.8069829344749451
370000,dense_rhs/deployment_utility_enabled,1.0
370000,dense_rhs/deployment_utility_observations,6.0
370000,dense_rhs/deployment_utility_last_observed_gain,-53.45001220703125
370000,dense_rhs/candidate_5_expected_eval_gain,9.3499755859375
370000,dense_rhs/candidate_5_eval_gain_uncertainty,106.06601717798212
370000,dense_rhs/candidate_5_deployment_utility_score,35.86647988043303
370000,dense_rhs/candidate_6_expected_eval_gain,-53.45001220703125
370000,dense_rhs/candidate_6_eval_gain_uncertainty,106.06601717798212
370000,dense_rhs/candidate_6_deployment_utility_score,-16.93350791253572
370000,dense_rhs/candidate_7_expected_eval_gain,0.0
370000,dense_rhs/candidate_7_eval_gain_uncertainty,150.0
370000,dense_rhs/candidate_7_deployment_utility_score,38.61034114342814
370000,dense_rhs/deployment_utility_override,1.0
370000,dense_rhs/deployment_utility_selected_expected_gain,0.0
370000,dense_rhs/deployment_utility_selected_uncertainty,150.0
370000,dense_rhs/deployment_utility_selected_score,38.61034114342814
370000,dense_rhs/deployment_utility_proposed_horizon,7.0
370000,dense_rhs/deployment_utility_proposed_expected_gain,0.0
370000,dense_rhs/deployment_utility_proposed_uncertainty,150.0
370000,dense_rhs/deployment_utility_proposed_score,38.61034114342814
370000,dense_rhs/previous_horizon,6.0
370000,dense_rhs/training_bucket_horizon,7.0
370000,dense_rhs/best_h,7.0
370000,dense_rhs/prob_best_h,0.302734375
370000,dense_rhs/gauss_mean_best_h,0.5029720067977905
370000,dense_rhs/gauss_post_std_best_h,1.0
370000,system/heartbeat,1.0
371992,episode/return,0.0
371992,episode/length,500.0
371993,episode/return,893.0
371993,episode/length,500.0
371994,episode/return,844.0
371994,episode/length,500.0
371995,episode/return,927.0
371995,episode/length,500.0
371996,episode/return,913.0
371996,episode/length,500.0
371997,episode/return,883.0
371997,episode/length,500.0
371998,episode/return,946.0
371998,episode/length,500.0
371999,episode/return,829.0
371999,episode/length,500.0
375992,episode/return,848.0
375992,episode/length,500.0
375993,episode/return,462.0
375993,episode/length,500.0
375994,episode/return,904.0
375994,episode/length,500.0
375995,episode/return,901.0
375995,episode/length,500.0
375996,episode/return,936.0
375996,episode/length,500.0
375997,episode/return,971.0
375997,episode/length,500.0
375998,episode/return,828.0
375998,episode/length,500.0
375999,episode/return,842.0
375999,episode/length,500.0
379992,episode/return,953.0
379992,episode/length,500.0
379993,episode/return,951.0
379993,episode/length,500.0
379994,episode/return,920.0
379994,episode/length,500.0
379995,episode/return,910.0
379995,episode/length,500.0
379996,episode/return,906.0
379996,episode/length,500.0
379997,episode/return,892.0
379997,episode/length,500.0
379998,episode/return,779.0
379998,episode/length,500.0
379999,episode/return,946.0
379999,episode/length,500.0
380000,train/consistency_loss_mean,0.0031431121293455364
380000,train/consistency_loss_std,0.00013329697799419545
380000,train/continue_loss_mean,0.0
380000,train/continue_loss_std,0.0
380000,train/grad_norm_mean,0.3512028220653534
380000,train/grad_norm_std,0.04248582780660128
380000,train/policy_log_std_mean,-0.7584133870601654
380000,train/policy_log_std_std,0.5215263936915767
380000,train/policy_loss_mean,-0.3938985456943512
380000,train/policy_loss_std,0.008595776152319545
380000,train/reward_loss_mean,0.15254808076620102
380000,train/reward_loss_std,0.006067839277497954
380000,train/total_loss_mean,0.09486556789278984
380000,train/total_loss_std,0.002833579854622443
380000,train/value_loss_mean,0.16748515998125077
380000,train/value_loss_std,0.0028790897142003057
380000,train/value_scale_mean,107.8998676208496
380000,train/value_scale_std,1.5087565441056259
380000,timing/collect_chunk_s,182.35404156707227
380000,timing/train_chunk_s,221.57400156650692
380000,dense_rhs/training_bucket_horizon,7.0
380000,system/heartbeat,1.0
383992,episode/return,881.0
383992,episode/length,500.0
383993,episode/return,782.0
383993,episode/length,500.0
383994,episode/return,923.0
383994,episode/length,500.0
383995,episode/return,953.0
383995,episode/length,500.0
383996,episode/return,917.0
383996,episode/length,500.0
383997,episode/return,0.0
383997,episode/length,500.0
383998,episode/return,966.0
383998,episode/length,500.0
383999,episode/return,925.0
383999,episode/length,500.0
387992,episode/return,871.0
387992,episode/length,500.0
387993,episode/return,945.0
387993,episode/length,500.0
387994,episode/return,868.0
387994,episode/length,500.0
387995,episode/return,960.0
387995,episode/length,500.0
387996,episode/return,873.0
387996,episode/length,500.0
387997,episode/return,953.0
387997,episode/length,500.0
387998,episode/return,0.0
387998,episode/length,500.0
387999,episode/return,920.0
387999,episode/length,500.0
390000,train/consistency_loss_mean,0.0031941348537802695
390000,train/consistency_loss_std,0.00013312481111326464
390000,train/continue_loss_mean,0.0
390000,train/continue_loss_std,0.0
390000,train/grad_norm_mean,0.3506566508054733
390000,train/grad_norm_std,0.04154235132583057
390000,train/policy_log_std_mean,-0.7605808371067048
390000,train/policy_log_std_std,0.526976809481888
390000,train/policy_loss_mean,-0.4014317274570465
390000,train/policy_loss_std,0.006205833269733866
390000,train/reward_loss_mean,0.15320279138088227
390000,train/reward_loss_std,0.005973188234093541
390000,train/total_loss_mean,0.09601524089574814
390000,train/total_loss_std,0.0028210038297396883
390000,train/value_loss_mean,0.16812263391017915
390000,train/value_loss_std,0.002775744116466943
390000,train/value_scale_mean,106.18556198730468
390000,train/value_scale_std,0.38838363318439284
390000,timing/collect_chunk_s,144.67693881178275
390000,timing/train_chunk_s,37.93448120635003
390000,dense_rhs/training_bucket_horizon,7.0
390000,system/heartbeat,1.0
391992,episode/return,945.0
391992,episode/length,500.0
391993,episode/return,865.0
391993,episode/length,500.0
391994,episode/return,883.0
391994,episode/length,500.0
391995,episode/return,812.0
391995,episode/length,500.0
391996,episode/return,883.0
391996,episode/length,500.0
391997,episode/return,933.0
391997,episode/length,500.0
391998,episode/return,631.0
391998,episode/length,500.0
391999,episode/return,826.0
391999,episode/length,500.0
395992,episode/return,928.0
395992,episode/length,500.0
395993,episode/return,920.0
395993,episode/length,500.0
395994,episode/return,956.0
395994,episode/length,500.0
395995,episode/return,902.0
395995,episode/length,500.0
395996,episode/return,913.0
395996,episode/length,500.0
395997,episode/return,966.0
395997,episode/length,500.0
395998,episode/return,930.0
395998,episode/length,500.0
395999,episode/return,885.0
395999,episode/length,500.0
399992,episode/return,844.0
399992,episode/length,500.0
399993,episode/return,756.0
399993,episode/length,500.0
399994,episode/return,909.0
399994,episode/length,500.0
399995,episode/return,889.0
399995,episode/length,500.0
399996,episode/return,585.0
399996,episode/length,500.0
399997,episode/return,926.0
399997,episode/length,500.0
399998,episode/return,929.0
399998,episode/length,500.0
399999,episode/return,973.0
399999,episode/length,500.0
400000,train/consistency_loss_mean,0.003237196160852909
400000,train/consistency_loss_std,0.00013459406117817584
400000,train/continue_loss_mean,0.0
400000,train/continue_loss_std,0.0
400000,train/grad_norm_mean,0.35102755613327025
400000,train/grad_norm_std,0.04111136742274671
400000,train/policy_log_std_mean,-0.7630439228057861
400000,train/policy_log_std_std,0.5239078484766971
400000,train/policy_loss_mean,-0.40430598165988924
400000,train/policy_loss_std,0.006281376745864911
400000,train/reward_loss_mean,0.15394732793569565
400000,train/reward_loss_std,0.006080996680751062
400000,train/total_loss_mean,0.0969535710811615
400000,train/total_loss_std,0.0028596624770454914
400000,train/value_loss_mean,0.16814913609027862
400000,train/value_loss_std,0.0028643635547209905
400000,train/value_scale_mean,105.63099009399414
400000,train/value_scale_std,0.40306216178269544
400000,timing/collect_chunk_s,139.02182796038687
400000,timing/train_chunk_s,37.92176556587219
400000,dense_rhs/training_bucket_horizon,7.0
400000,system/heartbeat,1.0
400000,timing/checkpoint_blocking_s,0.43861759128049016
400000,eval/return_mean,880.5499877929688
400000,eval/return_std,74.39185333251953
400000,eval/return_max,972.0
400000,eval/return_min,656.0
400000,dense_rhs/deployment_utility_last_observed_gain,117.70001220703125
400000,dense_rhs/deployment_utility_observations,7.0
400000,timing/eval_s,47.743733366020024
400000,eval/selected_horizon,7.0
400000,eval/training_bucket_horizon,7.0
400000,system/heartbeat,1.0
403992,episode/return,939.0
403992,episode/length,500.0
403993,episode/return,915.0
403993,episode/length,500.0
403994,episode/return,957.0
403994,episode/length,500.0
403995,episode/return,553.0
403995,episode/length,500.0
403996,episode/return,888.0
403996,episode/length,500.0
403997,episode/return,897.0
403997,episode/length,500.0
403998,episode/return,978.0
403998,episode/length,500.0
403999,episode/return,815.0
403999,episode/length,500.0
407992,episode/return,960.0
407992,episode/length,500.0
407993,episode/return,0.0
407993,episode/length,500.0
407994,episode/return,950.0
407994,episode/length,500.0
407995,episode/return,0.0
407995,episode/length,500.0
407996,episode/return,772.0
407996,episode/length,500.0
407997,episode/return,826.0
407997,episode/length,500.0
407998,episode/return,943.0
407998,episode/length,500.0
407999,episode/return,915.0
407999,episode/length,500.0
410000,train/consistency_loss_mean,0.003272071921825409
410000,train/consistency_loss_std,0.00013541538370020827
410000,train/continue_loss_mean,0.0
410000,train/continue_loss_std,0.0
410000,train/grad_norm_mean,0.3509448149204254
410000,train/grad_norm_std,0.0453334494831381
410000,train/policy_log_std_mean,-0.748923161315918
410000,train/policy_log_std_std,0.525683138749882
410000,train/policy_loss_mean,-0.3983185494422913
410000,train/policy_loss_std,0.00640635950983375
410000,train/reward_loss_mean,0.15444046437740325
410000,train/reward_loss_std,0.005848410774023728
410000,train/total_loss_mean,0.09767152147889137
410000,train/total_loss_std,0.0028815699095512954
410000,train/value_loss_mean,0.16786035407781602
410000,train/value_loss_std,0.002905518814994682
410000,train/value_scale_mean,107.15873989868165
410000,train/value_scale_std,0.6362604727585288
410000,timing/collect_chunk_s,139.11955377599224
410000,timing/train_chunk_s,37.97429824760184
410000,dense_rhs/training_bucket_horizon,7.0
410000,system/heartbeat,1.0
411992,episode/return,891.0
411992,episode/length,500.0
411993,episode/return,792.0
411993,episode/length,500.0
411994,episode/return,941.0
411994,episode/length,500.0
411995,episode/return,946.0
411995,episode/length,500.0
411996,episode/return,0.0
411996,episode/length,500.0
411997,episode/return,949.0
411997,episode/length,500.0
411998,episode/return,915.0
411998,episode/length,500.0
411999,episode/return,960.0
411999,episode/length,500.0
415992,episode/return,842.0
415992,episode/length,500.0
415993,episode/return,906.0
415993,episode/length,500.0
415994,episode/return,941.0
415994,episode/length,500.0
415995,episode/return,861.0
415995,episode/length,500.0
415996,episode/return,939.0
415996,episode/length,500.0
415997,episode/return,968.0
415997,episode/length,500.0
415998,episode/return,935.0
415998,episode/length,500.0
415999,episode/return,911.0
415999,episode/length,500.0
419992,episode/return,986.0
419992,episode/length,500.0
419993,episode/return,960.0
419993,episode/length,500.0
419994,episode/return,928.0
419994,episode/length,500.0
419995,episode/return,916.0
419995,episode/length,500.0
419996,episode/return,895.0
419996,episode/length,500.0
419997,episode/return,919.0
419997,episode/length,500.0
419998,episode/return,934.0
419998,episode/length,500.0
419999,episode/return,866.0
419999,episode/length,500.0
420000,train/consistency_loss_mean,0.0032925506638363
420000,train/consistency_loss_std,0.00013456399410618702
420000,train/continue_loss_mean,0.0
420000,train/continue_loss_std,0.0
420000,train/grad_norm_mean,0.3516502397060394
420000,train/grad_norm_std,0.042026294825424484
420000,train/policy_log_std_mean,-0.754011874294281
420000,train/policy_log_std_std,0.5281967594465409
420000,train/policy_loss_mean,-0.40432026262283327
420000,train/policy_loss_std,0.00621591071115758
420000,train/reward_loss_mean,0.15490579231977464
420000,train/reward_loss_std,0.005983009634548897
420000,train/total_loss_mean,0.09813776878714561
420000,train/total_loss_std,0.002870101287324428
420000,train/value_loss_mean,0.16796174578666687
420000,train/value_loss_std,0.0029120818627566387
420000,train/value_scale_mean,105.67855238037109
420000,train/value_scale_std,0.3374253275392849
420000,timing/collect_chunk_s,146.79803493944928
420000,timing/train_chunk_s,38.00226564379409
420000,dense_rhs/training_bucket_horizon,7.0
420000,system/heartbeat,1.0
420000,dense_rhs/selected_horizon,7.0
420000,dense_rhs/proposed_horizon,7.0
420000,dense_rhs/phase_id,0.0
420000,dense_rhs/num_active_horizons,7.0
420000,dense_rhs/num_candidate_horizons,3.0
420000,dense_rhs/entropy,1.3404405117034912
420000,dense_rhs/norm_entropy,0.6888501048088074
420000,dense_rhs/best_fitness,0.03162277489900589
420000,dense_rhs/deployment_score_best,7.5065194772007595e-28
420000,dense_rhs/incumbent_deployment_score,7.5065194772007595e-28
420000,dense_rhs/proposed_deployment_score,7.5065194772007595e-28
420000,dense_rhs/proposed_transition_cost,0.0
420000,dense_rhs/proposed_switch_probability,0.5
420000,dense_rhs/proposed_expected_net_benefit,0.0
420000,dense_rhs/transition_cost_best,0.0
420000,dense_rhs/transition_adjusted_score_best,7.5065194772007595e-28
420000,dense_rhs/switch_probability_best,0.5
420000,dense_rhs/expected_improvement_best,0.564189612865448
420000,dense_rhs/expected_loss_best,0.564189612865448
420000,dense_rhs/expected_net_benefit_best,0.0
420000,dense_rhs/return_term_best,0.0
420000,dense_rhs/roughness_term_best,0.5011879205703735
420000,dense_rhs/return_std_term_best,0.0015438199043273926
420000,dense_rhs/learner_proxy_term_best,0.9701555371284485
420000,dense_rhs/model_prefix_loss_best,2.2381515502929688
420000,dense_rhs/model_probe_prefix_best,1.8081271648406982
420000,dense_rhs/planner_return_best,193.4593505859375
420000,dense_rhs/roughness_best,0.4091985523700714
420000,dense_rhs/robust_return_best,179.28709411621094
420000,timing/query_model_diag_s,13.909661557991058
420000,timing/query_env_eval_s,33.93859106907621
420000,timing/query_finalize_s,0.8434746437706053
420000,timing/query_total_s,48.69692469900474
420000,dense_rhs/candidate_7_fitness,0.03162277489900589
420000,dense_rhs/candidate_7_deployment_score,7.5065194772007595e-28
420000,dense_rhs/candidate_7_transition_cost,0.0
420000,dense_rhs/candidate_7_transition_adjusted_score,7.5065194772007595e-28
420000,dense_rhs/candidate_7_switch_probability,0.5
420000,dense_rhs/candidate_7_expected_net_benefit,0.0
420000,dense_rhs/candidate_7_return,179.28709411621094
420000,dense_rhs/candidate_7_return_term,0.0
420000,dense_rhs/candidate_7_roughness_term,0.5011879205703735
420000,dense_rhs/candidate_7_return_std_term,0.0015438199043273926
420000,dense_rhs/candidate_7_learner_proxy_term,0.9701555371284485
420000,dense_rhs/candidate_6_fitness,0.03162277489900589
420000,dense_rhs/candidate_6_deployment_score,4.750910392360436e-15
420000,dense_rhs/candidate_6_transition_cost,0.04935923591256142
420000,dense_rhs/candidate_6_transition_adjusted_score,-0.04935923591256142
420000,dense_rhs/candidate_6_switch_probability,0.4803410470485687
420000,dense_rhs/candidate_6_expected_net_benefit,-0.04935923218727112
420000,dense_rhs/candidate_6_return,179.77005004882812
420000,dense_rhs/candidate_6_return_term,0.008977226912975311
420000,dense_rhs/candidate_6_roughness_term,0.8434488773345947
420000,dense_rhs/candidate_6_return_std_term,0.0
420000,dense_rhs/candidate_6_learner_proxy_term,0.8672599196434021
420000,dense_rhs/candidate_8_fitness,0.03162277489900589
420000,dense_rhs/candidate_8_deployment_score,1.1166000035700563e-07
420000,dense_rhs/candidate_8_transition_cost,0.07786209881305695
420000,dense_rhs/candidate_8_transition_adjusted_score,-0.07786198705434799
420000,dense_rhs/candidate_8_switch_probability,0.47804662585258484
420000,dense_rhs/candidate_8_expected_net_benefit,-0.0778619647026062
420000,dense_rhs/candidate_8_return,233.08499145507812
420000,dense_rhs/candidate_8_return_term,1.0
420000,dense_rhs/candidate_8_roughness_term,0.0
420000,dense_rhs/candidate_8_return_std_term,0.11166000366210938
420000,dense_rhs/candidate_8_learner_proxy_term,1.0
420000,dense_rhs/deployment_utility_enabled,1.0
420000,dense_rhs/deployment_utility_observations,7.0
420000,dense_rhs/deployment_utility_last_observed_gain,117.70001220703125
420000,dense_rhs/candidate_6_expected_eval_gain,-53.45001220703125
420000,dense_rhs/candidate_6_eval_gain_uncertainty,106.06601717798212
420000,dense_rhs/candidate_6_deployment_utility_score,-26.933507487055657
420000,dense_rhs/candidate_7_expected_eval_gain,117.70001220703125
420000,dense_rhs/candidate_7_eval_gain_uncertainty,106.06601717798212
420000,dense_rhs/candidate_7_deployment_utility_score,144.21651650152677
420000,dense_rhs/candidate_8_expected_eval_gain,0.0
420000,dense_rhs/candidate_8_eval_gain_uncertainty,150.0
420000,dense_rhs/candidate_8_deployment_utility_score,47.5
420000,dense_rhs/deployment_utility_override,0.0
420000,dense_rhs/deployment_utility_selected_expected_gain,117.70001220703125
420000,dense_rhs/deployment_utility_selected_uncertainty,106.06601717798212
420000,dense_rhs/deployment_utility_selected_score,144.21651650152677
420000,dense_rhs/deployment_utility_proposed_horizon,7.0
420000,dense_rhs/deployment_utility_proposed_expected_gain,117.70001220703125
420000,dense_rhs/deployment_utility_proposed_uncertainty,106.06601717798212
420000,dense_rhs/deployment_utility_proposed_score,144.21651650152677
420000,dense_rhs/previous_horizon,7.0
420000,dense_rhs/training_bucket_horizon,7.0
420000,dense_rhs/best_h,7.0
420000,dense_rhs/prob_best_h,0.009765625
420000,dense_rhs/gauss_mean_best_h,0.2672973871231079
420000,dense_rhs/gauss_post_std_best_h,0.16664710640907288
420000,system/heartbeat,1.0
423992,episode/return,907.0
423992,episode/length,500.0
423993,episode/return,892.0
423993,episode/length,500.0
423994,episode/return,869.0
423994,episode/length,500.0
423995,episode/return,945.0
423995,episode/length,500.0
423996,episode/return,946.0
423996,episode/length,500.0
423997,episode/return,922.0
423997,episode/length,500.0
423998,episode/return,968.0
423998,episode/length,500.0
423999,episode/return,834.0
423999,episode/length,500.0
427992,episode/return,986.0
427992,episode/length,500.0
427993,episode/return,0.0
427993,episode/length,500.0
427994,episode/return,875.0
427994,episode/length,500.0
427995,episode/return,906.0
427995,episode/length,500.0
427996,episode/return,907.0
427996,episode/length,500.0
427997,episode/return,0.0
427997,episode/length,500.0
427998,episode/return,0.0
427998,episode/length,500.0
427999,episode/return,0.0
427999,episode/length,500.0
430000,train/consistency_loss_mean,0.0033303676668554544
430000,train/consistency_loss_std,0.00013626996543866486
430000,train/continue_loss_mean,0.0
430000,train/continue_loss_std,0.0
430000,train/grad_norm_mean,0.35059108955860135
430000,train/grad_norm_std,0.0415384781197658
430000,train/policy_log_std_mean,-0.7339662256717682
430000,train/policy_log_std_std,0.5294347183470448
430000,train/policy_loss_mean,-0.40526610467433927
430000,train/policy_loss_std,0.006504789370828558
430000,train/reward_loss_mean,0.1552940094232559
430000,train/reward_loss_std,0.0059264314559857225
430000,train/total_loss_mean,0.09895302773118018
430000,train/total_loss_std,0.0029038271500476955
430000,train/value_loss_mean,0.16816272176504135
430000,train/value_loss_std,0.0028406146488890904
430000,train/value_scale_mean,105.65891647338867
430000,train/value_scale_std,0.6356561428759776
430000,timing/collect_chunk_s,138.3900438491255
430000,timing/train_chunk_s,38.02058375207707
430000,dense_rhs/training_bucket_horizon,7.0
430000,system/heartbeat,1.0
431992,episode/return,953.0
431992,episode/length,500.0
431993,episode/return,980.0
431993,episode/length,500.0
431994,episode/return,790.0
431994,episode/length,500.0
431995,episode/return,897.0
431995,episode/length,500.0
431996,episode/return,0.0
431996,episode/length,500.0
431997,episode/return,952.0
431997,episode/length,500.0
431998,episode/return,930.0
431998,episode/length,500.0
431999,episode/return,933.0
431999,episode/length,500.0
435992,episode/return,917.0
435992,episode/length,500.0
435993,episode/return,880.0
435993,episode/length,500.0
435994,episode/return,952.0
435994,episode/length,500.0
435995,episode/return,0.0
435995,episode/length,500.0
435996,episode/return,0.0
435996,episode/length,500.0
435997,episode/return,946.0
435997,episode/length,500.0
435998,episode/return,936.0
435998,episode/length,500.0
435999,episode/return,891.0
435999,episode/length,500.0
439992,episode/return,987.0
439992,episode/length,500.0
439993,episode/return,955.0
439993,episode/length,500.0
439994,episode/return,945.0
439994,episode/length,500.0
439995,episode/return,900.0
439995,episode/length,500.0
439996,episode/return,965.0
439996,episode/length,500.0
439997,episode/return,956.0
439997,episode/length,500.0
439998,episode/return,833.0
439998,episode/length,500.0
439999,episode/return,874.0
439999,episode/length,500.0
440000,train/consistency_loss_mean,0.003350119972229004
440000,train/consistency_loss_std,0.0001379276988085946
440000,train/continue_loss_mean,0.0
440000,train/continue_loss_std,0.0
440000,train/grad_norm_mean,0.3497426526546478
440000,train/grad_norm_std,0.04185052062556441
440000,train/policy_log_std_mean,-0.7380975213050842
440000,train/policy_log_std_std,0.5267971494342102
440000,train/policy_loss_mean,-0.39513020923137665
440000,train/policy_loss_std,0.006234121731617185
440000,train/reward_loss_mean,0.15498355786800386
440000,train/reward_loss_std,0.005874382668309633
440000,train/total_loss_mean,0.09929810556769371
440000,train/total_loss_std,0.002933468424396423
440000,train/value_loss_mean,0.16797348645925522
440000,train/value_loss_std,0.0027694618265538956
440000,train/value_scale_mean,108.2220767150879
440000,train/value_scale_std,0.5291256690343594
440000,timing/collect_chunk_s,138.91499529592693
440000,timing/train_chunk_s,38.01194929284975
440000,dense_rhs/training_bucket_horizon,7.0
440000,system/heartbeat,1.0
443992,episode/return,939.0
443992,episode/length,500.0
443993,episode/return,880.0
443993,episode/length,500.0
443994,episode/return,913.0
443994,episode/length,500.0
443995,episode/return,718.0
443995,episode/length,500.0
443996,episode/return,785.0
443996,episode/length,500.0
443997,episode/return,921.0
443997,episode/length,500.0
443998,episode/return,928.0
443998,episode/length,500.0
443999,episode/return,904.0
443999,episode/length,500.0
447992,episode/return,848.0
447992,episode/length,500.0
447993,episode/return,858.0
447993,episode/length,500.0
447994,episode/return,881.0
447994,episode/length,500.0
447995,episode/return,930.0
447995,episode/length,500.0
447996,episode/return,884.0
447996,episode/length,500.0
447997,episode/return,917.0
447997,episode/length,500.0
447998,episode/return,870.0
447998,episode/length,500.0
447999,episode/return,901.0
447999,episode/length,500.0
450000,train/consistency_loss_mean,0.003370279792137444
450000,train/consistency_loss_std,0.00013725602305568013
450000,train/continue_loss_mean,0.0
450000,train/continue_loss_std,0.0
450000,train/grad_norm_mean,0.3507456017255783
450000,train/grad_norm_std,0.04428769969451583
450000,train/policy_log_std_mean,-0.7356615077495575
450000,train/policy_log_std_std,0.5269329586351459
450000,train/policy_loss_mean,-0.3983590379714966
450000,train/policy_loss_std,0.006206377212677262
450000,train/reward_loss_mean,0.15572127571105956
450000,train/reward_loss_std,0.005925743182239175
450000,train/total_loss_mean,0.09988745144605636
450000,train/total_loss_std,0.0029149215908230567
450000,train/value_loss_mean,0.16909727809429168
450000,train/value_loss_std,0.0027916398835601867
450000,train/value_scale_mean,107.51522438964844
450000,train/value_scale_std,0.40121425827777063
450000,timing/collect_chunk_s,140.6321271630004
450000,timing/train_chunk_s,38.014577431604266
450000,dense_rhs/training_bucket_horizon,7.0
450000,system/heartbeat,1.0
450000,timing/checkpoint_blocking_s,0.4346013921312988
450000,eval/return_mean,864.9500122070312
450000,eval/return_std,209.6490936279297
450000,eval/return_max,974.0
450000,eval/return_min,1.0
450000,dense_rhs/deployment_utility_last_observed_gain,-15.5999755859375
450000,dense_rhs/deployment_utility_observations,8.0
450000,timing/eval_s,31.632551356684417
450000,eval/selected_horizon,7.0
450000,eval/training_bucket_horizon,7.0
450000,system/heartbeat,1.0
451992,episode/return,900.0
451992,episode/length,500.0
451993,episode/return,933.0
451993,episode/length,500.0
451994,episode/return,920.0
451994,episode/length,500.0
451995,episode/return,0.0
451995,episode/length,500.0
451996,episode/return,821.0
451996,episode/length,500.0
451997,episode/return,384.0
451997,episode/length,500.0
451998,episode/return,920.0
451998,episode/length,500.0
451999,episode/return,872.0
451999,episode/length,500.0
455992,episode/return,894.0
455992,episode/length,500.0
455993,episode/return,0.0
455993,episode/length,500.0
455994,episode/return,925.0
455994,episode/length,500.0
455995,episode/return,940.0
455995,episode/length,500.0
455996,episode/return,949.0
455996,episode/length,500.0
455997,episode/return,900.0
455997,episode/length,500.0
455998,episode/return,660.0
455998,episode/length,500.0
455999,episode/return,975.0
455999,episode/length,500.0
459992,episode/return,923.0
459992,episode/length,500.0
459993,episode/return,968.0
459993,episode/length,500.0
459994,episode/return,942.0
459994,episode/length,500.0
459995,episode/return,944.0
459995,episode/length,500.0
459996,episode/return,854.0
459996,episode/length,500.0
459997,episode/return,880.0
459997,episode/length,500.0
459998,episode/return,929.0
459998,episode/length,500.0
459999,episode/return,784.0
459999,episode/length,500.0
460000,train/consistency_loss_mean,0.0033777111576870082
460000,train/consistency_loss_std,0.00013502666766860972
460000,train/continue_loss_mean,0.0
460000,train/continue_loss_std,0.0
460000,train/grad_norm_mean,0.3505936742544174
460000,train/grad_norm_std,0.04246758651611841
460000,train/policy_log_std_mean,-0.7183723521709442
460000,train/policy_log_std_std,0.530901920054794
460000,train/policy_loss_mean,-0.39475149507522583
460000,train/policy_loss_std,0.0067167401527902576
460000,train/reward_loss_mean,0.15601698653697968
460000,train/reward_loss_std,0.005797951526168446
460000,train/total_loss_mean,0.10005815073251724
460000,train/total_loss_std,0.0028630429252229773
460000,train/value_loss_mean,0.16902228072881698
460000,train/value_loss_std,0.0028818661598993462
460000,train/value_scale_mean,108.24241381835938
460000,train/value_scale_std,0.7793927885164543
460000,timing/collect_chunk_s,146.5418543429114
460000,timing/train_chunk_s,37.890988405793905
460000,dense_rhs/training_bucket_horizon,7.0
460000,system/heartbeat,1.0
463992,episode/return,0.0
463992,episode/length,500.0
463993,episode/return,940.0
463993,episode/length,500.0
463994,episode/return,0.0
463994,episode/length,500.0
463995,episode/return,838.0
463995,episode/length,500.0
463996,episode/return,970.0
463996,episode/length,500.0
463997,episode/return,0.0
463997,episode/length,500.0
463998,episode/return,0.0
463998,episode/length,500.0
463999,episode/return,957.0
463999,episode/length,500.0
467992,episode/return,940.0
467992,episode/length,500.0
467993,episode/return,962.0
467993,episode/length,500.0
467994,episode/return,871.0
467994,episode/length,500.0
467995,episode/return,963.0
467995,episode/length,500.0
467996,episode/return,927.0
467996,episode/length,500.0
467997,episode/return,915.0
467997,episode/length,500.0
467998,episode/return,857.0
467998,episode/length,500.0
467999,episode/return,938.0
467999,episode/length,500.0
470000,train/consistency_loss_mean,0.003391118372045457
470000,train/consistency_loss_std,0.0001369806465467361
470000,train/continue_loss_mean,0.0
470000,train/continue_loss_std,0.0
470000,train/grad_norm_mean,0.3500704546928406
470000,train/grad_norm_std,0.04399537438507445
470000,train/policy_log_std_mean,-0.6779783989906311
470000,train/policy_log_std_std,0.5204827821098298
470000,train/policy_loss_mean,-0.35115622596740725
470000,train/policy_loss_std,0.026650461832277816
470000,train/reward_loss_mean,0.1558676759004593
470000,train/reward_loss_std,0.005803329578635493
470000,train/total_loss_mean,0.1004383477807045
470000,train/total_loss_std,0.0029054279289309
470000,train/value_loss_mean,0.17029211196899413
470000,train/value_loss_std,0.003521300766987782
470000,train/value_scale_mean,120.34007672119141
470000,train/value_scale_std,8.067807771493069
470000,timing/collect_chunk_s,138.05320943286642
470000,timing/train_chunk_s,37.95153157925233
470000,dense_rhs/training_bucket_horizon,7.0
470000,system/heartbeat,1.0
470000,dense_rhs/selected_horizon,7.0
470000,dense_rhs/proposed_horizon,7.0
470000,dense_rhs/phase_id,0.0
470000,dense_rhs/num_active_horizons,7.0
470000,dense_rhs/num_candidate_horizons,3.0
470000,dense_rhs/entropy,1.059938669204712
470000,dense_rhs/norm_entropy,0.5447006821632385
470000,dense_rhs/best_fitness,0.03162277489900589
470000,dense_rhs/deployment_score_best,2.0894459495934825e-09
470000,dense_rhs/incumbent_deployment_score,2.0894459495934825e-09
470000,dense_rhs/proposed_deployment_score,2.0894459495934825e-09
470000,dense_rhs/proposed_transition_cost,0.0
470000,dense_rhs/proposed_switch_probability,0.5
470000,dense_rhs/proposed_expected_net_benefit,0.0
470000,dense_rhs/transition_cost_best,0.0
470000,dense_rhs/transition_adjusted_score_best,2.0894459495934825e-09
470000,dense_rhs/switch_probability_best,0.5
470000,dense_rhs/expected_improvement_best,0.09402056783437729
470000,dense_rhs/expected_loss_best,0.09402056783437729
470000,dense_rhs/expected_net_benefit_best,0.0
470000,dense_rhs/return_term_best,0.2998409867286682
470000,dense_rhs/roughness_term_best,0.2668818235397339
470000,dense_rhs/return_std_term_best,0.0
470000,dense_rhs/learner_proxy_term_best,0.9686080813407898
470000,dense_rhs/model_prefix_loss_best,2.3082785606384277
470000,dense_rhs/model_probe_prefix_best,1.8790255784988403
470000,dense_rhs/planner_return_best,192.77557373046875
470000,dense_rhs/roughness_best,2.4690961837768555
470000,dense_rhs/robust_return_best,238.10317993164062
470000,timing/query_model_diag_s,14.035732286982238
470000,timing/query_env_eval_s,16.8106060042046
470000,timing/query_finalize_s,0.0035976781509816647
470000,timing/query_total_s,30.85487280972302
470000,dense_rhs/candidate_7_fitness,0.03162277489900589
470000,dense_rhs/candidate_7_deployment_score,2.0894459495934825e-09
470000,dense_rhs/candidate_7_transition_cost,0.0
470000,dense_rhs/candidate_7_transition_adjusted_score,2.0894459495934825e-09
470000,dense_rhs/candidate_7_switch_probability,0.5
470000,dense_rhs/candidate_7_expected_net_benefit,0.0
470000,dense_rhs/candidate_7_return,238.10317993164062
470000,dense_rhs/candidate_7_return_term,0.2998409867286682
470000,dense_rhs/candidate_7_roughness_term,0.2668818235397339
470000,dense_rhs/candidate_7_return_std_term,0.0
470000,dense_rhs/candidate_7_learner_proxy_term,0.9686080813407898
470000,dense_rhs/candidate_8_fitness,0.03162277489900589
470000,dense_rhs/candidate_8_deployment_score,4.4976459889767284e-07
470000,dense_rhs/candidate_8_transition_cost,0.0681513175368309
470000,dense_rhs/candidate_8_transition_adjusted_score,-0.06815087050199509
470000,dense_rhs/candidate_8_switch_probability,0.4732017517089844
470000,dense_rhs/candidate_8_expected_net_benefit,-0.06815087795257568
470000,dense_rhs/candidate_8_return,344.8309631347656
470000,dense_rhs/candidate_8_return_term,1.0
470000,dense_rhs/candidate_8_roughness_term,0.0
470000,dense_rhs/candidate_8_return_std_term,0.449764609336853
470000,dense_rhs/candidate_8_learner_proxy_term,1.0
470000,dense_rhs/candidate_6_fitness,0.5640816688537598
470000,dense_rhs/candidate_6_deployment_score,0.035273969173431396
470000,dense_rhs/candidate_6_transition_cost,0.05427853390574455
470000,dense_rhs/candidate_6_transition_adjusted_score,-0.019004564732313156
470000,dense_rhs/candidate_6_switch_probability,0.4714539051055908
470000,dense_rhs/candidate_6_expected_net_benefit,-0.019004568457603455
470000,dense_rhs/candidate_6_return,304.682861328125
470000,dense_rhs/candidate_6_return_term,0.7366191148757935
470000,dense_rhs/candidate_6_roughness_term,0.5819820761680603
470000,dense_rhs/candidate_6_return_std_term,0.23616260290145874
470000,dense_rhs/candidate_6_learner_proxy_term,0.8716892004013062
470000,dense_rhs/deployment_utility_enabled,1.0
470000,dense_rhs/deployment_utility_observations,8.0
470000,dense_rhs/deployment_utility_last_observed_gain,-15.5999755859375
470000,dense_rhs/candidate_6_expected_eval_gain,-53.45001220703125
470000,dense_rhs/candidate_6_eval_gain_uncertainty,106.06601717798212
470000,dense_rhs/candidate_6_deployment_utility_score,-16.93350791253572
470000,dense_rhs/candidate_7_expected_eval_gain,51.050018310546875
470000,dense_rhs/candidate_7_eval_gain_uncertainty,38.48039191762217
470000,dense_rhs/candidate_7_deployment_utility_score,60.67011628995242
470000,dense_rhs/candidate_8_expected_eval_gain,0.0
470000,dense_rhs/candidate_8_eval_gain_uncertainty,150.0
470000,dense_rhs/candidate_8_deployment_utility_score,37.50012691375254
470000,dense_rhs/deployment_utility_override,0.0
470000,dense_rhs/deployment_utility_selected_expected_gain,51.050018310546875
470000,dense_rhs/deployment_utility_selected_uncertainty,38.48039191762217
470000,dense_rhs/deployment_utility_selected_score,60.67011628995242
470000,dense_rhs/deployment_utility_proposed_horizon,7.0
470000,dense_rhs/deployment_utility_proposed_expected_gain,51.050018310546875
470000,dense_rhs/deployment_utility_proposed_uncertainty,38.48039191762217
470000,dense_rhs/deployment_utility_proposed_score,60.67011628995242
470000,dense_rhs/previous_horizon,7.0
470000,dense_rhs/training_bucket_horizon,7.0
470000,dense_rhs/best_h,7.0
470000,dense_rhs/prob_best_h,0.001953125
470000,dense_rhs/gauss_mean_best_h,0.18873918056488037
470000,dense_rhs/gauss_post_std_best_h,0.1282850056886673
470000,system/heartbeat,1.0
471992,episode/return,910.0
471992,episode/length,500.0
471993,episode/return,826.0
471993,episode/length,500.0
471994,episode/return,812.0
471994,episode/length,500.0
471995,episode/return,744.0
471995,episode/length,500.0
471996,episode/return,867.0
471996,episode/length,500.0
471997,episode/return,828.0
471997,episode/length,500.0
471998,episode/return,989.0
471998,episode/length,500.0
471999,episode/return,914.0
471999,episode/length,500.0
475992,episode/return,904.0
475992,episode/length,500.0
475993,episode/return,404.0
475993,episode/length,500.0
475994,episode/return,928.0
475994,episode/length,500.0
475995,episode/return,871.0
475995,episode/length,500.0
475996,episode/return,929.0
475996,episode/length,500.0
475997,episode/return,630.0
475997,episode/length,500.0
475998,episode/return,877.0
475998,episode/length,500.0
475999,episode/return,968.0
475999,episode/length,500.0
479992,episode/return,733.0
479992,episode/length,500.0
479993,episode/return,890.0
479993,episode/length,500.0
479994,episode/return,986.0
479994,episode/length,500.0
479995,episode/return,960.0
479995,episode/length,500.0
479996,episode/return,907.0
479996,episode/length,500.0
479997,episode/return,0.0
479997,episode/length,500.0
479998,episode/return,921.0
479998,episode/length,500.0
479999,episode/return,746.0
479999,episode/length,500.0
480000,train/consistency_loss_mean,0.0034220169777050614
480000,train/consistency_loss_std,0.00014057530420630605
480000,train/continue_loss_mean,0.0
480000,train/continue_loss_std,0.0
480000,train/grad_norm_mean,0.351434458231926
480000,train/grad_norm_std,0.04207911138084636
480000,train/policy_log_std_mean,-0.5990287519454957
480000,train/policy_log_std_std,0.5025848573085178
480000,train/policy_loss_mean,-0.2733991070747375
480000,train/policy_loss_std,0.015093169331692394
480000,train/reward_loss_mean,0.1563255943775177
480000,train/reward_loss_std,0.005919662467047316
480000,train/total_loss_mean,0.10113629931211472
480000,train/total_loss_std,0.002995112314117077
480000,train/value_loss_mean,0.17063399586677552
480000,train/value_loss_std,0.004544798434463443
480000,train/value_scale_mean,149.56010025634765
480000,train/value_scale_std,6.454220063163143
480000,timing/collect_chunk_s,138.45447844732553
480000,timing/train_chunk_s,37.98625239916146
480000,dense_rhs/training_bucket_horizon,7.0
480000,system/heartbeat,1.0
483992,episode/return,846.0
483992,episode/length,500.0
483993,episode/return,0.0
483993,episode/length,500.0
483994,episode/return,854.0
483994,episode/length,500.0
483995,episode/return,927.0
483995,episode/length,500.0
483996,episode/return,908.0
483996,episode/length,500.0
483997,episode/return,843.0
483997,episode/length,500.0
483998,episode/return,838.0
483998,episode/length,500.0
483999,episode/return,885.0
483999,episode/length,500.0
487992,episode/return,923.0
487992,episode/length,500.0
487993,episode/return,894.0
487993,episode/length,500.0
487994,episode/return,0.0
487994,episode/length,500.0
487995,episode/return,986.0
487995,episode/length,500.0
487996,episode/return,962.0
487996,episode/length,500.0
487997,episode/return,895.0
487997,episode/length,500.0
487998,episode/return,911.0
487998,episode/length,500.0
487999,episode/return,962.0
487999,episode/length,500.0
490000,train/consistency_loss_mean,0.003449150349758565
490000,train/consistency_loss_std,0.0001398661485510719
490000,train/continue_loss_mean,0.0
490000,train/continue_loss_std,0.0
490000,train/grad_norm_mean,0.35268551568984985
490000,train/grad_norm_std,0.04293715883181931
490000,train/policy_log_std_mean,-0.5843345949649811
490000,train/policy_log_std_std,0.48489209542515854
490000,train/policy_loss_mean,-0.24688930993080138
490000,train/policy_loss_std,0.006235886466867057
490000,train/reward_loss_mean,0.1565783230304718
490000,train/reward_loss_std,0.005870064752558252
490000,train/total_loss_mean,0.10132624433636665
490000,train/total_loss_std,0.0029824454121898446
490000,train/value_loss_mean,0.16685403941869736
490000,train/value_loss_std,0.005527246269459485
490000,train/value_scale_mean,162.64472873535155
490000,train/value_scale_std,1.7860804444120588
490000,timing/collect_chunk_s,140.3959120605141
490000,timing/train_chunk_s,37.97555141756311
490000,dense_rhs/training_bucket_horizon,7.0
490000,system/heartbeat,1.0
491992,episode/return,875.0
491992,episode/length,500.0
491993,episode/return,760.0
491993,episode/length,500.0
491994,episode/return,0.0
491994,episode/length,500.0
491995,episode/return,884.0
491995,episode/length,500.0
491996,episode/return,874.0
491996,episode/length,500.0
491997,episode/return,960.0
491997,episode/length,500.0
491998,episode/return,939.0
491998,episode/length,500.0
491999,episode/return,988.0
491999,episode/length,500.0
495992,episode/return,954.0
495992,episode/length,500.0
495993,episode/return,927.0
495993,episode/length,500.0
495994,episode/return,949.0
495994,episode/length,500.0
495995,episode/return,896.0
495995,episode/length,500.0
495996,episode/return,956.0
495996,episode/length,500.0
495997,episode/return,0.0
495997,episode/length,500.0
495998,episode/return,859.0
495998,episode/length,500.0
495999,episode/return,947.0
495999,episode/length,500.0
499992,episode/return,906.0
499992,episode/length,500.0
499993,episode/return,957.0
499993,episode/length,500.0
499994,episode/return,762.0
499994,episode/length,500.0
499995,episode/return,855.0
499995,episode/length,500.0
499996,episode/return,893.0
499996,episode/length,500.0
499997,episode/return,992.0
499997,episode/length,500.0
499998,episode/return,949.0
499998,episode/length,500.0
499999,episode/return,907.0
499999,episode/length,500.0
500000,train/consistency_loss_mean,0.003462889290228486
500000,train/consistency_loss_std,0.00014111741256366887
500000,train/continue_loss_mean,0.0
500000,train/continue_loss_std,0.0
500000,train/grad_norm_mean,0.35154349772930144
500000,train/grad_norm_std,0.042992940334434945
500000,train/policy_log_std_mean,-0.6136060927867889
500000,train/policy_log_std_std,0.4693282434006238
500000,train/policy_loss_mean,-0.25295386490821836
500000,train/policy_loss_std,0.007771629456736274
500000,train/reward_loss_mean,0.1567783331990242
500000,train/reward_loss_std,0.005867106552944675
500000,train/total_loss_mean,0.10137584350109101
500000,train/total_loss_std,0.0030038795734216492
500000,train/value_loss_mean,0.1644022303581238
500000,train/value_loss_std,0.004910216701027671
500000,train/value_scale_mean,160.22897810058595
500000,train/value_scale_std,2.8352287658052058
500000,timing/collect_chunk_s,140.235480918549
500000,timing/train_chunk_s,37.99691552342847
500000,dense_rhs/training_bucket_horizon,7.0
500000,system/heartbeat,1.0
500000,timing/checkpoint_blocking_s,0.47617763793095946
500000,eval/return_mean,711.5999755859375
500000,eval/return_std,361.05126953125
500000,eval/return_max,998.0
500000,eval/return_min,0.0
500000,dense_rhs/deployment_utility_last_observed_gain,-153.35003662109375
500000,dense_rhs/deployment_utility_observations,9.0
500000,timing/eval_s,31.47106019128114
500000,eval/selected_horizon,7.0
500000,eval/training_bucket_horizon,7.0
500000,system/heartbeat,1.0
