step,tag,value
0,timing/prewarm_dense_rhs_s,207.33692064508796
0,system/heartbeat,1.0
3992,episode/return,0.0
3992,episode/length,500.0
3993,episode/return,22.0
3993,episode/length,500.0
3994,episode/return,0.0
3994,episode/length,500.0
3995,episode/return,0.0
3995,episode/length,500.0
3996,episode/return,0.0
3996,episode/length,500.0
3997,episode/return,0.0
3997,episode/length,500.0
3998,episode/return,0.0
3998,episode/length,500.0
3999,episode/return,0.0
3999,episode/length,500.0
4000,seed_pretrain/updates_completed,512.0
4000,timing/collect_chunk_s,15.053376828320324
4000,timing/train_chunk_s,244.65957063576207
4000,system/heartbeat,1.0
4000,seed_pretrain/updates_completed,1024.0
4000,timing/collect_chunk_s,15.053376828320324
4000,timing/train_chunk_s,245.80364186922088
4000,system/heartbeat,1.0
4000,seed_pretrain/updates_completed,1536.0
4000,timing/collect_chunk_s,15.053376828320324
4000,timing/train_chunk_s,246.95055652968585
4000,system/heartbeat,1.0
4000,seed_pretrain/updates_completed,2048.0
4000,timing/collect_chunk_s,15.053376828320324
4000,timing/train_chunk_s,248.09684045845643
4000,system/heartbeat,1.0
4000,seed_pretrain/updates_completed,2560.0
4000,timing/collect_chunk_s,15.053376828320324
4000,timing/train_chunk_s,249.2405955470167
4000,system/heartbeat,1.0
4000,seed_pretrain/updates_completed,3072.0
4000,timing/collect_chunk_s,15.053376828320324
4000,timing/train_chunk_s,250.3846756615676
4000,system/heartbeat,1.0
4000,seed_pretrain/updates_completed,3584.0
4000,timing/collect_chunk_s,15.053376828320324
4000,timing/train_chunk_s,251.52863653795794
4000,system/heartbeat,1.0
7992,episode/return,0.0
7992,episode/length,500.0
7993,episode/return,0.0
7993,episode/length,500.0
7994,episode/return,0.0
7994,episode/length,500.0
7995,episode/return,0.0
7995,episode/length,500.0
7996,episode/return,0.0
7996,episode/length,500.0
7997,episode/return,0.0
7997,episode/length,500.0
7998,episode/return,0.0
7998,episode/length,500.0
7999,episode/return,0.0
7999,episode/length,500.0
10000,train/consistency_loss_mean,1.8278332046565994e-05
10000,train/consistency_loss_std,0.00027591779415890697
10000,train/continue_loss_mean,0.0
10000,train/continue_loss_std,0.0
10000,train/grad_norm_mean,0.03828128600567579
10000,train/grad_norm_std,0.06313059957062644
10000,train/policy_log_std_mean,-0.16280469756126403
10000,train/policy_log_std_std,0.4176571955267436
10000,train/policy_loss_mean,-0.014390429712459445
10000,train/policy_loss_std,0.01863920570821812
10000,train/reward_loss_mean,0.005695726006197129
10000,train/reward_loss_std,0.08552448835189697
10000,train/total_loss_mean,0.011476954377442599
10000,train/total_loss_std,0.022000447782053918
10000,train/value_loss_mean,0.10541814913749695
10000,train/value_loss_std,0.08503575590153381
10000,train/value_scale_mean,1.0
10000,train/value_scale_std,0.0
10000,timing/collect_chunk_s,155.0297102117911
10000,timing/train_chunk_s,312.2472387040034
10000,dense_rhs/training_bucket_horizon,3.0
10000,system/heartbeat,1.0
11992,episode/return,0.0
11992,episode/length,500.0
11993,episode/return,0.0
11993,episode/length,500.0
11994,episode/return,0.0
11994,episode/length,500.0
11995,episode/return,0.0
11995,episode/length,500.0
11996,episode/return,0.0
11996,episode/length,500.0
11997,episode/return,0.0
11997,episode/length,500.0
11998,episode/return,0.0
11998,episode/length,500.0
11999,episode/return,0.0
11999,episode/length,500.0
15992,episode/return,915.0
15992,episode/length,500.0
15993,episode/return,299.0
15993,episode/length,500.0
15994,episode/return,860.0
15994,episode/length,500.0
15995,episode/return,33.0
15995,episode/length,500.0
15996,episode/return,706.0
15996,episode/length,500.0
15997,episode/return,535.0
15997,episode/length,500.0
15998,episode/return,534.0
15998,episode/length,500.0
15999,episode/return,543.0
15999,episode/length,500.0
19992,episode/return,508.0
19992,episode/length,500.0
19993,episode/return,469.0
19993,episode/length,500.0
19994,episode/return,428.0
19994,episode/length,500.0
19995,episode/return,922.0
19995,episode/length,500.0
19996,episode/return,861.0
19996,episode/length,500.0
19997,episode/return,889.0
19997,episode/length,500.0
19998,episode/return,885.0
19998,episode/length,500.0
19999,episode/return,505.0
19999,episode/length,500.0
20000,train/consistency_loss_mean,1.9813226838596167e-05
20000,train/consistency_loss_std,1.9126276949841996e-05
20000,train/continue_loss_mean,0.0
20000,train/continue_loss_std,0.0
20000,train/grad_norm_mean,0.2678827802836895
20000,train/grad_norm_std,0.3315698855797631
20000,train/policy_log_std_mean,-0.43366829636096954
20000,train/policy_log_std_std,0.8590202346317038
20000,train/policy_loss_mean,-0.12912289931178092
20000,train/policy_loss_std,0.19070635353019433
20000,train/reward_loss_mean,0.043882940874807534
20000,train/reward_loss_std,0.03486641508713431
20000,train/total_loss_mean,0.014608843150734902
20000,train/total_loss_std,0.008240564485825273
20000,train/value_loss_mean,0.09824284278154373
20000,train/value_loss_std,0.04745351923459076
20000,train/value_scale_mean,67.82940636138916
20000,train/value_scale_std,50.66804731394525
20000,timing/collect_chunk_s,50.162371001672
20000,timing/train_chunk_s,20.720619671046734
20000,dense_rhs/training_bucket_horizon,3.0
20000,system/heartbeat,1.0
23992,episode/return,701.0
23992,episode/length,500.0
23993,episode/return,786.0
23993,episode/length,500.0
23994,episode/return,558.0
23994,episode/length,500.0
23995,episode/return,137.0
23995,episode/length,500.0
23996,episode/return,857.0
23996,episode/length,500.0
23997,episode/return,829.0
23997,episode/length,500.0
23998,episode/return,952.0
23998,episode/length,500.0
23999,episode/return,416.0
23999,episode/length,500.0
27992,episode/return,844.0
27992,episode/length,500.0
27993,episode/return,645.0
27993,episode/length,500.0
27994,episode/return,766.0
27994,episode/length,500.0
27995,episode/return,889.0
27995,episode/length,500.0
27996,episode/return,625.0
27996,episode/length,500.0
27997,episode/return,846.0
27997,episode/length,500.0
27998,episode/return,1000.0
27998,episode/length,500.0
27999,episode/return,940.0
27999,episode/length,500.0
30000,train/consistency_loss_mean,1.649540351536416e-05
30000,train/consistency_loss_std,1.1902907486462814e-05
30000,train/continue_loss_mean,0.0
30000,train/continue_loss_std,0.0
30000,train/grad_norm_mean,0.4066237485766411
30000,train/grad_norm_std,0.3320612616438526
30000,train/policy_log_std_mean,-0.9040117509365082
30000,train/policy_log_std_std,0.5923485432892661
30000,train/policy_loss_mean,-0.23268703680038452
30000,train/policy_loss_std,0.03560046428102451
30000,train/reward_loss_mean,0.1350227414727211
30000,train/reward_loss_std,0.023912878677355965
30000,train/total_loss_mean,0.03964629545509815
30000,train/total_loss_std,0.0036336897410679803
30000,train/value_loss_mean,0.2581411294937134
30000,train/value_loss_std,0.03968629516457065
30000,train/value_scale_mean,153.8786554321289
30000,train/value_scale_std,15.293483372016405
30000,timing/collect_chunk_s,51.24706022720784
30000,timing/train_chunk_s,20.708622903563082
30000,dense_rhs/training_bucket_horizon,3.0
30000,system/heartbeat,1.0
31992,episode/return,875.0
31992,episode/length,500.0
31993,episode/return,940.0
31993,episode/length,500.0
31994,episode/return,939.0
31994,episode/length,500.0
31995,episode/return,567.0
31995,episode/length,500.0
31996,episode/return,893.0
31996,episode/length,500.0
31997,episode/return,451.0
31997,episode/length,500.0
31998,episode/return,835.0
31998,episode/length,500.0
31999,episode/return,799.0
31999,episode/length,500.0
35992,episode/return,802.0
35992,episode/length,500.0
35993,episode/return,686.0
35993,episode/length,500.0
35994,episode/return,810.0
35994,episode/length,500.0
35995,episode/return,623.0
35995,episode/length,500.0
35996,episode/return,571.0
35996,episode/length,500.0
35997,episode/return,535.0
35997,episode/length,500.0
35998,episode/return,737.0
35998,episode/length,500.0
35999,episode/return,606.0
35999,episode/length,500.0
39992,episode/return,1000.0
39992,episode/length,500.0
39993,episode/return,727.0
39993,episode/length,500.0
39994,episode/return,842.0
39994,episode/length,500.0
39995,episode/return,838.0
39995,episode/length,500.0
39996,episode/return,693.0
39996,episode/length,500.0
39997,episode/return,727.0
39997,episode/length,500.0
39998,episode/return,805.0
39998,episode/length,500.0
39999,episode/return,883.0
39999,episode/length,500.0
40000,train/consistency_loss_mean,7.0554430725678685e-06
40000,train/consistency_loss_std,4.35454189116869e-06
40000,train/continue_loss_mean,0.0
40000,train/continue_loss_std,0.0
40000,train/grad_norm_mean,0.3723884388446808
40000,train/grad_norm_std,0.3543276362257498
40000,train/policy_log_std_mean,-0.8646033076286316
40000,train/policy_log_std_std,0.4990695393199112
40000,train/policy_loss_mean,-0.3566217551708221
40000,train/policy_loss_std,0.028812085252902808
40000,train/reward_loss_mean,0.18734131295681
40000,train/reward_loss_std,0.017194476572629565
40000,train/total_loss_mean,0.051356566563248635
40000,train/total_loss_std,0.0037409341625063903
40000,train/value_loss_mean,0.3248132523775101
40000,train/value_loss_std,0.025148214845898857
40000,train/value_scale_mean,168.24180181884765
40000,train/value_scale_std,9.41796548478442
40000,timing/collect_chunk_s,49.8202274129726
40000,timing/train_chunk_s,20.753553011454642
40000,dense_rhs/training_bucket_horizon,3.0
40000,system/heartbeat,1.0
43992,episode/return,937.0
43992,episode/length,500.0
43993,episode/return,844.0
43993,episode/length,500.0
43994,episode/return,889.0
43994,episode/length,500.0
43995,episode/return,942.0
43995,episode/length,500.0
43996,episode/return,941.0
43996,episode/length,500.0
43997,episode/return,941.0
43997,episode/length,500.0
43998,episode/return,667.0
43998,episode/length,500.0
43999,episode/return,847.0
43999,episode/length,500.0
47992,episode/return,894.0
47992,episode/length,500.0
47993,episode/return,939.0
47993,episode/length,500.0
47994,episode/return,941.0
47994,episode/length,500.0
47995,episode/return,987.0
47995,episode/length,500.0
47996,episode/return,919.0
47996,episode/length,500.0
47997,episode/return,1000.0
47997,episode/length,500.0
47998,episode/return,696.0
47998,episode/length,500.0
47999,episode/return,726.0
47999,episode/length,500.0
50000,train/consistency_loss_mean,5.428513675178692e-06
50000,train/consistency_loss_std,3.1683124683711014e-06
50000,train/continue_loss_mean,0.0
50000,train/continue_loss_std,0.0
50000,train/grad_norm_mean,0.3679037368416786
50000,train/grad_norm_std,0.35127361469024854
50000,train/policy_log_std_mean,-0.7376741481781006
50000,train/policy_log_std_std,0.41307374063634617
50000,train/policy_loss_mean,-0.3970866021633148
50000,train/policy_loss_std,0.019384300902324743
50000,train/reward_loss_mean,0.22050064284801482
50000,train/reward_loss_std,0.01543724743228517
50000,train/total_loss_mean,0.054559218069911
50000,train/total_loss_std,0.0015445351141420407
50000,train/value_loss_mean,0.32400582649707793
50000,train/value_loss_std,0.009504436107329527
50000,train/value_scale_mean,176.1955955444336
50000,train/value_scale_std,4.331748505785584
50000,timing/collect_chunk_s,51.74612197186798
50000,timing/train_chunk_s,20.740698440931737
50000,dense_rhs/training_bucket_horizon,3.0
50000,system/heartbeat,1.0
50000,timing/checkpoint_blocking_s,0.42030375404283404
50000,eval/return_mean,809.6500244140625
50000,eval/return_std,105.27738952636719
50000,eval/return_max,987.0
50000,eval/return_min,669.0
50000,dense_rhs/deployment_utility_last_observed_gain,0.0
50000,dense_rhs/deployment_utility_observations,0.0
50000,timing/eval_s,75.40819953614846
50000,eval/selected_horizon,3.0
50000,eval/training_bucket_horizon,3.0
50000,system/heartbeat,1.0
51992,episode/return,892.0
51992,episode/length,500.0
51993,episode/return,940.0
51993,episode/length,500.0
51994,episode/return,748.0
51994,episode/length,500.0
51995,episode/return,745.0
51995,episode/length,500.0
51996,episode/return,986.0
51996,episode/length,500.0
51997,episode/return,892.0
51997,episode/length,500.0
51998,episode/return,882.0
51998,episode/length,500.0
51999,episode/return,731.0
51999,episode/length,500.0
55992,episode/return,847.0
55992,episode/length,500.0
55993,episode/return,770.0
55993,episode/length,500.0
55994,episode/return,936.0
55994,episode/length,500.0
55995,episode/return,943.0
55995,episode/length,500.0
55996,episode/return,725.0
55996,episode/length,500.0
55997,episode/return,943.0
55997,episode/length,500.0
55998,episode/return,942.0
55998,episode/length,500.0
55999,episode/return,847.0
55999,episode/length,500.0
59992,episode/return,696.0
59992,episode/length,500.0
59993,episode/return,878.0
59993,episode/length,500.0
59994,episode/return,847.0
59994,episode/length,500.0
59995,episode/return,894.0
59995,episode/length,500.0
59996,episode/return,971.0
59996,episode/length,500.0
59997,episode/return,893.0
59997,episode/length,500.0
59998,episode/return,699.0
59998,episode/length,500.0
59999,episode/return,807.0
59999,episode/length,500.0
60000,train/consistency_loss_mean,4.545330110613577e-06
60000,train/consistency_loss_std,2.8185733832650935e-06
60000,train/continue_loss_mean,0.0
60000,train/continue_loss_std,0.0
60000,train/grad_norm_mean,0.29898745406866073
60000,train/grad_norm_std,0.3007319710307516
60000,train/policy_log_std_mean,-0.6533140435695648
60000,train/policy_log_std_std,0.33177594013333567
60000,train/policy_loss_mean,-0.429342902469635
60000,train/policy_loss_std,0.01648513425777668
60000,train/reward_loss_mean,0.2439371339559555
60000,train/reward_loss_std,0.013725535588727765
60000,train/total_loss_mean,0.05829210781753063
60000,train/total_loss_std,0.0019859341920034743
60000,train/value_loss_mean,0.3380748687028885
60000,train/value_loss_std,0.008977714377985953
60000,train/value_scale_mean,172.82031529541015
60000,train/value_scale_std,3.6294529901244945
60000,timing/collect_chunk_s,50.571792548988014
60000,timing/train_chunk_s,20.739304563496262
60000,dense_rhs/training_bucket_horizon,3.0
60000,system/heartbeat,1.0
63992,episode/return,894.0
63992,episode/length,500.0
63993,episode/return,808.0
63993,episode/length,500.0
63994,episode/return,936.0
63994,episode/length,500.0
63995,episode/return,942.0
63995,episode/length,500.0
63996,episode/return,894.0
63996,episode/length,500.0
63997,episode/return,693.0
63997,episode/length,500.0
63998,episode/return,695.0
63998,episode/length,500.0
63999,episode/return,829.0
63999,episode/length,500.0
67992,episode/return,656.0
67992,episode/length,500.0
67993,episode/return,668.0
67993,episode/length,500.0
67994,episode/return,849.0
67994,episode/length,500.0
67995,episode/return,681.0
67995,episode/length,500.0
67996,episode/return,935.0
67996,episode/length,500.0
67997,episode/return,809.0
67997,episode/length,500.0
67998,episode/return,808.0
67998,episode/length,500.0
67999,episode/return,893.0
67999,episode/length,500.0
70000,train/consistency_loss_mean,4.1510798090712345e-06
70000,train/consistency_loss_std,2.407753942658706e-06
70000,train/continue_loss_mean,0.0
70000,train/continue_loss_std,0.0
70000,train/grad_norm_mean,0.2583887555420399
70000,train/grad_norm_std,0.25726245625271066
70000,train/policy_log_std_mean,-0.6479971357584
70000,train/policy_log_std_std,0.505368866650812
70000,train/policy_loss_mean,-0.44998785061836244
70000,train/policy_loss_std,0.013006246761350058
70000,train/reward_loss_mean,0.25805545828342435
70000,train/reward_loss_std,0.012993340689470218
70000,train/total_loss_mean,0.06147101263999939
70000,train/total_loss_std,0.0017455211337693076
70000,train/value_loss_mean,0.3558244379281998
70000,train/value_loss_std,0.006371466899070144
70000,train/value_scale_mean,168.15833448486327
70000,train/value_scale_std,1.9485201504837681
70000,timing/collect_chunk_s,51.72712333872914
70000,timing/train_chunk_s,20.768265053629875
70000,dense_rhs/training_bucket_horizon,3.0
70000,system/heartbeat,1.0
70000,dense_rhs/selected_horizon,3.0
70000,dense_rhs/proposed_horizon,3.0
70000,dense_rhs/phase_id,0.0
70000,dense_rhs/num_active_horizons,7.0
70000,dense_rhs/num_candidate_horizons,3.0
70000,dense_rhs/entropy,1.890609622001648
70000,dense_rhs/norm_entropy,0.9715811014175415
70000,dense_rhs/best_fitness,0.37639617919921875
70000,dense_rhs/deployment_score_best,0.015455955639481544
70000,dense_rhs/incumbent_deployment_score,0.015455955639481544
70000,dense_rhs/proposed_deployment_score,0.015455955639481544
70000,dense_rhs/proposed_transition_cost,0.0
70000,dense_rhs/proposed_switch_probability,0.5
70000,dense_rhs/proposed_expected_net_benefit,0.0
70000,dense_rhs/transition_cost_best,0.0
70000,dense_rhs/transition_adjusted_score_best,0.015455955639481544
70000,dense_rhs/switch_probability_best,0.5
70000,dense_rhs/expected_improvement_best,0.564189612865448
70000,dense_rhs/expected_loss_best,0.564189612865448
70000,dense_rhs/expected_net_benefit_best,0.0
70000,dense_rhs/return_term_best,0.9223691821098328
70000,dense_rhs/roughness_term_best,0.9077081680297852
70000,dense_rhs/return_std_term_best,0.02397221326828003
70000,dense_rhs/learner_proxy_term_best,0.9813464283943176
70000,dense_rhs/model_prefix_loss_best,0.32087546586990356
70000,dense_rhs/model_probe_prefix_best,0.13626959919929504
70000,dense_rhs/planner_return_best,202.85549926757812
70000,dense_rhs/roughness_best,0.03747624531388283
70000,dense_rhs/robust_return_best,263.49932861328125
70000,timing/query_model_diag_s,14.685012210160494
70000,timing/query_env_eval_s,17.43642028188333
70000,timing/query_finalize_s,0.7715039327740669
70000,timing/query_total_s,33.080803278367966
70000,dense_rhs/candidate_3_fitness,0.37639617919921875
70000,dense_rhs/candidate_3_deployment_score,0.015455955639481544
70000,dense_rhs/candidate_3_transition_cost,0.0
70000,dense_rhs/candidate_3_transition_adjusted_score,0.015455955639481544
70000,dense_rhs/candidate_3_switch_probability,0.5
70000,dense_rhs/candidate_3_expected_net_benefit,0.0
70000,dense_rhs/candidate_3_return,263.49932861328125
70000,dense_rhs/candidate_3_return_term,0.9223691821098328
70000,dense_rhs/candidate_3_roughness_term,0.9077081680297852
70000,dense_rhs/candidate_3_return_std_term,0.02397221326828003
70000,dense_rhs/candidate_3_learner_proxy_term,0.9813464283943176
70000,dense_rhs/candidate_2_fitness,0.03162277489900589
70000,dense_rhs/candidate_2_deployment_score,9.999999974752427e-07
70000,dense_rhs/candidate_2_transition_cost,0.058354198932647705
70000,dense_rhs/candidate_2_transition_adjusted_score,-0.05835320055484772
70000,dense_rhs/candidate_2_switch_probability,0.4791882634162903
70000,dense_rhs/candidate_2_expected_net_benefit,-0.07380920648574829
70000,dense_rhs/candidate_2_return,268.6085510253906
70000,dense_rhs/candidate_2_return_term,1.0
70000,dense_rhs/candidate_2_roughness_term,1.0
70000,dense_rhs/candidate_2_return_std_term,0.0
70000,dense_rhs/candidate_2_learner_proxy_term,1.0
70000,dense_rhs/candidate_4_fitness,0.508224606513977
70000,dense_rhs/candidate_4_deployment_score,0.05368641018867493
70000,dense_rhs/candidate_4_transition_cost,0.04864375665783882
70000,dense_rhs/candidate_4_transition_adjusted_score,0.005042653530836105
70000,dense_rhs/candidate_4_switch_probability,0.49706247448921204
70000,dense_rhs/candidate_4_expected_net_benefit,-0.010413289070129395
70000,dense_rhs/candidate_4_return,265.83197021484375
70000,dense_rhs/candidate_4_return_term,0.9578119516372681
70000,dense_rhs/candidate_4_roughness_term,0.8005533218383789
70000,dense_rhs/candidate_4_return_std_term,0.08700531721115112
70000,dense_rhs/candidate_4_learner_proxy_term,0.9158139824867249
70000,dense_rhs/deployment_utility_enabled,1.0
70000,dense_rhs/deployment_utility_observations,0.0
70000,dense_rhs/deployment_utility_last_observed_gain,0.0
70000,dense_rhs/candidate_2_expected_eval_gain,0.0
70000,dense_rhs/candidate_2_eval_gain_uncertainty,150.0
70000,dense_rhs/candidate_2_deployment_utility_score,37.5
70000,dense_rhs/candidate_3_expected_eval_gain,0.0
70000,dense_rhs/candidate_3_eval_gain_uncertainty,150.0
70000,dense_rhs/candidate_3_deployment_utility_score,40.37879995424597
70000,dense_rhs/candidate_4_expected_eval_gain,0.0
70000,dense_rhs/candidate_4_eval_gain_uncertainty,150.0
70000,dense_rhs/candidate_4_deployment_utility_score,47.5
70000,dense_rhs/deployment_utility_override,0.0
70000,dense_rhs/deployment_utility_selected_expected_gain,0.0
70000,dense_rhs/deployment_utility_selected_uncertainty,150.0
70000,dense_rhs/deployment_utility_selected_score,40.37879995424597
70000,dense_rhs/deployment_utility_proposed_horizon,4.0
70000,dense_rhs/deployment_utility_proposed_expected_gain,0.0
70000,dense_rhs/deployment_utility_proposed_uncertainty,150.0
70000,dense_rhs/deployment_utility_proposed_score,47.5
70000,dense_rhs/previous_horizon,3.0
70000,dense_rhs/training_bucket_horizon,3.0
70000,dense_rhs/best_h,3.0
70000,dense_rhs/prob_best_h,0.177734375
70000,dense_rhs/gauss_mean_best_h,0.37639617919921875
70000,dense_rhs/gauss_post_std_best_h,1.0
70000,system/heartbeat,1.0
71992,episode/return,718.0
71992,episode/length,500.0
71993,episode/return,893.0
71993,episode/length,500.0
71994,episode/return,933.0
71994,episode/length,500.0
71995,episode/return,937.0
71995,episode/length,500.0
71996,episode/return,941.0
71996,episode/length,500.0
71997,episode/return,942.0
71997,episode/length,500.0
71998,episode/return,941.0
71998,episode/length,500.0
71999,episode/return,849.0
71999,episode/length,500.0
75992,episode/return,657.0
75992,episode/length,500.0
75993,episode/return,972.0
75993,episode/length,500.0
75994,episode/return,848.0
75994,episode/length,500.0
75995,episode/return,941.0
75995,episode/length,500.0
75996,episode/return,877.0
75996,episode/length,500.0
75997,episode/return,810.0
75997,episode/length,500.0
75998,episode/return,883.0
75998,episode/length,500.0
75999,episode/return,1000.0
75999,episode/length,500.0
79992,episode/return,697.0
79992,episode/length,500.0
79993,episode/return,848.0
79993,episode/length,500.0
79994,episode/return,975.0
79994,episode/length,500.0
79995,episode/return,696.0
79995,episode/length,500.0
79996,episode/return,939.0
79996,episode/length,500.0
79997,episode/return,893.0
79997,episode/length,500.0
79998,episode/return,986.0
79998,episode/length,500.0
79999,episode/return,941.0
79999,episode/length,500.0
80000,train/consistency_loss_mean,3.7912130112999874e-06
80000,train/consistency_loss_std,2.193644818537649e-06
80000,train/continue_loss_mean,0.0
80000,train/continue_loss_std,0.0
80000,train/grad_norm_mean,0.23165442013144494
80000,train/grad_norm_std,0.2314435327341279
80000,train/policy_log_std_mean,-0.5732638165712357
80000,train/policy_log_std_std,0.3506000187032186
80000,train/policy_loss_mean,-0.46664954717159274
80000,train/policy_loss_std,0.012447386978252829
80000,train/reward_loss_mean,0.27038069460392
80000,train/reward_loss_std,0.01252841171798585
80000,train/total_loss_mean,0.06368684621453286
80000,train/total_loss_std,0.001645380190488556
80000,train/value_loss_mean,0.3657295104265213
80000,train/value_loss_std,0.005273432919792482
80000,train/value_scale_mean,164.82200489501952
80000,train/value_scale_std,1.6182419700598687
80000,timing/collect_chunk_s,51.9702382995747
80000,timing/train_chunk_s,20.762613844592124
80000,dense_rhs/training_bucket_horizon,3.0
80000,system/heartbeat,1.0
83992,episode/return,1000.0
83992,episode/length,500.0
83993,episode/return,941.0
83993,episode/length,500.0
83994,episode/return,767.0
83994,episode/length,500.0
83995,episode/return,938.0
83995,episode/length,500.0
83996,episode/return,699.0
83996,episode/length,500.0
83997,episode/return,733.0
83997,episode/length,500.0
83998,episode/return,937.0
83998,episode/length,500.0
83999,episode/return,734.0
83999,episode/length,500.0
87992,episode/return,938.0
87992,episode/length,500.0
87993,episode/return,937.0
87993,episode/length,500.0
87994,episode/return,771.0
87994,episode/length,500.0
87995,episode/return,680.0
87995,episode/length,500.0
87996,episode/return,849.0
87996,episode/length,500.0
87997,episode/return,942.0
87997,episode/length,500.0
87998,episode/return,697.0
87998,episode/length,500.0
87999,episode/return,844.0
87999,episode/length,500.0
90000,train/consistency_loss_mean,3.5566643769925576e-06
90000,train/consistency_loss_std,2.1363827535053305e-06
90000,train/continue_loss_mean,0.0
90000,train/continue_loss_std,0.0
90000,train/grad_norm_mean,0.20980213083028793
90000,train/grad_norm_std,0.20819281749452723
90000,train/policy_log_std_mean,-0.5597997472286225
90000,train/policy_log_std_std,0.3452293693017264
90000,train/policy_loss_mean,-0.4835356167316437
90000,train/policy_loss_std,0.0114813435972655
90000,train/reward_loss_mean,0.27907494325637816
90000,train/reward_loss_std,0.01215950303400307
90000,train/total_loss_mean,0.06492990926504136
90000,train/total_loss_std,0.0015749067385677153
90000,train/value_loss_mean,0.3695128025054932
90000,train/value_loss_std,0.004857633815659142
90000,train/value_scale_mean,161.03878559570313
90000,train/value_scale_std,0.9525300775607243
90000,timing/collect_chunk_s,51.675023964606225
90000,timing/train_chunk_s,20.722969634924084
90000,dense_rhs/training_bucket_horizon,3.0
90000,system/heartbeat,1.0
91992,episode/return,942.0
91992,episode/length,500.0
91993,episode/return,846.0
91993,episode/length,500.0
91994,episode/return,934.0
91994,episode/length,500.0
91995,episode/return,767.0
91995,episode/length,500.0
91996,episode/return,763.0
91996,episode/length,500.0
91997,episode/return,728.0
91997,episode/length,500.0
91998,episode/return,895.0
91998,episode/length,500.0
91999,episode/return,698.0
91999,episode/length,500.0
95992,episode/return,894.0
95992,episode/length,500.0
95993,episode/return,767.0
95993,episode/length,500.0
95994,episode/return,942.0
95994,episode/length,500.0
95995,episode/return,697.0
95995,episode/length,500.0
95996,episode/return,698.0
95996,episode/length,500.0
95997,episode/return,942.0
95997,episode/length,500.0
95998,episode/return,692.0
95998,episode/length,500.0
95999,episode/return,935.0
95999,episode/length,500.0
99992,episode/return,937.0
99992,episode/length,500.0
99993,episode/return,770.0
99993,episode/length,500.0
99994,episode/return,697.0
99994,episode/length,500.0
99995,episode/return,942.0
99995,episode/length,500.0
99996,episode/return,849.0
99996,episode/length,500.0
99997,episode/return,697.0
99997,episode/length,500.0
99998,episode/return,808.0
99998,episode/length,500.0
99999,episode/return,698.0
99999,episode/length,500.0
100000,train/consistency_loss_mean,3.271414104347059e-06
100000,train/consistency_loss_std,1.9055468044068938e-06
100000,train/continue_loss_mean,0.0
100000,train/continue_loss_std,0.0
100000,train/grad_norm_mean,0.19240788874030113
100000,train/grad_norm_std,0.19758095068722575
100000,train/policy_log_std_mean,-0.6086820702552795
100000,train/policy_log_std_std,0.45654084104267756
100000,train/policy_loss_mean,-0.4934042879581451
100000,train/policy_loss_std,0.011399149240583505
100000,train/reward_loss_mean,0.284744718503952
100000,train/reward_loss_std,0.011925440742769963
100000,train/total_loss_mean,0.06565623247027397
100000,train/total_loss_std,0.0015372619359524235
100000,train/value_loss_mean,0.37116331527233126
100000,train/value_loss_std,0.00475605719584344
100000,train/value_scale_mean,159.35416029052735
100000,train/value_scale_std,0.7671495378456212
100000,timing/collect_chunk_s,52.081962852273136
100000,timing/train_chunk_s,20.75305820023641
100000,dense_rhs/training_bucket_horizon,3.0
100000,system/heartbeat,1.0
100000,timing/checkpoint_blocking_s,0.4399337940849364
100000,eval/return_mean,820.25
100000,eval/return_std,105.52198028564453
100000,eval/return_max,987.0
100000,eval/return_min,663.0
100000,dense_rhs/deployment_utility_last_observed_gain,10.5999755859375
100000,dense_rhs/deployment_utility_observations,1.0
100000,timing/eval_s,6.637193405069411
100000,eval/selected_horizon,3.0
100000,eval/training_bucket_horizon,3.0
100000,system/heartbeat,1.0
103992,episode/return,665.0
103992,episode/length,500.0
103993,episode/return,767.0
103993,episode/length,500.0
103994,episode/return,850.0
103994,episode/length,500.0
103995,episode/return,809.0
103995,episode/length,500.0
103996,episode/return,697.0
103996,episode/length,500.0
103997,episode/return,849.0
103997,episode/length,500.0
103998,episode/return,771.0
103998,episode/length,500.0
103999,episode/return,696.0
103999,episode/length,500.0
107992,episode/return,848.0
107992,episode/length,500.0
107993,episode/return,894.0
107993,episode/length,500.0
107994,episode/return,936.0
107994,episode/length,500.0
107995,episode/return,891.0
107995,episode/length,500.0
107996,episode/return,893.0
107996,episode/length,500.0
107997,episode/return,942.0
107997,episode/length,500.0
107998,episode/return,894.0
107998,episode/length,500.0
107999,episode/return,699.0
107999,episode/length,500.0
110000,train/consistency_loss_mean,3.048253256110911e-06
110000,train/consistency_loss_std,1.770414145429477e-06
110000,train/continue_loss_mean,0.0
110000,train/continue_loss_std,0.0
110000,train/grad_norm_mean,0.1776231652736664
110000,train/grad_norm_std,0.18052527620821843
110000,train/policy_log_std_mean,-0.6028586040735244
110000,train/policy_log_std_std,0.42723501477072007
110000,train/policy_loss_mean,-0.5054424483299256
110000,train/policy_loss_std,0.01110372060727291
110000,train/reward_loss_mean,0.2886041738986969
110000,train/reward_loss_std,0.011733906210252443
110000,train/total_loss_mean,0.06599749456048012
110000,train/total_loss_std,0.0015295959615857005
110000,train/value_loss_mean,0.3707611081361771
110000,train/value_loss_std,0.004758313034911856
110000,train/value_scale_mean,157.35407908935548
110000,train/value_scale_std,0.6636677469641489
110000,timing/collect_chunk_s,49.88443095004186
110000,timing/train_chunk_s,20.756752624176443
110000,dense_rhs/training_bucket_horizon,3.0
110000,system/heartbeat,1.0
111992,episode/return,943.0
111992,episode/length,500.0
111993,episode/return,698.0
111993,episode/length,500.0
111994,episode/return,848.0
111994,episode/length,500.0
111995,episode/return,700.0
111995,episode/length,500.0
111996,episode/return,939.0
111996,episode/length,500.0
111997,episode/return,1000.0
111997,episode/length,500.0
111998,episode/return,943.0
111998,episode/length,500.0
111999,episode/return,851.0
111999,episode/length,500.0
115992,episode/return,936.0
115992,episode/length,500.0
115993,episode/return,699.0
115993,episode/length,500.0
115994,episode/return,861.0
115994,episode/length,500.0
115995,episode/return,730.0
115995,episode/length,500.0
115996,episode/return,894.0
115996,episode/length,500.0
115997,episode/return,894.0
115997,episode/length,500.0
115998,episode/return,893.0
115998,episode/length,500.0
115999,episode/return,698.0
115999,episode/length,500.0
119992,episode/return,849.0
119992,episode/length,500.0
119993,episode/return,668.0
119993,episode/length,500.0
119994,episode/return,850.0
119994,episode/length,500.0
119995,episode/return,937.0
119995,episode/length,500.0
119996,episode/return,940.0
119996,episode/length,500.0
119997,episode/return,697.0
119997,episode/length,500.0
119998,episode/return,849.0
119998,episode/length,500.0
119999,episode/return,849.0
119999,episode/length,500.0
120000,train/consistency_loss_mean,3.0557531395970727e-06
120000,train/consistency_loss_std,1.851289036928223e-06
120000,train/continue_loss_mean,0.0
120000,train/continue_loss_std,0.0
120000,train/grad_norm_mean,0.17135957888960837
120000,train/grad_norm_std,0.173434776779614
120000,train/policy_log_std_mean,-0.5463243425846099
120000,train/policy_log_std_std,0.3738768852726921
120000,train/policy_loss_mean,-0.5164586863040924
120000,train/policy_loss_std,0.011014207136437955
120000,train/reward_loss_mean,0.29352260375022887
120000,train/reward_loss_std,0.01167851653598753
120000,train/total_loss_mean,0.06661938201189041
120000,train/total_loss_std,0.001529285901124557
120000,train/value_loss_mean,0.37206005222797395
120000,train/value_loss_std,0.004749417545519856
120000,train/value_scale_mean,155.59090968017577
120000,train/value_scale_std,0.8523945435582392
120000,timing/collect_chunk_s,52.66150589194149
120000,timing/train_chunk_s,20.77298988774419
120000,dense_rhs/training_bucket_horizon,3.0
120000,system/heartbeat,1.0
120000,dense_rhs/selected_horizon,3.0
120000,dense_rhs/proposed_horizon,3.0
120000,dense_rhs/phase_id,0.0
120000,dense_rhs/num_active_horizons,7.0
120000,dense_rhs/num_candidate_horizons,3.0
120000,dense_rhs/entropy,1.7585177421569824
120000,dense_rhs/norm_entropy,0.9036992788314819
120000,dense_rhs/best_fitness,0.610501229763031
120000,dense_rhs/deployment_score_best,0.015143511816859245
120000,dense_rhs/incumbent_deployment_score,0.015143511816859245
120000,dense_rhs/proposed_deployment_score,0.015143511816859245
120000,dense_rhs/proposed_transition_cost,0.0
120000,dense_rhs/proposed_switch_probability,0.5
120000,dense_rhs/proposed_expected_net_benefit,0.0
120000,dense_rhs/transition_cost_best,0.0
120000,dense_rhs/transition_adjusted_score_best,0.015143511816859245
120000,dense_rhs/switch_probability_best,0.5
120000,dense_rhs/expected_improvement_best,0.564189612865448
120000,dense_rhs/expected_loss_best,0.564189612865448
120000,dense_rhs/expected_net_benefit_best,0.0
120000,dense_rhs/return_term_best,0.4826231300830841
120000,dense_rhs/roughness_term_best,0.9858705401420593
120000,dense_rhs/return_std_term_best,0.2919544577598572
120000,dense_rhs/learner_proxy_term_best,0.9697484374046326
120000,dense_rhs/model_prefix_loss_best,0.33986586332321167
120000,dense_rhs/model_probe_prefix_best,0.14742009341716766
120000,dense_rhs/planner_return_best,200.29403686523438
120000,dense_rhs/roughness_best,0.012265892699360847
120000,dense_rhs/robust_return_best,228.53741455078125
120000,timing/query_model_diag_s,15.33393837697804
120000,timing/query_env_eval_s,5.039248989894986
120000,timing/query_finalize_s,0.8136756052263081
120000,timing/query_total_s,21.191928145010024
120000,dense_rhs/candidate_3_fitness,0.610501229763031
120000,dense_rhs/candidate_3_deployment_score,0.015143511816859245
120000,dense_rhs/candidate_3_transition_cost,0.0
120000,dense_rhs/candidate_3_transition_adjusted_score,0.015143511816859245
120000,dense_rhs/candidate_3_switch_probability,0.5
120000,dense_rhs/candidate_3_expected_net_benefit,0.0
120000,dense_rhs/candidate_3_return,228.53741455078125
120000,dense_rhs/candidate_3_return_term,0.4826231300830841
120000,dense_rhs/candidate_3_roughness_term,0.9858705401420593
120000,dense_rhs/candidate_3_return_std_term,0.2919544577598572
120000,dense_rhs/candidate_3_learner_proxy_term,0.9697484374046326
120000,dense_rhs/candidate_4_fitness,0.47558531165122986
120000,dense_rhs/candidate_4_deployment_score,0.038200493901968
120000,dense_rhs/candidate_4_transition_cost,0.04952698573470116
120000,dense_rhs/candidate_4_transition_adjusted_score,-0.011326491832733154
120000,dense_rhs/candidate_4_switch_probability,0.4925333857536316
120000,dense_rhs/candidate_4_expected_net_benefit,-0.02647000551223755
120000,dense_rhs/candidate_4_return,255.64053344726562
120000,dense_rhs/candidate_4_return_term,0.9453440308570862
120000,dense_rhs/candidate_4_roughness_term,0.948982298374176
120000,dense_rhs/candidate_4_return_std_term,0.05702394247055054
120000,dense_rhs/candidate_4_learner_proxy_term,0.8838815689086914
120000,dense_rhs/candidate_2_fitness,0.03162277489900589
120000,dense_rhs/candidate_2_deployment_score,9.999999974752427e-07
120000,dense_rhs/candidate_2_transition_cost,0.05736387148499489
120000,dense_rhs/candidate_2_transition_adjusted_score,-0.0573628731071949
120000,dense_rhs/candidate_2_switch_probability,0.47955527901649475
120000,dense_rhs/candidate_2_expected_net_benefit,-0.07250642776489258
120000,dense_rhs/candidate_2_return,258.8419189453125
120000,dense_rhs/candidate_2_return_term,1.0
120000,dense_rhs/candidate_2_roughness_term,1.0
120000,dense_rhs/candidate_2_return_std_term,0.0
120000,dense_rhs/candidate_2_learner_proxy_term,1.0
120000,dense_rhs/deployment_utility_enabled,1.0
120000,dense_rhs/deployment_utility_observations,1.0
120000,dense_rhs/deployment_utility_last_observed_gain,10.5999755859375
120000,dense_rhs/candidate_2_expected_eval_gain,0.0
120000,dense_rhs/candidate_2_eval_gain_uncertainty,150.0
120000,dense_rhs/candidate_2_deployment_utility_score,37.5
120000,dense_rhs/candidate_3_expected_eval_gain,10.5999755859375
120000,dense_rhs/candidate_3_eval_gain_uncertainty,106.06601717798212
120000,dense_rhs/candidate_3_deployment_utility_score,41.08054072786762
120000,dense_rhs/candidate_4_expected_eval_gain,0.0
120000,dense_rhs/candidate_4_eval_gain_uncertainty,150.0
120000,dense_rhs/candidate_4_deployment_utility_score,47.5
120000,dense_rhs/deployment_utility_override,0.0
120000,dense_rhs/deployment_utility_selected_expected_gain,10.5999755859375
120000,dense_rhs/deployment_utility_selected_uncertainty,106.06601717798212
120000,dense_rhs/deployment_utility_selected_score,41.08054072786762
120000,dense_rhs/deployment_utility_proposed_horizon,4.0
120000,dense_rhs/deployment_utility_proposed_expected_gain,0.0
120000,dense_rhs/deployment_utility_proposed_uncertainty,150.0
120000,dense_rhs/deployment_utility_proposed_score,47.5
120000,dense_rhs/previous_horizon,3.0
120000,dense_rhs/training_bucket_horizon,3.0
120000,dense_rhs/best_h,3.0
120000,dense_rhs/prob_best_h,0.16015625
120000,dense_rhs/gauss_mean_best_h,0.4934487044811249
120000,dense_rhs/gauss_post_std_best_h,0.08276861906051636
120000,system/heartbeat,1.0
123992,episode/return,699.0
123992,episode/length,500.0
123993,episode/return,942.0
123993,episode/length,500.0
123994,episode/return,942.0
123994,episode/length,500.0
123995,episode/return,808.0
123995,episode/length,500.0
123996,episode/return,986.0
123996,episode/length,500.0
123997,episode/return,894.0
123997,episode/length,500.0
123998,episode/return,986.0
123998,episode/length,500.0
123999,episode/return,987.0
123999,episode/length,500.0
127992,episode/return,943.0
127992,episode/length,500.0
127993,episode/return,939.0
127993,episode/length,500.0
127994,episode/return,698.0
127994,episode/length,500.0
127995,episode/return,851.0
127995,episode/length,500.0
127996,episode/return,848.0
127996,episode/length,500.0
127997,episode/return,938.0
127997,episode/length,500.0
127998,episode/return,698.0
127998,episode/length,500.0
127999,episode/return,698.0
127999,episode/length,500.0
130000,train/consistency_loss_mean,2.7466965177154636e-06
130000,train/consistency_loss_std,1.4722560928091598e-06
130000,train/continue_loss_mean,0.0
130000,train/continue_loss_std,0.0
130000,train/grad_norm_mean,0.1569858145326376
130000,train/grad_norm_std,0.1617905082849068
130000,train/policy_log_std_mean,-0.5089114057779313
130000,train/policy_log_std_std,0.36735291177770346
130000,train/policy_loss_mean,-0.5282259508132935
130000,train/policy_loss_std,0.010401058500876859
130000,train/reward_loss_mean,0.29769670107364654
130000,train/reward_loss_std,0.011343757391617441
130000,train/total_loss_mean,0.06713858392238617
130000,train/total_loss_std,0.0014885107352813622
130000,train/value_loss_mean,0.37313978202342984
130000,train/value_loss_std,0.004655058423749088
130000,train/value_scale_mean,153.23155750732423
130000,train/value_scale_std,0.5395045223069932
130000,timing/collect_chunk_s,53.05128948763013
130000,timing/train_chunk_s,20.778147099539638
130000,dense_rhs/training_bucket_horizon,3.0
130000,system/heartbeat,1.0
131992,episode/return,987.0
131992,episode/length,500.0
131993,episode/return,894.0
131993,episode/length,500.0
131994,episode/return,697.0
131994,episode/length,500.0
131995,episode/return,834.0
131995,episode/length,500.0
131996,episode/return,767.0
131996,episode/length,500.0
131997,episode/return,808.0
131997,episode/length,500.0
131998,episode/return,698.0
131998,episode/length,500.0
131999,episode/return,936.0
131999,episode/length,500.0
135992,episode/return,819.0
135992,episode/length,500.0
135993,episode/return,734.0
135993,episode/length,500.0
135994,episode/return,893.0
135994,episode/length,500.0
135995,episode/return,973.0
135995,episode/length,500.0
135996,episode/return,699.0
135996,episode/length,500.0
135997,episode/return,667.0
135997,episode/length,500.0
135998,episode/return,731.0
135998,episode/length,500.0
135999,episode/return,939.0
135999,episode/length,500.0
139992,episode/return,942.0
139992,episode/length,500.0
139993,episode/return,698.0
139993,episode/length,500.0
139994,episode/return,735.0
139994,episode/length,500.0
139995,episode/return,810.0
139995,episode/length,500.0
139996,episode/return,943.0
139996,episode/length,500.0
139997,episode/return,942.0
139997,episode/length,500.0
139998,episode/return,1000.0
139998,episode/length,500.0
139999,episode/return,698.0
139999,episode/length,500.0
140000,train/consistency_loss_mean,2.7751463237109418e-06
140000,train/consistency_loss_std,1.5534269188089997e-06
140000,train/continue_loss_mean,0.0
140000,train/continue_loss_std,0.0
140000,train/grad_norm_mean,0.15039120173454285
140000,train/grad_norm_std,0.14889137366203906
140000,train/policy_log_std_mean,-0.5592010075569153
140000,train/policy_log_std_std,0.4409207969780724
140000,train/policy_loss_mean,-0.5375919818878174
140000,train/policy_loss_std,0.010931306593771964
140000,train/reward_loss_mean,0.30050537066459654
140000,train/reward_loss_std,0.011220745959161258
140000,train/total_loss_mean,0.06752321819067002
140000,train/total_loss_std,0.0014820461257350607
140000,train/value_loss_mean,0.37417176432609556
140000,train/value_loss_std,0.004645018148411973
140000,train/value_scale_mean,151.3959322631836
140000,train/value_scale_std,0.920663197930561
140000,timing/collect_chunk_s,51.380963573697954
140000,timing/train_chunk_s,20.76879873359576
140000,dense_rhs/training_bucket_horizon,3.0
140000,system/heartbeat,1.0
143992,episode/return,808.0
143992,episode/length,500.0
143993,episode/return,850.0
143993,episode/length,500.0
143994,episode/return,764.0
143994,episode/length,500.0
143995,episode/return,768.0
143995,episode/length,500.0
143996,episode/return,937.0
143996,episode/length,500.0
143997,episode/return,810.0
143997,episode/length,500.0
143998,episode/return,894.0
143998,episode/length,500.0
143999,episode/return,1000.0
143999,episode/length,500.0
147992,episode/return,942.0
147992,episode/length,500.0
147993,episode/return,942.0
147993,episode/length,500.0
147994,episode/return,752.0
147994,episode/length,500.0
147995,episode/return,940.0
147995,episode/length,500.0
147996,episode/return,745.0
147996,episode/length,500.0
147997,episode/return,941.0
147997,episode/length,500.0
147998,episode/return,850.0
147998,episode/length,500.0
147999,episode/return,739.0
147999,episode/length,500.0
150000,train/consistency_loss_mean,3.1635871136131754e-06
150000,train/consistency_loss_std,4.594979781982488e-06
150000,train/continue_loss_mean,0.0
150000,train/continue_loss_std,0.0
150000,train/grad_norm_mean,0.14298952907919885
150000,train/grad_norm_std,0.1431772655773434
150000,train/policy_log_std_mean,-0.5135660277605056
150000,train/policy_log_std_std,0.413325112282569
150000,train/policy_loss_mean,-0.5489724381923675
150000,train/policy_loss_std,0.010464111719259369
150000,train/reward_loss_mean,0.3033137291431427
150000,train/reward_loss_std,0.01112530042626623
150000,train/total_loss_mean,0.06791495033502579
150000,train/total_loss_std,0.001467228340096972
150000,train/value_loss_mean,0.37520304074287414
150000,train/value_loss_std,0.004559023683412224
150000,train/value_scale_mean,149.27639921875
150000,train/value_scale_std,0.7617006281193284
150000,timing/collect_chunk_s,53.42179965367541
150000,timing/train_chunk_s,20.76834267238155
150000,dense_rhs/training_bucket_horizon,3.0
150000,system/heartbeat,1.0
150000,timing/checkpoint_blocking_s,0.41031554620712996
150000,eval/return_mean,824.75
150000,eval/return_std,99.1452865600586
150000,eval/return_max,1000.0
150000,eval/return_min,673.0
150000,dense_rhs/deployment_utility_last_observed_gain,4.5
150000,dense_rhs/deployment_utility_observations,2.0
150000,timing/eval_s,6.64238824788481
150000,eval/selected_horizon,3.0
150000,eval/training_bucket_horizon,3.0
150000,system/heartbeat,1.0
151992,episode/return,730.0
151992,episode/length,500.0
151993,episode/return,895.0
151993,episode/length,500.0
151994,episode/return,768.0
151994,episode/length,500.0
151995,episode/return,942.0
151995,episode/length,500.0
151996,episode/return,877.0
151996,episode/length,500.0
151997,episode/return,943.0
151997,episode/length,500.0
151998,episode/return,788.0
151998,episode/length,500.0
151999,episode/return,941.0
151999,episode/length,500.0
155992,episode/return,718.0
155992,episode/length,500.0
155993,episode/return,772.0
155993,episode/length,500.0
155994,episode/return,1000.0
155994,episode/length,500.0
155995,episode/return,763.0
155995,episode/length,500.0
155996,episode/return,771.0
155996,episode/length,500.0
155997,episode/return,803.0
155997,episode/length,500.0
155998,episode/return,942.0
155998,episode/length,500.0
155999,episode/return,652.0
155999,episode/length,500.0
159992,episode/return,928.0
159992,episode/length,500.0
159993,episode/return,943.0
159993,episode/length,500.0
159994,episode/return,840.0
159994,episode/length,500.0
159995,episode/return,1000.0
159995,episode/length,500.0
159996,episode/return,694.0
159996,episode/length,500.0
159997,episode/return,810.0
159997,episode/length,500.0
159998,episode/return,937.0
159998,episode/length,500.0
159999,episode/return,696.0
159999,episode/length,500.0
160000,train/consistency_loss_mean,3.7185978037086896e-06
160000,train/consistency_loss_std,9.218839812166498e-06
160000,train/continue_loss_mean,0.0
160000,train/continue_loss_std,0.0
160000,train/grad_norm_mean,0.14364655900895595
160000,train/grad_norm_std,0.1419481365440612
160000,train/policy_log_std_mean,-0.6016778262615203
160000,train/policy_log_std_std,0.4396523271740634
160000,train/policy_loss_mean,-0.5570981118679047
160000,train/policy_loss_std,0.010272599403073603
160000,train/reward_loss_mean,0.3059403503656387
160000,train/reward_loss_std,0.011109819907501687
160000,train/total_loss_mean,0.068270475512743
160000,train/total_loss_std,0.0014674545278453067
160000,train/value_loss_mean,0.3760206665277481
160000,train/value_loss_std,0.004477042931418221
160000,train/value_scale_mean,147.7017569946289
160000,train/value_scale_std,0.5196583128250897
160000,timing/collect_chunk_s,51.00038669863716
160000,timing/train_chunk_s,20.744346082676202
160000,dense_rhs/training_bucket_horizon,3.0
160000,system/heartbeat,1.0
163992,episode/return,848.0
163992,episode/length,500.0
163993,episode/return,694.0
163993,episode/length,500.0
163994,episode/return,941.0
163994,episode/length,500.0
163995,episode/return,942.0
163995,episode/length,500.0
163996,episode/return,938.0
163996,episode/length,500.0
163997,episode/return,701.0
163997,episode/length,500.0
163998,episode/return,894.0
163998,episode/length,500.0
163999,episode/return,769.0
163999,episode/length,500.0
167992,episode/return,894.0
167992,episode/length,500.0
167993,episode/return,936.0
167993,episode/length,500.0
167994,episode/return,809.0
167994,episode/length,500.0
167995,episode/return,771.0
167995,episode/length,500.0
167996,episode/return,781.0
167996,episode/length,500.0
167997,episode/return,735.0
167997,episode/length,500.0
167998,episode/return,936.0
167998,episode/length,500.0
167999,episode/return,730.0
167999,episode/length,500.0
170000,train/consistency_loss_mean,3.185180815125932e-06
170000,train/consistency_loss_std,5.69537440283953e-06
170000,train/continue_loss_mean,0.0
170000,train/continue_loss_std,0.0
170000,train/grad_norm_mean,0.13902201396524907
170000,train/grad_norm_std,0.1386307842340565
170000,train/policy_log_std_mean,-0.6070996356248856
170000,train/policy_log_std_std,0.41981564952442507
170000,train/policy_loss_mean,-0.5648321451187134
170000,train/policy_loss_std,0.010196848744248779
170000,train/reward_loss_mean,0.30783105413913725
170000,train/reward_loss_std,0.010833588008095255
170000,train/total_loss_mean,0.0685023454606533
170000,train/total_loss_std,0.0014273637972818391
170000,train/value_loss_mean,0.3765553448915482
170000,train/value_loss_std,0.004478774070888016
170000,train/value_scale_mean,146.48818934326172
170000,train/value_scale_std,0.6056673449188692
170000,timing/collect_chunk_s,53.816558414604515
170000,timing/train_chunk_s,20.76075904397294
170000,dense_rhs/training_bucket_horizon,3.0
170000,system/heartbeat,1.0
170000,dense_rhs/selected_horizon,2.0
170000,dense_rhs/proposed_horizon,2.0
170000,dense_rhs/phase_id,0.0
170000,dense_rhs/num_active_horizons,7.0
170000,dense_rhs/num_candidate_horizons,3.0
170000,dense_rhs/entropy,1.7139039039611816
170000,dense_rhs/norm_entropy,0.8807723522186279
170000,dense_rhs/best_fitness,0.5851941108703613
170000,dense_rhs/deployment_score_best,0.11727249622344971
170000,dense_rhs/incumbent_deployment_score,2.0965357805380336e-07
170000,dense_rhs/proposed_deployment_score,0.11727249622344971
170000,dense_rhs/proposed_transition_cost,0.06706897169351578
170000,dense_rhs/proposed_switch_probability,0.6981797218322754
170000,dense_rhs/proposed_expected_net_benefit,0.05020331218838692
170000,dense_rhs/transition_cost_best,0.06706897169351578
170000,dense_rhs/transition_adjusted_score_best,0.05020352452993393
170000,dense_rhs/switch_probability_best,0.6981797218322754
170000,dense_rhs/expected_improvement_best,0.06876420974731445
170000,dense_rhs/expected_loss_best,0.018560897558927536
170000,dense_rhs/expected_net_benefit_best,0.05020331218838692
170000,dense_rhs/return_term_best,1.0
170000,dense_rhs/roughness_term_best,1.0
170000,dense_rhs/return_std_term_best,0.11727249622344971
170000,dense_rhs/learner_proxy_term_best,1.0
170000,dense_rhs/model_prefix_loss_best,0.22992287576198578
170000,dense_rhs/model_probe_prefix_best,0.10126537084579468
170000,dense_rhs/planner_return_best,200.1605987548828
170000,dense_rhs/roughness_best,0.0025016972795128822
170000,dense_rhs/robust_return_best,263.50689697265625
170000,timing/query_model_diag_s,0.012035250198096037
170000,timing/query_env_eval_s,5.027795436326414
170000,timing/query_finalize_s,0.0035543390549719334
170000,timing/query_total_s,5.048440104816109
170000,dense_rhs/candidate_3_fitness,0.03162277489900589
170000,dense_rhs/candidate_3_deployment_score,2.0965357805380336e-07
170000,dense_rhs/candidate_3_transition_cost,0.0
170000,dense_rhs/candidate_3_transition_adjusted_score,2.0965357805380336e-07
170000,dense_rhs/candidate_3_switch_probability,0.5
170000,dense_rhs/candidate_3_expected_net_benefit,0.0
170000,dense_rhs/candidate_3_return,244.23980712890625
170000,dense_rhs/candidate_3_return_term,0.6958566308021545
170000,dense_rhs/candidate_3_roughness_term,0.9934112429618835
170000,dense_rhs/candidate_3_return_std_term,0.0
170000,dense_rhs/candidate_3_learner_proxy_term,0.9001069664955139
170000,dense_rhs/candidate_4_fitness,0.5059803128242493
170000,dense_rhs/candidate_4_deployment_score,0.033347953110933304
170000,dense_rhs/candidate_4_transition_cost,0.06923726946115494
170000,dense_rhs/candidate_4_transition_adjusted_score,-0.035889316350221634
170000,dense_rhs/candidate_4_switch_probability,0.35526371002197266
170000,dense_rhs/candidate_4_expected_net_benefit,-0.03588952496647835
170000,dense_rhs/candidate_4_return,254.62759399414062
170000,dense_rhs/candidate_4_return_term,0.8598345518112183
170000,dense_rhs/candidate_4_roughness_term,0.9803227782249451
170000,dense_rhs/candidate_4_return_std_term,0.07775777578353882
170000,dense_rhs/candidate_4_learner_proxy_term,0.8003808259963989
170000,dense_rhs/candidate_2_fitness,0.5851941108703613
170000,dense_rhs/candidate_2_deployment_score,0.11727249622344971
170000,dense_rhs/candidate_2_transition_cost,0.06706897169351578
170000,dense_rhs/candidate_2_transition_adjusted_score,0.05020352452993393
170000,dense_rhs/candidate_2_switch_probability,0.6981797218322754
170000,dense_rhs/candidate_2_expected_net_benefit,0.05020331218838692
170000,dense_rhs/candidate_2_return,263.50689697265625
170000,dense_rhs/candidate_2_return_term,1.0
170000,dense_rhs/candidate_2_roughness_term,1.0
170000,dense_rhs/candidate_2_return_std_term,0.11727249622344971
170000,dense_rhs/candidate_2_learner_proxy_term,1.0
170000,dense_rhs/deployment_utility_enabled,1.0
170000,dense_rhs/deployment_utility_observations,2.0
170000,dense_rhs/deployment_utility_last_observed_gain,4.5
170000,dense_rhs/candidate_2_expected_eval_gain,0.0
170000,dense_rhs/candidate_2_eval_gain_uncertainty,150.0
170000,dense_rhs/candidate_2_deployment_utility_score,47.5
170000,dense_rhs/candidate_3_expected_eval_gain,7.54998779296875
170000,dense_rhs/candidate_3_eval_gain_uncertainty,1.7609112732955805
170000,dense_rhs/candidate_3_deployment_utility_score,7.990215611292645
170000,dense_rhs/candidate_4_expected_eval_gain,0.0
170000,dense_rhs/candidate_4_eval_gain_uncertainty,150.0
170000,dense_rhs/candidate_4_deployment_utility_score,40.34361671736369
170000,dense_rhs/deployment_utility_override,0.0
170000,dense_rhs/deployment_utility_selected_expected_gain,0.0
170000,dense_rhs/deployment_utility_selected_uncertainty,150.0
170000,dense_rhs/deployment_utility_selected_score,47.5
170000,dense_rhs/deployment_utility_proposed_horizon,2.0
170000,dense_rhs/deployment_utility_proposed_expected_gain,0.0
170000,dense_rhs/deployment_utility_proposed_uncertainty,150.0
170000,dense_rhs/deployment_utility_proposed_score,47.5
170000,dense_rhs/previous_horizon,3.0
170000,dense_rhs/training_bucket_horizon,2.0
170000,dense_rhs/best_h,2.0
170000,dense_rhs/prob_best_h,0.005859375
170000,dense_rhs/gauss_mean_best_h,0.2161465585231781
170000,dense_rhs/gauss_post_std_best_h,0.15066303312778473
170000,system/heartbeat,1.0
171992,episode/return,768.0
171992,episode/length,500.0
171993,episode/return,938.0
171993,episode/length,500.0
171994,episode/return,1000.0
171994,episode/length,500.0
171995,episode/return,701.0
171995,episode/length,500.0
171996,episode/return,843.0
171996,episode/length,500.0
171997,episode/return,696.0
171997,episode/length,500.0
171998,episode/return,941.0
171998,episode/length,500.0
171999,episode/return,771.0
171999,episode/length,500.0
175992,episode/return,894.0
175992,episode/length,500.0
175993,episode/return,772.0
175993,episode/length,500.0
175994,episode/return,702.0
175994,episode/length,500.0
175995,episode/return,701.0
175995,episode/length,500.0
175996,episode/return,940.0
175996,episode/length,500.0
175997,episode/return,728.0
175997,episode/length,500.0
175998,episode/return,809.0
175998,episode/length,500.0
175999,episode/return,849.0
175999,episode/length,500.0
179992,episode/return,846.0
179992,episode/length,500.0
179993,episode/return,763.0
179993,episode/length,500.0
179994,episode/return,894.0
179994,episode/length,500.0
179995,episode/return,937.0
179995,episode/length,500.0
179996,episode/return,768.0
179996,episode/length,500.0
179997,episode/return,700.0
179997,episode/length,500.0
179998,episode/return,850.0
179998,episode/length,500.0
179999,episode/return,889.0
179999,episode/length,500.0
180000,train/consistency_loss_mean,4.011303483184747e-06
180000,train/consistency_loss_std,1.3433292104892949e-05
180000,train/continue_loss_mean,0.0
180000,train/continue_loss_std,0.0
180000,train/grad_norm_mean,0.1682327089726925
180000,train/grad_norm_std,0.1737553814064331
180000,train/policy_log_std_mean,-0.6301135027567546
180000,train/policy_log_std_std,0.44458794703831234
180000,train/policy_loss_mean,-0.7201691390991211
180000,train/policy_loss_std,0.01327222681124953
180000,train/reward_loss_mean,0.39780038340091706
180000,train/reward_loss_std,0.014028217945257925
180000,train/total_loss_mean,0.08839793962836266
180000,train/total_loss_std,0.0018486287371734527
180000,train/value_loss_mean,0.4853767359972
180000,train/value_loss_std,0.005679354554477323
180000,train/value_scale_mean,143.71479298095704
180000,train/value_scale_std,0.8124319221713665
180000,timing/collect_chunk_s,89.33716481272131
180000,timing/train_chunk_s,197.73926109541208
180000,dense_rhs/training_bucket_horizon,2.0
180000,system/heartbeat,1.0
183992,episode/return,735.0
183992,episode/length,500.0
183993,episode/return,848.0
183993,episode/length,500.0
183994,episode/return,1000.0
183994,episode/length,500.0
183995,episode/return,894.0
183995,episode/length,500.0
183996,episode/return,808.0
183996,episode/length,500.0
183997,episode/return,938.0
183997,episode/length,500.0
183998,episode/return,941.0
183998,episode/length,500.0
183999,episode/return,810.0
183999,episode/length,500.0
187992,episode/return,936.0
187992,episode/length,500.0
187993,episode/return,941.0
187993,episode/length,500.0
187994,episode/return,702.0
187994,episode/length,500.0
187995,episode/return,702.0
187995,episode/length,500.0
187996,episode/return,894.0
187996,episode/length,500.0
187997,episode/return,937.0
187997,episode/length,500.0
187998,episode/return,769.0
187998,episode/length,500.0
187999,episode/return,893.0
187999,episode/length,500.0
190000,train/consistency_loss_mean,3.920272240065969e-06
190000,train/consistency_loss_std,9.342235194692418e-06
190000,train/continue_loss_mean,0.0
190000,train/continue_loss_std,0.0
190000,train/grad_norm_mean,0.16404678053855895
190000,train/grad_norm_std,0.16987967673409007
190000,train/policy_log_std_mean,-0.6056933704694112
190000,train/policy_log_std_std,0.3937541254514119
190000,train/policy_loss_mean,-0.7302676993370056
190000,train/policy_loss_std,0.012621275247191796
190000,train/reward_loss_mean,0.4002097247838974
190000,train/reward_loss_std,0.013756242251524449
190000,train/total_loss_mean,0.08872922394275665
190000,train/total_loss_std,0.0017957853323107378
190000,train/value_loss_mean,0.48629843146800994
190000,train/value_loss_std,0.005529674888973952
190000,train/value_scale_mean,142.30496323242187
190000,train/value_scale_std,0.6399038357907153
190000,timing/collect_chunk_s,48.39684641035274
190000,timing/train_chunk_s,16.25583465816453
190000,dense_rhs/training_bucket_horizon,2.0
190000,system/heartbeat,1.0
191992,episode/return,892.0
191992,episode/length,500.0
191993,episode/return,941.0
191993,episode/length,500.0
191994,episode/return,940.0
191994,episode/length,500.0
191995,episode/return,771.0
191995,episode/length,500.0
191996,episode/return,693.0
191996,episode/length,500.0
191997,episode/return,688.0
191997,episode/length,500.0
191998,episode/return,893.0
191998,episode/length,500.0
191999,episode/return,1000.0
191999,episode/length,500.0
195992,episode/return,735.0
195992,episode/length,500.0
195993,episode/return,807.0
195993,episode/length,500.0
195994,episode/return,941.0
195994,episode/length,500.0
195995,episode/return,892.0
195995,episode/length,500.0
195996,episode/return,986.0
195996,episode/length,500.0
195997,episode/return,850.0
195997,episode/length,500.0
195998,episode/return,729.0
195998,episode/length,500.0
195999,episode/return,894.0
195999,episode/length,500.0
199992,episode/return,850.0
199992,episode/length,500.0
199993,episode/return,808.0
199993,episode/length,500.0
199994,episode/return,893.0
199994,episode/length,500.0
199995,episode/return,848.0
199995,episode/length,500.0
199996,episode/return,941.0
199996,episode/length,500.0
199997,episode/return,941.0
199997,episode/length,500.0
199998,episode/return,731.0
199998,episode/length,500.0
199999,episode/return,941.0
199999,episode/length,500.0
200000,train/consistency_loss_mean,3.675263037348486e-06
200000,train/consistency_loss_std,1.3888802554718893e-05
200000,train/continue_loss_mean,0.0
200000,train/continue_loss_std,0.0
200000,train/grad_norm_mean,0.15666862921714783
200000,train/grad_norm_std,0.16630247253416983
200000,train/policy_log_std_mean,-0.6018437907536824
200000,train/policy_log_std_std,0.308301456988676
200000,train/policy_loss_mean,-0.7370820378303528
200000,train/policy_loss_std,0.012614928969408327
200000,train/reward_loss_mean,0.4022504058599472
200000,train/reward_loss_std,0.01380358299374009
200000,train/total_loss_mean,0.08895414794683457
200000,train/total_loss_std,0.0018247099270322904
200000,train/value_loss_mean,0.4865559918165207
200000,train/value_loss_std,0.005588906464153084
200000,train/value_scale_mean,141.44260578613282
200000,train/value_scale_std,0.6269629104894979
200000,timing/collect_chunk_s,53.26711315428838
200000,timing/train_chunk_s,16.2746041091159
200000,dense_rhs/training_bucket_horizon,2.0
200000,system/heartbeat,1.0
200000,timing/checkpoint_blocking_s,0.4259403250180185
200000,eval/return_mean,839.0499877929688
200000,eval/return_std,89.51116180419922
200000,eval/return_max,1000.0
200000,eval/return_min,702.0
200000,dense_rhs/deployment_utility_last_observed_gain,14.29998779296875
200000,dense_rhs/deployment_utility_observations,3.0
200000,timing/eval_s,16.40166015829891
200000,eval/selected_horizon,2.0
200000,eval/training_bucket_horizon,2.0
200000,system/heartbeat,1.0
203992,episode/return,809.0
203992,episode/length,500.0
203993,episode/return,734.0
203993,episode/length,500.0
203994,episode/return,703.0
203994,episode/length,500.0
203995,episode/return,811.0
203995,episode/length,500.0
203996,episode/return,676.0
203996,episode/length,500.0
203997,episode/return,736.0
203997,episode/length,500.0
203998,episode/return,943.0
203998,episode/length,500.0
203999,episode/return,767.0
203999,episode/length,500.0
207992,episode/return,937.0
207992,episode/length,500.0
207993,episode/return,698.0
207993,episode/length,500.0
207994,episode/return,974.0
207994,episode/length,500.0
207995,episode/return,849.0
207995,episode/length,500.0
207996,episode/return,727.0
207996,episode/length,500.0
207997,episode/return,937.0
207997,episode/length,500.0
207998,episode/return,767.0
207998,episode/length,500.0
207999,episode/return,848.0
207999,episode/length,500.0
210000,train/consistency_loss_mean,3.541470081654552e-06
210000,train/consistency_loss_std,9.671501058775814e-06
210000,train/continue_loss_mean,0.0
210000,train/continue_loss_std,0.0
210000,train/grad_norm_mean,0.15161129247546196
210000,train/grad_norm_std,0.16307242112848544
210000,train/policy_log_std_mean,-0.5756093461354573
210000,train/policy_log_std_std,0.3436618659593407
210000,train/policy_loss_mean,-0.7429216794013977
210000,train/policy_loss_std,0.012582061057440268
210000,train/reward_loss_mean,0.4035051900148392
210000,train/reward_loss_std,0.01363255876908204
210000,train/total_loss_mean,0.08909873633980751
210000,train/total_loss_std,0.001793977806523983
210000,train/value_loss_mean,0.4867738568782806
210000,train/value_loss_std,0.005572847328548891
210000,train/value_scale_mean,140.61324913330077
210000,train/value_scale_std,0.5675339098174286
210000,timing/collect_chunk_s,48.469628273975104
210000,timing/train_chunk_s,16.256471807602793
210000,dense_rhs/training_bucket_horizon,2.0
210000,system/heartbeat,1.0
211992,episode/return,694.0
211992,episode/length,500.0
211993,episode/return,848.0
211993,episode/length,500.0
211994,episode/return,695.0
211994,episode/length,500.0
211995,episode/return,895.0
211995,episode/length,500.0
211996,episode/return,702.0
211996,episode/length,500.0
211997,episode/return,730.0
211997,episode/length,500.0
211998,episode/return,894.0
211998,episode/length,500.0
211999,episode/return,894.0
211999,episode/length,500.0
215992,episode/return,735.0
215992,episode/length,500.0
215993,episode/return,974.0
215993,episode/length,500.0
215994,episode/return,941.0
215994,episode/length,500.0
215995,episode/return,942.0
215995,episode/length,500.0
215996,episode/return,893.0
215996,episode/length,500.0
215997,episode/return,678.0
215997,episode/length,500.0
215998,episode/return,809.0
215998,episode/length,500.0
215999,episode/return,881.0
215999,episode/length,500.0
219992,episode/return,671.0
219992,episode/length,500.0
219993,episode/return,941.0
219993,episode/length,500.0
219994,episode/return,809.0
219994,episode/length,500.0
219995,episode/return,974.0
219995,episode/length,500.0
219996,episode/return,937.0
219996,episode/length,500.0
219997,episode/return,810.0
219997,episode/length,500.0
219998,episode/return,942.0
219998,episode/length,500.0
219999,episode/return,987.0
219999,episode/length,500.0
220000,train/consistency_loss_mean,3.396745370991994e-06
220000,train/consistency_loss_std,1.0205484974699256e-05
220000,train/continue_loss_mean,0.0
220000,train/continue_loss_std,0.0
220000,train/grad_norm_mean,0.14360705746412278
220000,train/grad_norm_std,0.1572040490985273
220000,train/policy_log_std_mean,-0.5474894336382548
220000,train/policy_log_std_std,0.3107638134454053
220000,train/policy_loss_mean,-0.7488984009742737
220000,train/policy_loss_std,0.013041734667103812
220000,train/reward_loss_mean,0.40498142218589783
220000,train/reward_loss_std,0.013854915829610789
220000,train/total_loss_mean,0.08928088818788528
220000,train/total_loss_std,0.0018170683384844297
220000,train/value_loss_mean,0.4871480898857117
220000,train/value_loss_std,0.005558820393339093
220000,train/value_scale_mean,139.91166221923828
220000,train/value_scale_std,0.7326034822940684
220000,timing/collect_chunk_s,49.108699718955904
220000,timing/train_chunk_s,16.22631536377594
220000,dense_rhs/training_bucket_horizon,2.0
220000,system/heartbeat,1.0
220000,dense_rhs/selected_horizon,2.0
220000,dense_rhs/proposed_horizon,2.0
220000,dense_rhs/phase_id,0.0
220000,dense_rhs/num_active_horizons,7.0
220000,dense_rhs/num_candidate_horizons,2.0
220000,dense_rhs/entropy,1.6445072889328003
220000,dense_rhs/norm_entropy,0.8451095223426819
220000,dense_rhs/best_fitness,0.03162277489900589
220000,dense_rhs/deployment_score_best,1.2895411842629892e-25
220000,dense_rhs/incumbent_deployment_score,1.2895411842629892e-25
220000,dense_rhs/proposed_deployment_score,1.2895411842629892e-25
220000,dense_rhs/proposed_transition_cost,0.0
220000,dense_rhs/proposed_switch_probability,0.5
220000,dense_rhs/proposed_expected_net_benefit,0.0
220000,dense_rhs/transition_cost_best,0.0
220000,dense_rhs/transition_adjusted_score_best,1.2895411842629892e-25
220000,dense_rhs/switch_probability_best,0.5
220000,dense_rhs/expected_improvement_best,0.08500251919031143
220000,dense_rhs/expected_loss_best,0.08500251919031143
220000,dense_rhs/expected_net_benefit_best,0.0
220000,dense_rhs/return_term_best,0.0
220000,dense_rhs/roughness_term_best,1.0
220000,dense_rhs/return_std_term_best,0.12895411252975464
220000,dense_rhs/learner_proxy_term_best,1.0
220000,dense_rhs/model_prefix_loss_best,0.23878443241119385
220000,dense_rhs/model_probe_prefix_best,0.1098870038986206
220000,dense_rhs/planner_return_best,200.94044494628906
220000,dense_rhs/roughness_best,0.0040234713815152645
220000,dense_rhs/robust_return_best,190.47459411621094
220000,timing/query_model_diag_s,14.769427828025073
220000,timing/query_env_eval_s,21.73410689411685
220000,timing/query_finalize_s,0.006298157852143049
220000,timing/query_total_s,36.51600343780592
220000,dense_rhs/candidate_2_fitness,0.03162277489900589
220000,dense_rhs/candidate_2_deployment_score,1.2895411842629892e-25
220000,dense_rhs/candidate_2_transition_cost,0.0
220000,dense_rhs/candidate_2_transition_adjusted_score,1.2895411842629892e-25
220000,dense_rhs/candidate_2_switch_probability,0.5
220000,dense_rhs/candidate_2_expected_net_benefit,0.0
220000,dense_rhs/candidate_2_return,190.47459411621094
220000,dense_rhs/candidate_2_return_term,0.0
220000,dense_rhs/candidate_2_roughness_term,1.0
220000,dense_rhs/candidate_2_return_std_term,0.12895411252975464
220000,dense_rhs/candidate_2_learner_proxy_term,1.0
220000,dense_rhs/candidate_3_fitness,0.03162277489900589
220000,dense_rhs/candidate_3_deployment_score,9.400905014445016e-07
220000,dense_rhs/candidate_3_transition_cost,0.05811101198196411
220000,dense_rhs/candidate_3_transition_adjusted_score,-0.0581100732088089
220000,dense_rhs/candidate_3_switch_probability,0.3877822458744049
220000,dense_rhs/candidate_3_expected_net_benefit,-0.0581100694835186
220000,dense_rhs/candidate_3_return,214.89991760253906
220000,dense_rhs/candidate_3_return_term,1.0
220000,dense_rhs/candidate_3_roughness_term,0.9858320951461792
220000,dense_rhs/candidate_3_return_std_term,0.0
220000,dense_rhs/candidate_3_learner_proxy_term,0.9536010026931763
220000,dense_rhs/deployment_utility_enabled,1.0
220000,dense_rhs/deployment_utility_observations,3.0
220000,dense_rhs/deployment_utility_last_observed_gain,14.29998779296875
220000,dense_rhs/candidate_2_expected_eval_gain,14.29998779296875
220000,dense_rhs/candidate_2_eval_gain_uncertainty,106.06601717798212
220000,dense_rhs/candidate_2_deployment_utility_score,40.81649208746428
220000,dense_rhs/candidate_3_expected_eval_gain,7.54998779296875
220000,dense_rhs/candidate_3_eval_gain_uncertainty,1.7609112732955805
220000,dense_rhs/candidate_3_deployment_utility_score,17.990215611292644
220000,dense_rhs/deployment_utility_override,0.0
220000,dense_rhs/deployment_utility_selected_expected_gain,14.29998779296875
220000,dense_rhs/deployment_utility_selected_uncertainty,106.06601717798212
220000,dense_rhs/deployment_utility_selected_score,40.81649208746428
220000,dense_rhs/deployment_utility_proposed_horizon,2.0
220000,dense_rhs/deployment_utility_proposed_expected_gain,14.29998779296875
220000,dense_rhs/deployment_utility_proposed_uncertainty,106.06601717798212
220000,dense_rhs/deployment_utility_proposed_score,40.81649208746428
220000,dense_rhs/previous_horizon,2.0
220000,dense_rhs/training_bucket_horizon,2.0
220000,dense_rhs/best_h,2.0
220000,dense_rhs/prob_best_h,0.0
220000,dense_rhs/gauss_mean_best_h,0.1700156033039093
220000,dense_rhs/gauss_post_std_best_h,0.11985170841217041
220000,system/heartbeat,1.0
223992,episode/return,849.0
223992,episode/length,500.0
223993,episode/return,810.0
223993,episode/length,500.0
223994,episode/return,939.0
223994,episode/length,500.0
223995,episode/return,894.0
223995,episode/length,500.0
223996,episode/return,771.0
223996,episode/length,500.0
223997,episode/return,1000.0
223997,episode/length,500.0
223998,episode/return,849.0
223998,episode/length,500.0
223999,episode/return,810.0
223999,episode/length,500.0
227992,episode/return,939.0
227992,episode/length,500.0
227993,episode/return,764.0
227993,episode/length,500.0
227994,episode/return,942.0
227994,episode/length,500.0
227995,episode/return,893.0
227995,episode/length,500.0
227996,episode/return,921.0
227996,episode/length,500.0
227997,episode/return,698.0
227997,episode/length,500.0
227998,episode/return,894.0
227998,episode/length,500.0
227999,episode/return,703.0
227999,episode/length,500.0
230000,train/consistency_loss_mean,4.223416281638493e-06
230000,train/consistency_loss_std,1.6155565174019113e-05
230000,train/continue_loss_mean,0.0
230000,train/continue_loss_std,0.0
230000,train/grad_norm_mean,0.14035663029253484
230000,train/grad_norm_std,0.15178201826572574
230000,train/policy_log_std_mean,-0.6145321714401245
230000,train/policy_log_std_std,0.46607181428373484
230000,train/policy_loss_mean,-0.7601103830337524
230000,train/policy_loss_std,0.013387673682491585
230000,train/reward_loss_mean,0.4069872660636902
230000,train/reward_loss_std,0.013473677739471461
230000,train/total_loss_mean,0.08953380977511406
230000,train/total_loss_std,0.0017849200419970267
230000,train/value_loss_mean,0.48750613467693327
230000,train/value_loss_std,0.005356044916938977
230000,train/value_scale_mean,138.39611199951173
230000,train/value_scale_std,1.002681083945521
230000,timing/collect_chunk_s,48.6268068975769
230000,timing/train_chunk_s,16.25900303479284
230000,dense_rhs/training_bucket_horizon,2.0
230000,system/heartbeat,1.0
231992,episode/return,894.0
231992,episode/length,500.0
231993,episode/return,974.0
231993,episode/length,500.0
231994,episode/return,893.0
231994,episode/length,500.0
231995,episode/return,736.0
231995,episode/length,500.0
231996,episode/return,697.0
231996,episode/length,500.0
231997,episode/return,943.0
231997,episode/length,500.0
231998,episode/return,811.0
231998,episode/length,500.0
231999,episode/return,943.0
231999,episode/length,500.0
235992,episode/return,703.0
235992,episode/length,500.0
235993,episode/return,736.0
235993,episode/length,500.0
235994,episode/return,810.0
235994,episode/length,500.0
235995,episode/return,937.0
235995,episode/length,500.0
235996,episode/return,735.0
235996,episode/length,500.0
235997,episode/return,851.0
235997,episode/length,500.0
235998,episode/return,940.0
235998,episode/length,500.0
235999,episode/return,942.0
235999,episode/length,500.0
239992,episode/return,729.0
239992,episode/length,500.0
239993,episode/return,795.0
239993,episode/length,500.0
239994,episode/return,940.0
239994,episode/length,500.0
239995,episode/return,943.0
239995,episode/length,500.0
239996,episode/return,1000.0
239996,episode/length,500.0
239997,episode/return,765.0
239997,episode/length,500.0
239998,episode/return,850.0
239998,episode/length,500.0
239999,episode/return,728.0
239999,episode/length,500.0
240000,train/consistency_loss_mean,2.610191128587758e-06
240000,train/consistency_loss_std,6.453302301808992e-06
240000,train/continue_loss_mean,0.0
240000,train/continue_loss_std,0.0
240000,train/grad_norm_mean,0.1339211759030819
240000,train/grad_norm_std,0.1491926382694997
240000,train/policy_log_std_mean,-0.6588167752901714
240000,train/policy_log_std_std,0.4222288755345274
240000,train/policy_loss_mean,-0.7632908990859986
240000,train/policy_loss_std,0.012627170199076622
240000,train/reward_loss_mean,0.40822858259677886
240000,train/reward_loss_std,0.01351239251263545
240000,train/total_loss_mean,0.08933309844732285
240000,train/total_loss_std,0.0017460273298020492
240000,train/value_loss_mean,0.4845803497552872
240000,train/value_loss_std,0.005336351940416173
240000,train/value_scale_mean,138.89283768310545
240000,train/value_scale_std,0.6711578313038947
240000,timing/collect_chunk_s,48.49219049559906
240000,timing/train_chunk_s,16.209369191434234
240000,dense_rhs/training_bucket_horizon,2.0
240000,system/heartbeat,1.0
243992,episode/return,728.0
243992,episode/length,500.0
243993,episode/return,973.0
243993,episode/length,500.0
243994,episode/return,943.0
243994,episode/length,500.0
243995,episode/return,646.0
243995,episode/length,500.0
243996,episode/return,943.0
243996,episode/length,500.0
243997,episode/return,893.0
243997,episode/length,500.0
243998,episode/return,943.0
243998,episode/length,500.0
243999,episode/return,762.0
243999,episode/length,500.0
247992,episode/return,696.0
247992,episode/length,500.0
247993,episode/return,895.0
247993,episode/length,500.0
247994,episode/return,766.0
247994,episode/length,500.0
247995,episode/return,942.0
247995,episode/length,500.0
247996,episode/return,943.0
247996,episode/length,500.0
247997,episode/return,809.0
247997,episode/length,500.0
247998,episode/return,612.0
247998,episode/length,500.0
247999,episode/return,830.0
247999,episode/length,500.0
250000,train/consistency_loss_mean,4.01836000937692e-06
250000,train/consistency_loss_std,1.3106032165205664e-05
250000,train/continue_loss_mean,0.0
250000,train/continue_loss_std,0.0
250000,train/grad_norm_mean,0.13129437702894212
250000,train/grad_norm_std,0.1448355207626611
250000,train/policy_log_std_mean,-0.657041871992747
250000,train/policy_log_std_std,0.45224186627957386
250000,train/policy_loss_mean,-0.7715074721813202
250000,train/policy_loss_std,0.012626324310502791
250000,train/reward_loss_mean,0.40933296618461606
250000,train/reward_loss_std,0.013558246183469538
250000,train/total_loss_mean,0.08964527952075005
250000,train/total_loss_std,0.0017800728546417636
250000,train/value_loss_mean,0.48631614775657656
250000,train/value_loss_std,0.005490804662895496
250000,train/value_scale_mean,137.33096356201173
250000,train/value_scale_std,0.7360973555893812
250000,timing/collect_chunk_s,52.46230383357033
250000,timing/train_chunk_s,16.208010126370937
250000,dense_rhs/training_bucket_horizon,2.0
250000,system/heartbeat,1.0
250000,timing/checkpoint_blocking_s,0.4109684438444674
250000,eval/return_mean,822.2000122070312
250000,eval/return_std,104.46607971191406
250000,eval/return_max,987.0
250000,eval/return_min,680.0
250000,dense_rhs/deployment_utility_last_observed_gain,-16.8499755859375
250000,dense_rhs/deployment_utility_observations,4.0
250000,timing/eval_s,5.3804880529642105
250000,eval/selected_horizon,2.0
250000,eval/training_bucket_horizon,2.0
250000,system/heartbeat,1.0
251992,episode/return,894.0
251992,episode/length,500.0
251993,episode/return,702.0
251993,episode/length,500.0
251994,episode/return,797.0
251994,episode/length,500.0
251995,episode/return,895.0
251995,episode/length,500.0
251996,episode/return,847.0
251996,episode/length,500.0
251997,episode/return,764.0
251997,episode/length,500.0
251998,episode/return,696.0
251998,episode/length,500.0
251999,episode/return,699.0
251999,episode/length,500.0
255992,episode/return,939.0
255992,episode/length,500.0
255993,episode/return,810.0
255993,episode/length,500.0
255994,episode/return,704.0
255994,episode/length,500.0
255995,episode/return,925.0
255995,episode/length,500.0
255996,episode/return,939.0
255996,episode/length,500.0
255997,episode/return,727.0
255997,episode/length,500.0
255998,episode/return,733.0
255998,episode/length,500.0
255999,episode/return,737.0
255999,episode/length,500.0
259992,episode/return,942.0
259992,episode/length,500.0
259993,episode/return,894.0
259993,episode/length,500.0
259994,episode/return,894.0
259994,episode/length,500.0
259995,episode/return,942.0
259995,episode/length,500.0
259996,episode/return,942.0
259996,episode/length,500.0
259997,episode/return,697.0
259997,episode/length,500.0
259998,episode/return,883.0
259998,episode/length,500.0
259999,episode/return,696.0
259999,episode/length,500.0
260000,train/consistency_loss_mean,3.852633752103429e-06
260000,train/consistency_loss_std,1.9482875270634814e-05
260000,train/continue_loss_mean,0.0
260000,train/continue_loss_std,0.0
260000,train/grad_norm_mean,0.1269112765043974
260000,train/grad_norm_std,0.1430238769725009
260000,train/policy_log_std_mean,-0.5744940533320109
260000,train/policy_log_std_std,0.33866390069705526
260000,train/policy_loss_mean,-0.7790248770713806
260000,train/policy_loss_std,0.013199461518098579
260000,train/reward_loss_mean,0.4099247170686722
260000,train/reward_loss_std,0.013315146498367455
260000,train/total_loss_mean,0.08969343190193177
260000,train/total_loss_std,0.001783555523957031
260000,train/value_loss_mean,0.48623906378746035
260000,train/value_loss_std,0.005479125482582311
260000,train/value_scale_mean,136.25521549072266
260000,train/value_scale_std,1.0595628587910664
260000,timing/collect_chunk_s,48.60855762893334
260000,timing/train_chunk_s,16.178564738947898
260000,dense_rhs/training_bucket_horizon,2.0
260000,system/heartbeat,1.0
263992,episode/return,629.0
263992,episode/length,500.0
263993,episode/return,675.0
263993,episode/length,500.0
263994,episode/return,699.0
263994,episode/length,500.0
263995,episode/return,737.0
263995,episode/length,500.0
263996,episode/return,700.0
263996,episode/length,500.0
263997,episode/return,942.0
263997,episode/length,500.0
263998,episode/return,937.0
263998,episode/length,500.0
263999,episode/return,814.0
263999,episode/length,500.0
267992,episode/return,941.0
267992,episode/length,500.0
267993,episode/return,698.0
267993,episode/length,500.0
267994,episode/return,672.0
267994,episode/length,500.0
267995,episode/return,939.0
267995,episode/length,500.0
267996,episode/return,695.0
267996,episode/length,500.0
267997,episode/return,732.0
267997,episode/length,500.0
267998,episode/return,816.0
267998,episode/length,500.0
267999,episode/return,727.0
267999,episode/length,500.0
270000,train/consistency_loss_mean,4.0158045372209015e-06
270000,train/consistency_loss_std,1.8846847201714973e-05
270000,train/continue_loss_mean,0.0
270000,train/continue_loss_std,0.0
270000,train/grad_norm_mean,0.12709953687787057
270000,train/grad_norm_std,0.1335691985542031
270000,train/policy_log_std_mean,-0.6557836621920268
270000,train/policy_log_std_std,0.40681290199598263
270000,train/policy_loss_mean,-0.7794440398216248
270000,train/policy_loss_std,0.012797415952347253
270000,train/reward_loss_mean,0.4101659275531769
270000,train/reward_loss_std,0.013350643678747588
270000,train/total_loss_mean,0.08982924052476883
270000,train/total_loss_std,0.0017829427588155926
270000,train/value_loss_mean,0.4873233008384705
270000,train/value_loss_std,0.005404984363528676
270000,train/value_scale_mean,135.9595013671875
270000,train/value_scale_std,0.6762191662039951
270000,timing/collect_chunk_s,48.807074948213995
270000,timing/train_chunk_s,16.234365954995155
270000,dense_rhs/training_bucket_horizon,2.0
270000,system/heartbeat,1.0
270000,dense_rhs/selected_horizon,2.0
270000,dense_rhs/proposed_horizon,2.0
270000,dense_rhs/phase_id,0.0
270000,dense_rhs/num_active_horizons,7.0
270000,dense_rhs/num_candidate_horizons,2.0
270000,dense_rhs/entropy,1.6613848209381104
270000,dense_rhs/norm_entropy,0.8537828326225281
270000,dense_rhs/best_fitness,0.7075734734535217
270000,dense_rhs/deployment_score_best,0.18483000993728638
270000,dense_rhs/incumbent_deployment_score,0.18483000993728638
270000,dense_rhs/proposed_deployment_score,0.18483000993728638
270000,dense_rhs/proposed_transition_cost,0.0
270000,dense_rhs/proposed_switch_probability,0.5
270000,dense_rhs/proposed_expected_net_benefit,0.0
270000,dense_rhs/transition_cost_best,0.0
270000,dense_rhs/transition_adjusted_score_best,0.18483000993728638
270000,dense_rhs/switch_probability_best,0.5
270000,dense_rhs/expected_improvement_best,0.06761908531188965
270000,dense_rhs/expected_loss_best,0.06761908531188965
270000,dense_rhs/expected_net_benefit_best,0.0
270000,dense_rhs/return_term_best,0.903433084487915
270000,dense_rhs/roughness_term_best,1.0
270000,dense_rhs/return_std_term_best,0.27745240926742554
270000,dense_rhs/learner_proxy_term_best,1.0
270000,dense_rhs/model_prefix_loss_best,0.24451389908790588
270000,dense_rhs/model_probe_prefix_best,0.1132466048002243
270000,dense_rhs/planner_return_best,202.07351684570312
270000,dense_rhs/roughness_best,0.0015278550563380122
270000,dense_rhs/robust_return_best,196.25888061523438
270000,timing/query_model_diag_s,0.011810065247118473
270000,timing/query_env_eval_s,5.001592042855918
270000,timing/query_finalize_s,0.003968125209212303
270000,timing/query_total_s,5.022705799899995
270000,dense_rhs/candidate_2_fitness,0.7075734734535217
270000,dense_rhs/candidate_2_deployment_score,0.18483000993728638
270000,dense_rhs/candidate_2_transition_cost,0.0
270000,dense_rhs/candidate_2_transition_adjusted_score,0.18483000993728638
270000,dense_rhs/candidate_2_switch_probability,0.5
270000,dense_rhs/candidate_2_expected_net_benefit,0.0
270000,dense_rhs/candidate_2_return,196.25888061523438
270000,dense_rhs/candidate_2_return_term,0.903433084487915
270000,dense_rhs/candidate_2_roughness_term,1.0
270000,dense_rhs/candidate_2_return_std_term,0.27745240926742554
270000,dense_rhs/candidate_2_learner_proxy_term,1.0
270000,dense_rhs/candidate_3_fitness,0.03162277489900589
270000,dense_rhs/candidate_3_deployment_score,9.736900886109724e-31
270000,dense_rhs/candidate_3_transition_cost,0.045272015035152435
270000,dense_rhs/candidate_3_transition_adjusted_score,-0.045272015035152435
270000,dense_rhs/candidate_3_switch_probability,0.08982780575752258
270000,dense_rhs/candidate_3_expected_net_benefit,-0.2301020473241806
270000,dense_rhs/candidate_3_return,142.2245635986328
270000,dense_rhs/candidate_3_return_term,0.0
270000,dense_rhs/candidate_3_roughness_term,0.9931895136833191
270000,dense_rhs/candidate_3_return_std_term,0.0
270000,dense_rhs/candidate_3_learner_proxy_term,0.9803668856620789
270000,dense_rhs/deployment_utility_enabled,1.0
270000,dense_rhs/deployment_utility_observations,4.0
270000,dense_rhs/deployment_utility_last_observed_gain,-16.8499755859375
270000,dense_rhs/candidate_2_expected_eval_gain,-1.274993896484375
270000,dense_rhs/candidate_2_eval_gain_uncertainty,8.992219871029254
270000,dense_rhs/candidate_2_deployment_utility_score,10.973061071272939
270000,dense_rhs/candidate_3_expected_eval_gain,7.54998779296875
270000,dense_rhs/candidate_3_eval_gain_uncertainty,1.7609112732955805
270000,dense_rhs/candidate_3_deployment_utility_score,7.990215611292645
270000,dense_rhs/deployment_utility_override,0.0
270000,dense_rhs/deployment_utility_selected_expected_gain,-1.274993896484375
270000,dense_rhs/deployment_utility_selected_uncertainty,8.992219871029254
270000,dense_rhs/deployment_utility_selected_score,10.973061071272939
270000,dense_rhs/deployment_utility_proposed_horizon,2.0
270000,dense_rhs/deployment_utility_proposed_expected_gain,-1.274993896484375
270000,dense_rhs/deployment_utility_proposed_uncertainty,8.992219871029254
270000,dense_rhs/deployment_utility_proposed_score,10.973061071272939
270000,dense_rhs/previous_horizon,2.0
270000,dense_rhs/training_bucket_horizon,2.0
270000,dense_rhs/best_h,2.0
270000,dense_rhs/prob_best_h,0.015625
270000,dense_rhs/gauss_mean_best_h,0.27752718329429626
270000,dense_rhs/gauss_post_std_best_h,0.13579480350017548
270000,system/heartbeat,1.0
271992,episode/return,770.0
271992,episode/length,500.0
271993,episode/return,725.0
271993,episode/length,500.0
271994,episode/return,944.0
271994,episode/length,500.0
271995,episode/return,784.0
271995,episode/length,500.0
271996,episode/return,727.0
271996,episode/length,500.0
271997,episode/return,801.0
271997,episode/length,500.0
271998,episode/return,938.0
271998,episode/length,500.0
271999,episode/return,692.0
271999,episode/length,500.0
275992,episode/return,811.0
275992,episode/length,500.0
275993,episode/return,894.0
275993,episode/length,500.0
275994,episode/return,894.0
275994,episode/length,500.0
275995,episode/return,770.0
275995,episode/length,500.0
275996,episode/return,940.0
275996,episode/length,500.0
275997,episode/return,850.0
275997,episode/length,500.0
275998,episode/return,811.0
275998,episode/length,500.0
275999,episode/return,942.0
275999,episode/length,500.0
279992,episode/return,849.0
279992,episode/length,500.0
279993,episode/return,895.0
279993,episode/length,500.0
279994,episode/return,972.0
279994,episode/length,500.0
279995,episode/return,768.0
279995,episode/length,500.0
279996,episode/return,810.0
279996,episode/length,500.0
279997,episode/return,705.0
279997,episode/length,500.0
279998,episode/return,704.0
279998,episode/length,500.0
279999,episode/return,696.0
279999,episode/length,500.0
280000,train/consistency_loss_mean,3.508601541579992e-06
280000,train/consistency_loss_std,1.345227111779645e-05
280000,train/continue_loss_mean,0.0
280000,train/continue_loss_std,0.0
280000,train/grad_norm_mean,0.12335842507183552
280000,train/grad_norm_std,0.13249687461056386
280000,train/policy_log_std_mean,-0.5536107126235962
280000,train/policy_log_std_std,0.34430198732753886
280000,train/policy_loss_mean,-0.7859709752082825
280000,train/policy_loss_std,0.013303585131422423
280000,train/reward_loss_mean,0.4108479875802994
280000,train/reward_loss_std,0.013428707649063938
280000,train/total_loss_mean,0.08988777212500572
280000,train/total_loss_std,0.0017606709589985724
280000,train/value_loss_mean,0.48732800087928774
280000,train/value_loss_std,0.005417320426740018
280000,train/value_scale_mean,135.06987092285155
280000,train/value_scale_std,1.0640680237763704
280000,timing/collect_chunk_s,54.05625524837524
280000,timing/train_chunk_s,16.193039605394006
280000,dense_rhs/training_bucket_horizon,2.0
280000,system/heartbeat,1.0
283992,episode/return,798.0
283992,episode/length,500.0
283993,episode/return,894.0
283993,episode/length,500.0
283994,episode/return,699.0
283994,episode/length,500.0
283995,episode/return,790.0
283995,episode/length,500.0
283996,episode/return,894.0
283996,episode/length,500.0
283997,episode/return,942.0
283997,episode/length,500.0
283998,episode/return,810.0
283998,episode/length,500.0
283999,episode/return,1000.0
283999,episode/length,500.0
287992,episode/return,774.0
287992,episode/length,500.0
287993,episode/return,895.0
287993,episode/length,500.0
287994,episode/return,987.0
287994,episode/length,500.0
287995,episode/return,851.0
287995,episode/length,500.0
287996,episode/return,808.0
287996,episode/length,500.0
287997,episode/return,894.0
287997,episode/length,500.0
287998,episode/return,986.0
287998,episode/length,500.0
287999,episode/return,847.0
287999,episode/length,500.0
290000,train/consistency_loss_mean,4.836250158314215e-06
290000,train/consistency_loss_std,3.137374260170424e-05
290000,train/continue_loss_mean,0.0
290000,train/continue_loss_std,0.0
290000,train/grad_norm_mean,0.1202599700242281
290000,train/grad_norm_std,0.12916741572504523
290000,train/policy_log_std_mean,-0.576661638323466
290000,train/policy_log_std_std,0.34796188362934316
290000,train/policy_loss_mean,-0.7900768831729889
290000,train/policy_loss_std,0.013183843271800746
290000,train/reward_loss_mean,0.41196703326702117
290000,train/reward_loss_std,0.013256818003335285
290000,train/total_loss_mean,0.09010301141142846
290000,train/total_loss_std,0.0018482725244606244
290000,train/value_loss_mean,0.48809582090377807
290000,train/value_loss_std,0.005357151012401363
290000,train/value_scale_mean,134.30449221191407
290000,train/value_scale_std,0.8241803579390906
290000,timing/collect_chunk_s,49.48728195996955
290000,timing/train_chunk_s,16.231230509467423
290000,dense_rhs/training_bucket_horizon,2.0
290000,system/heartbeat,1.0
291992,episode/return,850.0
291992,episode/length,500.0
291993,episode/return,736.0
291993,episode/length,500.0
291994,episode/return,831.0
291994,episode/length,500.0
291995,episode/return,848.0
291995,episode/length,500.0
291996,episode/return,942.0
291996,episode/length,500.0
291997,episode/return,761.0
291997,episode/length,500.0
291998,episode/return,894.0
291998,episode/length,500.0
291999,episode/return,809.0
291999,episode/length,500.0
295992,episode/return,943.0
295992,episode/length,500.0
295993,episode/return,894.0
295993,episode/length,500.0
295994,episode/return,893.0
295994,episode/length,500.0
295995,episode/return,851.0
295995,episode/length,500.0
295996,episode/return,809.0
295996,episode/length,500.0
295997,episode/return,894.0
295997,episode/length,500.0
295998,episode/return,847.0
295998,episode/length,500.0
295999,episode/return,941.0
295999,episode/length,500.0
299992,episode/return,893.0
299992,episode/length,500.0
299993,episode/return,893.0
299993,episode/length,500.0
299994,episode/return,702.0
299994,episode/length,500.0
299995,episode/return,766.0
299995,episode/length,500.0
299996,episode/return,772.0
299996,episode/length,500.0
299997,episode/return,894.0
299997,episode/length,500.0
299998,episode/return,938.0
299998,episode/length,500.0
299999,episode/return,810.0
299999,episode/length,500.0
300000,train/consistency_loss_mean,5.774330768235814e-06
300000,train/consistency_loss_std,4.1202123872478094e-05
300000,train/continue_loss_mean,0.0
300000,train/continue_loss_std,0.0
300000,train/grad_norm_mean,0.11864744876623154
300000,train/grad_norm_std,0.12968467660912672
300000,train/policy_log_std_mean,-0.6333545952796936
300000,train/policy_log_std_std,0.291294279610665
300000,train/policy_loss_mean,-0.7947238499164582
300000,train/policy_loss_std,0.013118102787493754
300000,train/reward_loss_mean,0.41298172347545625
300000,train/reward_loss_std,0.013086621647691839
300000,train/total_loss_mean,0.0901993786931038
300000,train/total_loss_std,0.0018972097893821603
300000,train/value_loss_mean,0.4878571866989136
300000,train/value_loss_std,0.005318607205802584
300000,train/value_scale_mean,133.9184130371094
300000,train/value_scale_std,0.8521377146150863
300000,timing/collect_chunk_s,54.29798591276631
300000,timing/train_chunk_s,16.24432275025174
300000,dense_rhs/training_bucket_horizon,2.0
300000,system/heartbeat,1.0
300000,timing/checkpoint_blocking_s,0.39260502299293876
300000,eval/return_mean,805.0499877929688
300000,eval/return_std,114.13741302490234
300000,eval/return_max,1000.0
300000,eval/return_min,682.0
300000,dense_rhs/deployment_utility_last_observed_gain,-17.1500244140625
300000,dense_rhs/deployment_utility_observations,5.0
300000,timing/eval_s,5.38908447092399
300000,eval/selected_horizon,2.0
300000,eval/training_bucket_horizon,2.0
300000,system/heartbeat,1.0
303992,episode/return,811.0
303992,episode/length,500.0
303993,episode/return,704.0
303993,episode/length,500.0
303994,episode/return,937.0
303994,episode/length,500.0
303995,episode/return,655.0
303995,episode/length,500.0
303996,episode/return,938.0
303996,episode/length,500.0
303997,episode/return,704.0
303997,episode/length,500.0
303998,episode/return,935.0
303998,episode/length,500.0
303999,episode/return,935.0
303999,episode/length,500.0
307992,episode/return,893.0
307992,episode/length,500.0
307993,episode/return,702.0
307993,episode/length,500.0
307994,episode/return,937.0
307994,episode/length,500.0
307995,episode/return,850.0
307995,episode/length,500.0
307996,episode/return,772.0
307996,episode/length,500.0
307997,episode/return,942.0
307997,episode/length,500.0
307998,episode/return,848.0
307998,episode/length,500.0
307999,episode/return,937.0
307999,episode/length,500.0
310000,train/consistency_loss_mean,5.142255819509955e-06
310000,train/consistency_loss_std,3.032522054210586e-05
310000,train/continue_loss_mean,0.0
310000,train/continue_loss_std,0.0
310000,train/grad_norm_mean,0.11269011996984482
310000,train/grad_norm_std,0.12083050460324865
310000,train/policy_log_std_mean,-0.6866466969807943
310000,train/policy_log_std_std,0.36776195658025623
310000,train/policy_loss_mean,-0.7997193894863128
310000,train/policy_loss_std,0.013085620578149864
310000,train/reward_loss_mean,0.4135322265625
310000,train/reward_loss_std,0.01313787468286077
310000,train/total_loss_mean,0.09027719730734825
310000,train/total_loss_std,0.0018178544938814891
310000,train/value_loss_mean,0.48821128706932065
310000,train/value_loss_std,0.005270653646493292
310000,train/value_scale_mean,133.16710432128906
310000,train/value_scale_std,0.8198399968378066
310000,timing/collect_chunk_s,49.26935781817883
310000,timing/train_chunk_s,16.221390049904585
310000,dense_rhs/training_bucket_horizon,2.0
310000,system/heartbeat,1.0
311992,episode/return,763.0
311992,episode/length,500.0
311993,episode/return,849.0
311993,episode/length,500.0
311994,episode/return,690.0
311994,episode/length,500.0
311995,episode/return,771.0
311995,episode/length,500.0
311996,episode/return,688.0
311996,episode/length,500.0
311997,episode/return,851.0
311997,episode/length,500.0
311998,episode/return,703.0
311998,episode/length,500.0
311999,episode/return,772.0
311999,episode/length,500.0
315992,episode/return,986.0
315992,episode/length,500.0
315993,episode/return,987.0
315993,episode/length,500.0
315994,episode/return,938.0
315994,episode/length,500.0
315995,episode/return,986.0
315995,episode/length,500.0
315996,episode/return,811.0
315996,episode/length,500.0
315997,episode/return,943.0
315997,episode/length,500.0
315998,episode/return,700.0
315998,episode/length,500.0
315999,episode/return,705.0
315999,episode/length,500.0
319992,episode/return,726.0
319992,episode/length,500.0
319993,episode/return,895.0
319993,episode/length,500.0
319994,episode/return,808.0
319994,episode/length,500.0
319995,episode/return,705.0
319995,episode/length,500.0
319996,episode/return,763.0
319996,episode/length,500.0
319997,episode/return,848.0
319997,episode/length,500.0
319998,episode/return,736.0
319998,episode/length,500.0
319999,episode/return,895.0
319999,episode/length,500.0
320000,train/consistency_loss_mean,4.811141280424636e-06
320000,train/consistency_loss_std,3.0896444057372575e-05
320000,train/continue_loss_mean,0.0
320000,train/continue_loss_std,0.0
320000,train/grad_norm_mean,0.11164337904155254
320000,train/grad_norm_std,0.11806243109760392
320000,train/policy_log_std_mean,-0.625746151638031
320000,train/policy_log_std_std,0.40460579559271503
320000,train/policy_loss_mean,-0.8084079732894898
320000,train/policy_loss_std,0.013636656043217846
320000,train/reward_loss_mean,0.41438513667583465
320000,train/reward_loss_std,0.01333313744978179
320000,train/total_loss_mean,0.09049238033890725
320000,train/total_loss_std,0.0018471539502564946
320000,train/value_loss_mean,0.4895764236450195
320000,train/value_loss_std,0.0053154816026572994
320000,train/value_scale_mean,131.51046029052733
320000,train/value_scale_std,0.986111263312564
320000,timing/collect_chunk_s,49.311838530469686
320000,timing/train_chunk_s,16.237054508645087
320000,dense_rhs/training_bucket_horizon,2.0
320000,system/heartbeat,1.0
320000,dense_rhs/selected_horizon,3.0
320000,dense_rhs/proposed_horizon,2.0
320000,dense_rhs/phase_id,0.0
320000,dense_rhs/num_active_horizons,7.0
320000,dense_rhs/num_candidate_horizons,2.0
320000,dense_rhs/entropy,1.6861674785614014
320000,dense_rhs/norm_entropy,0.8665186166763306
320000,dense_rhs/best_fitness,0.03162277489900589
320000,dense_rhs/deployment_score_best,8.510359066349338e-07
320000,dense_rhs/incumbent_deployment_score,0.012184626422822475
320000,dense_rhs/proposed_deployment_score,0.012184626422822475
320000,dense_rhs/proposed_transition_cost,0.0
320000,dense_rhs/proposed_switch_probability,0.5
320000,dense_rhs/proposed_expected_net_benefit,0.0
320000,dense_rhs/transition_cost_best,0.0
320000,dense_rhs/transition_adjusted_score_best,0.012184626422822475
320000,dense_rhs/switch_probability_best,0.5
320000,dense_rhs/expected_improvement_best,0.07661401480436325
320000,dense_rhs/expected_loss_best,0.07661401480436325
320000,dense_rhs/expected_net_benefit_best,0.0
320000,dense_rhs/return_term_best,1.0
320000,dense_rhs/roughness_term_best,0.9726240634918213
320000,dense_rhs/return_std_term_best,0.0
320000,dense_rhs/learner_proxy_term_best,0.8749895095825195
320000,dense_rhs/model_prefix_loss_best,0.24600054323673248
320000,dense_rhs/model_probe_prefix_best,0.11303526163101196
320000,dense_rhs/planner_return_best,200.5973663330078
320000,dense_rhs/roughness_best,0.004680870100855827
320000,dense_rhs/robust_return_best,247.84097290039062
320000,timing/query_model_diag_s,0.011688916012644768
320000,timing/query_env_eval_s,5.005142638925463
320000,timing/query_finalize_s,0.004472699016332626
320000,timing/query_total_s,5.026992199011147
320000,dense_rhs/candidate_2_fitness,0.6345615983009338
320000,dense_rhs/candidate_2_deployment_score,0.012184626422822475
320000,dense_rhs/candidate_2_transition_cost,0.0
320000,dense_rhs/candidate_2_transition_adjusted_score,0.012184626422822475
320000,dense_rhs/candidate_2_switch_probability,0.5
320000,dense_rhs/candidate_2_expected_net_benefit,0.0
320000,dense_rhs/candidate_2_return,220.53213500976562
320000,dense_rhs/candidate_2_return_term,0.42199429869651794
320000,dense_rhs/candidate_2_roughness_term,1.0
320000,dense_rhs/candidate_2_return_std_term,0.3842252492904663
320000,dense_rhs/candidate_2_learner_proxy_term,1.0
320000,dense_rhs/candidate_3_fitness,0.03162277489900589
320000,dense_rhs/candidate_3_deployment_score,8.510359066349338e-07
320000,dense_rhs/candidate_3_transition_cost,0.0572630874812603
320000,dense_rhs/candidate_3_transition_adjusted_score,-0.05726223811507225
320000,dense_rhs/candidate_3_switch_probability,0.34366869926452637
320000,dense_rhs/candidate_3_expected_net_benefit,-0.069446861743927
320000,dense_rhs/candidate_3_return,247.84097290039062
320000,dense_rhs/candidate_3_return_term,1.0
320000,dense_rhs/candidate_3_roughness_term,0.9726240634918213
320000,dense_rhs/candidate_3_return_std_term,0.0
320000,dense_rhs/candidate_3_learner_proxy_term,0.8749895095825195
320000,dense_rhs/deployment_utility_enabled,1.0
320000,dense_rhs/deployment_utility_observations,5.0
320000,dense_rhs/deployment_utility_last_observed_gain,-17.1500244140625
320000,dense_rhs/candidate_2_expected_eval_gain,-6.566670735677083
320000,dense_rhs/candidate_2_eval_gain_uncertainty,7.377732103410299
320000,dense_rhs/candidate_2_deployment_utility_score,5.277762290175492
320000,dense_rhs/candidate_3_expected_eval_gain,7.54998779296875
320000,dense_rhs/candidate_3_eval_gain_uncertainty,1.7609112732955805
320000,dense_rhs/candidate_3_deployment_utility_score,7.990215611292645
320000,dense_rhs/deployment_utility_override,1.0
320000,dense_rhs/deployment_utility_selected_expected_gain,7.54998779296875
320000,dense_rhs/deployment_utility_selected_uncertainty,1.7609112732955805
320000,dense_rhs/deployment_utility_selected_score,7.990215611292645
320000,dense_rhs/deployment_utility_proposed_horizon,3.0
320000,dense_rhs/deployment_utility_proposed_expected_gain,7.54998779296875
320000,dense_rhs/deployment_utility_proposed_uncertainty,1.7609112732955805
320000,dense_rhs/deployment_utility_proposed_score,7.990215611292645
320000,dense_rhs/previous_horizon,2.0
320000,dense_rhs/training_bucket_horizon,3.0
320000,dense_rhs/best_h,3.0
320000,dense_rhs/prob_best_h,0.0
320000,dense_rhs/gauss_mean_best_h,0.18556475639343262
320000,dense_rhs/gauss_post_std_best_h,0.09306212514638901
320000,system/heartbeat,1.0
323992,episode/return,895.0
323992,episode/length,500.0
323993,episode/return,702.0
323993,episode/length,500.0
323994,episode/return,811.0
323994,episode/length,500.0
323995,episode/return,839.0
323995,episode/length,500.0
323996,episode/return,849.0
323996,episode/length,500.0
323997,episode/return,847.0
323997,episode/length,500.0
323998,episode/return,893.0
323998,episode/length,500.0
323999,episode/return,809.0
323999,episode/length,500.0
327992,episode/return,807.0
327992,episode/length,500.0
327993,episode/return,943.0
327993,episode/length,500.0
327994,episode/return,810.0
327994,episode/length,500.0
327995,episode/return,986.0
327995,episode/length,500.0
327996,episode/return,1000.0
327996,episode/length,500.0
327997,episode/return,701.0
327997,episode/length,500.0
327998,episode/return,1000.0
327998,episode/length,500.0
327999,episode/return,895.0
327999,episode/length,500.0
330000,train/consistency_loss_mean,4.2819332954422865e-06
330000,train/consistency_loss_std,2.4092349498486222e-05
330000,train/continue_loss_mean,0.0
330000,train/continue_loss_std,0.0
330000,train/grad_norm_mean,0.08523235496878624
330000,train/grad_norm_std,0.08391128145333793
330000,train/policy_log_std_mean,-0.6047181585311889
330000,train/policy_log_std_std,0.36318619275685216
330000,train/policy_loss_mean,-0.6473946494579316
330000,train/policy_loss_std,0.010550877101695043
330000,train/reward_loss_mean,0.32268577747344973
330000,train/reward_loss_std,0.01023692204884144
330000,train/total_loss_mean,0.07045556896924973
330000,train/total_loss_std,0.001437805264053377
330000,train/value_loss_mean,0.3810135065793991
330000,train/value_loss_std,0.004108165184104657
330000,train/value_scale_mean,131.87741838378906
330000,train/value_scale_std,0.8542897939535884
330000,timing/collect_chunk_s,50.68001028476283
330000,timing/train_chunk_s,20.73191718943417
330000,dense_rhs/training_bucket_horizon,3.0
330000,system/heartbeat,1.0
331992,episode/return,689.0
331992,episode/length,500.0
331993,episode/return,844.0
331993,episode/length,500.0
331994,episode/return,892.0
331994,episode/length,500.0
331995,episode/return,697.0
331995,episode/length,500.0
331996,episode/return,875.0
331996,episode/length,500.0
331997,episode/return,850.0
331997,episode/length,500.0
331998,episode/return,943.0
331998,episode/length,500.0
331999,episode/return,701.0
331999,episode/length,500.0
335992,episode/return,649.0
335992,episode/length,500.0
335993,episode/return,944.0
335993,episode/length,500.0
335994,episode/return,719.0
335994,episode/length,500.0
335995,episode/return,940.0
335995,episode/length,500.0
335996,episode/return,942.0
335996,episode/length,500.0
335997,episode/return,943.0
335997,episode/length,500.0
335998,episode/return,940.0
335998,episode/length,500.0
335999,episode/return,921.0
335999,episode/length,500.0
339992,episode/return,577.0
339992,episode/length,500.0
339993,episode/return,808.0
339993,episode/length,500.0
339994,episode/return,937.0
339994,episode/length,500.0
339995,episode/return,735.0
339995,episode/length,500.0
339996,episode/return,986.0
339996,episode/length,500.0
339997,episode/return,849.0
339997,episode/length,500.0
339998,episode/return,693.0
339998,episode/length,500.0
339999,episode/return,938.0
339999,episode/length,500.0
340000,train/consistency_loss_mean,1.149702594448172e-05
340000,train/consistency_loss_std,7.289428674301342e-05
340000,train/continue_loss_mean,0.0
340000,train/continue_loss_std,0.0
340000,train/grad_norm_mean,0.08240815311819315
340000,train/grad_norm_std,0.09698169942925813
340000,train/policy_log_std_mean,-0.8073922604560853
340000,train/policy_log_std_std,0.498504582387692
340000,train/policy_loss_mean,-0.6802276154518128
340000,train/policy_loss_std,0.04595127852534426
340000,train/reward_loss_mean,0.323718337059021
340000,train/reward_loss_std,0.010146113223175992
340000,train/total_loss_mean,0.06895819281041622
340000,train/total_loss_std,0.004031773083907071
340000,train/value_loss_mean,0.3635641664624214
340000,train/value_loss_std,0.03430371627039452
340000,train/value_scale_mean,120.12927135620117
340000,train/value_scale_std,15.729892973553042
340000,timing/collect_chunk_s,58.1058046030812
340000,timing/train_chunk_s,20.75085023790598
340000,dense_rhs/training_bucket_horizon,3.0
340000,system/heartbeat,1.0
343992,episode/return,890.0
343992,episode/length,500.0
343993,episode/return,767.0
343993,episode/length,500.0
343994,episode/return,890.0
343994,episode/length,500.0
343995,episode/return,725.0
343995,episode/length,500.0
343996,episode/return,786.0
343996,episode/length,500.0
343997,episode/return,940.0
343997,episode/length,500.0
343998,episode/return,842.0
343998,episode/length,500.0
343999,episode/return,843.0
343999,episode/length,500.0
347992,episode/return,942.0
347992,episode/length,500.0
347993,episode/return,894.0
347993,episode/length,500.0
347994,episode/return,699.0
347994,episode/length,500.0
347995,episode/return,809.0
347995,episode/length,500.0
347996,episode/return,850.0
347996,episode/length,500.0
347997,episode/return,692.0
347997,episode/length,500.0
347998,episode/return,692.0
347998,episode/length,500.0
347999,episode/return,698.0
347999,episode/length,500.0
350000,train/consistency_loss_mean,4.8657541363354536e-06
350000,train/consistency_loss_std,3.886212306516922e-05
350000,train/continue_loss_mean,0.0
350000,train/continue_loss_std,0.0
350000,train/grad_norm_mean,0.08804451135694981
350000,train/grad_norm_std,0.08692292630182252
350000,train/policy_log_std_mean,-0.7681922866821289
350000,train/policy_log_std_std,0.3655642213780225
350000,train/policy_loss_mean,-0.6483149549007415
350000,train/policy_loss_std,0.02946482867427271
350000,train/reward_loss_mean,0.32366902515888213
350000,train/reward_loss_std,0.010010568345215796
350000,train/total_loss_mean,0.05624814252853393
350000,train/total_loss_std,0.007437901768993322
350000,train/value_loss_mean,0.2378392341375351
350000,train/value_loss_std,0.07281971342813667
350000,train/value_scale_mean,121.73302061767578
350000,train/value_scale_std,7.492358964907107
350000,timing/collect_chunk_s,49.95120355580002
350000,timing/train_chunk_s,20.740053695626557
350000,dense_rhs/training_bucket_horizon,3.0
350000,system/heartbeat,1.0
350000,timing/checkpoint_blocking_s,0.42075910279527307
350000,eval/return_mean,838.5499877929688
350000,eval/return_std,108.28410339355469
350000,eval/return_max,1000.0
350000,eval/return_min,654.0
350000,dense_rhs/deployment_utility_last_observed_gain,33.5
350000,dense_rhs/deployment_utility_observations,6.0
350000,timing/eval_s,6.632961170282215
350000,eval/selected_horizon,3.0
350000,eval/training_bucket_horizon,3.0
350000,system/heartbeat,1.0
351992,episode/return,940.0
351992,episode/length,500.0
351993,episode/return,975.0
351993,episode/length,500.0
351994,episode/return,765.0
351994,episode/length,500.0
351995,episode/return,974.0
351995,episode/length,500.0
351996,episode/return,894.0
351996,episode/length,500.0
351997,episode/return,696.0
351997,episode/length,500.0
351998,episode/return,699.0
351998,episode/length,500.0
351999,episode/return,893.0
351999,episode/length,500.0
355992,episode/return,731.0
355992,episode/length,500.0
355993,episode/return,936.0
355993,episode/length,500.0
355994,episode/return,893.0
355994,episode/length,500.0
355995,episode/return,940.0
355995,episode/length,500.0
355996,episode/return,697.0
355996,episode/length,500.0
355997,episode/return,835.0
355997,episode/length,500.0
355998,episode/return,893.0
355998,episode/length,500.0
355999,episode/return,1000.0
355999,episode/length,500.0
359992,episode/return,833.0
359992,episode/length,500.0
359993,episode/return,768.0
359993,episode/length,500.0
359994,episode/return,700.0
359994,episode/length,500.0
359995,episode/return,691.0
359995,episode/length,500.0
359996,episode/return,730.0
359996,episode/length,500.0
359997,episode/return,987.0
359997,episode/length,500.0
359998,episode/return,850.0
359998,episode/length,500.0
359999,episode/return,660.0
359999,episode/length,500.0
360000,train/consistency_loss_mean,6.070098488999065e-06
360000,train/consistency_loss_std,3.9486764976325965e-05
360000,train/continue_loss_mean,0.0
360000,train/continue_loss_std,0.0
360000,train/grad_norm_mean,0.08364440028369427
360000,train/grad_norm_std,0.08145497852790132
360000,train/policy_log_std_mean,-0.7403464520931244
360000,train/policy_log_std_std,0.33987130971761415
360000,train/policy_loss_mean,-0.6244958323001861
360000,train/policy_loss_std,0.010453383376073365
360000,train/reward_loss_mean,0.32401280105113983
360000,train/reward_loss_std,0.010148133972331516
360000,train/total_loss_mean,0.06728979387879372
360000,train/total_loss_std,0.0026989559801200605
360000,train/value_loss_mean,0.34767110285758973
360000,train/value_loss_std,0.023240133826392756
360000,train/value_scale_mean,130.9766160888672
360000,train/value_scale_std,1.6055408269484022
360000,timing/collect_chunk_s,50.85595426289365
360000,timing/train_chunk_s,20.710202508140355
360000,dense_rhs/training_bucket_horizon,3.0
360000,system/heartbeat,1.0
363992,episode/return,943.0
363992,episode/length,500.0
363993,episode/return,934.0
363993,episode/length,500.0
363994,episode/return,671.0
363994,episode/length,500.0
363995,episode/return,689.0
363995,episode/length,500.0
363996,episode/return,676.0
363996,episode/length,500.0
363997,episode/return,613.0
363997,episode/length,500.0
363998,episode/return,943.0
363998,episode/length,500.0
363999,episode/return,575.0
363999,episode/length,500.0
367992,episode/return,848.0
367992,episode/length,500.0
367993,episode/return,943.0
367993,episode/length,500.0
367994,episode/return,942.0
367994,episode/length,500.0
367995,episode/return,943.0
367995,episode/length,500.0
367996,episode/return,810.0
367996,episode/length,500.0
367997,episode/return,811.0
367997,episode/length,500.0
367998,episode/return,932.0
367998,episode/length,500.0
367999,episode/return,730.0
367999,episode/length,500.0
370000,train/consistency_loss_mean,5.4601331998128444e-06
370000,train/consistency_loss_std,5.306719137992607e-05
370000,train/continue_loss_mean,0.0
370000,train/continue_loss_std,0.0
370000,train/grad_norm_mean,0.08177404984533787
370000,train/grad_norm_std,0.08749477141743364
370000,train/policy_log_std_mean,-0.7399151647567749
370000,train/policy_log_std_std,0.4400401162742372
370000,train/policy_loss_mean,-0.6365490151882172
370000,train/policy_loss_std,0.013084853611318914
370000,train/reward_loss_mean,0.3240102828741074
370000,train/reward_loss_std,0.01007319469067223
370000,train/total_loss_mean,0.06911096339821815
370000,train/total_loss_std,0.002245928249385998
370000,train/value_loss_mean,0.3660073076963425
370000,train/value_loss_std,0.016157852503725742
370000,train/value_scale_mean,130.22414602050782
370000,train/value_scale_std,1.6804266882128231
370000,timing/collect_chunk_s,56.98452856531367
370000,timing/train_chunk_s,20.777874540537596
370000,dense_rhs/training_bucket_horizon,3.0
370000,system/heartbeat,1.0
370000,dense_rhs/selected_horizon,4.0
370000,dense_rhs/proposed_horizon,3.0
370000,dense_rhs/phase_id,0.0
370000,dense_rhs/num_active_horizons,7.0
370000,dense_rhs/num_candidate_horizons,3.0
370000,dense_rhs/entropy,1.7570220232009888
370000,dense_rhs/norm_entropy,0.9029306769371033
370000,dense_rhs/best_fitness,0.03162277489900589
370000,dense_rhs/deployment_score_best,5.526963491320203e-07
370000,dense_rhs/incumbent_deployment_score,0.06556028127670288
370000,dense_rhs/proposed_deployment_score,0.06556028127670288
370000,dense_rhs/proposed_transition_cost,0.0
370000,dense_rhs/proposed_switch_probability,0.5
370000,dense_rhs/proposed_expected_net_benefit,0.0
370000,dense_rhs/transition_cost_best,0.0
370000,dense_rhs/transition_adjusted_score_best,0.06556028127670288
370000,dense_rhs/switch_probability_best,0.5
370000,dense_rhs/expected_improvement_best,0.052504684776067734
370000,dense_rhs/expected_loss_best,0.052504684776067734
370000,dense_rhs/expected_net_benefit_best,0.0
370000,dense_rhs/return_term_best,0.930052638053894
370000,dense_rhs/roughness_term_best,0.9537926316261292
370000,dense_rhs/return_std_term_best,0.0
370000,dense_rhs/learner_proxy_term_best,0.7744662165641785
370000,dense_rhs/model_prefix_loss_best,0.3596745729446411
370000,dense_rhs/model_probe_prefix_best,0.16634783148765564
370000,dense_rhs/planner_return_best,197.43115234375
370000,dense_rhs/roughness_best,0.0030616438016295433
370000,dense_rhs/robust_return_best,239.04408264160156
370000,timing/query_model_diag_s,14.846772401127964
370000,timing/query_env_eval_s,5.024852678645402
370000,timing/query_finalize_s,0.8408184973523021
370000,timing/query_total_s,20.717894913628697
370000,dense_rhs/candidate_3_fitness,0.5160742402076721
370000,dense_rhs/candidate_3_deployment_score,0.06556028127670288
370000,dense_rhs/candidate_3_transition_cost,0.0
370000,dense_rhs/candidate_3_transition_adjusted_score,0.06556028127670288
370000,dense_rhs/candidate_3_switch_probability,0.5
370000,dense_rhs/candidate_3_expected_net_benefit,0.0
370000,dense_rhs/candidate_3_return,242.1560516357422
370000,dense_rhs/candidate_3_return_term,1.0
370000,dense_rhs/candidate_3_roughness_term,0.9829391837120056
370000,dense_rhs/candidate_3_return_std_term,0.07216322422027588
370000,dense_rhs/candidate_3_learner_proxy_term,0.9242687225341797
370000,dense_rhs/candidate_4_fitness,0.03162277489900589
370000,dense_rhs/candidate_4_deployment_score,5.526963491320203e-07
370000,dense_rhs/candidate_4_transition_cost,0.05090704932808876
370000,dense_rhs/candidate_4_transition_adjusted_score,-0.05090649798512459
370000,dense_rhs/candidate_4_switch_probability,0.13513299822807312
370000,dense_rhs/candidate_4_expected_net_benefit,-0.11646676808595657
370000,dense_rhs/candidate_4_return,239.04408264160156
370000,dense_rhs/candidate_4_return_term,0.930052638053894
370000,dense_rhs/candidate_4_roughness_term,0.9537926316261292
370000,dense_rhs/candidate_4_return_std_term,0.0
370000,dense_rhs/candidate_4_learner_proxy_term,0.7744662165641785
370000,dense_rhs/candidate_2_fitness,0.5000216960906982
370000,dense_rhs/candidate_2_deployment_score,0.03671322762966156
370000,dense_rhs/candidate_2_transition_cost,0.060330986976623535
370000,dense_rhs/candidate_2_transition_adjusted_score,-0.023617759346961975
370000,dense_rhs/candidate_2_switch_probability,0.2840999960899353
370000,dense_rhs/candidate_2_expected_net_benefit,-0.08917804062366486
370000,dense_rhs/candidate_2_return,234.92410278320312
370000,dense_rhs/candidate_2_return_term,0.8374482989311218
370000,dense_rhs/candidate_2_roughness_term,1.0
370000,dense_rhs/candidate_2_return_std_term,0.07464325428009033
370000,dense_rhs/candidate_2_learner_proxy_term,1.0
370000,dense_rhs/deployment_utility_enabled,1.0
370000,dense_rhs/deployment_utility_observations,6.0
370000,dense_rhs/deployment_utility_last_observed_gain,33.5
370000,dense_rhs/candidate_2_expected_eval_gain,-6.566670735677083
370000,dense_rhs/candidate_2_eval_gain_uncertainty,7.377732103410299
370000,dense_rhs/candidate_2_deployment_utility_score,0.87764437149242
370000,dense_rhs/candidate_3_expected_eval_gain,16.199991861979168
370000,dense_rhs/candidate_3_eval_gain_uncertainty,6.24192994619117
370000,dense_rhs/candidate_3_deployment_utility_score,27.76047434852696
370000,dense_rhs/candidate_4_expected_eval_gain,0.0
370000,dense_rhs/candidate_4_eval_gain_uncertainty,150.0
370000,dense_rhs/candidate_4_deployment_utility_score,37.5
370000,dense_rhs/deployment_utility_override,1.0
370000,dense_rhs/deployment_utility_selected_expected_gain,0.0
370000,dense_rhs/deployment_utility_selected_uncertainty,150.0
370000,dense_rhs/deployment_utility_selected_score,37.5
370000,dense_rhs/deployment_utility_proposed_horizon,4.0
370000,dense_rhs/deployment_utility_proposed_expected_gain,0.0
370000,dense_rhs/deployment_utility_proposed_uncertainty,150.0
370000,dense_rhs/deployment_utility_proposed_score,37.5
370000,dense_rhs/previous_horizon,3.0
370000,dense_rhs/training_bucket_horizon,4.0
370000,dense_rhs/best_h,4.0
370000,dense_rhs/prob_best_h,0.125
370000,dense_rhs/gauss_mean_best_h,0.38035324215888977
370000,dense_rhs/gauss_post_std_best_h,0.10087595134973526
370000,system/heartbeat,1.0
371992,episode/return,767.0
371992,episode/length,500.0
371993,episode/return,760.0
371993,episode/length,500.0
371994,episode/return,937.0
371994,episode/length,500.0
371995,episode/return,695.0
371995,episode/length,500.0
371996,episode/return,894.0
371996,episode/length,500.0
371997,episode/return,943.0
371997,episode/length,500.0
371998,episode/return,850.0
371998,episode/length,500.0
371999,episode/return,699.0
371999,episode/length,500.0
375992,episode/return,842.0
375992,episode/length,500.0
375993,episode/return,894.0
375993,episode/length,500.0
375994,episode/return,638.0
375994,episode/length,500.0
375995,episode/return,802.0
375995,episode/length,500.0
375996,episode/return,943.0
375996,episode/length,500.0
375997,episode/return,942.0
375997,episode/length,500.0
375998,episode/return,1000.0
375998,episode/length,500.0
375999,episode/return,937.0
375999,episode/length,500.0
379992,episode/return,698.0
379992,episode/length,500.0
379993,episode/return,736.0
379993,episode/length,500.0
379994,episode/return,701.0
379994,episode/length,500.0
379995,episode/return,941.0
379995,episode/length,500.0
379996,episode/return,703.0
379996,episode/length,500.0
379997,episode/return,728.0
379997,episode/length,500.0
379998,episode/return,942.0
379998,episode/length,500.0
379999,episode/return,708.0
379999,episode/length,500.0
380000,train/consistency_loss_mean,7.827235214654138e-06
380000,train/consistency_loss_std,6.484479948402207e-05
380000,train/continue_loss_mean,0.0
380000,train/continue_loss_std,0.0
380000,train/grad_norm_mean,0.0671023239582777
380000,train/grad_norm_std,0.06675981095598717
380000,train/policy_log_std_mean,-0.7147153843688965
380000,train/policy_log_std_std,0.3435790040458434
380000,train/policy_loss_mean,-0.5257937960147858
380000,train/policy_loss_std,0.009427307792491298
380000,train/reward_loss_mean,0.2607902651786804
380000,train/reward_loss_std,0.008186093103792945
380000,train/total_loss_mean,0.05672581069767475
380000,train/total_loss_std,0.0017480538062441646
380000,train/value_loss_mean,0.3049023837327957
380000,train/value_loss_std,0.005008561094685888
380000,train/value_scale_mean,133.0067075805664
380000,train/value_scale_std,1.2271987217645053
380000,timing/collect_chunk_s,85.26078778039664
380000,timing/train_chunk_s,222.83200302999467
380000,dense_rhs/training_bucket_horizon,4.0
380000,system/heartbeat,1.0
383992,episode/return,809.0
383992,episode/length,500.0
383993,episode/return,771.0
383993,episode/length,500.0
383994,episode/return,734.0
383994,episode/length,500.0
383995,episode/return,699.0
383995,episode/length,500.0
383996,episode/return,701.0
383996,episode/length,500.0
383997,episode/return,809.0
383997,episode/length,500.0
383998,episode/return,849.0
383998,episode/length,500.0
383999,episode/return,883.0
383999,episode/length,500.0
387992,episode/return,698.0
387992,episode/length,500.0
387993,episode/return,660.0
387993,episode/length,500.0
387994,episode/return,846.0
387994,episode/length,500.0
387995,episode/return,725.0
387995,episode/length,500.0
387996,episode/return,1000.0
387996,episode/length,500.0
387997,episode/return,942.0
387997,episode/length,500.0
387998,episode/return,894.0
387998,episode/length,500.0
387999,episode/return,661.0
387999,episode/length,500.0
390000,train/consistency_loss_mean,6.153291575037656e-06
390000,train/consistency_loss_std,4.966442164073189e-05
390000,train/continue_loss_mean,0.0
390000,train/continue_loss_std,0.0
390000,train/grad_norm_mean,0.06286106740832328
390000,train/grad_norm_std,0.060411215163611955
390000,train/policy_log_std_mean,-0.7804926610183716
390000,train/policy_log_std_std,0.3673518717187913
390000,train/policy_loss_mean,-0.5293521674633026
390000,train/policy_loss_std,0.013801690831777466
390000,train/reward_loss_mean,0.26078839390277864
390000,train/reward_loss_std,0.00821586699974216
390000,train/total_loss_mean,0.05661224389672279
390000,train/total_loss_std,0.0015639730274911894
390000,train/value_loss_mean,0.3041033804178238
390000,train/value_loss_std,0.005911596373742468
390000,train/value_scale_mean,133.89814953613282
390000,train/value_scale_std,2.0046537698349116
390000,timing/collect_chunk_s,52.34984945319593
390000,timing/train_chunk_s,25.29178830049932
390000,dense_rhs/training_bucket_horizon,4.0
390000,system/heartbeat,1.0
391992,episode/return,809.0
391992,episode/length,500.0
391993,episode/return,666.0
391993,episode/length,500.0
391994,episode/return,766.0
391994,episode/length,500.0
391995,episode/return,893.0
391995,episode/length,500.0
391996,episode/return,893.0
391996,episode/length,500.0
391997,episode/return,847.0
391997,episode/length,500.0
391998,episode/return,975.0
391998,episode/length,500.0
391999,episode/return,1000.0
391999,episode/length,500.0
395992,episode/return,851.0
395992,episode/length,500.0
395993,episode/return,942.0
395993,episode/length,500.0
395994,episode/return,895.0
395994,episode/length,500.0
395995,episode/return,717.0
395995,episode/length,500.0
395996,episode/return,809.0
395996,episode/length,500.0
395997,episode/return,937.0
395997,episode/length,500.0
395998,episode/return,809.0
395998,episode/length,500.0
395999,episode/return,892.0
395999,episode/length,500.0
399992,episode/return,937.0
399992,episode/length,500.0
399993,episode/return,942.0
399993,episode/length,500.0
399994,episode/return,942.0
399994,episode/length,500.0
399995,episode/return,697.0
399995,episode/length,500.0
399996,episode/return,724.0
399996,episode/length,500.0
399997,episode/return,696.0
399997,episode/length,500.0
399998,episode/return,769.0
399998,episode/length,500.0
399999,episode/return,939.0
399999,episode/length,500.0
400000,train/consistency_loss_mean,5.074654712643678e-06
400000,train/consistency_loss_std,5.599257783888575e-05
400000,train/continue_loss_mean,0.0
400000,train/continue_loss_std,0.0
400000,train/grad_norm_mean,0.06009625065773726
400000,train/grad_norm_std,0.05513875050958762
400000,train/policy_log_std_mean,-0.7783133721923828
400000,train/policy_log_std_std,0.34293451814690623
400000,train/policy_loss_mean,-0.5318803439140319
400000,train/policy_loss_std,0.010881127042494871
400000,train/reward_loss_mean,0.2611259313106537
400000,train/reward_loss_std,0.008114178529025611
400000,train/total_loss_mean,0.05669725711941719
400000,train/total_loss_std,0.0015821402928652803
400000,train/value_loss_mean,0.3048316979885101
400000,train/value_loss_std,0.0034543783739095922
400000,train/value_scale_mean,133.65064217529297
400000,train/value_scale_std,1.4856346099563598
400000,timing/collect_chunk_s,59.48219681624323
400000,timing/train_chunk_s,25.280125610064715
400000,dense_rhs/training_bucket_horizon,4.0
400000,system/heartbeat,1.0
400000,timing/checkpoint_blocking_s,0.427084197755903
400000,eval/return_mean,700.7999877929688
400000,eval/return_std,281.6978454589844
400000,eval/return_max,942.0
400000,eval/return_min,152.0
400000,dense_rhs/deployment_utility_last_observed_gain,-137.75
400000,dense_rhs/deployment_utility_observations,7.0
400000,timing/eval_s,19.05715324310586
400000,eval/selected_horizon,4.0
400000,eval/training_bucket_horizon,4.0
400000,system/heartbeat,1.0
403992,episode/return,938.0
403992,episode/length,500.0
403993,episode/return,740.0
403993,episode/length,500.0
403994,episode/return,770.0
403994,episode/length,500.0
403995,episode/return,734.0
403995,episode/length,500.0
403996,episode/return,783.0
403996,episode/length,500.0
403997,episode/return,942.0
403997,episode/length,500.0
403998,episode/return,810.0
403998,episode/length,500.0
403999,episode/return,778.0
403999,episode/length,500.0
407992,episode/return,936.0
407992,episode/length,500.0
407993,episode/return,764.0
407993,episode/length,500.0
407994,episode/return,770.0
407994,episode/length,500.0
407995,episode/return,942.0
407995,episode/length,500.0
407996,episode/return,656.0
407996,episode/length,500.0
407997,episode/return,762.0
407997,episode/length,500.0
407998,episode/return,803.0
407998,episode/length,500.0
407999,episode/return,697.0
407999,episode/length,500.0
410000,train/consistency_loss_mean,7.285779634366918e-06
410000,train/consistency_loss_std,7.017858350384723e-05
410000,train/continue_loss_mean,0.0
410000,train/continue_loss_std,0.0
410000,train/grad_norm_mean,0.05939739554226398
410000,train/grad_norm_std,0.056781850745129196
410000,train/policy_log_std_mean,-0.7589367239952087
410000,train/policy_log_std_std,0.35048614777178766
410000,train/policy_loss_mean,-0.5471127088546753
410000,train/policy_loss_std,0.013081158337558168
410000,train/reward_loss_mean,0.26115523710250854
410000,train/reward_loss_std,0.008107668792660224
410000,train/total_loss_mean,0.05678221579194069
410000,train/total_loss_std,0.0018061581431485312
410000,train/value_loss_mean,0.30520975732803346
410000,train/value_loss_std,0.003419456757550302
410000,train/value_scale_mean,130.03800705566405
410000,train/value_scale_std,2.339170003135197
410000,timing/collect_chunk_s,52.489925685338676
410000,timing/train_chunk_s,25.311694854404777
410000,dense_rhs/training_bucket_horizon,4.0
410000,system/heartbeat,1.0
411992,episode/return,986.0
411992,episode/length,500.0
411993,episode/return,770.0
411993,episode/length,500.0
411994,episode/return,894.0
411994,episode/length,500.0
411995,episode/return,879.0
411995,episode/length,500.0
411996,episode/return,938.0
411996,episode/length,500.0
411997,episode/return,700.0
411997,episode/length,500.0
411998,episode/return,849.0
411998,episode/length,500.0
411999,episode/return,850.0
411999,episode/length,500.0
415992,episode/return,809.0
415992,episode/length,500.0
415993,episode/return,937.0
415993,episode/length,500.0
415994,episode/return,847.0
415994,episode/length,500.0
415995,episode/return,725.0
415995,episode/length,500.0
415996,episode/return,811.0
415996,episode/length,500.0
415997,episode/return,850.0
415997,episode/length,500.0
415998,episode/return,1000.0
415998,episode/length,500.0
415999,episode/return,938.0
415999,episode/length,500.0
419992,episode/return,943.0
419992,episode/length,500.0
419993,episode/return,812.0
419993,episode/length,500.0
419994,episode/return,941.0
419994,episode/length,500.0
419995,episode/return,699.0
419995,episode/length,500.0
419996,episode/return,771.0
419996,episode/length,500.0
419997,episode/return,772.0
419997,episode/length,500.0
419998,episode/return,851.0
419998,episode/length,500.0
419999,episode/return,735.0
419999,episode/length,500.0
420000,train/consistency_loss_mean,3.075703476633862e-06
420000,train/consistency_loss_std,2.2398974025344377e-05
420000,train/continue_loss_mean,0.0
420000,train/continue_loss_std,0.0
420000,train/grad_norm_mean,0.055526975654065606
420000,train/grad_norm_std,0.051495306430810454
420000,train/policy_log_std_mean,-0.7548587983703613
420000,train/policy_log_std_std,0.40773785940370555
420000,train/policy_loss_mean,-0.5442475499629974
420000,train/policy_loss_std,0.014233940666625216
420000,train/reward_loss_mean,0.26155087552070616
420000,train/reward_loss_std,0.008142509002354659
420000,train/total_loss_mean,0.056823353371024135
420000,train/total_loss_std,0.0011501942568466512
420000,train/value_loss_mean,0.30606750857830045
420000,train/value_loss_std,0.0032281668175572673
420000,train/value_scale_mean,130.6572493286133
420000,train/value_scale_std,2.7063880286891475
420000,timing/collect_chunk_s,53.19198305113241
420000,timing/train_chunk_s,25.301752877421677
420000,dense_rhs/training_bucket_horizon,4.0
420000,system/heartbeat,1.0
420000,dense_rhs/selected_horizon,5.0
420000,dense_rhs/proposed_horizon,4.0
420000,dense_rhs/phase_id,0.0
420000,dense_rhs/num_active_horizons,7.0
420000,dense_rhs/num_candidate_horizons,3.0
420000,dense_rhs/entropy,1.7451006174087524
420000,dense_rhs/norm_entropy,0.8968042731285095
420000,dense_rhs/best_fitness,0.03162277489900589
420000,dense_rhs/deployment_score_best,7.717478323066018e-10
420000,dense_rhs/incumbent_deployment_score,0.06923656165599823
420000,dense_rhs/proposed_deployment_score,0.06923656165599823
420000,dense_rhs/proposed_transition_cost,0.0
420000,dense_rhs/proposed_switch_probability,0.5
420000,dense_rhs/proposed_expected_net_benefit,0.0
420000,dense_rhs/transition_cost_best,0.0
420000,dense_rhs/transition_adjusted_score_best,0.06923656165599823
420000,dense_rhs/switch_probability_best,0.5
420000,dense_rhs/expected_improvement_best,0.056913163512945175
420000,dense_rhs/expected_loss_best,0.056913163512945175
420000,dense_rhs/expected_net_benefit_best,0.0
420000,dense_rhs/return_term_best,0.2196364551782608
420000,dense_rhs/roughness_term_best,0.6983492374420166
420000,dense_rhs/return_std_term_best,0.0
420000,dense_rhs/learner_proxy_term_best,0.47488123178482056
420000,dense_rhs/model_prefix_loss_best,0.48045533895492554
420000,dense_rhs/model_probe_prefix_best,0.22213086485862732
420000,dense_rhs/planner_return_best,200.4712371826172
420000,dense_rhs/roughness_best,0.00670224754139781
420000,dense_rhs/robust_return_best,211.80429077148438
420000,timing/query_model_diag_s,14.79537060810253
420000,timing/query_env_eval_s,17.80835153022781
420000,timing/query_finalize_s,0.0036223987117409706
420000,timing/query_total_s,32.61301258113235
420000,dense_rhs/candidate_4_fitness,0.5653783679008484
420000,dense_rhs/candidate_4_deployment_score,0.06923656165599823
420000,dense_rhs/candidate_4_transition_cost,0.0
420000,dense_rhs/candidate_4_transition_adjusted_score,0.06923656165599823
420000,dense_rhs/candidate_4_switch_probability,0.5
420000,dense_rhs/candidate_4_expected_net_benefit,0.0
420000,dense_rhs/candidate_4_return,252.13717651367188
420000,dense_rhs/candidate_4_return_term,1.0
420000,dense_rhs/candidate_4_roughness_term,0.9359555840492249
420000,dense_rhs/candidate_4_return_std_term,0.10916846990585327
420000,dense_rhs/candidate_4_learner_proxy_term,0.6776150465011597
420000,dense_rhs/candidate_5_fitness,0.03162277489900589
420000,dense_rhs/candidate_5_deployment_score,7.717478323066018e-10
420000,dense_rhs/candidate_5_transition_cost,0.05558355525135994
420000,dense_rhs/candidate_5_transition_adjusted_score,-0.05558355525135994
420000,dense_rhs/candidate_5_switch_probability,0.45058247447013855
420000,dense_rhs/candidate_5_expected_net_benefit,-0.12482011318206787
420000,dense_rhs/candidate_5_return,211.80429077148438
420000,dense_rhs/candidate_5_return_term,0.2196364551782608
420000,dense_rhs/candidate_5_roughness_term,0.6983492374420166
420000,dense_rhs/candidate_5_return_std_term,0.0
420000,dense_rhs/candidate_5_learner_proxy_term,0.47488123178482056
420000,dense_rhs/candidate_3_fitness,0.5636441111564636
420000,dense_rhs/candidate_3_deployment_score,0.0375002846121788
420000,dense_rhs/candidate_3_transition_cost,0.0714540034532547
420000,dense_rhs/candidate_3_transition_adjusted_score,-0.0339537188410759
420000,dense_rhs/candidate_3_switch_probability,0.22371569275856018
420000,dense_rhs/candidate_3_expected_net_benefit,-0.10319028049707413
420000,dense_rhs/candidate_3_return,239.50643920898438
420000,dense_rhs/candidate_3_return_term,0.7556196451187134
420000,dense_rhs/candidate_3_roughness_term,0.97596275806427
420000,dense_rhs/candidate_3_return_std_term,0.13686078786849976
420000,dense_rhs/candidate_3_learner_proxy_term,0.8612104654312134
420000,dense_rhs/deployment_utility_enabled,1.0
420000,dense_rhs/deployment_utility_observations,7.0
420000,dense_rhs/deployment_utility_last_observed_gain,-137.75
420000,dense_rhs/candidate_3_expected_eval_gain,16.199991861979168
420000,dense_rhs/candidate_3_eval_gain_uncertainty,6.24192994619117
420000,dense_rhs/candidate_3_deployment_utility_score,23.17672890558445
420000,dense_rhs/candidate_4_expected_eval_gain,-137.75
420000,dense_rhs/candidate_4_eval_gain_uncertainty,106.06601717798212
420000,dense_rhs/candidate_4_deployment_utility_score,-101.23349570550447
420000,dense_rhs/candidate_5_expected_eval_gain,0.0
420000,dense_rhs/candidate_5_eval_gain_uncertainty,150.0
420000,dense_rhs/candidate_5_deployment_utility_score,37.5
420000,dense_rhs/deployment_utility_override,1.0
420000,dense_rhs/deployment_utility_selected_expected_gain,0.0
420000,dense_rhs/deployment_utility_selected_uncertainty,150.0
420000,dense_rhs/deployment_utility_selected_score,37.5
420000,dense_rhs/deployment_utility_proposed_horizon,5.0
420000,dense_rhs/deployment_utility_proposed_expected_gain,0.0
420000,dense_rhs/deployment_utility_proposed_uncertainty,150.0
420000,dense_rhs/deployment_utility_proposed_score,37.5
420000,dense_rhs/previous_horizon,4.0
420000,dense_rhs/training_bucket_horizon,5.0
420000,dense_rhs/best_h,5.0
420000,dense_rhs/prob_best_h,0.19921875
420000,dense_rhs/gauss_mean_best_h,0.03162277489900589
420000,dense_rhs/gauss_post_std_best_h,1.0
420000,system/heartbeat,1.0
423992,episode/return,873.0
423992,episode/length,500.0
423993,episode/return,942.0
423993,episode/length,500.0
423994,episode/return,695.0
423994,episode/length,500.0
423995,episode/return,987.0
423995,episode/length,500.0
423996,episode/return,808.0
423996,episode/length,500.0
423997,episode/return,985.0
423997,episode/length,500.0
423998,episode/return,806.0
423998,episode/length,500.0
423999,episode/return,770.0
423999,episode/length,500.0
427992,episode/return,821.0
427992,episode/length,500.0
427993,episode/return,794.0
427993,episode/length,500.0
427994,episode/return,673.0
427994,episode/length,500.0
427995,episode/return,737.0
427995,episode/length,500.0
427996,episode/return,811.0
427996,episode/length,500.0
427997,episode/return,771.0
427997,episode/length,500.0
427998,episode/return,702.0
427998,episode/length,500.0
427999,episode/return,941.0
427999,episode/length,500.0
430000,train/consistency_loss_mean,4.8722124213782084e-06
430000,train/consistency_loss_std,6.109356430470905e-05
430000,train/continue_loss_mean,0.0
430000,train/continue_loss_std,0.0
430000,train/grad_norm_mean,0.04869413120001555
430000,train/grad_norm_std,0.0436380220539182
430000,train/policy_log_std_mean,-0.736988226222992
430000,train/policy_log_std_std,0.409548535794854
430000,train/policy_loss_mean,-0.46444994196891787
430000,train/policy_loss_std,0.012491453713779377
430000,train/reward_loss_mean,0.2163163726091385
430000,train/reward_loss_std,0.006651650213713182
430000,train/total_loss_mean,0.047028180477023125
430000,train/total_loss_std,0.0015248386176242997
430000,train/value_loss_mean,0.25299098286628724
430000,train/value_loss_std,0.0026744386550378346
430000,train/value_scale_mean,129.70026571044923
430000,train/value_scale_std,2.8640772862072197
430000,timing/collect_chunk_s,87.54824870824814
430000,timing/train_chunk_s,234.89955159416422
430000,dense_rhs/training_bucket_horizon,5.0
430000,system/heartbeat,1.0
431992,episode/return,942.0
431992,episode/length,500.0
431993,episode/return,848.0
431993,episode/length,500.0
431994,episode/return,941.0
431994,episode/length,500.0
431995,episode/return,893.0
431995,episode/length,500.0
431996,episode/return,894.0
431996,episode/length,500.0
431997,episode/return,766.0
431997,episode/length,500.0
431998,episode/return,891.0
431998,episode/length,500.0
431999,episode/return,942.0
431999,episode/length,500.0
435992,episode/return,796.0
435992,episode/length,500.0
435993,episode/return,762.0
435993,episode/length,500.0
435994,episode/return,987.0
435994,episode/length,500.0
435995,episode/return,677.0
435995,episode/length,500.0
435996,episode/return,726.0
435996,episode/length,500.0
435997,episode/return,893.0
435997,episode/length,500.0
435998,episode/return,894.0
435998,episode/length,500.0
435999,episode/return,893.0
435999,episode/length,500.0
439992,episode/return,775.0
439992,episode/length,500.0
439993,episode/return,731.0
439993,episode/length,500.0
439994,episode/return,771.0
439994,episode/length,500.0
439995,episode/return,943.0
439995,episode/length,500.0
439996,episode/return,811.0
439996,episode/length,500.0
439997,episode/return,849.0
439997,episode/length,500.0
439998,episode/return,894.0
439998,episode/length,500.0
439999,episode/return,885.0
439999,episode/length,500.0
440000,train/consistency_loss_mean,2.396042638201834e-06
440000,train/consistency_loss_std,1.8478274375710115e-05
440000,train/continue_loss_mean,0.0
440000,train/continue_loss_std,0.0
440000,train/grad_norm_mean,0.04438710485547781
440000,train/grad_norm_std,0.03973443104554542
440000,train/policy_log_std_mean,-0.7711535411516826
440000,train/policy_log_std_std,0.42952044685479107
440000,train/policy_loss_mean,-0.47073903427124025
440000,train/policy_loss_std,0.014085651024929993
440000,train/reward_loss_mean,0.21654707146883012
440000,train/reward_loss_std,0.006605618194809653
440000,train/total_loss_mean,0.046936955070495605
440000,train/total_loss_std,0.0009386503177612848
440000,train/value_loss_mean,0.2523432635784149
440000,train/value_loss_std,0.0027075112733900056
440000,train/value_scale_mean,128.50294721679688
440000,train/value_scale_std,3.3338971007458804
440000,timing/collect_chunk_s,61.083454329986125
440000,timing/train_chunk_s,29.268705166410655
440000,dense_rhs/training_bucket_horizon,5.0
440000,system/heartbeat,1.0
443992,episode/return,700.0
443992,episode/length,500.0
443993,episode/return,883.0
443993,episode/length,500.0
443994,episode/return,1000.0
443994,episode/length,500.0
443995,episode/return,943.0
443995,episode/length,500.0
443996,episode/return,894.0
443996,episode/length,500.0
443997,episode/return,1000.0
443997,episode/length,500.0
443998,episode/return,937.0
443998,episode/length,500.0
443999,episode/return,939.0
443999,episode/length,500.0
447992,episode/return,943.0
447992,episode/length,500.0
447993,episode/return,858.0
447993,episode/length,500.0
447994,episode/return,937.0
447994,episode/length,500.0
447995,episode/return,735.0
447995,episode/length,500.0
447996,episode/return,1000.0
447996,episode/length,500.0
447997,episode/return,940.0
447997,episode/length,500.0
447998,episode/return,809.0
447998,episode/length,500.0
447999,episode/return,735.0
447999,episode/length,500.0
450000,train/consistency_loss_mean,4.643356141195909e-06
450000,train/consistency_loss_std,5.737084187624372e-05
450000,train/continue_loss_mean,0.0
450000,train/continue_loss_std,0.0
450000,train/grad_norm_mean,0.047685577896237376
450000,train/grad_norm_std,0.04078967491915715
450000,train/policy_log_std_mean,-0.7177651737531027
450000,train/policy_log_std_std,0.4517602458580683
450000,train/policy_loss_mean,-0.4685684232950211
450000,train/policy_loss_std,0.009195005836377966
450000,train/reward_loss_mean,0.21701052190065384
450000,train/reward_loss_std,0.00664951304013296
450000,train/total_loss_mean,0.04710027388632298
450000,train/total_loss_std,0.0014635950813371393
450000,train/value_loss_mean,0.25306353459358216
450000,train/value_loss_std,0.0026485300722164577
450000,train/value_scale_mean,128.8611345703125
450000,train/value_scale_std,1.7399884343913656
450000,timing/collect_chunk_s,53.29649161826819
450000,timing/train_chunk_s,29.15549810230732
450000,dense_rhs/training_bucket_horizon,5.0
450000,system/heartbeat,1.0
450000,timing/checkpoint_blocking_s,0.41636843373999
450000,eval/return_mean,864.4500122070312
450000,eval/return_std,80.82170104980469
450000,eval/return_max,943.0
450000,eval/return_min,701.0
450000,dense_rhs/deployment_utility_last_observed_gain,163.6500244140625
450000,dense_rhs/deployment_utility_observations,8.0
450000,timing/eval_s,20.24128255294636
450000,eval/selected_horizon,5.0
450000,eval/training_bucket_horizon,5.0
450000,system/heartbeat,1.0
451992,episode/return,765.0
451992,episode/length,500.0
451993,episode/return,809.0
451993,episode/length,500.0
451994,episode/return,850.0
451994,episode/length,500.0
451995,episode/return,936.0
451995,episode/length,500.0
451996,episode/return,939.0
451996,episode/length,500.0
451997,episode/return,893.0
451997,episode/length,500.0
451998,episode/return,943.0
451998,episode/length,500.0
451999,episode/return,703.0
451999,episode/length,500.0
455992,episode/return,942.0
455992,episode/length,500.0
455993,episode/return,894.0
455993,episode/length,500.0
455994,episode/return,877.0
455994,episode/length,500.0
455995,episode/return,943.0
455995,episode/length,500.0
455996,episode/return,943.0
455996,episode/length,500.0
455997,episode/return,939.0
455997,episode/length,500.0
455998,episode/return,702.0
455998,episode/length,500.0
455999,episode/return,702.0
455999,episode/length,500.0
459992,episode/return,943.0
459992,episode/length,500.0
459993,episode/return,847.0
459993,episode/length,500.0
459994,episode/return,847.0
459994,episode/length,500.0
459995,episode/return,848.0
459995,episode/length,500.0
459996,episode/return,729.0
459996,episode/length,500.0
459997,episode/return,937.0
459997,episode/length,500.0
459998,episode/return,731.0
459998,episode/length,500.0
459999,episode/return,1000.0
459999,episode/length,500.0
460000,train/consistency_loss_mean,2.1519444267596557e-06
460000,train/consistency_loss_std,1.4026417827144947e-05
460000,train/continue_loss_mean,0.0
460000,train/continue_loss_std,0.0
460000,train/grad_norm_mean,0.04472577479183674
460000,train/grad_norm_std,0.04060240892683426
460000,train/policy_log_std_mean,-0.7527245687484742
460000,train/policy_log_std_std,0.48579598187698
460000,train/policy_loss_mean,-0.4796817146778107
460000,train/policy_loss_std,0.011210994683008926
460000,train/reward_loss_mean,0.21730074862241744
460000,train/reward_loss_std,0.006643667107141272
460000,train/total_loss_mean,0.04705161945223808
460000,train/total_loss_std,0.000920176911514429
460000,train/value_loss_mean,0.25278505008220675
460000,train/value_loss_std,0.0026485990137618477
460000,train/value_scale_mean,126.26316995239257
460000,train/value_scale_std,2.367591136995493
460000,timing/collect_chunk_s,53.793801634572446
460000,timing/train_chunk_s,29.320691108703613
460000,dense_rhs/training_bucket_horizon,5.0
460000,system/heartbeat,1.0
463992,episode/return,848.0
463992,episode/length,500.0
463993,episode/return,756.0
463993,episode/length,500.0
463994,episode/return,894.0
463994,episode/length,500.0
463995,episode/return,827.0
463995,episode/length,500.0
463996,episode/return,937.0
463996,episode/length,500.0
463997,episode/return,677.0
463997,episode/length,500.0
463998,episode/return,937.0
463998,episode/length,500.0
463999,episode/return,765.0
463999,episode/length,500.0
467992,episode/return,1000.0
467992,episode/length,500.0
467993,episode/return,937.0
467993,episode/length,500.0
467994,episode/return,942.0
467994,episode/length,500.0
467995,episode/return,941.0
467995,episode/length,500.0
467996,episode/return,941.0
467996,episode/length,500.0
467997,episode/return,696.0
467997,episode/length,500.0
467998,episode/return,686.0
467998,episode/length,500.0
467999,episode/return,729.0
467999,episode/length,500.0
470000,train/consistency_loss_mean,4.05053655708798e-06
470000,train/consistency_loss_std,4.739657423252879e-05
470000,train/continue_loss_mean,0.0
470000,train/continue_loss_std,0.0
470000,train/grad_norm_mean,0.044547422432899476
470000,train/grad_norm_std,0.039558140235033075
470000,train/policy_log_std_mean,-0.7474326211929321
470000,train/policy_log_std_std,0.5123175579585352
470000,train/policy_loss_mean,-0.47321217494010925
470000,train/policy_loss_std,0.008253576410376315
470000,train/reward_loss_mean,0.2174358620762825
470000,train/reward_loss_std,0.006632555634319192
470000,train/total_loss_mean,0.04714691893458366
470000,train/total_loss_std,0.0013031970055555821
470000,train/value_loss_mean,0.2532232145547867
470000,train/value_loss_std,0.0026368212963061187
470000,train/value_scale_mean,127.78146685791016
470000,train/value_scale_std,1.4142393550271497
470000,timing/collect_chunk_s,53.54253636999056
470000,timing/train_chunk_s,29.20135889016092
470000,dense_rhs/training_bucket_horizon,5.0
470000,system/heartbeat,1.0
470000,dense_rhs/selected_horizon,5.0
470000,dense_rhs/proposed_horizon,5.0
470000,dense_rhs/phase_id,0.0
470000,dense_rhs/num_active_horizons,7.0
470000,dense_rhs/num_candidate_horizons,3.0
470000,dense_rhs/entropy,1.675803542137146
470000,dense_rhs/norm_entropy,0.8611925840377808
470000,dense_rhs/best_fitness,0.5425278544425964
470000,dense_rhs/deployment_score_best,0.06855322420597076
470000,dense_rhs/incumbent_deployment_score,0.06855322420597076
470000,dense_rhs/proposed_deployment_score,0.06855322420597076
470000,dense_rhs/proposed_transition_cost,0.0
470000,dense_rhs/proposed_switch_probability,0.5
470000,dense_rhs/proposed_expected_net_benefit,0.0
470000,dense_rhs/transition_cost_best,0.0
470000,dense_rhs/transition_adjusted_score_best,0.06855322420597076
470000,dense_rhs/switch_probability_best,0.5
470000,dense_rhs/expected_improvement_best,0.564189612865448
470000,dense_rhs/expected_loss_best,0.564189612865448
470000,dense_rhs/expected_net_benefit_best,0.0
470000,dense_rhs/return_term_best,0.9385077953338623
470000,dense_rhs/roughness_term_best,0.88181471824646
470000,dense_rhs/return_std_term_best,0.10468101501464844
470000,dense_rhs/learner_proxy_term_best,0.9572626352310181
470000,dense_rhs/model_prefix_loss_best,0.6088634133338928
470000,dense_rhs/model_probe_prefix_best,0.2835935652256012
470000,dense_rhs/planner_return_best,202.0325164794922
470000,dense_rhs/roughness_best,0.026827484369277954
470000,dense_rhs/robust_return_best,240.7560577392578
470000,timing/query_model_diag_s,14.54924778919667
470000,timing/query_env_eval_s,17.293970481026918
470000,timing/query_finalize_s,0.0037474469281733036
470000,timing/query_total_s,31.853052536956966
470000,dense_rhs/candidate_5_fitness,0.5425278544425964
470000,dense_rhs/candidate_5_deployment_score,0.06855322420597076
470000,dense_rhs/candidate_5_transition_cost,0.0
470000,dense_rhs/candidate_5_transition_adjusted_score,0.06855322420597076
470000,dense_rhs/candidate_5_switch_probability,0.5
470000,dense_rhs/candidate_5_expected_net_benefit,0.0
470000,dense_rhs/candidate_5_return,240.7560577392578
470000,dense_rhs/candidate_5_return_term,0.9385077953338623
470000,dense_rhs/candidate_5_roughness_term,0.88181471824646
470000,dense_rhs/candidate_5_return_std_term,0.10468101501464844
470000,dense_rhs/candidate_5_learner_proxy_term,0.9572626352310181
470000,dense_rhs/candidate_6_fitness,0.42715612053871155
470000,dense_rhs/candidate_6_deployment_score,0.015686817467212677
470000,dense_rhs/candidate_6_transition_cost,0.06503016501665115
470000,dense_rhs/candidate_6_transition_adjusted_score,-0.04934334754943848
470000,dense_rhs/candidate_6_switch_probability,0.46678048372268677
470000,dense_rhs/candidate_6_expected_net_benefit,-0.11789661645889282
470000,dense_rhs/candidate_6_return,236.15646362304688
470000,dense_rhs/candidate_6_return_term,0.827740490436554
470000,dense_rhs/candidate_6_roughness_term,0.7286597490310669
470000,dense_rhs/candidate_6_return_std_term,0.05519688129425049
470000,dense_rhs/candidate_6_learner_proxy_term,0.8308426141738892
470000,dense_rhs/candidate_4_fitness,0.03162277489900589
470000,dense_rhs/candidate_4_deployment_score,9.591202569936286e-07
470000,dense_rhs/candidate_4_transition_cost,0.07675399631261826
470000,dense_rhs/candidate_4_transition_adjusted_score,-0.07675303518772125
470000,dense_rhs/candidate_4_switch_probability,0.44245150685310364
470000,dense_rhs/candidate_4_expected_net_benefit,-0.14530625939369202
470000,dense_rhs/candidate_4_return,243.30950927734375
470000,dense_rhs/candidate_4_return_term,1.0
470000,dense_rhs/candidate_4_roughness_term,0.9591202735900879
470000,dense_rhs/candidate_4_return_std_term,0.0
470000,dense_rhs/candidate_4_learner_proxy_term,1.0
470000,dense_rhs/deployment_utility_enabled,1.0
470000,dense_rhs/deployment_utility_observations,8.0
470000,dense_rhs/deployment_utility_last_observed_gain,163.6500244140625
470000,dense_rhs/candidate_4_expected_eval_gain,-137.75
470000,dense_rhs/candidate_4_eval_gain_uncertainty,106.06601717798212
470000,dense_rhs/candidate_4_deployment_utility_score,-111.23349570550447
470000,dense_rhs/candidate_5_expected_eval_gain,163.6500244140625
470000,dense_rhs/candidate_5_eval_gain_uncertainty,106.06601717798212
470000,dense_rhs/candidate_5_deployment_utility_score,200.16652870855802
470000,dense_rhs/candidate_6_expected_eval_gain,0.0
470000,dense_rhs/candidate_6_eval_gain_uncertainty,150.0
470000,dense_rhs/candidate_6_deployment_utility_score,39.78816047541872
470000,dense_rhs/deployment_utility_override,0.0
470000,dense_rhs/deployment_utility_selected_expected_gain,163.6500244140625
470000,dense_rhs/deployment_utility_selected_uncertainty,106.06601717798212
470000,dense_rhs/deployment_utility_selected_score,200.16652870855802
470000,dense_rhs/deployment_utility_proposed_horizon,5.0
470000,dense_rhs/deployment_utility_proposed_expected_gain,163.6500244140625
470000,dense_rhs/deployment_utility_proposed_uncertainty,106.06601717798212
470000,dense_rhs/deployment_utility_proposed_score,200.16652870855802
470000,dense_rhs/previous_horizon,5.0
470000,dense_rhs/training_bucket_horizon,5.0
470000,dense_rhs/best_h,5.0
470000,dense_rhs/prob_best_h,0.0703125
470000,dense_rhs/gauss_mean_best_h,0.28707531094551086
470000,dense_rhs/gauss_post_std_best_h,0.18063221871852875
470000,system/heartbeat,1.0
471992,episode/return,701.0
471992,episode/length,500.0
471993,episode/return,943.0
471993,episode/length,500.0
471994,episode/return,975.0
471994,episode/length,500.0
471995,episode/return,699.0
471995,episode/length,500.0
471996,episode/return,700.0
471996,episode/length,500.0
471997,episode/return,730.0
471997,episode/length,500.0
471998,episode/return,720.0
471998,episode/length,500.0
471999,episode/return,939.0
471999,episode/length,500.0
475992,episode/return,880.0
475992,episode/length,500.0
475993,episode/return,943.0
475993,episode/length,500.0
475994,episode/return,811.0
475994,episode/length,500.0
475995,episode/return,765.0
475995,episode/length,500.0
475996,episode/return,942.0
475996,episode/length,500.0
475997,episode/return,850.0
475997,episode/length,500.0
475998,episode/return,702.0
475998,episode/length,500.0
475999,episode/return,924.0
475999,episode/length,500.0
479992,episode/return,941.0
479992,episode/length,500.0
479993,episode/return,894.0
479993,episode/length,500.0
479994,episode/return,810.0
479994,episode/length,500.0
479995,episode/return,728.0
479995,episode/length,500.0
479996,episode/return,851.0
479996,episode/length,500.0
479997,episode/return,730.0
479997,episode/length,500.0
479998,episode/return,808.0
479998,episode/length,500.0
479999,episode/return,846.0
479999,episode/length,500.0
480000,train/consistency_loss_mean,3.7448078691795674e-06
480000,train/consistency_loss_std,3.482339819923249e-05
480000,train/continue_loss_mean,0.0
480000,train/continue_loss_std,0.0
480000,train/grad_norm_mean,0.044007765847444535
480000,train/grad_norm_std,0.038909404902637355
480000,train/policy_log_std_mean,-0.7775759792327881
480000,train/policy_log_std_std,0.5071306007013309
480000,train/policy_loss_mean,-0.4853585169792175
480000,train/policy_loss_std,0.009033974623274085
480000,train/reward_loss_mean,0.21772579375505446
480000,train/reward_loss_std,0.006585047403643578
480000,train/total_loss_mean,0.0471426033526659
480000,train/total_loss_std,0.0011246960924042786
480000,train/value_loss_mean,0.25295126955509184
480000,train/value_loss_std,0.002671094625174155
480000,train/value_scale_mean,124.89530355834961
480000,train/value_scale_std,1.5512232589002777
480000,timing/collect_chunk_s,62.19547680579126
480000,timing/train_chunk_s,29.281379729509354
480000,dense_rhs/training_bucket_horizon,5.0
480000,system/heartbeat,1.0
483992,episode/return,1000.0
483992,episode/length,500.0
483993,episode/return,700.0
483993,episode/length,500.0
483994,episode/return,943.0
483994,episode/length,500.0
483995,episode/return,894.0
483995,episode/length,500.0
483996,episode/return,893.0
483996,episode/length,500.0
483997,episode/return,771.0
483997,episode/length,500.0
483998,episode/return,941.0
483998,episode/length,500.0
483999,episode/return,873.0
483999,episode/length,500.0
487992,episode/return,698.0
487992,episode/length,500.0
487993,episode/return,770.0
487993,episode/length,500.0
487994,episode/return,942.0
487994,episode/length,500.0
487995,episode/return,943.0
487995,episode/length,500.0
487996,episode/return,942.0
487996,episode/length,500.0
487997,episode/return,810.0
487997,episode/length,500.0
487998,episode/return,942.0
487998,episode/length,500.0
487999,episode/return,735.0
487999,episode/length,500.0
490000,train/consistency_loss_mean,1.5399215527395427e-06
490000,train/consistency_loss_std,4.102109241002332e-06
490000,train/continue_loss_mean,0.0
490000,train/continue_loss_std,0.0
490000,train/grad_norm_mean,0.041047872132062915
490000,train/grad_norm_std,0.037219604742830384
490000,train/policy_log_std_mean,-0.7295365093866985
490000,train/policy_log_std_std,0.4871568527541117
490000,train/policy_loss_mean,-0.48258129606246947
490000,train/policy_loss_std,0.008708985027047438
490000,train/reward_loss_mean,0.2179781199336052
490000,train/reward_loss_std,0.006620740590631033
490000,train/total_loss_mean,0.047153495317697525
490000,train/total_loss_std,0.0008651971661295187
490000,train/value_loss_mean,0.2532488429546356
490000,train/value_loss_std,0.002583552474106473
490000,train/value_scale_mean,125.63080264892578
490000,train/value_scale_std,1.347841157801555
490000,timing/collect_chunk_s,53.72012279788032
490000,timing/train_chunk_s,29.217529703862965
490000,dense_rhs/training_bucket_horizon,5.0
490000,system/heartbeat,1.0
491992,episode/return,943.0
491992,episode/length,500.0
491993,episode/return,937.0
491993,episode/length,500.0
491994,episode/return,734.0
491994,episode/length,500.0
491995,episode/return,851.0
491995,episode/length,500.0
491996,episode/return,1000.0
491996,episode/length,500.0
491997,episode/return,937.0
491997,episode/length,500.0
491998,episode/return,850.0
491998,episode/length,500.0
491999,episode/return,893.0
491999,episode/length,500.0
495992,episode/return,1000.0
495992,episode/length,500.0
495993,episode/return,851.0
495993,episode/length,500.0
495994,episode/return,795.0
495994,episode/length,500.0
495995,episode/return,941.0
495995,episode/length,500.0
495996,episode/return,894.0
495996,episode/length,500.0
495997,episode/return,938.0
495997,episode/length,500.0
495998,episode/return,895.0
495998,episode/length,500.0
495999,episode/return,694.0
495999,episode/length,500.0
499992,episode/return,851.0
499992,episode/length,500.0
499993,episode/return,726.0
499993,episode/length,500.0
499994,episode/return,894.0
499994,episode/length,500.0
499995,episode/return,851.0
499995,episode/length,500.0
499996,episode/return,735.0
499996,episode/length,500.0
499997,episode/return,767.0
499997,episode/length,500.0
499998,episode/return,766.0
499998,episode/length,500.0
499999,episode/return,701.0
499999,episode/length,500.0
500000,train/consistency_loss_mean,2.8260041443900264e-06
500000,train/consistency_loss_std,2.591029098008872e-05
500000,train/continue_loss_mean,0.0
500000,train/continue_loss_std,0.0
500000,train/grad_norm_mean,0.042162517918646336
500000,train/grad_norm_std,0.03666370624645137
500000,train/policy_log_std_mean,-0.7454805303573608
500000,train/policy_log_std_std,0.5630861874553896
500000,train/policy_loss_mean,-0.4884273181438446
500000,train/policy_loss_std,0.008714664411911474
500000,train/reward_loss_mean,0.21827847117185592
500000,train/reward_loss_std,0.006636184557547203
500000,train/total_loss_mean,0.047224522042274474
500000,train/total_loss_std,0.0010115600002552905
500000,train/value_loss_mean,0.2534015374660492
500000,train/value_loss_std,0.0025593407562483914
500000,train/value_scale_mean,124.15207299804688
500000,train/value_scale_std,1.4355285307645906
500000,timing/collect_chunk_s,53.51855486491695
500000,timing/train_chunk_s,29.20827072300017
500000,dense_rhs/training_bucket_horizon,5.0
500000,system/heartbeat,1.0
500000,timing/checkpoint_blocking_s,0.42925087828189135
500000,eval/return_mean,854.9000244140625
500000,eval/return_std,101.10040283203125
500000,eval/return_max,1000.0
500000,eval/return_min,682.0
500000,dense_rhs/deployment_utility_last_observed_gain,-9.54998779296875
500000,dense_rhs/deployment_utility_observations,9.0
500000,timing/eval_s,9.079750072676688
500000,eval/selected_horizon,5.0
500000,eval/training_bucket_horizon,5.0
500000,system/heartbeat,1.0
