step,tag,value
3992,episode/return,0.0
3992,episode/length,500.0
3993,episode/return,0.0
3993,episode/length,500.0
3994,episode/return,0.0
3994,episode/length,500.0
3995,episode/return,0.0
3995,episode/length,500.0
3996,episode/return,17.0
3996,episode/length,500.0
3997,episode/return,0.0
3997,episode/length,500.0
3998,episode/return,0.0
3998,episode/length,500.0
3999,episode/return,0.0
3999,episode/length,500.0
4000,seed_pretrain/updates_completed,512.0
4000,timing/collect_chunk_s,17.27873540483415
4000,timing/train_chunk_s,244.77950955508277
4000,system/heartbeat,1.0
4000,seed_pretrain/updates_completed,1024.0
4000,timing/collect_chunk_s,17.27873540483415
4000,timing/train_chunk_s,245.91774098062888
4000,system/heartbeat,1.0
4000,seed_pretrain/updates_completed,1536.0
4000,timing/collect_chunk_s,17.27873540483415
4000,timing/train_chunk_s,247.0554731930606
4000,system/heartbeat,1.0
4000,seed_pretrain/updates_completed,2048.0
4000,timing/collect_chunk_s,17.27873540483415
4000,timing/train_chunk_s,248.1942682233639
4000,system/heartbeat,1.0
4000,seed_pretrain/updates_completed,2560.0
4000,timing/collect_chunk_s,17.27873540483415
4000,timing/train_chunk_s,249.33315929258242
4000,system/heartbeat,1.0
4000,seed_pretrain/updates_completed,3072.0
4000,timing/collect_chunk_s,17.27873540483415
4000,timing/train_chunk_s,250.47209024149925
4000,system/heartbeat,1.0
4000,seed_pretrain/updates_completed,3584.0
4000,timing/collect_chunk_s,17.27873540483415
4000,timing/train_chunk_s,251.6118260617368
4000,system/heartbeat,1.0
7992,episode/return,0.0
7992,episode/length,500.0
7993,episode/return,24.0
7993,episode/length,500.0
7994,episode/return,26.0
7994,episode/length,500.0
7995,episode/return,0.0
7995,episode/length,500.0
7996,episode/return,0.0
7996,episode/length,500.0
7997,episode/return,2.0
7997,episode/length,500.0
7998,episode/return,15.0
7998,episode/length,500.0
7999,episode/return,0.0
7999,episode/length,500.0
10000,train/consistency_loss_mean,0.0005333496888633817
10000,train/consistency_loss_std,0.00033072153703893315
10000,train/continue_loss_mean,0.0
10000,train/continue_loss_std,0.0
10000,train/grad_norm_mean,0.28130086348056793
10000,train/grad_norm_std,0.13454513442065127
10000,train/policy_log_std_mean,-0.5194595245838165
10000,train/policy_log_std_std,1.0198007728114244
10000,train/policy_loss_mean,-0.06605207330584525
10000,train/policy_loss_std,0.039561233510050024
10000,train/reward_loss_mean,0.008852523730695248
10000,train/reward_loss_std,0.08673683964267366
10000,train/total_loss_mean,0.03320060385167599
10000,train/total_loss_std,0.02241652797403606
10000,train/value_loss_mean,0.21648357083797454
10000,train/value_loss_std,0.10775074296569526
10000,train/value_scale_mean,1.2849395427703858
10000,train/value_scale_std,0.4905053078477729
10000,timing/collect_chunk_s,187.7293469919823
10000,timing/train_chunk_s,310.44342390447855
10000,dense_rhs/training_bucket_horizon,3.0
10000,system/heartbeat,1.0
11992,episode/return,0.0
11992,episode/length,500.0
11993,episode/return,0.0
11993,episode/length,500.0
11994,episode/return,2.0
11994,episode/length,500.0
11995,episode/return,53.0
11995,episode/length,500.0
11996,episode/return,0.0
11996,episode/length,500.0
11997,episode/return,0.0
11997,episode/length,500.0
11998,episode/return,34.0
11998,episode/length,500.0
11999,episode/return,0.0
11999,episode/length,500.0
15992,episode/return,25.0
15992,episode/length,500.0
15993,episode/return,0.0
15993,episode/length,500.0
15994,episode/return,5.0
15994,episode/length,500.0
15995,episode/return,17.0
15995,episode/length,500.0
15996,episode/return,34.0
15996,episode/length,500.0
15997,episode/return,0.0
15997,episode/length,500.0
15998,episode/return,0.0
15998,episode/length,500.0
15999,episode/return,44.0
15999,episode/length,500.0
19992,episode/return,26.0
19992,episode/length,500.0
19993,episode/return,0.0
19993,episode/length,500.0
19994,episode/return,65.0
19994,episode/length,500.0
19995,episode/return,51.0
19995,episode/length,500.0
19996,episode/return,0.0
19996,episode/length,500.0
19997,episode/return,62.0
19997,episode/length,500.0
19998,episode/return,54.0
19998,episode/length,500.0
19999,episode/return,0.0
19999,episode/length,500.0
20000,train/consistency_loss_mean,0.00027546048753429207
20000,train/consistency_loss_std,4.693607396399815e-05
20000,train/continue_loss_mean,0.0
20000,train/continue_loss_std,0.0
20000,train/grad_norm_mean,0.48919809482097626
20000,train/grad_norm_std,0.1895192069752323
20000,train/policy_log_std_mean,-1.8500435235977173
20000,train/policy_log_std_std,1.435966301050324
20000,train/policy_loss_mean,-0.17264762635231018
20000,train/policy_loss_std,0.057396398454392795
20000,train/reward_loss_mean,0.008348252729326487
20000,train/reward_loss_std,0.004187848823433514
20000,train/total_loss_mean,0.04953461118638516
20000,train/total_loss_std,0.0043443071191530055
20000,train/value_loss_mean,0.4319057480812073
20000,train/value_loss_std,0.03700808854556674
20000,train/value_scale_mean,5.940456200027466
20000,train/value_scale_std,0.8762214685493857
20000,timing/collect_chunk_s,80.45967388572171
20000,timing/train_chunk_s,21.666671737562865
20000,dense_rhs/training_bucket_horizon,3.0
20000,system/heartbeat,1.0
23992,episode/return,0.0
23992,episode/length,500.0
23993,episode/return,50.0
23993,episode/length,500.0
23994,episode/return,0.0
23994,episode/length,500.0
23995,episode/return,11.0
23995,episode/length,500.0
23996,episode/return,0.0
23996,episode/length,500.0
23997,episode/return,63.0
23997,episode/length,500.0
23998,episode/return,17.0
23998,episode/length,500.0
23999,episode/return,0.0
23999,episode/length,500.0
27992,episode/return,85.0
27992,episode/length,500.0
27993,episode/return,210.0
27993,episode/length,500.0
27994,episode/return,56.0
27994,episode/length,500.0
27995,episode/return,10.0
27995,episode/length,500.0
27996,episode/return,110.0
27996,episode/length,500.0
27997,episode/return,0.0
27997,episode/length,500.0
27998,episode/return,14.0
27998,episode/length,500.0
27999,episode/return,0.0
27999,episode/length,500.0
30000,train/consistency_loss_mean,0.00036981726118829103
30000,train/consistency_loss_std,5.3937876397847755e-05
30000,train/continue_loss_mean,0.0
30000,train/continue_loss_std,0.0
30000,train/grad_norm_mean,0.49739901707172396
30000,train/grad_norm_std,0.18308933673263902
30000,train/policy_log_std_mean,-2.2163881313323976
30000,train/policy_log_std_std,1.5662732618006134
30000,train/policy_loss_mean,-0.2655441688776016
30000,train/policy_loss_std,0.050798416622792254
30000,train/reward_loss_mean,0.013475567057728767
30000,train/reward_loss_std,0.005532086155093085
30000,train/total_loss_mean,0.05373170703351498
30000,train/total_loss_std,0.003503934129042242
30000,train/value_loss_mean,0.4498780361890793
30000,train/value_loss_std,0.030960546556074775
30000,train/value_scale_mean,8.918510008239746
30000,train/value_scale_std,0.5727577743120684
30000,timing/collect_chunk_s,81.09980280371383
30000,timing/train_chunk_s,21.68343990854919
30000,dense_rhs/training_bucket_horizon,3.0
30000,system/heartbeat,1.0
31992,episode/return,0.0
31992,episode/length,500.0
31993,episode/return,67.0
31993,episode/length,500.0
31994,episode/return,22.0
31994,episode/length,500.0
31995,episode/return,15.0
31995,episode/length,500.0
31996,episode/return,0.0
31996,episode/length,500.0
31997,episode/return,0.0
31997,episode/length,500.0
31998,episode/return,0.0
31998,episode/length,500.0
31999,episode/return,0.0
31999,episode/length,500.0
35992,episode/return,22.0
35992,episode/length,500.0
35993,episode/return,0.0
35993,episode/length,500.0
35994,episode/return,0.0
35994,episode/length,500.0
35995,episode/return,0.0
35995,episode/length,500.0
35996,episode/return,0.0
35996,episode/length,500.0
35997,episode/return,0.0
35997,episode/length,500.0
35998,episode/return,0.0
35998,episode/length,500.0
35999,episode/return,24.0
35999,episode/length,500.0
39992,episode/return,0.0
39992,episode/length,500.0
39993,episode/return,47.0
39993,episode/length,500.0
39994,episode/return,13.0
39994,episode/length,500.0
39995,episode/return,0.0
39995,episode/length,500.0
39996,episode/return,139.0
39996,episode/length,500.0
39997,episode/return,0.0
39997,episode/length,500.0
39998,episode/return,3.0
39998,episode/length,500.0
39999,episode/return,83.0
39999,episode/length,500.0
40000,train/consistency_loss_mean,0.00041098221836145967
40000,train/consistency_loss_std,5.8850532686266144e-05
40000,train/continue_loss_mean,0.0
40000,train/continue_loss_std,0.0
40000,train/grad_norm_mean,0.4557416118144989
40000,train/grad_norm_std,0.1714053719349641
40000,train/policy_log_std_mean,-2.3775706727981567
40000,train/policy_log_std_std,1.6230418726900648
40000,train/policy_loss_mean,-0.34747909259796145
40000,train/policy_loss_std,0.013377704931417645
40000,train/reward_loss_mean,0.014507244519889355
40000,train/reward_loss_std,0.005239276230445903
40000,train/total_loss_mean,0.052069932597875596
40000,train/total_loss_std,0.0026755368607585357
40000,train/value_loss_mean,0.4239956299304962
40000,train/value_loss_std,0.016302364394793125
40000,train/value_scale_mean,11.676901392364503
40000,train/value_scale_std,0.719161895189131
40000,timing/collect_chunk_s,81.34400923643261
40000,timing/train_chunk_s,21.57326079811901
40000,dense_rhs/training_bucket_horizon,3.0
40000,system/heartbeat,1.0
43992,episode/return,0.0
43992,episode/length,500.0
43993,episode/return,45.0
43993,episode/length,500.0
43994,episode/return,0.0
43994,episode/length,500.0
43995,episode/return,0.0
43995,episode/length,500.0
43996,episode/return,157.0
43996,episode/length,500.0
43997,episode/return,0.0
43997,episode/length,500.0
43998,episode/return,0.0
43998,episode/length,500.0
43999,episode/return,45.0
43999,episode/length,500.0
47992,episode/return,0.0
47992,episode/length,500.0
47993,episode/return,71.0
47993,episode/length,500.0
47994,episode/return,0.0
47994,episode/length,500.0
47995,episode/return,22.0
47995,episode/length,500.0
47996,episode/return,103.0
47996,episode/length,500.0
47997,episode/return,22.0
47997,episode/length,500.0
47998,episode/return,0.0
47998,episode/length,500.0
47999,episode/return,56.0
47999,episode/length,500.0
50000,train/consistency_loss_mean,0.0004633715088479221
50000,train/consistency_loss_std,6.675670927024515e-05
50000,train/continue_loss_mean,0.0
50000,train/continue_loss_std,0.0
50000,train/grad_norm_mean,0.46213639364242554
50000,train/grad_norm_std,0.1762640130463726
50000,train/policy_log_std_mean,-2.580565390205383
50000,train/policy_log_std_std,1.6336078446730602
50000,train/policy_loss_mean,-0.3816154181241989
50000,train/policy_loss_std,0.01564188139981371
50000,train/reward_loss_mean,0.015396202501654625
50000,train/reward_loss_std,0.0053020569970418305
50000,train/total_loss_mean,0.054469770893454554
50000,train/total_loss_std,0.0027688152762328283
50000,train/value_loss_mean,0.4366271933078766
50000,train/value_loss_std,0.015660940337808887
50000,train/value_scale_mean,12.909761925506592
50000,train/value_scale_std,0.24052198054864027
50000,timing/collect_chunk_s,79.54034460755065
50000,timing/train_chunk_s,21.583094905596226
50000,dense_rhs/training_bucket_horizon,3.0
50000,system/heartbeat,1.0
50000,timing/checkpoint_blocking_s,0.3904550611041486
50000,eval/return_mean,20.25
50000,eval/return_std,29.104768753051758
50000,eval/return_max,95.0
50000,eval/return_min,0.0
50000,timing/eval_s,75.94712685793638
50000,eval/selected_horizon,3.0
50000,eval/training_bucket_horizon,3.0
50000,system/heartbeat,1.0
51992,episode/return,0.0
51992,episode/length,500.0
51993,episode/return,0.0
51993,episode/length,500.0
51994,episode/return,0.0
51994,episode/length,500.0
51995,episode/return,2.0
51995,episode/length,500.0
51996,episode/return,0.0
51996,episode/length,500.0
51997,episode/return,0.0
51997,episode/length,500.0
51998,episode/return,0.0
51998,episode/length,500.0
51999,episode/return,14.0
51999,episode/length,500.0
55992,episode/return,95.0
55992,episode/length,500.0
55993,episode/return,21.0
55993,episode/length,500.0
55994,episode/return,0.0
55994,episode/length,500.0
55995,episode/return,4.0
55995,episode/length,500.0
55996,episode/return,70.0
55996,episode/length,500.0
55997,episode/return,59.0
55997,episode/length,500.0
55998,episode/return,0.0
55998,episode/length,500.0
55999,episode/return,0.0
55999,episode/length,500.0
59992,episode/return,49.0
59992,episode/length,500.0
59993,episode/return,0.0
59993,episode/length,500.0
59994,episode/return,97.0
59994,episode/length,500.0
59995,episode/return,66.0
59995,episode/length,500.0
59996,episode/return,5.0
59996,episode/length,500.0
59997,episode/return,12.0
59997,episode/length,500.0
59998,episode/return,3.0
59998,episode/length,500.0
59999,episode/return,0.0
59999,episode/length,500.0
60000,train/consistency_loss_mean,0.0005196685132570565
60000,train/consistency_loss_std,7.590735211334932e-05
60000,train/continue_loss_mean,0.0
60000,train/continue_loss_std,0.0
60000,train/grad_norm_mean,0.47612845716476443
60000,train/grad_norm_std,0.18723277916934963
60000,train/policy_log_std_mean,-2.6561142274856566
60000,train/policy_log_std_std,1.683957842693277
60000,train/policy_loss_mean,-0.39772350940704343
60000,train/policy_loss_std,0.012590063170146444
60000,train/reward_loss_mean,0.01513595678806305
60000,train/reward_loss_std,0.005205966700873216
60000,train/total_loss_mean,0.05559490587115288
60000,train/total_loss_std,0.0028494537640859153
60000,train/value_loss_mean,0.43687938718795777
60000,train/value_loss_std,0.015144392434688504
60000,train/value_scale_mean,12.438627117156983
60000,train/value_scale_std,0.5156490722551481
60000,timing/collect_chunk_s,81.80089975800365
60000,timing/train_chunk_s,20.679839302320033
60000,dense_rhs/training_bucket_horizon,3.0
60000,system/heartbeat,1.0
63992,episode/return,0.0
63992,episode/length,500.0
63993,episode/return,0.0
63993,episode/length,500.0
63994,episode/return,40.0
63994,episode/length,500.0
63995,episode/return,835.0
63995,episode/length,500.0
63996,episode/return,0.0
63996,episode/length,500.0
63997,episode/return,549.0
63997,episode/length,500.0
63998,episode/return,36.0
63998,episode/length,500.0
63999,episode/return,0.0
63999,episode/length,500.0
67992,episode/return,0.0
67992,episode/length,500.0
67993,episode/return,63.0
67993,episode/length,500.0
67994,episode/return,12.0
67994,episode/length,500.0
67995,episode/return,59.0
67995,episode/length,500.0
67996,episode/return,0.0
67996,episode/length,500.0
67997,episode/return,0.0
67997,episode/length,500.0
67998,episode/return,0.0
67998,episode/length,500.0
67999,episode/return,26.0
67999,episode/length,500.0
70000,train/consistency_loss_mean,0.0005918116302695125
70000,train/consistency_loss_std,8.65870762092952e-05
70000,train/continue_loss_mean,0.0
70000,train/continue_loss_std,0.0
70000,train/grad_norm_mean,0.49009472417831423
70000,train/grad_norm_std,0.192154696048896
70000,train/policy_log_std_mean,-2.704218592071533
70000,train/policy_log_std_std,1.6806289845415405
70000,train/policy_loss_mean,-0.38545451664924624
70000,train/policy_loss_std,0.0313104988916659
70000,train/reward_loss_mean,0.02034634594321251
70000,train/reward_loss_std,0.006571199792105801
70000,train/total_loss_mean,0.058635562682151796
70000,train/total_loss_std,0.0036932277697289133
70000,train/value_loss_mean,0.44764694287776946
70000,train/value_loss_std,0.021598847540878482
70000,train/value_scale_mean,13.909023658752442
70000,train/value_scale_std,2.0976434987766948
70000,timing/collect_chunk_s,80.81408373080194
70000,timing/train_chunk_s,20.660333413630724
70000,dense_rhs/training_bucket_horizon,3.0
70000,system/heartbeat,1.0
71992,episode/return,33.0
71992,episode/length,500.0
71993,episode/return,11.0
71993,episode/length,500.0
71994,episode/return,23.0
71994,episode/length,500.0
71995,episode/return,0.0
71995,episode/length,500.0
71996,episode/return,103.0
71996,episode/length,500.0
71997,episode/return,0.0
71997,episode/length,500.0
71998,episode/return,0.0
71998,episode/length,500.0
71999,episode/return,2.0
71999,episode/length,500.0
75992,episode/return,0.0
75992,episode/length,500.0
75993,episode/return,0.0
75993,episode/length,500.0
75994,episode/return,8.0
75994,episode/length,500.0
75995,episode/return,0.0
75995,episode/length,500.0
75996,episode/return,0.0
75996,episode/length,500.0
75997,episode/return,126.0
75997,episode/length,500.0
75998,episode/return,87.0
75998,episode/length,500.0
75999,episode/return,54.0
75999,episode/length,500.0
79992,episode/return,46.0
79992,episode/length,500.0
79993,episode/return,0.0
79993,episode/length,500.0
79994,episode/return,0.0
79994,episode/length,500.0
79995,episode/return,0.0
79995,episode/length,500.0
79996,episode/return,0.0
79996,episode/length,500.0
79997,episode/return,5.0
79997,episode/length,500.0
79998,episode/return,67.0
79998,episode/length,500.0
79999,episode/return,20.0
79999,episode/length,500.0
80000,train/consistency_loss_mean,0.0006337066068779677
80000,train/consistency_loss_std,8.902872792487216e-05
80000,train/continue_loss_mean,0.0
80000,train/continue_loss_std,0.0
80000,train/grad_norm_mean,0.46444145786762236
80000,train/grad_norm_std,0.1851470888798377
80000,train/policy_log_std_mean,-2.697486672592163
80000,train/policy_log_std_std,1.5813191492271772
80000,train/policy_loss_mean,-0.3830435019731522
80000,train/policy_loss_std,0.028560422699129125
80000,train/reward_loss_mean,0.020791652081906795
80000,train/reward_loss_std,0.006424372435193206
80000,train/total_loss_mean,0.05955138418078423
80000,train/total_loss_std,0.0032323502205511743
80000,train/value_loss_mean,0.44798085865974424
80000,train/value_loss_std,0.01674035573877917
80000,train/value_scale_mean,17.309317251586915
80000,train/value_scale_std,0.7125207848733506
80000,timing/collect_chunk_s,83.48552873684093
80000,timing/train_chunk_s,20.669444771949202
80000,dense_rhs/training_bucket_horizon,3.0
80000,system/heartbeat,1.0
83992,episode/return,13.0
83992,episode/length,500.0
83993,episode/return,0.0
83993,episode/length,500.0
83994,episode/return,62.0
83994,episode/length,500.0
83995,episode/return,0.0
83995,episode/length,500.0
83996,episode/return,2.0
83996,episode/length,500.0
83997,episode/return,4.0
83997,episode/length,500.0
83998,episode/return,0.0
83998,episode/length,500.0
83999,episode/return,66.0
83999,episode/length,500.0
87992,episode/return,28.0
87992,episode/length,500.0
87993,episode/return,0.0
87993,episode/length,500.0
87994,episode/return,0.0
87994,episode/length,500.0
87995,episode/return,74.0
87995,episode/length,500.0
87996,episode/return,0.0
87996,episode/length,500.0
87997,episode/return,7.0
87997,episode/length,500.0
87998,episode/return,0.0
87998,episode/length,500.0
87999,episode/return,13.0
87999,episode/length,500.0
90000,train/consistency_loss_mean,0.0006510081371758134
90000,train/consistency_loss_std,9.199508912897615e-05
90000,train/continue_loss_mean,0.0
90000,train/continue_loss_std,0.0
90000,train/grad_norm_mean,0.4615278162240982
90000,train/grad_norm_std,0.18127964058094992
90000,train/policy_log_std_mean,-2.742900597190857
90000,train/policy_log_std_std,1.607894519096826
90000,train/policy_loss_mean,-0.42813740661144256
90000,train/policy_loss_std,0.027696256796427995
90000,train/reward_loss_mean,0.02018477832376957
90000,train/reward_loss_std,0.00632442622538287
90000,train/total_loss_mean,0.05862536498606205
90000,train/total_loss_std,0.0032683472911138513
90000,train/value_loss_mean,0.43586723001003264
90000,train/value_loss_std,0.01604759920228818
90000,train/value_scale_mean,14.228866314697266
90000,train/value_scale_std,0.710078976844311
90000,timing/collect_chunk_s,78.07443076744676
90000,timing/train_chunk_s,20.623235791455954
90000,dense_rhs/training_bucket_horizon,3.0
90000,system/heartbeat,1.0
91992,episode/return,0.0
91992,episode/length,500.0
91993,episode/return,0.0
91993,episode/length,500.0
91994,episode/return,6.0
91994,episode/length,500.0
91995,episode/return,0.0
91995,episode/length,500.0
91996,episode/return,27.0
91996,episode/length,500.0
91997,episode/return,0.0
91997,episode/length,500.0
91998,episode/return,0.0
91998,episode/length,500.0
91999,episode/return,0.0
91999,episode/length,500.0
95992,episode/return,7.0
95992,episode/length,500.0
95993,episode/return,0.0
95993,episode/length,500.0
95994,episode/return,0.0
95994,episode/length,500.0
95995,episode/return,0.0
95995,episode/length,500.0
95996,episode/return,0.0
95996,episode/length,500.0
95997,episode/return,0.0
95997,episode/length,500.0
95998,episode/return,95.0
95998,episode/length,500.0
95999,episode/return,55.0
95999,episode/length,500.0
99992,episode/return,6.0
99992,episode/length,500.0
99993,episode/return,0.0
99993,episode/length,500.0
99994,episode/return,4.0
99994,episode/length,500.0
99995,episode/return,62.0
99995,episode/length,500.0
99996,episode/return,0.0
99996,episode/length,500.0
99997,episode/return,131.0
99997,episode/length,500.0
99998,episode/return,0.0
99998,episode/length,500.0
99999,episode/return,123.0
99999,episode/length,500.0
100000,train/consistency_loss_mean,0.0006683583823964
100000,train/consistency_loss_std,9.53517158223706e-05
100000,train/continue_loss_mean,0.0
100000,train/continue_loss_std,0.0
100000,train/grad_norm_mean,0.4610931788206101
100000,train/grad_norm_std,0.18388462957781085
100000,train/policy_log_std_mean,-2.820524416732788
100000,train/policy_log_std_std,1.592293157488876
100000,train/policy_loss_mean,-0.3962311496257782
100000,train/policy_loss_std,0.0230254046146231
100000,train/reward_loss_mean,0.019001904214918614
100000,train/reward_loss_std,0.006201738241942802
100000,train/total_loss_mean,0.06011576988697052
100000,train/total_loss_std,0.0033856559937444903
100000,train/value_loss_mean,0.44848410942554473
100000,train/value_loss_std,0.016380632416049527
100000,train/value_scale_mean,13.853424756622314
100000,train/value_scale_std,0.24890789862619878
100000,timing/collect_chunk_s,86.50304097076878
100000,timing/train_chunk_s,20.658241434022784
100000,dense_rhs/training_bucket_horizon,3.0
100000,system/heartbeat,1.0
100000,timing/checkpoint_blocking_s,0.39926606277003884
100000,eval/return_mean,6.050000190734863
100000,eval/return_std,21.615907669067383
100000,eval/return_max,99.0
100000,eval/return_min,0.0
100000,timing/eval_s,6.5894690048880875
100000,eval/selected_horizon,3.0
100000,eval/training_bucket_horizon,3.0
100000,system/heartbeat,1.0
103992,episode/return,10.0
103992,episode/length,500.0
103993,episode/return,0.0
103993,episode/length,500.0
103994,episode/return,95.0
103994,episode/length,500.0
103995,episode/return,0.0
103995,episode/length,500.0
103996,episode/return,0.0
103996,episode/length,500.0
103997,episode/return,0.0
103997,episode/length,500.0
103998,episode/return,10.0
103998,episode/length,500.0
103999,episode/return,3.0
103999,episode/length,500.0
107992,episode/return,535.0
107992,episode/length,500.0
107993,episode/return,0.0
107993,episode/length,500.0
107994,episode/return,7.0
107994,episode/length,500.0
107995,episode/return,0.0
107995,episode/length,500.0
107996,episode/return,0.0
107996,episode/length,500.0
107997,episode/return,52.0
107997,episode/length,500.0
107998,episode/return,3.0
107998,episode/length,500.0
107999,episode/return,0.0
107999,episode/length,500.0
110000,train/consistency_loss_mean,0.0006871093573980033
110000,train/consistency_loss_std,9.804093338990679e-05
110000,train/continue_loss_mean,0.0
110000,train/continue_loss_std,0.0
110000,train/grad_norm_mean,0.47064579043388366
110000,train/grad_norm_std,0.18930461565080348
110000,train/policy_log_std_mean,-2.8750813024520876
110000,train/policy_log_std_std,1.5800170569219911
110000,train/policy_loss_mean,-0.37188687789440156
110000,train/policy_loss_std,0.02153988996278068
110000,train/reward_loss_mean,0.019054158764332533
110000,train/reward_loss_std,0.006114861182043137
110000,train/total_loss_mean,0.06155489317476749
110000,train/total_loss_std,0.0034633530593649914
110000,train/value_loss_mean,0.4590728884458542
110000,train/value_loss_std,0.016522276849147356
110000,train/value_scale_mean,14.428358641052245
110000,train/value_scale_std,0.34351646026615373
110000,timing/collect_chunk_s,83.03645544638857
110000,timing/train_chunk_s,20.695704699028283
110000,dense_rhs/training_bucket_horizon,3.0
110000,system/heartbeat,1.0
111992,episode/return,0.0
111992,episode/length,500.0
111993,episode/return,11.0
111993,episode/length,500.0
111994,episode/return,98.0
111994,episode/length,500.0
111995,episode/return,0.0
111995,episode/length,500.0
111996,episode/return,0.0
111996,episode/length,500.0
111997,episode/return,0.0
111997,episode/length,500.0
111998,episode/return,0.0
111998,episode/length,500.0
111999,episode/return,0.0
111999,episode/length,500.0
115992,episode/return,0.0
115992,episode/length,500.0
115993,episode/return,0.0
115993,episode/length,500.0
115994,episode/return,0.0
115994,episode/length,500.0
115995,episode/return,5.0
115995,episode/length,500.0
115996,episode/return,0.0
115996,episode/length,500.0
115997,episode/return,0.0
115997,episode/length,500.0
115998,episode/return,12.0
115998,episode/length,500.0
115999,episode/return,1.0
115999,episode/length,500.0
119992,episode/return,83.0
119992,episode/length,500.0
119993,episode/return,253.0
119993,episode/length,500.0
119994,episode/return,111.0
119994,episode/length,500.0
119995,episode/return,0.0
119995,episode/length,500.0
119996,episode/return,0.0
119996,episode/length,500.0
119997,episode/return,65.0
119997,episode/length,500.0
119998,episode/return,15.0
119998,episode/length,500.0
119999,episode/return,0.0
119999,episode/length,500.0
120000,train/consistency_loss_mean,0.0007046610377263278
120000,train/consistency_loss_std,0.00010231455969464119
120000,train/continue_loss_mean,0.0
120000,train/continue_loss_std,0.0
120000,train/grad_norm_mean,0.466597527384758
120000,train/grad_norm_std,0.18760652421856755
120000,train/policy_log_std_mean,-2.8703334197998047
120000,train/policy_log_std_std,1.5985709084515443
120000,train/policy_loss_mean,-0.36643313052654264
120000,train/policy_loss_std,0.02398695046956118
120000,train/reward_loss_mean,0.019066229878365995
120000,train/reward_loss_std,0.0060359821320145335
120000,train/total_loss_mean,0.062074601644277576
120000,train/total_loss_std,0.0036063742788332463
120000,train/value_loss_mean,0.4607475653409958
120000,train/value_loss_std,0.017305604041136825
120000,train/value_scale_mean,14.408393585968017
120000,train/value_scale_std,0.26129211375529177
120000,timing/collect_chunk_s,82.63190663326532
120000,timing/train_chunk_s,20.67832386121154
120000,dense_rhs/training_bucket_horizon,3.0
120000,system/heartbeat,1.0
123992,episode/return,0.0
123992,episode/length,500.0
123993,episode/return,0.0
123993,episode/length,500.0
123994,episode/return,0.0
123994,episode/length,500.0
123995,episode/return,84.0
123995,episode/length,500.0
123996,episode/return,317.0
123996,episode/length,500.0
123997,episode/return,45.0
123997,episode/length,500.0
123998,episode/return,0.0
123998,episode/length,500.0
123999,episode/return,124.0
123999,episode/length,500.0
127992,episode/return,0.0
127992,episode/length,500.0
127993,episode/return,85.0
127993,episode/length,500.0
127994,episode/return,77.0
127994,episode/length,500.0
127995,episode/return,87.0
127995,episode/length,500.0
127996,episode/return,0.0
127996,episode/length,500.0
127997,episode/return,3.0
127997,episode/length,500.0
127998,episode/return,0.0
127998,episode/length,500.0
127999,episode/return,53.0
127999,episode/length,500.0
130000,train/consistency_loss_mean,0.0007347950161900372
130000,train/consistency_loss_std,0.00010393683228354945
130000,train/continue_loss_mean,0.0
130000,train/continue_loss_std,0.0
130000,train/grad_norm_mean,0.46692709007263183
130000,train/grad_norm_std,0.18401092635777933
130000,train/policy_log_std_mean,-2.842783804130554
130000,train/policy_log_std_std,1.6289332429637322
130000,train/policy_loss_mean,-0.342990394449234
130000,train/policy_loss_std,0.021910017985215875
130000,train/reward_loss_mean,0.02011665066033602
130000,train/reward_loss_std,0.006239573620472641
130000,train/total_loss_mean,0.0638219484180212
130000,train/total_loss_std,0.003659426155152217
130000,train/value_loss_mean,0.47114382510185243
130000,train/value_loss_std,0.017336000334284906
130000,train/value_scale_mean,15.297820012664795
130000,train/value_scale_std,0.27932818444295027
130000,timing/collect_chunk_s,79.77702438645065
130000,timing/train_chunk_s,20.64285825099796
130000,dense_rhs/training_bucket_horizon,3.0
130000,system/heartbeat,1.0
131992,episode/return,26.0
131992,episode/length,500.0
131993,episode/return,0.0
131993,episode/length,500.0
131994,episode/return,39.0
131994,episode/length,500.0
131995,episode/return,0.0
131995,episode/length,500.0
131996,episode/return,0.0
131996,episode/length,500.0
131997,episode/return,0.0
131997,episode/length,500.0
131998,episode/return,0.0
131998,episode/length,500.0
131999,episode/return,0.0
131999,episode/length,500.0
135992,episode/return,0.0
135992,episode/length,500.0
135993,episode/return,0.0
135993,episode/length,500.0
135994,episode/return,0.0
135994,episode/length,500.0
135995,episode/return,0.0
135995,episode/length,500.0
135996,episode/return,0.0
135996,episode/length,500.0
135997,episode/return,0.0
135997,episode/length,500.0
135998,episode/return,4.0
135998,episode/length,500.0
135999,episode/return,0.0
135999,episode/length,500.0
139992,episode/return,0.0
139992,episode/length,500.0
139993,episode/return,85.0
139993,episode/length,500.0
139994,episode/return,0.0
139994,episode/length,500.0
139995,episode/return,0.0
139995,episode/length,500.0
139996,episode/return,82.0
139996,episode/length,500.0
139997,episode/return,63.0
139997,episode/length,500.0
139998,episode/return,0.0
139998,episode/length,500.0
139999,episode/return,1.0
139999,episode/length,500.0
140000,train/consistency_loss_mean,0.0007417887779418379
140000,train/consistency_loss_std,0.00010389636544657076
140000,train/continue_loss_mean,0.0
140000,train/continue_loss_std,0.0
140000,train/grad_norm_mean,0.4567093589782715
140000,train/grad_norm_std,0.17955948396792662
140000,train/policy_log_std_mean,-2.87806484375
140000,train/policy_log_std_std,1.6271603967554675
140000,train/policy_loss_mean,-0.3492729880571365
140000,train/policy_loss_std,0.022937521619380452
140000,train/reward_loss_mean,0.019526278437674044
140000,train/reward_loss_std,0.006165617733273648
140000,train/total_loss_mean,0.06381646915674209
140000,train/total_loss_std,0.003624652967311539
140000,train/value_loss_mean,0.47028064820766446
140000,train/value_loss_std,0.017101983176554973
140000,train/value_scale_mean,14.881173959350585
140000,train/value_scale_std,0.2891891947742308
140000,timing/collect_chunk_s,83.93525375518948
140000,timing/train_chunk_s,20.660462916828692
140000,dense_rhs/training_bucket_horizon,3.0
140000,system/heartbeat,1.0
143992,episode/return,0.0
143992,episode/length,500.0
143993,episode/return,0.0
143993,episode/length,500.0
143994,episode/return,0.0
143994,episode/length,500.0
143995,episode/return,74.0
143995,episode/length,500.0
143996,episode/return,0.0
143996,episode/length,500.0
143997,episode/return,0.0
143997,episode/length,500.0
143998,episode/return,38.0
143998,episode/length,500.0
143999,episode/return,5.0
143999,episode/length,500.0
147992,episode/return,0.0
147992,episode/length,500.0
147993,episode/return,27.0
147993,episode/length,500.0
147994,episode/return,65.0
147994,episode/length,500.0
147995,episode/return,0.0
147995,episode/length,500.0
147996,episode/return,5.0
147996,episode/length,500.0
147997,episode/return,13.0
147997,episode/length,500.0
147998,episode/return,0.0
147998,episode/length,500.0
147999,episode/return,0.0
147999,episode/length,500.0
150000,train/consistency_loss_mean,0.0007685087506193668
150000,train/consistency_loss_std,0.00010590825840696183
150000,train/continue_loss_mean,0.0
150000,train/continue_loss_std,0.0
150000,train/grad_norm_mean,0.4456019184589386
150000,train/grad_norm_std,0.1736247142155007
150000,train/policy_log_std_mean,-2.8593523664474487
150000,train/policy_log_std_std,1.6359762703766567
150000,train/policy_loss_mean,-0.3474714879274368
150000,train/policy_loss_std,0.02196245427650551
150000,train/reward_loss_mean,0.019133119951933623
150000,train/reward_loss_std,0.006069602181633497
150000,train/total_loss_mean,0.06441980353593826
150000,train/total_loss_std,0.0036660214894335495
150000,train/value_loss_mean,0.4713631527662277
150000,train/value_loss_std,0.017067612362620384
150000,train/value_scale_mean,14.81855128250122
150000,train/value_scale_std,0.3996115938850771
150000,timing/collect_chunk_s,84.60627405624837
150000,timing/train_chunk_s,20.617822104599327
150000,dense_rhs/training_bucket_horizon,3.0
150000,system/heartbeat,1.0
150000,timing/checkpoint_blocking_s,0.4040240319445729
150000,eval/return_mean,27.25
150000,eval/return_std,32.913333892822266
150000,eval/return_max,103.0
150000,eval/return_min,0.0
150000,timing/eval_s,6.5865881559439
150000,eval/selected_horizon,3.0
150000,eval/training_bucket_horizon,3.0
150000,system/heartbeat,1.0
151992,episode/return,10.0
151992,episode/length,500.0
151993,episode/return,2.0
151993,episode/length,500.0
151994,episode/return,574.0
151994,episode/length,500.0
151995,episode/return,0.0
151995,episode/length,500.0
151996,episode/return,28.0
151996,episode/length,500.0
151997,episode/return,1.0
151997,episode/length,500.0
151998,episode/return,0.0
151998,episode/length,500.0
151999,episode/return,0.0
151999,episode/length,500.0
155992,episode/return,0.0
155992,episode/length,500.0
155993,episode/return,0.0
155993,episode/length,500.0
155994,episode/return,0.0
155994,episode/length,500.0
155995,episode/return,74.0
155995,episode/length,500.0
155996,episode/return,46.0
155996,episode/length,500.0
155997,episode/return,13.0
155997,episode/length,500.0
155998,episode/return,61.0
155998,episode/length,500.0
155999,episode/return,4.0
155999,episode/length,500.0
159992,episode/return,0.0
159992,episode/length,500.0
159993,episode/return,0.0
159993,episode/length,500.0
159994,episode/return,0.0
159994,episode/length,500.0
159995,episode/return,0.0
159995,episode/length,500.0
159996,episode/return,0.0
159996,episode/length,500.0
159997,episode/return,0.0
159997,episode/length,500.0
159998,episode/return,0.0
159998,episode/length,500.0
159999,episode/return,0.0
159999,episode/length,500.0
160000,train/consistency_loss_mean,0.0007842402432579548
160000,train/consistency_loss_std,0.00010841256755573714
160000,train/continue_loss_mean,0.0
160000,train/continue_loss_std,0.0
160000,train/grad_norm_mean,0.4366092919111252
160000,train/grad_norm_std,0.17308290149826994
160000,train/policy_log_std_mean,-2.853273724365234
160000,train/policy_log_std_std,1.6270457770310915
160000,train/policy_loss_mean,-0.3667430030345917
160000,train/policy_loss_std,0.022750778030658877
160000,train/reward_loss_mean,0.019394905994832515
160000,train/reward_loss_std,0.006251203137113889
160000,train/total_loss_mean,0.06343167235851288
160000,train/total_loss_std,0.0036557301369527476
160000,train/value_loss_mean,0.45807375745773316
160000,train/value_loss_std,0.016427141363992
160000,train/value_scale_mean,13.397961383056641
160000,train/value_scale_std,0.5096189664971313
160000,timing/collect_chunk_s,80.19908068049699
160000,timing/train_chunk_s,20.67691498529166
160000,dense_rhs/training_bucket_horizon,3.0
160000,system/heartbeat,1.0
163992,episode/return,6.0
163992,episode/length,500.0
163993,episode/return,17.0
163993,episode/length,500.0
163994,episode/return,0.0
163994,episode/length,500.0
163995,episode/return,0.0
163995,episode/length,500.0
163996,episode/return,0.0
163996,episode/length,500.0
163997,episode/return,40.0
163997,episode/length,500.0
163998,episode/return,95.0
163998,episode/length,500.0
163999,episode/return,0.0
163999,episode/length,500.0
167992,episode/return,0.0
167992,episode/length,500.0
167993,episode/return,0.0
167993,episode/length,500.0
167994,episode/return,0.0
167994,episode/length,500.0
167995,episode/return,0.0
167995,episode/length,500.0
167996,episode/return,0.0
167996,episode/length,500.0
167997,episode/return,0.0
167997,episode/length,500.0
167998,episode/return,0.0
167998,episode/length,500.0
167999,episode/return,0.0
167999,episode/length,500.0
170000,train/consistency_loss_mean,0.0008181160571984947
170000,train/consistency_loss_std,0.00011292486961125183
170000,train/continue_loss_mean,0.0
170000,train/continue_loss_std,0.0
170000,train/grad_norm_mean,0.4441190749168396
170000,train/grad_norm_std,0.17323875677585593
170000,train/policy_log_std_mean,-2.8090141582489014
170000,train/policy_log_std_std,1.6215999549413718
170000,train/policy_loss_mean,-0.3513936104774475
170000,train/policy_loss_std,0.022909779820794236
170000,train/reward_loss_mean,0.018705189811438323
170000,train/reward_loss_std,0.0060352552150343625
170000,train/total_loss_mean,0.0640872573286295
170000,train/total_loss_std,0.0037757319591662864
170000,train/value_loss_mean,0.4585441646814346
170000,train/value_loss_std,0.016695107709873095
170000,train/value_scale_mean,12.362217404937745
170000,train/value_scale_std,0.25912944522457887
170000,timing/collect_chunk_s,83.8462804988958
170000,timing/train_chunk_s,20.702966110315174
170000,dense_rhs/training_bucket_horizon,3.0
170000,system/heartbeat,1.0
171992,episode/return,60.0
171992,episode/length,500.0
171993,episode/return,76.0
171993,episode/length,500.0
171994,episode/return,0.0
171994,episode/length,500.0
171995,episode/return,0.0
171995,episode/length,500.0
171996,episode/return,66.0
171996,episode/length,500.0
171997,episode/return,5.0
171997,episode/length,500.0
171998,episode/return,0.0
171998,episode/length,500.0
171999,episode/return,76.0
171999,episode/length,500.0
175992,episode/return,0.0
175992,episode/length,500.0
175993,episode/return,11.0
175993,episode/length,500.0
175994,episode/return,19.0
175994,episode/length,500.0
175995,episode/return,0.0
175995,episode/length,500.0
175996,episode/return,0.0
175996,episode/length,500.0
175997,episode/return,0.0
175997,episode/length,500.0
175998,episode/return,38.0
175998,episode/length,500.0
175999,episode/return,6.0
175999,episode/length,500.0
179992,episode/return,5.0
179992,episode/length,500.0
179993,episode/return,0.0
179993,episode/length,500.0
179994,episode/return,0.0
179994,episode/length,500.0
179995,episode/return,26.0
179995,episode/length,500.0
179996,episode/return,75.0
179996,episode/length,500.0
179997,episode/return,61.0
179997,episode/length,500.0
179998,episode/return,9.0
179998,episode/length,500.0
179999,episode/return,0.0
179999,episode/length,500.0
180000,train/consistency_loss_mean,0.0008395479787606746
180000,train/consistency_loss_std,0.00011542995150756451
180000,train/continue_loss_mean,0.0
180000,train/continue_loss_std,0.0
180000,train/grad_norm_mean,0.45099920437335966
180000,train/grad_norm_std,0.17500145414807178
180000,train/policy_log_std_mean,-2.7785421291351318
180000,train/policy_log_std_std,1.6100598656067162
180000,train/policy_loss_mean,-0.3399848264694214
180000,train/policy_loss_std,0.02381932263653184
180000,train/reward_loss_mean,0.01838114742189646
180000,train/reward_loss_std,0.005909565263086078
180000,train/total_loss_mean,0.06510169143080712
180000,train/total_loss_std,0.003873063084766473
180000,train/value_loss_mean,0.4647261674165726
180000,train/value_loss_std,0.017408705698182182
180000,train/value_scale_mean,11.259713997650147
180000,train/value_scale_std,0.4731886518117076
180000,timing/collect_chunk_s,80.48160060448572
180000,timing/train_chunk_s,20.598740051034838
180000,dense_rhs/training_bucket_horizon,3.0
180000,system/heartbeat,1.0
183992,episode/return,0.0
183992,episode/length,500.0
183993,episode/return,45.0
183993,episode/length,500.0
183994,episode/return,36.0
183994,episode/length,500.0
183995,episode/return,0.0
183995,episode/length,500.0
183996,episode/return,10.0
183996,episode/length,500.0
183997,episode/return,0.0
183997,episode/length,500.0
183998,episode/return,0.0
183998,episode/length,500.0
183999,episode/return,31.0
183999,episode/length,500.0
187992,episode/return,651.0
187992,episode/length,500.0
187993,episode/return,0.0
187993,episode/length,500.0
187994,episode/return,0.0
187994,episode/length,500.0
187995,episode/return,0.0
187995,episode/length,500.0
187996,episode/return,0.0
187996,episode/length,500.0
187997,episode/return,0.0
187997,episode/length,500.0
187998,episode/return,0.0
187998,episode/length,500.0
187999,episode/return,2.0
187999,episode/length,500.0
190000,train/consistency_loss_mean,0.0008678604645654559
190000,train/consistency_loss_std,0.00011917089668977594
190000,train/continue_loss_mean,0.0
190000,train/continue_loss_std,0.0
190000,train/grad_norm_mean,0.455916512966156
190000,train/grad_norm_std,0.17547473490409088
190000,train/policy_log_std_mean,-2.7509343885421753
190000,train/policy_log_std_std,1.629491408873886
190000,train/policy_loss_mean,-0.3211846392869949
190000,train/policy_loss_std,0.025363344962180484
190000,train/reward_loss_mean,0.0186416253708303
190000,train/reward_loss_std,0.006027079047924388
190000,train/total_loss_mean,0.0665595747500658
190000,train/total_loss_std,0.0040162958188183105
190000,train/value_loss_mean,0.47338201959133147
190000,train/value_loss_std,0.018065766932061193
190000,train/value_scale_mean,10.876930163574219
190000,train/value_scale_std,0.2290814723572633
190000,timing/collect_chunk_s,82.82298065116629
190000,timing/train_chunk_s,20.60985794151202
190000,dense_rhs/training_bucket_horizon,3.0
190000,system/heartbeat,1.0
191992,episode/return,0.0
191992,episode/length,500.0
191993,episode/return,0.0
191993,episode/length,500.0
191994,episode/return,15.0
191994,episode/length,500.0
191995,episode/return,8.0
191995,episode/length,500.0
191996,episode/return,692.0
191996,episode/length,500.0
191997,episode/return,6.0
191997,episode/length,500.0
191998,episode/return,11.0
191998,episode/length,500.0
191999,episode/return,15.0
191999,episode/length,500.0
195992,episode/return,0.0
195992,episode/length,500.0
195993,episode/return,0.0
195993,episode/length,500.0
195994,episode/return,311.0
195994,episode/length,500.0
195995,episode/return,0.0
195995,episode/length,500.0
195996,episode/return,0.0
195996,episode/length,500.0
195997,episode/return,0.0
195997,episode/length,500.0
195998,episode/return,37.0
195998,episode/length,500.0
195999,episode/return,160.0
195999,episode/length,500.0
199992,episode/return,19.0
199992,episode/length,500.0
199993,episode/return,0.0
199993,episode/length,500.0
199994,episode/return,9.0
199994,episode/length,500.0
199995,episode/return,0.0
199995,episode/length,500.0
199996,episode/return,7.0
199996,episode/length,500.0
199997,episode/return,14.0
199997,episode/length,500.0
199998,episode/return,34.0
199998,episode/length,500.0
199999,episode/return,0.0
199999,episode/length,500.0
200000,train/consistency_loss_mean,0.0008831803199835121
200000,train/consistency_loss_std,0.000122077140281054
200000,train/continue_loss_mean,0.0
200000,train/continue_loss_std,0.0
200000,train/grad_norm_mean,0.45414156155586244
200000,train/grad_norm_std,0.17348142434447872
200000,train/policy_log_std_mean,-2.769791103744507
200000,train/policy_log_std_std,1.607305440737943
200000,train/policy_loss_mean,-0.31180963184833527
200000,train/policy_loss_std,0.026068621535769918
200000,train/reward_loss_mean,0.01989709878191352
200000,train/reward_loss_std,0.006291380573240957
200000,train/total_loss_mean,0.06743400193452835
200000,train/total_loss_std,0.004105362980484441
200000,train/value_loss_mean,0.47780684399604795
200000,train/value_loss_std,0.01819024351537987
200000,train/value_scale_mean,10.816225249481201
200000,train/value_scale_std,0.160968811259276
200000,timing/collect_chunk_s,80.89316844847053
200000,timing/train_chunk_s,20.64727104594931
200000,dense_rhs/training_bucket_horizon,3.0
200000,system/heartbeat,1.0
200000,timing/checkpoint_blocking_s,0.38981131790205836
200000,eval/return_mean,61.349998474121094
200000,eval/return_std,143.19541931152344
200000,eval/return_max,665.0
200000,eval/return_min,0.0
200000,timing/eval_s,6.58408381883055
200000,eval/selected_horizon,3.0
200000,eval/training_bucket_horizon,3.0
200000,system/heartbeat,1.0
203992,episode/return,0.0
203992,episode/length,500.0
203993,episode/return,0.0
203993,episode/length,500.0
203994,episode/return,0.0
203994,episode/length,500.0
203995,episode/return,3.0
203995,episode/length,500.0
203996,episode/return,121.0
203996,episode/length,500.0
203997,episode/return,0.0
203997,episode/length,500.0
203998,episode/return,0.0
203998,episode/length,500.0
203999,episode/return,0.0
203999,episode/length,500.0
207992,episode/return,0.0
207992,episode/length,500.0
207993,episode/return,6.0
207993,episode/length,500.0
207994,episode/return,67.0
207994,episode/length,500.0
207995,episode/return,791.0
207995,episode/length,500.0
207996,episode/return,19.0
207996,episode/length,500.0
207997,episode/return,15.0
207997,episode/length,500.0
207998,episode/return,104.0
207998,episode/length,500.0
207999,episode/return,0.0
207999,episode/length,500.0
210000,train/consistency_loss_mean,0.0009035762832500041
210000,train/consistency_loss_std,0.00012414820141311492
210000,train/continue_loss_mean,0.0
210000,train/continue_loss_std,0.0
210000,train/grad_norm_mean,0.451280700469017
210000,train/grad_norm_std,0.17309682509322097
210000,train/policy_log_std_mean,-2.811753768539429
210000,train/policy_log_std_std,1.58896044820391
210000,train/policy_loss_mean,-0.3004823819875717
210000,train/policy_loss_std,0.0252987886776443
210000,train/reward_loss_mean,0.020029833064973353
210000,train/reward_loss_std,0.006243768886343285
210000,train/total_loss_mean,0.06853271551728249
210000,train/total_loss_std,0.004128749398078082
210000,train/value_loss_mean,0.48458205382823943
210000,train/value_loss_std,0.018107133110516024
210000,train/value_scale_mean,10.975174170684815
210000,train/value_scale_std,0.22396942919283538
210000,timing/collect_chunk_s,84.23173293564469
210000,timing/train_chunk_s,20.69030416570604
210000,dense_rhs/training_bucket_horizon,3.0
210000,system/heartbeat,1.0
211992,episode/return,39.0
211992,episode/length,500.0
211993,episode/return,33.0
211993,episode/length,500.0
211994,episode/return,0.0
211994,episode/length,500.0
211995,episode/return,7.0
211995,episode/length,500.0
211996,episode/return,83.0
211996,episode/length,500.0
211997,episode/return,68.0
211997,episode/length,500.0
211998,episode/return,0.0
211998,episode/length,500.0
211999,episode/return,7.0
211999,episode/length,500.0
215992,episode/return,59.0
215992,episode/length,500.0
215993,episode/return,0.0
215993,episode/length,500.0
215994,episode/return,0.0
215994,episode/length,500.0
215995,episode/return,0.0
215995,episode/length,500.0
215996,episode/return,38.0
215996,episode/length,500.0
215997,episode/return,54.0
215997,episode/length,500.0
215998,episode/return,0.0
215998,episode/length,500.0
215999,episode/return,60.0
215999,episode/length,500.0
219992,episode/return,4.0
219992,episode/length,500.0
219993,episode/return,2.0
219993,episode/length,500.0
219994,episode/return,31.0
219994,episode/length,500.0
219995,episode/return,0.0
219995,episode/length,500.0
219996,episode/return,773.0
219996,episode/length,500.0
219997,episode/return,0.0
219997,episode/length,500.0
219998,episode/return,0.0
219998,episode/length,500.0
219999,episode/return,12.0
219999,episode/length,500.0
220000,train/consistency_loss_mean,0.000947002543695271
220000,train/consistency_loss_std,0.00012970203235186426
220000,train/continue_loss_mean,0.0
220000,train/continue_loss_std,0.0
220000,train/grad_norm_mean,0.44871579205989837
220000,train/grad_norm_std,0.17284125680019902
220000,train/policy_log_std_mean,-2.843135788154602
220000,train/policy_log_std_std,1.5735530389698273
220000,train/policy_loss_mean,-0.3038218578338623
220000,train/policy_loss_std,0.025120744494313774
220000,train/reward_loss_mean,0.02069812671020627
220000,train/reward_loss_std,0.006444267771803715
220000,train/total_loss_mean,0.06973395334482194
220000,train/total_loss_std,0.004236727946543239
220000,train/value_loss_mean,0.48724089183807373
220000,train/value_loss_std,0.01806678860215092
220000,train/value_scale_mean,11.013602684783935
220000,train/value_scale_std,0.2507079202785572
220000,timing/collect_chunk_s,79.55838265968487
220000,timing/train_chunk_s,20.65957029722631
220000,dense_rhs/training_bucket_horizon,3.0
220000,system/heartbeat,1.0
223992,episode/return,0.0
223992,episode/length,500.0
223993,episode/return,0.0
223993,episode/length,500.0
223994,episode/return,16.0
223994,episode/length,500.0
223995,episode/return,63.0
223995,episode/length,500.0
223996,episode/return,0.0
223996,episode/length,500.0
223997,episode/return,60.0
223997,episode/length,500.0
223998,episode/return,12.0
223998,episode/length,500.0
223999,episode/return,0.0
223999,episode/length,500.0
227992,episode/return,26.0
227992,episode/length,500.0
227993,episode/return,0.0
227993,episode/length,500.0
227994,episode/return,0.0
227994,episode/length,500.0
227995,episode/return,6.0
227995,episode/length,500.0
227996,episode/return,54.0
227996,episode/length,500.0
227997,episode/return,0.0
227997,episode/length,500.0
227998,episode/return,0.0
227998,episode/length,500.0
227999,episode/return,64.0
227999,episode/length,500.0
230000,train/consistency_loss_mean,0.0009765431889798492
230000,train/consistency_loss_std,0.00013288077610867374
230000,train/continue_loss_mean,0.0
230000,train/continue_loss_std,0.0
230000,train/grad_norm_mean,0.44413618319034576
230000,train/grad_norm_std,0.1685191290475056
230000,train/policy_log_std_mean,-2.8913093257904054
230000,train/policy_log_std_std,1.5428103750993443
230000,train/policy_loss_mean,-0.3105757331371307
230000,train/policy_loss_std,0.02543047172748466
230000,train/reward_loss_mean,0.0211107258528471
230000,train/reward_loss_std,0.006473882095241383
230000,train/total_loss_mean,0.07001690361499786
230000,train/total_loss_std,0.004294766929986351
230000,train/value_loss_mean,0.4837496553182602
230000,train/value_loss_std,0.017790193572889034
230000,train/value_scale_mean,10.742734518432616
230000,train/value_scale_std,0.2058573305680499
230000,timing/collect_chunk_s,85.58493648748845
230000,timing/train_chunk_s,20.67476183315739
230000,dense_rhs/training_bucket_horizon,3.0
230000,system/heartbeat,1.0
231992,episode/return,11.0
231992,episode/length,500.0
231993,episode/return,9.0
231993,episode/length,500.0
231994,episode/return,13.0
231994,episode/length,500.0
231995,episode/return,0.0
231995,episode/length,500.0
231996,episode/return,0.0
231996,episode/length,500.0
231997,episode/return,424.0
231997,episode/length,500.0
231998,episode/return,4.0
231998,episode/length,500.0
231999,episode/return,0.0
231999,episode/length,500.0
235992,episode/return,69.0
235992,episode/length,500.0
235993,episode/return,10.0
235993,episode/length,500.0
235994,episode/return,0.0
235994,episode/length,500.0
235995,episode/return,15.0
235995,episode/length,500.0
235996,episode/return,0.0
235996,episode/length,500.0
235997,episode/return,44.0
235997,episode/length,500.0
235998,episode/return,0.0
235998,episode/length,500.0
235999,episode/return,0.0
235999,episode/length,500.0
239992,episode/return,0.0
239992,episode/length,500.0
239993,episode/return,16.0
239993,episode/length,500.0
239994,episode/return,80.0
239994,episode/length,500.0
239995,episode/return,0.0
239995,episode/length,500.0
239996,episode/return,0.0
239996,episode/length,500.0
239997,episode/return,69.0
239997,episode/length,500.0
239998,episode/return,0.0
239998,episode/length,500.0
239999,episode/return,5.0
239999,episode/length,500.0
240000,train/consistency_loss_mean,0.0009974481623619795
240000,train/consistency_loss_std,0.00013493416528291037
240000,train/continue_loss_mean,0.0
240000,train/continue_loss_std,0.0
240000,train/grad_norm_mean,0.4428652445793152
240000,train/grad_norm_std,0.17141634131363606
240000,train/policy_log_std_mean,-2.8968870792388914
240000,train/policy_log_std_std,1.5422338049555115
240000,train/policy_loss_mean,-0.30933671381473543
240000,train/policy_loss_std,0.024590273707066217
240000,train/reward_loss_mean,0.02093353511542082
240000,train/reward_loss_std,0.006536625268839361
240000,train/total_loss_mean,0.07071693980097771
240000,train/total_loss_std,0.004335251582373708
240000,train/value_loss_mean,0.4867462160587311
240000,train/value_loss_std,0.017864469457032583
240000,train/value_scale_mean,10.802817325592041
240000,train/value_scale_std,0.22176411248808933
240000,timing/collect_chunk_s,81.90248491754755
240000,timing/train_chunk_s,20.638011646457016
240000,dense_rhs/training_bucket_horizon,3.0
240000,system/heartbeat,1.0
243992,episode/return,0.0
243992,episode/length,500.0
243993,episode/return,0.0
243993,episode/length,500.0
243994,episode/return,0.0
243994,episode/length,500.0
243995,episode/return,1.0
243995,episode/length,500.0
243996,episode/return,12.0
243996,episode/length,500.0
243997,episode/return,66.0
243997,episode/length,500.0
243998,episode/return,0.0
243998,episode/length,500.0
243999,episode/return,5.0
243999,episode/length,500.0
247992,episode/return,0.0
247992,episode/length,500.0
247993,episode/return,0.0
247993,episode/length,500.0
247994,episode/return,8.0
247994,episode/length,500.0
247995,episode/return,17.0
247995,episode/length,500.0
247996,episode/return,68.0
247996,episode/length,500.0
247997,episode/return,15.0
247997,episode/length,500.0
247998,episode/return,115.0
247998,episode/length,500.0
247999,episode/return,526.0
247999,episode/length,500.0
250000,train/consistency_loss_mean,0.0010200483140535652
250000,train/consistency_loss_std,0.00013843723498273733
250000,train/continue_loss_mean,0.0
250000,train/continue_loss_std,0.0
250000,train/grad_norm_mean,0.4344440017461777
250000,train/grad_norm_std,0.1693641877554083
250000,train/policy_log_std_mean,-2.90904203414917
250000,train/policy_log_std_std,1.5472560685764396
250000,train/policy_loss_mean,-0.3172093248605728
250000,train/policy_loss_std,0.024813811064381647
250000,train/reward_loss_mean,0.021020128247141837
250000,train/reward_loss_std,0.006418155331145664
250000,train/total_loss_mean,0.07068400097489357
250000,train/total_loss_std,0.004387808892430038
250000,train/value_loss_mean,0.48181020548343656
250000,train/value_loss_std,0.017922237765426813
250000,train/value_scale_mean,10.492122763824463
250000,train/value_scale_std,0.22594296306193795
250000,timing/collect_chunk_s,84.43614262668416
250000,timing/train_chunk_s,20.658142080996186
250000,dense_rhs/training_bucket_horizon,3.0
250000,system/heartbeat,1.0
250000,timing/checkpoint_blocking_s,0.3953407150693238
250000,eval/return_mean,29.5
250000,eval/return_std,46.084163665771484
250000,eval/return_max,202.0
250000,eval/return_min,0.0
250000,timing/eval_s,6.584118937142193
250000,eval/selected_horizon,3.0
250000,eval/training_bucket_horizon,3.0
250000,system/heartbeat,1.0
251992,episode/return,66.0
251992,episode/length,500.0
251993,episode/return,551.0
251993,episode/length,500.0
251994,episode/return,19.0
251994,episode/length,500.0
251995,episode/return,63.0
251995,episode/length,500.0
251996,episode/return,42.0
251996,episode/length,500.0
251997,episode/return,57.0
251997,episode/length,500.0
251998,episode/return,15.0
251998,episode/length,500.0
251999,episode/return,0.0
251999,episode/length,500.0
255992,episode/return,0.0
255992,episode/length,500.0
255993,episode/return,52.0
255993,episode/length,500.0
255994,episode/return,0.0
255994,episode/length,500.0
255995,episode/return,0.0
255995,episode/length,500.0
255996,episode/return,0.0
255996,episode/length,500.0
255997,episode/return,0.0
255997,episode/length,500.0
255998,episode/return,0.0
255998,episode/length,500.0
255999,episode/return,0.0
255999,episode/length,500.0
259992,episode/return,0.0
259992,episode/length,500.0
259993,episode/return,0.0
259993,episode/length,500.0
259994,episode/return,4.0
259994,episode/length,500.0
259995,episode/return,18.0
259995,episode/length,500.0
259996,episode/return,42.0
259996,episode/length,500.0
259997,episode/return,18.0
259997,episode/length,500.0
259998,episode/return,69.0
259998,episode/length,500.0
259999,episode/return,0.0
259999,episode/length,500.0
260000,train/consistency_loss_mean,0.0010413209508173167
260000,train/consistency_loss_std,0.0001397286975163519
260000,train/continue_loss_mean,0.0
260000,train/continue_loss_std,0.0
260000,train/grad_norm_mean,0.43742964539527895
260000,train/grad_norm_std,0.16784344468768736
260000,train/policy_log_std_mean,-2.8939741245269777
260000,train/policy_log_std_std,1.5595359124445642
260000,train/policy_loss_mean,-0.3121065227270126
260000,train/policy_loss_std,0.02487420923351192
260000,train/reward_loss_mean,0.021788036128878592
260000,train/reward_loss_std,0.0066755110260702495
260000,train/total_loss_mean,0.0712125573039055
260000,train/total_loss_std,0.004432705164790006
260000,train/value_loss_mean,0.4820733299970627
260000,train/value_loss_std,0.017942398378184767
260000,train/value_scale_mean,10.568639640808106
260000,train/value_scale_std,0.21438378925870488
260000,timing/collect_chunk_s,82.0015368280001
260000,timing/train_chunk_s,20.69009606167674
260000,dense_rhs/training_bucket_horizon,3.0
260000,system/heartbeat,1.0
263992,episode/return,0.0
263992,episode/length,500.0
263993,episode/return,0.0
263993,episode/length,500.0
263994,episode/return,22.0
263994,episode/length,500.0
263995,episode/return,0.0
263995,episode/length,500.0
263996,episode/return,0.0
263996,episode/length,500.0
263997,episode/return,2.0
263997,episode/length,500.0
263998,episode/return,0.0
263998,episode/length,500.0
263999,episode/return,0.0
263999,episode/length,500.0
267992,episode/return,49.0
267992,episode/length,500.0
267993,episode/return,9.0
267993,episode/length,500.0
267994,episode/return,35.0
267994,episode/length,500.0
267995,episode/return,0.0
267995,episode/length,500.0
267996,episode/return,0.0
267996,episode/length,500.0
267997,episode/return,120.0
267997,episode/length,500.0
267998,episode/return,0.0
267998,episode/length,500.0
267999,episode/return,2.0
267999,episode/length,500.0
270000,train/consistency_loss_mean,0.0010565837382338942
270000,train/consistency_loss_std,0.00014260173590176318
270000,train/continue_loss_mean,0.0
270000,train/continue_loss_std,0.0
270000,train/grad_norm_mean,0.4325320527791977
270000,train/grad_norm_std,0.1640605388119803
270000,train/policy_log_std_mean,-2.9282835371017457
270000,train/policy_log_std_std,1.5479234440828242
270000,train/policy_loss_mean,-0.3108246727466583
270000,train/policy_loss_std,0.024292607841900273
270000,train/reward_loss_mean,0.021390367091447114
270000,train/reward_loss_std,0.006526262891495804
270000,train/total_loss_mean,0.0714223384797573
270000,train/total_loss_std,0.004463926460911859
270000,train/value_loss_mean,0.4815162539482117
270000,train/value_loss_std,0.017748745618092806
270000,train/value_scale_mean,10.357348593139648
270000,train/value_scale_std,0.17148189939178896
270000,timing/collect_chunk_s,81.74614794692025
270000,timing/train_chunk_s,20.666676932945848
270000,dense_rhs/training_bucket_horizon,3.0
270000,system/heartbeat,1.0
271992,episode/return,34.0
271992,episode/length,500.0
271993,episode/return,1.0
271993,episode/length,500.0
271994,episode/return,113.0
271994,episode/length,500.0
271995,episode/return,0.0
271995,episode/length,500.0
271996,episode/return,85.0
271996,episode/length,500.0
271997,episode/return,9.0
271997,episode/length,500.0
271998,episode/return,20.0
271998,episode/length,500.0
271999,episode/return,0.0
271999,episode/length,500.0
275992,episode/return,0.0
275992,episode/length,500.0
275993,episode/return,46.0
275993,episode/length,500.0
275994,episode/return,2.0
275994,episode/length,500.0
275995,episode/return,18.0
275995,episode/length,500.0
275996,episode/return,6.0
275996,episode/length,500.0
275997,episode/return,38.0
275997,episode/length,500.0
275998,episode/return,90.0
275998,episode/length,500.0
275999,episode/return,0.0
275999,episode/length,500.0
279992,episode/return,0.0
279992,episode/length,500.0
279993,episode/return,0.0
279993,episode/length,500.0
279994,episode/return,15.0
279994,episode/length,500.0
279995,episode/return,0.0
279995,episode/length,500.0
279996,episode/return,0.0
279996,episode/length,500.0
279997,episode/return,0.0
279997,episode/length,500.0
279998,episode/return,0.0
279998,episode/length,500.0
279999,episode/return,107.0
279999,episode/length,500.0
280000,train/consistency_loss_mean,0.0010826518691610546
280000,train/consistency_loss_std,0.00014565364066103758
280000,train/continue_loss_mean,0.0
280000,train/continue_loss_std,0.0
280000,train/grad_norm_mean,0.4351062119007111
280000,train/grad_norm_std,0.16655955738538056
280000,train/policy_log_std_mean,-2.9380415510177613
280000,train/policy_log_std_std,1.5419193365207704
280000,train/policy_loss_mean,-0.3065551958322525
280000,train/policy_loss_std,0.023730678164554084
280000,train/reward_loss_mean,0.02126319471895695
280000,train/reward_loss_std,0.006442034819450019
280000,train/total_loss_mean,0.0719479935824871
280000,train/total_loss_std,0.004532697639139445
280000,train/value_loss_mean,0.4816863536834717
280000,train/value_loss_std,0.018041037638402743
280000,train/value_scale_mean,10.262577116394043
280000,train/value_scale_std,0.16881505151510434
280000,timing/collect_chunk_s,85.5820973305963
280000,timing/train_chunk_s,20.652081687003374
280000,dense_rhs/training_bucket_horizon,3.0
280000,system/heartbeat,1.0
283992,episode/return,8.0
283992,episode/length,500.0
283993,episode/return,2.0
283993,episode/length,500.0
283994,episode/return,32.0
283994,episode/length,500.0
283995,episode/return,0.0
283995,episode/length,500.0
283996,episode/return,38.0
283996,episode/length,500.0
283997,episode/return,0.0
283997,episode/length,500.0
283998,episode/return,0.0
283998,episode/length,500.0
283999,episode/return,21.0
283999,episode/length,500.0
287992,episode/return,0.0
287992,episode/length,500.0
287993,episode/return,684.0
287993,episode/length,500.0
287994,episode/return,96.0
287994,episode/length,500.0
287995,episode/return,13.0
287995,episode/length,500.0
287996,episode/return,0.0
287996,episode/length,500.0
287997,episode/return,0.0
287997,episode/length,500.0
287998,episode/return,0.0
287998,episode/length,500.0
287999,episode/return,0.0
287999,episode/length,500.0
290000,train/consistency_loss_mean,0.0011046460228040815
290000,train/consistency_loss_std,0.00015098806110305728
290000,train/continue_loss_mean,0.0
290000,train/continue_loss_std,0.0
290000,train/grad_norm_mean,0.43629200761318204
290000,train/grad_norm_std,0.16491596107798906
290000,train/policy_log_std_mean,-2.944589327430725
290000,train/policy_log_std_std,1.5397351089161317
290000,train/policy_loss_mean,-0.29726584050655364
290000,train/policy_loss_std,0.024039410389980476
290000,train/reward_loss_mean,0.02111115276515484
290000,train/reward_loss_std,0.006399044892687688
290000,train/total_loss_mean,0.07288284212946891
290000,train/total_loss_std,0.004668666793109274
290000,train/value_loss_mean,0.48678804864883424
290000,train/value_loss_std,0.01827235667937908
290000,train/value_scale_mean,10.284343759155274
290000,train/value_scale_std,0.20011051919170042
290000,timing/collect_chunk_s,81.93489280249923
290000,timing/train_chunk_s,20.64818279352039
290000,dense_rhs/training_bucket_horizon,3.0
290000,system/heartbeat,1.0
291992,episode/return,0.0
291992,episode/length,500.0
291993,episode/return,0.0
291993,episode/length,500.0
291994,episode/return,0.0
291994,episode/length,500.0
291995,episode/return,0.0
291995,episode/length,500.0
291996,episode/return,0.0
291996,episode/length,500.0
291997,episode/return,0.0
291997,episode/length,500.0
291998,episode/return,0.0
291998,episode/length,500.0
291999,episode/return,0.0
291999,episode/length,500.0
295992,episode/return,0.0
295992,episode/length,500.0
295993,episode/return,0.0
295993,episode/length,500.0
295994,episode/return,0.0
295994,episode/length,500.0
295995,episode/return,0.0
295995,episode/length,500.0
295996,episode/return,5.0
295996,episode/length,500.0
295997,episode/return,19.0
295997,episode/length,500.0
295998,episode/return,0.0
295998,episode/length,500.0
295999,episode/return,0.0
295999,episode/length,500.0
299992,episode/return,0.0
299992,episode/length,500.0
299993,episode/return,0.0
299993,episode/length,500.0
299994,episode/return,0.0
299994,episode/length,500.0
299995,episode/return,12.0
299995,episode/length,500.0
299996,episode/return,41.0
299996,episode/length,500.0
299997,episode/return,0.0
299997,episode/length,500.0
299998,episode/return,305.0
299998,episode/length,500.0
299999,episode/return,40.0
299999,episode/length,500.0
300000,train/consistency_loss_mean,0.001112109240423888
300000,train/consistency_loss_std,0.00014799316113297281
300000,train/continue_loss_mean,0.0
300000,train/continue_loss_std,0.0
300000,train/grad_norm_mean,0.4329239024877548
300000,train/grad_norm_std,0.16549804911377897
300000,train/policy_log_std_mean,-2.9508667936325073
300000,train/policy_log_std_std,1.5541085772613912
300000,train/policy_loss_mean,-0.29221917221546173
300000,train/policy_loss_std,0.022580373832263894
300000,train/reward_loss_mean,0.020737708680331708
300000,train/reward_loss_std,0.006330101577061603
300000,train/total_loss_mean,0.07310870008468628
300000,train/total_loss_std,0.004602285294413532
300000,train/value_loss_mean,0.4879274182319641
300000,train/value_loss_std,0.018317771412858494
300000,train/value_scale_mean,10.360510803222656
300000,train/value_scale_std,0.2079610965862503
300000,timing/collect_chunk_s,81.98456901218742
300000,timing/train_chunk_s,20.703241273295134
300000,dense_rhs/training_bucket_horizon,3.0
300000,system/heartbeat,1.0
300000,timing/checkpoint_blocking_s,0.4048623242415488
300000,eval/return_mean,34.349998474121094
300000,eval/return_std,104.83285522460938
300000,eval/return_max,483.0
300000,eval/return_min,0.0
300000,timing/eval_s,6.594532079063356
300000,eval/selected_horizon,3.0
300000,eval/training_bucket_horizon,3.0
300000,system/heartbeat,1.0
303992,episode/return,37.0
303992,episode/length,500.0
303993,episode/return,0.0
303993,episode/length,500.0
303994,episode/return,0.0
303994,episode/length,500.0
303995,episode/return,65.0
303995,episode/length,500.0
303996,episode/return,0.0
303996,episode/length,500.0
303997,episode/return,0.0
303997,episode/length,500.0
303998,episode/return,2.0
303998,episode/length,500.0
303999,episode/return,0.0
303999,episode/length,500.0
307992,episode/return,0.0
307992,episode/length,500.0
307993,episode/return,0.0
307993,episode/length,500.0
307994,episode/return,29.0
307994,episode/length,500.0
307995,episode/return,0.0
307995,episode/length,500.0
307996,episode/return,15.0
307996,episode/length,500.0
307997,episode/return,0.0
307997,episode/length,500.0
307998,episode/return,3.0
307998,episode/length,500.0
307999,episode/return,9.0
307999,episode/length,500.0
310000,train/consistency_loss_mean,0.001130901604797691
310000,train/consistency_loss_std,0.00015147229643207812
310000,train/continue_loss_mean,0.0
310000,train/continue_loss_std,0.0
310000,train/grad_norm_mean,0.4292043808460236
310000,train/grad_norm_std,0.16374778512032173
310000,train/policy_log_std_mean,-2.9605575901031496
310000,train/policy_log_std_std,1.5212006051182805
310000,train/policy_loss_mean,-0.29520650107860563
310000,train/policy_loss_std,0.02441309981779685
310000,train/reward_loss_mean,0.020531040950119494
310000,train/reward_loss_std,0.006334519336261709
310000,train/total_loss_mean,0.0731657018661499
310000,train/total_loss_std,0.0046789444246572035
310000,train/value_loss_mean,0.4849456424474716
310000,train/value_loss_std,0.01826409011479345
310000,train/value_scale_mean,10.01031918258667
310000,train/value_scale_std,0.13672914940106073
310000,timing/collect_chunk_s,87.13429953809828
310000,timing/train_chunk_s,20.68763055233285
310000,dense_rhs/training_bucket_horizon,3.0
310000,system/heartbeat,1.0
311992,episode/return,0.0
311992,episode/length,500.0
311993,episode/return,0.0
311993,episode/length,500.0
311994,episode/return,25.0
311994,episode/length,500.0
311995,episode/return,0.0
311995,episode/length,500.0
311996,episode/return,0.0
311996,episode/length,500.0
311997,episode/return,0.0
311997,episode/length,500.0
311998,episode/return,0.0
311998,episode/length,500.0
311999,episode/return,77.0
311999,episode/length,500.0
315992,episode/return,44.0
315992,episode/length,500.0
315993,episode/return,34.0
315993,episode/length,500.0
315994,episode/return,7.0
315994,episode/length,500.0
315995,episode/return,0.0
315995,episode/length,500.0
315996,episode/return,46.0
315996,episode/length,500.0
315997,episode/return,20.0
315997,episode/length,500.0
315998,episode/return,19.0
315998,episode/length,500.0
315999,episode/return,0.0
315999,episode/length,500.0
319992,episode/return,0.0
319992,episode/length,500.0
319993,episode/return,0.0
319993,episode/length,500.0
319994,episode/return,0.0
319994,episode/length,500.0
319995,episode/return,0.0
319995,episode/length,500.0
319996,episode/return,52.0
319996,episode/length,500.0
319997,episode/return,0.0
319997,episode/length,500.0
319998,episode/return,11.0
319998,episode/length,500.0
319999,episode/return,7.0
319999,episode/length,500.0
320000,train/consistency_loss_mean,0.0011341436919756233
320000,train/consistency_loss_std,0.00015162964521915935
320000,train/continue_loss_mean,0.0
320000,train/continue_loss_std,0.0
320000,train/grad_norm_mean,0.4320889028310776
320000,train/grad_norm_std,0.16516049967429286
320000,train/policy_log_std_mean,-2.9608753705978392
320000,train/policy_log_std_std,1.5164842676867296
320000,train/policy_loss_mean,-0.29824838109016416
320000,train/policy_loss_std,0.029392453800667535
320000,train/reward_loss_mean,0.020125046257674695
320000,train/reward_loss_std,0.006333608015607011
320000,train/total_loss_mean,0.07344861163496971
320000,train/total_loss_std,0.0047288046207278
320000,train/value_loss_mean,0.48753232629299165
320000,train/value_loss_std,0.01881565820600469
320000,train/value_scale_mean,10.316907987213135
320000,train/value_scale_std,0.1732631996597711
320000,timing/collect_chunk_s,82.05893751094118
320000,timing/train_chunk_s,20.70430760132149
320000,dense_rhs/training_bucket_horizon,3.0
320000,system/heartbeat,1.0
323992,episode/return,0.0
323992,episode/length,500.0
323993,episode/return,0.0
323993,episode/length,500.0
323994,episode/return,0.0
323994,episode/length,500.0
323995,episode/return,0.0
323995,episode/length,500.0
323996,episode/return,764.0
323996,episode/length,500.0
323997,episode/return,10.0
323997,episode/length,500.0
323998,episode/return,74.0
323998,episode/length,500.0
323999,episode/return,122.0
323999,episode/length,500.0
327992,episode/return,78.0
327992,episode/length,500.0
327993,episode/return,0.0
327993,episode/length,500.0
327994,episode/return,50.0
327994,episode/length,500.0
327995,episode/return,41.0
327995,episode/length,500.0
327996,episode/return,819.0
327996,episode/length,500.0
327997,episode/return,0.0
327997,episode/length,500.0
327998,episode/return,0.0
327998,episode/length,500.0
327999,episode/return,6.0
327999,episode/length,500.0
330000,train/consistency_loss_mean,0.0011367097013629973
330000,train/consistency_loss_std,0.00015526167858937492
330000,train/continue_loss_mean,0.0
330000,train/continue_loss_std,0.0
330000,train/grad_norm_mean,0.42692676043510436
330000,train/grad_norm_std,0.1628907245235817
330000,train/policy_log_std_mean,-2.9689716049194335
330000,train/policy_log_std_std,1.51514756456781
330000,train/policy_loss_mean,-0.30085693066120145
330000,train/policy_loss_std,0.03092913688399113
330000,train/reward_loss_mean,0.020483861500024795
330000,train/reward_loss_std,0.006341391183014208
330000,train/total_loss_mean,0.07387222006320954
330000,train/total_loss_std,0.004813650314187733
330000,train/value_loss_mean,0.4908963896512985
330000,train/value_loss_std,0.01881426625061126
330000,train/value_scale_mean,10.524430226898193
330000,train/value_scale_std,0.2580658735650699
330000,timing/collect_chunk_s,90.15279249846935
330000,timing/train_chunk_s,20.731975680682808
330000,dense_rhs/training_bucket_horizon,3.0
330000,system/heartbeat,1.0
331992,episode/return,0.0
331992,episode/length,500.0
331993,episode/return,0.0
331993,episode/length,500.0
331994,episode/return,0.0
331994,episode/length,500.0
331995,episode/return,187.0
331995,episode/length,500.0
331996,episode/return,0.0
331996,episode/length,500.0
331997,episode/return,306.0
331997,episode/length,500.0
331998,episode/return,0.0
331998,episode/length,500.0
331999,episode/return,0.0
331999,episode/length,500.0
335992,episode/return,12.0
335992,episode/length,500.0
335993,episode/return,0.0
335993,episode/length,500.0
335994,episode/return,0.0
335994,episode/length,500.0
335995,episode/return,34.0
335995,episode/length,500.0
335996,episode/return,9.0
335996,episode/length,500.0
335997,episode/return,3.0
335997,episode/length,500.0
335998,episode/return,0.0
335998,episode/length,500.0
335999,episode/return,55.0
335999,episode/length,500.0
339992,episode/return,85.0
339992,episode/length,500.0
339993,episode/return,0.0
339993,episode/length,500.0
339994,episode/return,71.0
339994,episode/length,500.0
339995,episode/return,0.0
339995,episode/length,500.0
339996,episode/return,3.0
339996,episode/length,500.0
339997,episode/return,4.0
339997,episode/length,500.0
339998,episode/return,9.0
339998,episode/length,500.0
339999,episode/return,10.0
339999,episode/length,500.0
340000,train/consistency_loss_mean,0.001151713484339416
340000,train/consistency_loss_std,0.00015660238521954188
340000,train/continue_loss_mean,0.0
340000,train/continue_loss_std,0.0
340000,train/grad_norm_mean,0.42369018609523773
340000,train/grad_norm_std,0.1634346894774021
340000,train/policy_log_std_mean,-2.9529687576293946
340000,train/policy_log_std_std,1.5048113056250525
340000,train/policy_loss_mean,-0.30115189530849457
340000,train/policy_loss_std,0.032687090949725606
340000,train/reward_loss_mean,0.02140501323491335
340000,train/reward_loss_std,0.006441218059600102
340000,train/total_loss_mean,0.07445891428589821
340000,train/total_loss_std,0.0048168176972254945
340000,train/value_loss_mean,0.49284142265319825
340000,train/value_loss_std,0.01868471432582896
340000,train/value_scale_mean,11.162997784423828
340000,train/value_scale_std,0.2888504646443636
340000,timing/collect_chunk_s,88.99637066898867
340000,timing/train_chunk_s,20.752310403157026
340000,dense_rhs/training_bucket_horizon,3.0
340000,system/heartbeat,1.0
343992,episode/return,31.0
343992,episode/length,500.0
343993,episode/return,0.0
343993,episode/length,500.0
343994,episode/return,0.0
343994,episode/length,500.0
343995,episode/return,0.0
343995,episode/length,500.0
343996,episode/return,0.0
343996,episode/length,500.0
343997,episode/return,0.0
343997,episode/length,500.0
343998,episode/return,0.0
343998,episode/length,500.0
343999,episode/return,0.0
343999,episode/length,500.0
347992,episode/return,0.0
347992,episode/length,500.0
347993,episode/return,7.0
347993,episode/length,500.0
347994,episode/return,0.0
347994,episode/length,500.0
347995,episode/return,0.0
347995,episode/length,500.0
347996,episode/return,0.0
347996,episode/length,500.0
347997,episode/return,20.0
347997,episode/length,500.0
347998,episode/return,58.0
347998,episode/length,500.0
347999,episode/return,4.0
347999,episode/length,500.0
350000,train/consistency_loss_mean,0.001160931796208024
350000,train/consistency_loss_std,0.00015850831851182113
350000,train/continue_loss_mean,0.0
350000,train/continue_loss_std,0.0
350000,train/grad_norm_mean,0.42317145776748655
350000,train/grad_norm_std,0.1650865559443518
350000,train/policy_log_std_mean,-2.9535261051177977
350000,train/policy_log_std_std,1.5163557828456455
350000,train/policy_loss_mean,-0.30710530071258546
350000,train/policy_loss_std,0.03378243103838932
350000,train/reward_loss_mean,0.02104349578246474
350000,train/reward_loss_std,0.006408890654483645
350000,train/total_loss_mean,0.07437567007541657
350000,train/total_loss_std,0.004851259486043718
350000,train/value_loss_mean,0.4905268366575241
350000,train/value_loss_std,0.01868630847600138
350000,train/value_scale_mean,10.843318811798095
350000,train/value_scale_std,0.25683816779444524
350000,timing/collect_chunk_s,81.84733841009438
350000,timing/train_chunk_s,20.724000790622085
350000,dense_rhs/training_bucket_horizon,3.0
350000,system/heartbeat,1.0
350000,timing/checkpoint_blocking_s,0.40593628864735365
350000,eval/return_mean,21.100000381469727
350000,eval/return_std,34.22996139526367
350000,eval/return_max,123.0
350000,eval/return_min,0.0
350000,timing/eval_s,6.582751916255802
350000,eval/selected_horizon,3.0
350000,eval/training_bucket_horizon,3.0
350000,system/heartbeat,1.0
351992,episode/return,7.0
351992,episode/length,500.0
351993,episode/return,0.0
351993,episode/length,500.0
351994,episode/return,18.0
351994,episode/length,500.0
351995,episode/return,0.0
351995,episode/length,500.0
351996,episode/return,0.0
351996,episode/length,500.0
351997,episode/return,0.0
351997,episode/length,500.0
351998,episode/return,0.0
351998,episode/length,500.0
351999,episode/return,749.0
351999,episode/length,500.0
355992,episode/return,1.0
355992,episode/length,500.0
355993,episode/return,0.0
355993,episode/length,500.0
355994,episode/return,0.0
355994,episode/length,500.0
355995,episode/return,406.0
355995,episode/length,500.0
355996,episode/return,765.0
355996,episode/length,500.0
355997,episode/return,0.0
355997,episode/length,500.0
355998,episode/return,0.0
355998,episode/length,500.0
355999,episode/return,0.0
355999,episode/length,500.0
359992,episode/return,0.0
359992,episode/length,500.0
359993,episode/return,10.0
359993,episode/length,500.0
359994,episode/return,0.0
359994,episode/length,500.0
359995,episode/return,0.0
359995,episode/length,500.0
359996,episode/return,0.0
359996,episode/length,500.0
359997,episode/return,0.0
359997,episode/length,500.0
359998,episode/return,15.0
359998,episode/length,500.0
359999,episode/return,638.0
359999,episode/length,500.0
360000,train/consistency_loss_mean,0.00116539994655177
360000,train/consistency_loss_std,0.00015661379000499057
360000,train/continue_loss_mean,0.0
360000,train/continue_loss_std,0.0
360000,train/grad_norm_mean,0.41819013931751253
360000,train/grad_norm_std,0.16305522274908602
360000,train/policy_log_std_mean,-2.9739970863342284
360000,train/policy_log_std_std,1.474139107205295
360000,train/policy_loss_mean,-0.30838918738365173
360000,train/policy_loss_std,0.03564107081645846
360000,train/reward_loss_mean,0.021451225163042546
360000,train/reward_loss_std,0.006572510940655888
360000,train/total_loss_mean,0.07418908680081368
360000,train/total_loss_std,0.0047849209064672075
360000,train/value_loss_mean,0.48735964751243593
360000,train/value_loss_std,0.01843775863567674
360000,train/value_scale_mean,10.997807137298585
360000,train/value_scale_std,0.40667978994046655
360000,timing/collect_chunk_s,82.55265726568177
360000,timing/train_chunk_s,20.723821203690022
360000,dense_rhs/training_bucket_horizon,3.0
360000,system/heartbeat,1.0
363992,episode/return,0.0
363992,episode/length,500.0
363993,episode/return,0.0
363993,episode/length,500.0
363994,episode/return,0.0
363994,episode/length,500.0
363995,episode/return,0.0
363995,episode/length,500.0
363996,episode/return,0.0
363996,episode/length,500.0
363997,episode/return,4.0
363997,episode/length,500.0
363998,episode/return,0.0
363998,episode/length,500.0
363999,episode/return,0.0
363999,episode/length,500.0
367992,episode/return,0.0
367992,episode/length,500.0
367993,episode/return,0.0
367993,episode/length,500.0
367994,episode/return,9.0
367994,episode/length,500.0
367995,episode/return,683.0
367995,episode/length,500.0
367996,episode/return,0.0
367996,episode/length,500.0
367997,episode/return,0.0
367997,episode/length,500.0
367998,episode/return,32.0
367998,episode/length,500.0
367999,episode/return,10.0
367999,episode/length,500.0
370000,train/consistency_loss_mean,0.0011634087830781938
370000,train/consistency_loss_std,0.00015954368906314031
370000,train/continue_loss_mean,0.0
370000,train/continue_loss_std,0.0
370000,train/grad_norm_mean,0.41850706684589384
370000,train/grad_norm_std,0.16146273260643607
370000,train/policy_log_std_mean,-2.9584209829330446
370000,train/policy_log_std_std,1.456627282394736
370000,train/policy_loss_mean,-0.2992825011968613
370000,train/policy_loss_std,0.03521174865523015
370000,train/reward_loss_mean,0.021814016503095626
370000,train/reward_loss_std,0.006596387483845919
370000,train/total_loss_mean,0.07429479252696038
370000,train/total_loss_std,0.004899727350607396
370000,train/value_loss_mean,0.4884521370410919
370000,train/value_loss_std,0.019285550495897814
370000,train/value_scale_mean,11.555001161956787
370000,train/value_scale_std,0.37691872765284185
370000,timing/collect_chunk_s,85.9102958701551
370000,timing/train_chunk_s,20.609574377071112
370000,dense_rhs/training_bucket_horizon,3.0
370000,system/heartbeat,1.0
371992,episode/return,0.0
371992,episode/length,500.0
371993,episode/return,0.0
371993,episode/length,500.0
371994,episode/return,26.0
371994,episode/length,500.0
371995,episode/return,0.0
371995,episode/length,500.0
371996,episode/return,10.0
371996,episode/length,500.0
371997,episode/return,24.0
371997,episode/length,500.0
371998,episode/return,0.0
371998,episode/length,500.0
371999,episode/return,714.0
371999,episode/length,500.0
375992,episode/return,12.0
375992,episode/length,500.0
375993,episode/return,0.0
375993,episode/length,500.0
375994,episode/return,6.0
375994,episode/length,500.0
375995,episode/return,43.0
375995,episode/length,500.0
375996,episode/return,76.0
375996,episode/length,500.0
375997,episode/return,39.0
375997,episode/length,500.0
375998,episode/return,0.0
375998,episode/length,500.0
375999,episode/return,5.0
375999,episode/length,500.0
379992,episode/return,0.0
379992,episode/length,500.0
379993,episode/return,93.0
379993,episode/length,500.0
379994,episode/return,11.0
379994,episode/length,500.0
379995,episode/return,0.0
379995,episode/length,500.0
379996,episode/return,14.0
379996,episode/length,500.0
379997,episode/return,0.0
379997,episode/length,500.0
379998,episode/return,452.0
379998,episode/length,500.0
379999,episode/return,0.0
379999,episode/length,500.0
380000,train/consistency_loss_mean,0.0011661946138367056
380000,train/consistency_loss_std,0.00015835235691639952
380000,train/continue_loss_mean,0.0
380000,train/continue_loss_std,0.0
380000,train/grad_norm_mean,0.40941559755802154
380000,train/grad_norm_std,0.1572841386203746
380000,train/policy_log_std_mean,-2.944366709327698
380000,train/policy_log_std_std,1.4567950827273026
380000,train/policy_loss_mean,-0.29910561656951906
380000,train/policy_loss_std,0.03670424092774346
380000,train/reward_loss_mean,0.022472943453490733
380000,train/reward_loss_std,0.006758568774273392
380000,train/total_loss_mean,0.07447807764410973
380000,train/total_loss_std,0.0048303112875704496
380000,train/value_loss_mean,0.4890689067840576
380000,train/value_loss_std,0.018606862824015174
380000,train/value_scale_mean,11.79090110092163
380000,train/value_scale_std,0.3852335768141613
380000,timing/collect_chunk_s,85.01919812103733
380000,timing/train_chunk_s,20.65070705814287
380000,dense_rhs/training_bucket_horizon,3.0
380000,system/heartbeat,1.0
383992,episode/return,7.0
383992,episode/length,500.0
383993,episode/return,16.0
383993,episode/length,500.0
383994,episode/return,0.0
383994,episode/length,500.0
383995,episode/return,95.0
383995,episode/length,500.0
383996,episode/return,78.0
383996,episode/length,500.0
383997,episode/return,4.0
383997,episode/length,500.0
383998,episode/return,0.0
383998,episode/length,500.0
383999,episode/return,0.0
383999,episode/length,500.0
387992,episode/return,0.0
387992,episode/length,500.0
387993,episode/return,0.0
387993,episode/length,500.0
387994,episode/return,10.0
387994,episode/length,500.0
387995,episode/return,0.0
387995,episode/length,500.0
387996,episode/return,374.0
387996,episode/length,500.0
387997,episode/return,1.0
387997,episode/length,500.0
387998,episode/return,0.0
387998,episode/length,500.0
387999,episode/return,173.0
387999,episode/length,500.0
390000,train/consistency_loss_mean,0.0011829910888336598
390000,train/consistency_loss_std,0.00015926754990248584
390000,train/continue_loss_mean,0.0
390000,train/continue_loss_std,0.0
390000,train/grad_norm_mean,0.4129673466682434
390000,train/grad_norm_std,0.1596464809019607
390000,train/policy_log_std_mean,-2.9371262258529662
390000,train/policy_log_std_std,1.4462889947741278
390000,train/policy_loss_mean,-0.29267191100120543
390000,train/policy_loss_std,0.036822477125594076
390000,train/reward_loss_mean,0.022664415901899337
390000,train/reward_loss_std,0.006893271248747294
390000,train/total_loss_mean,0.07488688593506813
390000,train/total_loss_std,0.0048561147428342845
390000,train/value_loss_mean,0.4896062133073807
390000,train/value_loss_std,0.01871506122446367
390000,train/value_scale_mean,12.063390295410157
390000,train/value_scale_std,0.5832799884785471
390000,timing/collect_chunk_s,82.76549876620993
390000,timing/train_chunk_s,20.712849979754537
390000,dense_rhs/training_bucket_horizon,3.0
390000,system/heartbeat,1.0
391992,episode/return,11.0
391992,episode/length,500.0
391993,episode/return,0.0
391993,episode/length,500.0
391994,episode/return,45.0
391994,episode/length,500.0
391995,episode/return,0.0
391995,episode/length,500.0
391996,episode/return,0.0
391996,episode/length,500.0
391997,episode/return,0.0
391997,episode/length,500.0
391998,episode/return,0.0
391998,episode/length,500.0
391999,episode/return,0.0
391999,episode/length,500.0
395992,episode/return,9.0
395992,episode/length,500.0
395993,episode/return,0.0
395993,episode/length,500.0
395994,episode/return,0.0
395994,episode/length,500.0
395995,episode/return,4.0
395995,episode/length,500.0
395996,episode/return,0.0
395996,episode/length,500.0
395997,episode/return,0.0
395997,episode/length,500.0
395998,episode/return,0.0
395998,episode/length,500.0
395999,episode/return,11.0
395999,episode/length,500.0
399992,episode/return,3.0
399992,episode/length,500.0
399993,episode/return,23.0
399993,episode/length,500.0
399994,episode/return,6.0
399994,episode/length,500.0
399995,episode/return,0.0
399995,episode/length,500.0
399996,episode/return,91.0
399996,episode/length,500.0
399997,episode/return,0.0
399997,episode/length,500.0
399998,episode/return,0.0
399998,episode/length,500.0
399999,episode/return,0.0
399999,episode/length,500.0
400000,train/consistency_loss_mean,0.001194510398246348
400000,train/consistency_loss_std,0.00016332271933554594
400000,train/continue_loss_mean,0.0
400000,train/continue_loss_std,0.0
400000,train/grad_norm_mean,0.40953925883769987
400000,train/grad_norm_std,0.1572006997718675
400000,train/policy_log_std_mean,-2.9358088371276856
400000,train/policy_log_std_std,1.4706609421277783
400000,train/policy_loss_mean,-0.2908806063890457
400000,train/policy_loss_std,0.036348453596504536
400000,train/reward_loss_mean,0.022435526879131792
400000,train/reward_loss_std,0.006734839353399422
400000,train/total_loss_mean,0.07558199372291564
400000,train/total_loss_std,0.004983380446390187
400000,train/value_loss_mean,0.49448232097625733
400000,train/value_loss_std,0.01912324344995138
400000,train/value_scale_mean,12.196328142547607
400000,train/value_scale_std,0.48820798744826893
400000,timing/collect_chunk_s,82.39339850889519
400000,timing/train_chunk_s,20.70590658672154
400000,dense_rhs/training_bucket_horizon,3.0
400000,system/heartbeat,1.0
400000,timing/checkpoint_blocking_s,0.392551280092448
400000,eval/return_mean,22.649999618530273
400000,eval/return_std,31.143659591674805
400000,eval/return_max,92.0
400000,eval/return_min,0.0
400000,timing/eval_s,6.601303318981081
400000,eval/selected_horizon,3.0
400000,eval/training_bucket_horizon,3.0
400000,system/heartbeat,1.0
403992,episode/return,53.0
403992,episode/length,500.0
403993,episode/return,40.0
403993,episode/length,500.0
403994,episode/return,12.0
403994,episode/length,500.0
403995,episode/return,0.0
403995,episode/length,500.0
403996,episode/return,35.0
403996,episode/length,500.0
403997,episode/return,0.0
403997,episode/length,500.0
403998,episode/return,8.0
403998,episode/length,500.0
403999,episode/return,684.0
403999,episode/length,500.0
407992,episode/return,0.0
407992,episode/length,500.0
407993,episode/return,11.0
407993,episode/length,500.0
407994,episode/return,0.0
407994,episode/length,500.0
407995,episode/return,0.0
407995,episode/length,500.0
407996,episode/return,8.0
407996,episode/length,500.0
407997,episode/return,69.0
407997,episode/length,500.0
407998,episode/return,0.0
407998,episode/length,500.0
407999,episode/return,45.0
407999,episode/length,500.0
410000,train/consistency_loss_mean,0.0012036117220297455
410000,train/consistency_loss_std,0.0001630840462247521
410000,train/continue_loss_mean,0.0
410000,train/continue_loss_std,0.0
410000,train/grad_norm_mean,0.40632755284309385
410000,train/grad_norm_std,0.15786072166968404
410000,train/policy_log_std_mean,-2.9511250524520873
410000,train/policy_log_std_std,1.4469143626161804
410000,train/policy_loss_mean,-0.2833767115354538
410000,train/policy_loss_std,0.03180863823333372
410000,train/reward_loss_mean,0.022527829813957213
410000,train/reward_loss_std,0.006712532193678975
410000,train/total_loss_mean,0.07559053862690926
410000,train/total_loss_std,0.004930969074622548
410000,train/value_loss_mean,0.49265520181655886
410000,train/value_loss_std,0.018756536763808673
410000,train/value_scale_mean,11.937980025482178
410000,train/value_scale_std,0.4279842318839456
410000,timing/collect_chunk_s,91.05958017008379
410000,timing/train_chunk_s,20.68874354707077
410000,dense_rhs/training_bucket_horizon,3.0
410000,system/heartbeat,1.0
411992,episode/return,0.0
411992,episode/length,500.0
411993,episode/return,8.0
411993,episode/length,500.0
411994,episode/return,4.0
411994,episode/length,500.0
411995,episode/return,0.0
411995,episode/length,500.0
411996,episode/return,0.0
411996,episode/length,500.0
411997,episode/return,0.0
411997,episode/length,500.0
411998,episode/return,0.0
411998,episode/length,500.0
411999,episode/return,24.0
411999,episode/length,500.0
415992,episode/return,0.0
415992,episode/length,500.0
415993,episode/return,0.0
415993,episode/length,500.0
415994,episode/return,0.0
415994,episode/length,500.0
415995,episode/return,0.0
415995,episode/length,500.0
415996,episode/return,10.0
415996,episode/length,500.0
415997,episode/return,51.0
415997,episode/length,500.0
415998,episode/return,0.0
415998,episode/length,500.0
415999,episode/return,14.0
415999,episode/length,500.0
419992,episode/return,4.0
419992,episode/length,500.0
419993,episode/return,0.0
419993,episode/length,500.0
419994,episode/return,0.0
419994,episode/length,500.0
419995,episode/return,0.0
419995,episode/length,500.0
419996,episode/return,29.0
419996,episode/length,500.0
419997,episode/return,0.0
419997,episode/length,500.0
419998,episode/return,0.0
419998,episode/length,500.0
419999,episode/return,0.0
419999,episode/length,500.0
420000,train/consistency_loss_mean,0.0012081836462952196
420000,train/consistency_loss_std,0.00016651216573045283
420000,train/continue_loss_mean,0.0
420000,train/continue_loss_std,0.0
420000,train/grad_norm_mean,0.3994028856396675
420000,train/grad_norm_std,0.15284427863106193
420000,train/policy_log_std_mean,-2.9489160278320314
420000,train/policy_log_std_std,1.4538857301071402
420000,train/policy_loss_mean,-0.2916583969473839
420000,train/policy_loss_std,0.03486993857291484
420000,train/reward_loss_mean,0.02223135449886322
420000,train/reward_loss_std,0.006715505036789515
420000,train/total_loss_mean,0.07543548417687417
420000,train/total_loss_std,0.005053699852309537
420000,train/value_loss_mean,0.4904867447137833
420000,train/value_loss_std,0.019326008351592944
420000,train/value_scale_mean,11.884988073730469
420000,train/value_scale_std,0.389749131778404
420000,timing/collect_chunk_s,83.86999179655686
420000,timing/train_chunk_s,20.715452941134572
420000,dense_rhs/training_bucket_horizon,3.0
420000,system/heartbeat,1.0
423992,episode/return,0.0
423992,episode/length,500.0
423993,episode/return,0.0
423993,episode/length,500.0
423994,episode/return,0.0
423994,episode/length,500.0
423995,episode/return,8.0
423995,episode/length,500.0
423996,episode/return,81.0
423996,episode/length,500.0
423997,episode/return,2.0
423997,episode/length,500.0
423998,episode/return,20.0
423998,episode/length,500.0
423999,episode/return,0.0
423999,episode/length,500.0
427992,episode/return,64.0
427992,episode/length,500.0
427993,episode/return,0.0
427993,episode/length,500.0
427994,episode/return,0.0
427994,episode/length,500.0
427995,episode/return,16.0
427995,episode/length,500.0
427996,episode/return,2.0
427996,episode/length,500.0
427997,episode/return,0.0
427997,episode/length,500.0
427998,episode/return,66.0
427998,episode/length,500.0
427999,episode/return,18.0
427999,episode/length,500.0
430000,train/consistency_loss_mean,0.0012059998230077326
430000,train/consistency_loss_std,0.00016399561271268536
430000,train/continue_loss_mean,0.0
430000,train/continue_loss_std,0.0
430000,train/grad_norm_mean,0.3997917415380478
430000,train/grad_norm_std,0.15407717404799193
430000,train/policy_log_std_mean,-2.972748596000671
430000,train/policy_log_std_std,1.4399115621864342
430000,train/policy_loss_mean,-0.29506785674095154
430000,train/policy_loss_std,0.034764249453545504
430000,train/reward_loss_mean,0.021824881982803343
430000,train/reward_loss_std,0.006472669297359774
430000,train/total_loss_mean,0.0754421090722084
430000,train/total_loss_std,0.004967490670127776
430000,train/value_loss_mean,0.4913962351560593
430000,train/value_loss_std,0.01890134456603548
430000,train/value_scale_mean,11.57333728866577
430000,train/value_scale_std,0.303711680718696
430000,timing/collect_chunk_s,82.63071586145088
430000,timing/train_chunk_s,20.688430089037865
430000,dense_rhs/training_bucket_horizon,3.0
430000,system/heartbeat,1.0
431992,episode/return,30.0
431992,episode/length,500.0
431993,episode/return,0.0
431993,episode/length,500.0
431994,episode/return,36.0
431994,episode/length,500.0
431995,episode/return,64.0
431995,episode/length,500.0
431996,episode/return,0.0
431996,episode/length,500.0
431997,episode/return,0.0
431997,episode/length,500.0
431998,episode/return,0.0
431998,episode/length,500.0
431999,episode/return,0.0
431999,episode/length,500.0
435992,episode/return,2.0
435992,episode/length,500.0
435993,episode/return,0.0
435993,episode/length,500.0
435994,episode/return,0.0
435994,episode/length,500.0
435995,episode/return,86.0
435995,episode/length,500.0
435996,episode/return,0.0
435996,episode/length,500.0
435997,episode/return,25.0
435997,episode/length,500.0
435998,episode/return,0.0
435998,episode/length,500.0
435999,episode/return,0.0
435999,episode/length,500.0
439992,episode/return,0.0
439992,episode/length,500.0
439993,episode/return,0.0
439993,episode/length,500.0
439994,episode/return,0.0
439994,episode/length,500.0
439995,episode/return,0.0
439995,episode/length,500.0
439996,episode/return,0.0
439996,episode/length,500.0
439997,episode/return,0.0
439997,episode/length,500.0
439998,episode/return,74.0
439998,episode/length,500.0
439999,episode/return,0.0
439999,episode/length,500.0
440000,train/consistency_loss_mean,0.0012191066302359105
440000,train/consistency_loss_std,0.0001655475929963001
440000,train/continue_loss_mean,0.0
440000,train/continue_loss_std,0.0
440000,train/grad_norm_mean,0.396292457485199
440000,train/grad_norm_std,0.1499045928139728
440000,train/policy_log_std_mean,-2.9800762815475466
440000,train/policy_log_std_std,1.4345303456670697
440000,train/policy_loss_mean,-0.2944957995891571
440000,train/policy_loss_std,0.03587352461621486
440000,train/reward_loss_mean,0.021441796201467515
440000,train/reward_loss_std,0.006520985673689326
440000,train/total_loss_mean,0.07584206451773644
440000,train/total_loss_std,0.005020854619394371
440000,train/value_loss_mean,0.4931575126647949
440000,train/value_loss_std,0.019010811918716754
440000,train/value_scale_mean,11.383052744293213
440000,train/value_scale_std,0.36934717724381516
440000,timing/collect_chunk_s,90.55989492964
440000,timing/train_chunk_s,20.715895141474903
440000,dense_rhs/training_bucket_horizon,3.0
440000,system/heartbeat,1.0
443992,episode/return,51.0
443992,episode/length,500.0
443993,episode/return,0.0
443993,episode/length,500.0
443994,episode/return,0.0
443994,episode/length,500.0
443995,episode/return,0.0
443995,episode/length,500.0
443996,episode/return,0.0
443996,episode/length,500.0
443997,episode/return,0.0
443997,episode/length,500.0
443998,episode/return,316.0
443998,episode/length,500.0
443999,episode/return,0.0
443999,episode/length,500.0
447992,episode/return,0.0
447992,episode/length,500.0
447993,episode/return,0.0
447993,episode/length,500.0
447994,episode/return,0.0
447994,episode/length,500.0
447995,episode/return,53.0
447995,episode/length,500.0
447996,episode/return,0.0
447996,episode/length,500.0
447997,episode/return,15.0
447997,episode/length,500.0
447998,episode/return,0.0
447998,episode/length,500.0
447999,episode/return,67.0
447999,episode/length,500.0
450000,train/consistency_loss_mean,0.0012229567450471222
450000,train/consistency_loss_std,0.00016758984196385465
450000,train/continue_loss_mean,0.0
450000,train/continue_loss_std,0.0
450000,train/grad_norm_mean,0.3966306272506714
450000,train/grad_norm_std,0.15344247508433065
450000,train/policy_log_std_mean,-3.003531369781494
450000,train/policy_log_std_std,1.4359525520463734
450000,train/policy_loss_mean,-0.29079293138980866
450000,train/policy_loss_std,0.03579897145530161
450000,train/reward_loss_mean,0.021425334337353705
450000,train/reward_loss_std,0.006492971355424258
450000,train/total_loss_mean,0.07608364079594612
450000,train/total_loss_std,0.005070680493793097
450000,train/value_loss_mean,0.4948197162389755
450000,train/value_loss_std,0.019059406259275304
450000,train/value_scale_mean,11.593936947631835
450000,train/value_scale_std,0.3881180707683148
450000,timing/collect_chunk_s,83.27359563857317
450000,timing/train_chunk_s,20.70500777522102
450000,dense_rhs/training_bucket_horizon,3.0
450000,system/heartbeat,1.0
450000,timing/checkpoint_blocking_s,0.3982326998375356
450000,eval/return_mean,32.25
450000,eval/return_std,39.742767333984375
450000,eval/return_max,134.0
450000,eval/return_min,0.0
450000,timing/eval_s,6.607257293071598
450000,eval/selected_horizon,3.0
450000,eval/training_bucket_horizon,3.0
450000,system/heartbeat,1.0
451992,episode/return,0.0
451992,episode/length,500.0
451993,episode/return,36.0
451993,episode/length,500.0
451994,episode/return,0.0
451994,episode/length,500.0
451995,episode/return,5.0
451995,episode/length,500.0
451996,episode/return,58.0
451996,episode/length,500.0
451997,episode/return,0.0
451997,episode/length,500.0
451998,episode/return,0.0
451998,episode/length,500.0
451999,episode/return,0.0
451999,episode/length,500.0
455992,episode/return,7.0
455992,episode/length,500.0
455993,episode/return,11.0
455993,episode/length,500.0
455994,episode/return,0.0
455994,episode/length,500.0
455995,episode/return,0.0
455995,episode/length,500.0
455996,episode/return,113.0
455996,episode/length,500.0
455997,episode/return,2.0
455997,episode/length,500.0
455998,episode/return,0.0
455998,episode/length,500.0
455999,episode/return,36.0
455999,episode/length,500.0
459992,episode/return,0.0
459992,episode/length,500.0
459993,episode/return,0.0
459993,episode/length,500.0
459994,episode/return,0.0
459994,episode/length,500.0
459995,episode/return,0.0
459995,episode/length,500.0
459996,episode/return,78.0
459996,episode/length,500.0
459997,episode/return,0.0
459997,episode/length,500.0
459998,episode/return,0.0
459998,episode/length,500.0
459999,episode/return,0.0
459999,episode/length,500.0
460000,train/consistency_loss_mean,0.0012208154071122407
460000,train/consistency_loss_std,0.00016678793716509084
460000,train/continue_loss_mean,0.0
460000,train/continue_loss_std,0.0
460000,train/grad_norm_mean,0.39119803261756897
460000,train/grad_norm_std,0.15197721760078758
460000,train/policy_log_std_mean,-3.049116952705383
460000,train/policy_log_std_std,1.4483141395255177
460000,train/policy_loss_mean,-0.2923241910934448
460000,train/policy_loss_std,0.035315533462861884
460000,train/reward_loss_mean,0.021050578974932434
460000,train/reward_loss_std,0.006556097708570452
460000,train/total_loss_mean,0.07621822434067727
460000,train/total_loss_std,0.005032808757902581
460000,train/value_loss_mean,0.49696857533454897
460000,train/value_loss_std,0.01893611342943538
460000,train/value_scale_mean,11.527520115661622
460000,train/value_scale_std,0.3093078704933244
460000,timing/collect_chunk_s,84.11077313683927
460000,timing/train_chunk_s,20.71565128210932
460000,dense_rhs/training_bucket_horizon,3.0
460000,system/heartbeat,1.0
463992,episode/return,46.0
463992,episode/length,500.0
463993,episode/return,58.0
463993,episode/length,500.0
463994,episode/return,0.0
463994,episode/length,500.0
463995,episode/return,5.0
463995,episode/length,500.0
463996,episode/return,8.0
463996,episode/length,500.0
463997,episode/return,0.0
463997,episode/length,500.0
463998,episode/return,0.0
463998,episode/length,500.0
463999,episode/return,0.0
463999,episode/length,500.0
467992,episode/return,2.0
467992,episode/length,500.0
467993,episode/return,105.0
467993,episode/length,500.0
467994,episode/return,0.0
467994,episode/length,500.0
467995,episode/return,0.0
467995,episode/length,500.0
467996,episode/return,83.0
467996,episode/length,500.0
467997,episode/return,0.0
467997,episode/length,500.0
467998,episode/return,104.0
467998,episode/length,500.0
467999,episode/return,6.0
467999,episode/length,500.0
470000,train/consistency_loss_mean,0.0012218418915756048
470000,train/consistency_loss_std,0.00016590703237482786
470000,train/continue_loss_mean,0.0
470000,train/continue_loss_std,0.0
470000,train/grad_norm_mean,0.38684223966598513
470000,train/grad_norm_std,0.1465267208568526
470000,train/policy_log_std_mean,-3.042000605773926
470000,train/policy_log_std_std,1.440202892957
470000,train/policy_loss_mean,-0.2917001888990402
470000,train/policy_loss_std,0.03429476647456703
470000,train/reward_loss_mean,0.020915087331831454
470000,train/reward_loss_std,0.006411301990039358
470000,train/total_loss_mean,0.07617902699112893
470000,train/total_loss_std,0.004979490156154188
470000,train/value_loss_mean,0.49650680289268495
470000,train/value_loss_std,0.01879350076509681
470000,train/value_scale_mean,11.33625878829956
470000,train/value_scale_std,0.28657732825903637
470000,timing/collect_chunk_s,82.84490145836025
470000,timing/train_chunk_s,20.69979462074116
470000,dense_rhs/training_bucket_horizon,3.0
470000,system/heartbeat,1.0
471992,episode/return,38.0
471992,episode/length,500.0
471993,episode/return,0.0
471993,episode/length,500.0
471994,episode/return,0.0
471994,episode/length,500.0
471995,episode/return,0.0
471995,episode/length,500.0
471996,episode/return,6.0
471996,episode/length,500.0
471997,episode/return,0.0
471997,episode/length,500.0
471998,episode/return,13.0
471998,episode/length,500.0
471999,episode/return,0.0
471999,episode/length,500.0
475992,episode/return,0.0
475992,episode/length,500.0
475993,episode/return,0.0
475993,episode/length,500.0
475994,episode/return,0.0
475994,episode/length,500.0
475995,episode/return,35.0
475995,episode/length,500.0
475996,episode/return,0.0
475996,episode/length,500.0
475997,episode/return,12.0
475997,episode/length,500.0
475998,episode/return,2.0
475998,episode/length,500.0
475999,episode/return,25.0
475999,episode/length,500.0
479992,episode/return,3.0
479992,episode/length,500.0
479993,episode/return,29.0
479993,episode/length,500.0
479994,episode/return,79.0
479994,episode/length,500.0
479995,episode/return,29.0
479995,episode/length,500.0
479996,episode/return,0.0
479996,episode/length,500.0
479997,episode/return,61.0
479997,episode/length,500.0
479998,episode/return,0.0
479998,episode/length,500.0
479999,episode/return,0.0
479999,episode/length,500.0
480000,train/consistency_loss_mean,0.0012220084042288363
480000,train/consistency_loss_std,0.00016648565839805254
480000,train/continue_loss_mean,0.0
480000,train/continue_loss_std,0.0
480000,train/grad_norm_mean,0.38539895882606506
480000,train/grad_norm_std,0.14609095023703786
480000,train/policy_log_std_mean,-3.04635981426239
480000,train/policy_log_std_std,1.4482613097283925
480000,train/policy_loss_mean,-0.28893376121520997
480000,train/policy_loss_std,0.033704851062878315
480000,train/reward_loss_mean,0.020701338542997837
480000,train/reward_loss_std,0.006404661717452214
480000,train/total_loss_mean,0.07618101341724395
480000,train/total_loss_std,0.005000271084922916
480000,train/value_loss_mean,0.49670709199905394
480000,train/value_loss_std,0.018845287064712772
480000,train/value_scale_mean,11.400824946594238
480000,train/value_scale_std,0.2403837772327656
480000,timing/collect_chunk_s,93.0236946027726
480000,timing/train_chunk_s,20.741790934931487
480000,dense_rhs/training_bucket_horizon,3.0
480000,system/heartbeat,1.0
483992,episode/return,0.0
483992,episode/length,500.0
483993,episode/return,0.0
483993,episode/length,500.0
483994,episode/return,0.0
483994,episode/length,500.0
483995,episode/return,0.0
483995,episode/length,500.0
483996,episode/return,0.0
483996,episode/length,500.0
483997,episode/return,76.0
483997,episode/length,500.0
483998,episode/return,38.0
483998,episode/length,500.0
483999,episode/return,765.0
483999,episode/length,500.0
487992,episode/return,0.0
487992,episode/length,500.0
487993,episode/return,0.0
487993,episode/length,500.0
487994,episode/return,8.0
487994,episode/length,500.0
487995,episode/return,6.0
487995,episode/length,500.0
487996,episode/return,0.0
487996,episode/length,500.0
487997,episode/return,17.0
487997,episode/length,500.0
487998,episode/return,0.0
487998,episode/length,500.0
487999,episode/return,705.0
487999,episode/length,500.0
490000,train/consistency_loss_mean,0.0012264838038012385
490000,train/consistency_loss_std,0.00016604106280500698
490000,train/continue_loss_mean,0.0
490000,train/continue_loss_std,0.0
490000,train/grad_norm_mean,0.3834993989706039
490000,train/grad_norm_std,0.14571899228648313
490000,train/policy_log_std_mean,-3.0511154626846313
490000,train/policy_log_std_std,1.4282991438392871
490000,train/policy_loss_mean,-0.28310614411830903
490000,train/policy_loss_std,0.03277531466781903
490000,train/reward_loss_mean,0.02089247190207243
490000,train/reward_loss_std,0.00649122346320922
490000,train/total_loss_mean,0.07667109155654907
490000,train/total_loss_std,0.005010575336970754
490000,train/value_loss_mean,0.5005216768741607
490000,train/value_loss_std,0.018890094530354805
490000,train/value_scale_mean,11.648142602539062
490000,train/value_scale_std,0.2871991203723432
490000,timing/collect_chunk_s,83.2086011278443
490000,timing/train_chunk_s,20.679168418981135
490000,dense_rhs/training_bucket_horizon,3.0
490000,system/heartbeat,1.0
491992,episode/return,0.0
491992,episode/length,500.0
491993,episode/return,0.0
491993,episode/length,500.0
491994,episode/return,0.0
491994,episode/length,500.0
491995,episode/return,45.0
491995,episode/length,500.0
491996,episode/return,15.0
491996,episode/length,500.0
491997,episode/return,0.0
491997,episode/length,500.0
491998,episode/return,3.0
491998,episode/length,500.0
491999,episode/return,0.0
491999,episode/length,500.0
495992,episode/return,56.0
495992,episode/length,500.0
495993,episode/return,57.0
495993,episode/length,500.0
495994,episode/return,25.0
495994,episode/length,500.0
495995,episode/return,29.0
495995,episode/length,500.0
495996,episode/return,0.0
495996,episode/length,500.0
495997,episode/return,13.0
495997,episode/length,500.0
495998,episode/return,57.0
495998,episode/length,500.0
495999,episode/return,0.0
495999,episode/length,500.0
499992,episode/return,0.0
499992,episode/length,500.0
499993,episode/return,0.0
499993,episode/length,500.0
499994,episode/return,0.0
499994,episode/length,500.0
499995,episode/return,0.0
499995,episode/length,500.0
499996,episode/return,0.0
499996,episode/length,500.0
499997,episode/return,0.0
499997,episode/length,500.0
499998,episode/return,0.0
499998,episode/length,500.0
499999,episode/return,0.0
499999,episode/length,500.0
500000,train/consistency_loss_mean,0.0012309241420589388
500000,train/consistency_loss_std,0.00016921729535560338
500000,train/continue_loss_mean,0.0
500000,train/continue_loss_std,0.0
500000,train/grad_norm_mean,0.3768867210388184
500000,train/grad_norm_std,0.14424240366156038
500000,train/policy_log_std_mean,-3.0583920373916627
500000,train/policy_log_std_std,1.4277227580607712
500000,train/policy_loss_mean,-0.28064223947525024
500000,train/policy_loss_std,0.03318606636469182
500000,train/reward_loss_mean,0.020832737199962138
500000,train/reward_loss_std,0.006445893562827332
500000,train/total_loss_mean,0.07695375115275382
500000,train/total_loss_std,0.00510047088981384
500000,train/value_loss_mean,0.5025199380397797
500000,train/value_loss_std,0.019155869943214665
500000,train/value_scale_mean,11.857826596832275
500000,train/value_scale_std,0.3590592682949435
500000,timing/collect_chunk_s,84.37052247393876
500000,timing/train_chunk_s,20.72327165538445
500000,dense_rhs/training_bucket_horizon,3.0
500000,system/heartbeat,1.0
500000,timing/checkpoint_blocking_s,0.41759818978607655
500000,eval/return_mean,8.100000381469727
500000,eval/return_std,12.934063911437988
500000,eval/return_max,38.0
500000,eval/return_min,0.0
500000,timing/eval_s,6.597344383131713
500000,eval/selected_horizon,3.0
500000,eval/training_bucket_horizon,3.0
500000,system/heartbeat,1.0
