step,tag,value
3992,episode/return,0.0
3992,episode/length,500.0
3993,episode/return,0.0
3993,episode/length,500.0
3994,episode/return,0.0
3994,episode/length,500.0
3995,episode/return,0.0
3995,episode/length,500.0
3996,episode/return,480.0
3996,episode/length,500.0
3997,episode/return,281.0
3997,episode/length,500.0
3998,episode/return,0.0
3998,episode/length,500.0
3999,episode/return,0.0
3999,episode/length,500.0
4000,seed_pretrain/updates_completed,512.0
4000,timing/collect_chunk_s,46.69506567297503
4000,timing/train_chunk_s,239.60059393243864
4000,system/heartbeat,1.0
4000,seed_pretrain/updates_completed,1024.0
4000,timing/collect_chunk_s,46.69506567297503
4000,timing/train_chunk_s,240.7326650414616
4000,system/heartbeat,1.0
4000,seed_pretrain/updates_completed,1536.0
4000,timing/collect_chunk_s,46.69506567297503
4000,timing/train_chunk_s,241.86458200309426
4000,system/heartbeat,1.0
4000,seed_pretrain/updates_completed,2048.0
4000,timing/collect_chunk_s,46.69506567297503
4000,timing/train_chunk_s,242.9967379719019
4000,system/heartbeat,1.0
4000,seed_pretrain/updates_completed,2560.0
4000,timing/collect_chunk_s,46.69506567297503
4000,timing/train_chunk_s,244.12992753786966
4000,system/heartbeat,1.0
4000,seed_pretrain/updates_completed,3072.0
4000,timing/collect_chunk_s,46.69506567297503
4000,timing/train_chunk_s,245.25978119811043
4000,system/heartbeat,1.0
4000,seed_pretrain/updates_completed,3584.0
4000,timing/collect_chunk_s,46.69506567297503
4000,timing/train_chunk_s,246.39160875137895
4000,system/heartbeat,1.0
7992,episode/return,0.0
7992,episode/length,500.0
7993,episode/return,2.0
7993,episode/length,500.0
7994,episode/return,0.0
7994,episode/length,500.0
7995,episode/return,0.0
7995,episode/length,500.0
7996,episode/return,0.0
7996,episode/length,500.0
7997,episode/return,974.0
7997,episode/length,500.0
7998,episode/return,0.0
7998,episode/length,500.0
7999,episode/return,0.0
7999,episode/length,500.0
10000,train/consistency_loss_mean,0.00021740291528403758
10000,train/consistency_loss_std,0.00042398107294589724
10000,train/continue_loss_mean,0.0
10000,train/continue_loss_std,0.0
10000,train/grad_norm_mean,0.4714719076871872
10000,train/grad_norm_std,0.4180300238036028
10000,train/policy_log_std_mean,-0.5746345593690872
10000,train/policy_log_std_std,0.4319031873684791
10000,train/policy_loss_mean,-0.4369452089548111
10000,train/policy_loss_std,0.2084166000357894
10000,train/reward_loss_mean,0.05380806878209114
10000,train/reward_loss_std,0.0938490228179348
10000,train/total_loss_mean,0.04047417891323567
10000,train/total_loss_std,0.027030874144183693
10000,train/value_loss_mean,0.30745312645435335
10000,train/value_loss_std,0.11105464394891906
10000,train/value_scale_mean,34.52775735473633
10000,train/value_scale_std,20.01373160551397
10000,timing/collect_chunk_s,224.37180262152106
10000,timing/train_chunk_s,307.0917928186245
10000,dense_rhs/training_bucket_horizon,3.0
10000,system/heartbeat,1.0
11992,episode/return,0.0
11992,episode/length,500.0
11993,episode/return,0.0
11993,episode/length,500.0
11994,episode/return,565.0
11994,episode/length,500.0
11995,episode/return,0.0
11995,episode/length,500.0
11996,episode/return,18.0
11996,episode/length,500.0
11997,episode/return,0.0
11997,episode/length,500.0
11998,episode/return,27.0
11998,episode/length,500.0
11999,episode/return,0.0
11999,episode/length,500.0
15992,episode/return,0.0
15992,episode/length,500.0
15993,episode/return,0.0
15993,episode/length,500.0
15994,episode/return,0.0
15994,episode/length,500.0
15995,episode/return,0.0
15995,episode/length,500.0
15996,episode/return,0.0
15996,episode/length,500.0
15997,episode/return,744.0
15997,episode/length,500.0
15998,episode/return,1000.0
15998,episode/length,500.0
15999,episode/return,0.0
15999,episode/length,500.0
19992,episode/return,728.0
19992,episode/length,500.0
19993,episode/return,855.0
19993,episode/length,500.0
19994,episode/return,448.0
19994,episode/length,500.0
19995,episode/return,0.0
19995,episode/length,500.0
19996,episode/return,0.0
19996,episode/length,500.0
19997,episode/return,925.0
19997,episode/length,500.0
19998,episode/return,0.0
19998,episode/length,500.0
19999,episode/return,0.0
19999,episode/length,500.0
20000,train/consistency_loss_mean,0.00011722402682062238
20000,train/consistency_loss_std,4.070783665596305e-05
20000,train/continue_loss_mean,0.0
20000,train/continue_loss_std,0.0
20000,train/grad_norm_mean,0.317985131251812
20000,train/grad_norm_std,0.26369443505590723
20000,train/policy_log_std_mean,-0.5741728241443634
20000,train/policy_log_std_std,0.34976165016809463
20000,train/policy_loss_mean,-0.29231703095436096
20000,train/policy_loss_std,0.05650226214291643
20000,train/reward_loss_mean,0.053719165086746214
20000,train/reward_loss_std,0.014156409518202767
20000,train/total_loss_mean,0.03737114920318127
20000,train/total_loss_std,0.0025634615019352247
20000,train/value_loss_mean,0.2965475142002106
20000,train/value_loss_std,0.020897408604145122
20000,train/value_scale_mean,126.71184858398438
20000,train/value_scale_std,28.61152712945289
20000,timing/collect_chunk_s,69.01184629602358
20000,timing/train_chunk_s,21.55847206013277
20000,dense_rhs/training_bucket_horizon,3.0
20000,system/heartbeat,1.0
23992,episode/return,0.0
23992,episode/length,500.0
23993,episode/return,0.0
23993,episode/length,500.0
23994,episode/return,0.0
23994,episode/length,500.0
23995,episode/return,7.0
23995,episode/length,500.0
23996,episode/return,0.0
23996,episode/length,500.0
23997,episode/return,0.0
23997,episode/length,500.0
23998,episode/return,0.0
23998,episode/length,500.0
23999,episode/return,976.0
23999,episode/length,500.0
27992,episode/return,0.0
27992,episode/length,500.0
27993,episode/return,989.0
27993,episode/length,500.0
27994,episode/return,0.0
27994,episode/length,500.0
27995,episode/return,0.0
27995,episode/length,500.0
27996,episode/return,0.0
27996,episode/length,500.0
27997,episode/return,0.0
27997,episode/length,500.0
27998,episode/return,0.0
27998,episode/length,500.0
27999,episode/return,1000.0
27999,episode/length,500.0
30000,train/consistency_loss_mean,0.00010488106475677342
30000,train/consistency_loss_std,2.5979622871907935e-05
30000,train/continue_loss_mean,0.0
30000,train/continue_loss_std,0.0
30000,train/grad_norm_mean,0.29828291281461716
30000,train/grad_norm_std,0.19829701027125368
30000,train/policy_log_std_mean,-0.6111530966758728
30000,train/policy_log_std_std,0.3261974723445724
30000,train/policy_loss_mean,-0.28617657396793367
30000,train/policy_loss_std,0.048490120618075096
30000,train/reward_loss_mean,0.07292688853144645
30000,train/reward_loss_std,0.010553135996783218
30000,train/total_loss_mean,0.03985017119348049
30000,train/total_loss_std,0.0021720877393063827
30000,train/value_loss_mean,0.3045986079216003
30000,train/value_loss_std,0.01573134151330591
30000,train/value_scale_mean,175.79506994628906
30000,train/value_scale_std,13.256853878912526
30000,timing/collect_chunk_s,69.86490355944261
30000,timing/train_chunk_s,21.51098141167313
30000,dense_rhs/training_bucket_horizon,3.0
30000,system/heartbeat,1.0
31992,episode/return,0.0
31992,episode/length,500.0
31993,episode/return,1000.0
31993,episode/length,500.0
31994,episode/return,0.0
31994,episode/length,500.0
31995,episode/return,637.0
31995,episode/length,500.0
31996,episode/return,971.0
31996,episode/length,500.0
31997,episode/return,652.0
31997,episode/length,500.0
31998,episode/return,106.0
31998,episode/length,500.0
31999,episode/return,472.0
31999,episode/length,500.0
35992,episode/return,957.0
35992,episode/length,500.0
35993,episode/return,1000.0
35993,episode/length,500.0
35994,episode/return,0.0
35994,episode/length,500.0
35995,episode/return,274.0
35995,episode/length,500.0
35996,episode/return,0.0
35996,episode/length,500.0
35997,episode/return,0.0
35997,episode/length,500.0
35998,episode/return,2.0
35998,episode/length,500.0
35999,episode/return,0.0
35999,episode/length,500.0
39992,episode/return,0.0
39992,episode/length,500.0
39993,episode/return,711.0
39993,episode/length,500.0
39994,episode/return,0.0
39994,episode/length,500.0
39995,episode/return,289.0
39995,episode/length,500.0
39996,episode/return,0.0
39996,episode/length,500.0
39997,episode/return,19.0
39997,episode/length,500.0
39998,episode/return,1000.0
39998,episode/length,500.0
39999,episode/return,0.0
39999,episode/length,500.0
40000,train/consistency_loss_mean,8.737125300976913e-05
40000,train/consistency_loss_std,1.9284384257800248e-05
40000,train/continue_loss_mean,0.0
40000,train/continue_loss_std,0.0
40000,train/grad_norm_mean,0.23055034259557725
40000,train/grad_norm_std,0.1805258697585143
40000,train/policy_log_std_mean,-0.7141811571598053
40000,train/policy_log_std_std,0.2862888043342812
40000,train/policy_loss_mean,-0.4167858374834061
40000,train/policy_loss_std,0.041627861805501876
40000,train/reward_loss_mean,0.08992741025686264
40000,train/reward_loss_std,0.011060678807112465
40000,train/total_loss_mean,0.04193903358280659
40000,train/total_loss_std,0.001612025542528968
40000,train/value_loss_mean,0.3119886690855026
40000,train/value_loss_std,0.010055176062165626
40000,train/value_scale_mean,145.58783150634767
40000,train/value_scale_std,8.098769877538071
40000,timing/collect_chunk_s,69.79679148085415
40000,timing/train_chunk_s,21.48184501565993
40000,dense_rhs/training_bucket_horizon,3.0
40000,system/heartbeat,1.0
43992,episode/return,0.0
43992,episode/length,500.0
43993,episode/return,0.0
43993,episode/length,500.0
43994,episode/return,0.0
43994,episode/length,500.0
43995,episode/return,979.0
43995,episode/length,500.0
43996,episode/return,45.0
43996,episode/length,500.0
43997,episode/return,888.0
43997,episode/length,500.0
43998,episode/return,502.0
43998,episode/length,500.0
43999,episode/return,371.0
43999,episode/length,500.0
47992,episode/return,953.0
47992,episode/length,500.0
47993,episode/return,2.0
47993,episode/length,500.0
47994,episode/return,1000.0
47994,episode/length,500.0
47995,episode/return,12.0
47995,episode/length,500.0
47996,episode/return,620.0
47996,episode/length,500.0
47997,episode/return,0.0
47997,episode/length,500.0
47998,episode/return,0.0
47998,episode/length,500.0
47999,episode/return,729.0
47999,episode/length,500.0
50000,train/consistency_loss_mean,7.602445061202162e-05
50000,train/consistency_loss_std,1.898102407820205e-05
50000,train/continue_loss_mean,0.0
50000,train/continue_loss_std,0.0
50000,train/grad_norm_mean,0.2093941421687603
50000,train/grad_norm_std,0.19070126406435947
50000,train/policy_log_std_mean,-0.7396798856735229
50000,train/policy_log_std_std,0.2736921463368879
50000,train/policy_loss_mean,-0.47433430259227755
50000,train/policy_loss_std,0.01788705826191497
50000,train/reward_loss_mean,0.09912441781759262
50000,train/reward_loss_std,0.012273936008072755
50000,train/total_loss_mean,0.042366846096515656
50000,train/total_loss_std,0.0015871024358154828
50000,train/value_loss_mean,0.3093391454935074
50000,train/value_loss_std,0.008241805170324029
50000,train/value_scale_mean,139.3042217163086
50000,train/value_scale_std,2.5307196014246145
50000,timing/collect_chunk_s,68.1926971101202
50000,timing/train_chunk_s,21.46314852545038
50000,dense_rhs/training_bucket_horizon,3.0
50000,system/heartbeat,1.0
50000,timing/checkpoint_blocking_s,0.3809047038666904
50000,eval/return_mean,521.0
50000,eval/return_std,473.3460693359375
50000,eval/return_max,1000.0
50000,eval/return_min,0.0
50000,timing/eval_s,96.70766266901046
50000,eval/selected_horizon,3.0
50000,eval/training_bucket_horizon,3.0
50000,system/heartbeat,1.0
51992,episode/return,936.0
51992,episode/length,500.0
51993,episode/return,930.0
51993,episode/length,500.0
51994,episode/return,0.0
51994,episode/length,500.0
51995,episode/return,982.0
51995,episode/length,500.0
51996,episode/return,959.0
51996,episode/length,500.0
51997,episode/return,0.0
51997,episode/length,500.0
51998,episode/return,895.0
51998,episode/length,500.0
51999,episode/return,905.0
51999,episode/length,500.0
55992,episode/return,957.0
55992,episode/length,500.0
55993,episode/return,989.0
55993,episode/length,500.0
55994,episode/return,0.0
55994,episode/length,500.0
55995,episode/return,801.0
55995,episode/length,500.0
55996,episode/return,971.0
55996,episode/length,500.0
55997,episode/return,680.0
55997,episode/length,500.0
55998,episode/return,971.0
55998,episode/length,500.0
55999,episode/return,957.0
55999,episode/length,500.0
59992,episode/return,970.0
59992,episode/length,500.0
59993,episode/return,0.0
59993,episode/length,500.0
59994,episode/return,483.0
59994,episode/length,500.0
59995,episode/return,0.0
59995,episode/length,500.0
59996,episode/return,948.0
59996,episode/length,500.0
59997,episode/return,985.0
59997,episode/length,500.0
59998,episode/return,892.0
59998,episode/length,500.0
59999,episode/return,11.0
59999,episode/length,500.0
60000,train/consistency_loss_mean,6.642875107063446e-05
60000,train/consistency_loss_std,1.844421688526172e-05
60000,train/continue_loss_mean,0.0
60000,train/continue_loss_std,0.0
60000,train/grad_norm_mean,0.18493831257224083
60000,train/grad_norm_std,0.20027729113535603
60000,train/policy_log_std_mean,-0.7368726126194001
60000,train/policy_log_std_std,0.30424327950289837
60000,train/policy_loss_mean,-0.47505783829689024
60000,train/policy_loss_std,0.024735054565495636
60000,train/reward_loss_mean,0.12680903905630111
60000,train/reward_loss_std,0.014323950199172658
60000,train/total_loss_mean,0.04455930504500866
60000,train/total_loss_std,0.001824918928678273
60000,train/value_loss_mean,0.3054982536792755
60000,train/value_loss_std,0.010333582070494974
60000,train/value_scale_mean,150.96715174560546
60000,train/value_scale_std,7.513133817311968
60000,timing/collect_chunk_s,68.91526840860024
60000,timing/train_chunk_s,20.59010947868228
60000,dense_rhs/training_bucket_horizon,3.0
60000,system/heartbeat,1.0
63992,episode/return,990.0
63992,episode/length,500.0
63993,episode/return,846.0
63993,episode/length,500.0
63994,episode/return,0.0
63994,episode/length,500.0
63995,episode/return,935.0
63995,episode/length,500.0
63996,episode/return,0.0
63996,episode/length,500.0
63997,episode/return,906.0
63997,episode/length,500.0
63998,episode/return,872.0
63998,episode/length,500.0
63999,episode/return,987.0
63999,episode/length,500.0
67992,episode/return,148.0
67992,episode/length,500.0
67993,episode/return,337.0
67993,episode/length,500.0
67994,episode/return,965.0
67994,episode/length,500.0
67995,episode/return,952.0
67995,episode/length,500.0
67996,episode/return,888.0
67996,episode/length,500.0
67997,episode/return,15.0
67997,episode/length,500.0
67998,episode/return,24.0
67998,episode/length,500.0
67999,episode/return,0.0
67999,episode/length,500.0
70000,train/consistency_loss_mean,6.0745391075033694e-05
70000,train/consistency_loss_std,1.4400367868279012e-05
70000,train/continue_loss_mean,0.0
70000,train/continue_loss_std,0.0
70000,train/grad_norm_mean,0.16513644973635674
70000,train/grad_norm_std,0.1769670691811814
70000,train/policy_log_std_mean,-0.6533696211338044
70000,train/policy_log_std_std,0.29919792493205616
70000,train/policy_loss_mean,-0.43895415856838227
70000,train/policy_loss_std,0.014539397698647524
70000,train/reward_loss_mean,0.1454872705101967
70000,train/reward_loss_std,0.012961577968906424
70000,train/total_loss_mean,0.047683138036727905
70000,train/total_loss_std,0.001847295246133489
70000,train/value_loss_mean,0.3191950227499008
70000,train/value_loss_std,0.010344917228907022
70000,train/value_scale_mean,161.9460776123047
70000,train/value_scale_std,3.050767432447837
70000,timing/collect_chunk_s,68.27723909262568
70000,timing/train_chunk_s,20.51979425828904
70000,dense_rhs/training_bucket_horizon,3.0
70000,system/heartbeat,1.0
71992,episode/return,314.0
71992,episode/length,500.0
71993,episode/return,969.0
71993,episode/length,500.0
71994,episode/return,562.0
71994,episode/length,500.0
71995,episode/return,505.0
71995,episode/length,500.0
71996,episode/return,682.0
71996,episode/length,500.0
71997,episode/return,1000.0
71997,episode/length,500.0
71998,episode/return,751.0
71998,episode/length,500.0
71999,episode/return,951.0
71999,episode/length,500.0
75992,episode/return,980.0
75992,episode/length,500.0
75993,episode/return,956.0
75993,episode/length,500.0
75994,episode/return,970.0
75994,episode/length,500.0
75995,episode/return,473.0
75995,episode/length,500.0
75996,episode/return,966.0
75996,episode/length,500.0
75997,episode/return,1000.0
75997,episode/length,500.0
75998,episode/return,745.0
75998,episode/length,500.0
75999,episode/return,298.0
75999,episode/length,500.0
79992,episode/return,1.0
79992,episode/length,500.0
79993,episode/return,983.0
79993,episode/length,500.0
79994,episode/return,967.0
79994,episode/length,500.0
79995,episode/return,883.0
79995,episode/length,500.0
79996,episode/return,65.0
79996,episode/length,500.0
79997,episode/return,0.0
79997,episode/length,500.0
79998,episode/return,592.0
79998,episode/length,500.0
79999,episode/return,964.0
79999,episode/length,500.0
80000,train/consistency_loss_mean,6.444683778099716e-05
80000,train/consistency_loss_std,1.3535355830424428e-05
80000,train/continue_loss_mean,0.0
80000,train/continue_loss_std,0.0
80000,train/grad_norm_mean,0.2581936244010925
80000,train/grad_norm_std,0.21669992346037148
80000,train/policy_log_std_mean,-0.6819045076847077
80000,train/policy_log_std_std,0.3102375386831147
80000,train/policy_loss_mean,-0.47189308648109435
80000,train/policy_loss_std,0.02891768425949944
80000,train/reward_loss_mean,0.1622963028073311
80000,train/reward_loss_std,0.013645480821219112
80000,train/total_loss_mean,0.05059306070804596
80000,train/total_loss_std,0.0018306537464479245
80000,train/value_loss_mean,0.3307449246644974
80000,train/value_loss_std,0.008439048656172007
80000,train/value_scale_mean,153.1452349975586
80000,train/value_scale_std,5.25493539256717
80000,timing/collect_chunk_s,69.06223682546988
80000,timing/train_chunk_s,20.592134133912623
80000,dense_rhs/training_bucket_horizon,3.0
80000,system/heartbeat,1.0
83992,episode/return,841.0
83992,episode/length,500.0
83993,episode/return,959.0
83993,episode/length,500.0
83994,episode/return,585.0
83994,episode/length,500.0
83995,episode/return,1000.0
83995,episode/length,500.0
83996,episode/return,981.0
83996,episode/length,500.0
83997,episode/return,871.0
83997,episode/length,500.0
83998,episode/return,395.0
83998,episode/length,500.0
83999,episode/return,859.0
83999,episode/length,500.0
87992,episode/return,1000.0
87992,episode/length,500.0
87993,episode/return,993.0
87993,episode/length,500.0
87994,episode/return,979.0
87994,episode/length,500.0
87995,episode/return,992.0
87995,episode/length,500.0
87996,episode/return,638.0
87996,episode/length,500.0
87997,episode/return,1000.0
87997,episode/length,500.0
87998,episode/return,990.0
87998,episode/length,500.0
87999,episode/return,987.0
87999,episode/length,500.0
90000,train/consistency_loss_mean,6.749877376423683e-05
90000,train/consistency_loss_std,1.4602344223879173e-05
90000,train/continue_loss_mean,0.0
90000,train/continue_loss_std,0.0
90000,train/grad_norm_mean,0.25506576270461084
90000,train/grad_norm_std,0.25061498390723214
90000,train/policy_log_std_mean,-0.7319482494354248
90000,train/policy_log_std_std,0.31503795553961866
90000,train/policy_loss_mean,-0.6373565298080445
90000,train/policy_loss_std,0.06417738908534679
90000,train/reward_loss_mean,0.17889838128089905
90000,train/reward_loss_std,0.013796825871017207
90000,train/total_loss_mean,0.05170350131690502
90000,train/total_loss_std,0.00157113357627039
90000,train/value_loss_mean,0.3246368654727936
90000,train/value_loss_std,0.006752737285640559
90000,train/value_scale_mean,124.51029174804688
90000,train/value_scale_std,9.204287659360045
90000,timing/collect_chunk_s,68.2676564711146
90000,timing/train_chunk_s,20.56949376454577
90000,dense_rhs/training_bucket_horizon,3.0
90000,system/heartbeat,1.0
91992,episode/return,983.0
91992,episode/length,500.0
91993,episode/return,957.0
91993,episode/length,500.0
91994,episode/return,748.0
91994,episode/length,500.0
91995,episode/return,525.0
91995,episode/length,500.0
91996,episode/return,980.0
91996,episode/length,500.0
91997,episode/return,729.0
91997,episode/length,500.0
91998,episode/return,978.0
91998,episode/length,500.0
91999,episode/return,575.0
91999,episode/length,500.0
95992,episode/return,965.0
95992,episode/length,500.0
95993,episode/return,742.0
95993,episode/length,500.0
95994,episode/return,958.0
95994,episode/length,500.0
95995,episode/return,949.0
95995,episode/length,500.0
95996,episode/return,978.0
95996,episode/length,500.0
95997,episode/return,989.0
95997,episode/length,500.0
95998,episode/return,923.0
95998,episode/length,500.0
95999,episode/return,0.0
95999,episode/length,500.0
99992,episode/return,361.0
99992,episode/length,500.0
99993,episode/return,989.0
99993,episode/length,500.0
99994,episode/return,950.0
99994,episode/length,500.0
99995,episode/return,952.0
99995,episode/length,500.0
99996,episode/return,924.0
99996,episode/length,500.0
99997,episode/return,977.0
99997,episode/length,500.0
99998,episode/return,971.0
99998,episode/length,500.0
99999,episode/return,973.0
99999,episode/length,500.0
100000,train/consistency_loss_mean,6.803530132747256e-05
100000,train/consistency_loss_std,1.5061021855045938e-05
100000,train/continue_loss_mean,0.0
100000,train/continue_loss_std,0.0
100000,train/grad_norm_mean,0.20969066805243491
100000,train/grad_norm_std,0.21182430768103755
100000,train/policy_log_std_mean,-0.8077906764030457
100000,train/policy_log_std_std,0.33786471261168305
100000,train/policy_loss_mean,-0.8417486982345581
100000,train/policy_loss_std,0.019085151390048394
100000,train/reward_loss_mean,0.19661533224582672
100000,train/reward_loss_std,0.013388573976676707
100000,train/total_loss_mean,0.053973392301797866
100000,train/total_loss_std,0.0019368614816030704
100000,train/value_loss_mean,0.32951152040958404
100000,train/value_loss_std,0.009652717554474739
100000,train/value_scale_mean,97.81019120483398
100000,train/value_scale_std,1.5954668415754854
100000,timing/collect_chunk_s,68.1959101818502
100000,timing/train_chunk_s,20.564187809824944
100000,dense_rhs/training_bucket_horizon,3.0
100000,system/heartbeat,1.0
100000,timing/checkpoint_blocking_s,0.38234390737488866
100000,eval/return_mean,830.5
100000,eval/return_std,340.1873779296875
100000,eval/return_max,1000.0
100000,eval/return_min,0.0
100000,timing/eval_s,11.102983471937478
100000,eval/selected_horizon,3.0
100000,eval/training_bucket_horizon,3.0
100000,system/heartbeat,1.0
103992,episode/return,932.0
103992,episode/length,500.0
103993,episode/return,479.0
103993,episode/length,500.0
103994,episode/return,963.0
103994,episode/length,500.0
103995,episode/return,944.0
103995,episode/length,500.0
103996,episode/return,984.0
103996,episode/length,500.0
103997,episode/return,931.0
103997,episode/length,500.0
103998,episode/return,334.0
103998,episode/length,500.0
103999,episode/return,981.0
103999,episode/length,500.0
107992,episode/return,944.0
107992,episode/length,500.0
107993,episode/return,964.0
107993,episode/length,500.0
107994,episode/return,0.0
107994,episode/length,500.0
107995,episode/return,949.0
107995,episode/length,500.0
107996,episode/return,976.0
107996,episode/length,500.0
107997,episode/return,1000.0
107997,episode/length,500.0
107998,episode/return,962.0
107998,episode/length,500.0
107999,episode/return,469.0
107999,episode/length,500.0
110000,train/consistency_loss_mean,6.526845572225283e-05
110000,train/consistency_loss_std,1.5925678651195205e-05
110000,train/continue_loss_mean,0.0
110000,train/continue_loss_std,0.0
110000,train/grad_norm_mean,0.1733821836054325
110000,train/grad_norm_std,0.18372550816557653
110000,train/policy_log_std_mean,-0.8284656332969665
110000,train/policy_log_std_std,0.34987642603050106
110000,train/policy_loss_mean,-0.9976546847343445
110000,train/policy_loss_std,0.07157714163465248
110000,train/reward_loss_mean,0.20962466506958008
110000,train/reward_loss_std,0.01319569795658254
110000,train/total_loss_mean,0.057189162346720696
110000,train/total_loss_std,0.00169421031354977
110000,train/value_loss_mean,0.34921325080394744
110000,train/value_loss_std,0.006246064733006646
110000,train/value_scale_mean,84.05259053344727
110000,train/value_scale_std,5.75237583452698
110000,timing/collect_chunk_s,68.5463256095536
110000,timing/train_chunk_s,20.561348777264357
110000,dense_rhs/training_bucket_horizon,3.0
110000,system/heartbeat,1.0
111992,episode/return,983.0
111992,episode/length,500.0
111993,episode/return,967.0
111993,episode/length,500.0
111994,episode/return,961.0
111994,episode/length,500.0
111995,episode/return,918.0
111995,episode/length,500.0
111996,episode/return,966.0
111996,episode/length,500.0
111997,episode/return,0.0
111997,episode/length,500.0
111998,episode/return,1000.0
111998,episode/length,500.0
111999,episode/return,975.0
111999,episode/length,500.0
115992,episode/return,1000.0
115992,episode/length,500.0
115993,episode/return,951.0
115993,episode/length,500.0
115994,episode/return,976.0
115994,episode/length,500.0
115995,episode/return,988.0
115995,episode/length,500.0
115996,episode/return,65.0
115996,episode/length,500.0
115997,episode/return,957.0
115997,episode/length,500.0
115998,episode/return,631.0
115998,episode/length,500.0
115999,episode/return,989.0
115999,episode/length,500.0
119992,episode/return,930.0
119992,episode/length,500.0
119993,episode/return,944.0
119993,episode/length,500.0
119994,episode/return,958.0
119994,episode/length,500.0
119995,episode/return,0.0
119995,episode/length,500.0
119996,episode/return,972.0
119996,episode/length,500.0
119997,episode/return,748.0
119997,episode/length,500.0
119998,episode/return,961.0
119998,episode/length,500.0
119999,episode/return,928.0
119999,episode/length,500.0
120000,train/consistency_loss_mean,6.883769879932516e-05
120000,train/consistency_loss_std,1.567095142501014e-05
120000,train/continue_loss_mean,0.0
120000,train/continue_loss_std,0.0
120000,train/grad_norm_mean,0.21213713867664338
120000,train/grad_norm_std,0.2311280380784617
120000,train/policy_log_std_mean,-0.8502933613300323
120000,train/policy_log_std_std,0.38261813932776123
120000,train/policy_loss_mean,-1.1255681169509888
120000,train/policy_loss_std,0.03709627537721661
120000,train/reward_loss_mean,0.22101847668886185
120000,train/reward_loss_std,0.013142927132930008
120000,train/total_loss_mean,0.05848130140900612
120000,train/total_loss_std,0.0016609052545391502
120000,train/value_loss_mean,0.3500269828557968
120000,train/value_loss_std,0.0057584112724899965
120000,train/value_scale_mean,74.93809475708008
120000,train/value_scale_std,2.4317778747270644
120000,timing/collect_chunk_s,70.5539959105663
120000,timing/train_chunk_s,20.536724143195897
120000,dense_rhs/training_bucket_horizon,3.0
120000,system/heartbeat,1.0
123992,episode/return,970.0
123992,episode/length,500.0
123993,episode/return,988.0
123993,episode/length,500.0
123994,episode/return,527.0
123994,episode/length,500.0
123995,episode/return,997.0
123995,episode/length,500.0
123996,episode/return,967.0
123996,episode/length,500.0
123997,episode/return,525.0
123997,episode/length,500.0
123998,episode/return,984.0
123998,episode/length,500.0
123999,episode/return,985.0
123999,episode/length,500.0
127992,episode/return,977.0
127992,episode/length,500.0
127993,episode/return,195.0
127993,episode/length,500.0
127994,episode/return,983.0
127994,episode/length,500.0
127995,episode/return,987.0
127995,episode/length,500.0
127996,episode/return,919.0
127996,episode/length,500.0
127997,episode/return,1000.0
127997,episode/length,500.0
127998,episode/return,975.0
127998,episode/length,500.0
127999,episode/return,964.0
127999,episode/length,500.0
130000,train/consistency_loss_mean,6.769887653063051e-05
130000,train/consistency_loss_std,1.4862077547975163e-05
130000,train/continue_loss_mean,0.0
130000,train/continue_loss_std,0.0
130000,train/grad_norm_mean,0.1948363521873951
130000,train/grad_norm_std,0.22118978672961978
130000,train/policy_log_std_mean,-0.8330693740367889
130000,train/policy_log_std_std,0.40544416810274025
130000,train/policy_loss_mean,-1.1262012048721313
130000,train/policy_loss_std,0.0298536508624328
130000,train/reward_loss_mean,0.23038631484508515
130000,train/reward_loss_std,0.012921963568905995
130000,train/total_loss_mean,0.05931074366271496
130000,train/total_loss_std,0.001578604575800766
130000,train/value_loss_mean,0.3491813320636749
130000,train/value_loss_std,0.005055187839921807
130000,train/value_scale_mean,75.97786129150391
130000,train/value_scale_std,1.3474154276302166
130000,timing/collect_chunk_s,68.21546250162646
130000,timing/train_chunk_s,20.504712144844234
130000,dense_rhs/training_bucket_horizon,3.0
130000,system/heartbeat,1.0
131992,episode/return,945.0
131992,episode/length,500.0
131993,episode/return,993.0
131993,episode/length,500.0
131994,episode/return,1000.0
131994,episode/length,500.0
131995,episode/return,969.0
131995,episode/length,500.0
131996,episode/return,922.0
131996,episode/length,500.0
131997,episode/return,997.0
131997,episode/length,500.0
131998,episode/return,905.0
131998,episode/length,500.0
131999,episode/return,0.0
131999,episode/length,500.0
135992,episode/return,973.0
135992,episode/length,500.0
135993,episode/return,961.0
135993,episode/length,500.0
135994,episode/return,970.0
135994,episode/length,500.0
135995,episode/return,748.0
135995,episode/length,500.0
135996,episode/return,953.0
135996,episode/length,500.0
135997,episode/return,927.0
135997,episode/length,500.0
135998,episode/return,939.0
135998,episode/length,500.0
135999,episode/return,905.0
135999,episode/length,500.0
139992,episode/return,941.0
139992,episode/length,500.0
139993,episode/return,956.0
139993,episode/length,500.0
139994,episode/return,928.0
139994,episode/length,500.0
139995,episode/return,468.0
139995,episode/length,500.0
139996,episode/return,988.0
139996,episode/length,500.0
139997,episode/return,947.0
139997,episode/length,500.0
139998,episode/return,92.0
139998,episode/length,500.0
139999,episode/return,982.0
139999,episode/length,500.0
140000,train/consistency_loss_mean,6.580131053633523e-05
140000,train/consistency_loss_std,1.4882491500827328e-05
140000,train/continue_loss_mean,0.0
140000,train/continue_loss_std,0.0
140000,train/grad_norm_mean,0.1780403934061527
140000,train/grad_norm_std,0.2045270458279572
140000,train/policy_log_std_mean,-0.8034225888729095
140000,train/policy_log_std_std,0.38511964973734586
140000,train/policy_loss_mean,-1.157854050731659
140000,train/policy_loss_std,0.03173793107505479
140000,train/reward_loss_mean,0.23964471405744553
140000,train/reward_loss_std,0.01290987037858045
140000,train/total_loss_mean,0.06022948856651783
140000,train/total_loss_std,0.0015731827047189282
140000,train/value_loss_mean,0.3494898995399475
140000,train/value_loss_std,0.004805763848551143
140000,train/value_scale_mean,74.88703708496094
140000,train/value_scale_std,1.77109078626294
140000,timing/collect_chunk_s,69.16207439498976
140000,timing/train_chunk_s,20.585151156876236
140000,dense_rhs/training_bucket_horizon,3.0
140000,system/heartbeat,1.0
143992,episode/return,611.0
143992,episode/length,500.0
143993,episode/return,977.0
143993,episode/length,500.0
143994,episode/return,0.0
143994,episode/length,500.0
143995,episode/return,938.0
143995,episode/length,500.0
143996,episode/return,837.0
143996,episode/length,500.0
143997,episode/return,992.0
143997,episode/length,500.0
143998,episode/return,925.0
143998,episode/length,500.0
143999,episode/return,756.0
143999,episode/length,500.0
147992,episode/return,986.0
147992,episode/length,500.0
147993,episode/return,977.0
147993,episode/length,500.0
147994,episode/return,955.0
147994,episode/length,500.0
147995,episode/return,872.0
147995,episode/length,500.0
147996,episode/return,924.0
147996,episode/length,500.0
147997,episode/return,936.0
147997,episode/length,500.0
147998,episode/return,958.0
147998,episode/length,500.0
147999,episode/return,921.0
147999,episode/length,500.0
150000,train/consistency_loss_mean,6.704573062015698e-05
150000,train/consistency_loss_std,1.5376266984255748e-05
150000,train/continue_loss_mean,0.0
150000,train/continue_loss_std,0.0
150000,train/grad_norm_mean,0.17916808386445046
150000,train/grad_norm_std,0.20665420674438228
150000,train/policy_log_std_mean,-0.8317624992847442
150000,train/policy_log_std_std,0.3922615799110608
150000,train/policy_loss_mean,-1.1691241275787354
150000,train/policy_loss_std,0.033156108633730565
150000,train/reward_loss_mean,0.24610575201511384
150000,train/reward_loss_std,0.012578657414782505
150000,train/total_loss_mean,0.05914969848394394
150000,train/total_loss_std,0.00161686966108025
150000,train/value_loss_mean,0.33198207223415377
150000,train/value_loss_std,0.009601075273268618
150000,train/value_scale_mean,75.13208640136719
150000,train/value_scale_std,1.5181553648654347
150000,timing/collect_chunk_s,69.43105143075809
150000,timing/train_chunk_s,20.53207056829706
150000,dense_rhs/training_bucket_horizon,3.0
150000,system/heartbeat,1.0
150000,timing/checkpoint_blocking_s,0.40665341494604945
150000,eval/return_mean,959.2000122070312
150000,eval/return_std,51.00254821777344
150000,eval/return_max,1000.0
150000,eval/return_min,802.0
150000,timing/eval_s,11.153895388823003
150000,eval/selected_horizon,3.0
150000,eval/training_bucket_horizon,3.0
150000,system/heartbeat,1.0
151992,episode/return,834.0
151992,episode/length,500.0
151993,episode/return,979.0
151993,episode/length,500.0
151994,episode/return,980.0
151994,episode/length,500.0
151995,episode/return,987.0
151995,episode/length,500.0
151996,episode/return,968.0
151996,episode/length,500.0
151997,episode/return,987.0
151997,episode/length,500.0
151998,episode/return,988.0
151998,episode/length,500.0
151999,episode/return,983.0
151999,episode/length,500.0
155992,episode/return,981.0
155992,episode/length,500.0
155993,episode/return,983.0
155993,episode/length,500.0
155994,episode/return,1.0
155994,episode/length,500.0
155995,episode/return,890.0
155995,episode/length,500.0
155996,episode/return,979.0
155996,episode/length,500.0
155997,episode/return,975.0
155997,episode/length,500.0
155998,episode/return,989.0
155998,episode/length,500.0
155999,episode/return,970.0
155999,episode/length,500.0
159992,episode/return,966.0
159992,episode/length,500.0
159993,episode/return,985.0
159993,episode/length,500.0
159994,episode/return,429.0
159994,episode/length,500.0
159995,episode/return,934.0
159995,episode/length,500.0
159996,episode/return,952.0
159996,episode/length,500.0
159997,episode/return,959.0
159997,episode/length,500.0
159998,episode/return,261.0
159998,episode/length,500.0
159999,episode/return,961.0
159999,episode/length,500.0
160000,train/consistency_loss_mean,6.69983416388277e-05
160000,train/consistency_loss_std,1.5565539509911773e-05
160000,train/continue_loss_mean,0.0
160000,train/continue_loss_std,0.0
160000,train/grad_norm_mean,0.18748095533847808
160000,train/grad_norm_std,0.20682188196071546
160000,train/policy_log_std_mean,-0.8148196851730347
160000,train/policy_log_std_std,0.407531055426922
160000,train/policy_loss_mean,-1.224354372215271
160000,train/policy_loss_std,0.033146587413882767
160000,train/reward_loss_mean,0.2539128646016121
160000,train/reward_loss_std,0.012419348350331635
160000,train/total_loss_mean,0.05960064038336277
160000,train/total_loss_std,0.0015218801782238098
160000,train/value_loss_mean,0.3286938590288162
160000,train/value_loss_std,0.005776913900554103
160000,train/value_scale_mean,72.5675391357422
160000,train/value_scale_std,1.748326910405895
160000,timing/collect_chunk_s,66.30244773533195
160000,timing/train_chunk_s,20.480340979527682
160000,dense_rhs/training_bucket_horizon,3.0
160000,system/heartbeat,1.0
163992,episode/return,935.0
163992,episode/length,500.0
163993,episode/return,987.0
163993,episode/length,500.0
163994,episode/return,974.0
163994,episode/length,500.0
163995,episode/return,1000.0
163995,episode/length,500.0
163996,episode/return,977.0
163996,episode/length,500.0
163997,episode/return,942.0
163997,episode/length,500.0
163998,episode/return,970.0
163998,episode/length,500.0
163999,episode/return,985.0
163999,episode/length,500.0
167992,episode/return,900.0
167992,episode/length,500.0
167993,episode/return,638.0
167993,episode/length,500.0
167994,episode/return,808.0
167994,episode/length,500.0
167995,episode/return,982.0
167995,episode/length,500.0
167996,episode/return,975.0
167996,episode/length,500.0
167997,episode/return,933.0
167997,episode/length,500.0
167998,episode/return,972.0
167998,episode/length,500.0
167999,episode/return,954.0
167999,episode/length,500.0
170000,train/consistency_loss_mean,6.681108364718966e-05
170000,train/consistency_loss_std,1.5233920343689009e-05
170000,train/continue_loss_mean,0.0
170000,train/continue_loss_std,0.0
170000,train/grad_norm_mean,0.17573742169737816
170000,train/grad_norm_std,0.19467596784277125
170000,train/policy_log_std_mean,-0.8424861867427826
170000,train/policy_log_std_std,0.42907841114476275
170000,train/policy_loss_mean,-1.2543680159568786
170000,train/policy_loss_std,0.028653643103325306
170000,train/reward_loss_mean,0.2604832837343216
170000,train/reward_loss_std,0.012431157196745413
170000,train/total_loss_mean,0.061623307251930236
170000,train/total_loss_std,0.0015910682836525344
170000,train/value_loss_mean,0.3423875575304031
170000,train/value_loss_std,0.00618697492931457
170000,train/value_scale_mean,71.21151151123047
170000,train/value_scale_std,1.329404738131174
170000,timing/collect_chunk_s,76.92049641674384
170000,timing/train_chunk_s,20.548234211280942
170000,dense_rhs/training_bucket_horizon,3.0
170000,system/heartbeat,1.0
171992,episode/return,990.0
171992,episode/length,500.0
171993,episode/return,981.0
171993,episode/length,500.0
171994,episode/return,931.0
171994,episode/length,500.0
171995,episode/return,966.0
171995,episode/length,500.0
171996,episode/return,944.0
171996,episode/length,500.0
171997,episode/return,955.0
171997,episode/length,500.0
171998,episode/return,957.0
171998,episode/length,500.0
171999,episode/return,990.0
171999,episode/length,500.0
175992,episode/return,955.0
175992,episode/length,500.0
175993,episode/return,173.0
175993,episode/length,500.0
175994,episode/return,829.0
175994,episode/length,500.0
175995,episode/return,912.0
175995,episode/length,500.0
175996,episode/return,954.0
175996,episode/length,500.0
175997,episode/return,937.0
175997,episode/length,500.0
175998,episode/return,1000.0
175998,episode/length,500.0
175999,episode/return,969.0
175999,episode/length,500.0
179992,episode/return,791.0
179992,episode/length,500.0
179993,episode/return,929.0
179993,episode/length,500.0
179994,episode/return,939.0
179994,episode/length,500.0
179995,episode/return,909.0
179995,episode/length,500.0
179996,episode/return,939.0
179996,episode/length,500.0
179997,episode/return,985.0
179997,episode/length,500.0
179998,episode/return,976.0
179998,episode/length,500.0
179999,episode/return,973.0
179999,episode/length,500.0
180000,train/consistency_loss_mean,6.649284833983984e-05
180000,train/consistency_loss_std,1.4588281993053017e-05
180000,train/continue_loss_mean,0.0
180000,train/continue_loss_std,0.0
180000,train/grad_norm_mean,0.17826908245682715
180000,train/grad_norm_std,0.18210283992559237
180000,train/policy_log_std_mean,-0.8366895513534546
180000,train/policy_log_std_std,0.4387387745847256
180000,train/policy_loss_mean,-1.2791574880599976
180000,train/policy_loss_std,0.06167692335417165
180000,train/reward_loss_mean,0.2666232415676117
180000,train/reward_loss_std,0.012316975976494672
180000,train/total_loss_mean,0.0622419179469347
180000,train/total_loss_std,0.0015179319363363396
180000,train/value_loss_mean,0.3424973535299301
180000,train/value_loss_std,0.005017180468976403
180000,train/value_scale_mean,70.5143586669922
180000,train/value_scale_std,3.0549174474783314
180000,timing/collect_chunk_s,67.3376533742994
180000,timing/train_chunk_s,20.498228377196938
180000,dense_rhs/training_bucket_horizon,3.0
180000,system/heartbeat,1.0
183992,episode/return,937.0
183992,episode/length,500.0
183993,episode/return,934.0
183993,episode/length,500.0
183994,episode/return,662.0
183994,episode/length,500.0
183995,episode/return,817.0
183995,episode/length,500.0
183996,episode/return,997.0
183996,episode/length,500.0
183997,episode/return,1000.0
183997,episode/length,500.0
183998,episode/return,944.0
183998,episode/length,500.0
183999,episode/return,1000.0
183999,episode/length,500.0
187992,episode/return,935.0
187992,episode/length,500.0
187993,episode/return,936.0
187993,episode/length,500.0
187994,episode/return,681.0
187994,episode/length,500.0
187995,episode/return,978.0
187995,episode/length,500.0
187996,episode/return,992.0
187996,episode/length,500.0
187997,episode/return,1000.0
187997,episode/length,500.0
187998,episode/return,963.0
187998,episode/length,500.0
187999,episode/return,992.0
187999,episode/length,500.0
190000,train/consistency_loss_mean,6.55943834775826e-05
190000,train/consistency_loss_std,1.5008919206248445e-05
190000,train/continue_loss_mean,0.0
190000,train/continue_loss_std,0.0
190000,train/grad_norm_mean,0.1929796362400055
190000,train/grad_norm_std,0.20886644311232958
190000,train/policy_log_std_mean,-0.8430879272460937
190000,train/policy_log_std_std,0.4724621879917218
190000,train/policy_loss_mean,-1.4578290665626525
190000,train/policy_loss_std,0.04971578803460423
190000,train/reward_loss_mean,0.272261624455452
190000,train/reward_loss_std,0.01224779614244695
190000,train/total_loss_mean,0.06384529208540916
190000,train/total_loss_std,0.0016351112332563626
190000,train/value_loss_mean,0.3530724086046219
190000,train/value_loss_std,0.006019094106730945
190000,train/value_scale_mean,61.919939688110354
190000,train/value_scale_std,2.055263364471458
190000,timing/collect_chunk_s,71.67366057867184
190000,timing/train_chunk_s,20.54611190641299
190000,dense_rhs/training_bucket_horizon,3.0
190000,system/heartbeat,1.0
191992,episode/return,951.0
191992,episode/length,500.0
191993,episode/return,977.0
191993,episode/length,500.0
191994,episode/return,946.0
191994,episode/length,500.0
191995,episode/return,876.0
191995,episode/length,500.0
191996,episode/return,840.0
191996,episode/length,500.0
191997,episode/return,984.0
191997,episode/length,500.0
191998,episode/return,417.0
191998,episode/length,500.0
191999,episode/return,925.0
191999,episode/length,500.0
195992,episode/return,958.0
195992,episode/length,500.0
195993,episode/return,952.0
195993,episode/length,500.0
195994,episode/return,818.0
195994,episode/length,500.0
195995,episode/return,991.0
195995,episode/length,500.0
195996,episode/return,992.0
195996,episode/length,500.0
195997,episode/return,988.0
195997,episode/length,500.0
195998,episode/return,951.0
195998,episode/length,500.0
195999,episode/return,877.0
195999,episode/length,500.0
199992,episode/return,948.0
199992,episode/length,500.0
199993,episode/return,423.0
199993,episode/length,500.0
199994,episode/return,995.0
199994,episode/length,500.0
199995,episode/return,967.0
199995,episode/length,500.0
199996,episode/return,946.0
199996,episode/length,500.0
199997,episode/return,985.0
199997,episode/length,500.0
199998,episode/return,955.0
199998,episode/length,500.0
199999,episode/return,950.0
199999,episode/length,500.0
200000,train/consistency_loss_mean,6.501765729917679e-05
200000,train/consistency_loss_std,1.4126328597747777e-05
200000,train/continue_loss_mean,0.0
200000,train/continue_loss_std,0.0
200000,train/grad_norm_mean,0.23846106528639793
200000,train/grad_norm_std,0.2751165441908424
200000,train/policy_log_std_mean,-0.8492474081039428
200000,train/policy_log_std_std,0.5073286789632045
200000,train/policy_loss_mean,-1.527204737854004
200000,train/policy_loss_std,0.021826196986459004
200000,train/reward_loss_mean,0.2776500926971436
200000,train/reward_loss_std,0.012137913645246736
200000,train/total_loss_mean,0.06504782416224479
200000,train/total_loss_std,0.0015504441600147892
200000,train/value_loss_mean,0.359824599981308
200000,train/value_loss_std,0.0048412632013267514
200000,train/value_scale_mean,58.97729242553711
200000,train/value_scale_std,0.741128934798478
200000,timing/collect_chunk_s,67.79477512324229
200000,timing/train_chunk_s,20.57840376952663
200000,dense_rhs/training_bucket_horizon,3.0
200000,system/heartbeat,1.0
200000,timing/checkpoint_blocking_s,0.4075493821874261
200000,eval/return_mean,917.0
200000,eval/return_std,214.1259002685547
200000,eval/return_max,1000.0
200000,eval/return_min,0.0
200000,timing/eval_s,10.516551483888179
200000,eval/selected_horizon,3.0
200000,eval/training_bucket_horizon,3.0
200000,system/heartbeat,1.0
203992,episode/return,976.0
203992,episode/length,500.0
203993,episode/return,969.0
203993,episode/length,500.0
203994,episode/return,990.0
203994,episode/length,500.0
203995,episode/return,952.0
203995,episode/length,500.0
203996,episode/return,918.0
203996,episode/length,500.0
203997,episode/return,926.0
203997,episode/length,500.0
203998,episode/return,957.0
203998,episode/length,500.0
203999,episode/return,990.0
203999,episode/length,500.0
207992,episode/return,570.0
207992,episode/length,500.0
207993,episode/return,962.0
207993,episode/length,500.0
207994,episode/return,964.0
207994,episode/length,500.0
207995,episode/return,960.0
207995,episode/length,500.0
207996,episode/return,948.0
207996,episode/length,500.0
207997,episode/return,702.0
207997,episode/length,500.0
207998,episode/return,162.0
207998,episode/length,500.0
207999,episode/return,945.0
207999,episode/length,500.0
210000,train/consistency_loss_mean,6.466845481190831e-05
210000,train/consistency_loss_std,1.4588521225250394e-05
210000,train/continue_loss_mean,0.0
210000,train/continue_loss_std,0.0
210000,train/grad_norm_mean,0.22855317745804787
210000,train/grad_norm_std,0.27412345166392943
210000,train/policy_log_std_mean,-0.8550427814006806
210000,train/policy_log_std_std,0.4905371409676596
210000,train/policy_loss_mean,-1.574706714630127
210000,train/policy_loss_std,0.03101533604812915
210000,train/reward_loss_mean,0.2818381409406662
210000,train/reward_loss_std,0.011898890160793926
210000,train/total_loss_mean,0.06526074563264847
210000,train/total_loss_std,0.0015156164534417004
210000,train/value_loss_mean,0.3578356158494949
210000,train/value_loss_std,0.0045615076133527785
210000,train/value_scale_mean,57.58506686706543
210000,train/value_scale_std,0.990589948895804
210000,timing/collect_chunk_s,71.33879770385101
210000,timing/train_chunk_s,20.535352444741875
210000,dense_rhs/training_bucket_horizon,3.0
210000,system/heartbeat,1.0
211992,episode/return,973.0
211992,episode/length,500.0
211993,episode/return,963.0
211993,episode/length,500.0
211994,episode/return,972.0
211994,episode/length,500.0
211995,episode/return,986.0
211995,episode/length,500.0
211996,episode/return,970.0
211996,episode/length,500.0
211997,episode/return,945.0
211997,episode/length,500.0
211998,episode/return,983.0
211998,episode/length,500.0
211999,episode/return,980.0
211999,episode/length,500.0
215992,episode/return,968.0
215992,episode/length,500.0
215993,episode/return,965.0
215993,episode/length,500.0
215994,episode/return,929.0
215994,episode/length,500.0
215995,episode/return,816.0
215995,episode/length,500.0
215996,episode/return,980.0
215996,episode/length,500.0
215997,episode/return,943.0
215997,episode/length,500.0
215998,episode/return,990.0
215998,episode/length,500.0
215999,episode/return,990.0
215999,episode/length,500.0
219992,episode/return,946.0
219992,episode/length,500.0
219993,episode/return,981.0
219993,episode/length,500.0
219994,episode/return,916.0
219994,episode/length,500.0
219995,episode/return,973.0
219995,episode/length,500.0
219996,episode/return,983.0
219996,episode/length,500.0
219997,episode/return,491.0
219997,episode/length,500.0
219998,episode/return,957.0
219998,episode/length,500.0
219999,episode/return,970.0
219999,episode/length,500.0
220000,train/consistency_loss_mean,6.36824869987322e-05
220000,train/consistency_loss_std,1.4836850046751606e-05
220000,train/continue_loss_mean,0.0
220000,train/continue_loss_std,0.0
220000,train/grad_norm_mean,0.21560637891888618
220000,train/grad_norm_std,0.29495984357335875
220000,train/policy_log_std_mean,-0.8403030929088593
220000,train/policy_log_std_std,0.5109317690338226
220000,train/policy_loss_mean,-1.645372025680542
220000,train/policy_loss_std,0.019392468012422632
220000,train/reward_loss_mean,0.2856421567440033
220000,train/reward_loss_std,0.011786204155401867
220000,train/total_loss_mean,0.0659266028046608
220000,train/total_loss_std,0.0014994359515496526
220000,train/value_loss_mean,0.36088735122680665
220000,train/value_loss_std,0.004522268977717574
220000,train/value_scale_mean,55.19587847900391
220000,train/value_scale_std,0.5363420533768362
220000,timing/collect_chunk_s,65.31271282862872
220000,timing/train_chunk_s,20.588396845385432
220000,dense_rhs/training_bucket_horizon,3.0
220000,system/heartbeat,1.0
223992,episode/return,967.0
223992,episode/length,500.0
223993,episode/return,956.0
223993,episode/length,500.0
223994,episode/return,1000.0
223994,episode/length,500.0
223995,episode/return,973.0
223995,episode/length,500.0
223996,episode/return,956.0
223996,episode/length,500.0
223997,episode/return,762.0
223997,episode/length,500.0
223998,episode/return,970.0
223998,episode/length,500.0
223999,episode/return,965.0
223999,episode/length,500.0
227992,episode/return,976.0
227992,episode/length,500.0
227993,episode/return,906.0
227993,episode/length,500.0
227994,episode/return,985.0
227994,episode/length,500.0
227995,episode/return,996.0
227995,episode/length,500.0
227996,episode/return,983.0
227996,episode/length,500.0
227997,episode/return,907.0
227997,episode/length,500.0
227998,episode/return,806.0
227998,episode/length,500.0
227999,episode/return,971.0
227999,episode/length,500.0
230000,train/consistency_loss_mean,6.404254938242957e-05
230000,train/consistency_loss_std,1.460256946853089e-05
230000,train/continue_loss_mean,0.0
230000,train/continue_loss_std,0.0
230000,train/grad_norm_mean,0.20120502996444703
230000,train/grad_norm_std,0.24926734960489044
230000,train/policy_log_std_mean,-0.8502948079586029
230000,train/policy_log_std_std,0.5054043782266867
230000,train/policy_loss_mean,-1.684873860168457
230000,train/policy_loss_std,0.02943032075258503
230000,train/reward_loss_mean,0.29005410592556
230000,train/reward_loss_std,0.011664088217927441
230000,train/total_loss_mean,0.0664090243935585
230000,train/total_loss_std,0.0014678104987099565
230000,train/value_loss_mean,0.3612276109457016
230000,train/value_loss_std,0.00478403366366758
230000,train/value_scale_mean,54.0918640411377
230000,train/value_scale_std,0.9306777942108592
230000,timing/collect_chunk_s,72.80286505492404
230000,timing/train_chunk_s,20.56687497533858
230000,dense_rhs/training_bucket_horizon,3.0
230000,system/heartbeat,1.0
231992,episode/return,996.0
231992,episode/length,500.0
231993,episode/return,963.0
231993,episode/length,500.0
231994,episode/return,923.0
231994,episode/length,500.0
231995,episode/return,937.0
231995,episode/length,500.0
231996,episode/return,987.0
231996,episode/length,500.0
231997,episode/return,891.0
231997,episode/length,500.0
231998,episode/return,968.0
231998,episode/length,500.0
231999,episode/return,963.0
231999,episode/length,500.0
235992,episode/return,957.0
235992,episode/length,500.0
235993,episode/return,925.0
235993,episode/length,500.0
235994,episode/return,997.0
235994,episode/length,500.0
235995,episode/return,944.0
235995,episode/length,500.0
235996,episode/return,958.0
235996,episode/length,500.0
235997,episode/return,971.0
235997,episode/length,500.0
235998,episode/return,965.0
235998,episode/length,500.0
235999,episode/return,947.0
235999,episode/length,500.0
239992,episode/return,957.0
239992,episode/length,500.0
239993,episode/return,966.0
239993,episode/length,500.0
239994,episode/return,944.0
239994,episode/length,500.0
239995,episode/return,974.0
239995,episode/length,500.0
239996,episode/return,0.0
239996,episode/length,500.0
239997,episode/return,988.0
239997,episode/length,500.0
239998,episode/return,977.0
239998,episode/length,500.0
239999,episode/return,941.0
239999,episode/length,500.0
240000,train/consistency_loss_mean,6.291440720378886e-05
240000,train/consistency_loss_std,1.4173218573970185e-05
240000,train/continue_loss_mean,0.0
240000,train/continue_loss_std,0.0
240000,train/grad_norm_mean,0.18333192351460456
240000,train/grad_norm_std,0.22412624341726958
240000,train/policy_log_std_mean,-0.8388877662181854
240000,train/policy_log_std_std,0.4912634216459079
240000,train/policy_loss_mean,-1.667775340461731
240000,train/policy_loss_std,0.055452767197382145
240000,train/reward_loss_mean,0.293683314871788
240000,train/reward_loss_std,0.011460692421392691
240000,train/total_loss_mean,0.06575614213347435
240000,train/total_loss_std,0.0013994381583173764
240000,train/value_loss_mean,0.3512952155590057
240000,train/value_loss_std,0.004961031105629592
240000,train/value_scale_mean,55.292557662963866
240000,train/value_scale_std,1.5981004648108106
240000,timing/collect_chunk_s,67.45233379956335
240000,timing/train_chunk_s,20.599109718110412
240000,dense_rhs/training_bucket_horizon,3.0
240000,system/heartbeat,1.0
243992,episode/return,928.0
243992,episode/length,500.0
243993,episode/return,974.0
243993,episode/length,500.0
243994,episode/return,973.0
243994,episode/length,500.0
243995,episode/return,982.0
243995,episode/length,500.0
243996,episode/return,987.0
243996,episode/length,500.0
243997,episode/return,530.0
243997,episode/length,500.0
243998,episode/return,976.0
243998,episode/length,500.0
243999,episode/return,984.0
243999,episode/length,500.0
247992,episode/return,953.0
247992,episode/length,500.0
247993,episode/return,945.0
247993,episode/length,500.0
247994,episode/return,973.0
247994,episode/length,500.0
247995,episode/return,973.0
247995,episode/length,500.0
247996,episode/return,972.0
247996,episode/length,500.0
247997,episode/return,984.0
247997,episode/length,500.0
247998,episode/return,941.0
247998,episode/length,500.0
247999,episode/return,982.0
247999,episode/length,500.0
250000,train/consistency_loss_mean,6.343160761462059e-05
250000,train/consistency_loss_std,1.459568132296166e-05
250000,train/continue_loss_mean,0.0
250000,train/continue_loss_std,0.0
250000,train/grad_norm_mean,0.21022560155391692
250000,train/grad_norm_std,0.25935948935181524
250000,train/policy_log_std_mean,-0.8735687566280365
250000,train/policy_log_std_std,0.5064064753027588
250000,train/policy_loss_mean,-1.7100138318061828
250000,train/policy_loss_std,0.037147920788403496
250000,train/reward_loss_mean,0.29726206467151645
250000,train/reward_loss_std,0.011370487234359862
250000,train/total_loss_mean,0.06588859180212021
250000,train/total_loss_std,0.0014109273757235464
250000,train/value_loss_mean,0.3489375187158585
250000,train/value_loss_std,0.004613167855802379
250000,train/value_scale_mean,54.11479217834473
250000,train/value_scale_std,1.1233133686766823
250000,timing/collect_chunk_s,67.99519492080435
250000,timing/train_chunk_s,20.578800283372402
250000,dense_rhs/training_bucket_horizon,3.0
250000,system/heartbeat,1.0
250000,timing/checkpoint_blocking_s,0.4043065835721791
250000,eval/return_mean,973.0999755859375
250000,eval/return_std,15.439884185791016
250000,eval/return_max,1000.0
250000,eval/return_min,944.0
250000,timing/eval_s,10.099140696693212
250000,eval/selected_horizon,3.0
250000,eval/training_bucket_horizon,3.0
250000,system/heartbeat,1.0
251992,episode/return,931.0
251992,episode/length,500.0
251993,episode/return,948.0
251993,episode/length,500.0
251994,episode/return,645.0
251994,episode/length,500.0
251995,episode/return,77.0
251995,episode/length,500.0
251996,episode/return,987.0
251996,episode/length,500.0
251997,episode/return,921.0
251997,episode/length,500.0
251998,episode/return,952.0
251998,episode/length,500.0
251999,episode/return,974.0
251999,episode/length,500.0
255992,episode/return,996.0
255992,episode/length,500.0
255993,episode/return,997.0
255993,episode/length,500.0
255994,episode/return,637.0
255994,episode/length,500.0
255995,episode/return,980.0
255995,episode/length,500.0
255996,episode/return,967.0
255996,episode/length,500.0
255997,episode/return,924.0
255997,episode/length,500.0
255998,episode/return,963.0
255998,episode/length,500.0
255999,episode/return,969.0
255999,episode/length,500.0
259992,episode/return,1000.0
259992,episode/length,500.0
259993,episode/return,984.0
259993,episode/length,500.0
259994,episode/return,964.0
259994,episode/length,500.0
259995,episode/return,969.0
259995,episode/length,500.0
259996,episode/return,984.0
259996,episode/length,500.0
259997,episode/return,933.0
259997,episode/length,500.0
259998,episode/return,980.0
259998,episode/length,500.0
259999,episode/return,977.0
259999,episode/length,500.0
260000,train/consistency_loss_mean,6.434001731977333e-05
260000,train/consistency_loss_std,1.4504856324626023e-05
260000,train/continue_loss_mean,0.0
260000,train/continue_loss_std,0.0
260000,train/grad_norm_mean,0.2179413006544113
260000,train/grad_norm_std,0.2526611776198207
260000,train/policy_log_std_mean,-0.8629019702911377
260000,train/policy_log_std_std,0.5289067221260787
260000,train/policy_loss_mean,-1.796203808784485
260000,train/policy_loss_std,0.020255358804683793
260000,train/reward_loss_mean,0.29981204047203064
260000,train/reward_loss_std,0.011194819494380191
260000,train/total_loss_mean,0.06692612583637238
260000,train/total_loss_std,0.0014088697160972497
260000,train/value_loss_mean,0.3565811968326569
260000,train/value_loss_std,0.0046720907273924365
260000,train/value_scale_mean,51.39031480712891
260000,train/value_scale_std,0.48859300624282603
260000,timing/collect_chunk_s,72.52999067725614
260000,timing/train_chunk_s,20.52884785924107
260000,dense_rhs/training_bucket_horizon,3.0
260000,system/heartbeat,1.0
263992,episode/return,466.0
263992,episode/length,500.0
263993,episode/return,942.0
263993,episode/length,500.0
263994,episode/return,978.0
263994,episode/length,500.0
263995,episode/return,935.0
263995,episode/length,500.0
263996,episode/return,838.0
263996,episode/length,500.0
263997,episode/return,979.0
263997,episode/length,500.0
263998,episode/return,970.0
263998,episode/length,500.0
263999,episode/return,987.0
263999,episode/length,500.0
267992,episode/return,763.0
267992,episode/length,500.0
267993,episode/return,986.0
267993,episode/length,500.0
267994,episode/return,943.0
267994,episode/length,500.0
267995,episode/return,1000.0
267995,episode/length,500.0
267996,episode/return,968.0
267996,episode/length,500.0
267997,episode/return,973.0
267997,episode/length,500.0
267998,episode/return,961.0
267998,episode/length,500.0
267999,episode/return,994.0
267999,episode/length,500.0
270000,train/consistency_loss_mean,6.461468800844159e-05
270000,train/consistency_loss_std,1.4256268022270451e-05
270000,train/continue_loss_mean,0.0
270000,train/continue_loss_std,0.0
270000,train/grad_norm_mean,0.19430202023983
270000,train/grad_norm_std,0.2283667726561941
270000,train/policy_log_std_mean,-0.8728040509700775
270000,train/policy_log_std_std,0.5314496644862627
270000,train/policy_loss_mean,-1.796904856109619
270000,train/policy_loss_std,0.026779492854748125
270000,train/reward_loss_mean,0.3027044920682907
270000,train/reward_loss_std,0.011123895196646806
270000,train/total_loss_mean,0.06738670251965523
270000,train/total_loss_std,0.0013816520445109899
270000,train/value_loss_mean,0.358239583325386
270000,train/value_loss_std,0.004182386591042503
270000,train/value_scale_mean,51.40898955078125
270000,train/value_scale_std,0.6813772877701095
270000,timing/collect_chunk_s,67.29577901121229
270000,timing/train_chunk_s,20.567166501190513
270000,dense_rhs/training_bucket_horizon,3.0
270000,system/heartbeat,1.0
271992,episode/return,968.0
271992,episode/length,500.0
271993,episode/return,957.0
271993,episode/length,500.0
271994,episode/return,979.0
271994,episode/length,500.0
271995,episode/return,965.0
271995,episode/length,500.0
271996,episode/return,994.0
271996,episode/length,500.0
271997,episode/return,967.0
271997,episode/length,500.0
271998,episode/return,978.0
271998,episode/length,500.0
271999,episode/return,959.0
271999,episode/length,500.0
275992,episode/return,991.0
275992,episode/length,500.0
275993,episode/return,42.0
275993,episode/length,500.0
275994,episode/return,996.0
275994,episode/length,500.0
275995,episode/return,965.0
275995,episode/length,500.0
275996,episode/return,688.0
275996,episode/length,500.0
275997,episode/return,246.0
275997,episode/length,500.0
275998,episode/return,982.0
275998,episode/length,500.0
275999,episode/return,1000.0
275999,episode/length,500.0
279992,episode/return,966.0
279992,episode/length,500.0
279993,episode/return,986.0
279993,episode/length,500.0
279994,episode/return,962.0
279994,episode/length,500.0
279995,episode/return,959.0
279995,episode/length,500.0
279996,episode/return,988.0
279996,episode/length,500.0
279997,episode/return,934.0
279997,episode/length,500.0
279998,episode/return,323.0
279998,episode/length,500.0
279999,episode/return,960.0
279999,episode/length,500.0
280000,train/consistency_loss_mean,6.392238390108105e-05
280000,train/consistency_loss_std,1.4393236076012315e-05
280000,train/continue_loss_mean,0.0
280000,train/continue_loss_std,0.0
280000,train/grad_norm_mean,0.2593568476319313
280000,train/grad_norm_std,0.3305976490115735
280000,train/policy_log_std_mean,-0.9364702070713044
280000,train/policy_log_std_std,0.5386592737212172
280000,train/policy_loss_mean,-1.8842625206947328
280000,train/policy_loss_std,0.044624352201643486
280000,train/reward_loss_mean,0.3050687516927719
280000,train/reward_loss_std,0.011119205062667876
280000,train/total_loss_mean,0.06778833952546119
280000,train/total_loss_std,0.0013911757792437458
280000,train/value_loss_mean,0.36003014855384824
280000,train/value_loss_std,0.004280056129816201
280000,train/value_scale_mean,49.10755311279297
280000,train/value_scale_std,1.1538197131560866
280000,timing/collect_chunk_s,73.4392974586226
280000,timing/train_chunk_s,20.570440548937768
280000,dense_rhs/training_bucket_horizon,3.0
280000,system/heartbeat,1.0
283992,episode/return,981.0
283992,episode/length,500.0
283993,episode/return,931.0
283993,episode/length,500.0
283994,episode/return,983.0
283994,episode/length,500.0
283995,episode/return,943.0
283995,episode/length,500.0
283996,episode/return,952.0
283996,episode/length,500.0
283997,episode/return,957.0
283997,episode/length,500.0
283998,episode/return,968.0
283998,episode/length,500.0
283999,episode/return,946.0
283999,episode/length,500.0
287992,episode/return,926.0
287992,episode/length,500.0
287993,episode/return,976.0
287993,episode/length,500.0
287994,episode/return,985.0
287994,episode/length,500.0
287995,episode/return,970.0
287995,episode/length,500.0
287996,episode/return,955.0
287996,episode/length,500.0
287997,episode/return,812.0
287997,episode/length,500.0
287998,episode/return,986.0
287998,episode/length,500.0
287999,episode/return,960.0
287999,episode/length,500.0
290000,train/consistency_loss_mean,6.382510229595936e-05
290000,train/consistency_loss_std,1.4205641485721317e-05
290000,train/continue_loss_mean,0.0
290000,train/continue_loss_std,0.0
290000,train/grad_norm_mean,0.2529459366261959
290000,train/grad_norm_std,0.2910047808352179
290000,train/policy_log_std_mean,-0.9145273943901062
290000,train/policy_log_std_std,0.5386573520231901
290000,train/policy_loss_mean,-1.8803720255851746
290000,train/policy_loss_std,0.07573721372942839
290000,train/reward_loss_mean,0.30728010380268095
290000,train/reward_loss_std,0.01107521964589998
290000,train/total_loss_mean,0.06774776757955552
290000,train/total_loss_std,0.0014364463487212854
290000,train/value_loss_mean,0.35743254175186157
290000,train/value_loss_std,0.006328021848543851
290000,train/value_scale_mean,49.382080755615235
290000,train/value_scale_std,2.091363530754676
290000,timing/collect_chunk_s,68.0481812027283
290000,timing/train_chunk_s,20.613310730084777
290000,dense_rhs/training_bucket_horizon,3.0
290000,system/heartbeat,1.0
291992,episode/return,978.0
291992,episode/length,500.0
291993,episode/return,934.0
291993,episode/length,500.0
291994,episode/return,968.0
291994,episode/length,500.0
291995,episode/return,971.0
291995,episode/length,500.0
291996,episode/return,988.0
291996,episode/length,500.0
291997,episode/return,960.0
291997,episode/length,500.0
291998,episode/return,977.0
291998,episode/length,500.0
291999,episode/return,962.0
291999,episode/length,500.0
295992,episode/return,968.0
295992,episode/length,500.0
295993,episode/return,951.0
295993,episode/length,500.0
295994,episode/return,981.0
295994,episode/length,500.0
295995,episode/return,976.0
295995,episode/length,500.0
295996,episode/return,981.0
295996,episode/length,500.0
295997,episode/return,900.0
295997,episode/length,500.0
295998,episode/return,986.0
295998,episode/length,500.0
295999,episode/return,947.0
295999,episode/length,500.0
299992,episode/return,960.0
299992,episode/length,500.0
299993,episode/return,970.0
299993,episode/length,500.0
299994,episode/return,1000.0
299994,episode/length,500.0
299995,episode/return,986.0
299995,episode/length,500.0
299996,episode/return,978.0
299996,episode/length,500.0
299997,episode/return,728.0
299997,episode/length,500.0
299998,episode/return,958.0
299998,episode/length,500.0
299999,episode/return,494.0
299999,episode/length,500.0
300000,train/consistency_loss_mean,6.316268040100113e-05
300000,train/consistency_loss_std,1.4188708426416154e-05
300000,train/continue_loss_mean,0.0
300000,train/continue_loss_std,0.0
300000,train/grad_norm_mean,0.24788107175827026
300000,train/grad_norm_std,0.29756253654350023
300000,train/policy_log_std_mean,-0.9113912217617035
300000,train/policy_log_std_std,0.5455828428626348
300000,train/policy_loss_mean,-1.8600522829055786
300000,train/policy_loss_std,0.03523419448861128
300000,train/reward_loss_mean,0.30986807687282564
300000,train/reward_loss_std,0.01116669528147325
300000,train/total_loss_mean,0.06763781631588936
300000,train/total_loss_std,0.0014079153729074886
300000,train/value_loss_mean,0.3538775359630585
300000,train/value_loss_std,0.00493639118385549
300000,train/value_scale_mean,50.03747187194824
300000,train/value_scale_std,0.910677906795799
300000,timing/collect_chunk_s,69.51671461481601
300000,timing/train_chunk_s,20.60857346188277
300000,dense_rhs/training_bucket_horizon,3.0
300000,system/heartbeat,1.0
300000,timing/checkpoint_blocking_s,0.44667054107412696
300000,eval/return_mean,831.6500244140625
300000,eval/return_std,328.7868957519531
300000,eval/return_max,1000.0
300000,eval/return_min,0.0
300000,timing/eval_s,9.441708320751786
300000,eval/selected_horizon,3.0
300000,eval/training_bucket_horizon,3.0
300000,system/heartbeat,1.0
303992,episode/return,990.0
303992,episode/length,500.0
303993,episode/return,965.0
303993,episode/length,500.0
303994,episode/return,993.0
303994,episode/length,500.0
303995,episode/return,896.0
303995,episode/length,500.0
303996,episode/return,1000.0
303996,episode/length,500.0
303997,episode/return,926.0
303997,episode/length,500.0
303998,episode/return,894.0
303998,episode/length,500.0
303999,episode/return,934.0
303999,episode/length,500.0
307992,episode/return,995.0
307992,episode/length,500.0
307993,episode/return,971.0
307993,episode/length,500.0
307994,episode/return,940.0
307994,episode/length,500.0
307995,episode/return,986.0
307995,episode/length,500.0
307996,episode/return,989.0
307996,episode/length,500.0
307997,episode/return,948.0
307997,episode/length,500.0
307998,episode/return,988.0
307998,episode/length,500.0
307999,episode/return,974.0
307999,episode/length,500.0
310000,train/consistency_loss_mean,6.423407765105367e-05
310000,train/consistency_loss_std,1.4540304287204901e-05
310000,train/continue_loss_mean,0.0
310000,train/continue_loss_std,0.0
310000,train/grad_norm_mean,0.26279266523718836
310000,train/grad_norm_std,0.29460546895040896
310000,train/policy_log_std_mean,-0.9353621411323547
310000,train/policy_log_std_std,0.512970342069037
310000,train/policy_loss_mean,-1.9781795024871827
310000,train/policy_loss_std,0.040403198382831164
310000,train/reward_loss_mean,0.31254037935733797
310000,train/reward_loss_std,0.010876327277104235
310000,train/total_loss_mean,0.06837776013016701
310000,train/total_loss_std,0.0013362833748929146
310000,train/value_loss_mean,0.358390390753746
310000,train/value_loss_std,0.003870468484805033
310000,train/value_scale_mean,47.091413565063476
310000,train/value_scale_std,0.8942269743504965
310000,timing/collect_chunk_s,74.9534500176087
310000,timing/train_chunk_s,20.59016078710556
310000,dense_rhs/training_bucket_horizon,3.0
310000,system/heartbeat,1.0
311992,episode/return,986.0
311992,episode/length,500.0
311993,episode/return,959.0
311993,episode/length,500.0
311994,episode/return,975.0
311994,episode/length,500.0
311995,episode/return,971.0
311995,episode/length,500.0
311996,episode/return,975.0
311996,episode/length,500.0
311997,episode/return,977.0
311997,episode/length,500.0
311998,episode/return,990.0
311998,episode/length,500.0
311999,episode/return,981.0
311999,episode/length,500.0
315992,episode/return,988.0
315992,episode/length,500.0
315993,episode/return,978.0
315993,episode/length,500.0
315994,episode/return,758.0
315994,episode/length,500.0
315995,episode/return,985.0
315995,episode/length,500.0
315996,episode/return,965.0
315996,episode/length,500.0
315997,episode/return,987.0
315997,episode/length,500.0
315998,episode/return,77.0
315998,episode/length,500.0
315999,episode/return,974.0
315999,episode/length,500.0
319992,episode/return,959.0
319992,episode/length,500.0
319993,episode/return,931.0
319993,episode/length,500.0
319994,episode/return,636.0
319994,episode/length,500.0
319995,episode/return,932.0
319995,episode/length,500.0
319996,episode/return,988.0
319996,episode/length,500.0
319997,episode/return,972.0
319997,episode/length,500.0
319998,episode/return,978.0
319998,episode/length,500.0
319999,episode/return,980.0
319999,episode/length,500.0
320000,train/consistency_loss_mean,6.250138471950777e-05
320000,train/consistency_loss_std,1.3767477682369284e-05
320000,train/continue_loss_mean,0.0
320000,train/continue_loss_std,0.0
320000,train/grad_norm_mean,0.2952478770494461
320000,train/grad_norm_std,0.3486996583337653
320000,train/policy_log_std_mean,-0.960138327217102
320000,train/policy_log_std_std,0.530443060825998
320000,train/policy_loss_mean,-2.046463119506836
320000,train/policy_loss_std,0.026546705397106758
320000,train/reward_loss_mean,0.31464957625865936
320000,train/reward_loss_std,0.010679785447100668
320000,train/total_loss_mean,0.06876559272408485
320000,train/total_loss_std,0.0013101335753160249
320000,train/value_loss_mean,0.36050605936050417
320000,train/value_loss_std,0.003993972265971028
320000,train/value_scale_mean,45.53361708679199
320000,train/value_scale_std,0.5601358767614998
320000,timing/collect_chunk_s,69.24427203414962
320000,timing/train_chunk_s,20.589034406933933
320000,dense_rhs/training_bucket_horizon,3.0
320000,system/heartbeat,1.0
323992,episode/return,980.0
323992,episode/length,500.0
323993,episode/return,988.0
323993,episode/length,500.0
323994,episode/return,990.0
323994,episode/length,500.0
323995,episode/return,973.0
323995,episode/length,500.0
323996,episode/return,991.0
323996,episode/length,500.0
323997,episode/return,992.0
323997,episode/length,500.0
323998,episode/return,995.0
323998,episode/length,500.0
323999,episode/return,997.0
323999,episode/length,500.0
327992,episode/return,981.0
327992,episode/length,500.0
327993,episode/return,961.0
327993,episode/length,500.0
327994,episode/return,998.0
327994,episode/length,500.0
327995,episode/return,989.0
327995,episode/length,500.0
327996,episode/return,782.0
327996,episode/length,500.0
327997,episode/return,991.0
327997,episode/length,500.0
327998,episode/return,676.0
327998,episode/length,500.0
327999,episode/return,969.0
327999,episode/length,500.0
330000,train/consistency_loss_mean,6.248060943034943e-05
330000,train/consistency_loss_std,1.4043916059994127e-05
330000,train/continue_loss_mean,0.0
330000,train/continue_loss_std,0.0
330000,train/grad_norm_mean,0.3003313907444477
330000,train/grad_norm_std,0.3431903330881947
330000,train/policy_log_std_mean,-0.9487035481452942
330000,train/policy_log_std_std,0.5454098605155475
330000,train/policy_loss_mean,-2.076768930435181
330000,train/policy_loss_std,0.028418636315420145
330000,train/reward_loss_mean,0.31662332270145416
330000,train/reward_loss_std,0.010756824426147314
330000,train/total_loss_mean,0.06924186120629311
330000,train/total_loss_std,0.001312523046423649
330000,train/value_loss_mean,0.3632991525411606
330000,train/value_loss_std,0.0037882529781087726
330000,train/value_scale_mean,44.82615019226074
330000,train/value_scale_std,0.5636024400350297
330000,timing/collect_chunk_s,66.87387516209856
330000,timing/train_chunk_s,20.5835866141133
330000,dense_rhs/training_bucket_horizon,3.0
330000,system/heartbeat,1.0
331992,episode/return,980.0
331992,episode/length,500.0
331993,episode/return,972.0
331993,episode/length,500.0
331994,episode/return,981.0
331994,episode/length,500.0
331995,episode/return,985.0
331995,episode/length,500.0
331996,episode/return,986.0
331996,episode/length,500.0
331997,episode/return,988.0
331997,episode/length,500.0
331998,episode/return,978.0
331998,episode/length,500.0
331999,episode/return,957.0
331999,episode/length,500.0
335992,episode/return,936.0
335992,episode/length,500.0
335993,episode/return,985.0
335993,episode/length,500.0
335994,episode/return,951.0
335994,episode/length,500.0
335995,episode/return,1000.0
335995,episode/length,500.0
335996,episode/return,945.0
335996,episode/length,500.0
335997,episode/return,962.0
335997,episode/length,500.0
335998,episode/return,965.0
335998,episode/length,500.0
335999,episode/return,949.0
335999,episode/length,500.0
339992,episode/return,951.0
339992,episode/length,500.0
339993,episode/return,984.0
339993,episode/length,500.0
339994,episode/return,978.0
339994,episode/length,500.0
339995,episode/return,956.0
339995,episode/length,500.0
339996,episode/return,966.0
339996,episode/length,500.0
339997,episode/return,974.0
339997,episode/length,500.0
339998,episode/return,973.0
339998,episode/length,500.0
339999,episode/return,986.0
339999,episode/length,500.0
340000,train/consistency_loss_mean,6.307979317789432e-05
340000,train/consistency_loss_std,1.38500679610401e-05
340000,train/continue_loss_mean,0.0
340000,train/continue_loss_std,0.0
340000,train/grad_norm_mean,0.28471147152781484
340000,train/grad_norm_std,0.34345801056904657
340000,train/policy_log_std_mean,-0.9449412661552429
340000,train/policy_log_std_std,0.5420571209024886
340000,train/policy_loss_mean,-2.036703551197052
340000,train/policy_loss_std,0.021430430735473384
340000,train/reward_loss_mean,0.31882738356590273
340000,train/reward_loss_std,0.01060285342628423
340000,train/total_loss_mean,0.06961285619139672
340000,train/total_loss_std,0.0013062892060105556
340000,train/value_loss_mean,0.3646852062225342
340000,train/value_loss_std,0.0038952787497158075
340000,train/value_scale_mean,45.6767416229248
340000,train/value_scale_std,0.41653390476486407
340000,timing/collect_chunk_s,74.90318236872554
340000,timing/train_chunk_s,20.569519718177617
340000,dense_rhs/training_bucket_horizon,3.0
340000,system/heartbeat,1.0
343992,episode/return,996.0
343992,episode/length,500.0
343993,episode/return,987.0
343993,episode/length,500.0
343994,episode/return,928.0
343994,episode/length,500.0
343995,episode/return,957.0
343995,episode/length,500.0
343996,episode/return,941.0
343996,episode/length,500.0
343997,episode/return,978.0
343997,episode/length,500.0
343998,episode/return,983.0
343998,episode/length,500.0
343999,episode/return,976.0
343999,episode/length,500.0
347992,episode/return,972.0
347992,episode/length,500.0
347993,episode/return,845.0
347993,episode/length,500.0
347994,episode/return,986.0
347994,episode/length,500.0
347995,episode/return,996.0
347995,episode/length,500.0
347996,episode/return,977.0
347996,episode/length,500.0
347997,episode/return,961.0
347997,episode/length,500.0
347998,episode/return,953.0
347998,episode/length,500.0
347999,episode/return,982.0
347999,episode/length,500.0
350000,train/consistency_loss_mean,6.395298279239796e-05
350000,train/consistency_loss_std,1.4213483256835115e-05
350000,train/continue_loss_mean,0.0
350000,train/continue_loss_std,0.0
350000,train/grad_norm_mean,0.2604166071951389
350000,train/grad_norm_std,0.3068218495801819
350000,train/policy_log_std_mean,-0.9388962665557862
350000,train/policy_log_std_std,0.544177023684483
350000,train/policy_loss_mean,-2.0594223279953003
350000,train/policy_loss_std,0.03198397159000199
350000,train/reward_loss_mean,0.32060312411785125
350000,train/reward_loss_std,0.01049328146773116
350000,train/total_loss_mean,0.0699325037240982
350000,train/total_loss_std,0.001310700215589437
350000,train/value_loss_mean,0.3659312974691391
350000,train/value_loss_std,0.00392938511336968
350000,train/value_scale_mean,45.17682037658692
350000,train/value_scale_std,0.6517661383511457
350000,timing/collect_chunk_s,69.69652253668755
350000,timing/train_chunk_s,20.59959851624444
350000,dense_rhs/training_bucket_horizon,3.0
350000,system/heartbeat,1.0
350000,timing/checkpoint_blocking_s,0.43542417231947184
350000,eval/return_mean,881.2999877929688
350000,eval/return_std,293.9488220214844
350000,eval/return_max,1000.0
350000,eval/return_min,0.0
350000,timing/eval_s,10.636691282968968
350000,eval/selected_horizon,3.0
350000,eval/training_bucket_horizon,3.0
350000,system/heartbeat,1.0
351992,episode/return,946.0
351992,episode/length,500.0
351993,episode/return,950.0
351993,episode/length,500.0
351994,episode/return,989.0
351994,episode/length,500.0
351995,episode/return,946.0
351995,episode/length,500.0
351996,episode/return,967.0
351996,episode/length,500.0
351997,episode/return,992.0
351997,episode/length,500.0
351998,episode/return,972.0
351998,episode/length,500.0
351999,episode/return,899.0
351999,episode/length,500.0
355992,episode/return,967.0
355992,episode/length,500.0
355993,episode/return,979.0
355993,episode/length,500.0
355994,episode/return,928.0
355994,episode/length,500.0
355995,episode/return,966.0
355995,episode/length,500.0
355996,episode/return,964.0
355996,episode/length,500.0
355997,episode/return,968.0
355997,episode/length,500.0
355998,episode/return,732.0
355998,episode/length,500.0
355999,episode/return,956.0
355999,episode/length,500.0
359992,episode/return,971.0
359992,episode/length,500.0
359993,episode/return,962.0
359993,episode/length,500.0
359994,episode/return,977.0
359994,episode/length,500.0
359995,episode/return,981.0
359995,episode/length,500.0
359996,episode/return,968.0
359996,episode/length,500.0
359997,episode/return,982.0
359997,episode/length,500.0
359998,episode/return,963.0
359998,episode/length,500.0
359999,episode/return,931.0
359999,episode/length,500.0
360000,train/consistency_loss_mean,6.477010646485724e-05
360000,train/consistency_loss_std,1.4220194566051707e-05
360000,train/continue_loss_mean,0.0
360000,train/continue_loss_std,0.0
360000,train/grad_norm_mean,0.2573755780994892
360000,train/grad_norm_std,0.31547751564339666
360000,train/policy_log_std_mean,-0.9422357419967652
360000,train/policy_log_std_std,0.5614220809479916
360000,train/policy_loss_mean,-2.103585247039795
360000,train/policy_loss_std,0.028609814875362592
360000,train/reward_loss_mean,0.3227203707933426
360000,train/reward_loss_std,0.010376128862771618
360000,train/total_loss_mean,0.07026778450012207
360000,train/total_loss_std,0.0012876945082589612
360000,train/value_loss_mean,0.36700343940258023
360000,train/value_loss_std,0.003872739371910749
360000,train/value_scale_mean,44.23804768676758
360000,train/value_scale_std,0.5605943832186018
360000,timing/collect_chunk_s,66.33303762879223
360000,timing/train_chunk_s,20.498740636277944
360000,dense_rhs/training_bucket_horizon,3.0
360000,system/heartbeat,1.0
363992,episode/return,986.0
363992,episode/length,500.0
363993,episode/return,954.0
363993,episode/length,500.0
363994,episode/return,989.0
363994,episode/length,500.0
363995,episode/return,949.0
363995,episode/length,500.0
363996,episode/return,926.0
363996,episode/length,500.0
363997,episode/return,118.0
363997,episode/length,500.0
363998,episode/return,981.0
363998,episode/length,500.0
363999,episode/return,954.0
363999,episode/length,500.0
367992,episode/return,989.0
367992,episode/length,500.0
367993,episode/return,1000.0
367993,episode/length,500.0
367994,episode/return,987.0
367994,episode/length,500.0
367995,episode/return,949.0
367995,episode/length,500.0
367996,episode/return,956.0
367996,episode/length,500.0
367997,episode/return,961.0
367997,episode/length,500.0
367998,episode/return,1000.0
367998,episode/length,500.0
367999,episode/return,922.0
367999,episode/length,500.0
370000,train/consistency_loss_mean,6.493210096086842e-05
370000,train/consistency_loss_std,1.403758126531692e-05
370000,train/continue_loss_mean,0.0
370000,train/continue_loss_std,0.0
370000,train/grad_norm_mean,0.2841241483688354
370000,train/grad_norm_std,0.30999130662649854
370000,train/policy_log_std_mean,-0.9485625801563263
370000,train/policy_log_std_std,0.5488631116366564
370000,train/policy_loss_mean,-2.092496986579895
370000,train/policy_loss_std,0.021487414413015632
370000,train/reward_loss_mean,0.32471854779720305
370000,train/reward_loss_std,0.010366107286720357
370000,train/total_loss_mean,0.07053549821972847
370000,train/total_loss_std,0.0012886255583567392
370000,train/value_loss_mean,0.3676499897956848
370000,train/value_loss_std,0.003930743915376372
370000,train/value_scale_mean,44.468797714233396
370000,train/value_scale_std,0.4119805761465006
370000,timing/collect_chunk_s,68.01359840715304
370000,timing/train_chunk_s,20.578914334066212
370000,dense_rhs/training_bucket_horizon,3.0
370000,system/heartbeat,1.0
371992,episode/return,824.0
371992,episode/length,500.0
371993,episode/return,988.0
371993,episode/length,500.0
371994,episode/return,985.0
371994,episode/length,500.0
371995,episode/return,983.0
371995,episode/length,500.0
371996,episode/return,827.0
371996,episode/length,500.0
371997,episode/return,1000.0
371997,episode/length,500.0
371998,episode/return,981.0
371998,episode/length,500.0
371999,episode/return,982.0
371999,episode/length,500.0
375992,episode/return,879.0
375992,episode/length,500.0
375993,episode/return,983.0
375993,episode/length,500.0
375994,episode/return,962.0
375994,episode/length,500.0
375995,episode/return,975.0
375995,episode/length,500.0
375996,episode/return,972.0
375996,episode/length,500.0
375997,episode/return,885.0
375997,episode/length,500.0
375998,episode/return,928.0
375998,episode/length,500.0
375999,episode/return,983.0
375999,episode/length,500.0
379992,episode/return,992.0
379992,episode/length,500.0
379993,episode/return,976.0
379993,episode/length,500.0
379994,episode/return,991.0
379994,episode/length,500.0
379995,episode/return,945.0
379995,episode/length,500.0
379996,episode/return,922.0
379996,episode/length,500.0
379997,episode/return,987.0
379997,episode/length,500.0
379998,episode/return,989.0
379998,episode/length,500.0
379999,episode/return,993.0
379999,episode/length,500.0
380000,train/consistency_loss_mean,6.505126634147018e-05
380000,train/consistency_loss_std,1.4171258827965729e-05
380000,train/continue_loss_mean,0.0
380000,train/continue_loss_std,0.0
380000,train/grad_norm_mean,0.2763507734656334
380000,train/grad_norm_std,0.3113637539117792
380000,train/policy_log_std_mean,-0.9176683561325073
380000,train/policy_log_std_std,0.5519773827860304
380000,train/policy_loss_mean,-2.1341092420578005
380000,train/policy_loss_std,0.043698187590955125
380000,train/reward_loss_mean,0.3260244864702225
380000,train/reward_loss_std,0.010168276708486615
380000,train/total_loss_mean,0.07072469137310981
380000,train/total_loss_std,0.0012762193238836238
380000,train/value_loss_mean,0.3682121619224548
380000,train/value_loss_std,0.003835904046457541
380000,train/value_scale_mean,43.639967288208005
380000,train/value_scale_std,0.8545302107064667
380000,timing/collect_chunk_s,75.34821089264005
380000,timing/train_chunk_s,20.52818117151037
380000,dense_rhs/training_bucket_horizon,3.0
380000,system/heartbeat,1.0
383992,episode/return,985.0
383992,episode/length,500.0
383993,episode/return,978.0
383993,episode/length,500.0
383994,episode/return,711.0
383994,episode/length,500.0
383995,episode/return,962.0
383995,episode/length,500.0
383996,episode/return,973.0
383996,episode/length,500.0
383997,episode/return,986.0
383997,episode/length,500.0
383998,episode/return,972.0
383998,episode/length,500.0
383999,episode/return,987.0
383999,episode/length,500.0
387992,episode/return,986.0
387992,episode/length,500.0
387993,episode/return,958.0
387993,episode/length,500.0
387994,episode/return,976.0
387994,episode/length,500.0
387995,episode/return,950.0
387995,episode/length,500.0
387996,episode/return,872.0
387996,episode/length,500.0
387997,episode/return,988.0
387997,episode/length,500.0
387998,episode/return,970.0
387998,episode/length,500.0
387999,episode/return,980.0
387999,episode/length,500.0
390000,train/consistency_loss_mean,6.518894498294685e-05
390000,train/consistency_loss_std,1.4234697546588966e-05
390000,train/continue_loss_mean,0.0
390000,train/continue_loss_std,0.0
390000,train/grad_norm_mean,0.2602450955867767
390000,train/grad_norm_std,0.30187593873143137
390000,train/policy_log_std_mean,-0.912809175491333
390000,train/policy_log_std_std,0.5562945897240253
390000,train/policy_loss_mean,-2.227526141166687
390000,train/policy_loss_std,0.04242517592309392
390000,train/reward_loss_mean,0.3276189293384552
390000,train/reward_loss_std,0.010136631442038377
390000,train/total_loss_mean,0.07103028555512428
390000,train/total_loss_std,0.0012647154586500956
390000,train/value_loss_mean,0.3696461210727692
390000,train/value_loss_std,0.003721825556332391
390000,train/value_scale_mean,41.81980454711914
390000,train/value_scale_std,0.7850743795196709
390000,timing/collect_chunk_s,68.798228204716
390000,timing/train_chunk_s,20.55204768711701
390000,dense_rhs/training_bucket_horizon,3.0
390000,system/heartbeat,1.0
391992,episode/return,1000.0
391992,episode/length,500.0
391993,episode/return,948.0
391993,episode/length,500.0
391994,episode/return,989.0
391994,episode/length,500.0
391995,episode/return,974.0
391995,episode/length,500.0
391996,episode/return,982.0
391996,episode/length,500.0
391997,episode/return,984.0
391997,episode/length,500.0
391998,episode/return,970.0
391998,episode/length,500.0
391999,episode/return,898.0
391999,episode/length,500.0
395992,episode/return,972.0
395992,episode/length,500.0
395993,episode/return,915.0
395993,episode/length,500.0
395994,episode/return,985.0
395994,episode/length,500.0
395995,episode/return,993.0
395995,episode/length,500.0
395996,episode/return,985.0
395996,episode/length,500.0
395997,episode/return,959.0
395997,episode/length,500.0
395998,episode/return,994.0
395998,episode/length,500.0
395999,episode/return,996.0
395999,episode/length,500.0
399992,episode/return,959.0
399992,episode/length,500.0
399993,episode/return,981.0
399993,episode/length,500.0
399994,episode/return,971.0
399994,episode/length,500.0
399995,episode/return,988.0
399995,episode/length,500.0
399996,episode/return,987.0
399996,episode/length,500.0
399997,episode/return,976.0
399997,episode/length,500.0
399998,episode/return,990.0
399998,episode/length,500.0
399999,episode/return,990.0
399999,episode/length,500.0
400000,train/consistency_loss_mean,6.444153393968008e-05
400000,train/consistency_loss_std,1.4282939417649878e-05
400000,train/continue_loss_mean,0.0
400000,train/continue_loss_std,0.0
400000,train/grad_norm_mean,0.24030231344103814
400000,train/grad_norm_std,0.27559559848334053
400000,train/policy_log_std_mean,-0.9111552890777588
400000,train/policy_log_std_std,0.5495318887125873
400000,train/policy_loss_mean,-2.2672977266311647
400000,train/policy_loss_std,0.025498158388780195
400000,train/reward_loss_mean,0.3288851278781891
400000,train/reward_loss_std,0.010030507977381219
400000,train/total_loss_mean,0.07136683904528618
400000,train/total_loss_std,0.0012667175779267606
400000,train/value_loss_mean,0.3718949418544769
400000,train/value_loss_std,0.0038454541954740483
400000,train/value_scale_mean,40.98824064331055
400000,train/value_scale_std,0.41537499676852724
400000,timing/collect_chunk_s,67.35372433671728
400000,timing/train_chunk_s,20.56686733243987
400000,dense_rhs/training_bucket_horizon,3.0
400000,system/heartbeat,1.0
400000,timing/checkpoint_blocking_s,0.4548501851968467
400000,eval/return_mean,931.5999755859375
400000,eval/return_std,191.78721618652344
400000,eval/return_max,1000.0
400000,eval/return_min,100.0
400000,timing/eval_s,10.170239836908877
400000,eval/selected_horizon,3.0
400000,eval/training_bucket_horizon,3.0
400000,system/heartbeat,1.0
403992,episode/return,990.0
403992,episode/length,500.0
403993,episode/return,697.0
403993,episode/length,500.0
403994,episode/return,981.0
403994,episode/length,500.0
403995,episode/return,973.0
403995,episode/length,500.0
403996,episode/return,959.0
403996,episode/length,500.0
403997,episode/return,978.0
403997,episode/length,500.0
403998,episode/return,937.0
403998,episode/length,500.0
403999,episode/return,995.0
403999,episode/length,500.0
407992,episode/return,941.0
407992,episode/length,500.0
407993,episode/return,961.0
407993,episode/length,500.0
407994,episode/return,990.0
407994,episode/length,500.0
407995,episode/return,987.0
407995,episode/length,500.0
407996,episode/return,976.0
407996,episode/length,500.0
407997,episode/return,962.0
407997,episode/length,500.0
407998,episode/return,996.0
407998,episode/length,500.0
407999,episode/return,992.0
407999,episode/length,500.0
410000,train/consistency_loss_mean,6.369440500275231e-05
410000,train/consistency_loss_std,1.4321803147249355e-05
410000,train/continue_loss_mean,0.0
410000,train/continue_loss_std,0.0
410000,train/grad_norm_mean,0.2244745582163334
410000,train/grad_norm_std,0.2674082443332529
410000,train/policy_log_std_mean,-0.9110692213535309
410000,train/policy_log_std_std,0.562293469643623
410000,train/policy_loss_mean,-2.3339076625823973
410000,train/policy_loss_std,0.03356024676715621
410000,train/reward_loss_mean,0.3307370878696442
410000,train/reward_loss_std,0.00993614096090661
410000,train/total_loss_mean,0.07175823205113412
410000,train/total_loss_std,0.0012635255912057028
410000,train/value_loss_mean,0.37410632553100587
410000,train/value_loss_std,0.0038320949629571744
410000,train/value_scale_mean,39.79614221191406
410000,train/value_scale_std,0.5390607883040005
410000,timing/collect_chunk_s,76.92116839624941
410000,timing/train_chunk_s,20.566029948648065
410000,dense_rhs/training_bucket_horizon,3.0
410000,system/heartbeat,1.0
411992,episode/return,988.0
411992,episode/length,500.0
411993,episode/return,991.0
411993,episode/length,500.0
411994,episode/return,981.0
411994,episode/length,500.0
411995,episode/return,989.0
411995,episode/length,500.0
411996,episode/return,975.0
411996,episode/length,500.0
411997,episode/return,994.0
411997,episode/length,500.0
411998,episode/return,930.0
411998,episode/length,500.0
411999,episode/return,888.0
411999,episode/length,500.0
415992,episode/return,985.0
415992,episode/length,500.0
415993,episode/return,983.0
415993,episode/length,500.0
415994,episode/return,986.0
415994,episode/length,500.0
415995,episode/return,934.0
415995,episode/length,500.0
415996,episode/return,958.0
415996,episode/length,500.0
415997,episode/return,945.0
415997,episode/length,500.0
415998,episode/return,951.0
415998,episode/length,500.0
415999,episode/return,999.0
415999,episode/length,500.0
419992,episode/return,979.0
419992,episode/length,500.0
419993,episode/return,990.0
419993,episode/length,500.0
419994,episode/return,970.0
419994,episode/length,500.0
419995,episode/return,985.0
419995,episode/length,500.0
419996,episode/return,979.0
419996,episode/length,500.0
419997,episode/return,973.0
419997,episode/length,500.0
419998,episode/return,983.0
419998,episode/length,500.0
419999,episode/return,487.0
419999,episode/length,500.0
420000,train/consistency_loss_mean,6.287713088968303e-05
420000,train/consistency_loss_std,1.4110025150174109e-05
420000,train/continue_loss_mean,0.0
420000,train/continue_loss_std,0.0
420000,train/grad_norm_mean,0.23132065376639366
420000,train/grad_norm_std,0.2790094658660702
420000,train/policy_log_std_mean,-0.9087259095191955
420000,train/policy_log_std_std,0.559419040598878
420000,train/policy_loss_mean,-2.349032433319092
420000,train/policy_loss_std,0.041568811595138096
420000,train/reward_loss_mean,0.33211670460700987
420000,train/reward_loss_std,0.009944924002505703
420000,train/total_loss_mean,0.07195378074645996
420000,train/total_loss_std,0.0012516512999004301
420000,train/value_loss_mean,0.37484565484523774
420000,train/value_loss_std,0.003639821712953373
420000,train/value_scale_mean,39.568488327026365
420000,train/value_scale_std,0.6635295437164935
420000,timing/collect_chunk_s,66.0429335241206
420000,timing/train_chunk_s,20.564287544228137
420000,dense_rhs/training_bucket_horizon,3.0
420000,system/heartbeat,1.0
423992,episode/return,982.0
423992,episode/length,500.0
423993,episode/return,901.0
423993,episode/length,500.0
423994,episode/return,972.0
423994,episode/length,500.0
423995,episode/return,981.0
423995,episode/length,500.0
423996,episode/return,965.0
423996,episode/length,500.0
423997,episode/return,573.0
423997,episode/length,500.0
423998,episode/return,996.0
423998,episode/length,500.0
423999,episode/return,974.0
423999,episode/length,500.0
427992,episode/return,964.0
427992,episode/length,500.0
427993,episode/return,963.0
427993,episode/length,500.0
427994,episode/return,947.0
427994,episode/length,500.0
427995,episode/return,973.0
427995,episode/length,500.0
427996,episode/return,961.0
427996,episode/length,500.0
427997,episode/return,936.0
427997,episode/length,500.0
427998,episode/return,978.0
427998,episode/length,500.0
427999,episode/return,436.0
427999,episode/length,500.0
430000,train/consistency_loss_mean,6.333679449744523e-05
430000,train/consistency_loss_std,1.3664526765496963e-05
430000,train/continue_loss_mean,0.0
430000,train/continue_loss_std,0.0
430000,train/grad_norm_mean,0.27875153453350066
430000,train/grad_norm_std,0.3237219965876713
430000,train/policy_log_std_mean,-0.9292020220279693
430000,train/policy_log_std_std,0.555744327713966
430000,train/policy_loss_mean,-2.346678844642639
430000,train/policy_loss_std,0.034308012319994634
430000,train/reward_loss_mean,0.33324595813751223
430000,train/reward_loss_std,0.009753919152181255
430000,train/total_loss_mean,0.07184769448041915
430000,train/total_loss_std,0.001221767170581367
430000,train/value_loss_mean,0.37256361141204836
430000,train/value_loss_std,0.003731508954613413
430000,train/value_scale_mean,39.73316946105957
430000,train/value_scale_std,0.5688523676872697
430000,timing/collect_chunk_s,69.19121943879873
430000,timing/train_chunk_s,20.59856100101024
430000,dense_rhs/training_bucket_horizon,3.0
430000,system/heartbeat,1.0
431992,episode/return,984.0
431992,episode/length,500.0
431993,episode/return,981.0
431993,episode/length,500.0
431994,episode/return,984.0
431994,episode/length,500.0
431995,episode/return,976.0
431995,episode/length,500.0
431996,episode/return,938.0
431996,episode/length,500.0
431997,episode/return,925.0
431997,episode/length,500.0
431998,episode/return,982.0
431998,episode/length,500.0
431999,episode/return,909.0
431999,episode/length,500.0
435992,episode/return,956.0
435992,episode/length,500.0
435993,episode/return,989.0
435993,episode/length,500.0
435994,episode/return,991.0
435994,episode/length,500.0
435995,episode/return,940.0
435995,episode/length,500.0
435996,episode/return,951.0
435996,episode/length,500.0
435997,episode/return,960.0
435997,episode/length,500.0
435998,episode/return,912.0
435998,episode/length,500.0
435999,episode/return,960.0
435999,episode/length,500.0
439992,episode/return,981.0
439992,episode/length,500.0
439993,episode/return,972.0
439993,episode/length,500.0
439994,episode/return,983.0
439994,episode/length,500.0
439995,episode/return,939.0
439995,episode/length,500.0
439996,episode/return,990.0
439996,episode/length,500.0
439997,episode/return,954.0
439997,episode/length,500.0
439998,episode/return,907.0
439998,episode/length,500.0
439999,episode/return,944.0
439999,episode/length,500.0
440000,train/consistency_loss_mean,6.347610966186039e-05
440000,train/consistency_loss_std,1.456107616229589e-05
440000,train/continue_loss_mean,0.0
440000,train/continue_loss_std,0.0
440000,train/grad_norm_mean,0.2622226546347141
440000,train/grad_norm_std,0.33536439803894114
440000,train/policy_log_std_mean,-0.916633068370819
440000,train/policy_log_std_std,0.567734972677877
440000,train/policy_loss_mean,-2.3222325603485108
440000,train/policy_loss_std,0.035305862041661994
440000,train/reward_loss_mean,0.33448147299289704
440000,train/reward_loss_std,0.009846614050489063
440000,train/total_loss_mean,0.07163265136480332
440000,train/total_loss_std,0.0012242615336260244
440000,train/value_loss_mean,0.36914979357719424
440000,train/value_loss_std,0.0037579357522309347
440000,train/value_scale_mean,40.26908427429199
440000,train/value_scale_std,0.5815321484293028
440000,timing/collect_chunk_s,68.12716244906187
440000,timing/train_chunk_s,20.587554965168238
440000,dense_rhs/training_bucket_horizon,3.0
440000,system/heartbeat,1.0
443992,episode/return,962.0
443992,episode/length,500.0
443993,episode/return,942.0
443993,episode/length,500.0
443994,episode/return,732.0
443994,episode/length,500.0
443995,episode/return,0.0
443995,episode/length,500.0
443996,episode/return,962.0
443996,episode/length,500.0
443997,episode/return,933.0
443997,episode/length,500.0
443998,episode/return,805.0
443998,episode/length,500.0
443999,episode/return,978.0
443999,episode/length,500.0
447992,episode/return,979.0
447992,episode/length,500.0
447993,episode/return,982.0
447993,episode/length,500.0
447994,episode/return,1000.0
447994,episode/length,500.0
447995,episode/return,976.0
447995,episode/length,500.0
447996,episode/return,942.0
447996,episode/length,500.0
447997,episode/return,975.0
447997,episode/length,500.0
447998,episode/return,983.0
447998,episode/length,500.0
447999,episode/return,974.0
447999,episode/length,500.0
450000,train/consistency_loss_mean,6.386306218919345e-05
450000,train/consistency_loss_std,1.4750673224320752e-05
450000,train/continue_loss_mean,0.0
450000,train/continue_loss_std,0.0
450000,train/grad_norm_mean,0.28109290611743926
450000,train/grad_norm_std,0.40080821063829697
450000,train/policy_log_std_mean,-0.9086736565589905
450000,train/policy_log_std_std,0.5652631330190285
450000,train/policy_loss_mean,-2.352473256111145
450000,train/policy_loss_std,0.033988555511070814
450000,train/reward_loss_mean,0.33527219648361206
450000,train/reward_loss_std,0.010038552761974146
450000,train/total_loss_mean,0.07149870761632919
450000,train/total_loss_std,0.0012358517511614063
450000,train/value_loss_mean,0.3669422498226166
450000,train/value_loss_std,0.0036633610116287465
450000,train/value_scale_mean,39.86672445678711
450000,train/value_scale_std,0.5463415547300924
450000,timing/collect_chunk_s,77.13371577812359
450000,timing/train_chunk_s,20.586731327231973
450000,dense_rhs/training_bucket_horizon,3.0
450000,system/heartbeat,1.0
450000,timing/checkpoint_blocking_s,0.45245688781142235
450000,eval/return_mean,737.7000122070312
450000,eval/return_std,408.4819641113281
450000,eval/return_max,1000.0
450000,eval/return_min,0.0
450000,timing/eval_s,10.314226124901325
450000,eval/selected_horizon,3.0
450000,eval/training_bucket_horizon,3.0
450000,system/heartbeat,1.0
451992,episode/return,979.0
451992,episode/length,500.0
451993,episode/return,997.0
451993,episode/length,500.0
451994,episode/return,454.0
451994,episode/length,500.0
451995,episode/return,997.0
451995,episode/length,500.0
451996,episode/return,969.0
451996,episode/length,500.0
451997,episode/return,981.0
451997,episode/length,500.0
451998,episode/return,1000.0
451998,episode/length,500.0
451999,episode/return,977.0
451999,episode/length,500.0
455992,episode/return,946.0
455992,episode/length,500.0
455993,episode/return,983.0
455993,episode/length,500.0
455994,episode/return,970.0
455994,episode/length,500.0
455995,episode/return,745.0
455995,episode/length,500.0
455996,episode/return,961.0
455996,episode/length,500.0
455997,episode/return,995.0
455997,episode/length,500.0
455998,episode/return,942.0
455998,episode/length,500.0
455999,episode/return,661.0
455999,episode/length,500.0
459992,episode/return,1000.0
459992,episode/length,500.0
459993,episode/return,990.0
459993,episode/length,500.0
459994,episode/return,993.0
459994,episode/length,500.0
459995,episode/return,971.0
459995,episode/length,500.0
459996,episode/return,964.0
459996,episode/length,500.0
459997,episode/return,935.0
459997,episode/length,500.0
459998,episode/return,949.0
459998,episode/length,500.0
459999,episode/return,958.0
459999,episode/length,500.0
460000,train/consistency_loss_mean,6.291822349303403e-05
460000,train/consistency_loss_std,1.4229632887156228e-05
460000,train/continue_loss_mean,0.0
460000,train/continue_loss_std,0.0
460000,train/grad_norm_mean,0.26160598052740097
460000,train/grad_norm_std,0.33513069189371275
460000,train/policy_log_std_mean,-0.9166115375995636
460000,train/policy_log_std_std,0.5616755314846545
460000,train/policy_loss_mean,-2.3398407499313354
460000,train/policy_loss_std,0.034757050924099
460000,train/reward_loss_mean,0.33576488082408906
460000,train/reward_loss_std,0.009891189753937449
460000,train/total_loss_mean,0.07143019898533821
460000,train/total_loss_std,0.0011929817527778074
460000,train/value_loss_mean,0.36595345022678377
460000,train/value_loss_std,0.0036493992402749985
460000,train/value_scale_mean,40.1458284576416
460000,train/value_scale_std,0.5686982534878541
460000,timing/collect_chunk_s,68.74763867026195
460000,timing/train_chunk_s,20.561840704642236
460000,dense_rhs/training_bucket_horizon,3.0
460000,system/heartbeat,1.0
463992,episode/return,979.0
463992,episode/length,500.0
463993,episode/return,984.0
463993,episode/length,500.0
463994,episode/return,932.0
463994,episode/length,500.0
463995,episode/return,978.0
463995,episode/length,500.0
463996,episode/return,986.0
463996,episode/length,500.0
463997,episode/return,918.0
463997,episode/length,500.0
463998,episode/return,984.0
463998,episode/length,500.0
463999,episode/return,988.0
463999,episode/length,500.0
467992,episode/return,867.0
467992,episode/length,500.0
467993,episode/return,970.0
467993,episode/length,500.0
467994,episode/return,948.0
467994,episode/length,500.0
467995,episode/return,979.0
467995,episode/length,500.0
467996,episode/return,962.0
467996,episode/length,500.0
467997,episode/return,991.0
467997,episode/length,500.0
467998,episode/return,371.0
467998,episode/length,500.0
467999,episode/return,398.0
467999,episode/length,500.0
470000,train/consistency_loss_mean,6.38196450920077e-05
470000,train/consistency_loss_std,1.4713027877889052e-05
470000,train/continue_loss_mean,0.0
470000,train/continue_loss_std,0.0
470000,train/grad_norm_mean,0.28594862095713613
470000,train/grad_norm_std,0.40213469000619256
470000,train/policy_log_std_mean,-0.9369552145957947
470000,train/policy_log_std_std,0.5543465422123927
470000,train/policy_loss_mean,-2.3803621740341185
470000,train/policy_loss_std,0.04739948618499935
470000,train/reward_loss_mean,0.33693109102249147
470000,train/reward_loss_std,0.009890494906143629
470000,train/total_loss_mean,0.07135605027079582
470000,train/total_loss_std,0.001183149420726825
470000,train/value_loss_mean,0.36386546292304994
470000,train/value_loss_std,0.0034434053277445803
470000,train/value_scale_mean,39.56754419555664
470000,train/value_scale_std,0.7588127063359505
470000,timing/collect_chunk_s,68.39329390134662
470000,timing/train_chunk_s,20.577885656617582
470000,dense_rhs/training_bucket_horizon,3.0
470000,system/heartbeat,1.0
471992,episode/return,973.0
471992,episode/length,500.0
471993,episode/return,753.0
471993,episode/length,500.0
471994,episode/return,662.0
471994,episode/length,500.0
471995,episode/return,982.0
471995,episode/length,500.0
471996,episode/return,955.0
471996,episode/length,500.0
471997,episode/return,595.0
471997,episode/length,500.0
471998,episode/return,990.0
471998,episode/length,500.0
471999,episode/return,991.0
471999,episode/length,500.0
475992,episode/return,989.0
475992,episode/length,500.0
475993,episode/return,965.0
475993,episode/length,500.0
475994,episode/return,380.0
475994,episode/length,500.0
475995,episode/return,863.0
475995,episode/length,500.0
475996,episode/return,992.0
475996,episode/length,500.0
475997,episode/return,934.0
475997,episode/length,500.0
475998,episode/return,925.0
475998,episode/length,500.0
475999,episode/return,986.0
475999,episode/length,500.0
479992,episode/return,917.0
479992,episode/length,500.0
479993,episode/return,921.0
479993,episode/length,500.0
479994,episode/return,995.0
479994,episode/length,500.0
479995,episode/return,943.0
479995,episode/length,500.0
479996,episode/return,978.0
479996,episode/length,500.0
479997,episode/return,898.0
479997,episode/length,500.0
479998,episode/return,954.0
479998,episode/length,500.0
479999,episode/return,956.0
479999,episode/length,500.0
480000,train/consistency_loss_mean,6.49602178222267e-05
480000,train/consistency_loss_std,1.4757073652551275e-05
480000,train/continue_loss_mean,0.0
480000,train/continue_loss_std,0.0
480000,train/grad_norm_mean,0.3081115424990654
480000,train/grad_norm_std,0.4261823424613653
480000,train/policy_log_std_mean,-0.9443692217826843
480000,train/policy_log_std_std,0.5576253319139357
480000,train/policy_loss_mean,-2.4519013269424437
480000,train/policy_loss_std,0.03324718084035783
480000,train/reward_loss_mean,0.3373886406421661
480000,train/reward_loss_std,0.009785658307052645
480000,train/total_loss_mean,0.07158404020667077
480000,train/total_loss_std,0.0011797186111328632
480000,train/value_loss_mean,0.36545970454216004
480000,train/value_loss_std,0.0035023004263521396
480000,train/value_scale_mean,38.39556205749512
480000,train/value_scale_std,0.4796019182390742
480000,timing/collect_chunk_s,68.09129712823778
480000,timing/train_chunk_s,20.54633432161063
480000,dense_rhs/training_bucket_horizon,3.0
480000,system/heartbeat,1.0
483992,episode/return,929.0
483992,episode/length,500.0
483993,episode/return,945.0
483993,episode/length,500.0
483994,episode/return,986.0
483994,episode/length,500.0
483995,episode/return,967.0
483995,episode/length,500.0
483996,episode/return,919.0
483996,episode/length,500.0
483997,episode/return,979.0
483997,episode/length,500.0
483998,episode/return,949.0
483998,episode/length,500.0
483999,episode/return,961.0
483999,episode/length,500.0
487992,episode/return,986.0
487992,episode/length,500.0
487993,episode/return,981.0
487993,episode/length,500.0
487994,episode/return,986.0
487994,episode/length,500.0
487995,episode/return,372.0
487995,episode/length,500.0
487996,episode/return,985.0
487996,episode/length,500.0
487997,episode/return,983.0
487997,episode/length,500.0
487998,episode/return,953.0
487998,episode/length,500.0
487999,episode/return,975.0
487999,episode/length,500.0
490000,train/consistency_loss_mean,6.557169393927324e-05
490000,train/consistency_loss_std,1.4874550727297459e-05
490000,train/continue_loss_mean,0.0
490000,train/continue_loss_std,0.0
490000,train/grad_norm_mean,0.3041925844848156
490000,train/grad_norm_std,0.3867166213233594
490000,train/policy_log_std_mean,-0.9989741056919098
490000,train/policy_log_std_std,0.5586299682114694
490000,train/policy_loss_mean,-2.4657649709701537
490000,train/policy_loss_std,0.036391898771241236
490000,train/reward_loss_mean,0.3384199231147766
490000,train/reward_loss_std,0.009663273136066937
490000,train/total_loss_mean,0.07133679429888726
490000,train/total_loss_std,0.0011828437426182037
490000,train/value_loss_mean,0.36183367054462434
490000,train/value_loss_std,0.004044879487145145
490000,train/value_scale_mean,38.27000484008789
490000,train/value_scale_std,0.5506901286332218
490000,timing/collect_chunk_s,77.39752494776621
490000,timing/train_chunk_s,20.589812214951962
490000,dense_rhs/training_bucket_horizon,3.0
490000,system/heartbeat,1.0
491992,episode/return,971.0
491992,episode/length,500.0
491993,episode/return,938.0
491993,episode/length,500.0
491994,episode/return,945.0
491994,episode/length,500.0
491995,episode/return,988.0
491995,episode/length,500.0
491996,episode/return,911.0
491996,episode/length,500.0
491997,episode/return,963.0
491997,episode/length,500.0
491998,episode/return,961.0
491998,episode/length,500.0
491999,episode/return,995.0
491999,episode/length,500.0
495992,episode/return,853.0
495992,episode/length,500.0
495993,episode/return,966.0
495993,episode/length,500.0
495994,episode/return,979.0
495994,episode/length,500.0
495995,episode/return,942.0
495995,episode/length,500.0
495996,episode/return,986.0
495996,episode/length,500.0
495997,episode/return,1000.0
495997,episode/length,500.0
495998,episode/return,984.0
495998,episode/length,500.0
495999,episode/return,989.0
495999,episode/length,500.0
499992,episode/return,974.0
499992,episode/length,500.0
499993,episode/return,940.0
499993,episode/length,500.0
499994,episode/return,916.0
499994,episode/length,500.0
499995,episode/return,976.0
499995,episode/length,500.0
499996,episode/return,976.0
499996,episode/length,500.0
499997,episode/return,963.0
499997,episode/length,500.0
499998,episode/return,926.0
499998,episode/length,500.0
499999,episode/return,982.0
499999,episode/length,500.0
500000,train/consistency_loss_mean,6.598429142613896e-05
500000,train/consistency_loss_std,1.5102295284793377e-05
500000,train/continue_loss_mean,0.0
500000,train/continue_loss_std,0.0
500000,train/grad_norm_mean,0.2831972945690155
500000,train/grad_norm_std,0.3478304646990506
500000,train/policy_log_std_mean,-0.9863419457435608
500000,train/policy_log_std_std,0.5501608396374505
500000,train/policy_loss_mean,-2.5037262943267824
500000,train/policy_loss_std,0.028247985493605316
500000,train/reward_loss_mean,0.33909710648059843
500000,train/reward_loss_std,0.009605970822442089
500000,train/total_loss_mean,0.07108673938512802
500000,train/total_loss_std,0.0011337145498150944
500000,train/value_loss_mean,0.35857341122627256
500000,train/value_loss_std,0.003471028207775518
500000,train/value_scale_mean,37.8228588470459
500000,train/value_scale_std,0.3980430691258664
500000,timing/collect_chunk_s,68.34210950275883
500000,timing/train_chunk_s,20.57801366271451
500000,dense_rhs/training_bucket_horizon,3.0
500000,system/heartbeat,1.0
500000,timing/checkpoint_blocking_s,0.4409277499653399
500000,eval/return_mean,884.5999755859375
500000,eval/return_std,267.002685546875
500000,eval/return_max,1000.0
500000,eval/return_min,0.0
500000,timing/eval_s,10.079640669748187
500000,eval/selected_horizon,3.0
500000,eval/training_bucket_horizon,3.0
500000,system/heartbeat,1.0
