step,tag,value
3992,episode/return,2.0603766441345215
3992,episode/length,500.0
3993,episode/return,0.6038540601730347
3993,episode/length,500.0
3994,episode/return,32.15848922729492
3994,episode/length,500.0
3995,episode/return,0.12406647205352783
3995,episode/length,500.0
3996,episode/return,0.08792055398225784
3996,episode/length,500.0
3997,episode/return,14.035365104675293
3997,episode/length,500.0
3998,episode/return,1.8233230036912573e-07
3998,episode/length,500.0
3999,episode/return,1.7571563995510964e-11
3999,episode/length,500.0
4000,seed_pretrain/updates_completed,512.0
4000,timing/collect_chunk_s,47.75640544621274
4000,timing/train_chunk_s,249.2461960511282
4000,system/heartbeat,1.0
4000,seed_pretrain/updates_completed,1024.0
4000,timing/collect_chunk_s,47.75640544621274
4000,timing/train_chunk_s,250.3683781553991
4000,system/heartbeat,1.0
4000,seed_pretrain/updates_completed,1536.0
4000,timing/collect_chunk_s,47.75640544621274
4000,timing/train_chunk_s,251.4869147548452
4000,system/heartbeat,1.0
4000,seed_pretrain/updates_completed,2048.0
4000,timing/collect_chunk_s,47.75640544621274
4000,timing/train_chunk_s,252.6049906690605
4000,system/heartbeat,1.0
4000,seed_pretrain/updates_completed,2560.0
4000,timing/collect_chunk_s,47.75640544621274
4000,timing/train_chunk_s,253.72226977301762
4000,system/heartbeat,1.0
4000,seed_pretrain/updates_completed,3072.0
4000,timing/collect_chunk_s,47.75640544621274
4000,timing/train_chunk_s,254.83866410702467
4000,system/heartbeat,1.0
4000,seed_pretrain/updates_completed,3584.0
4000,timing/collect_chunk_s,47.75640544621274
4000,timing/train_chunk_s,255.9562512873672
4000,system/heartbeat,1.0
7992,episode/return,0.14338769018650055
7992,episode/length,500.0
7993,episode/return,29.224843978881836
7993,episode/length,500.0
7994,episode/return,0.08331417292356491
7994,episode/length,500.0
7995,episode/return,70.43195343017578
7995,episode/length,500.0
7996,episode/return,90.35983276367188
7996,episode/length,500.0
7997,episode/return,0.0692482441663742
7997,episode/length,500.0
7998,episode/return,1.220145583152771
7998,episode/length,500.0
7999,episode/return,5.927962303161621
7999,episode/length,500.0
10000,train/consistency_loss_mean,7.604707965510898e-05
10000,train/consistency_loss_std,0.000311528103692068
10000,train/continue_loss_mean,0.0
10000,train/continue_loss_std,0.0
10000,train/grad_norm_mean,0.28804337458610535
10000,train/grad_norm_std,0.24727430105036632
10000,train/policy_log_std_mean,-0.3884333736151457
10000,train/policy_log_std_std,0.6304283870075406
10000,train/policy_loss_mean,-0.10477531471848488
10000,train/policy_loss_std,0.052435569217416246
10000,train/reward_loss_mean,0.02433283530175686
10000,train/reward_loss_std,0.08744726205163113
10000,train/total_loss_mean,0.031102155715227127
10000,train/total_loss_std,0.02211720960229332
10000,train/value_loss_mean,0.27147929708957674
10000,train/value_loss_std,0.07644501918009722
10000,train/value_scale_mean,2.649741091156006
10000,train/value_scale_std,1.8434954316315608
10000,timing/collect_chunk_s,226.79450499871746
10000,timing/train_chunk_s,318.1347850332968
10000,dense_rhs/training_bucket_horizon,3.0
10000,system/heartbeat,1.0
11992,episode/return,39.019832611083984
11992,episode/length,500.0
11993,episode/return,3.567051649093628
11993,episode/length,500.0
11994,episode/return,19.770915985107422
11994,episode/length,500.0
11995,episode/return,15.706473350524902
11995,episode/length,500.0
11996,episode/return,0.9982993006706238
11996,episode/length,500.0
11997,episode/return,1.3784055709838867
11997,episode/length,500.0
11998,episode/return,0.3017878532409668
11998,episode/length,500.0
11999,episode/return,21.97639274597168
11999,episode/length,500.0
15992,episode/return,22.546566009521484
15992,episode/length,500.0
15993,episode/return,55.2392463684082
15993,episode/length,500.0
15994,episode/return,30.077699661254883
15994,episode/length,500.0
15995,episode/return,0.07937923073768616
15995,episode/length,500.0
15996,episode/return,37.615562438964844
15996,episode/length,500.0
15997,episode/return,12.074602127075195
15997,episode/length,500.0
15998,episode/return,51.64179611206055
15998,episode/length,500.0
15999,episode/return,48.281349182128906
15999,episode/length,500.0
19992,episode/return,174.87193298339844
19992,episode/length,500.0
19993,episode/return,78.68623352050781
19993,episode/length,500.0
19994,episode/return,4.597278118133545
19994,episode/length,500.0
19995,episode/return,38.54640579223633
19995,episode/length,500.0
19996,episode/return,35.45433807373047
19996,episode/length,500.0
19997,episode/return,48.671321868896484
19997,episode/length,500.0
19998,episode/return,38.50090026855469
19998,episode/length,500.0
19999,episode/return,191.2353515625
19999,episode/length,500.0
20000,train/consistency_loss_mean,5.661966601619497e-05
20000,train/consistency_loss_std,1.2105810712281407e-05
20000,train/continue_loss_mean,0.0
20000,train/continue_loss_std,0.0
20000,train/grad_norm_mean,0.7840888842105865
20000,train/grad_norm_std,0.34568014523650764
20000,train/policy_log_std_mean,-0.5663284947633743
20000,train/policy_log_std_std,0.43285972303520986
20000,train/policy_loss_mean,-0.1263393544256687
20000,train/policy_loss_std,0.02035322362066363
20000,train/reward_loss_mean,0.037754711505770686
20000,train/reward_loss_std,0.009074884493006842
20000,train/total_loss_mean,0.032249690079689024
20000,train/total_loss_std,0.0021319990531813247
20000,train/value_loss_mean,0.273418248462677
20000,train/value_loss_std,0.018488015795780008
20000,train/value_scale_mean,7.674604644012451
20000,train/value_scale_std,1.668743671642664
20000,timing/collect_chunk_s,58.214542265515774
20000,timing/train_chunk_s,21.279518932569772
20000,dense_rhs/training_bucket_horizon,3.0
20000,system/heartbeat,1.0
23992,episode/return,138.0291748046875
23992,episode/length,500.0
23993,episode/return,207.52310180664062
23993,episode/length,500.0
23994,episode/return,162.53575134277344
23994,episode/length,500.0
23995,episode/return,57.02394104003906
23995,episode/length,500.0
23996,episode/return,33.3515739440918
23996,episode/length,500.0
23997,episode/return,135.49307250976562
23997,episode/length,500.0
23998,episode/return,26.37273406982422
23998,episode/length,500.0
23999,episode/return,149.31529235839844
23999,episode/length,500.0
27992,episode/return,38.790672302246094
27992,episode/length,500.0
27993,episode/return,96.77728271484375
27993,episode/length,500.0
27994,episode/return,54.49390411376953
27994,episode/length,500.0
27995,episode/return,133.27244567871094
27995,episode/length,500.0
27996,episode/return,151.01022338867188
27996,episode/length,500.0
27997,episode/return,80.04654693603516
27997,episode/length,500.0
27998,episode/return,24.137636184692383
27998,episode/length,500.0
27999,episode/return,177.7681884765625
27999,episode/length,500.0
30000,train/consistency_loss_mean,5.083169431018177e-05
30000,train/consistency_loss_std,9.65300219500629e-06
30000,train/continue_loss_mean,0.0
30000,train/continue_loss_std,0.0
30000,train/grad_norm_mean,1.0663208077430726
30000,train/grad_norm_std,0.5223301958160683
30000,train/policy_log_std_mean,-0.5960918140172958
30000,train/policy_log_std_std,0.4098268290224377
30000,train/policy_loss_mean,-0.11056074025034905
30000,train/policy_loss_std,0.014755486797742762
30000,train/reward_loss_mean,0.06054901236593723
30000,train/reward_loss_std,0.009119841024872843
30000,train/total_loss_mean,0.03641766726970672
30000,train/total_loss_std,0.0026491487177909097
30000,train/value_loss_mean,0.29346131277084353
30000,train/value_loss_std,0.021290460077327704
30000,train/value_scale_mean,19.882511148071288
30000,train/value_scale_std,5.16592224053542
30000,timing/collect_chunk_s,57.4868752900511
30000,timing/train_chunk_s,21.268773413728923
30000,dense_rhs/training_bucket_horizon,3.0
30000,system/heartbeat,1.0
31992,episode/return,78.363525390625
31992,episode/length,500.0
31993,episode/return,151.69032287597656
31993,episode/length,500.0
31994,episode/return,10.371698379516602
31994,episode/length,500.0
31995,episode/return,251.6752166748047
31995,episode/length,500.0
31996,episode/return,23.581045150756836
31996,episode/length,500.0
31997,episode/return,294.9649963378906
31997,episode/length,500.0
31998,episode/return,173.85826110839844
31998,episode/length,500.0
31999,episode/return,151.6690673828125
31999,episode/length,500.0
35992,episode/return,164.9520263671875
35992,episode/length,500.0
35993,episode/return,234.6620635986328
35993,episode/length,500.0
35994,episode/return,196.95166015625
35994,episode/length,500.0
35995,episode/return,160.1283721923828
35995,episode/length,500.0
35996,episode/return,463.2825622558594
35996,episode/length,500.0
35997,episode/return,119.13422393798828
35997,episode/length,500.0
35998,episode/return,159.56192016601562
35998,episode/length,500.0
35999,episode/return,398.73394775390625
35999,episode/length,500.0
39992,episode/return,163.77708435058594
39992,episode/length,500.0
39993,episode/return,241.30477905273438
39993,episode/length,500.0
39994,episode/return,202.45944213867188
39994,episode/length,500.0
39995,episode/return,190.06700134277344
39995,episode/length,500.0
39996,episode/return,285.4857177734375
39996,episode/length,500.0
39997,episode/return,125.28141021728516
39997,episode/length,500.0
39998,episode/return,194.36953735351562
39998,episode/length,500.0
39999,episode/return,6.378523826599121
39999,episode/length,500.0
40000,train/consistency_loss_mean,4.98814373917412e-05
40000,train/consistency_loss_std,1.1552178651966114e-05
40000,train/continue_loss_mean,0.0
40000,train/continue_loss_std,0.0
40000,train/grad_norm_mean,1.2609329916000367
40000,train/grad_norm_std,0.6110899491338948
40000,train/policy_log_std_mean,-0.6462278220653533
40000,train/policy_log_std_std,0.4092636099772169
40000,train/policy_loss_mean,-0.11188298702836037
40000,train/policy_loss_std,0.01153121774783287
40000,train/reward_loss_mean,0.07687903074026108
40000,train/reward_loss_std,0.009648528682178444
40000,train/total_loss_mean,0.03997482615411282
40000,train/total_loss_std,0.0027893873477050565
40000,train/value_loss_mean,0.3128929327964783
40000,train/value_loss_std,0.023100116928194248
40000,train/value_scale_mean,40.46519594421387
40000,train/value_scale_std,7.302507449358754
40000,timing/collect_chunk_s,58.541240490972996
40000,timing/train_chunk_s,21.281596303917468
40000,dense_rhs/training_bucket_horizon,3.0
40000,system/heartbeat,1.0
43992,episode/return,365.99139404296875
43992,episode/length,500.0
43993,episode/return,0.07145866751670837
43993,episode/length,500.0
43994,episode/return,169.4960479736328
43994,episode/length,500.0
43995,episode/return,207.09674072265625
43995,episode/length,500.0
43996,episode/return,392.730712890625
43996,episode/length,500.0
43997,episode/return,400.866455078125
43997,episode/length,500.0
43998,episode/return,391.2062072753906
43998,episode/length,500.0
43999,episode/return,290.38909912109375
43999,episode/length,500.0
47992,episode/return,329.0184326171875
47992,episode/length,500.0
47993,episode/return,290.8556823730469
47993,episode/length,500.0
47994,episode/return,26.466678619384766
47994,episode/length,500.0
47995,episode/return,320.8448791503906
47995,episode/length,500.0
47996,episode/return,232.10977172851562
47996,episode/length,500.0
47997,episode/return,318.678466796875
47997,episode/length,500.0
47998,episode/return,419.1963806152344
47998,episode/length,500.0
47999,episode/return,301.9251403808594
47999,episode/length,500.0
50000,train/consistency_loss_mean,4.577193360310048e-05
50000,train/consistency_loss_std,1.0859114268250453e-05
50000,train/continue_loss_mean,0.0
50000,train/continue_loss_std,0.0
50000,train/grad_norm_mean,1.283074074935913
50000,train/grad_norm_std,0.5878945587340186
50000,train/policy_log_std_mean,-0.733900533914566
50000,train/policy_log_std_std,0.44503846598786384
50000,train/policy_loss_mean,-0.12900029057264328
50000,train/policy_loss_std,0.012946814675121333
50000,train/reward_loss_mean,0.0926135028898716
50000,train/reward_loss_std,0.00993330060562522
50000,train/total_loss_mean,0.04190067295730114
50000,train/total_loss_std,0.002592619134505621
50000,train/value_loss_mean,0.31723882801532743
50000,train/value_loss_std,0.022613106724233535
50000,train/value_scale_mean,65.45064924316407
50000,train/value_scale_std,6.884349351395354
50000,timing/collect_chunk_s,57.66664958046749
50000,timing/train_chunk_s,21.316366023384035
50000,dense_rhs/training_bucket_horizon,3.0
50000,system/heartbeat,1.0
50000,timing/checkpoint_blocking_s,0.36929364828392863
50000,eval/return_mean,305.08294677734375
50000,eval/return_std,137.3011474609375
50000,eval/return_max,485.9255676269531
50000,eval/return_min,16.476627349853516
50000,timing/eval_s,93.3261967888102
50000,eval/selected_horizon,3.0
50000,eval/training_bucket_horizon,3.0
50000,system/heartbeat,1.0
51992,episode/return,146.47596740722656
51992,episode/length,500.0
51993,episode/return,313.20391845703125
51993,episode/length,500.0
51994,episode/return,307.8155517578125
51994,episode/length,500.0
51995,episode/return,211.2533721923828
51995,episode/length,500.0
51996,episode/return,180.82998657226562
51996,episode/length,500.0
51997,episode/return,302.2796630859375
51997,episode/length,500.0
51998,episode/return,238.02394104003906
51998,episode/length,500.0
51999,episode/return,309.32354736328125
51999,episode/length,500.0
55992,episode/return,465.2856140136719
55992,episode/length,500.0
55993,episode/return,228.2718505859375
55993,episode/length,500.0
55994,episode/return,165.435546875
55994,episode/length,500.0
55995,episode/return,168.3320770263672
55995,episode/length,500.0
55996,episode/return,461.02288818359375
55996,episode/length,500.0
55997,episode/return,464.8064270019531
55997,episode/length,500.0
55998,episode/return,276.594482421875
55998,episode/length,500.0
55999,episode/return,370.4084167480469
55999,episode/length,500.0
59992,episode/return,395.8450622558594
59992,episode/length,500.0
59993,episode/return,113.85629272460938
59993,episode/length,500.0
59994,episode/return,443.88397216796875
59994,episode/length,500.0
59995,episode/return,477.7919921875
59995,episode/length,500.0
59996,episode/return,67.03785705566406
59996,episode/length,500.0
59997,episode/return,302.4231262207031
59997,episode/length,500.0
59998,episode/return,147.23988342285156
59998,episode/length,500.0
59999,episode/return,329.4356689453125
59999,episode/length,500.0
60000,train/consistency_loss_mean,4.2170710521168076e-05
60000,train/consistency_loss_std,9.149991199826544e-06
60000,train/continue_loss_mean,0.0
60000,train/continue_loss_std,0.0
60000,train/grad_norm_mean,1.1816979221820831
60000,train/grad_norm_std,0.5387285419506316
60000,train/policy_log_std_mean,-0.8102309975147247
60000,train/policy_log_std_std,0.48320457845274933
60000,train/policy_loss_mean,-0.15340079736709594
60000,train/policy_loss_std,0.012303337761115515
60000,train/reward_loss_mean,0.10510819067955017
60000,train/reward_loss_std,0.010019008310344135
60000,train/total_loss_mean,0.04245628017783165
60000,train/total_loss_std,0.002376703784731619
60000,train/value_loss_mean,0.31102045862674715
60000,train/value_loss_std,0.0203650764044411
60000,train/value_scale_mean,89.02972919921875
60000,train/value_scale_std,5.666938999144685
60000,timing/collect_chunk_s,57.768528706394136
60000,timing/train_chunk_s,20.692469651345164
60000,dense_rhs/training_bucket_horizon,3.0
60000,system/heartbeat,1.0
63992,episode/return,343.6973571777344
63992,episode/length,500.0
63993,episode/return,587.9484252929688
63993,episode/length,500.0
63994,episode/return,149.06283569335938
63994,episode/length,500.0
63995,episode/return,139.03836059570312
63995,episode/length,500.0
63996,episode/return,164.85888671875
63996,episode/length,500.0
63997,episode/return,333.1092529296875
63997,episode/length,500.0
63998,episode/return,581.9630126953125
63998,episode/length,500.0
63999,episode/return,17.432804107666016
63999,episode/length,500.0
67992,episode/return,108.1119155883789
67992,episode/length,500.0
67993,episode/return,574.4534912109375
67993,episode/length,500.0
67994,episode/return,570.6756591796875
67994,episode/length,500.0
67995,episode/return,386.7251281738281
67995,episode/length,500.0
67996,episode/return,401.08807373046875
67996,episode/length,500.0
67997,episode/return,275.2912902832031
67997,episode/length,500.0
67998,episode/return,281.921875
67998,episode/length,500.0
67999,episode/return,141.41204833984375
67999,episode/length,500.0
70000,train/consistency_loss_mean,3.876794745738152e-05
70000,train/consistency_loss_std,9.30759005598463e-06
70000,train/continue_loss_mean,0.0
70000,train/continue_loss_std,0.0
70000,train/grad_norm_mean,1.0569746407985687
70000,train/grad_norm_std,0.4806124126302711
70000,train/policy_log_std_mean,-0.8621436707496644
70000,train/policy_log_std_std,0.5259567734823
70000,train/policy_loss_mean,-0.16764981899261475
70000,train/policy_loss_std,0.010899013646611064
70000,train/reward_loss_mean,0.11410755120515824
70000,train/reward_loss_std,0.009996118762848956
70000,train/total_loss_mean,0.04289621661901474
70000,train/total_loss_std,0.002226192888352511
70000,train/value_loss_mean,0.3071010202407837
70000,train/value_loss_std,0.019275788474093253
70000,train/value_scale_mean,108.90978845825195
70000,train/value_scale_std,5.163114507379157
70000,timing/collect_chunk_s,57.88011241797358
70000,timing/train_chunk_s,20.658705874346197
70000,dense_rhs/training_bucket_horizon,3.0
70000,system/heartbeat,1.0
71992,episode/return,518.9989624023438
71992,episode/length,500.0
71993,episode/return,67.16015625
71993,episode/length,500.0
71994,episode/return,488.7655944824219
71994,episode/length,500.0
71995,episode/return,413.7286376953125
71995,episode/length,500.0
71996,episode/return,495.4178466796875
71996,episode/length,500.0
71997,episode/return,179.17311096191406
71997,episode/length,500.0
71998,episode/return,498.05224609375
71998,episode/length,500.0
71999,episode/return,411.7878723144531
71999,episode/length,500.0
75992,episode/return,209.7410888671875
75992,episode/length,500.0
75993,episode/return,270.322509765625
75993,episode/length,500.0
75994,episode/return,471.7768249511719
75994,episode/length,500.0
75995,episode/return,525.8738403320312
75995,episode/length,500.0
75996,episode/return,334.61456298828125
75996,episode/length,500.0
75997,episode/return,536.6200561523438
75997,episode/length,500.0
75998,episode/return,503.7022399902344
75998,episode/length,500.0
75999,episode/return,522.5090942382812
75999,episode/length,500.0
79992,episode/return,339.5754089355469
79992,episode/length,500.0
79993,episode/return,262.28662109375
79993,episode/length,500.0
79994,episode/return,464.6481628417969
79994,episode/length,500.0
79995,episode/return,279.89739990234375
79995,episode/length,500.0
79996,episode/return,461.2378234863281
79996,episode/length,500.0
79997,episode/return,236.06976318359375
79997,episode/length,500.0
79998,episode/return,213.03005981445312
79998,episode/length,500.0
79999,episode/return,349.35650634765625
79999,episode/length,500.0
80000,train/consistency_loss_mean,3.627595961588668e-05
80000,train/consistency_loss_std,1.0098142380385028e-05
80000,train/continue_loss_mean,0.0
80000,train/continue_loss_std,0.0
80000,train/grad_norm_mean,1.0204149857997895
80000,train/grad_norm_std,0.4767328551493277
80000,train/policy_log_std_mean,-0.8856819951057434
80000,train/policy_log_std_std,0.5154617122137436
80000,train/policy_loss_mean,-0.18650478831529618
80000,train/policy_loss_std,0.011552266137463624
80000,train/reward_loss_mean,0.12418579612970353
80000,train/reward_loss_std,0.010362740911201046
80000,train/total_loss_mean,0.044068044883012775
80000,train/total_loss_std,0.0023907162484946803
80000,train/value_loss_mean,0.30923945322036744
80000,train/value_loss_std,0.0202685734250248
80000,train/value_scale_mean,122.15328595581055
80000,train/value_scale_std,3.090573072542861
80000,timing/collect_chunk_s,57.68337874673307
80000,timing/train_chunk_s,20.645988690201193
80000,dense_rhs/training_bucket_horizon,3.0
80000,system/heartbeat,1.0
83992,episode/return,154.9962921142578
83992,episode/length,500.0
83993,episode/return,582.55859375
83993,episode/length,500.0
83994,episode/return,190.49850463867188
83994,episode/length,500.0
83995,episode/return,572.8319091796875
83995,episode/length,500.0
83996,episode/return,394.0800476074219
83996,episode/length,500.0
83997,episode/return,254.228759765625
83997,episode/length,500.0
83998,episode/return,505.91461181640625
83998,episode/length,500.0
83999,episode/return,582.7249145507812
83999,episode/length,500.0
87992,episode/return,467.0006103515625
87992,episode/length,500.0
87993,episode/return,210.40399169921875
87993,episode/length,500.0
87994,episode/return,428.4651794433594
87994,episode/length,500.0
87995,episode/return,473.17254638671875
87995,episode/length,500.0
87996,episode/return,377.591064453125
87996,episode/length,500.0
87997,episode/return,438.7980651855469
87997,episode/length,500.0
87998,episode/return,259.2205810546875
87998,episode/length,500.0
87999,episode/return,492.76800537109375
87999,episode/length,500.0
90000,train/consistency_loss_mean,3.506742483732523e-05
90000,train/consistency_loss_std,1.703899691262324e-05
90000,train/continue_loss_mean,0.0
90000,train/continue_loss_std,0.0
90000,train/grad_norm_mean,0.9417735797405243
90000,train/grad_norm_std,0.43187296227109634
90000,train/policy_log_std_mean,-0.8696161034584046
90000,train/policy_log_std_std,0.46422292449263863
90000,train/policy_loss_mean,-0.19634658496379853
90000,train/policy_loss_std,0.010623543926031107
90000,train/reward_loss_mean,0.13180279089212418
90000,train/reward_loss_std,0.010241014942294483
90000,train/total_loss_mean,0.04432219042778015
90000,train/total_loss_std,0.0028611492423506134
90000,train/value_loss_mean,0.30440562033653257
90000,train/value_loss_std,0.02409404629353051
90000,train/value_scale_mean,133.54973243408202
90000,train/value_scale_std,2.957215154939268
90000,timing/collect_chunk_s,58.07496834406629
90000,timing/train_chunk_s,20.651424140203744
90000,dense_rhs/training_bucket_horizon,3.0
90000,system/heartbeat,1.0
91992,episode/return,441.44927978515625
91992,episode/length,500.0
91993,episode/return,262.55621337890625
91993,episode/length,500.0
91994,episode/return,537.5750732421875
91994,episode/length,500.0
91995,episode/return,536.3779296875
91995,episode/length,500.0
91996,episode/return,392.8232116699219
91996,episode/length,500.0
91997,episode/return,342.9040832519531
91997,episode/length,500.0
91998,episode/return,315.9375
91998,episode/length,500.0
91999,episode/return,259.6637878417969
91999,episode/length,500.0
95992,episode/return,491.15460205078125
95992,episode/length,500.0
95993,episode/return,380.3051452636719
95993,episode/length,500.0
95994,episode/return,297.80078125
95994,episode/length,500.0
95995,episode/return,284.21380615234375
95995,episode/length,500.0
95996,episode/return,237.72308349609375
95996,episode/length,500.0
95997,episode/return,255.63790893554688
95997,episode/length,500.0
95998,episode/return,283.68658447265625
95998,episode/length,500.0
95999,episode/return,517.104248046875
95999,episode/length,500.0
99992,episode/return,466.3299865722656
99992,episode/length,500.0
99993,episode/return,537.8898315429688
99993,episode/length,500.0
99994,episode/return,122.53901672363281
99994,episode/length,500.0
99995,episode/return,411.03369140625
99995,episode/length,500.0
99996,episode/return,269.71441650390625
99996,episode/length,500.0
99997,episode/return,260.4702453613281
99997,episode/length,500.0
99998,episode/return,451.44439697265625
99998,episode/length,500.0
99999,episode/return,328.3395690917969
99999,episode/length,500.0
100000,train/consistency_loss_mean,3.118974090029951e-05
100000,train/consistency_loss_std,9.368115277006429e-06
100000,train/continue_loss_mean,0.0
100000,train/continue_loss_std,0.0
100000,train/grad_norm_mean,0.8903750137329102
100000,train/grad_norm_std,0.41564485149294644
100000,train/policy_log_std_mean,-0.9088311512470245
100000,train/policy_log_std_std,0.46928165595931465
100000,train/policy_loss_mean,-0.21033962807655335
100000,train/policy_loss_std,0.010881318850687993
100000,train/reward_loss_mean,0.13814878804683686
100000,train/reward_loss_std,0.01029871591530252
100000,train/total_loss_mean,0.04499403875768185
100000,train/total_loss_std,0.002031364004684179
100000,train/value_loss_mean,0.305553639793396
100000,train/value_loss_std,0.016876688649730014
100000,train/value_scale_mean,139.3733100341797
100000,train/value_scale_std,1.8334223780739494
100000,timing/collect_chunk_s,56.976000383496284
100000,timing/train_chunk_s,20.734474474564195
100000,dense_rhs/training_bucket_horizon,3.0
100000,system/heartbeat,1.0
100000,timing/checkpoint_blocking_s,0.40934316301718354
100000,eval/return_mean,319.9503479003906
100000,eval/return_std,153.74453735351562
100000,eval/return_max,649.4864501953125
100000,eval/return_min,27.031768798828125
100000,timing/eval_s,6.828820864669979
100000,eval/selected_horizon,3.0
100000,eval/training_bucket_horizon,3.0
100000,system/heartbeat,1.0
103992,episode/return,699.4617919921875
103992,episode/length,500.0
103993,episode/return,549.9337768554688
103993,episode/length,500.0
103994,episode/return,573.7728271484375
103994,episode/length,500.0
103995,episode/return,633.7530517578125
103995,episode/length,500.0
103996,episode/return,396.2190856933594
103996,episode/length,500.0
103997,episode/return,281.18701171875
103997,episode/length,500.0
103998,episode/return,347.45330810546875
103998,episode/length,500.0
103999,episode/return,586.1468505859375
103999,episode/length,500.0
107992,episode/return,326.5938720703125
107992,episode/length,500.0
107993,episode/return,572.26171875
107993,episode/length,500.0
107994,episode/return,279.387939453125
107994,episode/length,500.0
107995,episode/return,525.5122680664062
107995,episode/length,500.0
107996,episode/return,523.5257568359375
107996,episode/length,500.0
107997,episode/return,307.7494812011719
107997,episode/length,500.0
107998,episode/return,295.6617126464844
107998,episode/length,500.0
107999,episode/return,475.2192687988281
107999,episode/length,500.0
110000,train/consistency_loss_mean,2.8736435908649584e-05
110000,train/consistency_loss_std,1.1107989986293557e-05
110000,train/continue_loss_mean,0.0
110000,train/continue_loss_std,0.0
110000,train/grad_norm_mean,0.9257855111122132
110000,train/grad_norm_std,0.41409713293900413
110000,train/policy_log_std_mean,-0.8890463295459747
110000,train/policy_log_std_std,0.4414278486514426
110000,train/policy_loss_mean,-0.21665360342264176
110000,train/policy_loss_std,0.010506991768514305
110000,train/reward_loss_mean,0.14413122936487197
110000,train/reward_loss_std,0.010570422953405356
110000,train/total_loss_mean,0.045415058207511905
110000,train/total_loss_std,0.0021571685770823963
110000,train/value_loss_mean,0.30427205226421355
110000,train/value_loss_std,0.018313295406670028
110000,train/value_scale_mean,148.02378818359375
110000,train/value_scale_std,2.4267188941184084
110000,timing/collect_chunk_s,60.04337775427848
110000,timing/train_chunk_s,20.70490729622543
110000,dense_rhs/training_bucket_horizon,3.0
110000,system/heartbeat,1.0
111992,episode/return,426.96820068359375
111992,episode/length,500.0
111993,episode/return,307.6456604003906
111993,episode/length,500.0
111994,episode/return,459.333251953125
111994,episode/length,500.0
111995,episode/return,260.14752197265625
111995,episode/length,500.0
111996,episode/return,314.67425537109375
111996,episode/length,500.0
111997,episode/return,305.05413818359375
111997,episode/length,500.0
111998,episode/return,211.84690856933594
111998,episode/length,500.0
111999,episode/return,446.6142272949219
111999,episode/length,500.0
115992,episode/return,620.3510131835938
115992,episode/length,500.0
115993,episode/return,243.25845336914062
115993,episode/length,500.0
115994,episode/return,523.18115234375
115994,episode/length,500.0
115995,episode/return,240.3771514892578
115995,episode/length,500.0
115996,episode/return,220.20033264160156
115996,episode/length,500.0
115997,episode/return,264.9207458496094
115997,episode/length,500.0
115998,episode/return,354.28509521484375
115998,episode/length,500.0
115999,episode/return,412.21624755859375
115999,episode/length,500.0
119992,episode/return,404.823486328125
119992,episode/length,500.0
119993,episode/return,570.91455078125
119993,episode/length,500.0
119994,episode/return,430.0419921875
119994,episode/length,500.0
119995,episode/return,190.98080444335938
119995,episode/length,500.0
119996,episode/return,238.00765991210938
119996,episode/length,500.0
119997,episode/return,334.93548583984375
119997,episode/length,500.0
119998,episode/return,362.1770935058594
119998,episode/length,500.0
119999,episode/return,319.7243347167969
119999,episode/length,500.0
120000,train/consistency_loss_mean,2.7750038255180697e-05
120000,train/consistency_loss_std,1.3443774491921213e-05
120000,train/continue_loss_mean,0.0
120000,train/continue_loss_std,0.0
120000,train/grad_norm_mean,0.9149343846321106
120000,train/grad_norm_std,0.4031954328548499
120000,train/policy_log_std_mean,-0.90691441655159
120000,train/policy_log_std_std,0.4341352965730926
120000,train/policy_loss_mean,-0.22929950526952744
120000,train/policy_loss_std,0.010679346621287021
120000,train/reward_loss_mean,0.1481249634861946
120000,train/reward_loss_std,0.01058202272143079
120000,train/total_loss_mean,0.045769009810686115
120000,train/total_loss_std,0.0024774956809529287
120000,train/value_loss_mean,0.30401511580944063
120000,train/value_loss_std,0.020561701833040968
120000,train/value_scale_mean,149.14697214355468
120000,train/value_scale_std,1.4141324981148828
120000,timing/collect_chunk_s,58.96569759072736
120000,timing/train_chunk_s,20.623790305573493
120000,dense_rhs/training_bucket_horizon,3.0
120000,system/heartbeat,1.0
123992,episode/return,213.84878540039062
123992,episode/length,500.0
123993,episode/return,703.1945190429688
123993,episode/length,500.0
123994,episode/return,509.42840576171875
123994,episode/length,500.0
123995,episode/return,781.3436889648438
123995,episode/length,500.0
123996,episode/return,573.1405639648438
123996,episode/length,500.0
123997,episode/return,511.29766845703125
123997,episode/length,500.0
123998,episode/return,173.00830078125
123998,episode/length,500.0
123999,episode/return,472.0238952636719
123999,episode/length,500.0
127992,episode/return,343.1199951171875
127992,episode/length,500.0
127993,episode/return,614.2867431640625
127993,episode/length,500.0
127994,episode/return,613.15625
127994,episode/length,500.0
127995,episode/return,249.63858032226562
127995,episode/length,500.0
127996,episode/return,587.4901123046875
127996,episode/length,500.0
127997,episode/return,467.523193359375
127997,episode/length,500.0
127998,episode/return,272.93231201171875
127998,episode/length,500.0
127999,episode/return,617.586181640625
127999,episode/length,500.0
130000,train/consistency_loss_mean,2.5848951179068537e-05
130000,train/consistency_loss_std,1.0451707590810645e-05
130000,train/continue_loss_mean,0.0
130000,train/continue_loss_std,0.0
130000,train/grad_norm_mean,0.8771589375019073
130000,train/grad_norm_std,0.39665844566080233
130000,train/policy_log_std_mean,-0.8988231241703033
130000,train/policy_log_std_std,0.41871758706631534
130000,train/policy_loss_mean,-0.23058632751703262
130000,train/policy_loss_std,0.010257869907404767
130000,train/reward_loss_mean,0.15228435463905335
130000,train/reward_loss_std,0.010776602930621266
130000,train/total_loss_mean,0.045826792019605635
130000,train/total_loss_std,0.0020670161096226674
130000,train/value_loss_mean,0.30081376543045046
130000,train/value_loss_std,0.01701210371864538
130000,train/value_scale_mean,157.73922735595704
130000,train/value_scale_std,3.919729744598858
130000,timing/collect_chunk_s,59.39034254522994
130000,timing/train_chunk_s,20.64171661157161
130000,dense_rhs/training_bucket_horizon,3.0
130000,system/heartbeat,1.0
131992,episode/return,237.06126403808594
131992,episode/length,500.0
131993,episode/return,678.9535522460938
131993,episode/length,500.0
131994,episode/return,559.42529296875
131994,episode/length,500.0
131995,episode/return,563.5740966796875
131995,episode/length,500.0
131996,episode/return,689.1211547851562
131996,episode/length,500.0
131997,episode/return,626.0576171875
131997,episode/length,500.0
131998,episode/return,571.308349609375
131998,episode/length,500.0
131999,episode/return,321.92816162109375
131999,episode/length,500.0
135992,episode/return,564.763671875
135992,episode/length,500.0
135993,episode/return,573.777587890625
135993,episode/length,500.0
135994,episode/return,302.01800537109375
135994,episode/length,500.0
135995,episode/return,705.3880615234375
135995,episode/length,500.0
135996,episode/return,503.205078125
135996,episode/length,500.0
135997,episode/return,298.3586120605469
135997,episode/length,500.0
135998,episode/return,831.7066040039062
135998,episode/length,500.0
135999,episode/return,685.5508422851562
135999,episode/length,500.0
139992,episode/return,710.2713623046875
139992,episode/length,500.0
139993,episode/return,775.022216796875
139993,episode/length,500.0
139994,episode/return,399.9593811035156
139994,episode/length,500.0
139995,episode/return,595.6243896484375
139995,episode/length,500.0
139996,episode/return,609.2177124023438
139996,episode/length,500.0
139997,episode/return,304.13671875
139997,episode/length,500.0
139998,episode/return,276.4306335449219
139998,episode/length,500.0
139999,episode/return,836.6788330078125
139999,episode/length,500.0
140000,train/consistency_loss_mean,2.4885455270123202e-05
140000,train/consistency_loss_std,7.084529263446311e-06
140000,train/continue_loss_mean,0.0
140000,train/continue_loss_std,0.0
140000,train/grad_norm_mean,0.8501423870801925
140000,train/grad_norm_std,0.40604269139695975
140000,train/policy_log_std_mean,-0.8987719264030457
140000,train/policy_log_std_std,0.414112981662321
140000,train/policy_loss_mean,-0.22908844369649886
140000,train/policy_loss_std,0.009739264947832943
140000,train/reward_loss_mean,0.1585445204257965
140000,train/reward_loss_std,0.011002346817499956
140000,train/total_loss_mean,0.045589044627547266
140000,train/total_loss_std,0.0017871109411584053
140000,train/value_loss_mean,0.2923688265562058
140000,train/value_loss_std,0.014444278309271825
140000,train/value_scale_mean,170.76472750244142
140000,train/value_scale_std,3.872171195457153
140000,timing/collect_chunk_s,57.165843037422746
140000,timing/train_chunk_s,20.664371233433485
140000,dense_rhs/training_bucket_horizon,3.0
140000,system/heartbeat,1.0
143992,episode/return,744.2772216796875
143992,episode/length,500.0
143993,episode/return,423.9203186035156
143993,episode/length,500.0
143994,episode/return,371.6230773925781
143994,episode/length,500.0
143995,episode/return,727.5796508789062
143995,episode/length,500.0
143996,episode/return,645.2415771484375
143996,episode/length,500.0
143997,episode/return,491.3703918457031
143997,episode/length,500.0
143998,episode/return,395.46551513671875
143998,episode/length,500.0
143999,episode/return,676.1926879882812
143999,episode/length,500.0
147992,episode/return,486.41497802734375
147992,episode/length,500.0
147993,episode/return,706.1943359375
147993,episode/length,500.0
147994,episode/return,847.7642822265625
147994,episode/length,500.0
147995,episode/return,434.7640075683594
147995,episode/length,500.0
147996,episode/return,885.6329345703125
147996,episode/length,500.0
147997,episode/return,483.45989990234375
147997,episode/length,500.0
147998,episode/return,489.9719543457031
147998,episode/length,500.0
147999,episode/return,292.17633056640625
147999,episode/length,500.0
150000,train/consistency_loss_mean,2.3669483777484855e-05
150000,train/consistency_loss_std,9.902406261808468e-06
150000,train/continue_loss_mean,0.0
150000,train/continue_loss_std,0.0
150000,train/grad_norm_mean,0.8431455391407013
150000,train/grad_norm_std,0.38129014706753317
150000,train/policy_log_std_mean,-0.9277804472923279
150000,train/policy_log_std_std,0.435959883382301
150000,train/policy_loss_mean,-0.22285426790714263
150000,train/policy_loss_std,0.01122734588704374
150000,train/reward_loss_mean,0.16518284351825713
150000,train/reward_loss_std,0.011051837816083319
150000,train/total_loss_mean,0.04640489481985569
150000,train/total_loss_std,0.0019925139101483673
150000,train/value_loss_mean,0.29413219447135924
150000,train/value_loss_std,0.01611406170096697
150000,train/value_scale_mean,187.8837736694336
150000,train/value_scale_std,9.250946801979385
150000,timing/collect_chunk_s,61.335581492166966
150000,timing/train_chunk_s,20.71546842576936
150000,dense_rhs/training_bucket_horizon,3.0
150000,system/heartbeat,1.0
150000,timing/checkpoint_blocking_s,0.40448969416320324
150000,eval/return_mean,433.10955810546875
150000,eval/return_std,170.20968627929688
150000,eval/return_max,834.284912109375
150000,eval/return_min,245.90040588378906
150000,timing/eval_s,6.844926698133349
150000,eval/selected_horizon,3.0
150000,eval/training_bucket_horizon,3.0
150000,system/heartbeat,1.0
151992,episode/return,567.0640258789062
151992,episode/length,500.0
151993,episode/return,515.98388671875
151993,episode/length,500.0
151994,episode/return,708.0179443359375
151994,episode/length,500.0
151995,episode/return,161.36422729492188
151995,episode/length,500.0
151996,episode/return,512.7123413085938
151996,episode/length,500.0
151997,episode/return,702.1099853515625
151997,episode/length,500.0
151998,episode/return,239.51495361328125
151998,episode/length,500.0
151999,episode/return,701.7234497070312
151999,episode/length,500.0
155992,episode/return,308.46270751953125
155992,episode/length,500.0
155993,episode/return,499.495849609375
155993,episode/length,500.0
155994,episode/return,230.0423126220703
155994,episode/length,500.0
155995,episode/return,238.90673828125
155995,episode/length,500.0
155996,episode/return,709.3689575195312
155996,episode/length,500.0
155997,episode/return,236.5186767578125
155997,episode/length,500.0
155998,episode/return,256.3100891113281
155998,episode/length,500.0
155999,episode/return,238.09149169921875
155999,episode/length,500.0
159992,episode/return,248.2901611328125
159992,episode/length,500.0
159993,episode/return,269.3132629394531
159993,episode/length,500.0
159994,episode/return,537.039794921875
159994,episode/length,500.0
159995,episode/return,405.8816223144531
159995,episode/length,500.0
159996,episode/return,539.4374389648438
159996,episode/length,500.0
159997,episode/return,626.1411743164062
159997,episode/length,500.0
159998,episode/return,319.5584411621094
159998,episode/length,500.0
159999,episode/return,424.9667053222656
159999,episode/length,500.0
160000,train/consistency_loss_mean,2.2585839705425315e-05
160000,train/consistency_loss_std,6.125564454159552e-06
160000,train/continue_loss_mean,0.0
160000,train/continue_loss_std,0.0
160000,train/grad_norm_mean,0.9206138564586639
160000,train/grad_norm_std,0.4073236249041023
160000,train/policy_log_std_mean,-0.9256149240493774
160000,train/policy_log_std_std,0.4100004717664722
160000,train/policy_loss_mean,-0.21616732491254806
160000,train/policy_loss_std,0.009442593480150719
160000,train/reward_loss_mean,0.16910074334144592
160000,train/reward_loss_std,0.010864170255993757
160000,train/total_loss_mean,0.0467080746024847
160000,train/total_loss_std,0.0016517821948770386
160000,train/value_loss_mean,0.29346282079219815
160000,train/value_loss_std,0.01314095133210432
160000,train/value_scale_mean,205.4811897338867
160000,train/value_scale_std,1.422418687113017
160000,timing/collect_chunk_s,57.23868879955262
160000,timing/train_chunk_s,20.676388438325375
160000,dense_rhs/training_bucket_horizon,3.0
160000,system/heartbeat,1.0
163992,episode/return,603.0640869140625
163992,episode/length,500.0
163993,episode/return,434.03924560546875
163993,episode/length,500.0
163994,episode/return,713.2589111328125
163994,episode/length,500.0
163995,episode/return,713.7291870117188
163995,episode/length,500.0
163996,episode/return,616.9501342773438
163996,episode/length,500.0
163997,episode/return,468.4202880859375
163997,episode/length,500.0
163998,episode/return,482.68768310546875
163998,episode/length,500.0
163999,episode/return,383.2236328125
163999,episode/length,500.0
167992,episode/return,714.0884399414062
167992,episode/length,500.0
167993,episode/return,311.29364013671875
167993,episode/length,500.0
167994,episode/return,713.612548828125
167994,episode/length,500.0
167995,episode/return,576.3656005859375
167995,episode/length,500.0
167996,episode/return,568.7867431640625
167996,episode/length,500.0
167997,episode/return,708.54150390625
167997,episode/length,500.0
167998,episode/return,396.8249816894531
167998,episode/length,500.0
167999,episode/return,297.98663330078125
167999,episode/length,500.0
170000,train/consistency_loss_mean,2.340159882151056e-05
170000,train/consistency_loss_std,1.0126110519844491e-05
170000,train/continue_loss_mean,0.0
170000,train/continue_loss_std,0.0
170000,train/grad_norm_mean,0.8840972564697266
170000,train/grad_norm_std,0.39838241815295344
170000,train/policy_log_std_mean,-0.908588426733017
170000,train/policy_log_std_std,0.37963040954927535
170000,train/policy_loss_mean,-0.22202649465799332
170000,train/policy_loss_std,0.009667627035092795
170000,train/reward_loss_mean,0.1723342317342758
170000,train/reward_loss_std,0.011100495334538128
170000,train/total_loss_mean,0.047498682290315626
170000,train/total_loss_std,0.0020599793234664693
170000,train/value_loss_mean,0.2979722572565079
170000,train/value_loss_std,0.016252470084131478
170000,train/value_scale_mean,207.25450432128906
170000,train/value_scale_std,1.0371902124345154
170000,timing/collect_chunk_s,60.053737758193165
170000,timing/train_chunk_s,20.65392994740978
170000,dense_rhs/training_bucket_horizon,3.0
170000,system/heartbeat,1.0
171992,episode/return,677.4486083984375
171992,episode/length,500.0
171993,episode/return,319.16851806640625
171993,episode/length,500.0
171994,episode/return,693.8115234375
171994,episode/length,500.0
171995,episode/return,420.2535705566406
171995,episode/length,500.0
171996,episode/return,595.0328369140625
171996,episode/length,500.0
171997,episode/return,488.7962951660156
171997,episode/length,500.0
171998,episode/return,479.79205322265625
171998,episode/length,500.0
171999,episode/return,874.6214599609375
171999,episode/length,500.0
175992,episode/return,880.4415283203125
175992,episode/length,500.0
175993,episode/return,687.8157348632812
175993,episode/length,500.0
175994,episode/return,277.02581787109375
175994,episode/length,500.0
175995,episode/return,634.5180053710938
175995,episode/length,500.0
175996,episode/return,598.1624755859375
175996,episode/length,500.0
175997,episode/return,716.60693359375
175997,episode/length,500.0
175998,episode/return,698.1917114257812
175998,episode/length,500.0
175999,episode/return,718.6919555664062
175999,episode/length,500.0
179992,episode/return,657.9158935546875
179992,episode/length,500.0
179993,episode/return,599.06591796875
179993,episode/length,500.0
179994,episode/return,811.9874267578125
179994,episode/length,500.0
179995,episode/return,251.9938201904297
179995,episode/length,500.0
179996,episode/return,697.49951171875
179996,episode/length,500.0
179997,episode/return,600.1055908203125
179997,episode/length,500.0
179998,episode/return,874.03857421875
179998,episode/length,500.0
179999,episode/return,500.96295166015625
179999,episode/length,500.0
180000,train/consistency_loss_mean,2.1505670608166838e-05
180000,train/consistency_loss_std,4.602632112291897e-06
180000,train/continue_loss_mean,0.0
180000,train/continue_loss_std,0.0
180000,train/grad_norm_mean,0.8421527462244034
180000,train/grad_norm_std,0.3902557446592089
180000,train/policy_log_std_mean,-0.8788881042480469
180000,train/policy_log_std_std,0.35121461310563334
180000,train/policy_loss_mean,-0.23305294910669327
180000,train/policy_loss_std,0.009921473402365317
180000,train/reward_loss_mean,0.1776622619152069
180000,train/reward_loss_std,0.011143752796915755
180000,train/total_loss_mean,0.04858564302325249
180000,train/total_loss_std,0.0016010284057759103
180000,train/value_loss_mean,0.30389302299022675
180000,train/value_loss_std,0.011708479119726714
180000,train/value_scale_mean,205.85697413330078
180000,train/value_scale_std,0.5687519727775304
180000,timing/collect_chunk_s,57.481080340687186
180000,timing/train_chunk_s,20.66341321216896
180000,dense_rhs/training_bucket_horizon,3.0
180000,system/heartbeat,1.0
183992,episode/return,345.7777099609375
183992,episode/length,500.0
183993,episode/return,841.5264892578125
183993,episode/length,500.0
183994,episode/return,317.6656494140625
183994,episode/length,500.0
183995,episode/return,876.815673828125
183995,episode/length,500.0
183996,episode/return,510.4280700683594
183996,episode/length,500.0
183997,episode/return,259.17950439453125
183997,episode/length,500.0
183998,episode/return,334.2439270019531
183998,episode/length,500.0
183999,episode/return,250.53990173339844
183999,episode/length,500.0
187992,episode/return,745.1520385742188
187992,episode/length,500.0
187993,episode/return,477.4571533203125
187993,episode/length,500.0
187994,episode/return,675.6729125976562
187994,episode/length,500.0
187995,episode/return,312.4812927246094
187995,episode/length,500.0
187996,episode/return,501.6536560058594
187996,episode/length,500.0
187997,episode/return,324.36444091796875
187997,episode/length,500.0
187998,episode/return,502.49603271484375
187998,episode/length,500.0
187999,episode/return,586.32080078125
187999,episode/length,500.0
190000,train/consistency_loss_mean,2.0879485383920836e-05
190000,train/consistency_loss_std,4.525431641852624e-06
190000,train/continue_loss_mean,0.0
190000,train/continue_loss_std,0.0
190000,train/grad_norm_mean,0.8293964549303054
190000,train/grad_norm_std,0.38180480050979176
190000,train/policy_log_std_mean,-0.8412499164581299
190000,train/policy_log_std_std,0.32369649936519157
190000,train/policy_loss_mean,-0.23925359613895417
190000,train/policy_loss_std,0.00983120489102049
190000,train/reward_loss_mean,0.1814995804786682
190000,train/reward_loss_std,0.011034664069476285
190000,train/total_loss_mean,0.04907848258912563
190000,train/total_loss_std,0.0015445563689359715
190000,train/value_loss_mean,0.3051093383073807
190000,train/value_loss_std,0.011276069124159984
190000,train/value_scale_mean,204.87720828857422
190000,train/value_scale_std,0.37824694998096353
190000,timing/collect_chunk_s,60.50733590638265
190000,timing/train_chunk_s,20.599877591710538
190000,dense_rhs/training_bucket_horizon,3.0
190000,system/heartbeat,1.0
191992,episode/return,434.7401123046875
191992,episode/length,500.0
191993,episode/return,714.1497802734375
191993,episode/length,500.0
191994,episode/return,874.725830078125
191994,episode/length,500.0
191995,episode/return,207.0059356689453
191995,episode/length,500.0
191996,episode/return,216.29212951660156
191996,episode/length,500.0
191997,episode/return,743.0338134765625
191997,episode/length,500.0
191998,episode/return,408.4591064453125
191998,episode/length,500.0
191999,episode/return,780.5064086914062
191999,episode/length,500.0
195992,episode/return,730.9225463867188
195992,episode/length,500.0
195993,episode/return,320.99884033203125
195993,episode/length,500.0
195994,episode/return,742.7941284179688
195994,episode/length,500.0
195995,episode/return,656.7395629882812
195995,episode/length,500.0
195996,episode/return,654.9332275390625
195996,episode/length,500.0
195997,episode/return,676.0437622070312
195997,episode/length,500.0
195998,episode/return,554.5084838867188
195998,episode/length,500.0
195999,episode/return,664.1182250976562
195999,episode/length,500.0
199992,episode/return,715.5247802734375
199992,episode/length,500.0
199993,episode/return,470.887939453125
199993,episode/length,500.0
199994,episode/return,877.87158203125
199994,episode/length,500.0
199995,episode/return,273.4229431152344
199995,episode/length,500.0
199996,episode/return,623.6401977539062
199996,episode/length,500.0
199997,episode/return,372.755859375
199997,episode/length,500.0
199998,episode/return,820.602783203125
199998,episode/length,500.0
199999,episode/return,278.22900390625
199999,episode/length,500.0
200000,train/consistency_loss_mean,2.050111353601096e-05
200000,train/consistency_loss_std,5.014897084480645e-06
200000,train/continue_loss_mean,0.0
200000,train/continue_loss_std,0.0
200000,train/grad_norm_mean,0.7957159604549408
200000,train/grad_norm_std,0.3652944238040801
200000,train/policy_log_std_mean,-0.8337371359348297
200000,train/policy_log_std_std,0.31861363205413207
200000,train/policy_loss_mean,-0.24338925738334655
200000,train/policy_loss_std,0.009952733818299945
200000,train/reward_loss_mean,0.18500168637037276
200000,train/reward_loss_std,0.011205565571902332
200000,train/total_loss_mean,0.04908346086442471
200000,train/total_loss_std,0.0015829786822510864
200000,train/value_loss_mean,0.3017326904296875
200000,train/value_loss_std,0.011429960120073641
200000,train/value_scale_mean,206.25134702148438
200000,train/value_scale_std,0.44533899810015937
200000,timing/collect_chunk_s,57.01019742805511
200000,timing/train_chunk_s,20.684834077954292
200000,dense_rhs/training_bucket_horizon,3.0
200000,system/heartbeat,1.0
200000,timing/checkpoint_blocking_s,0.4163605631329119
200000,eval/return_mean,603.8231811523438
200000,eval/return_std,149.47312927246094
200000,eval/return_max,867.9146118164062
200000,eval/return_min,386.7734680175781
200000,timing/eval_s,6.835094460751861
200000,eval/selected_horizon,3.0
200000,eval/training_bucket_horizon,3.0
200000,system/heartbeat,1.0
203992,episode/return,278.7439880371094
203992,episode/length,500.0
203993,episode/return,467.08135986328125
203993,episode/length,500.0
203994,episode/return,474.7089538574219
203994,episode/length,500.0
203995,episode/return,480.80859375
203995,episode/length,500.0
203996,episode/return,561.46728515625
203996,episode/length,500.0
203997,episode/return,502.41070556640625
203997,episode/length,500.0
203998,episode/return,402.169189453125
203998,episode/length,500.0
203999,episode/return,272.79510498046875
203999,episode/length,500.0
207992,episode/return,551.0450439453125
207992,episode/length,500.0
207993,episode/return,273.6990051269531
207993,episode/length,500.0
207994,episode/return,395.35931396484375
207994,episode/length,500.0
207995,episode/return,427.7760009765625
207995,episode/length,500.0
207996,episode/return,206.40753173828125
207996,episode/length,500.0
207997,episode/return,674.107666015625
207997,episode/length,500.0
207998,episode/return,191.26065063476562
207998,episode/length,500.0
207999,episode/return,699.1341552734375
207999,episode/length,500.0
210000,train/consistency_loss_mean,2.01610242103925e-05
210000,train/consistency_loss_std,6.591262440201348e-06
210000,train/continue_loss_mean,0.0
210000,train/continue_loss_std,0.0
210000,train/grad_norm_mean,0.761290485548973
210000,train/grad_norm_std,0.35287268846744974
210000,train/policy_log_std_mean,-0.8070654305934906
210000,train/policy_log_std_std,0.31241603309425703
210000,train/policy_loss_mean,-0.2481255011677742
210000,train/policy_loss_std,0.010010399854073784
210000,train/reward_loss_mean,0.18709259130954742
210000,train/reward_loss_std,0.011221647528073423
210000,train/total_loss_mean,0.049440360221266744
210000,train/total_loss_std,0.0016351948017109535
210000,train/value_loss_mean,0.3032787969827652
210000,train/value_loss_std,0.011584033651242776
210000,train/value_scale_mean,205.8971082397461
210000,train/value_scale_std,0.6039529247203718
210000,timing/collect_chunk_s,62.19564472371712
210000,timing/train_chunk_s,20.692454671487212
210000,dense_rhs/training_bucket_horizon,3.0
210000,system/heartbeat,1.0
211992,episode/return,724.5813598632812
211992,episode/length,500.0
211993,episode/return,608.739501953125
211993,episode/length,500.0
211994,episode/return,720.5447387695312
211994,episode/length,500.0
211995,episode/return,698.2469482421875
211995,episode/length,500.0
211996,episode/return,569.4820556640625
211996,episode/length,500.0
211997,episode/return,784.5314331054688
211997,episode/length,500.0
211998,episode/return,311.66046142578125
211998,episode/length,500.0
211999,episode/return,211.2686767578125
211999,episode/length,500.0
215992,episode/return,439.12872314453125
215992,episode/length,500.0
215993,episode/return,492.11395263671875
215993,episode/length,500.0
215994,episode/return,552.5012817382812
215994,episode/length,500.0
215995,episode/return,480.43072509765625
215995,episode/length,500.0
215996,episode/return,700.3768920898438
215996,episode/length,500.0
215997,episode/return,624.2515869140625
215997,episode/length,500.0
215998,episode/return,744.227783203125
215998,episode/length,500.0
215999,episode/return,710.8043212890625
215999,episode/length,500.0
219992,episode/return,615.9729614257812
219992,episode/length,500.0
219993,episode/return,521.6046142578125
219993,episode/length,500.0
219994,episode/return,227.81182861328125
219994,episode/length,500.0
219995,episode/return,597.4500122070312
219995,episode/length,500.0
219996,episode/return,465.62664794921875
219996,episode/length,500.0
219997,episode/return,666.4476318359375
219997,episode/length,500.0
219998,episode/return,81.29613494873047
219998,episode/length,500.0
219999,episode/return,630.299072265625
219999,episode/length,500.0
220000,train/consistency_loss_mean,1.9932174216228305e-05
220000,train/consistency_loss_std,5.910433213662315e-06
220000,train/continue_loss_mean,0.0
220000,train/continue_loss_std,0.0
220000,train/grad_norm_mean,0.7691268035888672
220000,train/grad_norm_std,0.36126453925074115
220000,train/policy_log_std_mean,-0.7927084962368012
220000,train/policy_log_std_std,0.30781117029812954
220000,train/policy_loss_mean,-0.2525258903384209
220000,train/policy_loss_std,0.010037876504599995
220000,train/reward_loss_mean,0.1899301853299141
220000,train/reward_loss_std,0.011170262254657544
220000,train/total_loss_mean,0.04955585289597511
220000,train/total_loss_std,0.00162468704645391
220000,train/value_loss_mean,0.3016418959379196
220000,train/value_loss_std,0.011641641169140992
220000,train/value_scale_mean,206.4987109008789
220000,train/value_scale_std,0.42659190128152197
220000,timing/collect_chunk_s,58.73927833605558
220000,timing/train_chunk_s,20.68900135345757
220000,dense_rhs/training_bucket_horizon,3.0
220000,system/heartbeat,1.0
223992,episode/return,317.8135681152344
223992,episode/length,500.0
223993,episode/return,557.6387329101562
223993,episode/length,500.0
223994,episode/return,886.7487182617188
223994,episode/length,500.0
223995,episode/return,611.0464477539062
223995,episode/length,500.0
223996,episode/return,233.04949951171875
223996,episode/length,500.0
223997,episode/return,232.0803985595703
223997,episode/length,500.0
223998,episode/return,524.744140625
223998,episode/length,500.0
223999,episode/return,221.29446411132812
223999,episode/length,500.0
227992,episode/return,885.4891357421875
227992,episode/length,500.0
227993,episode/return,667.14697265625
227993,episode/length,500.0
227994,episode/return,528.9356079101562
227994,episode/length,500.0
227995,episode/return,435.8816833496094
227995,episode/length,500.0
227996,episode/return,867.2283935546875
227996,episode/length,500.0
227997,episode/return,715.973388671875
227997,episode/length,500.0
227998,episode/return,498.1189880371094
227998,episode/length,500.0
227999,episode/return,576.191650390625
227999,episode/length,500.0
230000,train/consistency_loss_mean,1.9590250818873755e-05
230000,train/consistency_loss_std,5.784147512767293e-06
230000,train/continue_loss_mean,0.0
230000,train/continue_loss_std,0.0
230000,train/grad_norm_mean,0.7479549759626388
230000,train/grad_norm_std,0.35060732451966337
230000,train/policy_log_std_mean,-0.7819814391613007
230000,train/policy_log_std_std,0.29840830353377423
230000,train/policy_loss_mean,-0.2549483756065369
230000,train/policy_loss_std,0.010106596756315488
230000,train/reward_loss_mean,0.19151606854200362
230000,train/reward_loss_std,0.011244639481066951
230000,train/total_loss_mean,0.04937171896696091
230000,train/total_loss_std,0.0015979982912857256
230000,train/value_loss_mean,0.29828306238651275
230000,train/value_loss_std,0.011983476608269192
230000,train/value_scale_mean,207.64992664794923
230000,train/value_scale_std,0.993494766622251
230000,timing/collect_chunk_s,61.88021645369008
230000,timing/train_chunk_s,20.700290637556463
230000,dense_rhs/training_bucket_horizon,3.0
230000,system/heartbeat,1.0
231992,episode/return,469.7518005371094
231992,episode/length,500.0
231993,episode/return,683.2279052734375
231993,episode/length,500.0
231994,episode/return,568.701416015625
231994,episode/length,500.0
231995,episode/return,570.8072509765625
231995,episode/length,500.0
231996,episode/return,552.7836303710938
231996,episode/length,500.0
231997,episode/return,279.9400329589844
231997,episode/length,500.0
231998,episode/return,532.7139892578125
231998,episode/length,500.0
231999,episode/return,236.01707458496094
231999,episode/length,500.0
235992,episode/return,843.4404296875
235992,episode/length,500.0
235993,episode/return,322.7984924316406
235993,episode/length,500.0
235994,episode/return,479.3843078613281
235994,episode/length,500.0
235995,episode/return,588.7194213867188
235995,episode/length,500.0
235996,episode/return,469.67578125
235996,episode/length,500.0
235997,episode/return,337.26611328125
235997,episode/length,500.0
235998,episode/return,715.4239501953125
235998,episode/length,500.0
235999,episode/return,434.483642578125
235999,episode/length,500.0
239992,episode/return,392.7907409667969
239992,episode/length,500.0
239993,episode/return,415.9493713378906
239993,episode/length,500.0
239994,episode/return,553.7637939453125
239994,episode/length,500.0
239995,episode/return,418.0386047363281
239995,episode/length,500.0
239996,episode/return,290.7678527832031
239996,episode/length,500.0
239997,episode/return,414.1607360839844
239997,episode/length,500.0
239998,episode/return,452.87042236328125
239998,episode/length,500.0
239999,episode/return,711.8121337890625
239999,episode/length,500.0
240000,train/consistency_loss_mean,1.8655271699390142e-05
240000,train/consistency_loss_std,4.133606822263281e-06
240000,train/continue_loss_mean,0.0
240000,train/continue_loss_std,0.0
240000,train/grad_norm_mean,0.7406224837779999
240000,train/grad_norm_std,0.34126656173846964
240000,train/policy_log_std_mean,-0.7898380459308624
240000,train/policy_log_std_std,0.2984463711583857
240000,train/policy_loss_mean,-0.25914325029850005
240000,train/policy_loss_std,0.010207987781924657
240000,train/reward_loss_mean,0.19359793936014175
240000,train/reward_loss_std,0.011243774684711477
240000,train/total_loss_mean,0.04933696964085102
240000,train/total_loss_std,0.0014979838747137583
240000,train/value_loss_mean,0.29604069178104403
240000,train/value_loss_std,0.010897822324645494
240000,train/value_scale_mean,208.11375582275392
240000,train/value_scale_std,0.7237250666913536
240000,timing/collect_chunk_s,57.11789965815842
240000,timing/train_chunk_s,20.655698736663908
240000,dense_rhs/training_bucket_horizon,3.0
240000,system/heartbeat,1.0
243992,episode/return,390.2449035644531
243992,episode/length,500.0
243993,episode/return,323.65631103515625
243993,episode/length,500.0
243994,episode/return,329.78765869140625
243994,episode/length,500.0
243995,episode/return,253.2685089111328
243995,episode/length,500.0
243996,episode/return,239.54847717285156
243996,episode/length,500.0
243997,episode/return,329.33294677734375
243997,episode/length,500.0
243998,episode/return,886.8466796875
243998,episode/length,500.0
243999,episode/return,271.6754455566406
243999,episode/length,500.0
247992,episode/return,441.66961669921875
247992,episode/length,500.0
247993,episode/return,345.36700439453125
247993,episode/length,500.0
247994,episode/return,490.4129943847656
247994,episode/length,500.0
247995,episode/return,430.45172119140625
247995,episode/length,500.0
247996,episode/return,678.1867065429688
247996,episode/length,500.0
247997,episode/return,719.2222900390625
247997,episode/length,500.0
247998,episode/return,424.221923828125
247998,episode/length,500.0
247999,episode/return,712.8800048828125
247999,episode/length,500.0
250000,train/consistency_loss_mean,1.8734509884234285e-05
250000,train/consistency_loss_std,5.119086735287096e-06
250000,train/continue_loss_mean,0.0
250000,train/continue_loss_std,0.0
250000,train/grad_norm_mean,0.7020332291603089
250000,train/grad_norm_std,0.34814739750390605
250000,train/policy_log_std_mean,-0.7775007215499878
250000,train/policy_log_std_std,0.2948020036011644
250000,train/policy_loss_mean,-0.26210064928531646
250000,train/policy_loss_std,0.010096317056145911
250000,train/reward_loss_mean,0.1945348361968994
250000,train/reward_loss_std,0.011189853085714536
250000,train/total_loss_mean,0.04964748552441597
250000,train/total_loss_std,0.0015374639280977907
250000,train/value_loss_mean,0.2981931077480316
250000,train/value_loss_std,0.011027118571405016
250000,train/value_scale_mean,207.14798192138673
250000,train/value_scale_std,0.7894311381248593
250000,timing/collect_chunk_s,60.9119617654942
250000,timing/train_chunk_s,20.689628769643605
250000,dense_rhs/training_bucket_horizon,3.0
250000,system/heartbeat,1.0
250000,timing/checkpoint_blocking_s,0.45106116496026516
250000,eval/return_mean,440.59307861328125
250000,eval/return_std,161.69313049316406
250000,eval/return_max,683.241455078125
250000,eval/return_min,0.07393480092287064
250000,timing/eval_s,6.836849618703127
250000,eval/selected_horizon,3.0
250000,eval/training_bucket_horizon,3.0
250000,system/heartbeat,1.0
251992,episode/return,584.9461669921875
251992,episode/length,500.0
251993,episode/return,413.63970947265625
251993,episode/length,500.0
251994,episode/return,400.2884521484375
251994,episode/length,500.0
251995,episode/return,445.58209228515625
251995,episode/length,500.0
251996,episode/return,601.4793090820312
251996,episode/length,500.0
251997,episode/return,310.6156311035156
251997,episode/length,500.0
251998,episode/return,608.2847900390625
251998,episode/length,500.0
251999,episode/return,782.9322509765625
251999,episode/length,500.0
255992,episode/return,725.5133666992188
255992,episode/length,500.0
255993,episode/return,718.480712890625
255993,episode/length,500.0
255994,episode/return,503.052490234375
255994,episode/length,500.0
255995,episode/return,707.07177734375
255995,episode/length,500.0
255996,episode/return,726.5439453125
255996,episode/length,500.0
255997,episode/return,577.975341796875
255997,episode/length,500.0
255998,episode/return,248.2075958251953
255998,episode/length,500.0
255999,episode/return,669.9613647460938
255999,episode/length,500.0
259992,episode/return,715.0478515625
259992,episode/length,500.0
259993,episode/return,674.5746459960938
259993,episode/length,500.0
259994,episode/return,877.9459228515625
259994,episode/length,500.0
259995,episode/return,505.4600524902344
259995,episode/length,500.0
259996,episode/return,368.32159423828125
259996,episode/length,500.0
259997,episode/return,557.2125244140625
259997,episode/length,500.0
259998,episode/return,726.9918823242188
259998,episode/length,500.0
259999,episode/return,882.95068359375
259999,episode/length,500.0
260000,train/consistency_loss_mean,1.8063699701451696e-05
260000,train/consistency_loss_std,4.063228587836464e-06
260000,train/continue_loss_mean,0.0
260000,train/continue_loss_std,0.0
260000,train/grad_norm_mean,0.6970703333854675
260000,train/grad_norm_std,0.3440957868979406
260000,train/policy_log_std_mean,-0.7821538192272186
260000,train/policy_log_std_std,0.2889283894280574
260000,train/policy_loss_mean,-0.2645112491607666
260000,train/policy_loss_std,0.01018301958470949
260000,train/reward_loss_mean,0.19655713152885437
260000,train/reward_loss_std,0.011232830028842844
260000,train/total_loss_mean,0.0499079827696085
260000,train/total_loss_std,0.001526517604578523
260000,train/value_loss_mean,0.29890994431972506
260000,train/value_loss_std,0.010803431520395753
260000,train/value_scale_mean,206.79937867431642
260000,train/value_scale_std,1.1680359761927233
260000,timing/collect_chunk_s,62.5912266112864
260000,timing/train_chunk_s,20.715481954161078
260000,dense_rhs/training_bucket_horizon,3.0
260000,system/heartbeat,1.0
263992,episode/return,715.0009765625
263992,episode/length,500.0
263993,episode/return,279.162109375
263993,episode/length,500.0
263994,episode/return,735.0972900390625
263994,episode/length,500.0
263995,episode/return,719.1593017578125
263995,episode/length,500.0
263996,episode/return,730.640625
263996,episode/length,500.0
263997,episode/return,317.1859130859375
263997,episode/length,500.0
263998,episode/return,580.4365234375
263998,episode/length,500.0
263999,episode/return,723.7330322265625
263999,episode/length,500.0
267992,episode/return,824.5948486328125
267992,episode/length,500.0
267993,episode/return,701.875
267993,episode/length,500.0
267994,episode/return,236.62347412109375
267994,episode/length,500.0
267995,episode/return,394.99981689453125
267995,episode/length,500.0
267996,episode/return,271.36004638671875
267996,episode/length,500.0
267997,episode/return,696.8184814453125
267997,episode/length,500.0
267998,episode/return,508.96624755859375
267998,episode/length,500.0
267999,episode/return,748.2593383789062
267999,episode/length,500.0
270000,train/consistency_loss_mean,1.7196710805001202e-05
270000,train/consistency_loss_std,3.1960713387208096e-06
270000,train/continue_loss_mean,0.0
270000,train/continue_loss_std,0.0
270000,train/grad_norm_mean,0.6558068042755127
270000,train/grad_norm_std,0.3092186506306982
270000,train/policy_log_std_mean,-0.7934761296272278
270000,train/policy_log_std_std,0.2890961052702293
270000,train/policy_loss_mean,-0.27024188096523283
270000,train/policy_loss_std,0.01007403285454427
270000,train/reward_loss_mean,0.1992412909388542
270000,train/reward_loss_std,0.011181650733872697
270000,train/total_loss_mean,0.050716758129000665
270000,train/total_loss_std,0.0014647312809287169
270000,train/value_loss_mean,0.30448693675994876
270000,train/value_loss_std,0.009592776271466173
270000,train/value_scale_mean,204.32606481933593
270000,train/value_scale_std,0.45835078764847886
270000,timing/collect_chunk_s,56.93366218265146
270000,timing/train_chunk_s,20.67424038471654
270000,dense_rhs/training_bucket_horizon,3.0
270000,system/heartbeat,1.0
271992,episode/return,478.42327880859375
271992,episode/length,500.0
271993,episode/return,874.17529296875
271993,episode/length,500.0
271994,episode/return,712.6354370117188
271994,episode/length,500.0
271995,episode/return,714.4990234375
271995,episode/length,500.0
271996,episode/return,284.1678466796875
271996,episode/length,500.0
271997,episode/return,512.85205078125
271997,episode/length,500.0
271998,episode/return,296.739990234375
271998,episode/length,500.0
271999,episode/return,701.8228759765625
271999,episode/length,500.0
275992,episode/return,706.1676025390625
275992,episode/length,500.0
275993,episode/return,469.6798095703125
275993,episode/length,500.0
275994,episode/return,665.26806640625
275994,episode/length,500.0
275995,episode/return,487.0693359375
275995,episode/length,500.0
275996,episode/return,631.4846801757812
275996,episode/length,500.0
275997,episode/return,720.96923828125
275997,episode/length,500.0
275998,episode/return,724.8892211914062
275998,episode/length,500.0
275999,episode/return,408.65277099609375
275999,episode/length,500.0
279992,episode/return,475.65875244140625
279992,episode/length,500.0
279993,episode/return,704.8895874023438
279993,episode/length,500.0
279994,episode/return,373.038818359375
279994,episode/length,500.0
279995,episode/return,877.3796997070312
279995,episode/length,500.0
279996,episode/return,630.6798706054688
279996,episode/length,500.0
279997,episode/return,572.2691650390625
279997,episode/length,500.0
279998,episode/return,890.2237548828125
279998,episode/length,500.0
279999,episode/return,507.65338134765625
279999,episode/length,500.0
280000,train/consistency_loss_mean,1.716847618299653e-05
280000,train/consistency_loss_std,4.665261830570464e-06
280000,train/continue_loss_mean,0.0
280000,train/continue_loss_std,0.0
280000,train/grad_norm_mean,0.6469755828142166
280000,train/grad_norm_std,0.31661500793363484
280000,train/policy_log_std_mean,-0.7896131744861603
280000,train/policy_log_std_std,0.2781407869095856
280000,train/policy_loss_mean,-0.27337460160255433
280000,train/policy_loss_std,0.010300117741350171
280000,train/reward_loss_mean,0.20121588495969772
280000,train/reward_loss_std,0.011263608576307546
280000,train/total_loss_mean,0.050889291480183604
280000,train/total_loss_std,0.0015524371864681554
280000,train/value_loss_mean,0.30424332501888274
280000,train/value_loss_std,0.01040866416869291
280000,train/value_scale_mean,203.8991797607422
280000,train/value_scale_std,0.5150689483449256
280000,timing/collect_chunk_s,63.36457291152328
280000,timing/train_chunk_s,20.72944767586887
280000,dense_rhs/training_bucket_horizon,3.0
280000,system/heartbeat,1.0
283992,episode/return,493.90277099609375
283992,episode/length,500.0
283993,episode/return,544.3822021484375
283993,episode/length,500.0
283994,episode/return,693.2579956054688
283994,episode/length,500.0
283995,episode/return,567.7105712890625
283995,episode/length,500.0
283996,episode/return,300.81689453125
283996,episode/length,500.0
283997,episode/return,836.9976196289062
283997,episode/length,500.0
283998,episode/return,674.6270751953125
283998,episode/length,500.0
283999,episode/return,472.7853088378906
283999,episode/length,500.0
287992,episode/return,509.0972900390625
287992,episode/length,500.0
287993,episode/return,563.529296875
287993,episode/length,500.0
287994,episode/return,891.40380859375
287994,episode/length,500.0
287995,episode/return,595.9122314453125
287995,episode/length,500.0
287996,episode/return,478.62066650390625
287996,episode/length,500.0
287997,episode/return,235.09481811523438
287997,episode/length,500.0
287998,episode/return,570.8020629882812
287998,episode/length,500.0
287999,episode/return,433.0622863769531
287999,episode/length,500.0
290000,train/consistency_loss_mean,1.7035165589913958e-05
290000,train/consistency_loss_std,4.241937380021085e-06
290000,train/continue_loss_mean,0.0
290000,train/continue_loss_std,0.0
290000,train/grad_norm_mean,0.6372038720846176
290000,train/grad_norm_std,0.3150913267471558
290000,train/policy_log_std_mean,-0.7614983157157897
290000,train/policy_log_std_std,0.2738832062420688
290000,train/policy_loss_mean,-0.27663372838497163
290000,train/policy_loss_std,0.01032017295891073
290000,train/reward_loss_mean,0.20345964720249177
290000,train/reward_loss_std,0.011316911548633459
290000,train/total_loss_mean,0.051289617744088176
290000,train/total_loss_std,0.001511210544596364
290000,train/value_loss_mean,0.30602949028015136
290000,train/value_loss_std,0.010028422244221897
290000,train/value_scale_mean,202.88866120605468
290000,train/value_scale_std,0.3051551077158365
290000,timing/collect_chunk_s,59.10536349378526
290000,timing/train_chunk_s,20.749256500508636
290000,dense_rhs/training_bucket_horizon,3.0
290000,system/heartbeat,1.0
291992,episode/return,482.7948303222656
291992,episode/length,500.0
291993,episode/return,584.694580078125
291993,episode/length,500.0
291994,episode/return,383.0062561035156
291994,episode/length,500.0
291995,episode/return,353.53131103515625
291995,episode/length,500.0
291996,episode/return,417.373779296875
291996,episode/length,500.0
291997,episode/return,434.9624938964844
291997,episode/length,500.0
291998,episode/return,193.72666931152344
291998,episode/length,500.0
291999,episode/return,511.4966735839844
291999,episode/length,500.0
295992,episode/return,562.1234130859375
295992,episode/length,500.0
295993,episode/return,877.4273071289062
295993,episode/length,500.0
295994,episode/return,561.9891357421875
295994,episode/length,500.0
295995,episode/return,561.7557983398438
295995,episode/length,500.0
295996,episode/return,562.3448486328125
295996,episode/length,500.0
295997,episode/return,640.7367553710938
295997,episode/length,500.0
295998,episode/return,484.4383544921875
295998,episode/length,500.0
295999,episode/return,375.3766784667969
295999,episode/length,500.0
299992,episode/return,367.6715087890625
299992,episode/length,500.0
299993,episode/return,326.8817443847656
299993,episode/length,500.0
299994,episode/return,469.4405212402344
299994,episode/length,500.0
299995,episode/return,702.2061767578125
299995,episode/length,500.0
299996,episode/return,580.6575927734375
299996,episode/length,500.0
299997,episode/return,300.8247985839844
299997,episode/length,500.0
299998,episode/return,732.6422729492188
299998,episode/length,500.0
299999,episode/return,725.0767822265625
299999,episode/length,500.0
300000,train/consistency_loss_mean,1.6739259671157925e-05
300000,train/consistency_loss_std,3.5914378482584028e-06
300000,train/continue_loss_mean,0.0
300000,train/continue_loss_std,0.0
300000,train/grad_norm_mean,0.6526302124023438
300000,train/grad_norm_std,0.3177222917611845
300000,train/policy_log_std_mean,-0.7881313170433044
300000,train/policy_log_std_std,0.28073330526365287
300000,train/policy_loss_mean,-0.2787272998094559
300000,train/policy_loss_std,0.010184108379380039
300000,train/reward_loss_mean,0.2044691605091095
300000,train/reward_loss_std,0.01123598814783727
300000,train/total_loss_mean,0.051834831637144085
300000,train/total_loss_std,0.0014914825682906705
300000,train/value_loss_mean,0.3105312933683395
300000,train/value_loss_std,0.009772819977952828
300000,train/value_scale_mean,202.05925819091797
300000,train/value_scale_std,0.3020833261610789
300000,timing/collect_chunk_s,58.95105917751789
300000,timing/train_chunk_s,20.719629069790244
300000,dense_rhs/training_bucket_horizon,3.0
300000,system/heartbeat,1.0
300000,timing/checkpoint_blocking_s,0.4323228201828897
300000,eval/return_mean,582.761962890625
300000,eval/return_std,182.67938232421875
300000,eval/return_max,843.866455078125
300000,eval/return_min,255.66160583496094
300000,timing/eval_s,6.838135788682848
300000,eval/selected_horizon,3.0
300000,eval/training_bucket_horizon,3.0
300000,system/heartbeat,1.0
303992,episode/return,441.72332763671875
303992,episode/length,500.0
303993,episode/return,842.7315673828125
303993,episode/length,500.0
303994,episode/return,292.4576721191406
303994,episode/length,500.0
303995,episode/return,212.64569091796875
303995,episode/length,500.0
303996,episode/return,383.42547607421875
303996,episode/length,500.0
303997,episode/return,675.4343872070312
303997,episode/length,500.0
303998,episode/return,506.8565368652344
303998,episode/length,500.0
303999,episode/return,491.87042236328125
303999,episode/length,500.0
307992,episode/return,716.8052978515625
307992,episode/length,500.0
307993,episode/return,311.6391906738281
307993,episode/length,500.0
307994,episode/return,362.1835632324219
307994,episode/length,500.0
307995,episode/return,480.60321044921875
307995,episode/length,500.0
307996,episode/return,368.8257141113281
307996,episode/length,500.0
307997,episode/return,825.4732666015625
307997,episode/length,500.0
307998,episode/return,502.1825256347656
307998,episode/length,500.0
307999,episode/return,597.2991943359375
307999,episode/length,500.0
310000,train/consistency_loss_mean,1.6098897901247255e-05
310000,train/consistency_loss_std,3.460353899869529e-06
310000,train/continue_loss_mean,0.0
310000,train/continue_loss_std,0.0
310000,train/grad_norm_mean,0.6460299795627594
310000,train/grad_norm_std,0.3137826332634959
310000,train/policy_log_std_mean,-0.7630695278644561
310000,train/policy_log_std_std,0.2885130165336341
310000,train/policy_loss_mean,-0.2785864376068115
310000,train/policy_loss_std,0.010501576830061327
310000,train/reward_loss_mean,0.20524470443725587
310000,train/reward_loss_std,0.011377561243965406
310000,train/total_loss_mean,0.05076256734132767
310000,train/total_loss_std,0.0015005593769605433
310000,train/value_loss_mean,0.299161178612709
310000,train/value_loss_std,0.010614041548334932
310000,train/value_scale_mean,204.55146619873048
310000,train/value_scale_std,1.4217664012150337
310000,timing/collect_chunk_s,64.08130623120815
310000,timing/train_chunk_s,20.722578146960586
310000,dense_rhs/training_bucket_horizon,3.0
310000,system/heartbeat,1.0
311992,episode/return,363.114990234375
311992,episode/length,500.0
311993,episode/return,833.5945434570312
311993,episode/length,500.0
311994,episode/return,799.5970458984375
311994,episode/length,500.0
311995,episode/return,463.98504638671875
311995,episode/length,500.0
311996,episode/return,392.5929260253906
311996,episode/length,500.0
311997,episode/return,467.2741394042969
311997,episode/length,500.0
311998,episode/return,600.9539794921875
311998,episode/length,500.0
311999,episode/return,532.598876953125
311999,episode/length,500.0
315992,episode/return,561.653076171875
315992,episode/length,500.0
315993,episode/return,554.3786010742188
315993,episode/length,500.0
315994,episode/return,692.6849975585938
315994,episode/length,500.0
315995,episode/return,332.27337646484375
315995,episode/length,500.0
315996,episode/return,513.133544921875
315996,episode/length,500.0
315997,episode/return,287.1976013183594
315997,episode/length,500.0
315998,episode/return,831.2046508789062
315998,episode/length,500.0
315999,episode/return,561.8497314453125
315999,episode/length,500.0
319992,episode/return,514.40380859375
319992,episode/length,500.0
319993,episode/return,411.0342102050781
319993,episode/length,500.0
319994,episode/return,390.0473937988281
319994,episode/length,500.0
319995,episode/return,496.53094482421875
319995,episode/length,500.0
319996,episode/return,748.7833251953125
319996,episode/length,500.0
319997,episode/return,489.40167236328125
319997,episode/length,500.0
319998,episode/return,873.5919189453125
319998,episode/length,500.0
319999,episode/return,370.45050048828125
319999,episode/length,500.0
320000,train/consistency_loss_mean,1.5829771308926864e-05
320000,train/consistency_loss_std,3.414825346455678e-06
320000,train/continue_loss_mean,0.0
320000,train/continue_loss_std,0.0
320000,train/grad_norm_mean,0.622825398182869
320000,train/grad_norm_std,0.3098283137921208
320000,train/policy_log_std_mean,-0.7685521096229553
320000,train/policy_log_std_std,0.2947085595371988
320000,train/policy_loss_mean,-0.28261670353412627
320000,train/policy_loss_std,0.0104665801606569
320000,train/reward_loss_mean,0.20645526177883147
320000,train/reward_loss_std,0.01136236997331899
320000,train/total_loss_mean,0.051009137222170826
320000,train/total_loss_std,0.001466322767432757
320000,train/value_loss_mean,0.3004701467037201
320000,train/value_loss_std,0.009635813617672156
320000,train/value_scale_mean,203.59273894042968
320000,train/value_scale_std,1.3352331665483765
320000,timing/collect_chunk_s,59.01157500082627
320000,timing/train_chunk_s,20.715271970257163
320000,dense_rhs/training_bucket_horizon,3.0
320000,system/heartbeat,1.0
323992,episode/return,538.2421875
323992,episode/length,500.0
323993,episode/return,437.2106628417969
323993,episode/length,500.0
323994,episode/return,638.5550537109375
323994,episode/length,500.0
323995,episode/return,537.967529296875
323995,episode/length,500.0
323996,episode/return,256.9332275390625
323996,episode/length,500.0
323997,episode/return,272.78839111328125
323997,episode/length,500.0
323998,episode/return,426.2521667480469
323998,episode/length,500.0
323999,episode/return,670.5625
323999,episode/length,500.0
327992,episode/return,827.7593383789062
327992,episode/length,500.0
327993,episode/return,334.8330078125
327993,episode/length,500.0
327994,episode/return,776.6790771484375
327994,episode/length,500.0
327995,episode/return,547.7633056640625
327995,episode/length,500.0
327996,episode/return,596.6920776367188
327996,episode/length,500.0
327997,episode/return,882.3587646484375
327997,episode/length,500.0
327998,episode/return,221.38385009765625
327998,episode/length,500.0
327999,episode/return,741.828125
327999,episode/length,500.0
330000,train/consistency_loss_mean,1.609373323735781e-05
330000,train/consistency_loss_std,3.253923333839851e-06
330000,train/continue_loss_mean,0.0
330000,train/continue_loss_std,0.0
330000,train/grad_norm_mean,0.6198135461807252
330000,train/grad_norm_std,0.3065143801732599
330000,train/policy_log_std_mean,-0.7670222501277923
330000,train/policy_log_std_std,0.29776151549251256
330000,train/policy_loss_mean,-0.2849312156915665
330000,train/policy_loss_std,0.010448864130509099
330000,train/reward_loss_mean,0.20754715638160706
330000,train/reward_loss_std,0.011459198115940695
330000,train/total_loss_mean,0.051707767903804776
330000,train/total_loss_std,0.0014951391809693453
330000,train/value_loss_mean,0.30631176340579985
330000,train/value_loss_std,0.009802138083418692
330000,train/value_scale_mean,202.3118235961914
330000,train/value_scale_std,1.0005523767053932
330000,timing/collect_chunk_s,58.2584951990284
330000,timing/train_chunk_s,20.650297541636974
330000,dense_rhs/training_bucket_horizon,3.0
330000,system/heartbeat,1.0
331992,episode/return,484.40093994140625
331992,episode/length,500.0
331993,episode/return,588.5460815429688
331993,episode/length,500.0
331994,episode/return,746.4122314453125
331994,episode/length,500.0
331995,episode/return,880.36474609375
331995,episode/length,500.0
331996,episode/return,406.1040954589844
331996,episode/length,500.0
331997,episode/return,364.2562255859375
331997,episode/length,500.0
331998,episode/return,845.2955932617188
331998,episode/length,500.0
331999,episode/return,883.7855224609375
331999,episode/length,500.0
335992,episode/return,718.8753662109375
335992,episode/length,500.0
335993,episode/return,574.1947021484375
335993,episode/length,500.0
335994,episode/return,513.56982421875
335994,episode/length,500.0
335995,episode/return,665.8208618164062
335995,episode/length,500.0
335996,episode/return,820.5845336914062
335996,episode/length,500.0
335997,episode/return,714.432861328125
335997,episode/length,500.0
335998,episode/return,709.2415161132812
335998,episode/length,500.0
335999,episode/return,688.7760620117188
335999,episode/length,500.0
339992,episode/return,542.8353271484375
339992,episode/length,500.0
339993,episode/return,572.3299560546875
339993,episode/length,500.0
339994,episode/return,711.9263916015625
339994,episode/length,500.0
339995,episode/return,874.94140625
339995,episode/length,500.0
339996,episode/return,536.2138671875
339996,episode/length,500.0
339997,episode/return,885.5637817382812
339997,episode/length,500.0
339998,episode/return,842.836181640625
339998,episode/length,500.0
339999,episode/return,605.3609008789062
339999,episode/length,500.0
340000,train/consistency_loss_mean,1.5719440864631907e-05
340000,train/consistency_loss_std,4.261766526009332e-06
340000,train/continue_loss_mean,0.0
340000,train/continue_loss_std,0.0
340000,train/grad_norm_mean,0.6001287307739258
340000,train/grad_norm_std,0.3038530318800608
340000,train/policy_log_std_mean,-0.7720970638751984
340000,train/policy_log_std_std,0.29607553848593593
340000,train/policy_loss_mean,-0.28837402341365814
340000,train/policy_loss_std,0.010546429464181965
340000,train/reward_loss_mean,0.20991397943496704
340000,train/reward_loss_std,0.01139385558093363
340000,train/total_loss_mean,0.05205783520042896
340000,train/total_loss_std,0.001531192067871519
340000,train/value_loss_mean,0.30752047574520114
340000,train/value_loss_std,0.009952808656706795
340000,train/value_scale_mean,201.79291278076172
340000,train/value_scale_std,0.98873098257061
340000,timing/collect_chunk_s,65.32375835627317
340000,timing/train_chunk_s,20.674033456016332
340000,dense_rhs/training_bucket_horizon,3.0
340000,system/heartbeat,1.0
343992,episode/return,724.5223999023438
343992,episode/length,500.0
343993,episode/return,877.3331298828125
343993,episode/length,500.0
343994,episode/return,618.5271606445312
343994,episode/length,500.0
343995,episode/return,886.3037109375
343995,episode/length,500.0
343996,episode/return,412.39593505859375
343996,episode/length,500.0
343997,episode/return,550.7103881835938
343997,episode/length,500.0
343998,episode/return,607.8515014648438
343998,episode/length,500.0
343999,episode/return,705.73828125
343999,episode/length,500.0
347992,episode/return,704.8217163085938
347992,episode/length,500.0
347993,episode/return,510.563232421875
347993,episode/length,500.0
347994,episode/return,876.04931640625
347994,episode/length,500.0
347995,episode/return,436.2528076171875
347995,episode/length,500.0
347996,episode/return,662.4331665039062
347996,episode/length,500.0
347997,episode/return,723.407470703125
347997,episode/length,500.0
347998,episode/return,534.732666015625
347998,episode/length,500.0
347999,episode/return,707.0720825195312
347999,episode/length,500.0
350000,train/consistency_loss_mean,1.5177489924826659e-05
350000,train/consistency_loss_std,2.9733490146329137e-06
350000,train/continue_loss_mean,0.0
350000,train/continue_loss_std,0.0
350000,train/grad_norm_mean,0.586499496269226
350000,train/grad_norm_std,0.29688437089057484
350000,train/policy_log_std_mean,-0.7545920774936676
350000,train/policy_log_std_std,0.3127505140119593
350000,train/policy_loss_mean,-0.29108946125507357
350000,train/policy_loss_std,0.010422985609766457
350000,train/reward_loss_mean,0.21207498022317886
350000,train/reward_loss_std,0.011379809076479924
350000,train/total_loss_mean,0.052381650054454804
350000,train/total_loss_std,0.00148044916622956
350000,train/value_loss_mean,0.3087060090303421
350000,train/value_loss_std,0.009250610504238616
350000,train/value_scale_mean,201.7465671875
350000,train/value_scale_std,0.6403270137564324
350000,timing/collect_chunk_s,58.318550527561456
350000,timing/train_chunk_s,20.6650258526206
350000,dense_rhs/training_bucket_horizon,3.0
350000,system/heartbeat,1.0
350000,timing/checkpoint_blocking_s,0.4271388119086623
350000,eval/return_mean,557.83447265625
350000,eval/return_std,152.85850524902344
350000,eval/return_max,839.5497436523438
350000,eval/return_min,372.8427734375
350000,timing/eval_s,6.834233163390309
350000,eval/selected_horizon,3.0
350000,eval/training_bucket_horizon,3.0
350000,system/heartbeat,1.0
351992,episode/return,693.4442138671875
351992,episode/length,500.0
351993,episode/return,723.2943115234375
351993,episode/length,500.0
351994,episode/return,705.9950561523438
351994,episode/length,500.0
351995,episode/return,640.3442993164062
351995,episode/length,500.0
351996,episode/return,471.510498046875
351996,episode/length,500.0
351997,episode/return,693.2537841796875
351997,episode/length,500.0
351998,episode/return,486.673583984375
351998,episode/length,500.0
351999,episode/return,883.3416748046875
351999,episode/length,500.0
355992,episode/return,555.3314208984375
355992,episode/length,500.0
355993,episode/return,713.015380859375
355993,episode/length,500.0
355994,episode/return,765.223388671875
355994,episode/length,500.0
355995,episode/return,278.9315185546875
355995,episode/length,500.0
355996,episode/return,715.6709594726562
355996,episode/length,500.0
355997,episode/return,473.37640380859375
355997,episode/length,500.0
355998,episode/return,577.7567138671875
355998,episode/length,500.0
355999,episode/return,466.3172912597656
355999,episode/length,500.0
359992,episode/return,399.2796325683594
359992,episode/length,500.0
359993,episode/return,402.0035095214844
359993,episode/length,500.0
359994,episode/return,618.9691772460938
359994,episode/length,500.0
359995,episode/return,606.6121826171875
359995,episode/length,500.0
359996,episode/return,413.3844909667969
359996,episode/length,500.0
359997,episode/return,455.1611633300781
359997,episode/length,500.0
359998,episode/return,556.5537109375
359998,episode/length,500.0
359999,episode/return,785.7802124023438
359999,episode/length,500.0
360000,train/consistency_loss_mean,1.4783546514081535e-05
360000,train/consistency_loss_std,2.6696821105708373e-06
360000,train/continue_loss_mean,0.0
360000,train/continue_loss_std,0.0
360000,train/grad_norm_mean,0.5690241032361985
360000,train/grad_norm_std,0.2912232724519661
360000,train/policy_log_std_mean,-0.7683881590366364
360000,train/policy_log_std_std,0.3145358002421976
360000,train/policy_loss_mean,-0.29705087134838104
360000,train/policy_loss_std,0.010475556896235978
360000,train/reward_loss_mean,0.21390966960191726
360000,train/reward_loss_std,0.011350644456505883
360000,train/total_loss_mean,0.05313638960123062
360000,train/total_loss_std,0.0015109351462656796
360000,train/value_loss_mean,0.3144975063562393
360000,train/value_loss_std,0.00922667155665763
360000,train/value_scale_mean,198.77355581054687
360000,train/value_scale_std,1.2978495892859498
360000,timing/collect_chunk_s,58.93406612984836
360000,timing/train_chunk_s,20.716052666772157
360000,dense_rhs/training_bucket_horizon,3.0
360000,system/heartbeat,1.0
363992,episode/return,285.19036865234375
363992,episode/length,500.0
363993,episode/return,723.3687133789062
363993,episode/length,500.0
363994,episode/return,783.2357177734375
363994,episode/length,500.0
363995,episode/return,288.260009765625
363995,episode/length,500.0
363996,episode/return,586.0921630859375
363996,episode/length,500.0
363997,episode/return,744.4684448242188
363997,episode/length,500.0
363998,episode/return,774.8118896484375
363998,episode/length,500.0
363999,episode/return,466.23052978515625
363999,episode/length,500.0
367992,episode/return,506.0952453613281
367992,episode/length,500.0
367993,episode/return,454.9147033691406
367993,episode/length,500.0
367994,episode/return,705.3030395507812
367994,episode/length,500.0
367995,episode/return,829.4310302734375
367995,episode/length,500.0
367996,episode/return,448.70904541015625
367996,episode/length,500.0
367997,episode/return,299.1262512207031
367997,episode/length,500.0
367998,episode/return,383.9676818847656
367998,episode/length,500.0
367999,episode/return,640.0283203125
367999,episode/length,500.0
370000,train/consistency_loss_mean,1.4850440666486975e-05
370000,train/consistency_loss_std,3.7046439245239718e-06
370000,train/continue_loss_mean,0.0
370000,train/continue_loss_std,0.0
370000,train/grad_norm_mean,0.5549672667503357
370000,train/grad_norm_std,0.2835935914989469
370000,train/policy_log_std_mean,-0.7754737066745758
370000,train/policy_log_std_std,0.3193226533667339
370000,train/policy_loss_mean,-0.29682887473106384
370000,train/policy_loss_std,0.010347271244392522
370000,train/reward_loss_mean,0.21500098655223845
370000,train/reward_loss_std,0.011352685928335984
370000,train/total_loss_mean,0.05261572392582893
370000,train/total_loss_std,0.0015316698597434338
370000,train/value_loss_mean,0.30818615112304687
370000,train/value_loss_std,0.009955916650326977
370000,train/value_scale_mean,200.2359838623047
370000,train/value_scale_std,1.1178443853467142
370000,timing/collect_chunk_s,59.13038212200627
370000,timing/train_chunk_s,20.68507575057447
370000,dense_rhs/training_bucket_horizon,3.0
370000,system/heartbeat,1.0
371992,episode/return,470.755615234375
371992,episode/length,500.0
371993,episode/return,484.57208251953125
371993,episode/length,500.0
371994,episode/return,724.71484375
371994,episode/length,500.0
371995,episode/return,408.82501220703125
371995,episode/length,500.0
371996,episode/return,377.068115234375
371996,episode/length,500.0
371997,episode/return,408.79638671875
371997,episode/length,500.0
371998,episode/return,666.5078735351562
371998,episode/length,500.0
371999,episode/return,563.934814453125
371999,episode/length,500.0
375992,episode/return,536.6973876953125
375992,episode/length,500.0
375993,episode/return,671.6380004882812
375993,episode/length,500.0
375994,episode/return,723.014892578125
375994,episode/length,500.0
375995,episode/return,417.2051696777344
375995,episode/length,500.0
375996,episode/return,382.7613525390625
375996,episode/length,500.0
375997,episode/return,486.6766052246094
375997,episode/length,500.0
375998,episode/return,563.736083984375
375998,episode/length,500.0
375999,episode/return,728.2691040039062
375999,episode/length,500.0
379992,episode/return,423.65423583984375
379992,episode/length,500.0
379993,episode/return,615.3809814453125
379993,episode/length,500.0
379994,episode/return,536.301513671875
379994,episode/length,500.0
379995,episode/return,656.0655517578125
379995,episode/length,500.0
379996,episode/return,668.0858154296875
379996,episode/length,500.0
379997,episode/return,710.27734375
379997,episode/length,500.0
379998,episode/return,538.7913208007812
379998,episode/length,500.0
379999,episode/return,663.0984497070312
379999,episode/length,500.0
380000,train/consistency_loss_mean,1.4215293807501439e-05
380000,train/consistency_loss_std,2.8355221376527494e-06
380000,train/continue_loss_mean,0.0
380000,train/continue_loss_std,0.0
380000,train/grad_norm_mean,0.5525942322731018
380000,train/grad_norm_std,0.2824849769436692
380000,train/policy_log_std_mean,-0.7609787479400635
380000,train/policy_log_std_std,0.31885859107579195
380000,train/policy_loss_mean,-0.29936297574043275
380000,train/policy_loss_std,0.010552865106973033
380000,train/reward_loss_mean,0.2156152034521103
380000,train/reward_loss_std,0.01143386690969131
380000,train/total_loss_mean,0.052757010972499845
380000,train/total_loss_std,0.0014635881696205993
380000,train/value_loss_mean,0.30911183857917784
380000,train/value_loss_std,0.008780014931378656
380000,train/value_scale_mean,199.75908950195313
380000,train/value_scale_std,0.5053112661353256
380000,timing/collect_chunk_s,65.66218754928559
380000,timing/train_chunk_s,20.706406290177256
380000,dense_rhs/training_bucket_horizon,3.0
380000,system/heartbeat,1.0
383992,episode/return,844.0427856445312
383992,episode/length,500.0
383993,episode/return,843.8662109375
383993,episode/length,500.0
383994,episode/return,418.4099426269531
383994,episode/length,500.0
383995,episode/return,585.4781494140625
383995,episode/length,500.0
383996,episode/return,708.1734619140625
383996,episode/length,500.0
383997,episode/return,411.6185607910156
383997,episode/length,500.0
383998,episode/return,379.4886474609375
383998,episode/length,500.0
383999,episode/return,305.2430725097656
383999,episode/length,500.0
387992,episode/return,416.3856506347656
387992,episode/length,500.0
387993,episode/return,625.415283203125
387993,episode/length,500.0
387994,episode/return,530.126220703125
387994,episode/length,500.0
387995,episode/return,534.9462280273438
387995,episode/length,500.0
387996,episode/return,530.6336669921875
387996,episode/length,500.0
387997,episode/return,367.6871337890625
387997,episode/length,500.0
387998,episode/return,443.38726806640625
387998,episode/length,500.0
387999,episode/return,578.2822875976562
387999,episode/length,500.0
390000,train/consistency_loss_mean,1.3863161729386776e-05
390000,train/consistency_loss_std,3.9444102327289715e-06
390000,train/continue_loss_mean,0.0
390000,train/continue_loss_std,0.0
390000,train/grad_norm_mean,0.5200641169071197
390000,train/grad_norm_std,0.27566366222961064
390000,train/policy_log_std_mean,-0.7590088617801666
390000,train/policy_log_std_std,0.32677209095044785
390000,train/policy_loss_mean,-0.3018835977554321
390000,train/policy_loss_std,0.01027266262542171
390000,train/reward_loss_mean,0.2165343514919281
390000,train/reward_loss_std,0.011347889718274107
390000,train/total_loss_mean,0.05292426499426365
390000,train/total_loss_std,0.0015017587651348651
390000,train/value_loss_mean,0.3099356576919556
390000,train/value_loss_std,0.009027666098399533
390000,train/value_scale_mean,198.8173180419922
390000,train/value_scale_std,0.4924140425710993
390000,timing/collect_chunk_s,57.38554771570489
390000,timing/train_chunk_s,20.613405258394778
390000,dense_rhs/training_bucket_horizon,3.0
390000,system/heartbeat,1.0
391992,episode/return,233.0689239501953
391992,episode/length,500.0
391993,episode/return,726.8634033203125
391993,episode/length,500.0
391994,episode/return,630.0872802734375
391994,episode/length,500.0
391995,episode/return,312.2371826171875
391995,episode/length,500.0
391996,episode/return,891.3740234375
391996,episode/length,500.0
391997,episode/return,735.0098266601562
391997,episode/length,500.0
391998,episode/return,423.2464294433594
391998,episode/length,500.0
391999,episode/return,486.4739685058594
391999,episode/length,500.0
395992,episode/return,569.4187622070312
395992,episode/length,500.0
395993,episode/return,684.9781494140625
395993,episode/length,500.0
395994,episode/return,550.1974487304688
395994,episode/length,500.0
395995,episode/return,721.99365234375
395995,episode/length,500.0
395996,episode/return,449.8726806640625
395996,episode/length,500.0
395997,episode/return,702.6058349609375
395997,episode/length,500.0
395998,episode/return,405.17236328125
395998,episode/length,500.0
395999,episode/return,324.6014099121094
395999,episode/length,500.0
399992,episode/return,663.5498657226562
399992,episode/length,500.0
399993,episode/return,715.6845092773438
399993,episode/length,500.0
399994,episode/return,663.7792358398438
399994,episode/length,500.0
399995,episode/return,488.12054443359375
399995,episode/length,500.0
399996,episode/return,505.0038146972656
399996,episode/length,500.0
399997,episode/return,608.1841430664062
399997,episode/length,500.0
399998,episode/return,592.388671875
399998,episode/length,500.0
399999,episode/return,774.9425048828125
399999,episode/length,500.0
400000,train/consistency_loss_mean,1.3856339662743267e-05
400000,train/consistency_loss_std,2.84058547994773e-06
400000,train/continue_loss_mean,0.0
400000,train/continue_loss_std,0.0
400000,train/grad_norm_mean,0.5286950763702393
400000,train/grad_norm_std,0.2712394250906656
400000,train/policy_log_std_mean,-0.7693136536121369
400000,train/policy_log_std_std,0.3270949489489141
400000,train/policy_loss_mean,-0.30306133766174315
400000,train/policy_loss_std,0.01026012141827688
400000,train/reward_loss_mean,0.21738152782917022
400000,train/reward_loss_std,0.011430786765136189
400000,train/total_loss_mean,0.05313212383687496
400000,train/total_loss_std,0.0014408519218547073
400000,train/value_loss_mean,0.3111684319972992
400000,train/value_loss_std,0.00825942479923323
400000,train/value_scale_mean,198.31961235351562
400000,train/value_scale_std,0.748611014674649
400000,timing/collect_chunk_s,58.14463098254055
400000,timing/train_chunk_s,20.63560859579593
400000,dense_rhs/training_bucket_horizon,3.0
400000,system/heartbeat,1.0
400000,timing/checkpoint_blocking_s,0.4208693872205913
400000,eval/return_mean,634.6702270507812
400000,eval/return_std,145.89613342285156
400000,eval/return_max,867.7503662109375
400000,eval/return_min,380.2364501953125
400000,timing/eval_s,6.835402749944478
400000,eval/selected_horizon,3.0
400000,eval/training_bucket_horizon,3.0
400000,system/heartbeat,1.0
403992,episode/return,241.35903930664062
403992,episode/length,500.0
403993,episode/return,405.26470947265625
403993,episode/length,500.0
403994,episode/return,371.276611328125
403994,episode/length,500.0
403995,episode/return,417.8946228027344
403995,episode/length,500.0
403996,episode/return,481.9625244140625
403996,episode/length,500.0
403997,episode/return,704.5509033203125
403997,episode/length,500.0
403998,episode/return,405.44427490234375
403998,episode/length,500.0
403999,episode/return,841.0411987304688
403999,episode/length,500.0
407992,episode/return,781.0590209960938
407992,episode/length,500.0
407993,episode/return,702.6524047851562
407993,episode/length,500.0
407994,episode/return,550.370849609375
407994,episode/length,500.0
407995,episode/return,362.1938171386719
407995,episode/length,500.0
407996,episode/return,740.9078979492188
407996,episode/length,500.0
407997,episode/return,712.9306030273438
407997,episode/length,500.0
407998,episode/return,828.62646484375
407998,episode/length,500.0
407999,episode/return,390.95220947265625
407999,episode/length,500.0
410000,train/consistency_loss_mean,1.407179672823986e-05
410000,train/consistency_loss_std,3.205491281331722e-06
410000,train/continue_loss_mean,0.0
410000,train/continue_loss_std,0.0
410000,train/grad_norm_mean,0.5310876533269883
410000,train/grad_norm_std,0.2837506561899028
410000,train/policy_log_std_mean,-0.7558206577777863
410000,train/policy_log_std_std,0.31899725499719
410000,train/policy_loss_mean,-0.30188121631145476
410000,train/policy_loss_std,0.010373654138027289
410000,train/reward_loss_mean,0.21822556191682815
410000,train/reward_loss_std,0.011400013710243248
410000,train/total_loss_mean,0.0530417879730463
410000,train/total_loss_std,0.0014607862137861272
410000,train/value_loss_mean,0.3093779467344284
410000,train/value_loss_std,0.008700649847155826
410000,train/value_scale_mean,199.63818176269533
410000,train/value_scale_std,0.38057273946344367
410000,timing/collect_chunk_s,66.94672423787415
410000,timing/train_chunk_s,20.753941036295146
410000,dense_rhs/training_bucket_horizon,3.0
410000,system/heartbeat,1.0
411992,episode/return,602.4610595703125
411992,episode/length,500.0
411993,episode/return,288.9901123046875
411993,episode/length,500.0
411994,episode/return,635.8624877929688
411994,episode/length,500.0
411995,episode/return,192.8277130126953
411995,episode/length,500.0
411996,episode/return,550.8009033203125
411996,episode/length,500.0
411997,episode/return,712.7092895507812
411997,episode/length,500.0
411998,episode/return,770.6752319335938
411998,episode/length,500.0
411999,episode/return,247.5779266357422
411999,episode/length,500.0
415992,episode/return,515.782470703125
415992,episode/length,500.0
415993,episode/return,514.2628173828125
415993,episode/length,500.0
415994,episode/return,706.6696166992188
415994,episode/length,500.0
415995,episode/return,705.0745239257812
415995,episode/length,500.0
415996,episode/return,423.2930908203125
415996,episode/length,500.0
415997,episode/return,488.2359313964844
415997,episode/length,500.0
415998,episode/return,412.0083312988281
415998,episode/length,500.0
415999,episode/return,485.2279052734375
415999,episode/length,500.0
419992,episode/return,724.33642578125
419992,episode/length,500.0
419993,episode/return,706.606689453125
419993,episode/length,500.0
419994,episode/return,510.51385498046875
419994,episode/length,500.0
419995,episode/return,288.4281921386719
419995,episode/length,500.0
419996,episode/return,586.0615234375
419996,episode/length,500.0
419997,episode/return,418.4269714355469
419997,episode/length,500.0
419998,episode/return,474.9726257324219
419998,episode/length,500.0
419999,episode/return,667.2861328125
419999,episode/length,500.0
420000,train/consistency_loss_mean,1.391381659777835e-05
420000,train/consistency_loss_std,3.04501130372222e-06
420000,train/continue_loss_mean,0.0
420000,train/continue_loss_std,0.0
420000,train/grad_norm_mean,0.5300233885765075
420000,train/grad_norm_std,0.2803605607688538
420000,train/policy_log_std_mean,-0.7643243209838867
420000,train/policy_log_std_std,0.34144797155123874
420000,train/policy_loss_mean,-0.30302468140125277
420000,train/policy_loss_std,0.010387442838935822
420000,train/reward_loss_mean,0.21888349373340607
420000,train/reward_loss_std,0.011351918443565966
420000,train/total_loss_mean,0.053268634957075116
420000,train/total_loss_std,0.0014615826455553957
420000,train/value_loss_mean,0.311020083117485
420000,train/value_loss_std,0.008707428515793439
420000,train/value_scale_mean,199.23985775146485
420000,train/value_scale_std,0.4586447983472726
420000,timing/collect_chunk_s,60.65371139999479
420000,timing/train_chunk_s,20.764400626067072
420000,dense_rhs/training_bucket_horizon,3.0
420000,system/heartbeat,1.0
423992,episode/return,883.740966796875
423992,episode/length,500.0
423993,episode/return,329.1016845703125
423993,episode/length,500.0
423994,episode/return,481.0330505371094
423994,episode/length,500.0
423995,episode/return,874.2155151367188
423995,episode/length,500.0
423996,episode/return,830.3951416015625
423996,episode/length,500.0
423997,episode/return,873.9756469726562
423997,episode/length,500.0
423998,episode/return,660.1465454101562
423998,episode/length,500.0
423999,episode/return,707.9063720703125
423999,episode/length,500.0
427992,episode/return,203.05322265625
427992,episode/length,500.0
427993,episode/return,145.75759887695312
427993,episode/length,500.0
427994,episode/return,576.8479614257812
427994,episode/length,500.0
427995,episode/return,484.4284362792969
427995,episode/length,500.0
427996,episode/return,681.6002807617188
427996,episode/length,500.0
427997,episode/return,515.6239013671875
427997,episode/length,500.0
427998,episode/return,442.9175720214844
427998,episode/length,500.0
427999,episode/return,623.3817749023438
427999,episode/length,500.0
430000,train/consistency_loss_mean,1.3390079355303897e-05
430000,train/consistency_loss_std,2.5660689276871325e-06
430000,train/continue_loss_mean,0.0
430000,train/continue_loss_std,0.0
430000,train/grad_norm_mean,0.5147607712507248
430000,train/grad_norm_std,0.2741747537955502
430000,train/policy_log_std_mean,-0.7468738872051239
430000,train/policy_log_std_std,0.3590127315586625
430000,train/policy_loss_mean,-0.30519141190052035
430000,train/policy_loss_std,0.010416688682970975
430000,train/reward_loss_mean,0.21983320779800414
430000,train/reward_loss_std,0.011436044725257452
430000,train/total_loss_mean,0.05347004121541977
430000,train/total_loss_std,0.0014248332509744918
430000,train/value_loss_mean,0.3121891760587692
430000,train/value_loss_std,0.00819465118743731
430000,train/value_scale_mean,198.56872322998046
430000,train/value_scale_std,0.42972935135282203
430000,timing/collect_chunk_s,58.257706377189606
430000,timing/train_chunk_s,20.71472658077255
430000,dense_rhs/training_bucket_horizon,3.0
430000,system/heartbeat,1.0
431992,episode/return,707.4110717773438
431992,episode/length,500.0
431993,episode/return,821.7230834960938
431993,episode/length,500.0
431994,episode/return,719.6677856445312
431994,episode/length,500.0
431995,episode/return,846.0245361328125
431995,episode/length,500.0
431996,episode/return,583.04736328125
431996,episode/length,500.0
431997,episode/return,849.4336547851562
431997,episode/length,500.0
431998,episode/return,423.4578552246094
431998,episode/length,500.0
431999,episode/return,483.9178161621094
431999,episode/length,500.0
435992,episode/return,707.3583374023438
435992,episode/length,500.0
435993,episode/return,372.8438720703125
435993,episode/length,500.0
435994,episode/return,376.6490783691406
435994,episode/length,500.0
435995,episode/return,496.1361083984375
435995,episode/length,500.0
435996,episode/return,437.71563720703125
435996,episode/length,500.0
435997,episode/return,489.089111328125
435997,episode/length,500.0
435998,episode/return,715.1483764648438
435998,episode/length,500.0
435999,episode/return,712.6766357421875
435999,episode/length,500.0
439992,episode/return,885.1268920898438
439992,episode/length,500.0
439993,episode/return,374.6944885253906
439993,episode/length,500.0
439994,episode/return,299.5288391113281
439994,episode/length,500.0
439995,episode/return,687.542724609375
439995,episode/length,500.0
439996,episode/return,374.57666015625
439996,episode/length,500.0
439997,episode/return,714.0825805664062
439997,episode/length,500.0
439998,episode/return,781.2307739257812
439998,episode/length,500.0
439999,episode/return,386.9051818847656
439999,episode/length,500.0
440000,train/consistency_loss_mean,1.3196508563123643e-05
440000,train/consistency_loss_std,2.828000903840516e-06
440000,train/continue_loss_mean,0.0
440000,train/continue_loss_std,0.0
440000,train/grad_norm_mean,0.5112291523456574
440000,train/grad_norm_std,0.27400016817839185
440000,train/policy_log_std_mean,-0.7531030294418335
440000,train/policy_log_std_std,0.3555988384339645
440000,train/policy_loss_mean,-0.3071980518102646
440000,train/policy_loss_std,0.010252839316709995
440000,train/reward_loss_mean,0.22085108114480972
440000,train/reward_loss_std,0.011312214268741976
440000,train/total_loss_mean,0.05366947382688522
440000,train/total_loss_std,0.0014629890014103454
440000,train/value_loss_mean,0.31320434226989746
440000,train/value_loss_std,0.00863920900403937
440000,train/value_scale_mean,197.84821730957032
440000,train/value_scale_std,0.7377189844684202
440000,timing/collect_chunk_s,57.97140352241695
440000,timing/train_chunk_s,20.712994891684502
440000,dense_rhs/training_bucket_horizon,3.0
440000,system/heartbeat,1.0
443992,episode/return,705.8939208984375
443992,episode/length,500.0
443993,episode/return,739.574951171875
443993,episode/length,500.0
443994,episode/return,471.8363342285156
443994,episode/length,500.0
443995,episode/return,882.02734375
443995,episode/length,500.0
443996,episode/return,533.9879150390625
443996,episode/length,500.0
443997,episode/return,710.1727905273438
443997,episode/length,500.0
443998,episode/return,409.56072998046875
443998,episode/length,500.0
443999,episode/return,704.7977905273438
443999,episode/length,500.0
447992,episode/return,828.8890991210938
447992,episode/length,500.0
447993,episode/return,176.7599639892578
447993,episode/length,500.0
447994,episode/return,438.1863708496094
447994,episode/length,500.0
447995,episode/return,884.5952758789062
447995,episode/length,500.0
447996,episode/return,884.7726440429688
447996,episode/length,500.0
447997,episode/return,309.73822021484375
447997,episode/length,500.0
447998,episode/return,513.5829467773438
447998,episode/length,500.0
447999,episode/return,831.5971069335938
447999,episode/length,500.0
450000,train/consistency_loss_mean,1.3044177077244968e-05
450000,train/consistency_loss_std,2.7484358098333877e-06
450000,train/continue_loss_mean,0.0
450000,train/continue_loss_std,0.0
450000,train/grad_norm_mean,0.5144898043394088
450000,train/grad_norm_std,0.27478659250524723
450000,train/policy_log_std_mean,-0.7557003445148468
450000,train/policy_log_std_std,0.353969562682665
450000,train/policy_loss_mean,-0.3095193282604218
450000,train/policy_loss_std,0.01048712934633515
450000,train/reward_loss_mean,0.22206347155570985
450000,train/reward_loss_std,0.011326118614263803
450000,train/total_loss_mean,0.05398463731706143
450000,train/total_loss_std,0.0014720766667431484
450000,train/value_loss_mean,0.3151740581035614
450000,train/value_loss_std,0.008483817732814656
450000,train/value_scale_mean,197.05496834716797
450000,train/value_scale_std,0.6879973267611804
450000,timing/collect_chunk_s,68.49672389402986
450000,timing/train_chunk_s,20.751071757636964
450000,dense_rhs/training_bucket_horizon,3.0
450000,system/heartbeat,1.0
450000,timing/checkpoint_blocking_s,0.4228289411403239
450000,eval/return_mean,537.9583129882812
450000,eval/return_std,203.7056427001953
450000,eval/return_max,828.4287109375
450000,eval/return_min,84.62496948242188
450000,timing/eval_s,6.831826667767018
450000,eval/selected_horizon,3.0
450000,eval/training_bucket_horizon,3.0
450000,system/heartbeat,1.0
451992,episode/return,718.1156616210938
451992,episode/length,500.0
451993,episode/return,845.37646484375
451993,episode/length,500.0
451994,episode/return,481.3671875
451994,episode/length,500.0
451995,episode/return,844.8364868164062
451995,episode/length,500.0
451996,episode/return,832.8612670898438
451996,episode/length,500.0
451997,episode/return,644.9613037109375
451997,episode/length,500.0
451998,episode/return,671.7803955078125
451998,episode/length,500.0
451999,episode/return,718.9828491210938
451999,episode/length,500.0
455992,episode/return,510.9043273925781
455992,episode/length,500.0
455993,episode/return,508.81585693359375
455993,episode/length,500.0
455994,episode/return,378.4658203125
455994,episode/length,500.0
455995,episode/return,192.1104278564453
455995,episode/length,500.0
455996,episode/return,302.739501953125
455996,episode/length,500.0
455997,episode/return,882.7726440429688
455997,episode/length,500.0
455998,episode/return,536.944091796875
455998,episode/length,500.0
455999,episode/return,876.8179931640625
455999,episode/length,500.0
459992,episode/return,736.01025390625
459992,episode/length,500.0
459993,episode/return,730.2896728515625
459993,episode/length,500.0
459994,episode/return,401.6201477050781
459994,episode/length,500.0
459995,episode/return,735.0260009765625
459995,episode/length,500.0
459996,episode/return,557.1694946289062
459996,episode/length,500.0
459997,episode/return,679.2901611328125
459997,episode/length,500.0
459998,episode/return,667.0546264648438
459998,episode/length,500.0
459999,episode/return,559.214599609375
459999,episode/length,500.0
460000,train/consistency_loss_mean,1.2822862869506935e-05
460000,train/consistency_loss_std,3.0023198423579483e-06
460000,train/continue_loss_mean,0.0
460000,train/continue_loss_std,0.0
460000,train/grad_norm_mean,0.4998852305650711
460000,train/grad_norm_std,0.267285886464304
460000,train/policy_log_std_mean,-0.7730803418159485
460000,train/policy_log_std_std,0.35915106330145374
460000,train/policy_loss_mean,-0.3119302458524704
460000,train/policy_loss_std,0.010511730651077798
460000,train/reward_loss_mean,0.22301632951498032
460000,train/reward_loss_std,0.011405928378610847
460000,train/total_loss_mean,0.05427674386799335
460000,train/total_loss_std,0.0014712085049424204
460000,train/value_loss_mean,0.31718652222156524
460000,train/value_loss_std,0.008100012816645645
460000,train/value_scale_mean,196.0333126098633
460000,train/value_scale_std,0.642237556214247
460000,timing/collect_chunk_s,58.908662943169475
460000,timing/train_chunk_s,20.731673796661198
460000,dense_rhs/training_bucket_horizon,3.0
460000,system/heartbeat,1.0
463992,episode/return,473.90240478515625
463992,episode/length,500.0
463993,episode/return,500.7659912109375
463993,episode/length,500.0
463994,episode/return,428.7843933105469
463994,episode/length,500.0
463995,episode/return,635.9952392578125
463995,episode/length,500.0
463996,episode/return,778.92724609375
463996,episode/length,500.0
463997,episode/return,511.70465087890625
463997,episode/length,500.0
463998,episode/return,509.68408203125
463998,episode/length,500.0
463999,episode/return,560.07373046875
463999,episode/length,500.0
467992,episode/return,719.051025390625
467992,episode/length,500.0
467993,episode/return,375.1881103515625
467993,episode/length,500.0
467994,episode/return,843.3534545898438
467994,episode/length,500.0
467995,episode/return,272.143798828125
467995,episode/length,500.0
467996,episode/return,884.6790771484375
467996,episode/length,500.0
467997,episode/return,368.35723876953125
467997,episode/length,500.0
467998,episode/return,394.4400939941406
467998,episode/length,500.0
467999,episode/return,664.3223876953125
467999,episode/length,500.0
470000,train/consistency_loss_mean,1.2584743216575589e-05
470000,train/consistency_loss_std,2.6559773228791048e-06
470000,train/continue_loss_mean,0.0
470000,train/continue_loss_std,0.0
470000,train/grad_norm_mean,0.4905559254646301
470000,train/grad_norm_std,0.2695975559312436
470000,train/policy_log_std_mean,-0.7722418947696685
470000,train/policy_log_std_std,0.3756902660894274
470000,train/policy_loss_mean,-0.3142363160133362
470000,train/policy_loss_std,0.010568497883744667
470000,train/reward_loss_mean,0.22398237577676772
470000,train/reward_loss_std,0.011538486112417269
470000,train/total_loss_mean,0.054466657415032385
470000,train/total_loss_std,0.0014839564872760453
470000,train/value_loss_mean,0.3181672372341156
470000,train/value_loss_std,0.008036955705532815
470000,train/value_scale_mean,195.46083330078125
470000,train/value_scale_std,0.4938354879974965
470000,timing/collect_chunk_s,59.34205798152834
470000,timing/train_chunk_s,20.71080330386758
470000,dense_rhs/training_bucket_horizon,3.0
470000,system/heartbeat,1.0
471992,episode/return,592.71484375
471992,episode/length,500.0
471993,episode/return,383.82940673828125
471993,episode/length,500.0
471994,episode/return,432.5210266113281
471994,episode/length,500.0
471995,episode/return,314.0729675292969
471995,episode/length,500.0
471996,episode/return,424.1541442871094
471996,episode/length,500.0
471997,episode/return,444.32708740234375
471997,episode/length,500.0
471998,episode/return,368.8075256347656
471998,episode/length,500.0
471999,episode/return,473.68585205078125
471999,episode/length,500.0
475992,episode/return,538.289306640625
475992,episode/length,500.0
475993,episode/return,369.0910949707031
475993,episode/length,500.0
475994,episode/return,884.7981567382812
475994,episode/length,500.0
475995,episode/return,234.45095825195312
475995,episode/length,500.0
475996,episode/return,721.9171752929688
475996,episode/length,500.0
475997,episode/return,884.9630737304688
475997,episode/length,500.0
475998,episode/return,706.6741943359375
475998,episode/length,500.0
475999,episode/return,722.261962890625
475999,episode/length,500.0
479992,episode/return,516.7300415039062
479992,episode/length,500.0
479993,episode/return,606.6808471679688
479993,episode/length,500.0
479994,episode/return,604.6832275390625
479994,episode/length,500.0
479995,episode/return,776.4935302734375
479995,episode/length,500.0
479996,episode/return,479.2841796875
479996,episode/length,500.0
479997,episode/return,480.0928649902344
479997,episode/length,500.0
479998,episode/return,704.5825805664062
479998,episode/length,500.0
479999,episode/return,480.1675720214844
479999,episode/length,500.0
480000,train/consistency_loss_mean,1.239677327539539e-05
480000,train/consistency_loss_std,2.70754888841963e-06
480000,train/continue_loss_mean,0.0
480000,train/continue_loss_std,0.0
480000,train/grad_norm_mean,0.5014998990058899
480000,train/grad_norm_std,0.2744572801921007
480000,train/policy_log_std_mean,-0.7685445171356201
480000,train/policy_log_std_std,0.3801137369887091
480000,train/policy_loss_mean,-0.31392040503025054
480000,train/policy_loss_std,0.01047920180808172
480000,train/reward_loss_mean,0.2238991637468338
480000,train/reward_loss_std,0.011457576914056437
480000,train/total_loss_mean,0.05409673266708851
480000,train/total_loss_std,0.0014672135150789673
480000,train/value_loss_mean,0.3145887989759445
480000,train/value_loss_std,0.007959153979487623
480000,train/value_scale_mean,196.0219495727539
480000,train/value_scale_std,0.49992944174857057
480000,timing/collect_chunk_s,59.37525123404339
480000,timing/train_chunk_s,20.698576469440013
480000,dense_rhs/training_bucket_horizon,3.0
480000,system/heartbeat,1.0
483992,episode/return,611.6791381835938
483992,episode/length,500.0
483993,episode/return,727.3046264648438
483993,episode/length,500.0
483994,episode/return,414.2620544433594
483994,episode/length,500.0
483995,episode/return,773.6680297851562
483995,episode/length,500.0
483996,episode/return,484.27618408203125
483996,episode/length,500.0
483997,episode/return,611.02197265625
483997,episode/length,500.0
483998,episode/return,351.8045349121094
483998,episode/length,500.0
483999,episode/return,480.622314453125
483999,episode/length,500.0
487992,episode/return,581.506591796875
487992,episode/length,500.0
487993,episode/return,377.2047119140625
487993,episode/length,500.0
487994,episode/return,506.4688415527344
487994,episode/length,500.0
487995,episode/return,509.876953125
487995,episode/length,500.0
487996,episode/return,822.1512451171875
487996,episode/length,500.0
487997,episode/return,830.67822265625
487997,episode/length,500.0
487998,episode/return,547.1663208007812
487998,episode/length,500.0
487999,episode/return,577.6090698242188
487999,episode/length,500.0
490000,train/consistency_loss_mean,1.2312430977181065e-05
490000,train/consistency_loss_std,2.9185447662376585e-06
490000,train/continue_loss_mean,0.0
490000,train/continue_loss_std,0.0
490000,train/grad_norm_mean,0.47865710875988005
490000,train/grad_norm_std,0.2642663534647609
490000,train/policy_log_std_mean,-0.7837810077667237
490000,train/policy_log_std_std,0.37970068009573243
490000,train/policy_loss_mean,-0.31501537930965423
490000,train/policy_loss_std,0.010626542236931909
490000,train/reward_loss_mean,0.22477286732196808
490000,train/reward_loss_std,0.011495185035702758
490000,train/total_loss_mean,0.05392062876820564
490000,train/total_loss_std,0.0014435365033215134
490000,train/value_loss_mean,0.3119709172487259
490000,train/value_loss_std,0.007920020193382367
490000,train/value_scale_mean,196.56780286865234
490000,train/value_scale_std,0.5113435886331786
490000,timing/collect_chunk_s,59.505639989394695
490000,timing/train_chunk_s,20.705990180838853
490000,dense_rhs/training_bucket_horizon,3.0
490000,system/heartbeat,1.0
491992,episode/return,880.4796142578125
491992,episode/length,500.0
491993,episode/return,282.0489807128906
491993,episode/length,500.0
491994,episode/return,842.3069458007812
491994,episode/length,500.0
491995,episode/return,490.4880065917969
491995,episode/length,500.0
491996,episode/return,177.56539916992188
491996,episode/length,500.0
491997,episode/return,485.12445068359375
491997,episode/length,500.0
491998,episode/return,797.9453735351562
491998,episode/length,500.0
491999,episode/return,505.5085144042969
491999,episode/length,500.0
495992,episode/return,786.1233520507812
495992,episode/length,500.0
495993,episode/return,488.0196228027344
495993,episode/length,500.0
495994,episode/return,510.04779052734375
495994,episode/length,500.0
495995,episode/return,432.1679382324219
495995,episode/length,500.0
495996,episode/return,548.4894409179688
495996,episode/length,500.0
495997,episode/return,483.7627258300781
495997,episode/length,500.0
495998,episode/return,397.01849365234375
495998,episode/length,500.0
495999,episode/return,770.7786865234375
495999,episode/length,500.0
499992,episode/return,177.4929962158203
499992,episode/length,500.0
499993,episode/return,462.48406982421875
499993,episode/length,500.0
499994,episode/return,109.52510070800781
499994,episode/length,500.0
499995,episode/return,605.6873779296875
499995,episode/length,500.0
499996,episode/return,779.1090698242188
499996,episode/length,500.0
499997,episode/return,313.411865234375
499997,episode/length,500.0
499998,episode/return,640.7957763671875
499998,episode/length,500.0
499999,episode/return,736.7679443359375
499999,episode/length,500.0
500000,train/consistency_loss_mean,1.2574750951171154e-05
500000,train/consistency_loss_std,2.5602628274557476e-06
500000,train/continue_loss_mean,0.0
500000,train/continue_loss_std,0.0
500000,train/grad_norm_mean,0.4914424257993698
500000,train/grad_norm_std,0.26213518537392394
500000,train/policy_log_std_mean,-0.7841614815235138
500000,train/policy_log_std_std,0.3808640166882565
500000,train/policy_loss_mean,-0.31488362338542936
500000,train/policy_loss_std,0.010711559968998125
500000,train/reward_loss_mean,0.22530249557495116
500000,train/reward_loss_std,0.011569019888830093
500000,train/total_loss_mean,0.05434612140357494
500000,train/total_loss_std,0.0014999058949591393
500000,train/value_loss_mean,0.31564375872612
500000,train/value_loss_std,0.008671474623738403
500000,train/value_scale_mean,196.57873986816406
500000,train/value_scale_std,0.4923736839832439
500000,timing/collect_chunk_s,69.29326393548399
500000,timing/train_chunk_s,20.678618503268808
500000,dense_rhs/training_bucket_horizon,3.0
500000,system/heartbeat,1.0
500000,timing/checkpoint_blocking_s,0.45120776211842895
500000,eval/return_mean,428.2262268066406
500000,eval/return_std,86.90714263916016
500000,eval/return_max,572.1421508789062
500000,eval/return_min,254.70285034179688
500000,timing/eval_s,6.850147686898708
500000,eval/selected_horizon,3.0
500000,eval/training_bucket_horizon,3.0
500000,system/heartbeat,1.0
