step,tag,value
0,timing/prewarm_dense_rhs_s,226.5011788471602
0,system/heartbeat,1.0
3992,episode/return,20.29011344909668
3992,episode/length,500.0
3993,episode/return,9.523096084594727
3993,episode/length,500.0
3994,episode/return,11.52869701385498
3994,episode/length,500.0
3995,episode/return,16.17962074279785
3995,episode/length,500.0
3996,episode/return,8.723355293273926
3996,episode/length,500.0
3997,episode/return,17.688255310058594
3997,episode/length,500.0
3998,episode/return,15.423477172851562
3998,episode/length,500.0
3999,episode/return,9.213947296142578
3999,episode/length,500.0
4000,seed_pretrain/updates_completed,512.0
4000,timing/collect_chunk_s,52.60242313193157
4000,timing/train_chunk_s,237.0859406660311
4000,system/heartbeat,1.0
4000,seed_pretrain/updates_completed,1024.0
4000,timing/collect_chunk_s,52.60242313193157
4000,timing/train_chunk_s,238.1632055863738
4000,system/heartbeat,1.0
4000,seed_pretrain/updates_completed,1536.0
4000,timing/collect_chunk_s,52.60242313193157
4000,timing/train_chunk_s,239.23982657585293
4000,system/heartbeat,1.0
4000,seed_pretrain/updates_completed,2048.0
4000,timing/collect_chunk_s,52.60242313193157
4000,timing/train_chunk_s,240.31808904465288
4000,system/heartbeat,1.0
4000,seed_pretrain/updates_completed,2560.0
4000,timing/collect_chunk_s,52.60242313193157
4000,timing/train_chunk_s,241.3954047029838
4000,system/heartbeat,1.0
4000,seed_pretrain/updates_completed,3072.0
4000,timing/collect_chunk_s,52.60242313193157
4000,timing/train_chunk_s,242.47357451124117
4000,system/heartbeat,1.0
4000,seed_pretrain/updates_completed,3584.0
4000,timing/collect_chunk_s,52.60242313193157
4000,timing/train_chunk_s,243.55199627531692
4000,system/heartbeat,1.0
7992,episode/return,168.0796661376953
7992,episode/length,500.0
7993,episode/return,116.23744201660156
7993,episode/length,500.0
7994,episode/return,169.65121459960938
7994,episode/length,500.0
7995,episode/return,168.25271606445312
7995,episode/length,500.0
7996,episode/return,170.36277770996094
7996,episode/length,500.0
7997,episode/return,165.89309692382812
7997,episode/length,500.0
7998,episode/return,169.77993774414062
7998,episode/length,500.0
7999,episode/return,152.4010009765625
7999,episode/length,500.0
10000,train/consistency_loss_mean,0.00040055411939974873
10000,train/consistency_loss_std,0.0005612493888584113
10000,train/continue_loss_mean,0.0
10000,train/continue_loss_std,0.0
10000,train/grad_norm_mean,0.26086959525346753
10000,train/grad_norm_std,0.08312263888396197
10000,train/policy_log_std_mean,-0.8468848712921142
10000,train/policy_log_std_std,0.47004897849600635
10000,train/policy_loss_mean,-2.2328598212480544
10000,train/policy_loss_std,1.0869617927988053
10000,train/reward_loss_mean,0.16738091498613358
10000,train/reward_loss_std,0.09186355900835477
10000,train/total_loss_mean,0.05351769706904888
10000,train/total_loss_std,0.026262369733815523
10000,train/value_loss_mean,0.2876852244138718
10000,train/value_loss_std,0.08526625653448529
10000,train/value_scale_mean,1.5339746910095216
10000,train/value_scale_std,0.7030931669250289
10000,timing/collect_chunk_s,238.4032066091895
10000,timing/train_chunk_s,304.7140822694637
10000,dense_rhs/training_bucket_horizon,3.0
10000,system/heartbeat,1.0
11992,episode/return,275.5836181640625
11992,episode/length,500.0
11993,episode/return,217.6337432861328
11993,episode/length,500.0
11994,episode/return,271.3285217285156
11994,episode/length,500.0
11995,episode/return,300.2574157714844
11995,episode/length,500.0
11996,episode/return,106.74710845947266
11996,episode/length,500.0
11997,episode/return,273.15972900390625
11997,episode/length,500.0
11998,episode/return,302.4267883300781
11998,episode/length,500.0
11999,episode/return,192.50460815429688
11999,episode/length,500.0
15992,episode/return,247.41067504882812
15992,episode/length,500.0
15993,episode/return,128.47792053222656
15993,episode/length,500.0
15994,episode/return,382.2109375
15994,episode/length,500.0
15995,episode/return,369.7729187011719
15995,episode/length,500.0
15996,episode/return,395.66778564453125
15996,episode/length,500.0
15997,episode/return,380.39208984375
15997,episode/length,500.0
15998,episode/return,229.5655059814453
15998,episode/length,500.0
15999,episode/return,223.0868377685547
15999,episode/length,500.0
19992,episode/return,429.18707275390625
19992,episode/length,500.0
19993,episode/return,445.4104309082031
19993,episode/length,500.0
19994,episode/return,393.4767150878906
19994,episode/length,500.0
19995,episode/return,322.4540100097656
19995,episode/length,500.0
19996,episode/return,439.9256591796875
19996,episode/length,500.0
19997,episode/return,358.5091857910156
19997,episode/length,500.0
19998,episode/return,422.6080017089844
19998,episode/length,500.0
19999,episode/return,443.9747619628906
19999,episode/length,500.0
20000,train/consistency_loss_mean,0.0002362437422387302
20000,train/consistency_loss_std,2.1564658671745268e-05
20000,train/continue_loss_mean,0.0
20000,train/continue_loss_std,0.0
20000,train/grad_norm_mean,0.40265864470005036
20000,train/grad_norm_std,0.11874837589324412
20000,train/policy_log_std_mean,-0.6574088588078817
20000,train/policy_log_std_std,0.28106069914853427
20000,train/policy_loss_mean,-1.1516378302574157
20000,train/policy_loss_std,0.7741785315344296
20000,train/reward_loss_mean,0.23275759315490724
20000,train/reward_loss_std,0.009781424203036607
20000,train/total_loss_mean,0.05722876886427403
20000,train/total_loss_std,0.0019658748781464395
20000,train/value_loss_mean,0.2922813357114792
20000,train/value_loss_std,0.016991335166516634
20000,train/value_scale_mean,21.31675095214844
20000,train/value_scale_std,10.48633341093234
20000,timing/collect_chunk_s,70.7604613029398
20000,timing/train_chunk_s,20.57845290284604
20000,dense_rhs/training_bucket_horizon,3.0
20000,system/heartbeat,1.0
23992,episode/return,379.97735595703125
23992,episode/length,500.0
23993,episode/return,164.0279998779297
23993,episode/length,500.0
23994,episode/return,516.527099609375
23994,episode/length,500.0
23995,episode/return,515.8672485351562
23995,episode/length,500.0
23996,episode/return,520.7247314453125
23996,episode/length,500.0
23997,episode/return,519.7985229492188
23997,episode/length,500.0
23998,episode/return,76.31846618652344
23998,episode/length,500.0
23999,episode/return,509.4181823730469
23999,episode/length,500.0
27992,episode/return,83.18035888671875
27992,episode/length,500.0
27993,episode/return,503.48431396484375
27993,episode/length,500.0
27994,episode/return,543.1809692382812
27994,episode/length,500.0
27995,episode/return,78.47401428222656
27995,episode/length,500.0
27996,episode/return,522.5099487304688
27996,episode/length,500.0
27997,episode/return,62.56319046020508
27997,episode/length,500.0
27998,episode/return,532.8590087890625
27998,episode/length,500.0
27999,episode/return,442.34014892578125
27999,episode/length,500.0
30000,train/consistency_loss_mean,0.00022121248346520587
30000,train/consistency_loss_std,1.7911147519471992e-05
30000,train/continue_loss_mean,0.0
30000,train/continue_loss_std,0.0
30000,train/grad_norm_mean,0.43374429485797883
30000,train/grad_norm_std,0.12377263433661968
30000,train/policy_log_std_mean,-0.5575615090370178
30000,train/policy_log_std_std,0.22839961363936875
30000,train/policy_loss_mean,-0.7427015097141266
30000,train/policy_loss_std,0.09127032286248671
30000,train/reward_loss_mean,0.2483932829618454
30000,train/reward_loss_std,0.008709613038494844
30000,train/total_loss_mean,0.05935478466153145
30000,train/total_loss_std,0.003149390074877134
30000,train/value_loss_mean,0.30091205644607544
30000,train/value_loss_std,0.030861113606847346
30000,train/value_scale_mean,44.26050267028808
30000,train/value_scale_std,6.358648826351316
30000,timing/collect_chunk_s,69.66815018327907
30000,timing/train_chunk_s,20.5390916778706
30000,dense_rhs/training_bucket_horizon,3.0
30000,system/heartbeat,1.0
31992,episode/return,249.3039093017578
31992,episode/length,500.0
31993,episode/return,376.30670166015625
31993,episode/length,500.0
31994,episode/return,598.024658203125
31994,episode/length,500.0
31995,episode/return,295.2466125488281
31995,episode/length,500.0
31996,episode/return,617.605712890625
31996,episode/length,500.0
31997,episode/return,610.8323974609375
31997,episode/length,500.0
31998,episode/return,613.7313232421875
31998,episode/length,500.0
31999,episode/return,594.7825927734375
31999,episode/length,500.0
35992,episode/return,641.9617919921875
35992,episode/length,500.0
35993,episode/return,675.8268432617188
35993,episode/length,500.0
35994,episode/return,394.958740234375
35994,episode/length,500.0
35995,episode/return,605.4306030273438
35995,episode/length,500.0
35996,episode/return,649.6759643554688
35996,episode/length,500.0
35997,episode/return,556.0045776367188
35997,episode/length,500.0
35998,episode/return,689.6715087890625
35998,episode/length,500.0
35999,episode/return,668.2139282226562
35999,episode/length,500.0
39992,episode/return,389.8969421386719
39992,episode/length,500.0
39993,episode/return,658.6367797851562
39993,episode/length,500.0
39994,episode/return,559.6167602539062
39994,episode/length,500.0
39995,episode/return,387.77764892578125
39995,episode/length,500.0
39996,episode/return,491.3138122558594
39996,episode/length,500.0
39997,episode/return,557.0248413085938
39997,episode/length,500.0
39998,episode/return,601.34375
39998,episode/length,500.0
39999,episode/return,420.5095520019531
39999,episode/length,500.0
40000,train/consistency_loss_mean,0.00019874540041200817
40000,train/consistency_loss_std,1.829772896345441e-05
40000,train/continue_loss_mean,0.0
40000,train/continue_loss_std,0.0
40000,train/grad_norm_mean,0.4721009596824646
40000,train/grad_norm_std,0.16101228637466206
40000,train/policy_log_std_mean,-0.6229317120869955
40000,train/policy_log_std_std,0.20932372468961943
40000,train/policy_loss_mean,-0.9071874441146851
40000,train/policy_loss_std,0.055574613509003924
40000,train/reward_loss_mean,0.2510152909636498
40000,train/reward_loss_std,0.009412613378588962
40000,train/total_loss_mean,0.05781073378920555
40000,train/total_loss_std,0.0036153223343444708
40000,train/value_loss_mean,0.2873429568290711
40000,train/value_loss_std,0.03624154544840089
40000,train/value_scale_mean,50.3813354095459
40000,train/value_scale_std,2.3485156480795
40000,timing/collect_chunk_s,68.97370072081685
40000,timing/train_chunk_s,20.522431507706642
40000,dense_rhs/training_bucket_horizon,3.0
40000,system/heartbeat,1.0
43992,episode/return,518.2412109375
43992,episode/length,500.0
43993,episode/return,725.2501831054688
43993,episode/length,500.0
43994,episode/return,302.45880126953125
43994,episode/length,500.0
43995,episode/return,619.8694458007812
43995,episode/length,500.0
43996,episode/return,497.7427062988281
43996,episode/length,500.0
43997,episode/return,714.6642456054688
43997,episode/length,500.0
43998,episode/return,682.0489501953125
43998,episode/length,500.0
43999,episode/return,489.3022155761719
43999,episode/length,500.0
47992,episode/return,710.917724609375
47992,episode/length,500.0
47993,episode/return,695.802978515625
47993,episode/length,500.0
47994,episode/return,691.9158935546875
47994,episode/length,500.0
47995,episode/return,563.4876708984375
47995,episode/length,500.0
47996,episode/return,696.6021118164062
47996,episode/length,500.0
47997,episode/return,739.5092163085938
47997,episode/length,500.0
47998,episode/return,642.3095092773438
47998,episode/length,500.0
47999,episode/return,713.0824584960938
47999,episode/length,500.0
50000,train/consistency_loss_mean,0.00019087878146674484
50000,train/consistency_loss_std,2.004381999607595e-05
50000,train/continue_loss_mean,0.0
50000,train/continue_loss_std,0.0
50000,train/grad_norm_mean,0.5482716141700744
50000,train/grad_norm_std,0.22930041685312763
50000,train/policy_log_std_mean,-0.6819605238596599
50000,train/policy_log_std_std,0.22722831935340831
50000,train/policy_loss_mean,-0.9922631348609924
50000,train/policy_loss_std,0.04666797241859746
50000,train/reward_loss_mean,0.26145682516098023
50000,train/reward_loss_std,0.008550882905936332
50000,train/total_loss_mean,0.06099636284410954
50000,train/total_loss_std,0.0018723667529866352
50000,train/value_loss_mean,0.31033104190826416
50000,train/value_loss_std,0.015650561812621103
50000,train/value_scale_mean,56.13701648864746
50000,train/value_scale_std,0.8379452334493124
50000,timing/collect_chunk_s,70.10483314888552
50000,timing/train_chunk_s,20.546524579636753
50000,dense_rhs/training_bucket_horizon,3.0
50000,system/heartbeat,1.0
50000,timing/checkpoint_blocking_s,0.43000099109485745
50000,eval/return_mean,391.6835632324219
50000,eval/return_std,160.44589233398438
50000,eval/return_max,709.9856567382812
50000,eval/return_min,105.67112731933594
50000,dense_rhs/deployment_utility_last_observed_gain,0.0
50000,dense_rhs/deployment_utility_observations,0.0
50000,timing/eval_s,102.25605648942292
50000,eval/selected_horizon,3.0
50000,eval/training_bucket_horizon,3.0
50000,system/heartbeat,1.0
51992,episode/return,560.0599365234375
51992,episode/length,500.0
51993,episode/return,591.0365600585938
51993,episode/length,500.0
51994,episode/return,658.3128662109375
51994,episode/length,500.0
51995,episode/return,649.5075073242188
51995,episode/length,500.0
51996,episode/return,576.9335327148438
51996,episode/length,500.0
51997,episode/return,671.9561767578125
51997,episode/length,500.0
51998,episode/return,170.24795532226562
51998,episode/length,500.0
51999,episode/return,613.2538452148438
51999,episode/length,500.0
55992,episode/return,666.5599365234375
55992,episode/length,500.0
55993,episode/return,555.9866943359375
55993,episode/length,500.0
55994,episode/return,774.3909912109375
55994,episode/length,500.0
55995,episode/return,598.6405029296875
55995,episode/length,500.0
55996,episode/return,614.0348510742188
55996,episode/length,500.0
55997,episode/return,641.5598754882812
55997,episode/length,500.0
55998,episode/return,702.3063354492188
55998,episode/length,500.0
55999,episode/return,756.6345825195312
55999,episode/length,500.0
59992,episode/return,811.7459106445312
59992,episode/length,500.0
59993,episode/return,838.0369262695312
59993,episode/length,500.0
59994,episode/return,783.304443359375
59994,episode/length,500.0
59995,episode/return,783.867919921875
59995,episode/length,500.0
59996,episode/return,632.6793823242188
59996,episode/length,500.0
59997,episode/return,670.2471313476562
59997,episode/length,500.0
59998,episode/return,814.38671875
59998,episode/length,500.0
59999,episode/return,817.4826049804688
59999,episode/length,500.0
60000,train/consistency_loss_mean,0.00018556530544301496
60000,train/consistency_loss_std,2.186800800099766e-05
60000,train/continue_loss_mean,0.0
60000,train/continue_loss_std,0.0
60000,train/grad_norm_mean,0.6342617153167724
60000,train/grad_norm_std,0.2915525318345986
60000,train/policy_log_std_mean,-0.6736499710083008
60000,train/policy_log_std_std,0.24083504091984712
60000,train/policy_loss_mean,-1.0300553587913512
60000,train/policy_loss_std,0.03405396538355676
60000,train/reward_loss_mean,0.2637320255756378
60000,train/reward_loss_std,0.007983167365202068
60000,train/total_loss_mean,0.05720154457092285
60000,train/total_loss_std,0.0021855789478067347
60000,train/value_loss_mean,0.2711703465938568
60000,train/value_loss_std,0.019935903144708292
60000,train/value_scale_mean,59.63645068359375
60000,train/value_scale_std,1.2326092037737815
60000,timing/collect_chunk_s,71.91179545456544
60000,timing/train_chunk_s,20.54507073154673
60000,dense_rhs/training_bucket_horizon,3.0
60000,system/heartbeat,1.0
63992,episode/return,536.22412109375
63992,episode/length,500.0
63993,episode/return,655.2655029296875
63993,episode/length,500.0
63994,episode/return,753.8160400390625
63994,episode/length,500.0
63995,episode/return,795.9752807617188
63995,episode/length,500.0
63996,episode/return,792.0584716796875
63996,episode/length,500.0
63997,episode/return,758.9281005859375
63997,episode/length,500.0
63998,episode/return,623.798095703125
63998,episode/length,500.0
63999,episode/return,655.822998046875
63999,episode/length,500.0
67992,episode/return,228.47189331054688
67992,episode/length,500.0
67993,episode/return,542.5633544921875
67993,episode/length,500.0
67994,episode/return,526.64697265625
67994,episode/length,500.0
67995,episode/return,462.6283874511719
67995,episode/length,500.0
67996,episode/return,420.12982177734375
67996,episode/length,500.0
67997,episode/return,386.9979553222656
67997,episode/length,500.0
67998,episode/return,488.2362976074219
67998,episode/length,500.0
67999,episode/return,364.93017578125
67999,episode/length,500.0
70000,train/consistency_loss_mean,0.00018806733331875876
70000,train/consistency_loss_std,2.4340720954739916e-05
70000,train/continue_loss_mean,0.0
70000,train/continue_loss_std,0.0
70000,train/grad_norm_mean,0.6855389480352402
70000,train/grad_norm_std,0.308160837460419
70000,train/policy_log_std_mean,-0.6842678541819255
70000,train/policy_log_std_std,0.24019299202382113
70000,train/policy_loss_mean,-1.0075132222652434
70000,train/policy_loss_std,0.016306390441938847
70000,train/reward_loss_mean,0.26047702567577363
70000,train/reward_loss_std,0.008052765735791199
70000,train/total_loss_mean,0.06057292566299438
70000,train/total_loss_std,0.001365728594121062
70000,train/value_loss_mean,0.30763875648975375
70000,train/value_loss_std,0.010500283101677204
70000,train/value_scale_mean,65.56467144775391
70000,train/value_scale_std,1.7547188996625926
70000,timing/collect_chunk_s,67.65954283392057
70000,timing/train_chunk_s,20.50707255816087
70000,dense_rhs/training_bucket_horizon,3.0
70000,system/heartbeat,1.0
70000,dense_rhs/selected_horizon,3.0
70000,dense_rhs/proposed_horizon,3.0
70000,dense_rhs/phase_id,0.0
70000,dense_rhs/num_active_horizons,7.0
70000,dense_rhs/num_candidate_horizons,3.0
70000,dense_rhs/entropy,1.897155523300171
70000,dense_rhs/norm_entropy,0.9749450087547302
70000,dense_rhs/best_fitness,0.03162277489900589
70000,dense_rhs/deployment_score_best,9.057579859472753e-07
70000,dense_rhs/incumbent_deployment_score,9.057579859472753e-07
70000,dense_rhs/proposed_deployment_score,9.057579859472753e-07
70000,dense_rhs/proposed_transition_cost,0.0
70000,dense_rhs/proposed_switch_probability,0.5
70000,dense_rhs/proposed_expected_net_benefit,0.0
70000,dense_rhs/transition_cost_best,0.0
70000,dense_rhs/transition_adjusted_score_best,9.057579859472753e-07
70000,dense_rhs/switch_probability_best,0.5
70000,dense_rhs/expected_improvement_best,0.564189612865448
70000,dense_rhs/expected_loss_best,0.564189612865448
70000,dense_rhs/expected_net_benefit_best,0.0
70000,dense_rhs/return_term_best,1.0
70000,dense_rhs/roughness_term_best,0.9863465428352356
70000,dense_rhs/return_std_term_best,0.0
70000,dense_rhs/learner_proxy_term_best,0.9182959198951721
70000,dense_rhs/model_prefix_loss_best,0.31141799688339233
70000,dense_rhs/model_probe_prefix_best,0.1507604718208313
70000,dense_rhs/planner_return_best,151.1862030029297
70000,dense_rhs/roughness_best,0.17354433238506317
70000,dense_rhs/robust_return_best,230.85931396484375
70000,timing/query_model_diag_s,15.767088206950575
70000,timing/query_env_eval_s,28.941780030261725
70000,timing/query_finalize_s,0.7804353279061615
70000,timing/query_total_s,45.679023946169764
70000,dense_rhs/candidate_3_fitness,0.03162277489900589
70000,dense_rhs/candidate_3_deployment_score,9.057579859472753e-07
70000,dense_rhs/candidate_3_transition_cost,0.0
70000,dense_rhs/candidate_3_transition_adjusted_score,9.057579859472753e-07
70000,dense_rhs/candidate_3_switch_probability,0.5
70000,dense_rhs/candidate_3_expected_net_benefit,0.0
70000,dense_rhs/candidate_3_return,230.85931396484375
70000,dense_rhs/candidate_3_return_term,1.0
70000,dense_rhs/candidate_3_roughness_term,0.9863465428352356
70000,dense_rhs/candidate_3_return_std_term,0.0
70000,dense_rhs/candidate_3_learner_proxy_term,0.9182959198951721
70000,dense_rhs/candidate_2_fitness,0.42419108748435974
70000,dense_rhs/candidate_2_deployment_score,0.012074264697730541
70000,dense_rhs/candidate_2_transition_cost,0.038806695491075516
70000,dense_rhs/candidate_2_transition_adjusted_score,-0.0267324298620224
70000,dense_rhs/candidate_2_switch_probability,0.49245911836624146
70000,dense_rhs/candidate_2_expected_net_benefit,-0.026733338832855225
70000,dense_rhs/candidate_2_return,208.55545043945312
70000,dense_rhs/candidate_2_return_term,0.719795823097229
70000,dense_rhs/candidate_2_roughness_term,1.0
70000,dense_rhs/candidate_2_return_std_term,0.044980406761169434
70000,dense_rhs/candidate_2_learner_proxy_term,1.0
70000,dense_rhs/candidate_4_fitness,0.5109914541244507
70000,dense_rhs/candidate_4_deployment_score,0.05047215148806572
70000,dense_rhs/candidate_4_transition_cost,0.056374333798885345
70000,dense_rhs/candidate_4_transition_adjusted_score,-0.005902182310819626
70000,dense_rhs/candidate_4_switch_probability,0.49833476543426514
70000,dense_rhs/candidate_4_expected_net_benefit,-0.005903124809265137
70000,dense_rhs/candidate_4_return,229.22064208984375
70000,dense_rhs/candidate_4_return_term,0.9794133305549622
70000,dense_rhs/candidate_4_roughness_term,0.8888306021690369
70000,dense_rhs/candidate_4_return_std_term,0.07831829786300659
70000,dense_rhs/candidate_4_learner_proxy_term,0.7879624366760254
70000,dense_rhs/deployment_utility_enabled,1.0
70000,dense_rhs/deployment_utility_observations,0.0
70000,dense_rhs/deployment_utility_last_observed_gain,0.0
70000,dense_rhs/candidate_2_expected_eval_gain,0.0
70000,dense_rhs/candidate_2_eval_gain_uncertainty,150.0
70000,dense_rhs/candidate_2_deployment_utility_score,39.89212620277156
70000,dense_rhs/candidate_3_expected_eval_gain,0.0
70000,dense_rhs/candidate_3_eval_gain_uncertainty,150.0
70000,dense_rhs/candidate_3_deployment_utility_score,37.5
70000,dense_rhs/candidate_4_expected_eval_gain,0.0
70000,dense_rhs/candidate_4_eval_gain_uncertainty,150.0
70000,dense_rhs/candidate_4_deployment_utility_score,47.5
70000,dense_rhs/deployment_utility_override,0.0
70000,dense_rhs/deployment_utility_selected_expected_gain,0.0
70000,dense_rhs/deployment_utility_selected_uncertainty,150.0
70000,dense_rhs/deployment_utility_selected_score,37.5
70000,dense_rhs/deployment_utility_proposed_horizon,4.0
70000,dense_rhs/deployment_utility_proposed_expected_gain,0.0
70000,dense_rhs/deployment_utility_proposed_uncertainty,150.0
70000,dense_rhs/deployment_utility_proposed_score,47.5
70000,dense_rhs/previous_horizon,3.0
70000,dense_rhs/training_bucket_horizon,3.0
70000,dense_rhs/best_h,3.0
70000,dense_rhs/prob_best_h,0.12109375
70000,dense_rhs/gauss_mean_best_h,0.03162277489900589
70000,dense_rhs/gauss_post_std_best_h,1.0
70000,system/heartbeat,1.0
71992,episode/return,652.1869506835938
71992,episode/length,500.0
71993,episode/return,156.67088317871094
71993,episode/length,500.0
71994,episode/return,555.4650268554688
71994,episode/length,500.0
71995,episode/return,714.9674072265625
71995,episode/length,500.0
71996,episode/return,530.007080078125
71996,episode/length,500.0
71997,episode/return,286.7024841308594
71997,episode/length,500.0
71998,episode/return,541.2432250976562
71998,episode/length,500.0
71999,episode/return,537.0735473632812
71999,episode/length,500.0
75992,episode/return,682.8946533203125
75992,episode/length,500.0
75993,episode/return,646.2391967773438
75993,episode/length,500.0
75994,episode/return,450.51995849609375
75994,episode/length,500.0
75995,episode/return,356.02783203125
75995,episode/length,500.0
75996,episode/return,669.4417114257812
75996,episode/length,500.0
75997,episode/return,791.7219848632812
75997,episode/length,500.0
75998,episode/return,569.9767456054688
75998,episode/length,500.0
75999,episode/return,650.140869140625
75999,episode/length,500.0
79992,episode/return,608.980712890625
79992,episode/length,500.0
79993,episode/return,827.0319213867188
79993,episode/length,500.0
79994,episode/return,667.9653930664062
79994,episode/length,500.0
79995,episode/return,484.3197021484375
79995,episode/length,500.0
79996,episode/return,665.4285888671875
79996,episode/length,500.0
79997,episode/return,701.00439453125
79997,episode/length,500.0
79998,episode/return,682.07568359375
79998,episode/length,500.0
79999,episode/return,557.7278442382812
79999,episode/length,500.0
80000,train/consistency_loss_mean,0.00019758074274286628
80000,train/consistency_loss_std,2.4941914891292673e-05
80000,train/continue_loss_mean,0.0
80000,train/continue_loss_std,0.0
80000,train/grad_norm_mean,0.7162847979068756
80000,train/grad_norm_std,0.3329571894223085
80000,train/policy_log_std_mean,-0.6584985319773357
80000,train/policy_log_std_std,0.24924525019063204
80000,train/policy_loss_mean,-0.9754215036392212
80000,train/policy_loss_std,0.02140836907163853
80000,train/reward_loss_mean,0.2576633878827095
80000,train/reward_loss_std,0.007909218306891064
80000,train/total_loss_mean,0.06125062347650528
80000,train/total_loss_std,0.0012075594787114132
80000,train/value_loss_mean,0.3153266898870468
80000,train/value_loss_std,0.00741316212093484
80000,train/value_scale_mean,69.47080866088868
80000,train/value_scale_std,1.4696684157297917
80000,timing/collect_chunk_s,69.98394311219454
80000,timing/train_chunk_s,20.63856050465256
80000,dense_rhs/training_bucket_horizon,3.0
80000,system/heartbeat,1.0
83992,episode/return,592.9407348632812
83992,episode/length,500.0
83993,episode/return,528.97021484375
83993,episode/length,500.0
83994,episode/return,709.6014404296875
83994,episode/length,500.0
83995,episode/return,637.225341796875
83995,episode/length,500.0
83996,episode/return,525.0213012695312
83996,episode/length,500.0
83997,episode/return,765.2353515625
83997,episode/length,500.0
83998,episode/return,766.5399169921875
83998,episode/length,500.0
83999,episode/return,506.325439453125
83999,episode/length,500.0
87992,episode/return,639.962158203125
87992,episode/length,500.0
87993,episode/return,675.1441040039062
87993,episode/length,500.0
87994,episode/return,796.51318359375
87994,episode/length,500.0
87995,episode/return,635.4449462890625
87995,episode/length,500.0
87996,episode/return,615.1314086914062
87996,episode/length,500.0
87997,episode/return,659.9780883789062
87997,episode/length,500.0
87998,episode/return,683.2476806640625
87998,episode/length,500.0
87999,episode/return,706.2159423828125
87999,episode/length,500.0
90000,train/consistency_loss_mean,0.00020143776001641526
90000,train/consistency_loss_std,2.6679941620600157e-05
90000,train/continue_loss_mean,0.0
90000,train/continue_loss_std,0.0
90000,train/grad_norm_mean,0.7432240163326264
90000,train/grad_norm_std,0.347258650690616
90000,train/policy_log_std_mean,-0.6638218731880188
90000,train/policy_log_std_std,0.24755141544843312
90000,train/policy_loss_mean,-0.9584455024719238
90000,train/policy_loss_std,0.011056900130788387
90000,train/reward_loss_mean,0.2576669571399689
90000,train/reward_loss_std,0.007859315604111874
90000,train/total_loss_mean,0.06167163236141205
90000,train/total_loss_std,0.0011931766332571327
90000,train/value_loss_mean,0.3187618017911911
90000,train/value_loss_std,0.006537916815650926
90000,train/value_scale_mean,72.01424771118164
90000,train/value_scale_std,0.5966881503933699
90000,timing/collect_chunk_s,70.64119811868295
90000,timing/train_chunk_s,20.500537884887308
90000,dense_rhs/training_bucket_horizon,3.0
90000,system/heartbeat,1.0
91992,episode/return,536.1715698242188
91992,episode/length,500.0
91993,episode/return,566.4131469726562
91993,episode/length,500.0
91994,episode/return,602.9555053710938
91994,episode/length,500.0
91995,episode/return,557.67626953125
91995,episode/length,500.0
91996,episode/return,630.3067626953125
91996,episode/length,500.0
91997,episode/return,593.6341552734375
91997,episode/length,500.0
91998,episode/return,582.3296508789062
91998,episode/length,500.0
91999,episode/return,422.9339599609375
91999,episode/length,500.0
95992,episode/return,584.1717529296875
95992,episode/length,500.0
95993,episode/return,804.1620483398438
95993,episode/length,500.0
95994,episode/return,687.5361328125
95994,episode/length,500.0
95995,episode/return,670.6175537109375
95995,episode/length,500.0
95996,episode/return,630.389892578125
95996,episode/length,500.0
95997,episode/return,802.5899658203125
95997,episode/length,500.0
95998,episode/return,527.2911987304688
95998,episode/length,500.0
95999,episode/return,865.2643432617188
95999,episode/length,500.0
99992,episode/return,576.2644653320312
99992,episode/length,500.0
99993,episode/return,580.9163818359375
99993,episode/length,500.0
99994,episode/return,748.2894897460938
99994,episode/length,500.0
99995,episode/return,859.9981079101562
99995,episode/length,500.0
99996,episode/return,519.22900390625
99996,episode/length,500.0
99997,episode/return,837.4686279296875
99997,episode/length,500.0
99998,episode/return,607.040771484375
99998,episode/length,500.0
99999,episode/return,710.1419067382812
99999,episode/length,500.0
100000,train/consistency_loss_mean,0.00020130555370124058
100000,train/consistency_loss_std,2.6769392029874157e-05
100000,train/continue_loss_mean,0.0
100000,train/continue_loss_std,0.0
100000,train/grad_norm_mean,0.7561778785705566
100000,train/grad_norm_std,0.35483611649981384
100000,train/policy_log_std_mean,-0.6755572289148967
100000,train/policy_log_std_std,0.2525280016166621
100000,train/policy_loss_mean,-0.9685936780929565
100000,train/policy_loss_std,0.021098221231400562
100000,train/reward_loss_mean,0.2585766165018082
100000,train/reward_loss_std,0.007892644125536967
100000,train/total_loss_mean,0.06188477697074413
100000,train/total_loss_std,0.0011729529469286968
100000,train/value_loss_mean,0.3200100254058838
100000,train/value_loss_std,0.005927675741455957
100000,train/value_scale_mean,72.39153081054687
100000,train/value_scale_std,0.9706550378577826
100000,timing/collect_chunk_s,71.29089544108137
100000,timing/train_chunk_s,20.50224922830239
100000,dense_rhs/training_bucket_horizon,3.0
100000,system/heartbeat,1.0
100000,timing/checkpoint_blocking_s,0.4650756302289665
100000,eval/return_mean,784.89599609375
100000,eval/return_std,94.35098266601562
100000,eval/return_max,885.632080078125
100000,eval/return_min,448.37774658203125
100000,dense_rhs/deployment_utility_last_observed_gain,393.2124328613281
100000,dense_rhs/deployment_utility_observations,1.0
100000,timing/eval_s,11.01042897393927
100000,eval/selected_horizon,3.0
100000,eval/training_bucket_horizon,3.0
100000,system/heartbeat,1.0
103992,episode/return,724.00537109375
103992,episode/length,500.0
103993,episode/return,625.9197387695312
103993,episode/length,500.0
103994,episode/return,687.613525390625
103994,episode/length,500.0
103995,episode/return,646.4954833984375
103995,episode/length,500.0
103996,episode/return,448.6886901855469
103996,episode/length,500.0
103997,episode/return,706.2745971679688
103997,episode/length,500.0
103998,episode/return,588.8854370117188
103998,episode/length,500.0
103999,episode/return,507.6059265136719
103999,episode/length,500.0
107992,episode/return,285.005126953125
107992,episode/length,500.0
107993,episode/return,836.6802368164062
107993,episode/length,500.0
107994,episode/return,881.2359619140625
107994,episode/length,500.0
107995,episode/return,680.9135131835938
107995,episode/length,500.0
107996,episode/return,766.6317138671875
107996,episode/length,500.0
107997,episode/return,702.3373413085938
107997,episode/length,500.0
107998,episode/return,719.0042114257812
107998,episode/length,500.0
107999,episode/return,750.8906860351562
107999,episode/length,500.0
110000,train/consistency_loss_mean,0.0001999725896748714
110000,train/consistency_loss_std,2.585111076746757e-05
110000,train/continue_loss_mean,0.0
110000,train/continue_loss_std,0.0
110000,train/grad_norm_mean,0.7537553817749023
110000,train/grad_norm_std,0.3498614395536994
110000,train/policy_log_std_mean,-0.6815778186162312
110000,train/policy_log_std_std,0.2537443162389266
110000,train/policy_loss_mean,-1.0104054264068603
110000,train/policy_loss_std,0.012973769242526068
110000,train/reward_loss_mean,0.2599857092857361
110000,train/reward_loss_std,0.007818856292115494
110000,train/total_loss_mean,0.06173589591383934
110000,train/total_loss_std,0.0011296358493262512
110000,train/value_loss_mean,0.3173787195444107
110000,train/value_loss_std,0.005785472764814068
110000,train/value_scale_mean,70.6622690612793
110000,train/value_scale_std,0.3629768658185847
110000,timing/collect_chunk_s,70.70445870282128
110000,timing/train_chunk_s,20.5233075581491
110000,dense_rhs/training_bucket_horizon,3.0
110000,system/heartbeat,1.0
111992,episode/return,747.0142822265625
111992,episode/length,500.0
111993,episode/return,852.1734008789062
111993,episode/length,500.0
111994,episode/return,599.9527587890625
111994,episode/length,500.0
111995,episode/return,721.9373168945312
111995,episode/length,500.0
111996,episode/return,609.601318359375
111996,episode/length,500.0
111997,episode/return,872.9024658203125
111997,episode/length,500.0
111998,episode/return,866.9732055664062
111998,episode/length,500.0
111999,episode/return,877.1996459960938
111999,episode/length,500.0
115992,episode/return,872.3945922851562
115992,episode/length,500.0
115993,episode/return,833.3436889648438
115993,episode/length,500.0
115994,episode/return,890.6064453125
115994,episode/length,500.0
115995,episode/return,882.329345703125
115995,episode/length,500.0
115996,episode/return,580.1588745117188
115996,episode/length,500.0
115997,episode/return,607.3040161132812
115997,episode/length,500.0
115998,episode/return,771.2711791992188
115998,episode/length,500.0
115999,episode/return,755.0364379882812
115999,episode/length,500.0
119992,episode/return,878.5862426757812
119992,episode/length,500.0
119993,episode/return,647.40966796875
119993,episode/length,500.0
119994,episode/return,775.111328125
119994,episode/length,500.0
119995,episode/return,898.5169067382812
119995,episode/length,500.0
119996,episode/return,591.3770141601562
119996,episode/length,500.0
119997,episode/return,803.3651123046875
119997,episode/length,500.0
119998,episode/return,833.9512939453125
119998,episode/length,500.0
119999,episode/return,818.3877563476562
119999,episode/length,500.0
120000,train/consistency_loss_mean,0.0001995509263011627
120000,train/consistency_loss_std,2.562581064687471e-05
120000,train/continue_loss_mean,0.0
120000,train/continue_loss_std,0.0
120000,train/grad_norm_mean,0.7583881785392761
120000,train/grad_norm_std,0.3620594646586267
120000,train/policy_log_std_mean,-0.6743458512624105
120000,train/policy_log_std_std,0.24750355766753632
120000,train/policy_loss_mean,-1.0330748531341554
120000,train/policy_loss_std,0.015285729300169984
120000,train/reward_loss_mean,0.2620542917251587
120000,train/reward_loss_std,0.007777015620185775
120000,train/total_loss_mean,0.06047365081906319
120000,train/total_loss_std,0.0012901913716990025
120000,train/value_loss_mean,0.30277202150821686
120000,train/value_loss_std,0.00909556434380457
120000,train/value_scale_mean,70.39450824584961
120000,train/value_scale_std,0.4613819222039508
120000,timing/collect_chunk_s,70.94568189932033
120000,timing/train_chunk_s,20.56880308780819
120000,dense_rhs/training_bucket_horizon,3.0
120000,system/heartbeat,1.0
120000,dense_rhs/selected_horizon,3.0
120000,dense_rhs/proposed_horizon,3.0
120000,dense_rhs/phase_id,0.0
120000,dense_rhs/num_active_horizons,7.0
120000,dense_rhs/num_candidate_horizons,3.0
120000,dense_rhs/entropy,1.7616102695465088
120000,dense_rhs/norm_entropy,0.9052885174751282
120000,dense_rhs/best_fitness,0.9477038979530334
120000,dense_rhs/deployment_score_best,0.7503433227539062
120000,dense_rhs/incumbent_deployment_score,0.7503433227539062
120000,dense_rhs/proposed_deployment_score,0.7503433227539062
120000,dense_rhs/proposed_transition_cost,0.0
120000,dense_rhs/proposed_switch_probability,0.5
120000,dense_rhs/proposed_expected_net_benefit,0.0
120000,dense_rhs/transition_cost_best,0.0
120000,dense_rhs/transition_adjusted_score_best,0.7503433227539062
120000,dense_rhs/switch_probability_best,0.5
120000,dense_rhs/expected_improvement_best,0.564189612865448
120000,dense_rhs/expected_loss_best,0.564189612865448
120000,dense_rhs/expected_net_benefit_best,0.0
120000,dense_rhs/return_term_best,1.0
120000,dense_rhs/roughness_term_best,0.9766529202461243
120000,dense_rhs/return_std_term_best,0.8259426355361938
120000,dense_rhs/learner_proxy_term_best,0.9301861524581909
120000,dense_rhs/model_prefix_loss_best,0.3001444339752197
120000,dense_rhs/model_probe_prefix_best,0.15640002489089966
120000,dense_rhs/planner_return_best,163.9595184326172
120000,dense_rhs/roughness_best,0.2087468057870865
120000,dense_rhs/robust_return_best,420.43115234375
120000,timing/query_model_diag_s,14.831616337876767
120000,timing/query_env_eval_s,7.266613346990198
120000,timing/query_finalize_s,0.7889603646472096
120000,timing/query_total_s,22.892251710873097
120000,dense_rhs/candidate_3_fitness,0.9477038979530334
120000,dense_rhs/candidate_3_deployment_score,0.7503433227539062
120000,dense_rhs/candidate_3_transition_cost,0.0
120000,dense_rhs/candidate_3_transition_adjusted_score,0.7503433227539062
120000,dense_rhs/candidate_3_switch_probability,0.5
120000,dense_rhs/candidate_3_expected_net_benefit,0.0
120000,dense_rhs/candidate_3_return,420.43115234375
120000,dense_rhs/candidate_3_return_term,1.0
120000,dense_rhs/candidate_3_roughness_term,0.9766529202461243
120000,dense_rhs/candidate_3_return_std_term,0.8259426355361938
120000,dense_rhs/candidate_3_learner_proxy_term,0.9301861524581909
120000,dense_rhs/candidate_4_fitness,0.8960835933685303
120000,dense_rhs/candidate_4_deployment_score,0.44250625371932983
120000,dense_rhs/candidate_4_transition_cost,0.029316170141100883
120000,dense_rhs/candidate_4_transition_adjusted_score,0.413190096616745
120000,dense_rhs/candidate_4_switch_probability,0.40578413009643555
120000,dense_rhs/candidate_4_expected_net_benefit,-0.33715319633483887
120000,dense_rhs/candidate_4_return,405.88238525390625
120000,dense_rhs/candidate_4_return_term,0.9432669281959534
120000,dense_rhs/candidate_4_roughness_term,0.9415611624717712
120000,dense_rhs/candidate_4_return_std_term,0.7259559631347656
120000,dense_rhs/candidate_4_learner_proxy_term,0.8177530169487
120000,dense_rhs/candidate_2_fitness,0.03162277489900589
120000,dense_rhs/candidate_2_deployment_score,3.0847292009639204e-07
120000,dense_rhs/candidate_2_transition_cost,0.044102028012275696
120000,dense_rhs/candidate_2_transition_adjusted_score,-0.04410171881318092
120000,dense_rhs/candidate_2_switch_probability,0.2871406376361847
120000,dense_rhs/candidate_2_expected_net_benefit,-0.7944450974464417
120000,dense_rhs/candidate_2_return,355.103515625
120000,dense_rhs/candidate_2_return_term,0.7452539205551147
120000,dense_rhs/candidate_2_roughness_term,1.0
120000,dense_rhs/candidate_2_return_std_term,0.0
120000,dense_rhs/candidate_2_learner_proxy_term,1.0
120000,dense_rhs/deployment_utility_enabled,1.0
120000,dense_rhs/deployment_utility_observations,1.0
120000,dense_rhs/deployment_utility_last_observed_gain,393.2124328613281
120000,dense_rhs/candidate_2_expected_eval_gain,0.0
120000,dense_rhs/candidate_2_eval_gain_uncertainty,150.0
120000,dense_rhs/candidate_2_deployment_utility_score,37.5
120000,dense_rhs/candidate_3_expected_eval_gain,393.2124328613281
120000,dense_rhs/candidate_3_eval_gain_uncertainty,106.06601717798212
120000,dense_rhs/candidate_3_deployment_utility_score,429.72893715582364
120000,dense_rhs/candidate_4_expected_eval_gain,0.0
120000,dense_rhs/candidate_4_eval_gain_uncertainty,150.0
120000,dense_rhs/candidate_4_deployment_utility_score,43.39738208824986
120000,dense_rhs/deployment_utility_override,0.0
120000,dense_rhs/deployment_utility_selected_expected_gain,393.2124328613281
120000,dense_rhs/deployment_utility_selected_uncertainty,106.06601717798212
120000,dense_rhs/deployment_utility_selected_score,429.72893715582364
120000,dense_rhs/deployment_utility_proposed_horizon,3.0
120000,dense_rhs/deployment_utility_proposed_expected_gain,393.2124328613281
120000,dense_rhs/deployment_utility_proposed_uncertainty,106.06601717798212
120000,dense_rhs/deployment_utility_proposed_score,429.72893715582364
120000,dense_rhs/previous_horizon,3.0
120000,dense_rhs/training_bucket_horizon,3.0
120000,dense_rhs/best_h,3.0
120000,dense_rhs/prob_best_h,0.115234375
120000,dense_rhs/gauss_mean_best_h,0.48966333270072937
120000,dense_rhs/gauss_post_std_best_h,0.323883593082428
120000,system/heartbeat,1.0
123992,episode/return,820.3701782226562
123992,episode/length,500.0
123993,episode/return,780.3906860351562
123993,episode/length,500.0
123994,episode/return,771.818359375
123994,episode/length,500.0
123995,episode/return,719.1428833007812
123995,episode/length,500.0
123996,episode/return,729.3736572265625
123996,episode/length,500.0
123997,episode/return,765.0505981445312
123997,episode/length,500.0
123998,episode/return,713.3508911132812
123998,episode/length,500.0
123999,episode/return,771.1575927734375
123999,episode/length,500.0
127992,episode/return,703.41015625
127992,episode/length,500.0
127993,episode/return,845.9546508789062
127993,episode/length,500.0
127994,episode/return,621.5947875976562
127994,episode/length,500.0
127995,episode/return,782.5872192382812
127995,episode/length,500.0
127996,episode/return,866.3824462890625
127996,episode/length,500.0
127997,episode/return,669.0708618164062
127997,episode/length,500.0
127998,episode/return,790.505615234375
127998,episode/length,500.0
127999,episode/return,710.7378540039062
127999,episode/length,500.0
130000,train/consistency_loss_mean,0.00020071569230640306
130000,train/consistency_loss_std,2.6173164774647592e-05
130000,train/continue_loss_mean,0.0
130000,train/continue_loss_std,0.0
130000,train/grad_norm_mean,0.7696017713069916
130000,train/grad_norm_std,0.3496420991654762
130000,train/policy_log_std_mean,-0.6642103741327922
130000,train/policy_log_std_std,0.24859203589228154
130000,train/policy_loss_mean,-1.0618258083343506
130000,train/policy_loss_std,0.014133276485588295
130000,train/reward_loss_mean,0.2651016902923584
130000,train/reward_loss_std,0.007702046302284967
130000,train/total_loss_mean,0.057916650587320324
130000,train/total_loss_std,0.001406620523914924
130000,train/value_loss_mean,0.27392166464328765
130000,train/value_loss_std,0.01137236852238046
130000,train/value_scale_mean,69.78462475585937
130000,train/value_scale_std,0.4210237109116287
130000,timing/collect_chunk_s,73.32976228371263
130000,timing/train_chunk_s,20.62231266312301
130000,dense_rhs/training_bucket_horizon,3.0
130000,system/heartbeat,1.0
131992,episode/return,881.8212280273438
131992,episode/length,500.0
131993,episode/return,796.6221923828125
131993,episode/length,500.0
131994,episode/return,753.6405029296875
131994,episode/length,500.0
131995,episode/return,774.6757202148438
131995,episode/length,500.0
131996,episode/return,795.082763671875
131996,episode/length,500.0
131997,episode/return,594.5703125
131997,episode/length,500.0
131998,episode/return,742.3197021484375
131998,episode/length,500.0
131999,episode/return,850.6060180664062
131999,episode/length,500.0
135992,episode/return,780.66259765625
135992,episode/length,500.0
135993,episode/return,901.2769165039062
135993,episode/length,500.0
135994,episode/return,881.796875
135994,episode/length,500.0
135995,episode/return,743.7219848632812
135995,episode/length,500.0
135996,episode/return,876.1849975585938
135996,episode/length,500.0
135997,episode/return,876.554443359375
135997,episode/length,500.0
135998,episode/return,865.06982421875
135998,episode/length,500.0
135999,episode/return,865.5245361328125
135999,episode/length,500.0
139992,episode/return,711.5913696289062
139992,episode/length,500.0
139993,episode/return,638.3585205078125
139993,episode/length,500.0
139994,episode/return,769.5418090820312
139994,episode/length,500.0
139995,episode/return,739.9089965820312
139995,episode/length,500.0
139996,episode/return,880.22607421875
139996,episode/length,500.0
139997,episode/return,778.1557006835938
139997,episode/length,500.0
139998,episode/return,622.505859375
139998,episode/length,500.0
139999,episode/return,618.5142211914062
139999,episode/length,500.0
140000,train/consistency_loss_mean,0.00019951968961395323
140000,train/consistency_loss_std,2.6875446240631868e-05
140000,train/continue_loss_mean,0.0
140000,train/continue_loss_std,0.0
140000,train/grad_norm_mean,0.761877614569664
140000,train/grad_norm_std,0.3558883214277864
140000,train/policy_log_std_mean,-0.6506996188481649
140000,train/policy_log_std_std,0.24686845414472114
140000,train/policy_loss_mean,-1.0920947078704835
140000,train/policy_loss_std,0.01243878386165391
140000,train/reward_loss_mean,0.26808408529758454
140000,train/reward_loss_std,0.007683930771109545
140000,train/total_loss_mean,0.05553484075367451
140000,train/total_loss_std,0.0012935512136530343
140000,train/value_loss_mean,0.247360373878479
140000,train/value_loss_std,0.0096292698621219
140000,train/value_scale_mean,68.79257686767578
140000,train/value_scale_std,0.30312811634689624
140000,timing/collect_chunk_s,71.36571372440085
140000,timing/train_chunk_s,20.56308782985434
140000,dense_rhs/training_bucket_horizon,3.0
140000,system/heartbeat,1.0
143992,episode/return,761.4243774414062
143992,episode/length,500.0
143993,episode/return,772.0991821289062
143993,episode/length,500.0
143994,episode/return,905.9091186523438
143994,episode/length,500.0
143995,episode/return,805.4332885742188
143995,episode/length,500.0
143996,episode/return,888.427490234375
143996,episode/length,500.0
143997,episode/return,585.4617919921875
143997,episode/length,500.0
143998,episode/return,901.155517578125
143998,episode/length,500.0
143999,episode/return,878.0516357421875
143999,episode/length,500.0
147992,episode/return,780.5630493164062
147992,episode/length,500.0
147993,episode/return,895.4741821289062
147993,episode/length,500.0
147994,episode/return,605.8248901367188
147994,episode/length,500.0
147995,episode/return,483.6802673339844
147995,episode/length,500.0
147996,episode/return,892.3379516601562
147996,episode/length,500.0
147997,episode/return,765.5968017578125
147997,episode/length,500.0
147998,episode/return,897.8938598632812
147998,episode/length,500.0
147999,episode/return,641.4874267578125
147999,episode/length,500.0
150000,train/consistency_loss_mean,0.00019671414484037086
150000,train/consistency_loss_std,2.6462842940081453e-05
150000,train/continue_loss_mean,0.0
150000,train/continue_loss_std,0.0
150000,train/grad_norm_mean,0.7438327946186065
150000,train/grad_norm_std,0.3451114270287509
150000,train/policy_log_std_mean,-0.6497099309921265
150000,train/policy_log_std_std,0.2470691315374147
150000,train/policy_loss_mean,-1.1105200313568115
150000,train/policy_loss_std,0.013692698387854543
150000,train/reward_loss_mean,0.27101343345642087
150000,train/reward_loss_std,0.007712263325400206
150000,train/total_loss_mean,0.05437574380338192
150000,train/total_loss_std,0.0012951593691754024
150000,train/value_loss_mean,0.23340116159915925
150000,train/value_loss_std,0.009378991711801178
150000,train/value_scale_mean,68.22949201049805
150000,train/value_scale_std,0.4494685111413249
150000,timing/collect_chunk_s,73.25429064780474
150000,timing/train_chunk_s,20.57522837817669
150000,dense_rhs/training_bucket_horizon,3.0
150000,system/heartbeat,1.0
150000,timing/checkpoint_blocking_s,0.4899744032882154
150000,eval/return_mean,829.59130859375
150000,eval/return_std,92.80301666259766
150000,eval/return_max,926.4075927734375
150000,eval/return_min,536.836181640625
150000,dense_rhs/deployment_utility_last_observed_gain,44.6953125
150000,dense_rhs/deployment_utility_observations,2.0
150000,timing/eval_s,10.884538568090647
150000,eval/selected_horizon,3.0
150000,eval/training_bucket_horizon,3.0
150000,system/heartbeat,1.0
151992,episode/return,834.8837280273438
151992,episode/length,500.0
151993,episode/return,774.93359375
151993,episode/length,500.0
151994,episode/return,899.3339233398438
151994,episode/length,500.0
151995,episode/return,735.2179565429688
151995,episode/length,500.0
151996,episode/return,839.2261962890625
151996,episode/length,500.0
151997,episode/return,760.7710571289062
151997,episode/length,500.0
151998,episode/return,892.6237182617188
151998,episode/length,500.0
151999,episode/return,891.217529296875
151999,episode/length,500.0
155992,episode/return,910.1771850585938
155992,episode/length,500.0
155993,episode/return,618.7288208007812
155993,episode/length,500.0
155994,episode/return,726.482666015625
155994,episode/length,500.0
155995,episode/return,905.7313842773438
155995,episode/length,500.0
155996,episode/return,876.78515625
155996,episode/length,500.0
155997,episode/return,727.2743530273438
155997,episode/length,500.0
155998,episode/return,852.4810180664062
155998,episode/length,500.0
155999,episode/return,877.3414916992188
155999,episode/length,500.0
159992,episode/return,867.5804443359375
159992,episode/length,500.0
159993,episode/return,653.7613525390625
159993,episode/length,500.0
159994,episode/return,798.3073120117188
159994,episode/length,500.0
159995,episode/return,389.3817443847656
159995,episode/length,500.0
159996,episode/return,595.506103515625
159996,episode/length,500.0
159997,episode/return,743.3501586914062
159997,episode/length,500.0
159998,episode/return,832.0697021484375
159998,episode/length,500.0
159999,episode/return,856.15185546875
159999,episode/length,500.0
160000,train/consistency_loss_mean,0.00019718265463598072
160000,train/consistency_loss_std,2.6943717759348724e-05
160000,train/continue_loss_mean,0.0
160000,train/continue_loss_std,0.0
160000,train/grad_norm_mean,0.7494229760169983
160000,train/grad_norm_std,0.352588257707525
160000,train/policy_log_std_mean,-0.6557473782539368
160000,train/policy_log_std_std,0.25183525325923173
160000,train/policy_loss_mean,-1.118902293586731
160000,train/policy_loss_std,0.012315613658848543
160000,train/reward_loss_mean,0.27362474203109743
160000,train/reward_loss_std,0.0077005396595136374
160000,train/total_loss_mean,0.0538376855045557
160000,train/total_loss_std,0.0012614646654348484
160000,train/value_loss_mean,0.22531556980609893
160000,train/value_loss_std,0.008468824247782128
160000,train/value_scale_mean,68.08278838500976
160000,train/value_scale_std,0.4585642711003572
160000,timing/collect_chunk_s,72.72766161244363
160000,timing/train_chunk_s,20.560033698100597
160000,dense_rhs/training_bucket_horizon,3.0
160000,system/heartbeat,1.0
163992,episode/return,731.6997680664062
163992,episode/length,500.0
163993,episode/return,924.3404541015625
163993,episode/length,500.0
163994,episode/return,911.3432006835938
163994,episode/length,500.0
163995,episode/return,627.8720703125
163995,episode/length,500.0
163996,episode/return,878.0442504882812
163996,episode/length,500.0
163997,episode/return,743.9954833984375
163997,episode/length,500.0
163998,episode/return,777.4940795898438
163998,episode/length,500.0
163999,episode/return,764.3800659179688
163999,episode/length,500.0
167992,episode/return,855.2803955078125
167992,episode/length,500.0
167993,episode/return,889.3341064453125
167993,episode/length,500.0
167994,episode/return,649.0072021484375
167994,episode/length,500.0
167995,episode/return,757.8507690429688
167995,episode/length,500.0
167996,episode/return,840.0816040039062
167996,episode/length,500.0
167997,episode/return,723.3106079101562
167997,episode/length,500.0
167998,episode/return,818.3521118164062
167998,episode/length,500.0
167999,episode/return,874.0883178710938
167999,episode/length,500.0
170000,train/consistency_loss_mean,0.00019831809664610774
170000,train/consistency_loss_std,2.649204405342467e-05
170000,train/continue_loss_mean,0.0
170000,train/continue_loss_std,0.0
170000,train/grad_norm_mean,0.7480710643291474
170000,train/grad_norm_std,0.3550192200682063
170000,train/policy_log_std_mean,-0.6636906753857931
170000,train/policy_log_std_std,0.2486654055882232
170000,train/policy_loss_mean,-1.1153582242965698
170000,train/policy_loss_std,0.012059439784059276
170000,train/reward_loss_mean,0.2757692330121994
170000,train/reward_loss_std,0.0075325868906334645
170000,train/total_loss_mean,0.053828152185678484
170000,train/total_loss_std,0.001236746934868951
170000,train/value_loss_mean,0.2228486549258232
170000,train/value_loss_std,0.008250089003004649
170000,train/value_scale_mean,68.6123467956543
170000,train/value_scale_std,0.38068811757980675
170000,timing/collect_chunk_s,71.06622998276725
170000,timing/train_chunk_s,20.529456796124578
170000,dense_rhs/training_bucket_horizon,3.0
170000,system/heartbeat,1.0
170000,dense_rhs/selected_horizon,3.0
170000,dense_rhs/proposed_horizon,2.0
170000,dense_rhs/phase_id,0.0
170000,dense_rhs/num_active_horizons,7.0
170000,dense_rhs/num_candidate_horizons,3.0
170000,dense_rhs/entropy,1.832357406616211
170000,dense_rhs/norm_entropy,0.9416453838348389
170000,dense_rhs/best_fitness,0.03194308653473854
170000,dense_rhs/deployment_score_best,2.2969217639001727e-07
170000,dense_rhs/incumbent_deployment_score,2.2969217639001727e-07
170000,dense_rhs/proposed_deployment_score,0.7392273545265198
170000,dense_rhs/proposed_transition_cost,0.029861053451895714
170000,dense_rhs/proposed_switch_probability,0.9779495596885681
170000,dense_rhs/proposed_expected_net_benefit,0.7093661427497864
170000,dense_rhs/transition_cost_best,0.029861053451895714
170000,dense_rhs/transition_adjusted_score_best,0.7093663215637207
170000,dense_rhs/switch_probability_best,0.9779495596885681
170000,dense_rhs/expected_improvement_best,0.7122543454170227
170000,dense_rhs/expected_loss_best,0.002888219431042671
170000,dense_rhs/expected_net_benefit_best,0.7093661427497864
170000,dense_rhs/return_term_best,0.7086058855056763
170000,dense_rhs/roughness_term_best,0.9739580750465393
170000,dense_rhs/return_std_term_best,5.960464477539063e-08
170000,dense_rhs/learner_proxy_term_best,0.9353774189949036
170000,dense_rhs/model_prefix_loss_best,0.18550477921962738
170000,dense_rhs/model_probe_prefix_best,0.10573559999465942
170000,dense_rhs/planner_return_best,169.4080810546875
170000,dense_rhs/roughness_best,0.058822423219680786
170000,dense_rhs/robust_return_best,349.86224365234375
170000,timing/query_model_diag_s,0.006608991418033838
170000,timing/query_env_eval_s,7.236696204170585
170000,timing/query_finalize_s,0.0018791579641401768
170000,timing/query_total_s,7.250622896011919
170000,dense_rhs/candidate_3_fitness,0.03194308653473854
170000,dense_rhs/candidate_3_deployment_score,2.2969217639001727e-07
170000,dense_rhs/candidate_3_transition_cost,0.0
170000,dense_rhs/candidate_3_transition_adjusted_score,2.2969217639001727e-07
170000,dense_rhs/candidate_3_switch_probability,0.5
170000,dense_rhs/candidate_3_expected_net_benefit,0.0
170000,dense_rhs/candidate_3_return,349.86224365234375
170000,dense_rhs/candidate_3_return_term,0.7086058855056763
170000,dense_rhs/candidate_3_roughness_term,0.9739580750465393
170000,dense_rhs/candidate_3_return_std_term,5.960464477539063e-08
170000,dense_rhs/candidate_3_learner_proxy_term,0.9353774189949036
170000,dense_rhs/candidate_4_fitness,0.5530341267585754
170000,dense_rhs/candidate_4_deployment_score,0.03520527854561806
170000,dense_rhs/candidate_4_transition_cost,0.05856424942612648
170000,dense_rhs/candidate_4_transition_adjusted_score,-0.023358970880508423
170000,dense_rhs/candidate_4_switch_probability,0.473495215177536
170000,dense_rhs/candidate_4_expected_net_benefit,-0.023359209299087524
170000,dense_rhs/candidate_4_return,364.42730712890625
170000,dense_rhs/candidate_4_return_term,0.7657567858695984
170000,dense_rhs/candidate_4_roughness_term,0.8682093024253845
170000,dense_rhs/candidate_4_return_std_term,0.14069795608520508
170000,dense_rhs/candidate_4_learner_proxy_term,0.838170051574707
170000,dense_rhs/candidate_2_fitness,0.9272453188896179
170000,dense_rhs/candidate_2_deployment_score,0.7392273545265198
170000,dense_rhs/candidate_2_transition_cost,0.029861053451895714
170000,dense_rhs/candidate_2_transition_adjusted_score,0.7093663215637207
170000,dense_rhs/candidate_2_switch_probability,0.9779495596885681
170000,dense_rhs/candidate_2_expected_net_benefit,0.7093661427497864
170000,dense_rhs/candidate_2_return,424.12481689453125
170000,dense_rhs/candidate_2_return_term,1.0
170000,dense_rhs/candidate_2_roughness_term,1.0
170000,dense_rhs/candidate_2_return_std_term,0.7392273545265198
170000,dense_rhs/candidate_2_learner_proxy_term,1.0
170000,dense_rhs/deployment_utility_enabled,1.0
170000,dense_rhs/deployment_utility_observations,2.0
170000,dense_rhs/deployment_utility_last_observed_gain,44.6953125
170000,dense_rhs/candidate_2_expected_eval_gain,0.0
170000,dense_rhs/candidate_2_eval_gain_uncertainty,150.0
170000,dense_rhs/candidate_2_deployment_utility_score,47.5
170000,dense_rhs/candidate_3_expected_eval_gain,218.95387268066406
170000,dense_rhs/candidate_3_eval_gain_uncertainty,100.608226628903
170000,dense_rhs/candidate_3_deployment_utility_score,244.10592933788982
170000,dense_rhs/candidate_4_expected_eval_gain,0.0
170000,dense_rhs/candidate_4_eval_gain_uncertainty,150.0
170000,dense_rhs/candidate_4_deployment_utility_score,37.97624130217531
170000,dense_rhs/deployment_utility_override,1.0
170000,dense_rhs/deployment_utility_selected_expected_gain,218.95387268066406
170000,dense_rhs/deployment_utility_selected_uncertainty,100.608226628903
170000,dense_rhs/deployment_utility_selected_score,244.10592933788982
170000,dense_rhs/deployment_utility_proposed_horizon,3.0
170000,dense_rhs/deployment_utility_proposed_expected_gain,218.95387268066406
170000,dense_rhs/deployment_utility_proposed_uncertainty,100.608226628903
170000,dense_rhs/deployment_utility_proposed_score,244.10592933788982
170000,dense_rhs/previous_horizon,3.0
170000,dense_rhs/training_bucket_horizon,3.0
170000,dense_rhs/best_h,3.0
170000,dense_rhs/prob_best_h,0.033203125
170000,dense_rhs/gauss_mean_best_h,0.3370899558067322
170000,dense_rhs/gauss_post_std_best_h,0.2492821216583252
170000,system/heartbeat,1.0
171992,episode/return,922.466796875
171992,episode/length,500.0
171993,episode/return,682.052490234375
171993,episode/length,500.0
171994,episode/return,892.521728515625
171994,episode/length,500.0
171995,episode/return,873.4710083007812
171995,episode/length,500.0
171996,episode/return,766.15576171875
171996,episode/length,500.0
171997,episode/return,771.921142578125
171997,episode/length,500.0
171998,episode/return,875.849853515625
171998,episode/length,500.0
171999,episode/return,889.9613647460938
171999,episode/length,500.0
175992,episode/return,710.100830078125
175992,episode/length,500.0
175993,episode/return,672.7818603515625
175993,episode/length,500.0
175994,episode/return,851.1085205078125
175994,episode/length,500.0
175995,episode/return,860.661865234375
175995,episode/length,500.0
175996,episode/return,840.0130615234375
175996,episode/length,500.0
175997,episode/return,888.69970703125
175997,episode/length,500.0
175998,episode/return,771.5490112304688
175998,episode/length,500.0
175999,episode/return,749.1336669921875
175999,episode/length,500.0
179992,episode/return,892.1341552734375
179992,episode/length,500.0
179993,episode/return,784.4574584960938
179993,episode/length,500.0
179994,episode/return,739.744873046875
179994,episode/length,500.0
179995,episode/return,927.49072265625
179995,episode/length,500.0
179996,episode/return,910.4514770507812
179996,episode/length,500.0
179997,episode/return,814.72509765625
179997,episode/length,500.0
179998,episode/return,772.6104736328125
179998,episode/length,500.0
179999,episode/return,917.3782958984375
179999,episode/length,500.0
180000,train/consistency_loss_mean,0.0002007527587469667
180000,train/consistency_loss_std,2.7896255242586766e-05
180000,train/continue_loss_mean,0.0
180000,train/continue_loss_std,0.0
180000,train/grad_norm_mean,0.7443337915658951
180000,train/grad_norm_std,0.34591909677324884
180000,train/policy_log_std_mean,-0.676648801835378
180000,train/policy_log_std_std,0.24591854964670518
180000,train/policy_loss_mean,-1.1007829808235168
180000,train/policy_loss_std,0.013001475803450088
180000,train/reward_loss_mean,0.2782141435623169
180000,train/reward_loss_std,0.0074747995695778145
180000,train/total_loss_mean,0.05424133849740028
180000,train/total_loss_std,0.0012602933472309376
180000,train/value_loss_mean,0.2240486831665039
180000,train/value_loss_std,0.007917097487492367
180000,train/value_scale_mean,69.97824862060547
180000,train/value_scale_std,0.5928503649558398
180000,timing/collect_chunk_s,72.52362578641623
180000,timing/train_chunk_s,20.463177018798888
180000,dense_rhs/training_bucket_horizon,3.0
180000,system/heartbeat,1.0
183992,episode/return,902.9493408203125
183992,episode/length,500.0
183993,episode/return,546.2813720703125
183993,episode/length,500.0
183994,episode/return,910.8745727539062
183994,episode/length,500.0
183995,episode/return,665.6148681640625
183995,episode/length,500.0
183996,episode/return,812.0076293945312
183996,episode/length,500.0
183997,episode/return,910.9469604492188
183997,episode/length,500.0
183998,episode/return,757.879150390625
183998,episode/length,500.0
183999,episode/return,690.2307739257812
183999,episode/length,500.0
187992,episode/return,900.1353759765625
187992,episode/length,500.0
187993,episode/return,937.3148803710938
187993,episode/length,500.0
187994,episode/return,884.0462036132812
187994,episode/length,500.0
187995,episode/return,924.0778198242188
187995,episode/length,500.0
187996,episode/return,888.3674926757812
187996,episode/length,500.0
187997,episode/return,906.1121215820312
187997,episode/length,500.0
187998,episode/return,251.7277069091797
187998,episode/length,500.0
187999,episode/return,919.2317504882812
187999,episode/length,500.0
190000,train/consistency_loss_mean,0.00020262580622220413
190000,train/consistency_loss_std,2.8999302972437873e-05
190000,train/continue_loss_mean,0.0
190000,train/continue_loss_std,0.0
190000,train/grad_norm_mean,0.7484950961351394
190000,train/grad_norm_std,0.3559962010931785
190000,train/policy_log_std_mean,-0.6985715623219808
190000,train/policy_log_std_std,0.24530924309125873
190000,train/policy_loss_mean,-1.084086891078949
190000,train/policy_loss_std,0.011662291895933742
190000,train/reward_loss_mean,0.28082381842136384
190000,train/reward_loss_std,0.007400753753833857
190000,train/total_loss_mean,0.05544365251660347
190000,train/total_loss_std,0.0012864610248704196
190000,train/value_loss_mean,0.23308753598928453
190000,train/value_loss_std,0.007714629994787503
190000,train/value_scale_mean,71.77877438354493
190000,train/value_scale_std,0.5754837876988285
190000,timing/collect_chunk_s,68.06726958509535
190000,timing/train_chunk_s,20.432179047260433
190000,dense_rhs/training_bucket_horizon,3.0
190000,system/heartbeat,1.0
191992,episode/return,739.9497680664062
191992,episode/length,500.0
191993,episode/return,761.05322265625
191993,episode/length,500.0
191994,episode/return,813.6807250976562
191994,episode/length,500.0
191995,episode/return,801.7860717773438
191995,episode/length,500.0
191996,episode/return,911.3026733398438
191996,episode/length,500.0
191997,episode/return,811.2738037109375
191997,episode/length,500.0
191998,episode/return,678.1068115234375
191998,episode/length,500.0
191999,episode/return,784.238525390625
191999,episode/length,500.0
195992,episode/return,921.8627319335938
195992,episode/length,500.0
195993,episode/return,897.3171997070312
195993,episode/length,500.0
195994,episode/return,713.122314453125
195994,episode/length,500.0
195995,episode/return,554.3367309570312
195995,episode/length,500.0
195996,episode/return,719.36767578125
195996,episode/length,500.0
195997,episode/return,208.61431884765625
195997,episode/length,500.0
195998,episode/return,909.474609375
195998,episode/length,500.0
195999,episode/return,464.10882568359375
195999,episode/length,500.0
199992,episode/return,806.0986328125
199992,episode/length,500.0
199993,episode/return,798.8408203125
199993,episode/length,500.0
199994,episode/return,871.0991821289062
199994,episode/length,500.0
199995,episode/return,660.5992431640625
199995,episode/length,500.0
199996,episode/return,778.3804931640625
199996,episode/length,500.0
199997,episode/return,812.448974609375
199997,episode/length,500.0
199998,episode/return,888.7020263671875
199998,episode/length,500.0
199999,episode/return,728.5679931640625
199999,episode/length,500.0
200000,train/consistency_loss_mean,0.00020242953954730184
200000,train/consistency_loss_std,2.722928099014682e-05
200000,train/continue_loss_mean,0.0
200000,train/continue_loss_std,0.0
200000,train/grad_norm_mean,0.7404193754673004
200000,train/grad_norm_std,0.34286732630342626
200000,train/policy_log_std_mean,-0.6998222807566324
200000,train/policy_log_std_std,0.24792628565376018
200000,train/policy_loss_mean,-1.0713951934814454
200000,train/policy_loss_std,0.015553025845297505
200000,train/reward_loss_mean,0.2830153482913971
200000,train/reward_loss_std,0.007505131865919542
200000,train/total_loss_mean,0.05674649805724621
200000,train/total_loss_std,0.0012502076596595736
200000,train/value_loss_mean,0.2439637119293213
200000,train/value_loss_std,0.007389270350880149
200000,train/value_scale_mean,73.30314891967774
200000,train/value_scale_std,0.8614526377274981
200000,timing/collect_chunk_s,71.89090860914439
200000,timing/train_chunk_s,20.39369924971834
200000,dense_rhs/training_bucket_horizon,3.0
200000,system/heartbeat,1.0
200000,timing/checkpoint_blocking_s,0.45913850609213114
200000,eval/return_mean,755.768798828125
200000,eval/return_std,118.24195098876953
200000,eval/return_max,952.94287109375
200000,eval/return_min,497.7742004394531
200000,dense_rhs/deployment_utility_last_observed_gain,-73.822509765625
200000,dense_rhs/deployment_utility_observations,3.0
200000,timing/eval_s,10.972735611721873
200000,eval/selected_horizon,3.0
200000,eval/training_bucket_horizon,3.0
200000,system/heartbeat,1.0
203992,episode/return,908.53466796875
203992,episode/length,500.0
203993,episode/return,893.0410766601562
203993,episode/length,500.0
203994,episode/return,887.3057861328125
203994,episode/length,500.0
203995,episode/return,643.2312622070312
203995,episode/length,500.0
203996,episode/return,355.31146240234375
203996,episode/length,500.0
203997,episode/return,663.9097290039062
203997,episode/length,500.0
203998,episode/return,836.6039428710938
203998,episode/length,500.0
203999,episode/return,681.5033569335938
203999,episode/length,500.0
207992,episode/return,630.2379760742188
207992,episode/length,500.0
207993,episode/return,642.2561645507812
207993,episode/length,500.0
207994,episode/return,737.6939086914062
207994,episode/length,500.0
207995,episode/return,736.666259765625
207995,episode/length,500.0
207996,episode/return,652.4574584960938
207996,episode/length,500.0
207997,episode/return,947.8473510742188
207997,episode/length,500.0
207998,episode/return,850.360595703125
207998,episode/length,500.0
207999,episode/return,913.25439453125
207999,episode/length,500.0
210000,train/consistency_loss_mean,0.00020371577930636703
210000,train/consistency_loss_std,2.878244172168638e-05
210000,train/continue_loss_mean,0.0
210000,train/continue_loss_std,0.0
210000,train/grad_norm_mean,0.7471219957828522
210000,train/grad_norm_std,0.35639372184060353
210000,train/policy_log_std_mean,-0.6959448218027751
210000,train/policy_log_std_std,0.24822452750083468
210000,train/policy_loss_mean,-1.072443770313263
210000,train/policy_loss_std,0.012267663643330632
210000,train/reward_loss_mean,0.28455638859272003
210000,train/reward_loss_std,0.007447012650280539
210000,train/total_loss_mean,0.05737408567965031
210000,train/total_loss_std,0.0011995467886578336
210000,train/value_loss_mean,0.2484413027048111
210000,train/value_loss_std,0.006559228438756869
210000,train/value_scale_mean,73.59102758789062
210000,train/value_scale_std,0.42812860824311016
210000,timing/collect_chunk_s,68.80703372927383
210000,timing/train_chunk_s,20.537437917664647
210000,dense_rhs/training_bucket_horizon,3.0
210000,system/heartbeat,1.0
211992,episode/return,812.473876953125
211992,episode/length,500.0
211993,episode/return,927.73583984375
211993,episode/length,500.0
211994,episode/return,921.36767578125
211994,episode/length,500.0
211995,episode/return,771.0094604492188
211995,episode/length,500.0
211996,episode/return,883.1995849609375
211996,episode/length,500.0
211997,episode/return,326.6893615722656
211997,episode/length,500.0
211998,episode/return,797.327880859375
211998,episode/length,500.0
211999,episode/return,774.783203125
211999,episode/length,500.0
215992,episode/return,792.0376586914062
215992,episode/length,500.0
215993,episode/return,855.4371337890625
215993,episode/length,500.0
215994,episode/return,757.4562377929688
215994,episode/length,500.0
215995,episode/return,780.5931396484375
215995,episode/length,500.0
215996,episode/return,877.58837890625
215996,episode/length,500.0
215997,episode/return,796.3715209960938
215997,episode/length,500.0
215998,episode/return,616.2723388671875
215998,episode/length,500.0
215999,episode/return,808.7656860351562
215999,episode/length,500.0
219992,episode/return,813.6831665039062
219992,episode/length,500.0
219993,episode/return,901.5652465820312
219993,episode/length,500.0
219994,episode/return,820.0198974609375
219994,episode/length,500.0
219995,episode/return,927.8846435546875
219995,episode/length,500.0
219996,episode/return,794.4659423828125
219996,episode/length,500.0
219997,episode/return,940.0033569335938
219997,episode/length,500.0
219998,episode/return,798.45556640625
219998,episode/length,500.0
219999,episode/return,772.0333251953125
219999,episode/length,500.0
220000,train/consistency_loss_mean,0.00020146891712211073
220000,train/consistency_loss_std,2.8461712051080076e-05
220000,train/continue_loss_mean,0.0
220000,train/continue_loss_std,0.0
220000,train/grad_norm_mean,0.7385248614788056
220000,train/grad_norm_std,0.3571468575001595
220000,train/policy_log_std_mean,-0.6882894699414571
220000,train/policy_log_std_std,0.25184642667368884
220000,train/policy_loss_mean,-1.0863011078834535
220000,train/policy_loss_std,0.011923088276080915
220000,train/reward_loss_mean,0.2863712581157684
220000,train/reward_loss_std,0.0074807780216946925
220000,train/total_loss_mean,0.05727848176956177
220000,train/total_loss_std,0.0011964588629474028
220000,train/value_loss_mean,0.24611976050138473
220000,train/value_loss_std,0.006728383400983662
220000,train/value_scale_mean,72.79125294799805
220000,train/value_scale_std,0.3897411536083328
220000,timing/collect_chunk_s,72.84887516405433
220000,timing/train_chunk_s,20.45451480615884
220000,dense_rhs/training_bucket_horizon,3.0
220000,system/heartbeat,1.0
220000,dense_rhs/selected_horizon,3.0
220000,dense_rhs/proposed_horizon,2.0
220000,dense_rhs/phase_id,0.0
220000,dense_rhs/num_active_horizons,7.0
220000,dense_rhs/num_candidate_horizons,3.0
220000,dense_rhs/entropy,1.7882070541381836
220000,dense_rhs/norm_entropy,0.9189565777778625
220000,dense_rhs/best_fitness,0.03162277489900589
220000,dense_rhs/deployment_score_best,4.776634341396857e-07
220000,dense_rhs/incumbent_deployment_score,4.776634341396857e-07
220000,dense_rhs/proposed_deployment_score,0.3452950716018677
220000,dense_rhs/proposed_transition_cost,0.058761388063430786
220000,dense_rhs/proposed_switch_probability,0.8095502853393555
220000,dense_rhs/proposed_expected_net_benefit,0.2865332067012787
220000,dense_rhs/transition_cost_best,0.058761388063430786
220000,dense_rhs/transition_adjusted_score_best,0.2865336835384369
220000,dense_rhs/switch_probability_best,0.8095502853393555
220000,dense_rhs/expected_improvement_best,0.32082927227020264
220000,dense_rhs/expected_loss_best,0.03429606556892395
220000,dense_rhs/expected_net_benefit_best,0.2865332067012787
220000,dense_rhs/return_term_best,0.8519415855407715
220000,dense_rhs/roughness_term_best,1.0
220000,dense_rhs/return_std_term_best,0.0
220000,dense_rhs/learner_proxy_term_best,0.9067399501800537
220000,dense_rhs/model_prefix_loss_best,0.18854138255119324
220000,dense_rhs/model_probe_prefix_best,0.10665525496006012
220000,dense_rhs/planner_return_best,175.50863647460938
220000,dense_rhs/roughness_best,0.06213480234146118
220000,dense_rhs/robust_return_best,381.48138427734375
220000,timing/query_model_diag_s,14.60234218230471
220000,timing/query_env_eval_s,7.3248560577631
220000,timing/query_finalize_s,0.7691523716785014
220000,timing/query_total_s,22.701545499265194
220000,dense_rhs/candidate_3_fitness,0.03162277489900589
220000,dense_rhs/candidate_3_deployment_score,4.776634341396857e-07
220000,dense_rhs/candidate_3_transition_cost,0.0
220000,dense_rhs/candidate_3_transition_adjusted_score,4.776634341396857e-07
220000,dense_rhs/candidate_3_switch_probability,0.5
220000,dense_rhs/candidate_3_expected_net_benefit,0.0
220000,dense_rhs/candidate_3_return,381.48138427734375
220000,dense_rhs/candidate_3_return_term,0.8519415855407715
220000,dense_rhs/candidate_3_roughness_term,1.0
220000,dense_rhs/candidate_3_return_std_term,0.0
220000,dense_rhs/candidate_3_learner_proxy_term,0.9067399501800537
220000,dense_rhs/candidate_4_fitness,0.7502979040145874
220000,dense_rhs/candidate_4_deployment_score,0.24462944269180298
220000,dense_rhs/candidate_4_transition_cost,0.03167004510760307
220000,dense_rhs/candidate_4_transition_adjusted_score,0.2129593938589096
220000,dense_rhs/candidate_4_switch_probability,0.7862074971199036
220000,dense_rhs/candidate_4_expected_net_benefit,0.2129589170217514
220000,dense_rhs/candidate_4_return,412.21661376953125
220000,dense_rhs/candidate_4_return_term,0.9794328808784485
220000,dense_rhs/candidate_4_roughness_term,0.9588046669960022
220000,dense_rhs/candidate_4_return_std_term,0.33746498823165894
220000,dense_rhs/candidate_4_learner_proxy_term,0.8215824961662292
220000,dense_rhs/candidate_2_fitness,0.7665631771087646
220000,dense_rhs/candidate_2_deployment_score,0.3452950716018677
220000,dense_rhs/candidate_2_transition_cost,0.058761388063430786
220000,dense_rhs/candidate_2_transition_adjusted_score,0.2865336835384369
220000,dense_rhs/candidate_2_switch_probability,0.8095502853393555
220000,dense_rhs/candidate_2_expected_net_benefit,0.2865332067012787
220000,dense_rhs/candidate_2_return,417.17486572265625
220000,dense_rhs/candidate_2_return_term,0.9999999403953552
220000,dense_rhs/candidate_2_roughness_term,0.9928352236747742
220000,dense_rhs/candidate_2_return_std_term,0.34778696298599243
220000,dense_rhs/candidate_2_learner_proxy_term,1.0
220000,dense_rhs/deployment_utility_enabled,1.0
220000,dense_rhs/deployment_utility_observations,3.0
220000,dense_rhs/deployment_utility_last_observed_gain,-73.822509765625
220000,dense_rhs/candidate_2_expected_eval_gain,0.0
220000,dense_rhs/candidate_2_eval_gain_uncertainty,150.0
220000,dense_rhs/candidate_2_deployment_utility_score,47.5
220000,dense_rhs/candidate_3_expected_eval_gain,121.3617451985677
220000,dense_rhs/candidate_3_eval_gain_uncertainty,99.11165070740789
220000,dense_rhs/candidate_3_deployment_utility_score,146.1396578754197
220000,dense_rhs/candidate_4_expected_eval_gain,0.0
220000,dense_rhs/candidate_4_eval_gain_uncertainty,150.0
220000,dense_rhs/candidate_4_deployment_utility_score,44.584645092126365
220000,dense_rhs/deployment_utility_override,1.0
220000,dense_rhs/deployment_utility_selected_expected_gain,121.3617451985677
220000,dense_rhs/deployment_utility_selected_uncertainty,99.11165070740789
220000,dense_rhs/deployment_utility_selected_score,146.1396578754197
220000,dense_rhs/deployment_utility_proposed_horizon,3.0
220000,dense_rhs/deployment_utility_proposed_expected_gain,121.3617451985677
220000,dense_rhs/deployment_utility_proposed_uncertainty,99.11165070740789
220000,dense_rhs/deployment_utility_proposed_score,146.1396578754197
220000,dense_rhs/previous_horizon,3.0
220000,dense_rhs/training_bucket_horizon,3.0
220000,dense_rhs/best_h,3.0
220000,dense_rhs/prob_best_h,0.0078125
220000,dense_rhs/gauss_mean_best_h,0.26072314381599426
220000,dense_rhs/gauss_post_std_best_h,0.19831427931785583
220000,system/heartbeat,1.0
223992,episode/return,662.564453125
223992,episode/length,500.0
223993,episode/return,691.1121826171875
223993,episode/length,500.0
223994,episode/return,925.6765747070312
223994,episode/length,500.0
223995,episode/return,913.0781860351562
223995,episode/length,500.0
223996,episode/return,799.1414794921875
223996,episode/length,500.0
223997,episode/return,803.6018676757812
223997,episode/length,500.0
223998,episode/return,742.7828369140625
223998,episode/length,500.0
223999,episode/return,668.9395141601562
223999,episode/length,500.0
227992,episode/return,935.0888061523438
227992,episode/length,500.0
227993,episode/return,878.7393798828125
227993,episode/length,500.0
227994,episode/return,690.6836547851562
227994,episode/length,500.0
227995,episode/return,815.3626708984375
227995,episode/length,500.0
227996,episode/return,833.2568359375
227996,episode/length,500.0
227997,episode/return,764.4628295898438
227997,episode/length,500.0
227998,episode/return,625.1430053710938
227998,episode/length,500.0
227999,episode/return,802.4978637695312
227999,episode/length,500.0
230000,train/consistency_loss_mean,0.00019993018241366373
230000,train/consistency_loss_std,2.75712806929525e-05
230000,train/continue_loss_mean,0.0
230000,train/continue_loss_std,0.0
230000,train/grad_norm_mean,0.7358439710617065
230000,train/grad_norm_std,0.3602235691059429
230000,train/policy_log_std_mean,-0.6859040213902792
230000,train/policy_log_std_std,0.2503590372926606
230000,train/policy_loss_mean,-1.100602871799469
230000,train/policy_loss_std,0.012330663400157737
230000,train/reward_loss_mean,0.2882463804483414
230000,train/reward_loss_std,0.007406411113673127
230000,train/total_loss_mean,0.057539947140216825
230000,train/total_loss_std,0.001174841187648957
230000,train/value_loss_mean,0.24716704839468
230000,train/value_loss_std,0.00642459859428974
230000,train/value_scale_mean,72.0280408630371
230000,train/value_scale_std,0.4075648661963774
230000,timing/collect_chunk_s,69.17878650315106
230000,timing/train_chunk_s,20.541884522419423
230000,dense_rhs/training_bucket_horizon,3.0
230000,system/heartbeat,1.0
231992,episode/return,841.6871948242188
231992,episode/length,500.0
231993,episode/return,927.810791015625
231993,episode/length,500.0
231994,episode/return,821.436767578125
231994,episode/length,500.0
231995,episode/return,851.115966796875
231995,episode/length,500.0
231996,episode/return,815.3099365234375
231996,episode/length,500.0
231997,episode/return,773.0945434570312
231997,episode/length,500.0
231998,episode/return,926.8729858398438
231998,episode/length,500.0
231999,episode/return,490.43023681640625
231999,episode/length,500.0
235992,episode/return,826.4529418945312
235992,episode/length,500.0
235993,episode/return,762.6812133789062
235993,episode/length,500.0
235994,episode/return,816.0106811523438
235994,episode/length,500.0
235995,episode/return,822.0899658203125
235995,episode/length,500.0
235996,episode/return,770.2555541992188
235996,episode/length,500.0
235997,episode/return,922.4835815429688
235997,episode/length,500.0
235998,episode/return,698.75830078125
235998,episode/length,500.0
235999,episode/return,639.0901489257812
235999,episode/length,500.0
239992,episode/return,633.051025390625
239992,episode/length,500.0
239993,episode/return,918.6336059570312
239993,episode/length,500.0
239994,episode/return,916.1370849609375
239994,episode/length,500.0
239995,episode/return,935.3729858398438
239995,episode/length,500.0
239996,episode/return,925.6087036132812
239996,episode/length,500.0
239997,episode/return,774.0758056640625
239997,episode/length,500.0
239998,episode/return,699.511962890625
239998,episode/length,500.0
239999,episode/return,857.0831909179688
239999,episode/length,500.0
240000,train/consistency_loss_mean,0.00019969733281759546
240000,train/consistency_loss_std,2.7592618698561607e-05
240000,train/continue_loss_mean,0.0
240000,train/continue_loss_std,0.0
240000,train/grad_norm_mean,0.7286160767316818
240000,train/grad_norm_std,0.35411027324756145
240000,train/policy_log_std_mean,-0.6830815080960592
240000,train/policy_log_std_std,0.2503936697358649
240000,train/policy_loss_mean,-1.1069043734550477
240000,train/policy_loss_std,0.01124138104200382
240000,train/reward_loss_mean,0.2899967281103134
240000,train/reward_loss_std,0.0074136792211299575
240000,train/total_loss_mean,0.05785608865320682
240000,train/total_loss_std,0.0011745779622574699
240000,train/value_loss_mean,0.24862468332052232
240000,train/value_loss_std,0.006403168954169841
240000,train/value_scale_mean,71.76907613525391
240000,train/value_scale_std,0.27754248819322597
240000,timing/collect_chunk_s,67.90287363529205
240000,timing/train_chunk_s,20.446574941277504
240000,dense_rhs/training_bucket_horizon,3.0
240000,system/heartbeat,1.0
243992,episode/return,951.1535034179688
243992,episode/length,500.0
243993,episode/return,916.046875
243993,episode/length,500.0
243994,episode/return,947.9873046875
243994,episode/length,500.0
243995,episode/return,938.042236328125
243995,episode/length,500.0
243996,episode/return,926.7823486328125
243996,episode/length,500.0
243997,episode/return,760.1115112304688
243997,episode/length,500.0
243998,episode/return,810.0488891601562
243998,episode/length,500.0
243999,episode/return,938.2677001953125
243999,episode/length,500.0
247992,episode/return,811.74365234375
247992,episode/length,500.0
247993,episode/return,715.4589233398438
247993,episode/length,500.0
247994,episode/return,814.6445922851562
247994,episode/length,500.0
247995,episode/return,913.015869140625
247995,episode/length,500.0
247996,episode/return,938.1824951171875
247996,episode/length,500.0
247997,episode/return,931.23876953125
247997,episode/length,500.0
247998,episode/return,919.92626953125
247998,episode/length,500.0
247999,episode/return,927.0990600585938
247999,episode/length,500.0
250000,train/consistency_loss_mean,0.00019723862124374137
250000,train/consistency_loss_std,2.837439196904287e-05
250000,train/continue_loss_mean,0.0
250000,train/continue_loss_std,0.0
250000,train/grad_norm_mean,0.7148053278684616
250000,train/grad_norm_std,0.3514254632382928
250000,train/policy_log_std_mean,-0.6851451995213826
250000,train/policy_log_std_std,0.24931332152570898
250000,train/policy_loss_mean,-1.1219276487350465
250000,train/policy_loss_std,0.011584084739908285
250000,train/reward_loss_mean,0.29225792841911313
250000,train/reward_loss_std,0.007424114049319555
250000,train/total_loss_mean,0.05851409500539303
250000,train/total_loss_std,0.0012091901196583292
250000,train/value_loss_mean,0.25343528250455855
250000,train/value_loss_std,0.006518277352831515
250000,train/value_scale_mean,71.16381604003907
250000,train/value_scale_std,0.2957219356569907
250000,timing/collect_chunk_s,73.06515016686171
250000,timing/train_chunk_s,20.505605325102806
250000,dense_rhs/training_bucket_horizon,3.0
250000,system/heartbeat,1.0
250000,timing/checkpoint_blocking_s,0.48946442594751716
250000,eval/return_mean,878.56884765625
250000,eval/return_std,79.6724853515625
250000,eval/return_max,957.3182373046875
250000,eval/return_min,698.3553466796875
250000,dense_rhs/deployment_utility_last_observed_gain,122.800048828125
250000,dense_rhs/deployment_utility_observations,4.0
250000,timing/eval_s,10.853191038127989
250000,eval/selected_horizon,3.0
250000,eval/training_bucket_horizon,3.0
250000,system/heartbeat,1.0
251992,episode/return,820.40234375
251992,episode/length,500.0
251993,episode/return,690.6668701171875
251993,episode/length,500.0
251994,episode/return,585.2396850585938
251994,episode/length,500.0
251995,episode/return,931.5889282226562
251995,episode/length,500.0
251996,episode/return,679.36962890625
251996,episode/length,500.0
251997,episode/return,931.6793823242188
251997,episode/length,500.0
251998,episode/return,933.427734375
251998,episode/length,500.0
251999,episode/return,897.828369140625
251999,episode/length,500.0
255992,episode/return,764.6267700195312
255992,episode/length,500.0
255993,episode/return,811.8633422851562
255993,episode/length,500.0
255994,episode/return,758.4070434570312
255994,episode/length,500.0
255995,episode/return,692.1380004882812
255995,episode/length,500.0
255996,episode/return,873.042236328125
255996,episode/length,500.0
255997,episode/return,906.6131591796875
255997,episode/length,500.0
255998,episode/return,766.0755615234375
255998,episode/length,500.0
255999,episode/return,800.5225219726562
255999,episode/length,500.0
259992,episode/return,711.9114990234375
259992,episode/length,500.0
259993,episode/return,794.43994140625
259993,episode/length,500.0
259994,episode/return,834.311767578125
259994,episode/length,500.0
259995,episode/return,863.3214111328125
259995,episode/length,500.0
259996,episode/return,940.9107666015625
259996,episode/length,500.0
259997,episode/return,948.6657104492188
259997,episode/length,500.0
259998,episode/return,925.5332641601562
259998,episode/length,500.0
259999,episode/return,764.9112548828125
259999,episode/length,500.0
260000,train/consistency_loss_mean,0.00019630419191671536
260000,train/consistency_loss_std,2.784503553924573e-05
260000,train/continue_loss_mean,0.0
260000,train/continue_loss_std,0.0
260000,train/grad_norm_mean,0.718594521188736
260000,train/grad_norm_std,0.3529510912995794
260000,train/policy_log_std_mean,-0.6842280346552531
260000,train/policy_log_std_std,0.25024692876670895
260000,train/policy_loss_mean,-1.1381112751960754
260000,train/policy_loss_std,0.01244310991890299
260000,train/reward_loss_mean,0.29434113035202025
260000,train/reward_loss_std,0.007296575486881633
260000,train/total_loss_mean,0.05910078022181988
260000,train/total_loss_std,0.0011803288733995632
260000,train/value_loss_mean,0.2574058233976364
260000,train/value_loss_std,0.006354009726803878
260000,train/value_scale_mean,70.4448418395996
260000,train/value_scale_std,0.4076518965944785
260000,timing/collect_chunk_s,69.17752237757668
260000,timing/train_chunk_s,20.542417536024004
260000,dense_rhs/training_bucket_horizon,3.0
260000,system/heartbeat,1.0
263992,episode/return,801.6005249023438
263992,episode/length,500.0
263993,episode/return,774.5936889648438
263993,episode/length,500.0
263994,episode/return,716.806884765625
263994,episode/length,500.0
263995,episode/return,823.532470703125
263995,episode/length,500.0
263996,episode/return,925.7313842773438
263996,episode/length,500.0
263997,episode/return,702.5933837890625
263997,episode/length,500.0
263998,episode/return,819.60400390625
263998,episode/length,500.0
263999,episode/return,779.0809326171875
263999,episode/length,500.0
267992,episode/return,953.2366943359375
267992,episode/length,500.0
267993,episode/return,817.4547729492188
267993,episode/length,500.0
267994,episode/return,814.3983764648438
267994,episode/length,500.0
267995,episode/return,943.352294921875
267995,episode/length,500.0
267996,episode/return,825.37353515625
267996,episode/length,500.0
267997,episode/return,623.6051025390625
267997,episode/length,500.0
267998,episode/return,846.7490844726562
267998,episode/length,500.0
267999,episode/return,913.03662109375
267999,episode/length,500.0
270000,train/consistency_loss_mean,0.00019494156443979592
270000,train/consistency_loss_std,2.742460339930682e-05
270000,train/continue_loss_mean,0.0
270000,train/continue_loss_std,0.0
270000,train/grad_norm_mean,0.7160650161266326
270000,train/grad_norm_std,0.3490852980889378
270000,train/policy_log_std_mean,-0.6869654631296793
270000,train/policy_log_std_std,0.2532302957824389
270000,train/policy_loss_mean,-1.1561267336845398
270000,train/policy_loss_std,0.01383096520771423
270000,train/reward_loss_mean,0.2962591480731964
270000,train/reward_loss_std,0.007366533729618214
270000,train/total_loss_mean,0.05975068528950214
270000,train/total_loss_std,0.0011756060269109405
270000,train/value_loss_mean,0.2622593832969666
270000,train/value_loss_std,0.0062932985605505636
270000,train/value_scale_mean,69.61757072753906
270000,train/value_scale_std,0.49152892447598273
270000,timing/collect_chunk_s,68.94415199384093
270000,timing/train_chunk_s,20.50565300974995
270000,dense_rhs/training_bucket_horizon,3.0
270000,system/heartbeat,1.0
270000,dense_rhs/selected_horizon,3.0
270000,dense_rhs/proposed_horizon,3.0
270000,dense_rhs/phase_id,0.0
270000,dense_rhs/num_active_horizons,7.0
270000,dense_rhs/num_candidate_horizons,3.0
270000,dense_rhs/entropy,1.7576286792755127
270000,dense_rhs/norm_entropy,0.9032424092292786
270000,dense_rhs/best_fitness,0.6210398077964783
270000,dense_rhs/deployment_score_best,0.13780958950519562
270000,dense_rhs/incumbent_deployment_score,0.13780958950519562
270000,dense_rhs/proposed_deployment_score,0.13780958950519562
270000,dense_rhs/proposed_transition_cost,0.0
270000,dense_rhs/proposed_switch_probability,0.5
270000,dense_rhs/proposed_expected_net_benefit,0.0
270000,dense_rhs/transition_cost_best,0.0
270000,dense_rhs/transition_adjusted_score_best,0.13780958950519562
270000,dense_rhs/switch_probability_best,0.5
270000,dense_rhs/expected_improvement_best,0.11188685894012451
270000,dense_rhs/expected_loss_best,0.11188685894012451
270000,dense_rhs/expected_net_benefit_best,0.0
270000,dense_rhs/return_term_best,1.0
270000,dense_rhs/roughness_term_best,0.9864253401756287
270000,dense_rhs/return_std_term_best,0.15080320835113525
270000,dense_rhs/learner_proxy_term_best,0.9264130592346191
270000,dense_rhs/model_prefix_loss_best,0.32231345772743225
270000,dense_rhs/model_probe_prefix_best,0.18401837348937988
270000,dense_rhs/planner_return_best,178.88766479492188
270000,dense_rhs/roughness_best,0.0940474420785904
270000,dense_rhs/robust_return_best,379.62982177734375
270000,timing/query_model_diag_s,0.006564907729625702
270000,timing/query_env_eval_s,7.319942147936672
270000,timing/query_finalize_s,0.0018108468502759933
270000,timing/query_total_s,7.333295539952815
270000,dense_rhs/candidate_3_fitness,0.6210398077964783
270000,dense_rhs/candidate_3_deployment_score,0.13780958950519562
270000,dense_rhs/candidate_3_transition_cost,0.0
270000,dense_rhs/candidate_3_transition_adjusted_score,0.13780958950519562
270000,dense_rhs/candidate_3_switch_probability,0.5
270000,dense_rhs/candidate_3_expected_net_benefit,0.0
270000,dense_rhs/candidate_3_return,379.62982177734375
270000,dense_rhs/candidate_3_return_term,1.0
270000,dense_rhs/candidate_3_roughness_term,0.9864253401756287
270000,dense_rhs/candidate_3_return_std_term,0.15080320835113525
270000,dense_rhs/candidate_3_learner_proxy_term,0.9264130592346191
270000,dense_rhs/candidate_4_fitness,0.48384061455726624
270000,dense_rhs/candidate_4_deployment_score,0.04029422998428345
270000,dense_rhs/candidate_4_transition_cost,0.0440385676920414
270000,dense_rhs/candidate_4_transition_adjusted_score,-0.00374433770775795
270000,dense_rhs/candidate_4_switch_probability,0.253110408782959
270000,dense_rhs/candidate_4_expected_net_benefit,-0.14155392348766327
270000,dense_rhs/candidate_4_return,370.8865966796875
270000,dense_rhs/candidate_4_return_term,0.9564510583877563
270000,dense_rhs/candidate_4_roughness_term,0.9379973411560059
270000,dense_rhs/candidate_4_return_std_term,0.06108534336090088
270000,dense_rhs/candidate_4_learner_proxy_term,0.8403364419937134
270000,dense_rhs/candidate_2_fitness,0.03162277489900589
270000,dense_rhs/candidate_2_deployment_score,5.315757221069362e-07
270000,dense_rhs/candidate_2_transition_cost,0.04448219761252403
270000,dense_rhs/candidate_2_transition_adjusted_score,-0.04448166489601135
270000,dense_rhs/candidate_2_switch_probability,0.24369028210639954
270000,dense_rhs/candidate_2_expected_net_benefit,-0.18229125440120697
270000,dense_rhs/candidate_2_return,350.2914733886719
270000,dense_rhs/candidate_2_return_term,0.8538690805435181
270000,dense_rhs/candidate_2_roughness_term,1.0
270000,dense_rhs/candidate_2_return_std_term,0.0
270000,dense_rhs/candidate_2_learner_proxy_term,1.0
270000,dense_rhs/deployment_utility_enabled,1.0
270000,dense_rhs/deployment_utility_observations,4.0
270000,dense_rhs/deployment_utility_last_observed_gain,122.800048828125
270000,dense_rhs/candidate_2_expected_eval_gain,0.0
270000,dense_rhs/candidate_2_eval_gain_uncertainty,150.0
270000,dense_rhs/candidate_2_deployment_utility_score,37.5
270000,dense_rhs/candidate_3_expected_eval_gain,121.72132110595703
270000,dense_rhs/candidate_3_eval_gain_uncertainty,76.77205976439762
270000,dense_rhs/candidate_3_deployment_utility_score,150.91433604705645
270000,dense_rhs/candidate_4_expected_eval_gain,0.0
270000,dense_rhs/candidate_4_eval_gain_uncertainty,150.0
270000,dense_rhs/candidate_4_deployment_utility_score,40.42387880840042
270000,dense_rhs/deployment_utility_override,0.0
270000,dense_rhs/deployment_utility_selected_expected_gain,121.72132110595703
270000,dense_rhs/deployment_utility_selected_uncertainty,76.77205976439762
270000,dense_rhs/deployment_utility_selected_score,150.91433604705645
270000,dense_rhs/deployment_utility_proposed_horizon,3.0
270000,dense_rhs/deployment_utility_proposed_expected_gain,121.72132110595703
270000,dense_rhs/deployment_utility_proposed_uncertainty,76.77205976439762
270000,dense_rhs/deployment_utility_proposed_score,150.91433604705645
270000,dense_rhs/previous_horizon,3.0
270000,dense_rhs/training_bucket_horizon,3.0
270000,dense_rhs/best_h,3.0
270000,dense_rhs/prob_best_h,0.013671875
270000,dense_rhs/gauss_mean_best_h,0.3327864706516266
270000,dense_rhs/gauss_post_std_best_h,0.1712447851896286
270000,system/heartbeat,1.0
271992,episode/return,878.576171875
271992,episode/length,500.0
271993,episode/return,936.813232421875
271993,episode/length,500.0
271994,episode/return,753.4797973632812
271994,episode/length,500.0
271995,episode/return,781.3287353515625
271995,episode/length,500.0
271996,episode/return,818.561279296875
271996,episode/length,500.0
271997,episode/return,839.9598999023438
271997,episode/length,500.0
271998,episode/return,693.0235595703125
271998,episode/length,500.0
271999,episode/return,675.9793701171875
271999,episode/length,500.0
275992,episode/return,802.3975830078125
275992,episode/length,500.0
275993,episode/return,789.9837646484375
275993,episode/length,500.0
275994,episode/return,807.576171875
275994,episode/length,500.0
275995,episode/return,912.740234375
275995,episode/length,500.0
275996,episode/return,643.34375
275996,episode/length,500.0
275997,episode/return,842.4600219726562
275997,episode/length,500.0
275998,episode/return,825.8605346679688
275998,episode/length,500.0
275999,episode/return,928.5285034179688
275999,episode/length,500.0
279992,episode/return,750.7421875
279992,episode/length,500.0
279993,episode/return,824.9647216796875
279993,episode/length,500.0
279994,episode/return,715.9461669921875
279994,episode/length,500.0
279995,episode/return,759.7714233398438
279995,episode/length,500.0
279996,episode/return,832.2479858398438
279996,episode/length,500.0
279997,episode/return,782.8951416015625
279997,episode/length,500.0
279998,episode/return,833.1832885742188
279998,episode/length,500.0
279999,episode/return,784.5700073242188
279999,episode/length,500.0
280000,train/consistency_loss_mean,0.00019576955585507677
280000,train/consistency_loss_std,2.904414932100113e-05
280000,train/continue_loss_mean,0.0
280000,train/continue_loss_std,0.0
280000,train/grad_norm_mean,0.7250181191444397
280000,train/grad_norm_std,0.3670821538837291
280000,train/policy_log_std_mean,-0.6825187962532043
280000,train/policy_log_std_std,0.25371077067059133
280000,train/policy_loss_mean,-1.1612044160842896
280000,train/policy_loss_std,0.012063552916066023
280000,train/reward_loss_mean,0.2977791065692902
280000,train/reward_loss_std,0.007255118301644369
280000,train/total_loss_mean,0.06037112993001938
280000,train/total_loss_std,0.0011740554575530918
280000,train/value_loss_mean,0.2667782678127289
280000,train/value_loss_std,0.006132649124995457
280000,train/value_scale_mean,69.5674096496582
280000,train/value_scale_std,0.3537143697852205
280000,timing/collect_chunk_s,73.84062191704288
280000,timing/train_chunk_s,20.47622083267197
280000,dense_rhs/training_bucket_horizon,3.0
280000,system/heartbeat,1.0
283992,episode/return,913.03173828125
283992,episode/length,500.0
283993,episode/return,915.8093872070312
283993,episode/length,500.0
283994,episode/return,910.7330322265625
283994,episode/length,500.0
283995,episode/return,747.7471923828125
283995,episode/length,500.0
283996,episode/return,665.9681396484375
283996,episode/length,500.0
283997,episode/return,938.661376953125
283997,episode/length,500.0
283998,episode/return,820.336669921875
283998,episode/length,500.0
283999,episode/return,820.1987915039062
283999,episode/length,500.0
287992,episode/return,953.59814453125
287992,episode/length,500.0
287993,episode/return,718.3206787109375
287993,episode/length,500.0
287994,episode/return,666.5222778320312
287994,episode/length,500.0
287995,episode/return,795.332763671875
287995,episode/length,500.0
287996,episode/return,815.4943237304688
287996,episode/length,500.0
287997,episode/return,781.9511108398438
287997,episode/length,500.0
287998,episode/return,926.3477172851562
287998,episode/length,500.0
287999,episode/return,808.0291137695312
287999,episode/length,500.0
290000,train/consistency_loss_mean,0.00019292593606514856
290000,train/consistency_loss_std,2.745206766351832e-05
290000,train/continue_loss_mean,0.0
290000,train/continue_loss_std,0.0
290000,train/grad_norm_mean,0.7162426302433014
290000,train/grad_norm_std,0.3597721767693601
290000,train/policy_log_std_mean,-0.6810639492352804
290000,train/policy_log_std_std,0.2564260661392898
290000,train/policy_loss_mean,-1.1730332116127014
290000,train/policy_loss_std,0.01408296999221195
290000,train/reward_loss_mean,0.29928999624252317
290000,train/reward_loss_std,0.00729543112042358
290000,train/total_loss_mean,0.060902106803655626
290000,train/total_loss_std,0.0011804802323416492
290000,train/value_loss_mean,0.2711458706140518
290000,train/value_loss_std,0.006209265702671637
290000,train/value_scale_mean,69.11688940429687
290000,train/value_scale_std,0.481734995039202
290000,timing/collect_chunk_s,68.58369952812791
290000,timing/train_chunk_s,20.509443901479244
290000,dense_rhs/training_bucket_horizon,3.0
290000,system/heartbeat,1.0
291992,episode/return,937.1361083984375
291992,episode/length,500.0
291993,episode/return,829.7308349609375
291993,episode/length,500.0
291994,episode/return,941.6094360351562
291994,episode/length,500.0
291995,episode/return,720.0767211914062
291995,episode/length,500.0
291996,episode/return,953.0823364257812
291996,episode/length,500.0
291997,episode/return,809.566162109375
291997,episode/length,500.0
291998,episode/return,838.1948852539062
291998,episode/length,500.0
291999,episode/return,702.485595703125
291999,episode/length,500.0
295992,episode/return,920.6915893554688
295992,episode/length,500.0
295993,episode/return,852.7319946289062
295993,episode/length,500.0
295994,episode/return,935.6649780273438
295994,episode/length,500.0
295995,episode/return,934.640869140625
295995,episode/length,500.0
295996,episode/return,897.4463500976562
295996,episode/length,500.0
295997,episode/return,918.0523071289062
295997,episode/length,500.0
295998,episode/return,950.23095703125
295998,episode/length,500.0
295999,episode/return,948.6871337890625
295999,episode/length,500.0
299992,episode/return,841.4721069335938
299992,episode/length,500.0
299993,episode/return,945.7515258789062
299993,episode/length,500.0
299994,episode/return,916.5772705078125
299994,episode/length,500.0
299995,episode/return,842.09228515625
299995,episode/length,500.0
299996,episode/return,950.7266235351562
299996,episode/length,500.0
299997,episode/return,937.7681274414062
299997,episode/length,500.0
299998,episode/return,944.0867309570312
299998,episode/length,500.0
299999,episode/return,817.6563110351562
299999,episode/length,500.0
300000,train/consistency_loss_mean,0.0001925170527305454
300000,train/consistency_loss_std,2.856402388821077e-05
300000,train/continue_loss_mean,0.0
300000,train/continue_loss_std,0.0
300000,train/grad_norm_mean,0.7120354348421096
300000,train/grad_norm_std,0.3673986120626582
300000,train/policy_log_std_mean,-0.6843057002067566
300000,train/policy_log_std_std,0.2595933764670043
300000,train/policy_loss_mean,-1.1815766513824464
300000,train/policy_loss_std,0.01267108004145312
300000,train/reward_loss_mean,0.3010137156009674
300000,train/reward_loss_std,0.007305487721346795
300000,train/total_loss_mean,0.061545556735992435
300000,train/total_loss_std,0.0012142006148499677
300000,train/value_loss_mean,0.2759384277105331
300000,train/value_loss_std,0.006496642503303573
300000,train/value_scale_mean,68.88624089355469
300000,train/value_scale_std,0.3458774062498177
300000,timing/collect_chunk_s,75.09637124883011
300000,timing/train_chunk_s,20.526605239138007
300000,dense_rhs/training_bucket_horizon,3.0
300000,system/heartbeat,1.0
300000,timing/checkpoint_blocking_s,0.5065418900921941
300000,eval/return_mean,866.6456909179688
300000,eval/return_std,91.21158599853516
300000,eval/return_max,958.6539306640625
300000,eval/return_min,604.6446533203125
300000,dense_rhs/deployment_utility_last_observed_gain,-11.92315673828125
300000,dense_rhs/deployment_utility_observations,5.0
300000,timing/eval_s,10.802537620998919
300000,eval/selected_horizon,3.0
300000,eval/training_bucket_horizon,3.0
300000,system/heartbeat,1.0
303992,episode/return,944.9163208007812
303992,episode/length,500.0
303993,episode/return,848.0230712890625
303993,episode/length,500.0
303994,episode/return,815.107177734375
303994,episode/length,500.0
303995,episode/return,836.8079833984375
303995,episode/length,500.0
303996,episode/return,925.6616821289062
303996,episode/length,500.0
303997,episode/return,788.90478515625
303997,episode/length,500.0
303998,episode/return,803.52197265625
303998,episode/length,500.0
303999,episode/return,717.3552856445312
303999,episode/length,500.0
307992,episode/return,926.7557373046875
307992,episode/length,500.0
307993,episode/return,815.0601196289062
307993,episode/length,500.0
307994,episode/return,947.14013671875
307994,episode/length,500.0
307995,episode/return,820.8043212890625
307995,episode/length,500.0
307996,episode/return,903.505126953125
307996,episode/length,500.0
307997,episode/return,947.3492431640625
307997,episode/length,500.0
307998,episode/return,927.8727416992188
307998,episode/length,500.0
307999,episode/return,872.4085693359375
307999,episode/length,500.0
310000,train/consistency_loss_mean,0.00018861659336835145
310000,train/consistency_loss_std,2.842699072460467e-05
310000,train/continue_loss_mean,0.0
310000,train/continue_loss_std,0.0
310000,train/grad_norm_mean,0.7087627297401429
310000,train/grad_norm_std,0.3616086791685263
310000,train/policy_log_std_mean,-0.68645802637736
310000,train/policy_log_std_std,0.25817953268295635
310000,train/policy_loss_mean,-1.1970659439086915
310000,train/policy_loss_std,0.014815758563631095
310000,train/reward_loss_mean,0.3029564120531082
310000,train/reward_loss_std,0.007215650525610486
310000,train/total_loss_mean,0.06247087157070637
310000,train/total_loss_std,0.0011991269325079856
310000,train/value_loss_mean,0.2840289751768112
310000,train/value_loss_std,0.006486380246839576
310000,train/value_scale_mean,68.39527142944335
310000,train/value_scale_std,0.5141475034164569
310000,timing/collect_chunk_s,68.89715080522001
310000,timing/train_chunk_s,20.48608773900196
310000,dense_rhs/training_bucket_horizon,3.0
310000,system/heartbeat,1.0
311992,episode/return,815.9196166992188
311992,episode/length,500.0
311993,episode/return,835.7547607421875
311993,episode/length,500.0
311994,episode/return,828.5697631835938
311994,episode/length,500.0
311995,episode/return,944.8521728515625
311995,episode/length,500.0
311996,episode/return,957.0674438476562
311996,episode/length,500.0
311997,episode/return,869.0474853515625
311997,episode/length,500.0
311998,episode/return,908.7213134765625
311998,episode/length,500.0
311999,episode/return,933.8057861328125
311999,episode/length,500.0
315992,episode/return,922.0653076171875
315992,episode/length,500.0
315993,episode/return,948.0707397460938
315993,episode/length,500.0
315994,episode/return,832.8721923828125
315994,episode/length,500.0
315995,episode/return,852.2039184570312
315995,episode/length,500.0
315996,episode/return,652.5044555664062
315996,episode/length,500.0
315997,episode/return,828.1218872070312
315997,episode/length,500.0
315998,episode/return,717.0338745117188
315998,episode/length,500.0
315999,episode/return,731.8013916015625
315999,episode/length,500.0
319992,episode/return,721.640869140625
319992,episode/length,500.0
319993,episode/return,942.08544921875
319993,episode/length,500.0
319994,episode/return,949.2886352539062
319994,episode/length,500.0
319995,episode/return,807.6328735351562
319995,episode/length,500.0
319996,episode/return,873.648193359375
319996,episode/length,500.0
319997,episode/return,935.4337768554688
319997,episode/length,500.0
319998,episode/return,910.3642578125
319998,episode/length,500.0
319999,episode/return,844.86572265625
319999,episode/length,500.0
320000,train/consistency_loss_mean,0.00018715229339431972
320000,train/consistency_loss_std,2.8013507671285142e-05
320000,train/continue_loss_mean,0.0
320000,train/continue_loss_std,0.0
320000,train/grad_norm_mean,0.6958008513450623
320000,train/grad_norm_std,0.35036276436096564
320000,train/policy_log_std_mean,-0.6889735275904337
320000,train/policy_log_std_std,0.2605390792557413
320000,train/policy_loss_mean,-1.21892941198349
320000,train/policy_loss_std,0.012890818886671871
320000,train/reward_loss_mean,0.30465084631443023
320000,train/reward_loss_std,0.0071136041415378005
320000,train/total_loss_mean,0.06332728192210198
320000,train/total_loss_std,0.0011740181945979829
320000,train/value_loss_mean,0.29119149823188784
320000,train/value_loss_std,0.00609112250927902
320000,train/value_scale_mean,67.536818359375
320000,train/value_scale_std,0.38932718683927603
320000,timing/collect_chunk_s,68.11511950474232
320000,timing/train_chunk_s,20.47282214369625
320000,dense_rhs/training_bucket_horizon,3.0
320000,system/heartbeat,1.0
320000,dense_rhs/selected_horizon,3.0
320000,dense_rhs/proposed_horizon,4.0
320000,dense_rhs/phase_id,0.0
320000,dense_rhs/num_active_horizons,7.0
320000,dense_rhs/num_candidate_horizons,3.0
320000,dense_rhs/entropy,1.6651997566223145
320000,dense_rhs/norm_entropy,0.8557433485984802
320000,dense_rhs/best_fitness,0.03162277489900589
320000,dense_rhs/deployment_score_best,6.131953682597668e-07
320000,dense_rhs/incumbent_deployment_score,6.131953682597668e-07
320000,dense_rhs/proposed_deployment_score,0.27247029542922974
320000,dense_rhs/proposed_transition_cost,0.05140136554837227
320000,dense_rhs/proposed_switch_probability,0.883428692817688
320000,dense_rhs/proposed_expected_net_benefit,0.22106830775737762
320000,dense_rhs/transition_cost_best,0.05140136554837227
320000,dense_rhs/transition_adjusted_score_best,0.22106893360614777
320000,dense_rhs/switch_probability_best,0.883428692817688
320000,dense_rhs/expected_improvement_best,0.23163571953773499
320000,dense_rhs/expected_loss_best,0.010567417368292809
320000,dense_rhs/expected_net_benefit_best,0.22106830775737762
320000,dense_rhs/return_term_best,0.9074016213417053
320000,dense_rhs/roughness_term_best,0.9627066254615784
320000,dense_rhs/return_std_term_best,0.0
320000,dense_rhs/learner_proxy_term_best,0.9395214319229126
320000,dense_rhs/model_prefix_loss_best,0.4515724778175354
320000,dense_rhs/model_probe_prefix_best,0.24684639275074005
320000,dense_rhs/planner_return_best,179.2709197998047
320000,dense_rhs/roughness_best,0.036589622497558594
320000,dense_rhs/robust_return_best,395.6997985839844
320000,timing/query_model_diag_s,0.011341989040374756
320000,timing/query_env_eval_s,7.26217111106962
320000,timing/query_finalize_s,0.002849593758583069
320000,timing/query_total_s,7.281550440937281
320000,dense_rhs/candidate_3_fitness,0.03162277489900589
320000,dense_rhs/candidate_3_deployment_score,6.131953682597668e-07
320000,dense_rhs/candidate_3_transition_cost,0.0
320000,dense_rhs/candidate_3_transition_adjusted_score,6.131953682597668e-07
320000,dense_rhs/candidate_3_switch_probability,0.5
320000,dense_rhs/candidate_3_expected_net_benefit,0.0
320000,dense_rhs/candidate_3_return,395.6997985839844
320000,dense_rhs/candidate_3_return_term,0.9074016213417053
320000,dense_rhs/candidate_3_roughness_term,0.9627066254615784
320000,dense_rhs/candidate_3_return_std_term,0.0
320000,dense_rhs/candidate_3_learner_proxy_term,0.9395214319229126
320000,dense_rhs/candidate_4_fitness,0.7462797164916992
320000,dense_rhs/candidate_4_deployment_score,0.27247029542922974
320000,dense_rhs/candidate_4_transition_cost,0.05140136554837227
320000,dense_rhs/candidate_4_transition_adjusted_score,0.22106893360614777
320000,dense_rhs/candidate_4_switch_probability,0.883428692817688
320000,dense_rhs/candidate_4_expected_net_benefit,0.22106830775737762
320000,dense_rhs/candidate_4_return,417.74078369140625
320000,dense_rhs/candidate_4_return_term,0.9999999403953552
320000,dense_rhs/candidate_4_roughness_term,1.0
320000,dense_rhs/candidate_4_return_std_term,0.3101738691329956
320000,dense_rhs/candidate_4_learner_proxy_term,0.8784438967704773
320000,dense_rhs/candidate_2_fitness,0.3050077557563782
320000,dense_rhs/candidate_2_deployment_score,0.007636494468897581
320000,dense_rhs/candidate_2_transition_cost,0.0440845713019371
320000,dense_rhs/candidate_2_transition_adjusted_score,-0.036448076367378235
320000,dense_rhs/candidate_2_switch_probability,0.43903037905693054
320000,dense_rhs/candidate_2_expected_net_benefit,-0.03644869476556778
320000,dense_rhs/candidate_2_return,408.0245666503906
320000,dense_rhs/candidate_2_return_term,0.9591802954673767
320000,dense_rhs/candidate_2_roughness_term,0.9979405999183655
320000,dense_rhs/candidate_2_return_std_term,0.009040415287017822
320000,dense_rhs/candidate_2_learner_proxy_term,1.0
320000,dense_rhs/deployment_utility_enabled,1.0
320000,dense_rhs/deployment_utility_observations,5.0
320000,dense_rhs/deployment_utility_last_observed_gain,-11.92315673828125
320000,dense_rhs/candidate_2_expected_eval_gain,0.0
320000,dense_rhs/candidate_2_eval_gain_uncertainty,150.0
320000,dense_rhs/candidate_2_deployment_utility_score,37.78024700623299
320000,dense_rhs/candidate_3_expected_eval_gain,94.99242553710937
320000,dense_rhs/candidate_3_eval_gain_uncertainty,66.37460869337815
320000,dense_rhs/candidate_3_deployment_utility_score,111.5860777104539
320000,dense_rhs/candidate_4_expected_eval_gain,0.0
320000,dense_rhs/candidate_4_eval_gain_uncertainty,150.0
320000,dense_rhs/candidate_4_deployment_utility_score,47.5
320000,dense_rhs/deployment_utility_override,1.0
320000,dense_rhs/deployment_utility_selected_expected_gain,94.99242553710937
320000,dense_rhs/deployment_utility_selected_uncertainty,66.37460869337815
320000,dense_rhs/deployment_utility_selected_score,111.5860777104539
320000,dense_rhs/deployment_utility_proposed_horizon,3.0
320000,dense_rhs/deployment_utility_proposed_expected_gain,94.99242553710937
320000,dense_rhs/deployment_utility_proposed_uncertainty,66.37460869337815
320000,dense_rhs/deployment_utility_proposed_score,111.5860777104539
320000,dense_rhs/previous_horizon,3.0
320000,dense_rhs/training_bucket_horizon,3.0
320000,dense_rhs/best_h,3.0
320000,dense_rhs/prob_best_h,0.001953125
320000,dense_rhs/gauss_mean_best_h,0.2825925350189209
320000,dense_rhs/gauss_post_std_best_h,0.1498797982931137
320000,system/heartbeat,1.0
323992,episode/return,924.8909301757812
323992,episode/length,500.0
323993,episode/return,922.3084106445312
323993,episode/length,500.0
323994,episode/return,765.8688354492188
323994,episode/length,500.0
323995,episode/return,923.736083984375
323995,episode/length,500.0
323996,episode/return,731.7456665039062
323996,episode/length,500.0
323997,episode/return,831.1399536132812
323997,episode/length,500.0
323998,episode/return,816.7347412109375
323998,episode/length,500.0
323999,episode/return,927.0423583984375
323999,episode/length,500.0
327992,episode/return,802.2677612304688
327992,episode/length,500.0
327993,episode/return,819.9320678710938
327993,episode/length,500.0
327994,episode/return,883.598388671875
327994,episode/length,500.0
327995,episode/return,951.0508422851562
327995,episode/length,500.0
327996,episode/return,751.4612426757812
327996,episode/length,500.0
327997,episode/return,947.8175659179688
327997,episode/length,500.0
327998,episode/return,856.6060180664062
327998,episode/length,500.0
327999,episode/return,813.6387329101562
327999,episode/length,500.0
330000,train/consistency_loss_mean,0.00018576643856940792
330000,train/consistency_loss_std,2.8271795591677486e-05
330000,train/continue_loss_mean,0.0
330000,train/continue_loss_std,0.0
330000,train/grad_norm_mean,0.6936082403421402
330000,train/grad_norm_std,0.3519798030123181
330000,train/policy_log_std_mean,-0.6856691479365031
330000,train/policy_log_std_std,0.25974431464741327
330000,train/policy_loss_mean,-1.2357635912895202
330000,train/policy_loss_std,0.014180039248267473
330000,train/reward_loss_mean,0.306033264374733
330000,train/reward_loss_std,0.007242813793116774
330000,train/total_loss_mean,0.06400133702158928
330000,train/total_loss_std,0.0012064359921426938
330000,train/value_loss_mean,0.2968268054008484
330000,train/value_loss_std,0.0060440313332685855
330000,train/value_scale_mean,66.90401707763672
330000,train/value_scale_std,0.45922324055789426
330000,timing/collect_chunk_s,69.12279164558277
330000,timing/train_chunk_s,20.489835993852466
330000,dense_rhs/training_bucket_horizon,3.0
330000,system/heartbeat,1.0
331992,episode/return,927.6161499023438
331992,episode/length,500.0
331993,episode/return,866.3714599609375
331993,episode/length,500.0
331994,episode/return,940.9790649414062
331994,episode/length,500.0
331995,episode/return,942.13818359375
331995,episode/length,500.0
331996,episode/return,803.0452270507812
331996,episode/length,500.0
331997,episode/return,861.3591918945312
331997,episode/length,500.0
331998,episode/return,851.6448974609375
331998,episode/length,500.0
331999,episode/return,849.4993286132812
331999,episode/length,500.0
335992,episode/return,831.9740600585938
335992,episode/length,500.0
335993,episode/return,824.9556274414062
335993,episode/length,500.0
335994,episode/return,640.0712280273438
335994,episode/length,500.0
335995,episode/return,825.7893676757812
335995,episode/length,500.0
335996,episode/return,822.6651000976562
335996,episode/length,500.0
335997,episode/return,682.5186157226562
335997,episode/length,500.0
335998,episode/return,851.50830078125
335998,episode/length,500.0
335999,episode/return,641.9300537109375
335999,episode/length,500.0
339992,episode/return,955.42578125
339992,episode/length,500.0
339993,episode/return,783.2373657226562
339993,episode/length,500.0
339994,episode/return,953.841796875
339994,episode/length,500.0
339995,episode/return,954.3927001953125
339995,episode/length,500.0
339996,episode/return,819.426025390625
339996,episode/length,500.0
339997,episode/return,932.0416259765625
339997,episode/length,500.0
339998,episode/return,944.385009765625
339998,episode/length,500.0
339999,episode/return,953.7412109375
339999,episode/length,500.0
340000,train/consistency_loss_mean,0.00018476716857403517
340000,train/consistency_loss_std,2.765897619125256e-05
340000,train/continue_loss_mean,0.0
340000,train/continue_loss_std,0.0
340000,train/grad_norm_mean,0.6966250131607056
340000,train/grad_norm_std,0.3561850814893187
340000,train/policy_log_std_mean,-0.687368024857839
340000,train/policy_log_std_std,0.2601620427901153
340000,train/policy_loss_mean,-1.2495782797813415
340000,train/policy_loss_std,0.013975232522474979
340000,train/reward_loss_mean,0.3075878386259079
340000,train/reward_loss_std,0.007212195799354826
340000,train/total_loss_mean,0.06469685192108154
340000,train/total_loss_std,0.0012140493694429218
340000,train/value_loss_mean,0.3024272346973419
340000,train/value_loss_std,0.00610394717310833
340000,train/value_scale_mean,66.40096044311524
340000,train/value_scale_std,0.4447382101813565
340000,timing/collect_chunk_s,76.28663956699893
340000,timing/train_chunk_s,20.474798243958503
340000,dense_rhs/training_bucket_horizon,3.0
340000,system/heartbeat,1.0
343992,episode/return,910.9712524414062
343992,episode/length,500.0
343993,episode/return,946.2923583984375
343993,episode/length,500.0
343994,episode/return,814.7010498046875
343994,episode/length,500.0
343995,episode/return,831.6688842773438
343995,episode/length,500.0
343996,episode/return,943.01171875
343996,episode/length,500.0
343997,episode/return,802.79345703125
343997,episode/length,500.0
343998,episode/return,776.1973266601562
343998,episode/length,500.0
343999,episode/return,938.3295288085938
343999,episode/length,500.0
347992,episode/return,826.53369140625
347992,episode/length,500.0
347993,episode/return,863.9695434570312
347993,episode/length,500.0
347994,episode/return,920.2227172851562
347994,episode/length,500.0
347995,episode/return,916.7760009765625
347995,episode/length,500.0
347996,episode/return,952.2499389648438
347996,episode/length,500.0
347997,episode/return,903.11474609375
347997,episode/length,500.0
347998,episode/return,698.4974365234375
347998,episode/length,500.0
347999,episode/return,880.8871459960938
347999,episode/length,500.0
350000,train/consistency_loss_mean,0.00018273068490670994
350000,train/consistency_loss_std,2.8720970854774784e-05
350000,train/continue_loss_mean,0.0
350000,train/continue_loss_std,0.0
350000,train/grad_norm_mean,0.6819475299358367
350000,train/grad_norm_std,0.3510104972392579
350000,train/policy_log_std_mean,-0.6896358842213949
350000,train/policy_log_std_std,0.259986999709047
350000,train/policy_loss_mean,-1.256176332950592
350000,train/policy_loss_std,0.013691692818023614
350000,train/reward_loss_mean,0.3090162503480911
350000,train/reward_loss_std,0.007202840161336295
350000,train/total_loss_mean,0.06527540942430496
350000,train/total_loss_std,0.001211435929813088
350000,train/value_loss_mean,0.30719169294834137
350000,train/value_loss_std,0.006103680570490187
350000,train/value_scale_mean,66.30939321899415
350000,train/value_scale_std,0.4495864322497739
350000,timing/collect_chunk_s,71.26872360007837
350000,timing/train_chunk_s,20.516941379755735
350000,dense_rhs/training_bucket_horizon,3.0
350000,system/heartbeat,1.0
350000,timing/checkpoint_blocking_s,0.5407552421092987
350000,eval/return_mean,927.2175903320312
350000,eval/return_std,34.49504089355469
350000,eval/return_max,954.9133911132812
350000,eval/return_min,824.0437622070312
350000,dense_rhs/deployment_utility_last_observed_gain,60.5718994140625
350000,dense_rhs/deployment_utility_observations,6.0
350000,timing/eval_s,10.714639502111822
350000,eval/selected_horizon,3.0
350000,eval/training_bucket_horizon,3.0
350000,system/heartbeat,1.0
351992,episode/return,784.2601318359375
351992,episode/length,500.0
351993,episode/return,946.9754638671875
351993,episode/length,500.0
351994,episode/return,949.2257080078125
351994,episode/length,500.0
351995,episode/return,944.7793579101562
351995,episode/length,500.0
351996,episode/return,943.451171875
351996,episode/length,500.0
351997,episode/return,956.0365600585938
351997,episode/length,500.0
351998,episode/return,788.010498046875
351998,episode/length,500.0
351999,episode/return,807.2398681640625
351999,episode/length,500.0
355992,episode/return,781.83251953125
355992,episode/length,500.0
355993,episode/return,935.495361328125
355993,episode/length,500.0
355994,episode/return,924.3023071289062
355994,episode/length,500.0
355995,episode/return,801.8843994140625
355995,episode/length,500.0
355996,episode/return,944.4664916992188
355996,episode/length,500.0
355997,episode/return,925.9249267578125
355997,episode/length,500.0
355998,episode/return,912.6751098632812
355998,episode/length,500.0
355999,episode/return,832.622314453125
355999,episode/length,500.0
359992,episode/return,883.1915893554688
359992,episode/length,500.0
359993,episode/return,700.6454467773438
359993,episode/length,500.0
359994,episode/return,954.1075439453125
359994,episode/length,500.0
359995,episode/return,932.3629150390625
359995,episode/length,500.0
359996,episode/return,955.3697509765625
359996,episode/length,500.0
359997,episode/return,955.4586791992188
359997,episode/length,500.0
359998,episode/return,926.7525634765625
359998,episode/length,500.0
359999,episode/return,719.4729614257812
359999,episode/length,500.0
360000,train/consistency_loss_mean,0.00018088633459992706
360000,train/consistency_loss_std,2.7426539655185967e-05
360000,train/continue_loss_mean,0.0
360000,train/continue_loss_std,0.0
360000,train/grad_norm_mean,0.6790928417921066
360000,train/grad_norm_std,0.35802579016006747
360000,train/policy_log_std_mean,-0.6938230909029642
360000,train/policy_log_std_std,0.2590490390950282
360000,train/policy_loss_mean,-1.2786666434288025
360000,train/policy_loss_std,0.015794264215552738
360000,train/reward_loss_mean,0.31069017624855044
360000,train/reward_loss_std,0.007102235274707573
360000,train/total_loss_mean,0.06581172639727592
360000,train/total_loss_std,0.0011739250669134996
360000,train/value_loss_mean,0.3112498084306717
360000,train/value_loss_std,0.005871476528989261
360000,train/value_scale_mean,65.40356076049805
360000,train/value_scale_std,0.5619716304803513
360000,timing/collect_chunk_s,71.96730578877032
360000,timing/train_chunk_s,20.52860070904717
360000,dense_rhs/training_bucket_horizon,3.0
360000,system/heartbeat,1.0
363992,episode/return,952.1607666015625
363992,episode/length,500.0
363993,episode/return,933.04248046875
363993,episode/length,500.0
363994,episode/return,909.5418701171875
363994,episode/length,500.0
363995,episode/return,644.5479736328125
363995,episode/length,500.0
363996,episode/return,795.8304443359375
363996,episode/length,500.0
363997,episode/return,923.2161254882812
363997,episode/length,500.0
363998,episode/return,909.7225952148438
363998,episode/length,500.0
363999,episode/return,821.4752197265625
363999,episode/length,500.0
367992,episode/return,669.712890625
367992,episode/length,500.0
367993,episode/return,947.46337890625
367993,episode/length,500.0
367994,episode/return,830.4468994140625
367994,episode/length,500.0
367995,episode/return,771.9354248046875
367995,episode/length,500.0
367996,episode/return,900.3825073242188
367996,episode/length,500.0
367997,episode/return,915.5896606445312
367997,episode/length,500.0
367998,episode/return,939.6107177734375
367998,episode/length,500.0
367999,episode/return,937.6220703125
367999,episode/length,500.0
370000,train/consistency_loss_mean,0.00018117352090775966
370000,train/consistency_loss_std,2.829304724951137e-05
370000,train/continue_loss_mean,0.0
370000,train/continue_loss_std,0.0
370000,train/grad_norm_mean,0.6777852085590362
370000,train/grad_norm_std,0.3526081887638608
370000,train/policy_log_std_mean,-0.6951682121912638
370000,train/policy_log_std_std,0.2626596969378634
370000,train/policy_loss_mean,-1.289651069355011
370000,train/policy_loss_std,0.015587623360488278
370000,train/reward_loss_mean,0.31200777592658996
370000,train/reward_loss_std,0.007076469564491923
370000,train/total_loss_mean,0.06605649479031563
370000,train/total_loss_std,0.0011916436683214128
370000,train/value_loss_mean,0.31232245528697966
370000,train/value_loss_std,0.005842971201618775
370000,train/value_scale_mean,64.95336648254394
370000,train/value_scale_std,0.5309210069182814
370000,timing/collect_chunk_s,78.91374022420496
370000,timing/train_chunk_s,20.53658490302041
370000,dense_rhs/training_bucket_horizon,3.0
370000,system/heartbeat,1.0
370000,dense_rhs/selected_horizon,3.0
370000,dense_rhs/proposed_horizon,4.0
370000,dense_rhs/phase_id,0.0
370000,dense_rhs/num_active_horizons,7.0
370000,dense_rhs/num_candidate_horizons,3.0
370000,dense_rhs/entropy,1.6284072399139404
370000,dense_rhs/norm_entropy,0.8368357419967651
370000,dense_rhs/best_fitness,0.03162277489900589
370000,dense_rhs/deployment_score_best,1.734955930032811e-07
370000,dense_rhs/incumbent_deployment_score,1.734955930032811e-07
370000,dense_rhs/proposed_deployment_score,0.5691103339195251
370000,dense_rhs/proposed_transition_cost,0.03213959187269211
370000,dense_rhs/proposed_switch_probability,0.9995415210723877
370000,dense_rhs/proposed_expected_net_benefit,0.5369705557823181
370000,dense_rhs/transition_cost_best,0.03213959187269211
370000,dense_rhs/transition_adjusted_score_best,0.5369707345962524
370000,dense_rhs/switch_probability_best,0.9995415210723877
370000,dense_rhs/expected_improvement_best,0.5369900465011597
370000,dense_rhs/expected_loss_best,1.9471917767077684e-05
370000,dense_rhs/expected_net_benefit_best,0.5369705557823181
370000,dense_rhs/return_term_best,0.662521481513977
370000,dense_rhs/roughness_term_best,0.9984338879585266
370000,dense_rhs/return_std_term_best,0.0
370000,dense_rhs/learner_proxy_term_best,0.9019225835800171
370000,dense_rhs/model_prefix_loss_best,0.4670095443725586
370000,dense_rhs/model_probe_prefix_best,0.2553657293319702
370000,dense_rhs/planner_return_best,185.1966094970703
370000,dense_rhs/roughness_best,0.18333213031291962
370000,dense_rhs/robust_return_best,362.3567810058594
370000,timing/query_model_diag_s,0.006680258084088564
370000,timing/query_env_eval_s,7.300200282596052
370000,timing/query_finalize_s,0.0023072920739650726
370000,timing/query_total_s,7.314838313031942
370000,dense_rhs/candidate_3_fitness,0.03162277489900589
370000,dense_rhs/candidate_3_deployment_score,1.734955930032811e-07
370000,dense_rhs/candidate_3_transition_cost,0.0
370000,dense_rhs/candidate_3_transition_adjusted_score,1.734955930032811e-07
370000,dense_rhs/candidate_3_switch_probability,0.5
370000,dense_rhs/candidate_3_expected_net_benefit,0.0
370000,dense_rhs/candidate_3_return,362.3567810058594
370000,dense_rhs/candidate_3_return_term,0.662521481513977
370000,dense_rhs/candidate_3_roughness_term,0.9984338879585266
370000,dense_rhs/candidate_3_return_std_term,0.0
370000,dense_rhs/candidate_3_learner_proxy_term,0.9019225835800171
370000,dense_rhs/candidate_4_fitness,0.9181727766990662
370000,dense_rhs/candidate_4_deployment_score,0.5691103339195251
370000,dense_rhs/candidate_4_transition_cost,0.03213959187269211
370000,dense_rhs/candidate_4_transition_adjusted_score,0.5369707345962524
370000,dense_rhs/candidate_4_switch_probability,0.9995415210723877
370000,dense_rhs/candidate_4_expected_net_benefit,0.5369705557823181
370000,dense_rhs/candidate_4_return,452.5982666015625
370000,dense_rhs/candidate_4_return_term,1.0
370000,dense_rhs/candidate_4_roughness_term,0.8350943326950073
370000,dense_rhs/candidate_4_return_std_term,0.8510625958442688
370000,dense_rhs/candidate_4_learner_proxy_term,0.8007545471191406
370000,dense_rhs/candidate_2_fitness,0.6573043465614319
370000,dense_rhs/candidate_2_deployment_score,0.0928412601351738
370000,dense_rhs/candidate_2_transition_cost,0.04858778789639473
370000,dense_rhs/candidate_2_transition_adjusted_score,0.04425347223877907
370000,dense_rhs/candidate_2_switch_probability,0.5857929587364197
370000,dense_rhs/candidate_2_expected_net_benefit,0.04425330460071564
370000,dense_rhs/candidate_2_return,397.060791015625
370000,dense_rhs/candidate_2_return_term,0.792305052280426
370000,dense_rhs/candidate_2_roughness_term,1.0
370000,dense_rhs/candidate_2_return_std_term,0.23559784889221191
370000,dense_rhs/candidate_2_learner_proxy_term,1.0
370000,dense_rhs/deployment_utility_enabled,1.0
370000,dense_rhs/deployment_utility_observations,6.0
370000,dense_rhs/deployment_utility_last_observed_gain,60.5718994140625
370000,dense_rhs/candidate_2_expected_eval_gain,0.0
370000,dense_rhs/candidate_2_eval_gain_uncertainty,150.0
370000,dense_rhs/candidate_2_deployment_utility_score,39.13133771097011
370000,dense_rhs/candidate_3_expected_eval_gain,89.25567118326823
370000,dense_rhs/candidate_3_eval_gain_uncertainty,56.30591842601188
370000,dense_rhs/candidate_3_deployment_utility_score,103.3321507897712
370000,dense_rhs/candidate_4_expected_eval_gain,0.0
370000,dense_rhs/candidate_4_eval_gain_uncertainty,150.0
370000,dense_rhs/candidate_4_deployment_utility_score,47.5
370000,dense_rhs/deployment_utility_override,1.0
370000,dense_rhs/deployment_utility_selected_expected_gain,89.25567118326823
370000,dense_rhs/deployment_utility_selected_uncertainty,56.30591842601188
370000,dense_rhs/deployment_utility_selected_score,103.3321507897712
370000,dense_rhs/deployment_utility_proposed_horizon,3.0
370000,dense_rhs/deployment_utility_proposed_expected_gain,89.25567118326823
370000,dense_rhs/deployment_utility_proposed_uncertainty,56.30591842601188
370000,dense_rhs/deployment_utility_proposed_score,103.3321507897712
370000,dense_rhs/previous_horizon,3.0
370000,dense_rhs/training_bucket_horizon,3.0
370000,dense_rhs/best_h,3.0
370000,dense_rhs/prob_best_h,0.001953125
370000,dense_rhs/gauss_mean_best_h,0.2467397004365921
370000,dense_rhs/gauss_post_std_best_h,0.13268731534481049
370000,system/heartbeat,1.0
371992,episode/return,738.180908203125
371992,episode/length,500.0
371993,episode/return,833.4542846679688
371993,episode/length,500.0
371994,episode/return,764.0994873046875
371994,episode/length,500.0
371995,episode/return,927.48291015625
371995,episode/length,500.0
371996,episode/return,879.1419677734375
371996,episode/length,500.0
371997,episode/return,714.2501831054688
371997,episode/length,500.0
371998,episode/return,954.3265991210938
371998,episode/length,500.0
371999,episode/return,748.488037109375
371999,episode/length,500.0
375992,episode/return,956.5504150390625
375992,episode/length,500.0
375993,episode/return,883.4884033203125
375993,episode/length,500.0
375994,episode/return,936.0712280273438
375994,episode/length,500.0
375995,episode/return,864.9281005859375
375995,episode/length,500.0
375996,episode/return,919.1548461914062
375996,episode/length,500.0
375997,episode/return,943.2278442382812
375997,episode/length,500.0
375998,episode/return,943.2359619140625
375998,episode/length,500.0
375999,episode/return,940.2926635742188
375999,episode/length,500.0
379992,episode/return,808.9248657226562
379992,episode/length,500.0
379993,episode/return,956.1730346679688
379993,episode/length,500.0
379994,episode/return,948.642333984375
379994,episode/length,500.0
379995,episode/return,954.9517822265625
379995,episode/length,500.0
379996,episode/return,940.6453247070312
379996,episode/length,500.0
379997,episode/return,905.3956909179688
379997,episode/length,500.0
379998,episode/return,931.8365478515625
379998,episode/length,500.0
379999,episode/return,836.0521850585938
379999,episode/length,500.0
380000,train/consistency_loss_mean,0.00017878095912747085
380000,train/consistency_loss_std,2.683466357808143e-05
380000,train/continue_loss_mean,0.0
380000,train/continue_loss_std,0.0
380000,train/grad_norm_mean,0.6697832683563233
380000,train/grad_norm_std,0.34177094737689295
380000,train/policy_log_std_mean,-0.6946282757441202
380000,train/policy_log_std_std,0.2619274435602728
380000,train/policy_loss_mean,-1.2964363666534424
380000,train/policy_loss_std,0.01737148966568412
380000,train/reward_loss_mean,0.3132677631378174
380000,train/reward_loss_std,0.006956086538731744
380000,train/total_loss_mean,0.06629729033708573
380000,train/total_loss_std,0.0011647445443834694
380000,train/value_loss_mean,0.3139489373445511
380000,train/value_loss_std,0.005826140368940382
380000,train/value_scale_mean,64.74309302978516
380000,train/value_scale_std,0.6556159549113086
380000,timing/collect_chunk_s,71.48261012136936
380000,timing/train_chunk_s,20.517085764557123
380000,dense_rhs/training_bucket_horizon,3.0
380000,system/heartbeat,1.0
383992,episode/return,955.5834350585938
383992,episode/length,500.0
383993,episode/return,952.6412353515625
383993,episode/length,500.0
383994,episode/return,872.96044921875
383994,episode/length,500.0
383995,episode/return,952.322265625
383995,episode/length,500.0
383996,episode/return,946.8624267578125
383996,episode/length,500.0
383997,episode/return,959.2599487304688
383997,episode/length,500.0
383998,episode/return,719.8361206054688
383998,episode/length,500.0
383999,episode/return,721.01123046875
383999,episode/length,500.0
387992,episode/return,926.728271484375
387992,episode/length,500.0
387993,episode/return,925.830322265625
387993,episode/length,500.0
387994,episode/return,954.3838500976562
387994,episode/length,500.0
387995,episode/return,949.8816528320312
387995,episode/length,500.0
387996,episode/return,831.5645751953125
387996,episode/length,500.0
387997,episode/return,752.1988525390625
387997,episode/length,500.0
387998,episode/return,931.4864501953125
387998,episode/length,500.0
387999,episode/return,946.3416748046875
387999,episode/length,500.0
390000,train/consistency_loss_mean,0.00017940984086599202
390000,train/consistency_loss_std,2.7150990895470724e-05
390000,train/continue_loss_mean,0.0
390000,train/continue_loss_std,0.0
390000,train/grad_norm_mean,0.6789066536188125
390000,train/grad_norm_std,0.34113737960811896
390000,train/policy_log_std_mean,-0.6922378723144531
390000,train/policy_log_std_std,0.2609516713316398
390000,train/policy_loss_mean,-1.3130978591918945
390000,train/policy_loss_std,0.014402932986088994
390000,train/reward_loss_mean,0.31479776554107664
390000,train/reward_loss_std,0.007065144070917958
390000,train/total_loss_mean,0.06681959807872773
390000,train/total_loss_std,0.001165572658166163
390000,train/value_loss_mean,0.317516227889061
390000,train/value_loss_std,0.005781737867928222
390000,train/value_scale_mean,64.10346181030273
390000,train/value_scale_std,0.45424962754183523
390000,timing/collect_chunk_s,72.38166144536808
390000,timing/train_chunk_s,20.562295446172357
390000,dense_rhs/training_bucket_horizon,3.0
390000,system/heartbeat,1.0
391992,episode/return,924.3412475585938
391992,episode/length,500.0
391993,episode/return,955.0816040039062
391993,episode/length,500.0
391994,episode/return,950.8732299804688
391994,episode/length,500.0
391995,episode/return,838.09814453125
391995,episode/length,500.0
391996,episode/return,951.2894287109375
391996,episode/length,500.0
391997,episode/return,946.5443115234375
391997,episode/length,500.0
391998,episode/return,922.1097412109375
391998,episode/length,500.0
391999,episode/return,954.033935546875
391999,episode/length,500.0
395992,episode/return,802.4273681640625
395992,episode/length,500.0
395993,episode/return,954.95849609375
395993,episode/length,500.0
395994,episode/return,935.6123046875
395994,episode/length,500.0
395995,episode/return,957.2118530273438
395995,episode/length,500.0
395996,episode/return,954.8401489257812
395996,episode/length,500.0
395997,episode/return,956.9930419921875
395997,episode/length,500.0
395998,episode/return,953.2059326171875
395998,episode/length,500.0
395999,episode/return,952.1021118164062
395999,episode/length,500.0
399992,episode/return,874.7483520507812
399992,episode/length,500.0
399993,episode/return,841.7908935546875
399993,episode/length,500.0
399994,episode/return,829.7531127929688
399994,episode/length,500.0
399995,episode/return,938.3440551757812
399995,episode/length,500.0
399996,episode/return,957.1443481445312
399996,episode/length,500.0
399997,episode/return,930.33056640625
399997,episode/length,500.0
399998,episode/return,919.7885131835938
399998,episode/length,500.0
399999,episode/return,948.8104858398438
399999,episode/length,500.0
400000,train/consistency_loss_mean,0.00017945807646028698
400000,train/consistency_loss_std,2.8149835098961395e-05
400000,train/continue_loss_mean,0.0
400000,train/continue_loss_std,0.0
400000,train/grad_norm_mean,0.6741909921884537
400000,train/grad_norm_std,0.34755319171072707
400000,train/policy_log_std_mean,-0.6899895373980204
400000,train/policy_log_std_std,0.26142717678196414
400000,train/policy_loss_mean,-1.3341770140647888
400000,train/policy_loss_std,0.016118900072109123
400000,train/reward_loss_mean,0.31635554070472716
400000,train/reward_loss_std,0.007071550070299704
400000,train/total_loss_mean,0.06706717680692673
400000,train/total_loss_std,0.0011813977044457327
400000,train/value_loss_mean,0.31842460737228395
400000,train/value_loss_std,0.005737399757635141
400000,train/value_scale_mean,63.219552117919925
400000,train/value_scale_std,0.5418722334818462
400000,timing/collect_chunk_s,70.85368381487206
400000,timing/train_chunk_s,20.521852943580598
400000,dense_rhs/training_bucket_horizon,3.0
400000,system/heartbeat,1.0
400000,timing/checkpoint_blocking_s,0.563254012260586
400000,eval/return_mean,939.7413330078125
400000,eval/return_std,35.80594253540039
400000,eval/return_max,961.8629150390625
400000,eval/return_min,830.6681518554688
400000,dense_rhs/deployment_utility_last_observed_gain,12.52374267578125
400000,dense_rhs/deployment_utility_observations,7.0
400000,timing/eval_s,10.796494166832417
400000,eval/selected_horizon,3.0
400000,eval/training_bucket_horizon,3.0
400000,system/heartbeat,1.0
403992,episode/return,738.4816284179688
403992,episode/length,500.0
403993,episode/return,828.8650512695312
403993,episode/length,500.0
403994,episode/return,828.7908935546875
403994,episode/length,500.0
403995,episode/return,937.8642578125
403995,episode/length,500.0
403996,episode/return,680.1844482421875
403996,episode/length,500.0
403997,episode/return,945.2335205078125
403997,episode/length,500.0
403998,episode/return,840.1734008789062
403998,episode/length,500.0
403999,episode/return,602.3480224609375
403999,episode/length,500.0
407992,episode/return,724.3033447265625
407992,episode/length,500.0
407993,episode/return,716.4778442382812
407993,episode/length,500.0
407994,episode/return,953.1748046875
407994,episode/length,500.0
407995,episode/return,765.5128784179688
407995,episode/length,500.0
407996,episode/return,806.4594116210938
407996,episode/length,500.0
407997,episode/return,941.720947265625
407997,episode/length,500.0
407998,episode/return,939.2573852539062
407998,episode/length,500.0
407999,episode/return,832.1954956054688
407999,episode/length,500.0
410000,train/consistency_loss_mean,0.00017804828202351927
410000,train/consistency_loss_std,2.792416419380417e-05
410000,train/continue_loss_mean,0.0
410000,train/continue_loss_std,0.0
410000,train/grad_norm_mean,0.6707964754343033
410000,train/grad_norm_std,0.3475676355173903
410000,train/policy_log_std_mean,-0.6870889146486918
410000,train/policy_log_std_std,0.26261803955911744
410000,train/policy_loss_mean,-1.3477608947753905
410000,train/policy_loss_std,0.014105385303096877
410000,train/reward_loss_mean,0.31763258595466615
410000,train/reward_loss_std,0.006977877078567377
410000,train/total_loss_mean,0.06725277574658393
410000,train/total_loss_std,0.001178235471171163
410000,train/value_loss_mean,0.31928549513816834
410000,train/value_loss_std,0.005688613188996448
410000,train/value_scale_mean,62.64748475036621
410000,train/value_scale_std,0.40608789974647996
410000,timing/collect_chunk_s,77.45807935856283
410000,timing/train_chunk_s,20.514131758827716
410000,dense_rhs/training_bucket_horizon,3.0
410000,system/heartbeat,1.0
411992,episode/return,933.0704345703125
411992,episode/length,500.0
411993,episode/return,807.3110961914062
411993,episode/length,500.0
411994,episode/return,806.0407104492188
411994,episode/length,500.0
411995,episode/return,938.57421875
411995,episode/length,500.0
411996,episode/return,945.9612426757812
411996,episode/length,500.0
411997,episode/return,942.8978271484375
411997,episode/length,500.0
411998,episode/return,955.3619384765625
411998,episode/length,500.0
411999,episode/return,934.3905639648438
411999,episode/length,500.0
415992,episode/return,956.3058471679688
415992,episode/length,500.0
415993,episode/return,951.522216796875
415993,episode/length,500.0
415994,episode/return,955.423583984375
415994,episode/length,500.0
415995,episode/return,932.5267333984375
415995,episode/length,500.0
415996,episode/return,853.4180297851562
415996,episode/length,500.0
415997,episode/return,956.5823364257812
415997,episode/length,500.0
415998,episode/return,942.3685913085938
415998,episode/length,500.0
415999,episode/return,956.83349609375
415999,episode/length,500.0
419992,episode/return,914.9098510742188
419992,episode/length,500.0
419993,episode/return,927.3583984375
419993,episode/length,500.0
419994,episode/return,894.0283203125
419994,episode/length,500.0
419995,episode/return,900.7659912109375
419995,episode/length,500.0
419996,episode/return,913.8079833984375
419996,episode/length,500.0
419997,episode/return,876.205810546875
419997,episode/length,500.0
419998,episode/return,846.5543823242188
419998,episode/length,500.0
419999,episode/return,730.1060791015625
419999,episode/length,500.0
420000,train/consistency_loss_mean,0.0001776718498324044
420000,train/consistency_loss_std,2.8953002110186133e-05
420000,train/continue_loss_mean,0.0
420000,train/continue_loss_std,0.0
420000,train/grad_norm_mean,0.6657721792697906
420000,train/grad_norm_std,0.3498435365311927
420000,train/policy_log_std_mean,-0.6885335453033448
420000,train/policy_log_std_std,0.26386921135558533
420000,train/policy_loss_mean,-1.3467061847686768
420000,train/policy_loss_std,0.019362724835090807
420000,train/reward_loss_mean,0.31874882917404174
420000,train/reward_loss_std,0.006962328261346928
420000,train/total_loss_mean,0.06738975207805634
420000,train/total_loss_std,0.0011878954411774715
420000,train/value_loss_mean,0.31961430215835573
420000,train/value_loss_std,0.0057113030414570574
420000,train/value_scale_mean,62.77184968566895
420000,train/value_scale_std,0.7293548684681546
420000,timing/collect_chunk_s,70.25323093309999
420000,timing/train_chunk_s,20.528363690711558
420000,dense_rhs/training_bucket_horizon,3.0
420000,system/heartbeat,1.0
420000,dense_rhs/selected_horizon,3.0
420000,dense_rhs/proposed_horizon,2.0
420000,dense_rhs/phase_id,0.0
420000,dense_rhs/num_active_horizons,7.0
420000,dense_rhs/num_candidate_horizons,3.0
420000,dense_rhs/entropy,1.6332167387008667
420000,dense_rhs/norm_entropy,0.8393073081970215
420000,dense_rhs/best_fitness,0.03162277489900589
420000,dense_rhs/deployment_score_best,4.280007033230504e-07
420000,dense_rhs/incumbent_deployment_score,4.280007033230504e-07
420000,dense_rhs/proposed_deployment_score,0.3288840651512146
420000,dense_rhs/proposed_transition_cost,0.04489477351307869
420000,dense_rhs/proposed_switch_probability,0.9416694641113281
420000,dense_rhs/proposed_expected_net_benefit,0.2839888632297516
420000,dense_rhs/transition_cost_best,0.04489477351307869
420000,dense_rhs/transition_adjusted_score_best,0.283989280462265
420000,dense_rhs/switch_probability_best,0.9416694641113281
420000,dense_rhs/expected_improvement_best,0.2885136902332306
420000,dense_rhs/expected_loss_best,0.004524832591414452
420000,dense_rhs/expected_net_benefit_best,0.2839888632297516
420000,dense_rhs/return_term_best,0.8284667730331421
420000,dense_rhs/roughness_term_best,0.9511120915412903
420000,dense_rhs/return_std_term_best,0.0
420000,dense_rhs/learner_proxy_term_best,0.9552397727966309
420000,dense_rhs/model_prefix_loss_best,0.23165678977966309
420000,dense_rhs/model_probe_prefix_best,0.12015116214752197
420000,dense_rhs/planner_return_best,187.5439910888672
420000,dense_rhs/roughness_best,0.07097373157739639
420000,dense_rhs/robust_return_best,383.0965881347656
420000,timing/query_model_diag_s,0.006531198974698782
420000,timing/query_env_eval_s,7.259204334113747
420000,timing/query_finalize_s,0.0018586167134344578
420000,timing/query_total_s,7.272864344995469
420000,dense_rhs/candidate_3_fitness,0.03162277489900589
420000,dense_rhs/candidate_3_deployment_score,4.280007033230504e-07
420000,dense_rhs/candidate_3_transition_cost,0.0
420000,dense_rhs/candidate_3_transition_adjusted_score,4.280007033230504e-07
420000,dense_rhs/candidate_3_switch_probability,0.5
420000,dense_rhs/candidate_3_expected_net_benefit,0.0
420000,dense_rhs/candidate_3_return,383.0965881347656
420000,dense_rhs/candidate_3_return_term,0.8284667730331421
420000,dense_rhs/candidate_3_roughness_term,0.9511120915412903
420000,dense_rhs/candidate_3_return_std_term,0.0
420000,dense_rhs/candidate_3_learner_proxy_term,0.9552397727966309
420000,dense_rhs/candidate_4_fitness,0.6963003277778625
420000,dense_rhs/candidate_4_deployment_score,0.1936391443014145
420000,dense_rhs/candidate_4_transition_cost,0.06793583929538727
420000,dense_rhs/candidate_4_transition_adjusted_score,0.12570330500602722
420000,dense_rhs/candidate_4_switch_probability,0.8039400577545166
420000,dense_rhs/candidate_4_expected_net_benefit,0.1257028728723526
420000,dense_rhs/candidate_4_return,418.207763671875
420000,dense_rhs/candidate_4_return_term,0.9774008393287659
420000,dense_rhs/candidate_4_roughness_term,0.7507237195968628
420000,dense_rhs/candidate_4_return_std_term,0.3203551173210144
420000,dense_rhs/candidate_4_learner_proxy_term,0.8822476863861084
420000,dense_rhs/candidate_2_fitness,0.7572879791259766
420000,dense_rhs/candidate_2_deployment_score,0.3288840651512146
420000,dense_rhs/candidate_2_transition_cost,0.04489477351307869
420000,dense_rhs/candidate_2_transition_adjusted_score,0.283989280462265
420000,dense_rhs/candidate_2_switch_probability,0.9416694641113281
420000,dense_rhs/candidate_2_expected_net_benefit,0.2839888632297516
420000,dense_rhs/candidate_2_return,423.5355224609375
420000,dense_rhs/candidate_2_return_term,1.0
420000,dense_rhs/candidate_2_roughness_term,1.0
420000,dense_rhs/candidate_2_return_std_term,0.3288840651512146
420000,dense_rhs/candidate_2_learner_proxy_term,1.0
420000,dense_rhs/deployment_utility_enabled,1.0
420000,dense_rhs/deployment_utility_observations,7.0
420000,dense_rhs/deployment_utility_last_observed_gain,12.52374267578125
420000,dense_rhs/candidate_2_expected_eval_gain,0.0
420000,dense_rhs/candidate_2_eval_gain_uncertainty,150.0
420000,dense_rhs/candidate_2_deployment_utility_score,47.5
420000,dense_rhs/candidate_3_expected_eval_gain,78.29396711077008
420000,dense_rhs/candidate_3_eval_gain_uncertainty,49.67782759418224
420000,dense_rhs/candidate_3_deployment_utility_score,90.71342400931564
420000,dense_rhs/candidate_4_expected_eval_gain,0.0
420000,dense_rhs/candidate_4_eval_gain_uncertainty,150.0
420000,dense_rhs/candidate_4_deployment_utility_score,43.38775768774698
420000,dense_rhs/deployment_utility_override,1.0
420000,dense_rhs/deployment_utility_selected_expected_gain,78.29396711077008
420000,dense_rhs/deployment_utility_selected_uncertainty,49.67782759418224
420000,dense_rhs/deployment_utility_selected_score,90.71342400931564
420000,dense_rhs/deployment_utility_proposed_horizon,3.0
420000,dense_rhs/deployment_utility_proposed_expected_gain,78.29396711077008
420000,dense_rhs/deployment_utility_proposed_uncertainty,49.67782759418224
420000,dense_rhs/deployment_utility_proposed_score,90.71342400931564
420000,dense_rhs/previous_horizon,3.0
420000,dense_rhs/training_bucket_horizon,3.0
420000,dense_rhs/best_h,3.0
420000,dense_rhs/prob_best_h,0.0
420000,dense_rhs/gauss_mean_best_h,0.2198500782251358
420000,dense_rhs/gauss_post_std_best_h,0.11879480630159378
420000,system/heartbeat,1.0
423992,episode/return,957.798095703125
423992,episode/length,500.0
423993,episode/return,958.2478637695312
423993,episode/length,500.0
423994,episode/return,806.686767578125
423994,episode/length,500.0
423995,episode/return,820.251953125
423995,episode/length,500.0
423996,episode/return,956.593994140625
423996,episode/length,500.0
423997,episode/return,956.026123046875
423997,episode/length,500.0
423998,episode/return,937.1923828125
423998,episode/length,500.0
423999,episode/return,841.7833251953125
423999,episode/length,500.0
427992,episode/return,951.2635498046875
427992,episode/length,500.0
427993,episode/return,957.501708984375
427993,episode/length,500.0
427994,episode/return,942.3724975585938
427994,episode/length,500.0
427995,episode/return,957.7532958984375
427995,episode/length,500.0
427996,episode/return,958.052978515625
427996,episode/length,500.0
427997,episode/return,956.8722534179688
427997,episode/length,500.0
427998,episode/return,947.08203125
427998,episode/length,500.0
427999,episode/return,919.73291015625
427999,episode/length,500.0
430000,train/consistency_loss_mean,0.00017717632898129522
430000,train/consistency_loss_std,2.711369444315014e-05
430000,train/continue_loss_mean,0.0
430000,train/continue_loss_std,0.0
430000,train/grad_norm_mean,0.6675484322309494
430000,train/grad_norm_std,0.3460370159376738
430000,train/policy_log_std_mean,-0.6872964582125346
430000,train/policy_log_std_std,0.26304981528005356
430000,train/policy_loss_mean,-1.370511225605011
430000,train/policy_loss_std,0.01958819255382542
430000,train/reward_loss_mean,0.3200966601610184
430000,train/reward_loss_std,0.006896061157869464
430000,train/total_loss_mean,0.06771560368537903
430000,train/total_loss_std,0.0011699848117967889
430000,train/value_loss_mean,0.32162408616542815
430000,train/value_loss_std,0.005740667968290521
430000,train/value_scale_mean,61.81031118774414
430000,train/value_scale_std,0.7007405508060174
430000,timing/collect_chunk_s,70.63346914295107
430000,timing/train_chunk_s,20.47258242405951
430000,dense_rhs/training_bucket_horizon,3.0
430000,system/heartbeat,1.0
431992,episode/return,694.4093017578125
431992,episode/length,500.0
431993,episode/return,940.302001953125
431993,episode/length,500.0
431994,episode/return,791.7900390625
431994,episode/length,500.0
431995,episode/return,936.8927612304688
431995,episode/length,500.0
431996,episode/return,931.1006469726562
431996,episode/length,500.0
431997,episode/return,954.1629638671875
431997,episode/length,500.0
431998,episode/return,945.9769287109375
431998,episode/length,500.0
431999,episode/return,954.644775390625
431999,episode/length,500.0
435992,episode/return,943.3018188476562
435992,episode/length,500.0
435993,episode/return,959.6954345703125
435993,episode/length,500.0
435994,episode/return,953.9022216796875
435994,episode/length,500.0
435995,episode/return,741.2344970703125
435995,episode/length,500.0
435996,episode/return,960.1321411132812
435996,episode/length,500.0
435997,episode/return,957.3335571289062
435997,episode/length,500.0
435998,episode/return,958.3511962890625
435998,episode/length,500.0
435999,episode/return,935.1582641601562
435999,episode/length,500.0
439992,episode/return,957.9745483398438
439992,episode/length,500.0
439993,episode/return,770.9853515625
439993,episode/length,500.0
439994,episode/return,957.9185180664062
439994,episode/length,500.0
439995,episode/return,959.8279418945312
439995,episode/length,500.0
439996,episode/return,814.952392578125
439996,episode/length,500.0
439997,episode/return,942.218017578125
439997,episode/length,500.0
439998,episode/return,854.457763671875
439998,episode/length,500.0
439999,episode/return,955.5860595703125
439999,episode/length,500.0
440000,train/consistency_loss_mean,0.00017578978431411087
440000,train/consistency_loss_std,2.7826549819361644e-05
440000,train/continue_loss_mean,0.0
440000,train/continue_loss_std,0.0
440000,train/grad_norm_mean,0.6643503103256225
440000,train/grad_norm_std,0.3541757527159796
440000,train/policy_log_std_mean,-0.6869681371370951
440000,train/policy_log_std_std,0.26331408366227993
440000,train/policy_loss_mean,-1.37718480386734
440000,train/policy_loss_std,0.016394797142419048
440000,train/reward_loss_mean,0.32125335564613344
440000,train/reward_loss_std,0.006910442931091167
440000,train/total_loss_mean,0.06795869717001915
440000,train/total_loss_std,0.0011801470776734316
440000,train/value_loss_mean,0.32317563626766205
440000,train/value_loss_std,0.005690977150748218
440000,train/value_scale_mean,61.61136045227051
440000,train/value_scale_std,0.5436536711430725
440000,timing/collect_chunk_s,68.82256058230996
440000,timing/train_chunk_s,20.4834353630431
440000,dense_rhs/training_bucket_horizon,3.0
440000,system/heartbeat,1.0
443992,episode/return,737.1063232421875
443992,episode/length,500.0
443993,episode/return,683.9783935546875
443993,episode/length,500.0
443994,episode/return,823.8452758789062
443994,episode/length,500.0
443995,episode/return,842.77783203125
443995,episode/length,500.0
443996,episode/return,795.0950317382812
443996,episode/length,500.0
443997,episode/return,916.8030395507812
443997,episode/length,500.0
443998,episode/return,802.6968994140625
443998,episode/length,500.0
443999,episode/return,955.84619140625
443999,episode/length,500.0
447992,episode/return,946.0789794921875
447992,episode/length,500.0
447993,episode/return,957.9155883789062
447993,episode/length,500.0
447994,episode/return,883.0027465820312
447994,episode/length,500.0
447995,episode/return,949.1973876953125
447995,episode/length,500.0
447996,episode/return,800.212158203125
447996,episode/length,500.0
447997,episode/return,935.72021484375
447997,episode/length,500.0
447998,episode/return,954.82568359375
447998,episode/length,500.0
447999,episode/return,951.3148193359375
447999,episode/length,500.0
450000,train/consistency_loss_mean,0.00017640998879214748
450000,train/consistency_loss_std,2.7884480821347987e-05
450000,train/continue_loss_mean,0.0
450000,train/continue_loss_std,0.0
450000,train/grad_norm_mean,0.6685781358003616
450000,train/grad_norm_std,0.3506064082375338
450000,train/policy_log_std_mean,-0.6844498688062032
450000,train/policy_log_std_std,0.2634183000211567
450000,train/policy_loss_mean,-1.3875104870796204
450000,train/policy_loss_std,0.01624272982540258
450000,train/reward_loss_mean,0.3224121733188629
450000,train/reward_loss_std,0.006876440471725258
450000,train/total_loss_mean,0.06828595772981644
450000,train/total_loss_std,0.0011685036320207762
450000,train/value_loss_mean,0.3251653863430023
450000,train/value_loss_std,0.005642508378908059
450000,train/value_scale_mean,61.229086764526365
450000,train/value_scale_std,0.5040997910035008
450000,timing/collect_chunk_s,77.67813385138288
450000,timing/train_chunk_s,20.495104257948697
450000,dense_rhs/training_bucket_horizon,3.0
450000,system/heartbeat,1.0
450000,timing/checkpoint_blocking_s,0.5049911779351532
450000,eval/return_mean,925.4977416992188
450000,eval/return_std,49.290245056152344
450000,eval/return_max,960.9702758789062
450000,eval/return_min,813.3247680664062
450000,dense_rhs/deployment_utility_last_observed_gain,-14.24359130859375
450000,dense_rhs/deployment_utility_observations,8.0
450000,timing/eval_s,10.680165566969663
450000,eval/selected_horizon,3.0
450000,eval/training_bucket_horizon,3.0
450000,system/heartbeat,1.0
451992,episode/return,958.0120849609375
451992,episode/length,500.0
451993,episode/return,836.4396362304688
451993,episode/length,500.0
451994,episode/return,832.1888427734375
451994,episode/length,500.0
451995,episode/return,948.7872924804688
451995,episode/length,500.0
451996,episode/return,954.6360473632812
451996,episode/length,500.0
451997,episode/return,846.915283203125
451997,episode/length,500.0
451998,episode/return,954.635009765625
451998,episode/length,500.0
451999,episode/return,955.4242553710938
451999,episode/length,500.0
455992,episode/return,833.3150634765625
455992,episode/length,500.0
455993,episode/return,956.8208618164062
455993,episode/length,500.0
455994,episode/return,716.0948486328125
455994,episode/length,500.0
455995,episode/return,956.7094116210938
455995,episode/length,500.0
455996,episode/return,830.9366455078125
455996,episode/length,500.0
455997,episode/return,770.7330322265625
455997,episode/length,500.0
455998,episode/return,942.0563354492188
455998,episode/length,500.0
455999,episode/return,522.8461303710938
455999,episode/length,500.0
459992,episode/return,797.6912231445312
459992,episode/length,500.0
459993,episode/return,814.2689208984375
459993,episode/length,500.0
459994,episode/return,835.3141479492188
459994,episode/length,500.0
459995,episode/return,946.1702880859375
459995,episode/length,500.0
459996,episode/return,953.90087890625
459996,episode/length,500.0
459997,episode/return,931.8269653320312
459997,episode/length,500.0
459998,episode/return,826.2680053710938
459998,episode/length,500.0
459999,episode/return,822.6128540039062
459999,episode/length,500.0
460000,train/consistency_loss_mean,0.00017645641124108805
460000,train/consistency_loss_std,2.8167720014704105e-05
460000,train/continue_loss_mean,0.0
460000,train/continue_loss_std,0.0
460000,train/grad_norm_mean,0.6787164650201798
460000,train/grad_norm_std,0.37016206190647255
460000,train/policy_log_std_mean,-0.6799270274798075
460000,train/policy_log_std_std,0.2648771452643806
460000,train/policy_loss_mean,-1.3899461570739746
460000,train/policy_loss_std,0.015612871028335891
460000,train/reward_loss_mean,0.3233501868724823
460000,train/reward_loss_std,0.006831905614720134
460000,train/total_loss_mean,0.06842658814191818
460000,train/total_loss_std,0.001173438700653525
460000,train/value_loss_mean,0.325624392580986
460000,train/value_loss_std,0.005594728673586071
460000,train/value_scale_mean,61.15955788879395
460000,train/value_scale_std,0.48062798641416127
460000,timing/collect_chunk_s,70.49810053268448
460000,timing/train_chunk_s,20.475738865789026
460000,dense_rhs/training_bucket_horizon,3.0
460000,system/heartbeat,1.0
463992,episode/return,827.33154296875
463992,episode/length,500.0
463993,episode/return,961.255615234375
463993,episode/length,500.0
463994,episode/return,834.1394653320312
463994,episode/length,500.0
463995,episode/return,872.617431640625
463995,episode/length,500.0
463996,episode/return,959.3317260742188
463996,episode/length,500.0
463997,episode/return,800.777587890625
463997,episode/length,500.0
463998,episode/return,846.0396118164062
463998,episode/length,500.0
463999,episode/return,956.1533813476562
463999,episode/length,500.0
467992,episode/return,830.322021484375
467992,episode/length,500.0
467993,episode/return,954.74609375
467993,episode/length,500.0
467994,episode/return,912.2522583007812
467994,episode/length,500.0
467995,episode/return,851.2710571289062
467995,episode/length,500.0
467996,episode/return,956.4849853515625
467996,episode/length,500.0
467997,episode/return,956.9627685546875
467997,episode/length,500.0
467998,episode/return,746.7012329101562
467998,episode/length,500.0
467999,episode/return,941.9749145507812
467999,episode/length,500.0
470000,train/consistency_loss_mean,0.00017479147613048553
470000,train/consistency_loss_std,2.8006452310715614e-05
470000,train/continue_loss_mean,0.0
470000,train/continue_loss_std,0.0
470000,train/grad_norm_mean,0.6659805238485337
470000,train/grad_norm_std,0.34747301976342565
470000,train/policy_log_std_mean,-0.6783108076413472
470000,train/policy_log_std_std,0.2643077026780357
470000,train/policy_loss_mean,-1.4084905548095703
470000,train/policy_loss_std,0.01519579131106009
470000,train/reward_loss_mean,0.32448923547267916
470000,train/reward_loss_std,0.006869393894272511
470000,train/total_loss_mean,0.06861062666773796
470000,train/total_loss_std,0.001173715832332617
470000,train/value_loss_mean,0.3266587217569351
470000,train/value_loss_std,0.00548375656452127
470000,train/value_scale_mean,60.43113348693848
470000,train/value_scale_std,0.4318230063612211
470000,timing/collect_chunk_s,70.02735675405711
470000,timing/train_chunk_s,20.426165447570384
470000,dense_rhs/training_bucket_horizon,3.0
470000,system/heartbeat,1.0
470000,dense_rhs/selected_horizon,3.0
470000,dense_rhs/proposed_horizon,2.0
470000,dense_rhs/phase_id,0.0
470000,dense_rhs/num_active_horizons,7.0
470000,dense_rhs/num_candidate_horizons,3.0
470000,dense_rhs/entropy,1.635608196258545
470000,dense_rhs/norm_entropy,0.8405362963676453
470000,dense_rhs/best_fitness,0.03162277489900589
470000,dense_rhs/deployment_score_best,6.399560561476392e-07
470000,dense_rhs/incumbent_deployment_score,6.399560561476392e-07
470000,dense_rhs/proposed_deployment_score,0.19430352747440338
470000,dense_rhs/proposed_transition_cost,0.0437651053071022
470000,dense_rhs/proposed_switch_probability,0.8201339244842529
470000,dense_rhs/proposed_expected_net_benefit,0.15053778886795044
470000,dense_rhs/transition_cost_best,0.0437651053071022
470000,dense_rhs/transition_adjusted_score_best,0.15053841471672058
470000,dense_rhs/switch_probability_best,0.8201339244842529
470000,dense_rhs/expected_improvement_best,0.16657033562660217
470000,dense_rhs/expected_loss_best,0.01603255234658718
470000,dense_rhs/expected_net_benefit_best,0.15053778886795044
470000,dense_rhs/return_term_best,0.9297848343849182
470000,dense_rhs/roughness_term_best,0.9063524603843689
470000,dense_rhs/return_std_term_best,0.0
470000,dense_rhs/learner_proxy_term_best,0.9447636604309082
470000,dense_rhs/model_prefix_loss_best,0.23702287673950195
470000,dense_rhs/model_probe_prefix_best,0.12315288186073303
470000,dense_rhs/planner_return_best,187.16006469726562
470000,dense_rhs/roughness_best,0.11923438310623169
470000,dense_rhs/robust_return_best,414.23040771484375
470000,timing/query_model_diag_s,0.0066208080388605595
470000,timing/query_env_eval_s,7.287891359999776
470000,timing/query_finalize_s,0.0020767240785062313
470000,timing/query_total_s,7.30197374522686
470000,dense_rhs/candidate_3_fitness,0.03162277489900589
470000,dense_rhs/candidate_3_deployment_score,6.399560561476392e-07
470000,dense_rhs/candidate_3_transition_cost,0.0
470000,dense_rhs/candidate_3_transition_adjusted_score,6.399560561476392e-07
470000,dense_rhs/candidate_3_switch_probability,0.5
470000,dense_rhs/candidate_3_expected_net_benefit,0.0
470000,dense_rhs/candidate_3_return,414.23040771484375
470000,dense_rhs/candidate_3_return_term,0.9297848343849182
470000,dense_rhs/candidate_3_roughness_term,0.9063524603843689
470000,dense_rhs/candidate_3_return_std_term,0.0
470000,dense_rhs/candidate_3_learner_proxy_term,0.9447636604309082
470000,dense_rhs/candidate_4_fitness,0.6495269536972046
470000,dense_rhs/candidate_4_deployment_score,0.13937802612781525
470000,dense_rhs/candidate_4_transition_cost,0.03887959569692612
470000,dense_rhs/candidate_4_transition_adjusted_score,0.10049843043088913
470000,dense_rhs/candidate_4_switch_probability,0.7785681486129761
470000,dense_rhs/candidate_4_expected_net_benefit,0.1004977896809578
470000,dense_rhs/candidate_4_return,426.5296936035156
470000,dense_rhs/candidate_4_return_term,0.9802327752113342
470000,dense_rhs/candidate_4_roughness_term,0.8817366361618042
470000,dense_rhs/candidate_4_return_std_term,0.20592933893203735
470000,dense_rhs/candidate_4_learner_proxy_term,0.8314197659492493
470000,dense_rhs/candidate_2_fitness,0.6639276146888733
470000,dense_rhs/candidate_2_deployment_score,0.19430352747440338
470000,dense_rhs/candidate_2_transition_cost,0.0437651053071022
470000,dense_rhs/candidate_2_transition_adjusted_score,0.15053841471672058
470000,dense_rhs/candidate_2_switch_probability,0.8201339244842529
470000,dense_rhs/candidate_2_expected_net_benefit,0.15053778886795044
470000,dense_rhs/candidate_2_return,431.3489685058594
470000,dense_rhs/candidate_2_return_term,0.9999999403953552
470000,dense_rhs/candidate_2_roughness_term,1.0
470000,dense_rhs/candidate_2_return_std_term,0.19430357217788696
470000,dense_rhs/candidate_2_learner_proxy_term,1.0
470000,dense_rhs/deployment_utility_enabled,1.0
470000,dense_rhs/deployment_utility_observations,8.0
470000,dense_rhs/deployment_utility_last_observed_gain,-14.24359130859375
470000,dense_rhs/candidate_2_expected_eval_gain,0.0
470000,dense_rhs/candidate_2_eval_gain_uncertainty,150.0
470000,dense_rhs/candidate_2_deployment_utility_score,47.5
470000,dense_rhs/candidate_3_expected_eval_gain,66.72677230834961
470000,dense_rhs/candidate_3_eval_gain_uncertainty,44.98370797734697
470000,dense_rhs/candidate_3_deployment_utility_score,77.97269930268635
470000,dense_rhs/candidate_4_expected_eval_gain,0.0
470000,dense_rhs/candidate_4_eval_gain_uncertainty,150.0
470000,dense_rhs/candidate_4_deployment_utility_score,44.67320200187958
470000,dense_rhs/deployment_utility_override,1.0
470000,dense_rhs/deployment_utility_selected_expected_gain,66.72677230834961
470000,dense_rhs/deployment_utility_selected_uncertainty,44.98370797734697
470000,dense_rhs/deployment_utility_selected_score,77.97269930268635
470000,dense_rhs/deployment_utility_proposed_horizon,3.0
470000,dense_rhs/deployment_utility_proposed_expected_gain,66.72677230834961
470000,dense_rhs/deployment_utility_proposed_uncertainty,44.98370797734697
470000,dense_rhs/deployment_utility_proposed_score,77.97269930268635
470000,dense_rhs/previous_horizon,3.0
470000,dense_rhs/training_bucket_horizon,3.0
470000,dense_rhs/best_h,3.0
470000,dense_rhs/prob_best_h,0.0
470000,dense_rhs/gauss_mean_best_h,0.19893594086170197
470000,dense_rhs/gauss_post_std_best_h,0.10742060840129852
470000,system/heartbeat,1.0
471992,episode/return,903.0100708007812
471992,episode/length,500.0
471993,episode/return,864.0224609375
471993,episode/length,500.0
471994,episode/return,719.9011840820312
471994,episode/length,500.0
471995,episode/return,960.9829711914062
471995,episode/length,500.0
471996,episode/return,954.065185546875
471996,episode/length,500.0
471997,episode/return,926.0549926757812
471997,episode/length,500.0
471998,episode/return,948.84033203125
471998,episode/length,500.0
471999,episode/return,957.45361328125
471999,episode/length,500.0
475992,episode/return,788.1500244140625
475992,episode/length,500.0
475993,episode/return,928.5560913085938
475993,episode/length,500.0
475994,episode/return,939.6583862304688
475994,episode/length,500.0
475995,episode/return,953.9888305664062
475995,episode/length,500.0
475996,episode/return,958.7921142578125
475996,episode/length,500.0
475997,episode/return,954.1342163085938
475997,episode/length,500.0
475998,episode/return,943.292236328125
475998,episode/length,500.0
475999,episode/return,835.4044189453125
475999,episode/length,500.0
479992,episode/return,957.4737548828125
479992,episode/length,500.0
479993,episode/return,813.8214721679688
479993,episode/length,500.0
479994,episode/return,923.8404541015625
479994,episode/length,500.0
479995,episode/return,833.4437866210938
479995,episode/length,500.0
479996,episode/return,946.4011840820312
479996,episode/length,500.0
479997,episode/return,934.28466796875
479997,episode/length,500.0
479998,episode/return,526.1109619140625
479998,episode/length,500.0
479999,episode/return,957.9642944335938
479999,episode/length,500.0
480000,train/consistency_loss_mean,0.00017584765540668742
480000,train/consistency_loss_std,2.85121903586454e-05
480000,train/continue_loss_mean,0.0
480000,train/continue_loss_std,0.0
480000,train/grad_norm_mean,0.6783536098241806
480000,train/grad_norm_std,0.36393601876537185
480000,train/policy_log_std_mean,-0.6770288757324219
480000,train/policy_log_std_std,0.26374224104731525
480000,train/policy_loss_mean,-1.4230251760482788
480000,train/policy_loss_std,0.01577822748461964
480000,train/reward_loss_mean,0.32535649280548096
480000,train/reward_loss_std,0.006870180139449001
480000,train/total_loss_mean,0.06877401869297027
480000,train/total_loss_std,0.0011790949303089524
480000,train/value_loss_mean,0.3272141507387161
480000,train/value_loss_std,0.005549935751153864
480000,train/value_scale_mean,59.88213332214355
480000,train/value_scale_std,0.46661869634077924
480000,timing/collect_chunk_s,69.30230838339776
480000,timing/train_chunk_s,20.461336371023208
480000,dense_rhs/training_bucket_horizon,3.0
480000,system/heartbeat,1.0
483992,episode/return,945.9085693359375
483992,episode/length,500.0
483993,episode/return,820.987548828125
483993,episode/length,500.0
483994,episode/return,887.290771484375
483994,episode/length,500.0
483995,episode/return,817.2938232421875
483995,episode/length,500.0
483996,episode/return,805.2242431640625
483996,episode/length,500.0
483997,episode/return,946.2597045898438
483997,episode/length,500.0
483998,episode/return,924.8450317382812
483998,episode/length,500.0
483999,episode/return,952.2801513671875
483999,episode/length,500.0
487992,episode/return,936.5650634765625
487992,episode/length,500.0
487993,episode/return,953.467529296875
487993,episode/length,500.0
487994,episode/return,951.2704467773438
487994,episode/length,500.0
487995,episode/return,830.8079223632812
487995,episode/length,500.0
487996,episode/return,958.2852783203125
487996,episode/length,500.0
487997,episode/return,955.5811157226562
487997,episode/length,500.0
487998,episode/return,848.2718505859375
487998,episode/length,500.0
487999,episode/return,955.0866088867188
487999,episode/length,500.0
490000,train/consistency_loss_mean,0.00017383465924067422
490000,train/consistency_loss_std,2.77886049378266e-05
490000,train/continue_loss_mean,0.0
490000,train/continue_loss_std,0.0
490000,train/grad_norm_mean,0.6683561978816986
490000,train/grad_norm_std,0.3690144610344432
490000,train/policy_log_std_mean,-0.6738697682698568
490000,train/policy_log_std_std,0.26392936792434285
490000,train/policy_loss_mean,-1.4293524277687073
490000,train/policy_loss_std,0.01732859901679129
490000,train/reward_loss_mean,0.3262604825258255
490000,train/reward_loss_std,0.006808215130061334
490000,train/total_loss_mean,0.0689271268427372
490000,train/total_loss_std,0.0011847560071928246
490000,train/value_loss_mean,0.32824383985996247
490000,train/value_loss_std,0.0055405599313253975
490000,train/value_scale_mean,59.678927389526365
490000,train/value_scale_std,0.5361977783569879
490000,timing/collect_chunk_s,78.39098646631464
490000,timing/train_chunk_s,20.529951623175293
490000,dense_rhs/training_bucket_horizon,3.0
490000,system/heartbeat,1.0
491992,episode/return,848.757080078125
491992,episode/length,500.0
491993,episode/return,785.7274780273438
491993,episode/length,500.0
491994,episode/return,958.3589477539062
491994,episode/length,500.0
491995,episode/return,946.9190063476562
491995,episode/length,500.0
491996,episode/return,958.4098510742188
491996,episode/length,500.0
491997,episode/return,954.1307373046875
491997,episode/length,500.0
491998,episode/return,947.03759765625
491998,episode/length,500.0
491999,episode/return,944.4322509765625
491999,episode/length,500.0
495992,episode/return,721.7874145507812
495992,episode/length,500.0
495993,episode/return,958.3673095703125
495993,episode/length,500.0
495994,episode/return,813.8600463867188
495994,episode/length,500.0
495995,episode/return,946.4765625
495995,episode/length,500.0
495996,episode/return,955.657470703125
495996,episode/length,500.0
495997,episode/return,957.8963012695312
495997,episode/length,500.0
495998,episode/return,957.8928833007812
495998,episode/length,500.0
495999,episode/return,955.966552734375
495999,episode/length,500.0
499992,episode/return,959.362060546875
499992,episode/length,500.0
499993,episode/return,855.8361206054688
499993,episode/length,500.0
499994,episode/return,809.52197265625
499994,episode/length,500.0
499995,episode/return,954.9000854492188
499995,episode/length,500.0
499996,episode/return,812.7332153320312
499996,episode/length,500.0
499997,episode/return,956.0018310546875
499997,episode/length,500.0
499998,episode/return,762.0978393554688
499998,episode/length,500.0
499999,episode/return,954.7202758789062
499999,episode/length,500.0
500000,train/consistency_loss_mean,0.00017491344820009546
500000,train/consistency_loss_std,2.845188809925084e-05
500000,train/continue_loss_mean,0.0
500000,train/continue_loss_std,0.0
500000,train/grad_norm_mean,0.6821861393928528
500000,train/grad_norm_std,0.37004478956985104
500000,train/policy_log_std_mean,-0.675577832476298
500000,train/policy_log_std_std,0.2636374073498552
500000,train/policy_loss_mean,-1.4542545787811278
500000,train/policy_loss_std,0.0193685159924824
500000,train/reward_loss_mean,0.3271807738542557
500000,train/reward_loss_std,0.006798814703876657
500000,train/total_loss_mean,0.06912290930747986
500000,train/total_loss_std,0.0011652308346505305
500000,train/value_loss_mean,0.3290656088113785
500000,train/value_loss_std,0.005521268063006246
500000,train/value_scale_mean,58.74500552062988
500000,train/value_scale_std,0.6253261760692457
500000,timing/collect_chunk_s,70.66126314550638
500000,timing/train_chunk_s,20.535289774183184
500000,dense_rhs/training_bucket_horizon,3.0
500000,system/heartbeat,1.0
500000,timing/checkpoint_blocking_s,0.5750469239428639
500000,eval/return_mean,934.83349609375
500000,eval/return_std,47.066497802734375
500000,eval/return_max,962.0125732421875
500000,eval/return_min,809.0245361328125
500000,dense_rhs/deployment_utility_last_observed_gain,9.33575439453125
500000,dense_rhs/deployment_utility_observations,9.0
500000,timing/eval_s,10.795303979888558
500000,eval/selected_horizon,3.0
500000,eval/training_bucket_horizon,3.0
500000,system/heartbeat,1.0
