step,tag,value
3992,episode/return,19.18891143798828
3992,episode/length,500.0
3993,episode/return,8.97797966003418
3993,episode/length,500.0
3994,episode/return,16.32122802734375
3994,episode/length,500.0
3995,episode/return,14.148799896240234
3995,episode/length,500.0
3996,episode/return,12.170108795166016
3996,episode/length,500.0
3997,episode/return,14.490476608276367
3997,episode/length,500.0
3998,episode/return,10.69620132446289
3998,episode/length,500.0
3999,episode/return,19.261423110961914
3999,episode/length,500.0
4000,seed_pretrain/updates_completed,512.0
4000,timing/collect_chunk_s,51.61521482281387
4000,timing/train_chunk_s,239.4096306366846
4000,system/heartbeat,1.0
4000,seed_pretrain/updates_completed,1024.0
4000,timing/collect_chunk_s,51.61521482281387
4000,timing/train_chunk_s,240.53672237833962
4000,system/heartbeat,1.0
4000,seed_pretrain/updates_completed,1536.0
4000,timing/collect_chunk_s,51.61521482281387
4000,timing/train_chunk_s,241.6624393570237
4000,system/heartbeat,1.0
4000,seed_pretrain/updates_completed,2048.0
4000,timing/collect_chunk_s,51.61521482281387
4000,timing/train_chunk_s,242.7898928206414
4000,system/heartbeat,1.0
4000,seed_pretrain/updates_completed,2560.0
4000,timing/collect_chunk_s,51.61521482281387
4000,timing/train_chunk_s,243.91708532860503
4000,system/heartbeat,1.0
4000,seed_pretrain/updates_completed,3072.0
4000,timing/collect_chunk_s,51.61521482281387
4000,timing/train_chunk_s,245.043988651596
4000,system/heartbeat,1.0
4000,seed_pretrain/updates_completed,3584.0
4000,timing/collect_chunk_s,51.61521482281387
4000,timing/train_chunk_s,246.17230054503307
4000,system/heartbeat,1.0
7992,episode/return,173.17025756835938
7992,episode/length,500.0
7993,episode/return,73.87001037597656
7993,episode/length,500.0
7994,episode/return,187.84347534179688
7994,episode/length,500.0
7995,episode/return,177.5123748779297
7995,episode/length,500.0
7996,episode/return,28.135438919067383
7996,episode/length,500.0
7997,episode/return,28.852296829223633
7997,episode/length,500.0
7998,episode/return,149.78025817871094
7998,episode/length,500.0
7999,episode/return,171.79905700683594
7999,episode/length,500.0
10000,train/consistency_loss_mean,0.0004088096263934858
10000,train/consistency_loss_std,0.0005568792576267968
10000,train/continue_loss_mean,0.0
10000,train/continue_loss_std,0.0
10000,train/grad_norm_mean,0.25720104355812073
10000,train/grad_norm_std,0.07862181618900646
10000,train/policy_log_std_mean,-0.8078278847376505
10000,train/policy_log_std_std,0.4604397078667165
10000,train/policy_loss_mean,-1.4870721281766892
10000,train/policy_loss_std,0.8872326606915102
10000,train/reward_loss_mean,0.15831951816082002
10000,train/reward_loss_std,0.0890798811752621
10000,train/total_loss_mean,0.0525155783355236
10000,train/total_loss_std,0.026432839249447917
10000,train/value_loss_mean,0.28507432990074155
10000,train/value_loss_std,0.0857921942488419
10000,train/value_scale_mean,3.2529690643310545
10000,train/value_scale_std,2.854854659682269
10000,timing/collect_chunk_s,235.63494267174974
10000,timing/train_chunk_s,305.71794671937823
10000,dense_rhs/training_bucket_horizon,3.0
10000,system/heartbeat,1.0
11992,episode/return,88.40094757080078
11992,episode/length,500.0
11993,episode/return,129.80819702148438
11993,episode/length,500.0
11994,episode/return,226.46084594726562
11994,episode/length,500.0
11995,episode/return,136.30224609375
11995,episode/length,500.0
11996,episode/return,86.43081665039062
11996,episode/length,500.0
11997,episode/return,101.65609741210938
11997,episode/length,500.0
11998,episode/return,278.36956787109375
11998,episode/length,500.0
11999,episode/return,118.5786361694336
11999,episode/length,500.0
15992,episode/return,277.4347229003906
15992,episode/length,500.0
15993,episode/return,334.5668029785156
15993,episode/length,500.0
15994,episode/return,196.17169189453125
15994,episode/length,500.0
15995,episode/return,330.598876953125
15995,episode/length,500.0
15996,episode/return,200.48963928222656
15996,episode/length,500.0
15997,episode/return,170.4918975830078
15997,episode/length,500.0
15998,episode/return,257.7018737792969
15998,episode/length,500.0
15999,episode/return,121.81613159179688
15999,episode/length,500.0
19992,episode/return,424.13751220703125
19992,episode/length,500.0
19993,episode/return,419.6439208984375
19993,episode/length,500.0
19994,episode/return,231.7128448486328
19994,episode/length,500.0
19995,episode/return,291.609130859375
19995,episode/length,500.0
19996,episode/return,393.1537780761719
19996,episode/length,500.0
19997,episode/return,195.95350646972656
19997,episode/length,500.0
19998,episode/return,215.22772216796875
19998,episode/length,500.0
19999,episode/return,406.6796875
19999,episode/length,500.0
20000,train/consistency_loss_mean,0.00026458098016446456
20000,train/consistency_loss_std,2.34428611846624e-05
20000,train/continue_loss_mean,0.0
20000,train/continue_loss_std,0.0
20000,train/grad_norm_mean,0.31350910930633547
20000,train/grad_norm_std,0.0862380512344326
20000,train/policy_log_std_mean,-0.672296032555898
20000,train/policy_log_std_std,0.23857196836420766
20000,train/policy_loss_mean,-0.8563873945236206
20000,train/policy_loss_std,0.0789757739372008
20000,train/reward_loss_mean,0.22194637743234635
20000,train/reward_loss_std,0.013965608633438167
20000,train/total_loss_mean,0.05748814019262791
20000,train/total_loss_std,0.0026331819657118044
20000,train/value_loss_mean,0.30001881532669067
20000,train/value_loss_std,0.02057762539978841
20000,train/value_scale_mean,17.850583248901366
20000,train/value_scale_std,5.177482353774987
20000,timing/collect_chunk_s,68.90595945063978
20000,timing/train_chunk_s,20.52636392880231
20000,dense_rhs/training_bucket_horizon,3.0
20000,system/heartbeat,1.0
23992,episode/return,444.1666259765625
23992,episode/length,500.0
23993,episode/return,431.11297607421875
23993,episode/length,500.0
23994,episode/return,366.6521911621094
23994,episode/length,500.0
23995,episode/return,256.6604309082031
23995,episode/length,500.0
23996,episode/return,314.5799865722656
23996,episode/length,500.0
23997,episode/return,382.2798767089844
23997,episode/length,500.0
23998,episode/return,172.35874938964844
23998,episode/length,500.0
23999,episode/return,437.03045654296875
23999,episode/length,500.0
27992,episode/return,405.2062072753906
27992,episode/length,500.0
27993,episode/return,390.1783447265625
27993,episode/length,500.0
27994,episode/return,471.7018737792969
27994,episode/length,500.0
27995,episode/return,385.8653259277344
27995,episode/length,500.0
27996,episode/return,341.19195556640625
27996,episode/length,500.0
27997,episode/return,321.08465576171875
27997,episode/length,500.0
27998,episode/return,476.26678466796875
27998,episode/length,500.0
27999,episode/return,408.4805603027344
27999,episode/length,500.0
30000,train/consistency_loss_mean,0.00022629701218102128
30000,train/consistency_loss_std,2.2129110263910623e-05
30000,train/continue_loss_mean,0.0
30000,train/continue_loss_std,0.0
30000,train/grad_norm_mean,0.4112474054813385
30000,train/grad_norm_std,0.13565991456018456
30000,train/policy_log_std_mean,-0.6081828719774882
30000,train/policy_log_std_std,0.20512807703281735
30000,train/policy_loss_mean,-0.9469005467414856
30000,train/policy_loss_std,0.06670983969292212
30000,train/reward_loss_mean,0.24146072565317153
30000,train/reward_loss_std,0.011395207440083295
30000,train/total_loss_mean,0.058381891071796414
30000,train/total_loss_std,0.002821145850482229
30000,train/value_loss_mean,0.29709877099990845
30000,train/value_loss_std,0.02606926592444458
30000,train/value_scale_mean,30.585921166992186
30000,train/value_scale_std,2.9743910221214747
30000,timing/collect_chunk_s,70.03833932382986
30000,timing/train_chunk_s,20.533026637975127
30000,dense_rhs/training_bucket_horizon,3.0
30000,system/heartbeat,1.0
31992,episode/return,414.7222900390625
31992,episode/length,500.0
31993,episode/return,404.0478820800781
31993,episode/length,500.0
31994,episode/return,498.93524169921875
31994,episode/length,500.0
31995,episode/return,493.4093933105469
31995,episode/length,500.0
31996,episode/return,486.04315185546875
31996,episode/length,500.0
31997,episode/return,498.1569519042969
31997,episode/length,500.0
31998,episode/return,275.69281005859375
31998,episode/length,500.0
31999,episode/return,404.7708740234375
31999,episode/length,500.0
35992,episode/return,445.19561767578125
35992,episode/length,500.0
35993,episode/return,552.1939697265625
35993,episode/length,500.0
35994,episode/return,534.7290649414062
35994,episode/length,500.0
35995,episode/return,519.0035400390625
35995,episode/length,500.0
35996,episode/return,514.4241333007812
35996,episode/length,500.0
35997,episode/return,266.7910461425781
35997,episode/length,500.0
35998,episode/return,459.71112060546875
35998,episode/length,500.0
35999,episode/return,548.0807495117188
35999,episode/length,500.0
39992,episode/return,540.892578125
39992,episode/length,500.0
39993,episode/return,540.6539306640625
39993,episode/length,500.0
39994,episode/return,459.06134033203125
39994,episode/length,500.0
39995,episode/return,544.758056640625
39995,episode/length,500.0
39996,episode/return,357.6732177734375
39996,episode/length,500.0
39997,episode/return,543.3374633789062
39997,episode/length,500.0
39998,episode/return,532.2443237304688
39998,episode/length,500.0
39999,episode/return,530.5887451171875
39999,episode/length,500.0
40000,train/consistency_loss_mean,0.00019392498176312075
40000,train/consistency_loss_std,1.8601974193780648e-05
40000,train/continue_loss_mean,0.0
40000,train/continue_loss_std,0.0
40000,train/grad_norm_mean,0.4985219185829163
40000,train/grad_norm_std,0.18906261639586996
40000,train/policy_log_std_mean,-0.6190830807685852
40000,train/policy_log_std_std,0.21317318696765242
40000,train/policy_loss_mean,-1.0422435403823853
40000,train/policy_loss_std,0.054669305990552856
40000,train/reward_loss_mean,0.2576799971342087
40000,train/reward_loss_std,0.008672632660321797
40000,train/total_loss_mean,0.059536694061756136
40000,train/total_loss_std,0.003217447801683593
40000,train/value_loss_mean,0.2989019339323044
40000,train/value_loss_std,0.031303613779102124
40000,train/value_scale_mean,38.64838211975098
40000,train/value_scale_std,2.9328703634292577
40000,timing/collect_chunk_s,69.50065656052902
40000,timing/train_chunk_s,20.52410432836041
40000,dense_rhs/training_bucket_horizon,3.0
40000,system/heartbeat,1.0
43992,episode/return,596.1668090820312
43992,episode/length,500.0
43993,episode/return,577.5661010742188
43993,episode/length,500.0
43994,episode/return,583.3741455078125
43994,episode/length,500.0
43995,episode/return,563.906982421875
43995,episode/length,500.0
43996,episode/return,579.5166015625
43996,episode/length,500.0
43997,episode/return,571.8795776367188
43997,episode/length,500.0
43998,episode/return,454.0347595214844
43998,episode/length,500.0
43999,episode/return,572.8628540039062
43999,episode/length,500.0
47992,episode/return,456.0558776855469
47992,episode/length,500.0
47993,episode/return,615.013916015625
47993,episode/length,500.0
47994,episode/return,596.6144409179688
47994,episode/length,500.0
47995,episode/return,536.9443969726562
47995,episode/length,500.0
47996,episode/return,544.9210205078125
47996,episode/length,500.0
47997,episode/return,482.69012451171875
47997,episode/length,500.0
47998,episode/return,630.3192749023438
47998,episode/length,500.0
47999,episode/return,462.8599853515625
47999,episode/length,500.0
50000,train/consistency_loss_mean,0.00017340625430224463
50000,train/consistency_loss_std,1.657253014862683e-05
50000,train/continue_loss_mean,0.0
50000,train/continue_loss_std,0.0
50000,train/grad_norm_mean,0.5605613819122315
50000,train/grad_norm_std,0.21808979261199607
50000,train/policy_log_std_mean,-0.5992422013918559
50000,train/policy_log_std_std,0.19985916746177673
50000,train/policy_loss_mean,-1.1049711699485778
50000,train/policy_loss_std,0.03301980547676856
50000,train/reward_loss_mean,0.25848508763313294
50000,train/reward_loss_std,0.008198192418085715
50000,train/total_loss_mean,0.06118013374507427
50000,train/total_loss_std,0.002220937573691945
50000,train/value_loss_mean,0.31863498506546023
50000,train/value_loss_std,0.019670196594443388
50000,train/value_scale_mean,43.388608084106444
50000,train/value_scale_std,1.3283453303947967
50000,timing/collect_chunk_s,69.79710723599419
50000,timing/train_chunk_s,20.55667597334832
50000,dense_rhs/training_bucket_horizon,3.0
50000,system/heartbeat,1.0
50000,timing/checkpoint_blocking_s,1.4890464721247554
50000,eval/return_mean,420.23583984375
50000,eval/return_std,71.46858978271484
50000,eval/return_max,583.1619873046875
50000,eval/return_min,343.501220703125
50000,timing/eval_s,101.2403158810921
50000,eval/selected_horizon,3.0
50000,eval/training_bucket_horizon,3.0
50000,system/heartbeat,1.0
51992,episode/return,540.9866943359375
51992,episode/length,500.0
51993,episode/return,628.906982421875
51993,episode/length,500.0
51994,episode/return,492.532470703125
51994,episode/length,500.0
51995,episode/return,554.1624145507812
51995,episode/length,500.0
51996,episode/return,592.6422119140625
51996,episode/length,500.0
51997,episode/return,539.9658203125
51997,episode/length,500.0
51998,episode/return,542.85791015625
51998,episode/length,500.0
51999,episode/return,553.1961669921875
51999,episode/length,500.0
55992,episode/return,652.8825073242188
55992,episode/length,500.0
55993,episode/return,560.9876098632812
55993,episode/length,500.0
55994,episode/return,580.1533203125
55994,episode/length,500.0
55995,episode/return,585.0018310546875
55995,episode/length,500.0
55996,episode/return,672.9962768554688
55996,episode/length,500.0
55997,episode/return,654.9037475585938
55997,episode/length,500.0
55998,episode/return,687.561767578125
55998,episode/length,500.0
55999,episode/return,636.6590576171875
55999,episode/length,500.0
59992,episode/return,679.021484375
59992,episode/length,500.0
59993,episode/return,660.1318359375
59993,episode/length,500.0
59994,episode/return,663.3577880859375
59994,episode/length,500.0
59995,episode/return,679.158935546875
59995,episode/length,500.0
59996,episode/return,694.820068359375
59996,episode/length,500.0
59997,episode/return,668.4317016601562
59997,episode/length,500.0
59998,episode/return,707.0682983398438
59998,episode/length,500.0
59999,episode/return,694.7798461914062
59999,episode/length,500.0
60000,train/consistency_loss_mean,0.0001626176261692308
60000,train/consistency_loss_std,1.639079425009286e-05
60000,train/continue_loss_mean,0.0
60000,train/continue_loss_std,0.0
60000,train/grad_norm_mean,0.6142188929080963
60000,train/grad_norm_std,0.2495227819327908
60000,train/policy_log_std_mean,-0.6178928732554118
60000,train/policy_log_std_std,0.2176192972580064
60000,train/policy_loss_mean,-1.0784788096427917
60000,train/policy_loss_std,0.0743058530182061
60000,train/reward_loss_mean,0.26500309994220733
60000,train/reward_loss_std,0.008748930411964333
60000,train/total_loss_mean,0.05740598588585854
60000,train/total_loss_std,0.0034904836555901824
60000,train/value_loss_mean,0.27653322682380677
60000,train/value_loss_std,0.03133863315746306
60000,train/value_scale_mean,49.92901398620605
60000,train/value_scale_std,4.80861426549301
60000,timing/collect_chunk_s,69.22476699529216
60000,timing/train_chunk_s,20.55059129279107
60000,dense_rhs/training_bucket_horizon,3.0
60000,system/heartbeat,1.0
63992,episode/return,745.1807250976562
63992,episode/length,500.0
63993,episode/return,741.9110717773438
63993,episode/length,500.0
63994,episode/return,743.1941528320312
63994,episode/length,500.0
63995,episode/return,502.5496520996094
63995,episode/length,500.0
63996,episode/return,754.5540771484375
63996,episode/length,500.0
63997,episode/return,706.1787109375
63997,episode/length,500.0
63998,episode/return,721.4771118164062
63998,episode/length,500.0
63999,episode/return,742.7254638671875
63999,episode/length,500.0
67992,episode/return,721.2695922851562
67992,episode/length,500.0
67993,episode/return,649.2398681640625
67993,episode/length,500.0
67994,episode/return,759.63671875
67994,episode/length,500.0
67995,episode/return,751.8884887695312
67995,episode/length,500.0
67996,episode/return,770.1567993164062
67996,episode/length,500.0
67997,episode/return,763.0012817382812
67997,episode/length,500.0
67998,episode/return,707.1943359375
67998,episode/length,500.0
67999,episode/return,655.9860229492188
67999,episode/length,500.0
70000,train/consistency_loss_mean,0.00015904046203941107
70000,train/consistency_loss_std,1.6973643749280284e-05
70000,train/continue_loss_mean,0.0
70000,train/continue_loss_std,0.0
70000,train/grad_norm_mean,0.6463750507831574
70000,train/grad_norm_std,0.269800232996214
70000,train/policy_log_std_mean,-0.5955353303909302
70000,train/policy_log_std_std,0.18457283163479016
70000,train/policy_loss_mean,-1.048821865081787
70000,train/policy_loss_std,0.017422990964308743
70000,train/reward_loss_mean,0.273585591173172
70000,train/reward_loss_std,0.007856100949268204
70000,train/total_loss_mean,0.061900910246372225
70000,train/total_loss_std,0.002289982552478294
70000,train/value_loss_mean,0.3136154083013535
70000,train/value_loss_std,0.02160191446605234
70000,train/value_scale_mean,56.502087210083005
70000,train/value_scale_std,2.1150072228273937
70000,timing/collect_chunk_s,70.13000988634303
70000,timing/train_chunk_s,20.540971051435918
70000,dense_rhs/training_bucket_horizon,3.0
70000,system/heartbeat,1.0
71992,episode/return,720.8321533203125
71992,episode/length,500.0
71993,episode/return,600.9702758789062
71993,episode/length,500.0
71994,episode/return,762.25341796875
71994,episode/length,500.0
71995,episode/return,577.0382080078125
71995,episode/length,500.0
71996,episode/return,645.6025390625
71996,episode/length,500.0
71997,episode/return,618.3223266601562
71997,episode/length,500.0
71998,episode/return,745.3985595703125
71998,episode/length,500.0
71999,episode/return,714.3167114257812
71999,episode/length,500.0
75992,episode/return,595.3403930664062
75992,episode/length,500.0
75993,episode/return,764.3512573242188
75993,episode/length,500.0
75994,episode/return,833.880126953125
75994,episode/length,500.0
75995,episode/return,793.9702758789062
75995,episode/length,500.0
75996,episode/return,805.7030029296875
75996,episode/length,500.0
75997,episode/return,838.77685546875
75997,episode/length,500.0
75998,episode/return,825.5643920898438
75998,episode/length,500.0
75999,episode/return,822.8416137695312
75999,episode/length,500.0
79992,episode/return,838.726318359375
79992,episode/length,500.0
79993,episode/return,853.0746459960938
79993,episode/length,500.0
79994,episode/return,815.78662109375
79994,episode/length,500.0
79995,episode/return,843.4928588867188
79995,episode/length,500.0
79996,episode/return,847.2708129882812
79996,episode/length,500.0
79997,episode/return,844.1807250976562
79997,episode/length,500.0
79998,episode/return,542.3714599609375
79998,episode/length,500.0
79999,episode/return,685.44189453125
79999,episode/length,500.0
80000,train/consistency_loss_mean,0.00016121033085510136
80000,train/consistency_loss_std,1.8325779414668218e-05
80000,train/continue_loss_mean,0.0
80000,train/continue_loss_std,0.0
80000,train/grad_norm_mean,0.7095724648475646
80000,train/grad_norm_std,0.2980903898284951
80000,train/policy_log_std_mean,-0.6457106526056925
80000,train/policy_log_std_std,0.21421463530356674
80000,train/policy_loss_mean,-1.0014461409568787
80000,train/policy_loss_std,0.032137366029131
80000,train/reward_loss_mean,0.2714238152742386
80000,train/reward_loss_std,0.008125499687792003
80000,train/total_loss_mean,0.05886809341013432
80000,train/total_loss_std,0.0014863443145228597
80000,train/value_loss_mean,0.2850150456428528
80000,train/value_loss_std,0.013400775765709187
80000,train/value_scale_mean,64.6710102355957
80000,train/value_scale_std,2.994576665298619
80000,timing/collect_chunk_s,68.38888761820272
80000,timing/train_chunk_s,20.53196059074253
80000,dense_rhs/training_bucket_horizon,3.0
80000,system/heartbeat,1.0
83992,episode/return,898.0601196289062
83992,episode/length,500.0
83993,episode/return,874.1572875976562
83993,episode/length,500.0
83994,episode/return,851.00146484375
83994,episode/length,500.0
83995,episode/return,885.2001342773438
83995,episode/length,500.0
83996,episode/return,739.8461303710938
83996,episode/length,500.0
83997,episode/return,755.1707153320312
83997,episode/length,500.0
83998,episode/return,806.4624633789062
83998,episode/length,500.0
83999,episode/return,899.6754760742188
83999,episode/length,500.0
87992,episode/return,787.1170654296875
87992,episode/length,500.0
87993,episode/return,714.775390625
87993,episode/length,500.0
87994,episode/return,637.6448364257812
87994,episode/length,500.0
87995,episode/return,722.5699462890625
87995,episode/length,500.0
87996,episode/return,716.4159545898438
87996,episode/length,500.0
87997,episode/return,594.6146850585938
87997,episode/length,500.0
87998,episode/return,856.9274291992188
87998,episode/length,500.0
87999,episode/return,688.143798828125
87999,episode/length,500.0
90000,train/consistency_loss_mean,0.00016099592809332535
90000,train/consistency_loss_std,1.9513835803532596e-05
90000,train/continue_loss_mean,0.0
90000,train/continue_loss_std,0.0
90000,train/grad_norm_mean,0.753616531085968
90000,train/grad_norm_std,0.3493817640109998
90000,train/policy_log_std_mean,-0.6597366515477499
90000,train/policy_log_std_std,0.20409857560503705
90000,train/policy_loss_mean,-1.034729243659973
90000,train/policy_loss_std,0.023802953853078256
90000,train/reward_loss_mean,0.27108658916950223
90000,train/reward_loss_std,0.007793783638901926
90000,train/total_loss_mean,0.060206507229804994
90000,train/total_loss_std,0.0012936695001245213
90000,train/value_loss_mean,0.29877928838729856
90000,train/value_loss_std,0.008843792852367706
90000,train/value_scale_mean,66.78722305297852
90000,train/value_scale_std,1.6423926657685224
90000,timing/collect_chunk_s,69.42581891268492
90000,timing/train_chunk_s,20.54711826192215
90000,dense_rhs/training_bucket_horizon,3.0
90000,system/heartbeat,1.0
91992,episode/return,588.978271484375
91992,episode/length,500.0
91993,episode/return,732.5827026367188
91993,episode/length,500.0
91994,episode/return,214.69252014160156
91994,episode/length,500.0
91995,episode/return,326.9297180175781
91995,episode/length,500.0
91996,episode/return,859.0791625976562
91996,episode/length,500.0
91997,episode/return,846.267578125
91997,episode/length,500.0
91998,episode/return,738.7559814453125
91998,episode/length,500.0
91999,episode/return,464.0213623046875
91999,episode/length,500.0
95992,episode/return,376.6109313964844
95992,episode/length,500.0
95993,episode/return,352.54779052734375
95993,episode/length,500.0
95994,episode/return,662.1156616210938
95994,episode/length,500.0
95995,episode/return,787.350830078125
95995,episode/length,500.0
95996,episode/return,234.62109375
95996,episode/length,500.0
95997,episode/return,709.9212646484375
95997,episode/length,500.0
95998,episode/return,309.0179443359375
95998,episode/length,500.0
95999,episode/return,895.5897216796875
95999,episode/length,500.0
99992,episode/return,716.6376953125
99992,episode/length,500.0
99993,episode/return,689.6419677734375
99993,episode/length,500.0
99994,episode/return,758.9273071289062
99994,episode/length,500.0
99995,episode/return,471.8652648925781
99995,episode/length,500.0
99996,episode/return,744.1347045898438
99996,episode/length,500.0
99997,episode/return,870.4103393554688
99997,episode/length,500.0
99998,episode/return,381.1214294433594
99998,episode/length,500.0
99999,episode/return,643.6453857421875
99999,episode/length,500.0
100000,train/consistency_loss_mean,0.0001656895959051326
100000,train/consistency_loss_std,2.0397382969913856e-05
100000,train/continue_loss_mean,0.0
100000,train/continue_loss_std,0.0
100000,train/grad_norm_mean,0.7606378858089446
100000,train/grad_norm_std,0.36056577158260833
100000,train/policy_log_std_mean,-0.6208686131159464
100000,train/policy_log_std_std,0.20391416067288406
100000,train/policy_loss_mean,-1.0077407534122467
100000,train/policy_loss_std,0.013435823148651884
100000,train/reward_loss_mean,0.2732059670448303
100000,train/reward_loss_std,0.007826777725767571
100000,train/total_loss_mean,0.061086454355716704
100000,train/total_loss_std,0.0012611862941958496
100000,train/value_loss_mean,0.3045206426620483
100000,train/value_loss_std,0.008972802211391245
100000,train/value_scale_mean,71.64957147216796
100000,train/value_scale_std,1.0759746867703905
100000,timing/collect_chunk_s,69.74751108838245
100000,timing/train_chunk_s,20.49114397307858
100000,dense_rhs/training_bucket_horizon,3.0
100000,system/heartbeat,1.0
100000,timing/checkpoint_blocking_s,0.4044996020384133
100000,eval/return_mean,882.61376953125
100000,eval/return_std,93.45210266113281
100000,eval/return_max,942.9691162109375
100000,eval/return_min,548.6878662109375
100000,timing/eval_s,10.894716651644558
100000,eval/selected_horizon,3.0
100000,eval/training_bucket_horizon,3.0
100000,system/heartbeat,1.0
103992,episode/return,868.8792724609375
103992,episode/length,500.0
103993,episode/return,227.59194946289062
103993,episode/length,500.0
103994,episode/return,574.3391723632812
103994,episode/length,500.0
103995,episode/return,572.751220703125
103995,episode/length,500.0
103996,episode/return,623.4695434570312
103996,episode/length,500.0
103997,episode/return,669.8516845703125
103997,episode/length,500.0
103998,episode/return,675.1521606445312
103998,episode/length,500.0
103999,episode/return,858.71435546875
103999,episode/length,500.0
107992,episode/return,879.6367797851562
107992,episode/length,500.0
107993,episode/return,748.0366821289062
107993,episode/length,500.0
107994,episode/return,692.2150268554688
107994,episode/length,500.0
107995,episode/return,612.0792236328125
107995,episode/length,500.0
107996,episode/return,646.4302368164062
107996,episode/length,500.0
107997,episode/return,445.0589294433594
107997,episode/length,500.0
107998,episode/return,895.8792114257812
107998,episode/length,500.0
107999,episode/return,663.423583984375
107999,episode/length,500.0
110000,train/consistency_loss_mean,0.00017163104529026896
110000,train/consistency_loss_std,2.180641405610671e-05
110000,train/continue_loss_mean,0.0
110000,train/continue_loss_std,0.0
110000,train/grad_norm_mean,0.7918054537773133
110000,train/grad_norm_std,0.3865696844918194
110000,train/policy_log_std_mean,-0.5969801420211792
110000,train/policy_log_std_std,0.20839999947605545
110000,train/policy_loss_mean,-0.9998868556976318
110000,train/policy_loss_std,0.019068869518171824
110000,train/reward_loss_mean,0.2724845988750458
110000,train/reward_loss_std,0.007729653277509718
110000,train/total_loss_mean,0.05878275615274906
110000,train/total_loss_std,0.001318222991112853
110000,train/value_loss_mean,0.281016743683815
110000,train/value_loss_std,0.009879158012863926
110000,train/value_scale_mean,73.55111044921875
110000,train/value_scale_std,0.8554068198517902
110000,timing/collect_chunk_s,71.0640647620894
110000,timing/train_chunk_s,20.514296256937087
110000,dense_rhs/training_bucket_horizon,3.0
110000,system/heartbeat,1.0
111992,episode/return,823.02978515625
111992,episode/length,500.0
111993,episode/return,427.3784484863281
111993,episode/length,500.0
111994,episode/return,694.87353515625
111994,episode/length,500.0
111995,episode/return,881.5538940429688
111995,episode/length,500.0
111996,episode/return,761.2196044921875
111996,episode/length,500.0
111997,episode/return,706.4017944335938
111997,episode/length,500.0
111998,episode/return,568.3326416015625
111998,episode/length,500.0
111999,episode/return,874.1603393554688
111999,episode/length,500.0
115992,episode/return,662.7235717773438
115992,episode/length,500.0
115993,episode/return,689.8219604492188
115993,episode/length,500.0
115994,episode/return,748.7190551757812
115994,episode/length,500.0
115995,episode/return,845.3648681640625
115995,episode/length,500.0
115996,episode/return,463.7126770019531
115996,episode/length,500.0
115997,episode/return,740.2724609375
115997,episode/length,500.0
115998,episode/return,880.222412109375
115998,episode/length,500.0
115999,episode/return,679.4747924804688
115999,episode/length,500.0
119992,episode/return,878.0936279296875
119992,episode/length,500.0
119993,episode/return,754.9466552734375
119993,episode/length,500.0
119994,episode/return,877.712646484375
119994,episode/length,500.0
119995,episode/return,727.8916625976562
119995,episode/length,500.0
119996,episode/return,862.2753295898438
119996,episode/length,500.0
119997,episode/return,743.6036987304688
119997,episode/length,500.0
119998,episode/return,515.1732177734375
119998,episode/length,500.0
119999,episode/return,750.878662109375
119999,episode/length,500.0
120000,train/consistency_loss_mean,0.00017446289422223344
120000,train/consistency_loss_std,2.217444072927855e-05
120000,train/continue_loss_mean,0.0
120000,train/continue_loss_std,0.0
120000,train/grad_norm_mean,0.8127269404411316
120000,train/grad_norm_std,0.40258743314906437
120000,train/policy_log_std_mean,-0.5852727186203003
120000,train/policy_log_std_std,0.2149109056775316
120000,train/policy_loss_mean,-0.9704360873699188
120000,train/policy_loss_std,0.027153816579454374
120000,train/reward_loss_mean,0.2738731132984161
120000,train/reward_loss_std,0.007682454693077656
120000,train/total_loss_mean,0.05786363912522793
120000,train/total_loss_std,0.0012594086597818562
120000,train/value_loss_mean,0.26987068355083466
120000,train/value_loss_std,0.00912503809108136
120000,train/value_scale_mean,76.18988951416016
120000,train/value_scale_std,1.847311887769017
120000,timing/collect_chunk_s,66.8679798990488
120000,timing/train_chunk_s,20.47008654056117
120000,dense_rhs/training_bucket_horizon,3.0
120000,system/heartbeat,1.0
123992,episode/return,173.32908630371094
123992,episode/length,500.0
123993,episode/return,907.4981689453125
123993,episode/length,500.0
123994,episode/return,835.3805541992188
123994,episode/length,500.0
123995,episode/return,762.0265502929688
123995,episode/length,500.0
123996,episode/return,895.879638671875
123996,episode/length,500.0
123997,episode/return,909.1325073242188
123997,episode/length,500.0
123998,episode/return,909.7366943359375
123998,episode/length,500.0
123999,episode/return,780.1011962890625
123999,episode/length,500.0
127992,episode/return,879.5930786132812
127992,episode/length,500.0
127993,episode/return,924.7432250976562
127993,episode/length,500.0
127994,episode/return,773.3518676757812
127994,episode/length,500.0
127995,episode/return,880.1747436523438
127995,episode/length,500.0
127996,episode/return,893.09375
127996,episode/length,500.0
127997,episode/return,906.403076171875
127997,episode/length,500.0
127998,episode/return,881.6146240234375
127998,episode/length,500.0
127999,episode/return,787.3726806640625
127999,episode/length,500.0
130000,train/consistency_loss_mean,0.00017593810653779656
130000,train/consistency_loss_std,2.226376009891909e-05
130000,train/continue_loss_mean,0.0
130000,train/continue_loss_std,0.0
130000,train/grad_norm_mean,0.8084383776187897
130000,train/grad_norm_std,0.4048769682105573
130000,train/policy_log_std_mean,-0.5763001082102458
130000,train/policy_log_std_std,0.2123355624292527
130000,train/policy_loss_mean,-0.9131033544540406
130000,train/policy_loss_std,0.027787090309147867
130000,train/reward_loss_mean,0.27626407644748685
130000,train/reward_loss_std,0.007623286565406087
130000,train/total_loss_mean,0.057291229140758515
130000,train/total_loss_std,0.0012239055736348603
130000,train/value_loss_mean,0.26146058259010313
130000,train/value_loss_std,0.00935147289051353
130000,train/value_scale_mean,80.85648881835938
130000,train/value_scale_std,2.161112892764809
130000,timing/collect_chunk_s,70.01310346415266
130000,timing/train_chunk_s,20.52152791712433
130000,dense_rhs/training_bucket_horizon,3.0
130000,system/heartbeat,1.0
131992,episode/return,256.183349609375
131992,episode/length,500.0
131993,episode/return,925.1860961914062
131993,episode/length,500.0
131994,episode/return,794.9609985351562
131994,episode/length,500.0
131995,episode/return,911.94677734375
131995,episode/length,500.0
131996,episode/return,926.7486572265625
131996,episode/length,500.0
131997,episode/return,905.1019287109375
131997,episode/length,500.0
131998,episode/return,898.6723022460938
131998,episode/length,500.0
131999,episode/return,922.7763671875
131999,episode/length,500.0
135992,episode/return,906.6717529296875
135992,episode/length,500.0
135993,episode/return,859.046142578125
135993,episode/length,500.0
135994,episode/return,791.3064575195312
135994,episode/length,500.0
135995,episode/return,920.5096435546875
135995,episode/length,500.0
135996,episode/return,882.2267456054688
135996,episode/length,500.0
135997,episode/return,870.4791259765625
135997,episode/length,500.0
135998,episode/return,867.0407104492188
135998,episode/length,500.0
135999,episode/return,922.1787109375
135999,episode/length,500.0
139992,episode/return,685.2942504882812
139992,episode/length,500.0
139993,episode/return,928.0487060546875
139993,episode/length,500.0
139994,episode/return,732.3958129882812
139994,episode/length,500.0
139995,episode/return,761.9448852539062
139995,episode/length,500.0
139996,episode/return,903.4829711914062
139996,episode/length,500.0
139997,episode/return,914.81201171875
139997,episode/length,500.0
139998,episode/return,591.1386108398438
139998,episode/length,500.0
139999,episode/return,897.2852172851562
139999,episode/length,500.0
140000,train/consistency_loss_mean,0.00017674079547869042
140000,train/consistency_loss_std,2.3046362352167635e-05
140000,train/continue_loss_mean,0.0
140000,train/continue_loss_std,0.0
140000,train/grad_norm_mean,0.8283452629566193
140000,train/grad_norm_std,0.4170135888722738
140000,train/policy_log_std_mean,-0.575849717839559
140000,train/policy_log_std_std,0.20935219691981405
140000,train/policy_loss_mean,-0.9315739384174347
140000,train/policy_loss_std,0.026625582986829002
140000,train/reward_loss_mean,0.2805842500209808
140000,train/reward_loss_std,0.007556328649140496
140000,train/total_loss_mean,0.05672963472306728
140000,train/total_loss_std,0.0012106175711760554
140000,train/value_loss_mean,0.25136392674446106
140000,train/value_loss_std,0.00905954430961844
140000,train/value_scale_mean,80.03330587768555
140000,train/value_scale_std,1.8600590904790606
140000,timing/collect_chunk_s,70.5353623921983
140000,timing/train_chunk_s,20.51356834731996
140000,dense_rhs/training_bucket_horizon,3.0
140000,system/heartbeat,1.0
143992,episode/return,866.8690185546875
143992,episode/length,500.0
143993,episode/return,903.3909301757812
143993,episode/length,500.0
143994,episode/return,903.2157592773438
143994,episode/length,500.0
143995,episode/return,490.7767028808594
143995,episode/length,500.0
143996,episode/return,910.6639404296875
143996,episode/length,500.0
143997,episode/return,930.541015625
143997,episode/length,500.0
143998,episode/return,776.2274780273438
143998,episode/length,500.0
143999,episode/return,900.127685546875
143999,episode/length,500.0
147992,episode/return,869.6585693359375
147992,episode/length,500.0
147993,episode/return,750.681640625
147993,episode/length,500.0
147994,episode/return,763.7297973632812
147994,episode/length,500.0
147995,episode/return,628.468505859375
147995,episode/length,500.0
147996,episode/return,900.8148803710938
147996,episode/length,500.0
147997,episode/return,897.4249267578125
147997,episode/length,500.0
147998,episode/return,929.818603515625
147998,episode/length,500.0
147999,episode/return,824.5259399414062
147999,episode/length,500.0
150000,train/consistency_loss_mean,0.00017883576035965235
150000,train/consistency_loss_std,2.4037575501110296e-05
150000,train/continue_loss_mean,0.0
150000,train/continue_loss_std,0.0
150000,train/grad_norm_mean,0.8465053548812866
150000,train/grad_norm_std,0.42908224463982425
150000,train/policy_log_std_mean,-0.5979876944859822
150000,train/policy_log_std_std,0.20859651906699847
150000,train/policy_loss_mean,-0.9549398646354675
150000,train/policy_loss_std,0.017173199980313095
150000,train/reward_loss_mean,0.28373419954776763
150000,train/reward_loss_std,0.007624107638876509
150000,train/total_loss_mean,0.057148880383372305
150000,train/total_loss_std,0.0012422318702324008
150000,train/value_loss_mean,0.2519874447584152
150000,train/value_loss_std,0.0083827851725697
150000,train/value_scale_mean,79.15346469726562
150000,train/value_scale_std,0.9154258810658672
150000,timing/collect_chunk_s,67.548565545585
150000,timing/train_chunk_s,20.507695997599512
150000,dense_rhs/training_bucket_horizon,3.0
150000,system/heartbeat,1.0
150000,timing/checkpoint_blocking_s,0.4355430379509926
150000,eval/return_mean,865.5047607421875
150000,eval/return_std,225.13851928710938
150000,eval/return_max,954.37744140625
150000,eval/return_min,120.75991821289062
150000,timing/eval_s,11.00333142792806
150000,eval/selected_horizon,3.0
150000,eval/training_bucket_horizon,3.0
150000,system/heartbeat,1.0
151992,episode/return,845.5635986328125
151992,episode/length,500.0
151993,episode/return,889.5454711914062
151993,episode/length,500.0
151994,episode/return,912.2184448242188
151994,episode/length,500.0
151995,episode/return,934.376220703125
151995,episode/length,500.0
151996,episode/return,784.3974609375
151996,episode/length,500.0
151997,episode/return,923.9661254882812
151997,episode/length,500.0
151998,episode/return,868.5081787109375
151998,episode/length,500.0
151999,episode/return,926.0591430664062
151999,episode/length,500.0
155992,episode/return,812.1970825195312
155992,episode/length,500.0
155993,episode/return,680.0056762695312
155993,episode/length,500.0
155994,episode/return,928.5932006835938
155994,episode/length,500.0
155995,episode/return,935.5321044921875
155995,episode/length,500.0
155996,episode/return,826.4725952148438
155996,episode/length,500.0
155997,episode/return,882.0704956054688
155997,episode/length,500.0
155998,episode/return,929.01708984375
155998,episode/length,500.0
155999,episode/return,888.3904418945312
155999,episode/length,500.0
159992,episode/return,945.0824584960938
159992,episode/length,500.0
159993,episode/return,934.9702758789062
159993,episode/length,500.0
159994,episode/return,924.2867431640625
159994,episode/length,500.0
159995,episode/return,835.2769165039062
159995,episode/length,500.0
159996,episode/return,891.0458374023438
159996,episode/length,500.0
159997,episode/return,926.8217163085938
159997,episode/length,500.0
159998,episode/return,918.514892578125
159998,episode/length,500.0
159999,episode/return,947.3795776367188
159999,episode/length,500.0
160000,train/consistency_loss_mean,0.00017794119090540334
160000,train/consistency_loss_std,2.426818054743641e-05
160000,train/continue_loss_mean,0.0
160000,train/continue_loss_std,0.0
160000,train/grad_norm_mean,0.8533288057327271
160000,train/grad_norm_std,0.4394575804616617
160000,train/policy_log_std_mean,-0.6282059945424397
160000,train/policy_log_std_std,0.21965347290321208
160000,train/policy_loss_mean,-0.9943039160251618
160000,train/policy_loss_std,0.014317833749658464
160000,train/reward_loss_mean,0.2877307192325592
160000,train/reward_loss_std,0.0077246886427618
160000,train/total_loss_mean,0.0588132659047842
160000,train/total_loss_std,0.0014108173150101976
160000,train/value_loss_mean,0.26481369063854215
160000,train/value_loss_std,0.009491186568202421
160000,train/value_scale_mean,77.56420953369141
160000,train/value_scale_std,0.531464845840831
160000,timing/collect_chunk_s,71.8300222470425
160000,timing/train_chunk_s,20.53177227359265
160000,dense_rhs/training_bucket_horizon,3.0
160000,system/heartbeat,1.0
163992,episode/return,945.76708984375
163992,episode/length,500.0
163993,episode/return,914.958740234375
163993,episode/length,500.0
163994,episode/return,928.2420043945312
163994,episode/length,500.0
163995,episode/return,802.9519653320312
163995,episode/length,500.0
163996,episode/return,939.8121337890625
163996,episode/length,500.0
163997,episode/return,932.46435546875
163997,episode/length,500.0
163998,episode/return,943.117919921875
163998,episode/length,500.0
163999,episode/return,894.5110473632812
163999,episode/length,500.0
167992,episode/return,740.6156616210938
167992,episode/length,500.0
167993,episode/return,926.0818481445312
167993,episode/length,500.0
167994,episode/return,784.3630981445312
167994,episode/length,500.0
167995,episode/return,930.4526977539062
167995,episode/length,500.0
167996,episode/return,918.61669921875
167996,episode/length,500.0
167997,episode/return,934.9666137695312
167997,episode/length,500.0
167998,episode/return,910.3465576171875
167998,episode/length,500.0
167999,episode/return,918.1742553710938
167999,episode/length,500.0
170000,train/consistency_loss_mean,0.00017828331496566534
170000,train/consistency_loss_std,2.5074144303715093e-05
170000,train/continue_loss_mean,0.0
170000,train/continue_loss_std,0.0
170000,train/grad_norm_mean,0.8865241464614868
170000,train/grad_norm_std,0.4794146539199315
170000,train/policy_log_std_mean,-0.6470673153877259
170000,train/policy_log_std_std,0.23211965841124105
170000,train/policy_loss_mean,-1.0158030413627626
170000,train/policy_loss_std,0.01378159109028847
170000,train/reward_loss_mean,0.2923592390060425
170000,train/reward_loss_std,0.007562086212209522
170000,train/total_loss_mean,0.061413915878534314
170000,train/total_loss_std,0.0013035825583356479
170000,train/value_loss_mean,0.2861232479095459
170000,train/value_loss_std,0.008012031105298129
170000,train/value_scale_mean,77.68441302490234
170000,train/value_scale_std,0.7727322718013304
170000,timing/collect_chunk_s,67.64259728882462
170000,timing/train_chunk_s,20.530953555367887
170000,dense_rhs/training_bucket_horizon,3.0
170000,system/heartbeat,1.0
171992,episode/return,886.7726440429688
171992,episode/length,500.0
171993,episode/return,909.78466796875
171993,episode/length,500.0
171994,episode/return,936.500244140625
171994,episode/length,500.0
171995,episode/return,913.5535278320312
171995,episode/length,500.0
171996,episode/return,922.8668823242188
171996,episode/length,500.0
171997,episode/return,943.4717407226562
171997,episode/length,500.0
171998,episode/return,902.1110229492188
171998,episode/length,500.0
171999,episode/return,785.8377075195312
171999,episode/length,500.0
175992,episode/return,902.540771484375
175992,episode/length,500.0
175993,episode/return,830.2374877929688
175993,episode/length,500.0
175994,episode/return,932.269775390625
175994,episode/length,500.0
175995,episode/return,940.0262451171875
175995,episode/length,500.0
175996,episode/return,597.6708984375
175996,episode/length,500.0
175997,episode/return,937.5419311523438
175997,episode/length,500.0
175998,episode/return,707.9711303710938
175998,episode/length,500.0
175999,episode/return,925.3869018554688
175999,episode/length,500.0
179992,episode/return,809.4681396484375
179992,episode/length,500.0
179993,episode/return,659.5504150390625
179993,episode/length,500.0
179994,episode/return,349.59564208984375
179994,episode/length,500.0
179995,episode/return,941.2672119140625
179995,episode/length,500.0
179996,episode/return,934.2073364257812
179996,episode/length,500.0
179997,episode/return,768.0366821289062
179997,episode/length,500.0
179998,episode/return,911.33203125
179998,episode/length,500.0
179999,episode/return,815.0880737304688
179999,episode/length,500.0
180000,train/consistency_loss_mean,0.00017995980008272454
180000,train/consistency_loss_std,2.5824430640760992e-05
180000,train/continue_loss_mean,0.0
180000,train/continue_loss_std,0.0
180000,train/grad_norm_mean,0.9095060832977295
180000,train/grad_norm_std,0.48274590616549407
180000,train/policy_log_std_mean,-0.6498821814854939
180000,train/policy_log_std_std,0.2402735621525329
180000,train/policy_loss_mean,-1.0449859496116638
180000,train/policy_loss_std,0.013195421271400862
180000,train/reward_loss_mean,0.2961277287006378
180000,train/reward_loss_std,0.007491925924466717
180000,train/total_loss_mean,0.06230808553993702
180000,train/total_loss_std,0.0011569979973513039
180000,train/value_loss_mean,0.29096115899086
180000,train/value_loss_std,0.006349513332091624
180000,train/value_scale_mean,76.58228923950195
180000,train/value_scale_std,0.5520584998569755
180000,timing/collect_chunk_s,71.86149445036426
180000,timing/train_chunk_s,20.51962013123557
180000,dense_rhs/training_bucket_horizon,3.0
180000,system/heartbeat,1.0
183992,episode/return,752.1357421875
183992,episode/length,500.0
183993,episode/return,796.6702880859375
183993,episode/length,500.0
183994,episode/return,649.1741943359375
183994,episode/length,500.0
183995,episode/return,919.136474609375
183995,episode/length,500.0
183996,episode/return,681.4732666015625
183996,episode/length,500.0
183997,episode/return,785.5531616210938
183997,episode/length,500.0
183998,episode/return,730.7584228515625
183998,episode/length,500.0
183999,episode/return,943.7182006835938
183999,episode/length,500.0
187992,episode/return,655.0462036132812
187992,episode/length,500.0
187993,episode/return,941.501708984375
187993,episode/length,500.0
187994,episode/return,838.4105834960938
187994,episode/length,500.0
187995,episode/return,932.7637329101562
187995,episode/length,500.0
187996,episode/return,924.6419067382812
187996,episode/length,500.0
187997,episode/return,930.4678344726562
187997,episode/length,500.0
187998,episode/return,815.2583618164062
187998,episode/length,500.0
187999,episode/return,923.2720336914062
187999,episode/length,500.0
190000,train/consistency_loss_mean,0.0001825723492540419
190000,train/consistency_loss_std,2.6532575455868845e-05
190000,train/continue_loss_mean,0.0
190000,train/continue_loss_std,0.0
190000,train/grad_norm_mean,0.921089528465271
190000,train/grad_norm_std,0.4996544450997727
190000,train/policy_log_std_mean,-0.6417889510154724
190000,train/policy_log_std_std,0.23963469808339694
190000,train/policy_loss_mean,-1.0250975764274597
190000,train/policy_loss_std,0.013618558895490795
190000,train/reward_loss_mean,0.29881423807144164
190000,train/reward_loss_std,0.007514234816038095
190000,train/total_loss_mean,0.06280761024951935
190000,train/total_loss_std,0.0011691457371033097
190000,train/value_loss_mean,0.29274738512039183
190000,train/value_loss_std,0.006110946104395663
190000,train/value_scale_mean,78.04388308105469
190000,train/value_scale_std,0.6616854941478413
190000,timing/collect_chunk_s,67.79235961614177
190000,timing/train_chunk_s,20.521379543002695
190000,dense_rhs/training_bucket_horizon,3.0
190000,system/heartbeat,1.0
191992,episode/return,667.2132568359375
191992,episode/length,500.0
191993,episode/return,718.7536010742188
191993,episode/length,500.0
191994,episode/return,944.1997680664062
191994,episode/length,500.0
191995,episode/return,930.922119140625
191995,episode/length,500.0
191996,episode/return,794.69287109375
191996,episode/length,500.0
191997,episode/return,764.16552734375
191997,episode/length,500.0
191998,episode/return,933.3164672851562
191998,episode/length,500.0
191999,episode/return,660.0045776367188
191999,episode/length,500.0
195992,episode/return,736.3829956054688
195992,episode/length,500.0
195993,episode/return,717.9819946289062
195993,episode/length,500.0
195994,episode/return,925.0679931640625
195994,episode/length,500.0
195995,episode/return,939.765625
195995,episode/length,500.0
195996,episode/return,913.7423095703125
195996,episode/length,500.0
195997,episode/return,820.5122680664062
195997,episode/length,500.0
195998,episode/return,896.5093994140625
195998,episode/length,500.0
195999,episode/return,762.4791259765625
195999,episode/length,500.0
199992,episode/return,626.7051391601562
199992,episode/length,500.0
199993,episode/return,823.8763427734375
199993,episode/length,500.0
199994,episode/return,785.26123046875
199994,episode/length,500.0
199995,episode/return,699.689453125
199995,episode/length,500.0
199996,episode/return,895.9308471679688
199996,episode/length,500.0
199997,episode/return,730.9854125976562
199997,episode/length,500.0
199998,episode/return,805.5443115234375
199998,episode/length,500.0
199999,episode/return,782.4967651367188
199999,episode/length,500.0
200000,train/consistency_loss_mean,0.00018391404110006988
200000,train/consistency_loss_std,2.568177049953255e-05
200000,train/continue_loss_mean,0.0
200000,train/continue_loss_std,0.0
200000,train/grad_norm_mean,0.9364171568393708
200000,train/grad_norm_std,0.49932591558642253
200000,train/policy_log_std_mean,-0.6434586819966635
200000,train/policy_log_std_std,0.23910667806027044
200000,train/policy_loss_mean,-1.04917094745636
200000,train/policy_loss_std,0.015055225569889003
200000,train/reward_loss_mean,0.30097708628177644
200000,train/reward_loss_std,0.007335934932963269
200000,train/total_loss_mean,0.06275509671270847
200000,train/total_loss_std,0.0011573425939657735
200000,train/value_loss_mean,0.2897910664319992
200000,train/value_loss_std,0.006292796043111363
200000,train/value_scale_mean,76.52894373779297
200000,train/value_scale_std,0.727505414219239
200000,timing/collect_chunk_s,71.14534936472774
200000,timing/train_chunk_s,20.542664067354053
200000,dense_rhs/training_bucket_horizon,3.0
200000,system/heartbeat,1.0
200000,timing/checkpoint_blocking_s,0.432201512157917
200000,eval/return_mean,869.7784423828125
200000,eval/return_std,147.38905334472656
200000,eval/return_max,949.5525512695312
200000,eval/return_min,273.4190979003906
200000,timing/eval_s,10.913324211724102
200000,eval/selected_horizon,3.0
200000,eval/training_bucket_horizon,3.0
200000,system/heartbeat,1.0
203992,episode/return,705.008544921875
203992,episode/length,500.0
203993,episode/return,796.4244995117188
203993,episode/length,500.0
203994,episode/return,610.4786987304688
203994,episode/length,500.0
203995,episode/return,644.699951171875
203995,episode/length,500.0
203996,episode/return,756.8320922851562
203996,episode/length,500.0
203997,episode/return,750.7545166015625
203997,episode/length,500.0
203998,episode/return,815.4920043945312
203998,episode/length,500.0
203999,episode/return,932.9389038085938
203999,episode/length,500.0
207992,episode/return,821.0015258789062
207992,episode/length,500.0
207993,episode/return,949.9035034179688
207993,episode/length,500.0
207994,episode/return,875.8248291015625
207994,episode/length,500.0
207995,episode/return,938.4296264648438
207995,episode/length,500.0
207996,episode/return,799.2880859375
207996,episode/length,500.0
207997,episode/return,935.2055053710938
207997,episode/length,500.0
207998,episode/return,833.9749755859375
207998,episode/length,500.0
207999,episode/return,923.888916015625
207999,episode/length,500.0
210000,train/consistency_loss_mean,0.0001856416025548242
210000,train/consistency_loss_std,2.6598348014071616e-05
210000,train/continue_loss_mean,0.0
210000,train/continue_loss_std,0.0
210000,train/grad_norm_mean,0.9393740791797638
210000,train/grad_norm_std,0.511194095587374
210000,train/policy_log_std_mean,-0.6467752335866293
210000,train/policy_log_std_std,0.2410137309585635
210000,train/policy_loss_mean,-1.0552178453445435
210000,train/policy_loss_std,0.012936033751991156
210000,train/reward_loss_mean,0.30261930484771726
210000,train/reward_loss_std,0.007375795220625078
210000,train/total_loss_mean,0.06285504393875599
210000,train/total_loss_std,0.0011628413049417302
210000,train/value_loss_mean,0.2888028033733368
210000,train/value_loss_std,0.006264395195137473
210000,train/value_scale_mean,75.99009435424804
210000,train/value_scale_std,0.4966291385220911
210000,timing/collect_chunk_s,67.98753956658766
210000,timing/train_chunk_s,20.50194741319865
210000,dense_rhs/training_bucket_horizon,3.0
210000,system/heartbeat,1.0
211992,episode/return,920.3173217773438
211992,episode/length,500.0
211993,episode/return,930.9039306640625
211993,episode/length,500.0
211994,episode/return,936.9147338867188
211994,episode/length,500.0
211995,episode/return,726.1246948242188
211995,episode/length,500.0
211996,episode/return,901.002197265625
211996,episode/length,500.0
211997,episode/return,920.6801147460938
211997,episode/length,500.0
211998,episode/return,945.0543212890625
211998,episode/length,500.0
211999,episode/return,945.2769165039062
211999,episode/length,500.0
215992,episode/return,809.428955078125
215992,episode/length,500.0
215993,episode/return,807.1213989257812
215993,episode/length,500.0
215994,episode/return,791.1719970703125
215994,episode/length,500.0
215995,episode/return,764.4468994140625
215995,episode/length,500.0
215996,episode/return,933.6324462890625
215996,episode/length,500.0
215997,episode/return,920.79541015625
215997,episode/length,500.0
215998,episode/return,919.1422119140625
215998,episode/length,500.0
215999,episode/return,933.1136474609375
215999,episode/length,500.0
219992,episode/return,918.177978515625
219992,episode/length,500.0
219993,episode/return,737.785400390625
219993,episode/length,500.0
219994,episode/return,945.6796264648438
219994,episode/length,500.0
219995,episode/return,921.4772338867188
219995,episode/length,500.0
219996,episode/return,851.5809326171875
219996,episode/length,500.0
219997,episode/return,907.5151977539062
219997,episode/length,500.0
219998,episode/return,884.4027099609375
219998,episode/length,500.0
219999,episode/return,942.181640625
219999,episode/length,500.0
220000,train/consistency_loss_mean,0.00018459531579865143
220000,train/consistency_loss_std,2.6702948905208762e-05
220000,train/continue_loss_mean,0.0
220000,train/continue_loss_std,0.0
220000,train/grad_norm_mean,0.9546859372138977
220000,train/grad_norm_std,0.5246010454895069
220000,train/policy_log_std_mean,-0.6495557506243388
220000,train/policy_log_std_std,0.24098422204927286
220000,train/policy_loss_mean,-1.0889489130973815
220000,train/policy_loss_std,0.016348302622178748
220000,train/reward_loss_mean,0.3050299628019333
220000,train/reward_loss_std,0.007332459044243819
220000,train/total_loss_mean,0.06276868599951267
220000,train/total_loss_std,0.0011617511917104478
220000,train/value_loss_mean,0.28573782839775086
220000,train/value_loss_std,0.006112782471467671
220000,train/value_scale_mean,74.06110645141601
220000,train/value_scale_std,0.7276386926394847
220000,timing/collect_chunk_s,71.39391088765115
220000,timing/train_chunk_s,20.53827263461426
220000,dense_rhs/training_bucket_horizon,3.0
220000,system/heartbeat,1.0
223992,episode/return,810.1731567382812
223992,episode/length,500.0
223993,episode/return,547.5368041992188
223993,episode/length,500.0
223994,episode/return,932.3777465820312
223994,episode/length,500.0
223995,episode/return,459.4748840332031
223995,episode/length,500.0
223996,episode/return,935.7875366210938
223996,episode/length,500.0
223997,episode/return,863.9305419921875
223997,episode/length,500.0
223998,episode/return,910.0756225585938
223998,episode/length,500.0
223999,episode/return,931.053955078125
223999,episode/length,500.0
227992,episode/return,817.540283203125
227992,episode/length,500.0
227993,episode/return,946.855712890625
227993,episode/length,500.0
227994,episode/return,927.946044921875
227994,episode/length,500.0
227995,episode/return,949.7317504882812
227995,episode/length,500.0
227996,episode/return,934.129638671875
227996,episode/length,500.0
227997,episode/return,946.6240844726562
227997,episode/length,500.0
227998,episode/return,689.591552734375
227998,episode/length,500.0
227999,episode/return,943.9405517578125
227999,episode/length,500.0
230000,train/consistency_loss_mean,0.00018524553042370827
230000,train/consistency_loss_std,2.683921829324447e-05
230000,train/continue_loss_mean,0.0
230000,train/continue_loss_std,0.0
230000,train/grad_norm_mean,0.968267626619339
230000,train/grad_norm_std,0.5496578994216864
230000,train/policy_log_std_mean,-0.6439990396817525
230000,train/policy_log_std_std,0.24478159369445257
230000,train/policy_loss_mean,-1.1129553554534912
230000,train/policy_loss_std,0.01284552246804505
230000,train/reward_loss_mean,0.3072400121927261
230000,train/reward_loss_std,0.007259595689145855
230000,train/total_loss_mean,0.06313469972312451
230000,train/total_loss_std,0.001170735532151513
230000,train/value_loss_mean,0.2870578668355942
230000,train/value_loss_std,0.006208178936639706
230000,train/value_scale_mean,72.75542106933594
230000,train/value_scale_std,0.459331146073361
230000,timing/collect_chunk_s,67.79587075766176
230000,timing/train_chunk_s,20.54791214549914
230000,dense_rhs/training_bucket_horizon,3.0
230000,system/heartbeat,1.0
231992,episode/return,929.5589599609375
231992,episode/length,500.0
231993,episode/return,943.8888549804688
231993,episode/length,500.0
231994,episode/return,946.16455078125
231994,episode/length,500.0
231995,episode/return,762.42578125
231995,episode/length,500.0
231996,episode/return,919.28955078125
231996,episode/length,500.0
231997,episode/return,931.560302734375
231997,episode/length,500.0
231998,episode/return,764.4987182617188
231998,episode/length,500.0
231999,episode/return,944.8408203125
231999,episode/length,500.0
235992,episode/return,854.620361328125
235992,episode/length,500.0
235993,episode/return,942.3858642578125
235993,episode/length,500.0
235994,episode/return,773.434326171875
235994,episode/length,500.0
235995,episode/return,936.2057495117188
235995,episode/length,500.0
235996,episode/return,945.0062255859375
235996,episode/length,500.0
235997,episode/return,778.9788208007812
235997,episode/length,500.0
235998,episode/return,874.50732421875
235998,episode/length,500.0
235999,episode/return,935.392578125
235999,episode/length,500.0
239992,episode/return,827.482666015625
239992,episode/length,500.0
239993,episode/return,942.2315673828125
239993,episode/length,500.0
239994,episode/return,949.1553344726562
239994,episode/length,500.0
239995,episode/return,950.1541748046875
239995,episode/length,500.0
239996,episode/return,938.8856811523438
239996,episode/length,500.0
239997,episode/return,938.6646728515625
239997,episode/length,500.0
239998,episode/return,947.1548461914062
239998,episode/length,500.0
239999,episode/return,941.8051147460938
239999,episode/length,500.0
240000,train/consistency_loss_mean,0.0001849169299355708
240000,train/consistency_loss_std,2.6538670460828815e-05
240000,train/continue_loss_mean,0.0
240000,train/continue_loss_std,0.0
240000,train/grad_norm_mean,0.9811015875816346
240000,train/grad_norm_std,0.5498178402476088
240000,train/policy_log_std_mean,-0.6501144312222799
240000,train/policy_log_std_std,0.24788834962550982
240000,train/policy_loss_mean,-1.1286446619987487
240000,train/policy_loss_std,0.014225971832724418
240000,train/reward_loss_mean,0.3093222018718719
240000,train/reward_loss_std,0.007235035423810647
240000,train/total_loss_mean,0.06353435451984406
240000,train/total_loss_std,0.001159449804094633
240000,train/value_loss_mean,0.28903795125484466
240000,train/value_loss_std,0.006081655779165214
240000,train/value_scale_mean,72.04541276245118
240000,train/value_scale_std,0.5618015501821847
240000,timing/collect_chunk_s,71.58139416575432
240000,timing/train_chunk_s,20.515681225340813
240000,dense_rhs/training_bucket_horizon,3.0
240000,system/heartbeat,1.0
243992,episode/return,558.3914184570312
243992,episode/length,500.0
243993,episode/return,798.2837524414062
243993,episode/length,500.0
243994,episode/return,598.1511840820312
243994,episode/length,500.0
243995,episode/return,943.030517578125
243995,episode/length,500.0
243996,episode/return,845.0181884765625
243996,episode/length,500.0
243997,episode/return,803.7620239257812
243997,episode/length,500.0
243998,episode/return,939.8091430664062
243998,episode/length,500.0
243999,episode/return,947.8946533203125
243999,episode/length,500.0
247992,episode/return,835.4402465820312
247992,episode/length,500.0
247993,episode/return,725.3082275390625
247993,episode/length,500.0
247994,episode/return,942.8914794921875
247994,episode/length,500.0
247995,episode/return,902.16357421875
247995,episode/length,500.0
247996,episode/return,948.12158203125
247996,episode/length,500.0
247997,episode/return,913.663330078125
247997,episode/length,500.0
247998,episode/return,798.7149658203125
247998,episode/length,500.0
247999,episode/return,932.5630493164062
247999,episode/length,500.0
250000,train/consistency_loss_mean,0.00018284998806193472
250000,train/consistency_loss_std,2.663890370315039e-05
250000,train/continue_loss_mean,0.0
250000,train/continue_loss_std,0.0
250000,train/grad_norm_mean,0.97150854845047
250000,train/grad_norm_std,0.5481158240523702
250000,train/policy_log_std_mean,-0.6497358247439067
250000,train/policy_log_std_std,0.2472789489557748
250000,train/policy_loss_mean,-1.1463287529945374
250000,train/policy_loss_std,0.01223026248202296
250000,train/reward_loss_mean,0.311602676153183
250000,train/reward_loss_std,0.007260374620975199
250000,train/total_loss_mean,0.0639792363524437
250000,train/total_loss_std,0.0011753689674780603
250000,train/value_loss_mean,0.291619679069519
250000,train/value_loss_std,0.006166912303892953
250000,train/value_scale_mean,71.2465252746582
250000,train/value_scale_std,0.3970756854693146
250000,timing/collect_chunk_s,67.96733832592145
250000,timing/train_chunk_s,20.56367631116882
250000,dense_rhs/training_bucket_horizon,3.0
250000,system/heartbeat,1.0
250000,timing/checkpoint_blocking_s,0.44156173104420304
250000,eval/return_mean,748.9013671875
250000,eval/return_std,153.61761474609375
250000,eval/return_max,943.5075073242188
250000,eval/return_min,434.52423095703125
250000,timing/eval_s,11.011730215977877
250000,eval/selected_horizon,3.0
250000,eval/training_bucket_horizon,3.0
250000,system/heartbeat,1.0
251992,episode/return,809.6303100585938
251992,episode/length,500.0
251993,episode/return,729.6385498046875
251993,episode/length,500.0
251994,episode/return,928.9117431640625
251994,episode/length,500.0
251995,episode/return,949.2501831054688
251995,episode/length,500.0
251996,episode/return,760.4146728515625
251996,episode/length,500.0
251997,episode/return,855.8143310546875
251997,episode/length,500.0
251998,episode/return,887.2926025390625
251998,episode/length,500.0
251999,episode/return,939.4019775390625
251999,episode/length,500.0
255992,episode/return,943.1563110351562
255992,episode/length,500.0
255993,episode/return,948.08642578125
255993,episode/length,500.0
255994,episode/return,933.7024536132812
255994,episode/length,500.0
255995,episode/return,944.1694946289062
255995,episode/length,500.0
255996,episode/return,934.2936401367188
255996,episode/length,500.0
255997,episode/return,945.9475708007812
255997,episode/length,500.0
255998,episode/return,725.4962158203125
255998,episode/length,500.0
255999,episode/return,823.0440673828125
255999,episode/length,500.0
259992,episode/return,949.8117065429688
259992,episode/length,500.0
259993,episode/return,945.3101196289062
259993,episode/length,500.0
259994,episode/return,933.107666015625
259994,episode/length,500.0
259995,episode/return,909.7836303710938
259995,episode/length,500.0
259996,episode/return,952.5537719726562
259996,episode/length,500.0
259997,episode/return,778.6021728515625
259997,episode/length,500.0
259998,episode/return,874.5682373046875
259998,episode/length,500.0
259999,episode/return,919.7271118164062
259999,episode/length,500.0
260000,train/consistency_loss_mean,0.00018365745220799
260000,train/consistency_loss_std,2.8138226372428815e-05
260000,train/continue_loss_mean,0.0
260000,train/continue_loss_std,0.0
260000,train/grad_norm_mean,0.9908011528015137
260000,train/grad_norm_std,0.5646262356091458
260000,train/policy_log_std_mean,-0.6483434755325317
260000,train/policy_log_std_std,0.25000955195410096
260000,train/policy_loss_mean,-1.1662461049079895
260000,train/policy_loss_std,0.013409935427901216
260000,train/reward_loss_mean,0.3135966787338257
260000,train/reward_loss_std,0.00711929790430404
260000,train/total_loss_mean,0.06452935913205146
260000,train/total_loss_std,0.0011976299443208927
260000,train/value_loss_mean,0.2949654125928879
260000,train/value_loss_std,0.0063060912166409576
260000,train/value_scale_mean,70.2453927734375
260000,train/value_scale_std,0.43539085801667704
260000,timing/collect_chunk_s,67.81782412109897
260000,timing/train_chunk_s,20.510805793572217
260000,dense_rhs/training_bucket_horizon,3.0
260000,system/heartbeat,1.0
263992,episode/return,825.0057373046875
263992,episode/length,500.0
263993,episode/return,754.9906616210938
263993,episode/length,500.0
263994,episode/return,876.6876220703125
263994,episode/length,500.0
263995,episode/return,811.8639526367188
263995,episode/length,500.0
263996,episode/return,734.591552734375
263996,episode/length,500.0
263997,episode/return,941.9603271484375
263997,episode/length,500.0
263998,episode/return,825.0880737304688
263998,episode/length,500.0
263999,episode/return,819.3422241210938
263999,episode/length,500.0
267992,episode/return,915.8786010742188
267992,episode/length,500.0
267993,episode/return,940.8309326171875
267993,episode/length,500.0
267994,episode/return,938.3507080078125
267994,episode/length,500.0
267995,episode/return,928.1884155273438
267995,episode/length,500.0
267996,episode/return,940.3655395507812
267996,episode/length,500.0
267997,episode/return,872.3328247070312
267997,episode/length,500.0
267998,episode/return,811.4970703125
267998,episode/length,500.0
267999,episode/return,856.0809326171875
267999,episode/length,500.0
270000,train/consistency_loss_mean,0.00018249277796130627
270000,train/consistency_loss_std,2.8109312126489393e-05
270000,train/continue_loss_mean,0.0
270000,train/continue_loss_std,0.0
270000,train/grad_norm_mean,1.0060402304649354
270000,train/grad_norm_std,0.5898683355605195
270000,train/policy_log_std_mean,-0.6481517795880636
270000,train/policy_log_std_std,0.2485878337898133
270000,train/policy_loss_mean,-1.1884379975318908
270000,train/policy_loss_std,0.01576630695945144
270000,train/reward_loss_mean,0.3152417416810989
270000,train/reward_loss_std,0.007103689849104946
270000,train/total_loss_mean,0.06488282796740531
270000,train/total_loss_std,0.0011614433961793303
270000,train/value_loss_mean,0.2970879732131958
270000,train/value_loss_std,0.005971241126178095
270000,train/value_scale_mean,69.21792626953125
270000,train/value_scale_std,0.6362586999295531
270000,timing/collect_chunk_s,72.13288763072342
270000,timing/train_chunk_s,20.431898901239038
270000,dense_rhs/training_bucket_horizon,3.0
270000,system/heartbeat,1.0
271992,episode/return,951.0223999023438
271992,episode/length,500.0
271993,episode/return,657.7396240234375
271993,episode/length,500.0
271994,episode/return,822.8640747070312
271994,episode/length,500.0
271995,episode/return,835.087158203125
271995,episode/length,500.0
271996,episode/return,928.8080444335938
271996,episode/length,500.0
271997,episode/return,942.8969116210938
271997,episode/length,500.0
271998,episode/return,908.41357421875
271998,episode/length,500.0
271999,episode/return,812.0831298828125
271999,episode/length,500.0
275992,episode/return,560.2640991210938
275992,episode/length,500.0
275993,episode/return,909.2559204101562
275993,episode/length,500.0
275994,episode/return,931.0565795898438
275994,episode/length,500.0
275995,episode/return,906.6937866210938
275995,episode/length,500.0
275996,episode/return,937.6373901367188
275996,episode/length,500.0
275997,episode/return,636.7164306640625
275997,episode/length,500.0
275998,episode/return,796.9518432617188
275998,episode/length,500.0
275999,episode/return,496.5058898925781
275999,episode/length,500.0
279992,episode/return,826.2822875976562
279992,episode/length,500.0
279993,episode/return,935.0870971679688
279993,episode/length,500.0
279994,episode/return,790.2532348632812
279994,episode/length,500.0
279995,episode/return,892.759033203125
279995,episode/length,500.0
279996,episode/return,789.3331909179688
279996,episode/length,500.0
279997,episode/return,938.5770874023438
279997,episode/length,500.0
279998,episode/return,791.4818725585938
279998,episode/length,500.0
279999,episode/return,815.2625122070312
279999,episode/length,500.0
280000,train/consistency_loss_mean,0.0001826943326392211
280000,train/consistency_loss_std,2.9675167134493873e-05
280000,train/continue_loss_mean,0.0
280000,train/continue_loss_std,0.0
280000,train/grad_norm_mean,1.0079787732124328
280000,train/grad_norm_std,0.5991401054289035
280000,train/policy_log_std_mean,-0.6484095787366231
280000,train/policy_log_std_std,0.2516692452669646
280000,train/policy_loss_mean,-1.1966320561408996
280000,train/policy_loss_std,0.014525030117279162
280000,train/reward_loss_mean,0.3167805202007294
280000,train/reward_loss_std,0.007085408210182621
280000,train/total_loss_mean,0.06521434753537178
280000,train/total_loss_std,0.0011829461648412397
280000,train/value_loss_mean,0.29882408287525175
280000,train/value_loss_std,0.006002164584697831
280000,train/value_scale_mean,68.84931243896484
280000,train/value_scale_std,0.5546702657211561
280000,timing/collect_chunk_s,68.59992643725127
280000,timing/train_chunk_s,20.43839324079454
280000,dense_rhs/training_bucket_horizon,3.0
280000,system/heartbeat,1.0
283992,episode/return,816.4471435546875
283992,episode/length,500.0
283993,episode/return,804.4126586914062
283993,episode/length,500.0
283994,episode/return,941.8978271484375
283994,episode/length,500.0
283995,episode/return,946.7579956054688
283995,episode/length,500.0
283996,episode/return,936.1021728515625
283996,episode/length,500.0
283997,episode/return,947.4105834960938
283997,episode/length,500.0
283998,episode/return,951.0905151367188
283998,episode/length,500.0
283999,episode/return,942.9279174804688
283999,episode/length,500.0
287992,episode/return,762.0969848632812
287992,episode/length,500.0
287993,episode/return,766.5826416015625
287993,episode/length,500.0
287994,episode/return,818.8192138671875
287994,episode/length,500.0
287995,episode/return,670.792724609375
287995,episode/length,500.0
287996,episode/return,796.3935546875
287996,episode/length,500.0
287997,episode/return,776.09375
287997,episode/length,500.0
287998,episode/return,907.1869506835938
287998,episode/length,500.0
287999,episode/return,937.3823852539062
287999,episode/length,500.0
290000,train/consistency_loss_mean,0.00018015774767845869
290000,train/consistency_loss_std,2.8351531523215368e-05
290000,train/continue_loss_mean,0.0
290000,train/continue_loss_std,0.0
290000,train/grad_norm_mean,1.0002235548496246
290000,train/grad_norm_std,0.5990815585138398
290000,train/policy_log_std_mean,-0.6441792716026307
290000,train/policy_log_std_std,0.2515326228184067
290000,train/policy_loss_mean,-1.209922500514984
290000,train/policy_loss_std,0.013097000194810476
290000,train/reward_loss_mean,0.31805843796730043
290000,train/reward_loss_std,0.007051236173262772
290000,train/total_loss_mean,0.06541850488185882
290000,train/total_loss_std,0.0011703988464082957
290000,train/value_loss_mean,0.3000950510978699
290000,train/value_loss_std,0.005963054889366872
290000,train/value_scale_mean,68.27226616210937
290000,train/value_scale_std,0.4368750494647575
290000,timing/collect_chunk_s,67.61638461379334
290000,timing/train_chunk_s,20.38559727044776
290000,dense_rhs/training_bucket_horizon,3.0
290000,system/heartbeat,1.0
291992,episode/return,816.5794067382812
291992,episode/length,500.0
291993,episode/return,799.3450927734375
291993,episode/length,500.0
291994,episode/return,953.3723754882812
291994,episode/length,500.0
291995,episode/return,944.7118530273438
291995,episode/length,500.0
291996,episode/return,800.0170288085938
291996,episode/length,500.0
291997,episode/return,789.5198364257812
291997,episode/length,500.0
291998,episode/return,923.7378540039062
291998,episode/length,500.0
291999,episode/return,827.317138671875
291999,episode/length,500.0
295992,episode/return,814.8936767578125
295992,episode/length,500.0
295993,episode/return,936.860595703125
295993,episode/length,500.0
295994,episode/return,696.7144165039062
295994,episode/length,500.0
295995,episode/return,817.2874145507812
295995,episode/length,500.0
295996,episode/return,830.5784912109375
295996,episode/length,500.0
295997,episode/return,921.841796875
295997,episode/length,500.0
295998,episode/return,948.62939453125
295998,episode/length,500.0
295999,episode/return,820.4884643554688
295999,episode/length,500.0
299992,episode/return,924.3553466796875
299992,episode/length,500.0
299993,episode/return,902.1802978515625
299993,episode/length,500.0
299994,episode/return,828.9398803710938
299994,episode/length,500.0
299995,episode/return,699.4137573242188
299995,episode/length,500.0
299996,episode/return,811.77685546875
299996,episode/length,500.0
299997,episode/return,940.4888305664062
299997,episode/length,500.0
299998,episode/return,819.8135986328125
299998,episode/length,500.0
299999,episode/return,947.192626953125
299999,episode/length,500.0
300000,train/consistency_loss_mean,0.00017949101208942012
300000,train/consistency_loss_std,2.884356685244927e-05
300000,train/continue_loss_mean,0.0
300000,train/continue_loss_std,0.0
300000,train/grad_norm_mean,1.0131817043781282
300000,train/grad_norm_std,0.6009967389189731
300000,train/policy_log_std_mean,-0.6452854873975118
300000,train/policy_log_std_std,0.2499250614133245
300000,train/policy_loss_mean,-1.2055640935897827
300000,train/policy_loss_std,0.013757762155860276
300000,train/reward_loss_mean,0.3192261519432068
300000,train/reward_loss_std,0.007131706871994533
300000,train/total_loss_mean,0.06566878568530082
300000,train/total_loss_std,0.001199690004317979
300000,train/value_loss_mean,0.3015634862422943
300000,train/value_loss_std,0.005944569726436346
300000,train/value_scale_mean,68.69286059570312
300000,train/value_scale_std,0.5167340871254064
300000,timing/collect_chunk_s,73.66983224032447
300000,timing/train_chunk_s,20.425024770200253
300000,dense_rhs/training_bucket_horizon,3.0
300000,system/heartbeat,1.0
300000,timing/checkpoint_blocking_s,0.45034336717799306
300000,eval/return_mean,845.5789794921875
300000,eval/return_std,129.16583251953125
300000,eval/return_max,957.5189208984375
300000,eval/return_min,412.5087585449219
300000,timing/eval_s,10.809471218381077
300000,eval/selected_horizon,3.0
300000,eval/training_bucket_horizon,3.0
300000,system/heartbeat,1.0
303992,episode/return,939.514404296875
303992,episode/length,500.0
303993,episode/return,840.530029296875
303993,episode/length,500.0
303994,episode/return,644.88525390625
303994,episode/length,500.0
303995,episode/return,934.88720703125
303995,episode/length,500.0
303996,episode/return,732.4459228515625
303996,episode/length,500.0
303997,episode/return,776.5377197265625
303997,episode/length,500.0
303998,episode/return,799.7361450195312
303998,episode/length,500.0
303999,episode/return,944.7633056640625
303999,episode/length,500.0
307992,episode/return,804.2744750976562
307992,episode/length,500.0
307993,episode/return,936.5394287109375
307993,episode/length,500.0
307994,episode/return,835.4071044921875
307994,episode/length,500.0
307995,episode/return,829.022705078125
307995,episode/length,500.0
307996,episode/return,697.4571533203125
307996,episode/length,500.0
307997,episode/return,689.7657470703125
307997,episode/length,500.0
307998,episode/return,834.3858642578125
307998,episode/length,500.0
307999,episode/return,885.579345703125
307999,episode/length,500.0
310000,train/consistency_loss_mean,0.0001800760607700795
310000,train/consistency_loss_std,2.8250559029238013e-05
310000,train/continue_loss_mean,0.0
310000,train/continue_loss_std,0.0
310000,train/grad_norm_mean,1.0132246977329253
310000,train/grad_norm_std,0.5907066912275407
310000,train/policy_log_std_mean,-0.6493550002733867
310000,train/policy_log_std_std,0.25382570356382034
310000,train/policy_loss_mean,-1.2158117732048035
310000,train/policy_loss_std,0.015325622443233662
310000,train/reward_loss_mean,0.32028894963264465
310000,train/reward_loss_std,0.007032890478233856
310000,train/total_loss_mean,0.0660807758629322
310000,train/total_loss_std,0.0011882830993399029
310000,train/value_loss_mean,0.30450357382297516
310000,train/value_loss_std,0.0060837063918085695
310000,train/value_scale_mean,68.2583144897461
310000,train/value_scale_std,0.5780769332822372
310000,timing/collect_chunk_s,68.8728294139728
310000,timing/train_chunk_s,20.47836060775444
310000,dense_rhs/training_bucket_horizon,3.0
310000,system/heartbeat,1.0
311992,episode/return,843.8944091796875
311992,episode/length,500.0
311993,episode/return,946.8147583007812
311993,episode/length,500.0
311994,episode/return,950.7730712890625
311994,episode/length,500.0
311995,episode/return,929.5010375976562
311995,episode/length,500.0
311996,episode/return,659.8535766601562
311996,episode/length,500.0
311997,episode/return,939.0557250976562
311997,episode/length,500.0
311998,episode/return,928.818603515625
311998,episode/length,500.0
311999,episode/return,719.1980590820312
311999,episode/length,500.0
315992,episode/return,938.8148193359375
315992,episode/length,500.0
315993,episode/return,771.2982788085938
315993,episode/length,500.0
315994,episode/return,802.7420043945312
315994,episode/length,500.0
315995,episode/return,897.225830078125
315995,episode/length,500.0
315996,episode/return,813.5193481445312
315996,episode/length,500.0
315997,episode/return,936.25390625
315997,episode/length,500.0
315998,episode/return,949.2791748046875
315998,episode/length,500.0
315999,episode/return,684.810546875
315999,episode/length,500.0
319992,episode/return,785.4717407226562
319992,episode/length,500.0
319993,episode/return,746.1658325195312
319993,episode/length,500.0
319994,episode/return,938.909912109375
319994,episode/length,500.0
319995,episode/return,697.7578735351562
319995,episode/length,500.0
319996,episode/return,927.124267578125
319996,episode/length,500.0
319997,episode/return,949.6378784179688
319997,episode/length,500.0
319998,episode/return,675.0165405273438
319998,episode/length,500.0
319999,episode/return,930.1114501953125
319999,episode/length,500.0
320000,train/consistency_loss_mean,0.00017880710867466406
320000,train/consistency_loss_std,2.9220792866846455e-05
320000,train/continue_loss_mean,0.0
320000,train/continue_loss_std,0.0
320000,train/grad_norm_mean,1.0091914922237397
320000,train/grad_norm_std,0.5977502896782295
320000,train/policy_log_std_mean,-0.6506532675743103
320000,train/policy_log_std_std,0.25793346247861837
320000,train/policy_loss_mean,-1.2295675638198853
320000,train/policy_loss_std,0.013839986498378221
320000,train/reward_loss_mean,0.32149920687675476
320000,train/reward_loss_std,0.006987291075692839
320000,train/total_loss_mean,0.06635149261951447
320000,train/total_loss_std,0.001184326745910423
320000,train/value_loss_mean,0.3062542885065079
320000,train/value_loss_std,0.005888992257559622
320000,train/value_scale_mean,67.63501860961914
320000,train/value_scale_std,0.476989113054249
320000,timing/collect_chunk_s,68.12584664858878
320000,timing/train_chunk_s,20.438524482771754
320000,dense_rhs/training_bucket_horizon,3.0
320000,system/heartbeat,1.0
323992,episode/return,949.5267333984375
323992,episode/length,500.0
323993,episode/return,832.760009765625
323993,episode/length,500.0
323994,episode/return,644.9091186523438
323994,episode/length,500.0
323995,episode/return,844.42626953125
323995,episode/length,500.0
323996,episode/return,786.709716796875
323996,episode/length,500.0
323997,episode/return,852.6072998046875
323997,episode/length,500.0
323998,episode/return,949.9782104492188
323998,episode/length,500.0
323999,episode/return,955.4290161132812
323999,episode/length,500.0
327992,episode/return,867.2443237304688
327992,episode/length,500.0
327993,episode/return,682.2426147460938
327993,episode/length,500.0
327994,episode/return,946.2603759765625
327994,episode/length,500.0
327995,episode/return,683.7018432617188
327995,episode/length,500.0
327996,episode/return,731.7498168945312
327996,episode/length,500.0
327997,episode/return,814.2855224609375
327997,episode/length,500.0
327998,episode/return,828.7647094726562
327998,episode/length,500.0
327999,episode/return,938.1660766601562
327999,episode/length,500.0
330000,train/consistency_loss_mean,0.00017974188523367046
330000,train/consistency_loss_std,2.8929231556685746e-05
330000,train/continue_loss_mean,0.0
330000,train/continue_loss_std,0.0
330000,train/grad_norm_mean,1.0344248213291167
330000,train/grad_norm_std,0.631873160847308
330000,train/policy_log_std_mean,-0.6451171456654866
330000,train/policy_log_std_std,0.2584004881715189
330000,train/policy_loss_mean,-1.2265232266426087
330000,train/policy_loss_std,0.013694184108009592
330000,train/reward_loss_mean,0.32223637940883637
330000,train/reward_loss_std,0.0070013154857894045
330000,train/total_loss_mean,0.06642000929117203
330000,train/total_loss_std,0.0011829355810000458
330000,train/value_loss_mean,0.3060153234243393
330000,train/value_loss_std,0.005829735785354001
330000,train/value_scale_mean,67.82820529785157
330000,train/value_scale_std,0.4775094671844872
330000,timing/collect_chunk_s,74.35769924987108
330000,timing/train_chunk_s,20.498694116715342
330000,dense_rhs/training_bucket_horizon,3.0
330000,system/heartbeat,1.0
331992,episode/return,807.4522094726562
331992,episode/length,500.0
331993,episode/return,812.6360473632812
331993,episode/length,500.0
331994,episode/return,842.8846435546875
331994,episode/length,500.0
331995,episode/return,912.0914916992188
331995,episode/length,500.0
331996,episode/return,832.1439208984375
331996,episode/length,500.0
331997,episode/return,634.8389892578125
331997,episode/length,500.0
331998,episode/return,950.8519287109375
331998,episode/length,500.0
331999,episode/return,926.8392333984375
331999,episode/length,500.0
335992,episode/return,894.676513671875
335992,episode/length,500.0
335993,episode/return,949.03466796875
335993,episode/length,500.0
335994,episode/return,936.2926025390625
335994,episode/length,500.0
335995,episode/return,892.5729370117188
335995,episode/length,500.0
335996,episode/return,937.3887329101562
335996,episode/length,500.0
335997,episode/return,949.7003173828125
335997,episode/length,500.0
335998,episode/return,947.7904052734375
335998,episode/length,500.0
335999,episode/return,939.7343139648438
335999,episode/length,500.0
339992,episode/return,951.1240844726562
339992,episode/length,500.0
339993,episode/return,817.4485473632812
339993,episode/length,500.0
339994,episode/return,924.7845458984375
339994,episode/length,500.0
339995,episode/return,844.3033447265625
339995,episode/length,500.0
339996,episode/return,947.8055419921875
339996,episode/length,500.0
339997,episode/return,943.9981689453125
339997,episode/length,500.0
339998,episode/return,949.9146118164062
339998,episode/length,500.0
339999,episode/return,953.6942749023438
339999,episode/length,500.0
340000,train/consistency_loss_mean,0.0001791503502521664
340000,train/consistency_loss_std,2.982704769758945e-05
340000,train/continue_loss_mean,0.0
340000,train/continue_loss_std,0.0
340000,train/grad_norm_mean,1.0299553974151612
340000,train/grad_norm_std,0.635081648751973
340000,train/policy_log_std_mean,-0.6433414827664693
340000,train/policy_log_std_std,0.25726167810360373
340000,train/policy_loss_mean,-1.2410266611099243
340000,train/policy_loss_std,0.016007757281013408
340000,train/reward_loss_mean,0.32326038382053374
340000,train/reward_loss_std,0.006880261694880172
340000,train/total_loss_mean,0.06661120931506156
340000,train/total_loss_std,0.0011694817578778527
340000,train/value_loss_mean,0.30702162289619445
340000,train/value_loss_std,0.005745818690097444
340000,train/value_scale_mean,67.13330642089844
340000,train/value_scale_std,0.6171800266186449
340000,timing/collect_chunk_s,67.6303771995008
340000,timing/train_chunk_s,20.44822522252798
340000,dense_rhs/training_bucket_horizon,3.0
340000,system/heartbeat,1.0
343992,episode/return,929.5396728515625
343992,episode/length,500.0
343993,episode/return,811.9430541992188
343993,episode/length,500.0
343994,episode/return,844.2822875976562
343994,episode/length,500.0
343995,episode/return,783.0254516601562
343995,episode/length,500.0
343996,episode/return,818.7027587890625
343996,episode/length,500.0
343997,episode/return,956.3086547851562
343997,episode/length,500.0
343998,episode/return,948.9532470703125
343998,episode/length,500.0
343999,episode/return,953.0435791015625
343999,episode/length,500.0
347992,episode/return,721.3972778320312
347992,episode/length,500.0
347993,episode/return,847.5498046875
347993,episode/length,500.0
347994,episode/return,827.8107299804688
347994,episode/length,500.0
347995,episode/return,835.1480712890625
347995,episode/length,500.0
347996,episode/return,791.3489379882812
347996,episode/length,500.0
347997,episode/return,947.716552734375
347997,episode/length,500.0
347998,episode/return,935.4192504882812
347998,episode/length,500.0
347999,episode/return,754.562744140625
347999,episode/length,500.0
350000,train/consistency_loss_mean,0.000179629564890638
350000,train/consistency_loss_std,3.018030469552806e-05
350000,train/continue_loss_mean,0.0
350000,train/continue_loss_std,0.0
350000,train/grad_norm_mean,1.0260838255405427
350000,train/grad_norm_std,0.6298172368046661
350000,train/policy_log_std_mean,-0.6438625767389933
350000,train/policy_log_std_std,0.2589147960639346
350000,train/policy_loss_mean,-1.267121514892578
350000,train/policy_loss_std,0.014571498937958897
350000,train/reward_loss_mean,0.3244441828250885
350000,train/reward_loss_std,0.0069199354534001155
350000,train/total_loss_mean,0.06688736833333969
350000,train/total_loss_std,0.001180414032798446
350000,train/value_loss_mean,0.30850357365608216
350000,train/value_loss_std,0.0057428215753071235
350000,train/value_scale_mean,65.87511260375976
350000,train/value_scale_std,0.4926597819206217
350000,timing/collect_chunk_s,69.00134301139042
350000,timing/train_chunk_s,20.467108769342303
350000,dense_rhs/training_bucket_horizon,3.0
350000,system/heartbeat,1.0
350000,timing/checkpoint_blocking_s,0.4708348857238889
350000,eval/return_mean,763.8522338867188
350000,eval/return_std,143.48365783691406
350000,eval/return_max,955.1598510742188
350000,eval/return_min,366.67120361328125
350000,timing/eval_s,10.924708475824445
350000,eval/selected_horizon,3.0
350000,eval/training_bucket_horizon,3.0
350000,system/heartbeat,1.0
351992,episode/return,822.4640502929688
351992,episode/length,500.0
351993,episode/return,820.431884765625
351993,episode/length,500.0
351994,episode/return,844.107666015625
351994,episode/length,500.0
351995,episode/return,816.7574462890625
351995,episode/length,500.0
351996,episode/return,690.2906494140625
351996,episode/length,500.0
351997,episode/return,821.406494140625
351997,episode/length,500.0
351998,episode/return,842.1665649414062
351998,episode/length,500.0
351999,episode/return,798.8617553710938
351999,episode/length,500.0
355992,episode/return,952.7109375
355992,episode/length,500.0
355993,episode/return,941.5900268554688
355993,episode/length,500.0
355994,episode/return,950.1441040039062
355994,episode/length,500.0
355995,episode/return,947.3300170898438
355995,episode/length,500.0
355996,episode/return,829.1514282226562
355996,episode/length,500.0
355997,episode/return,942.68896484375
355997,episode/length,500.0
355998,episode/return,791.3468627929688
355998,episode/length,500.0
355999,episode/return,801.8465576171875
355999,episode/length,500.0
359992,episode/return,938.6220092773438
359992,episode/length,500.0
359993,episode/return,801.551513671875
359993,episode/length,500.0
359994,episode/return,953.4359130859375
359994,episode/length,500.0
359995,episode/return,945.6113891601562
359995,episode/length,500.0
359996,episode/return,841.2018432617188
359996,episode/length,500.0
359997,episode/return,924.0794067382812
359997,episode/length,500.0
359998,episode/return,843.77197265625
359998,episode/length,500.0
359999,episode/return,938.9395751953125
359999,episode/length,500.0
360000,train/consistency_loss_mean,0.00018054895068053155
360000,train/consistency_loss_std,3.070130254363792e-05
360000,train/continue_loss_mean,0.0
360000,train/continue_loss_std,0.0
360000,train/grad_norm_mean,1.0395571783542632
360000,train/grad_norm_std,0.6416154609413076
360000,train/policy_log_std_mean,-0.6426502466837565
360000,train/policy_log_std_std,0.26065776594962525
360000,train/policy_loss_mean,-1.2848475032806397
360000,train/policy_loss_std,0.015872932933388595
360000,train/reward_loss_mean,0.32522866714000703
360000,train/reward_loss_std,0.006865972929431803
360000,train/total_loss_mean,0.06714449120163918
360000,train/total_loss_std,0.0011736496278795087
360000,train/value_loss_mean,0.31010644454956054
360000,train/value_loss_std,0.005636180377319162
360000,train/value_scale_mean,65.08401160888671
360000,train/value_scale_std,0.5618208432626709
360000,timing/collect_chunk_s,75.8329312754795
360000,timing/train_chunk_s,20.412961821071804
360000,dense_rhs/training_bucket_horizon,3.0
360000,system/heartbeat,1.0
363992,episode/return,953.4072265625
363992,episode/length,500.0
363993,episode/return,632.9823608398438
363993,episode/length,500.0
363994,episode/return,948.0869140625
363994,episode/length,500.0
363995,episode/return,940.6818237304688
363995,episode/length,500.0
363996,episode/return,938.2140502929688
363996,episode/length,500.0
363997,episode/return,806.93115234375
363997,episode/length,500.0
363998,episode/return,944.6490478515625
363998,episode/length,500.0
363999,episode/return,950.190185546875
363999,episode/length,500.0
367992,episode/return,950.1893310546875
367992,episode/length,500.0
367993,episode/return,953.6228637695312
367993,episode/length,500.0
367994,episode/return,943.1441650390625
367994,episode/length,500.0
367995,episode/return,830.6873168945312
367995,episode/length,500.0
367996,episode/return,841.6312866210938
367996,episode/length,500.0
367997,episode/return,956.2692260742188
367997,episode/length,500.0
367998,episode/return,848.0274047851562
367998,episode/length,500.0
367999,episode/return,954.852294921875
367999,episode/length,500.0
370000,train/consistency_loss_mean,0.00017969132143771276
370000,train/consistency_loss_std,2.9831489032880413e-05
370000,train/continue_loss_mean,0.0
370000,train/continue_loss_std,0.0
370000,train/grad_norm_mean,1.0473892670154572
370000,train/grad_norm_std,0.6229402515237911
370000,train/policy_log_std_mean,-0.6406371101379394
370000,train/policy_log_std_std,0.2629912950284215
370000,train/policy_loss_mean,-1.2929879106521607
370000,train/policy_loss_std,0.013883490991983419
370000,train/reward_loss_mean,0.3264386606693268
370000,train/reward_loss_std,0.006855921408544157
370000,train/total_loss_mean,0.06735298688411713
370000,train/total_loss_std,0.0011725256561216976
370000,train/value_loss_mean,0.3111529315233231
370000,train/value_loss_std,0.005675372824938279
370000,train/value_scale_mean,64.76436718139648
370000,train/value_scale_std,0.427373701524345
370000,timing/collect_chunk_s,67.55308955023065
370000,timing/train_chunk_s,20.43746686168015
370000,dense_rhs/training_bucket_horizon,3.0
370000,system/heartbeat,1.0
371992,episode/return,953.5732421875
371992,episode/length,500.0
371993,episode/return,950.093505859375
371993,episode/length,500.0
371994,episode/return,955.98291015625
371994,episode/length,500.0
371995,episode/return,942.3401489257812
371995,episode/length,500.0
371996,episode/return,760.51318359375
371996,episode/length,500.0
371997,episode/return,947.0535888671875
371997,episode/length,500.0
371998,episode/return,722.75048828125
371998,episode/length,500.0
371999,episode/return,938.0968017578125
371999,episode/length,500.0
375992,episode/return,944.996337890625
375992,episode/length,500.0
375993,episode/return,948.4740600585938
375993,episode/length,500.0
375994,episode/return,953.5215454101562
375994,episode/length,500.0
375995,episode/return,951.778076171875
375995,episode/length,500.0
375996,episode/return,916.5933227539062
375996,episode/length,500.0
375997,episode/return,812.4351196289062
375997,episode/length,500.0
375998,episode/return,872.4791870117188
375998,episode/length,500.0
375999,episode/return,954.2181396484375
375999,episode/length,500.0
379992,episode/return,669.849853515625
379992,episode/length,500.0
379993,episode/return,943.6250610351562
379993,episode/length,500.0
379994,episode/return,817.1195678710938
379994,episode/length,500.0
379995,episode/return,930.0924682617188
379995,episode/length,500.0
379996,episode/return,941.317626953125
379996,episode/length,500.0
379997,episode/return,791.4146118164062
379997,episode/length,500.0
379998,episode/return,791.563232421875
379998,episode/length,500.0
379999,episode/return,952.0401000976562
379999,episode/length,500.0
380000,train/consistency_loss_mean,0.00018001743882196025
380000,train/consistency_loss_std,3.123560816768426e-05
380000,train/continue_loss_mean,0.0
380000,train/continue_loss_std,0.0
380000,train/grad_norm_mean,1.0582872324943542
380000,train/grad_norm_std,0.6637041829556971
380000,train/policy_log_std_mean,-0.6392340851783752
380000,train/policy_log_std_std,0.264002804391887
380000,train/policy_loss_mean,-1.311136224269867
380000,train/policy_loss_std,0.017167800226061323
380000,train/reward_loss_mean,0.32772979066371916
380000,train/reward_loss_std,0.006761759325808549
380000,train/total_loss_mean,0.0676605352818966
380000,train/total_loss_std,0.0011664694713486243
380000,train/value_loss_mean,0.3128720585107803
380000,train/value_loss_std,0.005596508993802743
380000,train/value_scale_mean,63.99334408874512
380000,train/value_scale_std,0.6174570104734198
380000,timing/collect_chunk_s,68.37051074113697
380000,timing/train_chunk_s,20.45808257488534
380000,dense_rhs/training_bucket_horizon,3.0
380000,system/heartbeat,1.0
383992,episode/return,807.7657470703125
383992,episode/length,500.0
383993,episode/return,949.24267578125
383993,episode/length,500.0
383994,episode/return,952.6935424804688
383994,episode/length,500.0
383995,episode/return,947.403564453125
383995,episode/length,500.0
383996,episode/return,874.6669921875
383996,episode/length,500.0
383997,episode/return,952.5999755859375
383997,episode/length,500.0
383998,episode/return,802.2442016601562
383998,episode/length,500.0
383999,episode/return,933.1720581054688
383999,episode/length,500.0
387992,episode/return,953.3729858398438
387992,episode/length,500.0
387993,episode/return,844.5616455078125
387993,episode/length,500.0
387994,episode/return,937.3792114257812
387994,episode/length,500.0
387995,episode/return,828.9075317382812
387995,episode/length,500.0
387996,episode/return,950.5526733398438
387996,episode/length,500.0
387997,episode/return,923.9560546875
387997,episode/length,500.0
387998,episode/return,826.1270751953125
387998,episode/length,500.0
387999,episode/return,846.3040161132812
387999,episode/length,500.0
390000,train/consistency_loss_mean,0.0001801647292682901
390000,train/consistency_loss_std,3.159105199368522e-05
390000,train/continue_loss_mean,0.0
390000,train/continue_loss_std,0.0
390000,train/grad_norm_mean,1.0584656473636627
390000,train/grad_norm_std,0.6559775502594861
390000,train/policy_log_std_mean,-0.6347690061887106
390000,train/policy_log_std_std,0.2628469542698137
390000,train/policy_loss_mean,-1.3255974845886231
390000,train/policy_loss_std,0.01407719064760419
390000,train/reward_loss_mean,0.3285374104976654
390000,train/reward_loss_std,0.006810005989293603
390000,train/total_loss_mean,0.06799393963217736
390000,train/total_loss_std,0.001184810910374974
390000,train/value_loss_mean,0.315369021320343
390000,train/value_loss_std,0.005517733581540957
390000,train/value_scale_mean,63.44198816833496
390000,train/value_scale_std,0.42323616387314084
390000,timing/collect_chunk_s,68.03618833050132
390000,timing/train_chunk_s,20.448339324444532
390000,dense_rhs/training_bucket_horizon,3.0
390000,system/heartbeat,1.0
391992,episode/return,740.3612670898438
391992,episode/length,500.0
391993,episode/return,691.971435546875
391993,episode/length,500.0
391994,episode/return,779.8541870117188
391994,episode/length,500.0
391995,episode/return,690.2662963867188
391995,episode/length,500.0
391996,episode/return,918.6947021484375
391996,episode/length,500.0
391997,episode/return,602.2040405273438
391997,episode/length,500.0
391998,episode/return,931.7719116210938
391998,episode/length,500.0
391999,episode/return,950.0239868164062
391999,episode/length,500.0
395992,episode/return,951.9020385742188
395992,episode/length,500.0
395993,episode/return,955.0103149414062
395993,episode/length,500.0
395994,episode/return,934.562744140625
395994,episode/length,500.0
395995,episode/return,952.8062133789062
395995,episode/length,500.0
395996,episode/return,951.7864379882812
395996,episode/length,500.0
395997,episode/return,767.941162109375
395997,episode/length,500.0
395998,episode/return,938.4656982421875
395998,episode/length,500.0
395999,episode/return,818.1278686523438
395999,episode/length,500.0
399992,episode/return,957.2987670898438
399992,episode/length,500.0
399993,episode/return,944.846435546875
399993,episode/length,500.0
399994,episode/return,947.4428100585938
399994,episode/length,500.0
399995,episode/return,731.8162841796875
399995,episode/length,500.0
399996,episode/return,949.728515625
399996,episode/length,500.0
399997,episode/return,807.0789184570312
399997,episode/length,500.0
399998,episode/return,803.3005981445312
399998,episode/length,500.0
399999,episode/return,953.2437744140625
399999,episode/length,500.0
400000,train/consistency_loss_mean,0.00017877120885532348
400000,train/consistency_loss_std,3.0163674827564816e-05
400000,train/continue_loss_mean,0.0
400000,train/continue_loss_std,0.0
400000,train/grad_norm_mean,1.049176910686493
400000,train/grad_norm_std,0.6459956435271506
400000,train/policy_log_std_mean,-0.6380888336817423
400000,train/policy_log_std_std,0.2639571709463292
400000,train/policy_loss_mean,-1.345575822353363
400000,train/policy_loss_std,0.0189152217342703
400000,train/reward_loss_mean,0.32917975714206693
400000,train/reward_loss_std,0.006833440587622858
400000,train/total_loss_mean,0.06820539609193801
400000,train/total_loss_std,0.0011619929903687095
400000,train/value_loss_mean,0.3171199403524399
400000,train/value_loss_std,0.005510733553027141
400000,train/value_scale_mean,62.60757686157226
400000,train/value_scale_std,0.6797414424408053
400000,timing/collect_chunk_s,76.31249674549326
400000,timing/train_chunk_s,20.44016485568136
400000,dense_rhs/training_bucket_horizon,3.0
400000,system/heartbeat,1.0
400000,timing/checkpoint_blocking_s,0.4764178288169205
400000,eval/return_mean,923.21484375
400000,eval/return_std,70.72096252441406
400000,eval/return_max,960.43896484375
400000,eval/return_min,722.5413818359375
400000,timing/eval_s,10.655050838831812
400000,eval/selected_horizon,3.0
400000,eval/training_bucket_horizon,3.0
400000,system/heartbeat,1.0
403992,episode/return,952.8765258789062
403992,episode/length,500.0
403993,episode/return,869.8956909179688
403993,episode/length,500.0
403994,episode/return,954.4974365234375
403994,episode/length,500.0
403995,episode/return,813.3046264648438
403995,episode/length,500.0
403996,episode/return,954.6455688476562
403996,episode/length,500.0
403997,episode/return,953.7738647460938
403997,episode/length,500.0
403998,episode/return,949.1264038085938
403998,episode/length,500.0
403999,episode/return,863.119873046875
403999,episode/length,500.0
407992,episode/return,843.14794921875
407992,episode/length,500.0
407993,episode/return,937.5408325195312
407993,episode/length,500.0
407994,episode/return,954.1321411132812
407994,episode/length,500.0
407995,episode/return,719.465576171875
407995,episode/length,500.0
407996,episode/return,951.9688720703125
407996,episode/length,500.0
407997,episode/return,841.4782104492188
407997,episode/length,500.0
407998,episode/return,846.231689453125
407998,episode/length,500.0
407999,episode/return,945.4111938476562
407999,episode/length,500.0
410000,train/consistency_loss_mean,0.0001796279787668027
410000,train/consistency_loss_std,3.0385683311037135e-05
410000,train/continue_loss_mean,0.0
410000,train/continue_loss_std,0.0
410000,train/grad_norm_mean,1.068358050775528
410000,train/grad_norm_std,0.655457951354403
410000,train/policy_log_std_mean,-0.6374152795791626
410000,train/policy_log_std_std,0.264345324051744
410000,train/policy_loss_mean,-1.355409221458435
410000,train/policy_loss_std,0.014831828746089553
410000,train/reward_loss_mean,0.33030290861129763
410000,train/reward_loss_std,0.0066523482908290256
410000,train/total_loss_mean,0.06855723274946213
410000,train/total_loss_std,0.0011567645373830298
410000,train/value_loss_mean,0.31934379284381864
410000,train/value_loss_std,0.005440297839635485
410000,train/value_scale_mean,62.30356492004395
410000,train/value_scale_std,0.4605045763150452
410000,timing/collect_chunk_s,69.38292904524133
410000,timing/train_chunk_s,20.47241267701611
410000,dense_rhs/training_bucket_horizon,3.0
410000,system/heartbeat,1.0
411992,episode/return,950.5947265625
411992,episode/length,500.0
411993,episode/return,947.8348999023438
411993,episode/length,500.0
411994,episode/return,845.4771728515625
411994,episode/length,500.0
411995,episode/return,950.3798217773438
411995,episode/length,500.0
411996,episode/return,848.2106323242188
411996,episode/length,500.0
411997,episode/return,931.5760498046875
411997,episode/length,500.0
411998,episode/return,743.0218505859375
411998,episode/length,500.0
411999,episode/return,783.4705200195312
411999,episode/length,500.0
415992,episode/return,945.1264038085938
415992,episode/length,500.0
415993,episode/return,704.031494140625
415993,episode/length,500.0
415994,episode/return,944.8944091796875
415994,episode/length,500.0
415995,episode/return,945.2269287109375
415995,episode/length,500.0
415996,episode/return,951.7333984375
415996,episode/length,500.0
415997,episode/return,878.581298828125
415997,episode/length,500.0
415998,episode/return,704.5369262695312
415998,episode/length,500.0
415999,episode/return,954.93017578125
415999,episode/length,500.0
419992,episode/return,951.8872680664062
419992,episode/length,500.0
419993,episode/return,942.2306518554688
419993,episode/length,500.0
419994,episode/return,956.4988403320312
419994,episode/length,500.0
419995,episode/return,948.9623413085938
419995,episode/length,500.0
419996,episode/return,956.3280029296875
419996,episode/length,500.0
419997,episode/return,808.5884399414062
419997,episode/length,500.0
419998,episode/return,683.8594360351562
419998,episode/length,500.0
419999,episode/return,840.5636596679688
419999,episode/length,500.0
420000,train/consistency_loss_mean,0.00017941777652595193
420000,train/consistency_loss_std,3.2138695601836646e-05
420000,train/continue_loss_mean,0.0
420000,train/continue_loss_std,0.0
420000,train/grad_norm_mean,1.068299038171768
420000,train/grad_norm_std,0.6777206415076701
420000,train/policy_log_std_mean,-0.6374473279953002
420000,train/policy_log_std_std,0.2672357532840201
420000,train/policy_loss_mean,-1.3623010152816772
420000,train/policy_loss_std,0.016926292363307407
420000,train/reward_loss_mean,0.33117055752277375
420000,train/reward_loss_std,0.006672026729383967
420000,train/total_loss_mean,0.06881463792920113
420000,train/total_loss_std,0.0011733506131970854
420000,train/value_loss_mean,0.3210922451019287
420000,train/value_loss_std,0.005521018851684411
420000,train/value_scale_mean,62.096030010986325
420000,train/value_scale_std,0.5635201163762599
420000,timing/collect_chunk_s,67.39239058783278
420000,timing/train_chunk_s,20.474205190315843
420000,dense_rhs/training_bucket_horizon,3.0
420000,system/heartbeat,1.0
423992,episode/return,912.1976928710938
423992,episode/length,500.0
423993,episode/return,929.9669799804688
423993,episode/length,500.0
423994,episode/return,845.5078735351562
423994,episode/length,500.0
423995,episode/return,954.3837280273438
423995,episode/length,500.0
423996,episode/return,872.9637451171875
423996,episode/length,500.0
423997,episode/return,953.64599609375
423997,episode/length,500.0
423998,episode/return,844.7334594726562
423998,episode/length,500.0
423999,episode/return,899.1663208007812
423999,episode/length,500.0
427992,episode/return,952.9796752929688
427992,episode/length,500.0
427993,episode/return,956.875
427993,episode/length,500.0
427994,episode/return,948.400390625
427994,episode/length,500.0
427995,episode/return,948.3721923828125
427995,episode/length,500.0
427996,episode/return,934.830322265625
427996,episode/length,500.0
427997,episode/return,948.3037719726562
427997,episode/length,500.0
427998,episode/return,952.0421752929688
427998,episode/length,500.0
427999,episode/return,825.2626342773438
427999,episode/length,500.0
430000,train/consistency_loss_mean,0.00018016093475744127
430000,train/consistency_loss_std,3.148601141526934e-05
430000,train/continue_loss_mean,0.0
430000,train/continue_loss_std,0.0
430000,train/grad_norm_mean,1.070792236185074
430000,train/grad_norm_std,0.6616184823912624
430000,train/policy_log_std_mean,-0.6399345803896586
430000,train/policy_log_std_std,0.2687147435452678
430000,train/policy_loss_mean,-1.385551866054535
430000,train/policy_loss_std,0.015858137854473653
430000,train/reward_loss_mean,0.33199185354709626
430000,train/reward_loss_std,0.00665912998284498
430000,train/total_loss_mean,0.0690862266600132
430000,train/total_loss_std,0.0011686676162102332
430000,train/value_loss_mean,0.32283821125030515
430000,train/value_loss_std,0.005524923613573314
430000,train/value_scale_mean,61.203238412475585
430000,train/value_scale_std,0.5028547541764962
430000,timing/collect_chunk_s,68.87658613873646
430000,timing/train_chunk_s,20.526877774856985
430000,dense_rhs/training_bucket_horizon,3.0
430000,system/heartbeat,1.0
431992,episode/return,832.511962890625
431992,episode/length,500.0
431993,episode/return,950.8513793945312
431993,episode/length,500.0
431994,episode/return,745.3092651367188
431994,episode/length,500.0
431995,episode/return,911.1863403320312
431995,episode/length,500.0
431996,episode/return,947.160888671875
431996,episode/length,500.0
431997,episode/return,733.1246337890625
431997,episode/length,500.0
431998,episode/return,955.1842041015625
431998,episode/length,500.0
431999,episode/return,955.0185546875
431999,episode/length,500.0
435992,episode/return,608.6685791015625
435992,episode/length,500.0
435993,episode/return,872.7547607421875
435993,episode/length,500.0
435994,episode/return,809.762451171875
435994,episode/length,500.0
435995,episode/return,949.2149658203125
435995,episode/length,500.0
435996,episode/return,936.1104125976562
435996,episode/length,500.0
435997,episode/return,938.2719116210938
435997,episode/length,500.0
435998,episode/return,942.9133911132812
435998,episode/length,500.0
435999,episode/return,807.142578125
435999,episode/length,500.0
439992,episode/return,832.3084716796875
439992,episode/length,500.0
439993,episode/return,837.0089721679688
439993,episode/length,500.0
439994,episode/return,953.8295288085938
439994,episode/length,500.0
439995,episode/return,955.511962890625
439995,episode/length,500.0
439996,episode/return,937.955078125
439996,episode/length,500.0
439997,episode/return,951.6517333984375
439997,episode/length,500.0
439998,episode/return,956.2999267578125
439998,episode/length,500.0
439999,episode/return,827.8890380859375
439999,episode/length,500.0
440000,train/consistency_loss_mean,0.00017934443430276588
440000,train/consistency_loss_std,3.150533395480232e-05
440000,train/continue_loss_mean,0.0
440000,train/continue_loss_std,0.0
440000,train/grad_norm_mean,1.063679785490036
440000,train/grad_norm_std,0.6682144262738782
440000,train/policy_log_std_mean,-0.6375602358500163
440000,train/policy_log_std_std,0.2682505124856448
440000,train/policy_loss_mean,-1.3916216236114503
440000,train/policy_loss_std,0.018170336364683296
440000,train/reward_loss_mean,0.3327839010477066
440000,train/reward_loss_std,0.00659553858676885
440000,train/total_loss_mean,0.06931738562583924
440000,train/total_loss_std,0.001172006420114113
440000,train/value_loss_mean,0.3245210519313812
440000,train/value_loss_std,0.005364873625599601
440000,train/value_scale_mean,61.02590916137695
440000,train/value_scale_std,0.6196906454989254
440000,timing/collect_chunk_s,76.3787148417905
440000,timing/train_chunk_s,20.498628970701247
440000,dense_rhs/training_bucket_horizon,3.0
440000,system/heartbeat,1.0
443992,episode/return,876.1260986328125
443992,episode/length,500.0
443993,episode/return,739.212158203125
443993,episode/length,500.0
443994,episode/return,939.6075439453125
443994,episode/length,500.0
443995,episode/return,823.9419555664062
443995,episode/length,500.0
443996,episode/return,928.842529296875
443996,episode/length,500.0
443997,episode/return,827.4420776367188
443997,episode/length,500.0
443998,episode/return,955.6460571289062
443998,episode/length,500.0
443999,episode/return,842.9633178710938
443999,episode/length,500.0
447992,episode/return,851.0728759765625
447992,episode/length,500.0
447993,episode/return,869.4393310546875
447993,episode/length,500.0
447994,episode/return,956.8497314453125
447994,episode/length,500.0
447995,episode/return,950.2787475585938
447995,episode/length,500.0
447996,episode/return,944.205078125
447996,episode/length,500.0
447997,episode/return,954.1456909179688
447997,episode/length,500.0
447998,episode/return,834.5962524414062
447998,episode/length,500.0
447999,episode/return,846.028076171875
447999,episode/length,500.0
450000,train/consistency_loss_mean,0.00018060551629168914
450000,train/consistency_loss_std,3.147742210856968e-05
450000,train/continue_loss_mean,0.0
450000,train/continue_loss_std,0.0
450000,train/grad_norm_mean,1.0786024824142455
450000,train/grad_norm_std,0.6648841447704976
450000,train/policy_log_std_mean,-0.6359571547508239
450000,train/policy_log_std_std,0.27127036084834794
450000,train/policy_loss_mean,-1.416200060081482
450000,train/policy_loss_std,0.017298202873231264
450000,train/reward_loss_mean,0.33351069598197935
450000,train/reward_loss_std,0.006688448754057861
450000,train/total_loss_mean,0.0694986878156662
450000,train/total_loss_std,0.0011722686567336399
450000,train/value_loss_mean,0.3253550674438477
450000,train/value_loss_std,0.005407209828775358
450000,train/value_scale_mean,60.03748104248047
450000,train/value_scale_std,0.5502073078489956
450000,timing/collect_chunk_s,68.88569318456575
450000,timing/train_chunk_s,20.539854087866843
450000,dense_rhs/training_bucket_horizon,3.0
450000,system/heartbeat,1.0
450000,timing/checkpoint_blocking_s,0.5285769300535321
450000,eval/return_mean,929.8392333984375
450000,eval/return_std,37.77675247192383
450000,eval/return_max,958.031494140625
450000,eval/return_min,839.3074951171875
450000,timing/eval_s,10.704687906894833
450000,eval/selected_horizon,3.0
450000,eval/training_bucket_horizon,3.0
450000,system/heartbeat,1.0
451992,episode/return,915.521484375
451992,episode/length,500.0
451993,episode/return,848.954345703125
451993,episode/length,500.0
451994,episode/return,920.0657348632812
451994,episode/length,500.0
451995,episode/return,943.95947265625
451995,episode/length,500.0
451996,episode/return,953.33154296875
451996,episode/length,500.0
451997,episode/return,957.3873901367188
451997,episode/length,500.0
451998,episode/return,943.2857055664062
451998,episode/length,500.0
451999,episode/return,816.4927978515625
451999,episode/length,500.0
455992,episode/return,836.9027099609375
455992,episode/length,500.0
455993,episode/return,807.8546142578125
455993,episode/length,500.0
455994,episode/return,399.6251220703125
455994,episode/length,500.0
455995,episode/return,781.205322265625
455995,episode/length,500.0
455996,episode/return,838.3782958984375
455996,episode/length,500.0
455997,episode/return,841.5709838867188
455997,episode/length,500.0
455998,episode/return,794.6304931640625
455998,episode/length,500.0
455999,episode/return,704.5674438476562
455999,episode/length,500.0
459992,episode/return,817.5903930664062
459992,episode/length,500.0
459993,episode/return,880.4656372070312
459993,episode/length,500.0
459994,episode/return,839.88623046875
459994,episode/length,500.0
459995,episode/return,667.688232421875
459995,episode/length,500.0
459996,episode/return,804.2951049804688
459996,episode/length,500.0
459997,episode/return,838.5601806640625
459997,episode/length,500.0
459998,episode/return,658.0432739257812
459998,episode/length,500.0
459999,episode/return,952.8076782226562
459999,episode/length,500.0
460000,train/consistency_loss_mean,0.0001814194804872386
460000,train/consistency_loss_std,3.220804230880109e-05
460000,train/continue_loss_mean,0.0
460000,train/continue_loss_std,0.0
460000,train/grad_norm_mean,1.0790088831424713
460000,train/grad_norm_std,0.6671697617517882
460000,train/policy_log_std_mean,-0.6360777767181397
460000,train/policy_log_std_std,0.2745897768155118
460000,train/policy_loss_mean,-1.398992257499695
460000,train/policy_loss_std,0.01828838512866888
460000,train/reward_loss_mean,0.334091375875473
460000,train/reward_loss_std,0.006535132022801288
460000,train/total_loss_mean,0.06961972969174385
460000,train/total_loss_std,0.0011697633452732866
460000,train/value_loss_mean,0.3258220046758652
460000,train/value_loss_std,0.005425579655652851
460000,train/value_scale_mean,60.76865066833496
460000,train/value_scale_std,0.604511402547766
460000,timing/collect_chunk_s,69.33750124508515
460000,timing/train_chunk_s,20.464681148529053
460000,dense_rhs/training_bucket_horizon,3.0
460000,system/heartbeat,1.0
463992,episode/return,944.1083984375
463992,episode/length,500.0
463993,episode/return,824.613525390625
463993,episode/length,500.0
463994,episode/return,935.4500122070312
463994,episode/length,500.0
463995,episode/return,842.1061401367188
463995,episode/length,500.0
463996,episode/return,943.7561645507812
463996,episode/length,500.0
463997,episode/return,953.8135986328125
463997,episode/length,500.0
463998,episode/return,955.1195068359375
463998,episode/length,500.0
463999,episode/return,956.3350830078125
463999,episode/length,500.0
467992,episode/return,955.9556274414062
467992,episode/length,500.0
467993,episode/return,955.8926391601562
467993,episode/length,500.0
467994,episode/return,955.7678833007812
467994,episode/length,500.0
467995,episode/return,955.398193359375
467995,episode/length,500.0
467996,episode/return,952.9588012695312
467996,episode/length,500.0
467997,episode/return,951.4594116210938
467997,episode/length,500.0
467998,episode/return,938.6096801757812
467998,episode/length,500.0
467999,episode/return,842.0253295898438
467999,episode/length,500.0
470000,train/consistency_loss_mean,0.0001786229511955753
470000,train/consistency_loss_std,3.1563928856876305e-05
470000,train/continue_loss_mean,0.0
470000,train/continue_loss_std,0.0
470000,train/grad_norm_mean,1.059867429637909
470000,train/grad_norm_std,0.6690110446209129
470000,train/policy_log_std_mean,-0.6367052151362101
470000,train/policy_log_std_std,0.2740606472323427
470000,train/policy_loss_mean,-1.3850175055503846
470000,train/policy_loss_std,0.018761677873544505
470000,train/reward_loss_mean,0.33461687302589416
470000,train/reward_loss_std,0.006554363815187558
470000,train/total_loss_mean,0.06954691220521927
470000,train/total_loss_std,0.0011656399901813696
470000,train/value_loss_mean,0.32512764410972594
470000,train/value_loss_std,0.005356529484188721
470000,train/value_scale_mean,61.379608795166014
470000,train/value_scale_std,0.6611218951082274
470000,timing/collect_chunk_s,68.19105272833258
470000,timing/train_chunk_s,20.453809249214828
470000,dense_rhs/training_bucket_horizon,3.0
470000,system/heartbeat,1.0
471992,episode/return,952.548095703125
471992,episode/length,500.0
471993,episode/return,738.5811157226562
471993,episode/length,500.0
471994,episode/return,843.11962890625
471994,episode/length,500.0
471995,episode/return,928.673828125
471995,episode/length,500.0
471996,episode/return,946.6898193359375
471996,episode/length,500.0
471997,episode/return,861.759765625
471997,episode/length,500.0
471998,episode/return,954.9835205078125
471998,episode/length,500.0
471999,episode/return,831.9715576171875
471999,episode/length,500.0
475992,episode/return,959.1180419921875
475992,episode/length,500.0
475993,episode/return,947.8954467773438
475993,episode/length,500.0
475994,episode/return,938.614013671875
475994,episode/length,500.0
475995,episode/return,958.6846313476562
475995,episode/length,500.0
475996,episode/return,804.7037963867188
475996,episode/length,500.0
475997,episode/return,957.01513671875
475997,episode/length,500.0
475998,episode/return,951.3099365234375
475998,episode/length,500.0
475999,episode/return,959.0271606445312
475999,episode/length,500.0
479992,episode/return,953.573974609375
479992,episode/length,500.0
479993,episode/return,840.1838989257812
479993,episode/length,500.0
479994,episode/return,955.4989624023438
479994,episode/length,500.0
479995,episode/return,727.4066162109375
479995,episode/length,500.0
479996,episode/return,913.1041870117188
479996,episode/length,500.0
479997,episode/return,716.0410766601562
479997,episode/length,500.0
479998,episode/return,854.1539916992188
479998,episode/length,500.0
479999,episode/return,911.2557373046875
479999,episode/length,500.0
480000,train/consistency_loss_mean,0.00017797552677802742
480000,train/consistency_loss_std,3.183973516417419e-05
480000,train/continue_loss_mean,0.0
480000,train/continue_loss_std,0.0
480000,train/grad_norm_mean,1.0471927575111388
480000,train/grad_norm_std,0.6550890048110104
480000,train/policy_log_std_mean,-0.633360450998942
480000,train/policy_log_std_std,0.2769456089977299
480000,train/policy_loss_mean,-1.3844324865341187
480000,train/policy_loss_std,0.019050490639824124
480000,train/reward_loss_mean,0.3355036376714706
480000,train/reward_loss_std,0.006551763216384429
480000,train/total_loss_mean,0.06957951266765594
480000,train/total_loss_std,0.00118015569164761
480000,train/value_loss_mean,0.32469637546539304
480000,train/value_loss_std,0.005472078696651579
480000,train/value_scale_mean,61.37893483886719
480000,train/value_scale_std,0.6760715158424501
480000,timing/collect_chunk_s,78.58614322915673
480000,timing/train_chunk_s,20.491820224560797
480000,dense_rhs/training_bucket_horizon,3.0
480000,system/heartbeat,1.0
483992,episode/return,942.030029296875
483992,episode/length,500.0
483993,episode/return,712.2442016601562
483993,episode/length,500.0
483994,episode/return,951.3134765625
483994,episode/length,500.0
483995,episode/return,925.1841430664062
483995,episode/length,500.0
483996,episode/return,840.794921875
483996,episode/length,500.0
483997,episode/return,833.6759643554688
483997,episode/length,500.0
483998,episode/return,826.1181030273438
483998,episode/length,500.0
483999,episode/return,841.2127685546875
483999,episode/length,500.0
487992,episode/return,944.4810180664062
487992,episode/length,500.0
487993,episode/return,940.189453125
487993,episode/length,500.0
487994,episode/return,834.9229736328125
487994,episode/length,500.0
487995,episode/return,814.6871337890625
487995,episode/length,500.0
487996,episode/return,817.6602172851562
487996,episode/length,500.0
487997,episode/return,770.08642578125
487997,episode/length,500.0
487998,episode/return,630.4818725585938
487998,episode/length,500.0
487999,episode/return,804.5438232421875
487999,episode/length,500.0
490000,train/consistency_loss_mean,0.00017871620811056346
490000,train/consistency_loss_std,3.26981695363289e-05
490000,train/continue_loss_mean,0.0
490000,train/continue_loss_std,0.0
490000,train/grad_norm_mean,1.0545885010957718
490000,train/grad_norm_std,0.6780887529535196
490000,train/policy_log_std_mean,-0.6316394736925761
490000,train/policy_log_std_std,0.2777754210262224
490000,train/policy_loss_mean,-1.3900632045745849
490000,train/policy_loss_std,0.015911325154822933
490000,train/reward_loss_mean,0.3358760598897934
490000,train/reward_loss_std,0.006496494809122899
490000,train/total_loss_mean,0.06965571808218957
490000,train/total_loss_std,0.0011860342374392032
490000,train/value_loss_mean,0.3249378632307053
490000,train/value_loss_std,0.005359188263068678
490000,train/value_scale_mean,61.18169235534668
490000,train/value_scale_std,0.49162321677930093
490000,timing/collect_chunk_s,69.30230828048661
490000,timing/train_chunk_s,20.458252657670528
490000,dense_rhs/training_bucket_horizon,3.0
490000,system/heartbeat,1.0
491992,episode/return,948.4860229492188
491992,episode/length,500.0
491993,episode/return,739.2570190429688
491993,episode/length,500.0
491994,episode/return,943.3894653320312
491994,episode/length,500.0
491995,episode/return,835.6021728515625
491995,episode/length,500.0
491996,episode/return,816.7782592773438
491996,episode/length,500.0
491997,episode/return,954.3616943359375
491997,episode/length,500.0
491998,episode/return,839.2760009765625
491998,episode/length,500.0
491999,episode/return,852.1723022460938
491999,episode/length,500.0
495992,episode/return,808.4431762695312
495992,episode/length,500.0
495993,episode/return,913.2037963867188
495993,episode/length,500.0
495994,episode/return,834.7764282226562
495994,episode/length,500.0
495995,episode/return,955.5023803710938
495995,episode/length,500.0
495996,episode/return,951.9571533203125
495996,episode/length,500.0
495997,episode/return,939.3104248046875
495997,episode/length,500.0
495998,episode/return,956.168212890625
495998,episode/length,500.0
495999,episode/return,844.7498168945312
495999,episode/length,500.0
499992,episode/return,819.2792358398438
499992,episode/length,500.0
499993,episode/return,725.0243530273438
499993,episode/length,500.0
499994,episode/return,830.3303833007812
499994,episode/length,500.0
499995,episode/return,937.7644653320312
499995,episode/length,500.0
499996,episode/return,953.349365234375
499996,episode/length,500.0
499997,episode/return,956.83935546875
499997,episode/length,500.0
499998,episode/return,954.1868286132812
499998,episode/length,500.0
499999,episode/return,943.2442626953125
499999,episode/length,500.0
500000,train/consistency_loss_mean,0.00017817207410698757
500000,train/consistency_loss_std,3.1706243158949896e-05
500000,train/continue_loss_mean,0.0
500000,train/continue_loss_std,0.0
500000,train/grad_norm_mean,1.0544421722888946
500000,train/grad_norm_std,0.6673347996368196
500000,train/policy_log_std_mean,-0.6329702741622925
500000,train/policy_log_std_std,0.2768056990469261
500000,train/policy_loss_mean,-1.4026174840927124
500000,train/policy_loss_std,0.017032990589402254
500000,train/reward_loss_mean,0.33651355531215665
500000,train/reward_loss_std,0.006438566304966345
500000,train/total_loss_mean,0.06977846041917801
500000,train/total_loss_std,0.0011517276107560097
500000,train/value_loss_mean,0.32563662250041964
500000,train/value_loss_std,0.005352112747034594
500000,train/value_scale_mean,60.682448168945314
500000,train/value_scale_std,0.55153730875883
500000,timing/collect_chunk_s,68.71127863414586
500000,timing/train_chunk_s,20.469124383758754
500000,dense_rhs/training_bucket_horizon,3.0
500000,system/heartbeat,1.0
500000,timing/checkpoint_blocking_s,0.49835255136713386
500000,eval/return_mean,943.9610595703125
500000,eval/return_std,28.916458129882812
500000,eval/return_max,959.9419555664062
500000,eval/return_min,844.1378784179688
500000,timing/eval_s,10.565508482046425
500000,eval/selected_horizon,3.0
500000,eval/training_bucket_horizon,3.0
500000,system/heartbeat,1.0
