step,tag,value
3992,episode/return,62.26507568359375
3992,episode/length,500.0
3993,episode/return,51.15414810180664
3993,episode/length,500.0
3994,episode/return,21.5092830657959
3994,episode/length,500.0
3995,episode/return,15.642663955688477
3995,episode/length,500.0
3996,episode/return,11.032499313354492
3996,episode/length,500.0
3997,episode/return,29.411540985107422
3997,episode/length,500.0
3998,episode/return,20.228004455566406
3998,episode/length,500.0
3999,episode/return,34.55191421508789
3999,episode/length,500.0
4000,seed_pretrain/updates_completed,512.0
4000,timing/collect_chunk_s,52.86519379541278
4000,timing/train_chunk_s,248.8112260545604
4000,system/heartbeat,1.0
4000,seed_pretrain/updates_completed,1024.0
4000,timing/collect_chunk_s,52.86519379541278
4000,timing/train_chunk_s,249.92610500054434
4000,system/heartbeat,1.0
4000,seed_pretrain/updates_completed,1536.0
4000,timing/collect_chunk_s,52.86519379541278
4000,timing/train_chunk_s,251.04112176271155
4000,system/heartbeat,1.0
4000,seed_pretrain/updates_completed,2048.0
4000,timing/collect_chunk_s,52.86519379541278
4000,timing/train_chunk_s,252.15657433029264
4000,system/heartbeat,1.0
4000,seed_pretrain/updates_completed,2560.0
4000,timing/collect_chunk_s,52.86519379541278
4000,timing/train_chunk_s,253.27226960565895
4000,system/heartbeat,1.0
4000,seed_pretrain/updates_completed,3072.0
4000,timing/collect_chunk_s,52.86519379541278
4000,timing/train_chunk_s,254.38966495078057
4000,system/heartbeat,1.0
4000,seed_pretrain/updates_completed,3584.0
4000,timing/collect_chunk_s,52.86519379541278
4000,timing/train_chunk_s,255.50760948797688
4000,system/heartbeat,1.0
7992,episode/return,204.40716552734375
7992,episode/length,500.0
7993,episode/return,217.90386962890625
7993,episode/length,500.0
7994,episode/return,209.79498291015625
7994,episode/length,500.0
7995,episode/return,196.7078857421875
7995,episode/length,500.0
7996,episode/return,201.7566375732422
7996,episode/length,500.0
7997,episode/return,202.19775390625
7997,episode/length,500.0
7998,episode/return,195.3553466796875
7998,episode/length,500.0
7999,episode/return,224.2292938232422
7999,episode/length,500.0
10000,train/consistency_loss_mean,5.5388323232182304e-05
10000,train/consistency_loss_std,0.0003244940703174433
10000,train/continue_loss_mean,0.0
10000,train/continue_loss_std,0.0
10000,train/grad_norm_mean,0.2312553102374077
10000,train/grad_norm_std,0.13100349803237415
10000,train/policy_log_std_mean,-0.865973008108139
10000,train/policy_log_std_std,0.6019680647733187
10000,train/policy_loss_mean,-0.44594034996032716
10000,train/policy_loss_std,0.15213283278995093
10000,train/reward_loss_mean,0.2201729123711586
10000,train/reward_loss_std,0.08406299153976655
10000,train/total_loss_mean,0.050805673357844354
10000,train/total_loss_std,0.02261633290432017
10000,train/value_loss_mean,0.2768061404943466
10000,train/value_loss_std,0.08368005837355687
10000,train/value_scale_mean,13.536814706420898
10000,train/value_scale_std,10.241680620962336
10000,timing/collect_chunk_s,235.24378467956558
10000,timing/train_chunk_s,316.54461240954697
10000,dense_rhs/training_bucket_horizon,3.0
10000,system/heartbeat,1.0
11992,episode/return,437.28936767578125
11992,episode/length,500.0
11993,episode/return,464.24237060546875
11993,episode/length,500.0
11994,episode/return,395.7384948730469
11994,episode/length,500.0
11995,episode/return,478.4792785644531
11995,episode/length,500.0
11996,episode/return,440.08282470703125
11996,episode/length,500.0
11997,episode/return,346.6084899902344
11997,episode/length,500.0
11998,episode/return,286.47943115234375
11998,episode/length,500.0
11999,episode/return,349.0631103515625
11999,episode/length,500.0
15992,episode/return,700.7238159179688
15992,episode/length,500.0
15993,episode/return,699.4909057617188
15993,episode/length,500.0
15994,episode/return,695.2647705078125
15994,episode/length,500.0
15995,episode/return,687.6047973632812
15995,episode/length,500.0
15996,episode/return,703.8818969726562
15996,episode/length,500.0
15997,episode/return,696.0526123046875
15997,episode/length,500.0
15998,episode/return,701.9766235351562
15998,episode/length,500.0
15999,episode/return,692.0006103515625
15999,episode/length,500.0
19992,episode/return,837.569091796875
19992,episode/length,500.0
19993,episode/return,849.0604248046875
19993,episode/length,500.0
19994,episode/return,851.7785034179688
19994,episode/length,500.0
19995,episode/return,843.91845703125
19995,episode/length,500.0
19996,episode/return,839.088134765625
19996,episode/length,500.0
19997,episode/return,853.1248168945312
19997,episode/length,500.0
19998,episode/return,850.4925537109375
19998,episode/length,500.0
19999,episode/return,844.2827758789062
19999,episode/length,500.0
20000,train/consistency_loss_mean,1.9295814347424313e-05
20000,train/consistency_loss_std,7.0715886588615015e-06
20000,train/continue_loss_mean,0.0
20000,train/continue_loss_std,0.0
20000,train/grad_norm_mean,0.2082041839003563
20000,train/grad_norm_std,0.11563612012166521
20000,train/policy_log_std_mean,-1.1360635608673095
20000,train/policy_log_std_std,0.6090470129565758
20000,train/policy_loss_mean,-0.42881894102096557
20000,train/policy_loss_std,0.05524308500566583
20000,train/reward_loss_mean,0.2526240041732788
20000,train/reward_loss_std,0.013395191593891837
20000,train/total_loss_mean,0.053142828473448755
20000,train/total_loss_std,0.002577900061469677
20000,train/value_loss_mean,0.27494511280059813
20000,train/value_loss_std,0.018835649651727064
20000,train/value_scale_mean,65.88452639770507
20000,train/value_scale_std,16.848853160808265
20000,timing/collect_chunk_s,60.435833340045065
20000,timing/train_chunk_s,21.196045882068574
20000,dense_rhs/training_bucket_horizon,3.0
20000,system/heartbeat,1.0
23992,episode/return,743.284912109375
23992,episode/length,500.0
23993,episode/return,743.3453979492188
23993,episode/length,500.0
23994,episode/return,743.5621948242188
23994,episode/length,500.0
23995,episode/return,744.4720458984375
23995,episode/length,500.0
23996,episode/return,744.0235595703125
23996,episode/length,500.0
23997,episode/return,746.9088745117188
23997,episode/length,500.0
23998,episode/return,748.407470703125
23998,episode/length,500.0
23999,episode/return,747.0118408203125
23999,episode/length,500.0
27992,episode/return,220.361328125
27992,episode/length,500.0
27993,episode/return,219.9693145751953
27993,episode/length,500.0
27994,episode/return,221.0391845703125
27994,episode/length,500.0
27995,episode/return,224.1379852294922
27995,episode/length,500.0
27996,episode/return,230.2889404296875
27996,episode/length,500.0
27997,episode/return,220.67080688476562
27997,episode/length,500.0
27998,episode/return,220.8358612060547
27998,episode/length,500.0
27999,episode/return,228.2083740234375
27999,episode/length,500.0
30000,train/consistency_loss_mean,1.1386037024203687e-05
30000,train/consistency_loss_std,4.91408916153365e-06
30000,train/continue_loss_mean,0.0
30000,train/continue_loss_std,0.0
30000,train/grad_norm_mean,0.16024069696068763
30000,train/grad_norm_std,0.09971614026553359
30000,train/policy_log_std_mean,-1.1962479767799377
30000,train/policy_log_std_std,0.6807721863411568
30000,train/policy_loss_mean,-0.5124788278818131
30000,train/policy_loss_std,0.054059892442402044
30000,train/reward_loss_mean,0.2629483455300331
30000,train/reward_loss_std,0.01389192390697346
30000,train/total_loss_mean,0.051952627918124196
30000,train/total_loss_std,0.002870055810193044
30000,train/value_loss_mean,0.2543007161617279
30000,train/value_loss_std,0.02019759091425855
30000,train/value_scale_mean,112.95369244384766
30000,train/value_scale_std,21.90280099497943
30000,timing/collect_chunk_s,60.08465814078227
30000,timing/train_chunk_s,21.239736568648368
30000,dense_rhs/training_bucket_horizon,3.0
30000,system/heartbeat,1.0
31992,episode/return,818.7117919921875
31992,episode/length,500.0
31993,episode/return,821.06201171875
31993,episode/length,500.0
31994,episode/return,820.4663696289062
31994,episode/length,500.0
31995,episode/return,819.2901611328125
31995,episode/length,500.0
31996,episode/return,820.4696655273438
31996,episode/length,500.0
31997,episode/return,818.226806640625
31997,episode/length,500.0
31998,episode/return,819.4431762695312
31998,episode/length,500.0
31999,episode/return,821.9937744140625
31999,episode/length,500.0
35992,episode/return,836.6431274414062
35992,episode/length,500.0
35993,episode/return,836.5430297851562
35993,episode/length,500.0
35994,episode/return,835.9583740234375
35994,episode/length,500.0
35995,episode/return,837.8397216796875
35995,episode/length,500.0
35996,episode/return,838.1466064453125
35996,episode/length,500.0
35997,episode/return,835.5721435546875
35997,episode/length,500.0
35998,episode/return,836.1546020507812
35998,episode/length,500.0
35999,episode/return,837.0108642578125
35999,episode/length,500.0
39992,episode/return,830.4301147460938
39992,episode/length,500.0
39993,episode/return,829.2495727539062
39993,episode/length,500.0
39994,episode/return,831.4658203125
39994,episode/length,500.0
39995,episode/return,828.944091796875
39995,episode/length,500.0
39996,episode/return,828.4410400390625
39996,episode/length,500.0
39997,episode/return,829.0420532226562
39997,episode/length,500.0
39998,episode/return,828.8161010742188
39998,episode/length,500.0
39999,episode/return,828.656982421875
39999,episode/length,500.0
40000,train/consistency_loss_mean,9.33950336111593e-06
40000,train/consistency_loss_std,4.280323347769569e-06
40000,train/continue_loss_mean,0.0
40000,train/continue_loss_std,0.0
40000,train/grad_norm_mean,0.11713990445435048
40000,train/grad_norm_std,0.08343781306702762
40000,train/policy_log_std_mean,-1.345720150089264
40000,train/policy_log_std_std,0.7370916325053919
40000,train/policy_loss_mean,-0.6469397676944733
40000,train/policy_loss_std,0.08039855359149399
40000,train/reward_loss_mean,0.271082874917984
40000,train/reward_loss_std,0.011149921527114096
40000,train/total_loss_mean,0.05709871705174446
40000,train/total_loss_std,0.002835945753452613
40000,train/value_loss_mean,0.29803638293743134
40000,train/value_loss_std,0.02109609916504537
40000,train/value_scale_mean,119.69459080200195
40000,train/value_scale_std,9.99127552655612
40000,timing/collect_chunk_s,59.79405476618558
40000,timing/train_chunk_s,21.2307495190762
40000,dense_rhs/training_bucket_horizon,3.0
40000,system/heartbeat,1.0
43992,episode/return,837.3114013671875
43992,episode/length,500.0
43993,episode/return,837.3251953125
43993,episode/length,500.0
43994,episode/return,837.4210205078125
43994,episode/length,500.0
43995,episode/return,837.1220092773438
43995,episode/length,500.0
43996,episode/return,836.906005859375
43996,episode/length,500.0
43997,episode/return,837.7156372070312
43997,episode/length,500.0
43998,episode/return,838.261474609375
43998,episode/length,500.0
43999,episode/return,838.546875
43999,episode/length,500.0
47992,episode/return,811.1671752929688
47992,episode/length,500.0
47993,episode/return,813.725830078125
47993,episode/length,500.0
47994,episode/return,813.686279296875
47994,episode/length,500.0
47995,episode/return,814.7446899414062
47995,episode/length,500.0
47996,episode/return,817.6820678710938
47996,episode/length,500.0
47997,episode/return,815.6121215820312
47997,episode/length,500.0
47998,episode/return,813.7327270507812
47998,episode/length,500.0
47999,episode/return,814.5393676757812
47999,episode/length,500.0
50000,train/consistency_loss_mean,5.407575859317149e-06
50000,train/consistency_loss_std,2.645041517920492e-06
50000,train/continue_loss_mean,0.0
50000,train/continue_loss_std,0.0
50000,train/grad_norm_mean,0.06355973302423953
50000,train/grad_norm_std,0.04116074821529055
50000,train/policy_log_std_mean,-1.4814118459701537
50000,train/policy_log_std_std,0.7673271257722092
50000,train/policy_loss_mean,-0.8140388529777527
50000,train/policy_loss_std,0.02199620944048435
50000,train/reward_loss_mean,0.2899335811853409
50000,train/reward_loss_std,0.009080840041273467
50000,train/total_loss_mean,0.06320350949168205
50000,train/total_loss_std,0.0015349471985657756
50000,train/value_loss_mean,0.3410199807167053
50000,train/value_loss_std,0.010531380526495791
50000,train/value_scale_mean,98.62407872314454
50000,train/value_scale_std,2.117361066513876
50000,timing/collect_chunk_s,61.10593531187624
50000,timing/train_chunk_s,21.224864521995187
50000,dense_rhs/training_bucket_horizon,3.0
50000,system/heartbeat,1.0
50000,timing/checkpoint_blocking_s,0.37221577018499374
50000,eval/return_mean,827.5466918945312
50000,eval/return_std,0.5648150444030762
50000,eval/return_max,828.35302734375
50000,eval/return_min,826.3282470703125
50000,timing/eval_s,99.8975206790492
50000,eval/selected_horizon,3.0
50000,eval/training_bucket_horizon,3.0
50000,system/heartbeat,1.0
51992,episode/return,774.0388793945312
51992,episode/length,500.0
51993,episode/return,778.1754150390625
51993,episode/length,500.0
51994,episode/return,780.4859619140625
51994,episode/length,500.0
51995,episode/return,777.7678833007812
51995,episode/length,500.0
51996,episode/return,781.5840454101562
51996,episode/length,500.0
51997,episode/return,774.5542602539062
51997,episode/length,500.0
51998,episode/return,774.8346557617188
51998,episode/length,500.0
51999,episode/return,784.513427734375
51999,episode/length,500.0
55992,episode/return,840.4848022460938
55992,episode/length,500.0
55993,episode/return,840.749267578125
55993,episode/length,500.0
55994,episode/return,839.7382202148438
55994,episode/length,500.0
55995,episode/return,841.7369995117188
55995,episode/length,500.0
55996,episode/return,840.120361328125
55996,episode/length,500.0
55997,episode/return,840.7788696289062
55997,episode/length,500.0
55998,episode/return,841.0346069335938
55998,episode/length,500.0
55999,episode/return,839.531005859375
55999,episode/length,500.0
59992,episode/return,856.5075073242188
59992,episode/length,500.0
59993,episode/return,856.5712280273438
59993,episode/length,500.0
59994,episode/return,856.6442260742188
59994,episode/length,500.0
59995,episode/return,856.7272338867188
59995,episode/length,500.0
59996,episode/return,857.0459594726562
59996,episode/length,500.0
59997,episode/return,857.096923828125
59997,episode/length,500.0
59998,episode/return,857.0104370117188
59998,episode/length,500.0
59999,episode/return,856.7479248046875
59999,episode/length,500.0
60000,train/consistency_loss_mean,4.777092104450276e-06
60000,train/consistency_loss_std,3.02986870233952e-06
60000,train/continue_loss_mean,0.0
60000,train/continue_loss_std,0.0
60000,train/grad_norm_mean,0.06320021739453077
60000,train/grad_norm_std,0.05826410056893514
60000,train/policy_log_std_mean,-1.696992343044281
60000,train/policy_log_std_std,0.8347455448153548
60000,train/policy_loss_mean,-0.8131153920650482
60000,train/policy_loss_std,0.036189929949962146
60000,train/reward_loss_mean,0.29870272369384765
60000,train/reward_loss_std,0.008419981784729835
60000,train/total_loss_mean,0.06508922137022019
60000,train/total_loss_std,0.0011047436391590137
60000,train/value_loss_mean,0.35123406434059146
60000,train/value_loss_std,0.006183651322047433
60000,train/value_scale_mean,99.79130380859375
60000,train/value_scale_std,4.088214745575723
60000,timing/collect_chunk_s,61.52326794248074
60000,timing/train_chunk_s,21.23348287306726
60000,dense_rhs/training_bucket_horizon,3.0
60000,system/heartbeat,1.0
63992,episode/return,852.7235107421875
63992,episode/length,500.0
63993,episode/return,852.12451171875
63993,episode/length,500.0
63994,episode/return,852.1022338867188
63994,episode/length,500.0
63995,episode/return,852.3834228515625
63995,episode/length,500.0
63996,episode/return,853.2415161132812
63996,episode/length,500.0
63997,episode/return,852.145751953125
63997,episode/length,500.0
63998,episode/return,853.3759765625
63998,episode/length,500.0
63999,episode/return,853.377685546875
63999,episode/length,500.0
67992,episode/return,851.8859252929688
67992,episode/length,500.0
67993,episode/return,851.576416015625
67993,episode/length,500.0
67994,episode/return,852.3086547851562
67994,episode/length,500.0
67995,episode/return,850.939208984375
67995,episode/length,500.0
67996,episode/return,851.8114624023438
67996,episode/length,500.0
67997,episode/return,852.0814819335938
67997,episode/length,500.0
67998,episode/return,851.6099853515625
67998,episode/length,500.0
67999,episode/return,851.921875
67999,episode/length,500.0
70000,train/consistency_loss_mean,4.173564691336651e-06
70000,train/consistency_loss_std,2.5341660451026263e-06
70000,train/continue_loss_mean,0.0
70000,train/continue_loss_std,0.0
70000,train/grad_norm_mean,0.05075078601390123
70000,train/grad_norm_std,0.03724074485826041
70000,train/policy_log_std_mean,-1.7175572286605836
70000,train/policy_log_std_std,0.7373415213693536
70000,train/policy_loss_mean,-0.8328756882667542
70000,train/policy_loss_std,0.019981161584935302
70000,train/reward_loss_mean,0.3095590712308884
70000,train/reward_loss_std,0.008120107528338218
70000,train/total_loss_mean,0.06651086376309395
70000,train/total_loss_std,0.0011087280477142217
70000,train/value_loss_mean,0.3547148414850235
70000,train/value_loss_std,0.00623420538385916
70000,train/value_scale_mean,97.76050986328126
70000,train/value_scale_std,1.7776980874258628
70000,timing/collect_chunk_s,60.56730702659115
70000,timing/train_chunk_s,21.261816911865026
70000,dense_rhs/training_bucket_horizon,3.0
70000,system/heartbeat,1.0
71992,episode/return,856.942626953125
71992,episode/length,500.0
71993,episode/return,856.3095092773438
71993,episode/length,500.0
71994,episode/return,858.1788330078125
71994,episode/length,500.0
71995,episode/return,857.3877563476562
71995,episode/length,500.0
71996,episode/return,856.6991577148438
71996,episode/length,500.0
71997,episode/return,856.595947265625
71997,episode/length,500.0
71998,episode/return,857.366455078125
71998,episode/length,500.0
71999,episode/return,856.7129516601562
71999,episode/length,500.0
75992,episode/return,858.3440551757812
75992,episode/length,500.0
75993,episode/return,858.264892578125
75993,episode/length,500.0
75994,episode/return,858.4209594726562
75994,episode/length,500.0
75995,episode/return,858.613037109375
75995,episode/length,500.0
75996,episode/return,857.9072265625
75996,episode/length,500.0
75997,episode/return,859.080810546875
75997,episode/length,500.0
75998,episode/return,858.1858520507812
75998,episode/length,500.0
75999,episode/return,857.9312744140625
75999,episode/length,500.0
79992,episode/return,859.490478515625
79992,episode/length,500.0
79993,episode/return,859.6163330078125
79993,episode/length,500.0
79994,episode/return,858.8964233398438
79994,episode/length,500.0
79995,episode/return,858.7305297851562
79995,episode/length,500.0
79996,episode/return,859.3439331054688
79996,episode/length,500.0
79997,episode/return,858.4326782226562
79997,episode/length,500.0
79998,episode/return,859.7288818359375
79998,episode/length,500.0
79999,episode/return,858.824951171875
79999,episode/length,500.0
80000,train/consistency_loss_mean,3.460800150332943e-06
80000,train/consistency_loss_std,2.026921450627271e-06
80000,train/continue_loss_mean,0.0
80000,train/continue_loss_std,0.0
80000,train/grad_norm_mean,0.04530011384934187
80000,train/grad_norm_std,0.03627109535122055
80000,train/policy_log_std_mean,-1.8213173312187194
80000,train/policy_log_std_std,0.7360193894786189
80000,train/policy_loss_mean,-0.8516628715515137
80000,train/policy_loss_std,0.015560781075258892
80000,train/reward_loss_mean,0.31819450464248655
80000,train/reward_loss_std,0.00768590202248104
80000,train/total_loss_mean,0.06742959936857224
80000,train/total_loss_std,0.0010992667561593034
80000,train/value_loss_mean,0.35540930733680726
80000,train/value_loss_std,0.00647875795381367
80000,train/value_scale_mean,96.17995615234375
80000,train/value_scale_std,0.9995878848222368
80000,timing/collect_chunk_s,59.03030496649444
80000,timing/train_chunk_s,21.26946956338361
80000,dense_rhs/training_bucket_horizon,3.0
80000,system/heartbeat,1.0
83992,episode/return,861.7042846679688
83992,episode/length,500.0
83993,episode/return,861.164794921875
83993,episode/length,500.0
83994,episode/return,861.540283203125
83994,episode/length,500.0
83995,episode/return,862.1074829101562
83995,episode/length,500.0
83996,episode/return,862.0882568359375
83996,episode/length,500.0
83997,episode/return,862.0203857421875
83997,episode/length,500.0
83998,episode/return,862.4008178710938
83998,episode/length,500.0
83999,episode/return,861.6740112304688
83999,episode/length,500.0
87992,episode/return,863.6715698242188
87992,episode/length,500.0
87993,episode/return,863.4335327148438
87993,episode/length,500.0
87994,episode/return,863.6080322265625
87994,episode/length,500.0
87995,episode/return,863.5775756835938
87995,episode/length,500.0
87996,episode/return,863.84228515625
87996,episode/length,500.0
87997,episode/return,863.6967163085938
87997,episode/length,500.0
87998,episode/return,863.3645629882812
87998,episode/length,500.0
87999,episode/return,863.1347045898438
87999,episode/length,500.0
90000,train/consistency_loss_mean,3.0884578149198204e-06
90000,train/consistency_loss_std,2.2159094930765462e-06
90000,train/continue_loss_mean,0.0
90000,train/continue_loss_std,0.0
90000,train/grad_norm_mean,0.039123231568932534
90000,train/grad_norm_std,0.030508229958502987
90000,train/policy_log_std_mean,-1.8461913838386537
90000,train/policy_log_std_std,0.7123896378631243
90000,train/policy_loss_mean,-0.8840632636547089
90000,train/policy_loss_std,0.01705602466535446
90000,train/reward_loss_mean,0.3248066509962082
90000,train/reward_loss_std,0.007380691721389093
90000,train/total_loss_mean,0.06850052854418755
90000,train/total_loss_std,0.0010311528814166246
90000,train/value_loss_mean,0.35958093280792236
90000,train/value_loss_std,0.0056690757213764265
90000,train/value_scale_mean,93.77047205200195
90000,train/value_scale_std,1.1893521954077282
90000,timing/collect_chunk_s,60.35464974306524
90000,timing/train_chunk_s,21.230416737496853
90000,dense_rhs/training_bucket_horizon,3.0
90000,system/heartbeat,1.0
91992,episode/return,864.0565795898438
91992,episode/length,500.0
91993,episode/return,863.7069091796875
91993,episode/length,500.0
91994,episode/return,863.9395751953125
91994,episode/length,500.0
91995,episode/return,863.3721313476562
91995,episode/length,500.0
91996,episode/return,863.6641235351562
91996,episode/length,500.0
91997,episode/return,864.095458984375
91997,episode/length,500.0
91998,episode/return,863.3079223632812
91998,episode/length,500.0
91999,episode/return,863.2763671875
91999,episode/length,500.0
95992,episode/return,862.78759765625
95992,episode/length,500.0
95993,episode/return,862.9287719726562
95993,episode/length,500.0
95994,episode/return,862.7645874023438
95994,episode/length,500.0
95995,episode/return,862.8392944335938
95995,episode/length,500.0
95996,episode/return,862.5751342773438
95996,episode/length,500.0
95997,episode/return,862.7953491210938
95997,episode/length,500.0
95998,episode/return,863.0455322265625
95998,episode/length,500.0
95999,episode/return,863.2131958007812
95999,episode/length,500.0
99992,episode/return,865.01416015625
99992,episode/length,500.0
99993,episode/return,864.8277587890625
99993,episode/length,500.0
99994,episode/return,864.3699340820312
99994,episode/length,500.0
99995,episode/return,864.5895385742188
99995,episode/length,500.0
99996,episode/return,864.7520751953125
99996,episode/length,500.0
99997,episode/return,864.3038940429688
99997,episode/length,500.0
99998,episode/return,864.8916015625
99998,episode/length,500.0
99999,episode/return,864.7769165039062
99999,episode/length,500.0
100000,train/consistency_loss_mean,2.8743120939907383e-06
100000,train/consistency_loss_std,2.0903205372975046e-06
100000,train/continue_loss_mean,0.0
100000,train/continue_loss_std,0.0
100000,train/grad_norm_mean,0.038263623936474325
100000,train/grad_norm_std,0.032034783195873384
100000,train/policy_log_std_mean,-1.8859472455978394
100000,train/policy_log_std_std,0.6843078093339048
100000,train/policy_loss_mean,-0.881411407327652
100000,train/policy_loss_std,0.019274632448975083
100000,train/reward_loss_mean,0.33040239968299867
100000,train/reward_loss_std,0.007187327162400704
100000,train/total_loss_mean,0.06919935677051545
100000,train/total_loss_std,0.001019140519683275
100000,train/value_loss_mean,0.3610162788391113
100000,train/value_loss_std,0.005669634998450175
100000,train/value_scale_mean,94.74961660766601
100000,train/value_scale_std,1.5256288294667915
100000,timing/collect_chunk_s,60.84388544037938
100000,timing/train_chunk_s,21.243824480567127
100000,dense_rhs/training_bucket_horizon,3.0
100000,system/heartbeat,1.0
100000,timing/checkpoint_blocking_s,0.3995900470763445
100000,eval/return_mean,861.0144653320312
100000,eval/return_std,0.36574259400367737
100000,eval/return_max,861.9371337890625
100000,eval/return_min,860.3126831054688
100000,timing/eval_s,9.334074695128947
100000,eval/selected_horizon,3.0
100000,eval/training_bucket_horizon,3.0
100000,system/heartbeat,1.0
103992,episode/return,861.9468383789062
103992,episode/length,500.0
103993,episode/return,862.0067138671875
103993,episode/length,500.0
103994,episode/return,862.3002319335938
103994,episode/length,500.0
103995,episode/return,863.1041870117188
103995,episode/length,500.0
103996,episode/return,862.2848510742188
103996,episode/length,500.0
103997,episode/return,862.2288818359375
103997,episode/length,500.0
103998,episode/return,862.6260375976562
103998,episode/length,500.0
103999,episode/return,861.8894653320312
103999,episode/length,500.0
107992,episode/return,854.8670043945312
107992,episode/length,500.0
107993,episode/return,853.8803100585938
107993,episode/length,500.0
107994,episode/return,854.9644775390625
107994,episode/length,500.0
107995,episode/return,854.8646240234375
107995,episode/length,500.0
107996,episode/return,854.6953735351562
107996,episode/length,500.0
107997,episode/return,855.3934326171875
107997,episode/length,500.0
107998,episode/return,854.7107543945312
107998,episode/length,500.0
107999,episode/return,854.4180908203125
107999,episode/length,500.0
110000,train/consistency_loss_mean,2.639642654958152e-06
110000,train/consistency_loss_std,1.471249509304841e-06
110000,train/continue_loss_mean,0.0
110000,train/continue_loss_std,0.0
110000,train/grad_norm_mean,0.03843947565704584
110000,train/grad_norm_std,0.037725101581371746
110000,train/policy_log_std_mean,-1.9024172128677368
110000,train/policy_log_std_std,0.6838083924574617
110000,train/policy_loss_mean,-0.8988748271465301
110000,train/policy_loss_std,0.016911826411879213
110000,train/reward_loss_mean,0.33468955943584444
110000,train/reward_loss_std,0.006970717864713757
110000,train/total_loss_mean,0.0699025761961937
110000,train/total_loss_std,0.0009876020539698535
110000,train/value_loss_mean,0.36380825328826905
110000,train/value_loss_std,0.005478955949465662
110000,train/value_scale_mean,93.50448393554687
110000,train/value_scale_std,1.2082853463923529
110000,timing/collect_chunk_s,61.07431233301759
110000,timing/train_chunk_s,21.15978502156213
110000,dense_rhs/training_bucket_horizon,3.0
110000,system/heartbeat,1.0
111992,episode/return,863.18212890625
111992,episode/length,500.0
111993,episode/return,863.6682739257812
111993,episode/length,500.0
111994,episode/return,863.3248901367188
111994,episode/length,500.0
111995,episode/return,863.612548828125
111995,episode/length,500.0
111996,episode/return,863.7658081054688
111996,episode/length,500.0
111997,episode/return,863.6761474609375
111997,episode/length,500.0
111998,episode/return,863.0938110351562
111998,episode/length,500.0
111999,episode/return,863.1857299804688
111999,episode/length,500.0
115992,episode/return,864.3657836914062
115992,episode/length,500.0
115993,episode/return,864.777099609375
115993,episode/length,500.0
115994,episode/return,864.88916015625
115994,episode/length,500.0
115995,episode/return,864.840087890625
115995,episode/length,500.0
115996,episode/return,864.67236328125
115996,episode/length,500.0
115997,episode/return,864.8058471679688
115997,episode/length,500.0
115998,episode/return,864.8333129882812
115998,episode/length,500.0
115999,episode/return,865.0389404296875
115999,episode/length,500.0
119992,episode/return,858.402099609375
119992,episode/length,500.0
119993,episode/return,858.2876586914062
119993,episode/length,500.0
119994,episode/return,859.319091796875
119994,episode/length,500.0
119995,episode/return,859.2703857421875
119995,episode/length,500.0
119996,episode/return,857.8262329101562
119996,episode/length,500.0
119997,episode/return,858.3821411132812
119997,episode/length,500.0
119998,episode/return,858.4502563476562
119998,episode/length,500.0
119999,episode/return,857.8939208984375
119999,episode/length,500.0
120000,train/consistency_loss_mean,2.2635222407188847e-06
120000,train/consistency_loss_std,1.5584110481998867e-06
120000,train/continue_loss_mean,0.0
120000,train/continue_loss_std,0.0
120000,train/grad_norm_mean,0.03241344160139561
120000,train/grad_norm_std,0.032139176175610025
120000,train/policy_log_std_mean,-1.9444308824539185
120000,train/policy_log_std_std,0.6989189852873477
120000,train/policy_loss_mean,-0.9100848097324371
120000,train/policy_loss_std,0.012603247870193382
120000,train/reward_loss_mean,0.3381428255081177
120000,train/reward_loss_std,0.006764442944331987
120000,train/total_loss_mean,0.07040436350107193
120000,train/total_loss_std,0.0009491605569538207
120000,train/value_loss_mean,0.36544809412956236
120000,train/value_loss_std,0.005188575739369267
120000,train/value_scale_mean,93.01439216918945
120000,train/value_scale_std,0.8380447049404346
120000,timing/collect_chunk_s,58.496493523940444
120000,timing/train_chunk_s,21.233418775722384
120000,dense_rhs/training_bucket_horizon,3.0
120000,system/heartbeat,1.0
123992,episode/return,864.4569702148438
123992,episode/length,500.0
123993,episode/return,864.5791625976562
123993,episode/length,500.0
123994,episode/return,864.5653076171875
123994,episode/length,500.0
123995,episode/return,864.0665893554688
123995,episode/length,500.0
123996,episode/return,864.9376831054688
123996,episode/length,500.0
123997,episode/return,864.9033203125
123997,episode/length,500.0
123998,episode/return,864.4828491210938
123998,episode/length,500.0
123999,episode/return,864.2620239257812
123999,episode/length,500.0
127992,episode/return,863.8147583007812
127992,episode/length,500.0
127993,episode/return,863.92138671875
127993,episode/length,500.0
127994,episode/return,863.5380859375
127994,episode/length,500.0
127995,episode/return,863.3068237304688
127995,episode/length,500.0
127996,episode/return,863.7653198242188
127996,episode/length,500.0
127997,episode/return,863.3466796875
127997,episode/length,500.0
127998,episode/return,863.528076171875
127998,episode/length,500.0
127999,episode/return,862.998291015625
127999,episode/length,500.0
130000,train/consistency_loss_mean,2.3145982766436645e-06
130000,train/consistency_loss_std,1.4535076533104993e-06
130000,train/continue_loss_mean,0.0
130000,train/continue_loss_std,0.0
130000,train/grad_norm_mean,0.03151557452976703
130000,train/grad_norm_std,0.026406368532665366
130000,train/policy_log_std_mean,-1.9425529175758363
130000,train/policy_log_std_std,0.6524455279382171
130000,train/policy_loss_mean,-0.9117483758449555
130000,train/policy_loss_std,0.012669421650033654
130000,train/reward_loss_mean,0.3408940891504288
130000,train/reward_loss_std,0.006704871221673475
130000,train/total_loss_mean,0.07073035041689872
130000,train/total_loss_std,0.0009559539076062043
130000,train/value_loss_mean,0.3659464698076248
130000,train/value_loss_std,0.005258906668043022
130000,train/value_scale_mean,93.11915881958008
130000,train/value_scale_std,0.8364030779604517
130000,timing/collect_chunk_s,62.479409489315
130000,timing/train_chunk_s,21.26689558289945
130000,dense_rhs/training_bucket_horizon,3.0
130000,system/heartbeat,1.0
131992,episode/return,863.3988037109375
131992,episode/length,500.0
131993,episode/return,863.7045288085938
131993,episode/length,500.0
131994,episode/return,864.0435791015625
131994,episode/length,500.0
131995,episode/return,863.3924560546875
131995,episode/length,500.0
131996,episode/return,863.71435546875
131996,episode/length,500.0
131997,episode/return,863.53857421875
131997,episode/length,500.0
131998,episode/return,863.5770263671875
131998,episode/length,500.0
131999,episode/return,863.9382934570312
131999,episode/length,500.0
135992,episode/return,864.541015625
135992,episode/length,500.0
135993,episode/return,865.5324096679688
135993,episode/length,500.0
135994,episode/return,864.8222045898438
135994,episode/length,500.0
135995,episode/return,865.2843627929688
135995,episode/length,500.0
135996,episode/return,864.8762817382812
135996,episode/length,500.0
135997,episode/return,865.1373901367188
135997,episode/length,500.0
135998,episode/return,864.8017578125
135998,episode/length,500.0
135999,episode/return,864.8554077148438
135999,episode/length,500.0
139992,episode/return,865.05615234375
139992,episode/length,500.0
139993,episode/return,865.50439453125
139993,episode/length,500.0
139994,episode/return,865.1904907226562
139994,episode/length,500.0
139995,episode/return,865.3250732421875
139995,episode/length,500.0
139996,episode/return,865.1959838867188
139996,episode/length,500.0
139997,episode/return,865.037109375
139997,episode/length,500.0
139998,episode/return,864.9277954101562
139998,episode/length,500.0
139999,episode/return,865.5272827148438
139999,episode/length,500.0
140000,train/consistency_loss_mean,2.1883850376980262e-06
140000,train/consistency_loss_std,1.4213312294928895e-06
140000,train/continue_loss_mean,0.0
140000,train/continue_loss_std,0.0
140000,train/grad_norm_mean,0.03060064979195595
140000,train/grad_norm_std,0.030327172344182283
140000,train/policy_log_std_mean,-1.9309639309883118
140000,train/policy_log_std_std,0.6350359511433715
140000,train/policy_loss_mean,-0.9272575012683868
140000,train/policy_loss_std,0.01605305319153022
140000,train/reward_loss_mean,0.34378161725997924
140000,train/reward_loss_std,0.006535506037375489
140000,train/total_loss_mean,0.07123961438536644
140000,train/total_loss_std,0.0009379330713358798
140000,train/value_loss_mean,0.36817683529853823
140000,train/value_loss_std,0.005187219246360819
140000,train/value_scale_mean,92.11478942871094
140000,train/value_scale_std,1.1402599365909183
140000,timing/collect_chunk_s,61.635470035951585
140000,timing/train_chunk_s,21.220022236928344
140000,dense_rhs/training_bucket_horizon,3.0
140000,system/heartbeat,1.0
143992,episode/return,861.440673828125
143992,episode/length,500.0
143993,episode/return,862.3101806640625
143993,episode/length,500.0
143994,episode/return,861.7565307617188
143994,episode/length,500.0
143995,episode/return,861.3482055664062
143995,episode/length,500.0
143996,episode/return,861.6921997070312
143996,episode/length,500.0
143997,episode/return,862.0404663085938
143997,episode/length,500.0
143998,episode/return,861.5671997070312
143998,episode/length,500.0
143999,episode/return,861.5103759765625
143999,episode/length,500.0
147992,episode/return,865.0369262695312
147992,episode/length,500.0
147993,episode/return,864.6820678710938
147993,episode/length,500.0
147994,episode/return,864.5869140625
147994,episode/length,500.0
147995,episode/return,864.531005859375
147995,episode/length,500.0
147996,episode/return,864.8504638671875
147996,episode/length,500.0
147997,episode/return,865.44384765625
147997,episode/length,500.0
147998,episode/return,864.6358032226562
147998,episode/length,500.0
147999,episode/return,864.4862670898438
147999,episode/length,500.0
150000,train/consistency_loss_mean,1.8188908177307894e-06
150000,train/consistency_loss_std,1.1495235583467256e-06
150000,train/continue_loss_mean,0.0
150000,train/continue_loss_std,0.0
150000,train/grad_norm_mean,0.025100882504880427
150000,train/grad_norm_std,0.02010271942969581
150000,train/policy_log_std_mean,-1.9946325983047486
150000,train/policy_log_std_std,0.6438971475166639
150000,train/policy_loss_mean,-0.9365768626213073
150000,train/policy_loss_std,0.014163350234379646
150000,train/reward_loss_mean,0.34593005785942077
150000,train/reward_loss_std,0.006522384267454363
150000,train/total_loss_mean,0.07139436926841736
150000,train/total_loss_std,0.0009426689817475526
150000,train/value_loss_mean,0.3676498444080353
150000,train/value_loss_std,0.005080245970982001
150000,train/value_scale_mean,91.1700735168457
150000,train/value_scale_std,0.9008800012757026
150000,timing/collect_chunk_s,58.99644389934838
150000,timing/train_chunk_s,21.26245631184429
150000,dense_rhs/training_bucket_horizon,3.0
150000,system/heartbeat,1.0
150000,timing/checkpoint_blocking_s,0.4050258630886674
150000,eval/return_mean,863.9088134765625
150000,eval/return_std,0.23982127010822296
150000,eval/return_max,864.4537353515625
150000,eval/return_min,863.4010009765625
150000,timing/eval_s,9.364992253948003
150000,eval/selected_horizon,3.0
150000,eval/training_bucket_horizon,3.0
150000,system/heartbeat,1.0
151992,episode/return,860.51318359375
151992,episode/length,500.0
151993,episode/return,859.6325073242188
151993,episode/length,500.0
151994,episode/return,857.8705444335938
151994,episode/length,500.0
151995,episode/return,858.8965454101562
151995,episode/length,500.0
151996,episode/return,858.9103393554688
151996,episode/length,500.0
151997,episode/return,857.729736328125
151997,episode/length,500.0
151998,episode/return,858.1475219726562
151998,episode/length,500.0
151999,episode/return,859.8222045898438
151999,episode/length,500.0
155992,episode/return,864.6008911132812
155992,episode/length,500.0
155993,episode/return,865.1962890625
155993,episode/length,500.0
155994,episode/return,864.919677734375
155994,episode/length,500.0
155995,episode/return,864.7662353515625
155995,episode/length,500.0
155996,episode/return,864.9354248046875
155996,episode/length,500.0
155997,episode/return,864.8609008789062
155997,episode/length,500.0
155998,episode/return,864.884033203125
155998,episode/length,500.0
155999,episode/return,865.0342407226562
155999,episode/length,500.0
159992,episode/return,864.3995361328125
159992,episode/length,500.0
159993,episode/return,864.8076782226562
159993,episode/length,500.0
159994,episode/return,864.0765991210938
159994,episode/length,500.0
159995,episode/return,864.457275390625
159995,episode/length,500.0
159996,episode/return,864.814208984375
159996,episode/length,500.0
159997,episode/return,864.92431640625
159997,episode/length,500.0
159998,episode/return,864.8154296875
159998,episode/length,500.0
159999,episode/return,864.66748046875
159999,episode/length,500.0
160000,train/consistency_loss_mean,1.593481906456873e-06
160000,train/consistency_loss_std,1.0820782577438196e-06
160000,train/continue_loss_mean,0.0
160000,train/continue_loss_std,0.0
160000,train/grad_norm_mean,0.023286761540174485
160000,train/grad_norm_std,0.020950653111520223
160000,train/policy_log_std_mean,-2.0097767915725706
160000,train/policy_log_std_std,0.6302023604853969
160000,train/policy_loss_mean,-0.9486094485282898
160000,train/policy_loss_std,0.013867251059932082
160000,train/reward_loss_mean,0.3478056867837906
160000,train/reward_loss_std,0.006414050906993585
160000,train/total_loss_mean,0.07170268151760101
160000,train/total_loss_std,0.0009245180070462217
160000,train/value_loss_mean,0.36890241582393646
160000,train/value_loss_std,0.004995178463823717
160000,train/value_scale_mean,90.46663654174804
160000,train/value_scale_std,0.7972992565579379
160000,timing/collect_chunk_s,62.33576953224838
160000,timing/train_chunk_s,21.1878108875826
160000,dense_rhs/training_bucket_horizon,3.0
160000,system/heartbeat,1.0
163992,episode/return,865.4027709960938
163992,episode/length,500.0
163993,episode/return,865.2553100585938
163993,episode/length,500.0
163994,episode/return,865.5526123046875
163994,episode/length,500.0
163995,episode/return,865.4523315429688
163995,episode/length,500.0
163996,episode/return,864.8562622070312
163996,episode/length,500.0
163997,episode/return,864.6766357421875
163997,episode/length,500.0
163998,episode/return,864.7373657226562
163998,episode/length,500.0
163999,episode/return,864.7467651367188
163999,episode/length,500.0
167992,episode/return,865.08984375
167992,episode/length,500.0
167993,episode/return,864.5468139648438
167993,episode/length,500.0
167994,episode/return,865.1289672851562
167994,episode/length,500.0
167995,episode/return,865.1868286132812
167995,episode/length,500.0
167996,episode/return,865.097412109375
167996,episode/length,500.0
167997,episode/return,865.4189453125
167997,episode/length,500.0
167998,episode/return,865.0800170898438
167998,episode/length,500.0
167999,episode/return,864.8971557617188
167999,episode/length,500.0
170000,train/consistency_loss_mean,1.6841830078647035e-06
170000,train/consistency_loss_std,1.2615806479180244e-06
170000,train/continue_loss_mean,0.0
170000,train/continue_loss_std,0.0
170000,train/grad_norm_mean,0.023833458392322062
170000,train/grad_norm_std,0.0220878738819353
170000,train/policy_log_std_mean,-2.013275593185425
170000,train/policy_log_std_std,0.6396683631830357
170000,train/policy_loss_mean,-0.951444132232666
170000,train/policy_loss_std,0.013199780860328877
170000,train/reward_loss_mean,0.3496584336519241
170000,train/reward_loss_std,0.00637066481940095
170000,train/total_loss_mean,0.07197006823420525
170000,train/total_loss_std,0.0009171325824510329
170000,train/value_loss_mean,0.3697053896188736
170000,train/value_loss_std,0.004829761221055993
170000,train/value_scale_mean,90.30488038330078
170000,train/value_scale_std,0.8163878453205647
170000,timing/collect_chunk_s,58.991723713930696
170000,timing/train_chunk_s,21.170688787009567
170000,dense_rhs/training_bucket_horizon,3.0
170000,system/heartbeat,1.0
171992,episode/return,863.609130859375
171992,episode/length,500.0
171993,episode/return,862.9303588867188
171993,episode/length,500.0
171994,episode/return,863.3285522460938
171994,episode/length,500.0
171995,episode/return,862.9736938476562
171995,episode/length,500.0
171996,episode/return,863.5296020507812
171996,episode/length,500.0
171997,episode/return,864.1026611328125
171997,episode/length,500.0
171998,episode/return,863.1134643554688
171998,episode/length,500.0
171999,episode/return,863.4819946289062
171999,episode/length,500.0
175992,episode/return,842.9166259765625
175992,episode/length,500.0
175993,episode/return,842.485107421875
175993,episode/length,500.0
175994,episode/return,842.3400268554688
175994,episode/length,500.0
175995,episode/return,842.3300170898438
175995,episode/length,500.0
175996,episode/return,841.5110473632812
175996,episode/length,500.0
175997,episode/return,843.3338623046875
175997,episode/length,500.0
175998,episode/return,839.6031494140625
175998,episode/length,500.0
175999,episode/return,840.1895751953125
175999,episode/length,500.0
179992,episode/return,864.6327514648438
179992,episode/length,500.0
179993,episode/return,864.9065551757812
179993,episode/length,500.0
179994,episode/return,864.5302734375
179994,episode/length,500.0
179995,episode/return,864.5439453125
179995,episode/length,500.0
179996,episode/return,865.0116577148438
179996,episode/length,500.0
179997,episode/return,865.2601318359375
179997,episode/length,500.0
179998,episode/return,864.9080810546875
179998,episode/length,500.0
179999,episode/return,864.5517578125
179999,episode/length,500.0
180000,train/consistency_loss_mean,1.6233963174727251e-06
180000,train/consistency_loss_std,1.1147942741610928e-06
180000,train/continue_loss_mean,0.0
180000,train/continue_loss_std,0.0
180000,train/grad_norm_mean,0.024527796047180892
180000,train/grad_norm_std,0.026039008384049583
180000,train/policy_log_std_mean,-1.951267458343506
180000,train/policy_log_std_std,0.5892239232808786
180000,train/policy_loss_mean,-0.9587500568866729
180000,train/policy_loss_std,0.013822334797024743
180000,train/reward_loss_mean,0.3507732112884521
180000,train/reward_loss_std,0.006243707282508123
180000,train/total_loss_mean,0.07228443756103516
180000,train/total_loss_std,0.0008916223140221557
180000,train/value_loss_mean,0.37174647109508513
180000,train/value_loss_std,0.004755044124031317
180000,train/value_scale_mean,90.04116768188477
180000,train/value_scale_std,0.7939723004985462
180000,timing/collect_chunk_s,62.58346630074084
180000,timing/train_chunk_s,21.23209295095876
180000,dense_rhs/training_bucket_horizon,3.0
180000,system/heartbeat,1.0
183992,episode/return,860.4567260742188
183992,episode/length,500.0
183993,episode/return,859.6448364257812
183993,episode/length,500.0
183994,episode/return,860.3566284179688
183994,episode/length,500.0
183995,episode/return,860.5021362304688
183995,episode/length,500.0
183996,episode/return,859.801513671875
183996,episode/length,500.0
183997,episode/return,859.94775390625
183997,episode/length,500.0
183998,episode/return,861.2446899414062
183998,episode/length,500.0
183999,episode/return,861.3772583007812
183999,episode/length,500.0
187992,episode/return,866.1331176757812
187992,episode/length,500.0
187993,episode/return,865.6521606445312
187993,episode/length,500.0
187994,episode/return,865.5868530273438
187994,episode/length,500.0
187995,episode/return,865.7107543945312
187995,episode/length,500.0
187996,episode/return,866.14599609375
187996,episode/length,500.0
187997,episode/return,865.6649780273438
187997,episode/length,500.0
187998,episode/return,866.0050659179688
187998,episode/length,500.0
187999,episode/return,865.9381103515625
187999,episode/length,500.0
190000,train/consistency_loss_mean,1.7248773495339265e-06
190000,train/consistency_loss_std,2.4171855034214857e-06
190000,train/continue_loss_mean,0.0
190000,train/continue_loss_std,0.0
190000,train/grad_norm_mean,0.02311326342970133
190000,train/grad_norm_std,0.02731873383495504
190000,train/policy_log_std_mean,-1.9521533304214478
190000,train/policy_log_std_std,0.5830039894901136
190000,train/policy_loss_mean,-0.9700632381439209
190000,train/policy_loss_std,0.012161530695754891
190000,train/reward_loss_mean,0.3515888083457947
190000,train/reward_loss_std,0.00616779295252726
190000,train/total_loss_mean,0.07237431083321572
190000,train/total_loss_std,0.0009015499919587981
190000,train/value_loss_mean,0.3718093101739883
190000,train/value_loss_std,0.004916365590131496
190000,train/value_scale_mean,88.97366423339844
190000,train/value_scale_std,0.607432023954309
190000,timing/collect_chunk_s,59.39753097621724
190000,timing/train_chunk_s,21.214250036980957
190000,dense_rhs/training_bucket_horizon,3.0
190000,system/heartbeat,1.0
191992,episode/return,862.1458129882812
191992,episode/length,500.0
191993,episode/return,861.958740234375
191993,episode/length,500.0
191994,episode/return,862.7745361328125
191994,episode/length,500.0
191995,episode/return,862.5237426757812
191995,episode/length,500.0
191996,episode/return,862.1445922851562
191996,episode/length,500.0
191997,episode/return,862.4158325195312
191997,episode/length,500.0
191998,episode/return,862.4544067382812
191998,episode/length,500.0
191999,episode/return,862.2320556640625
191999,episode/length,500.0
195992,episode/return,861.2594604492188
195992,episode/length,500.0
195993,episode/return,860.6787719726562
195993,episode/length,500.0
195994,episode/return,860.6102905273438
195994,episode/length,500.0
195995,episode/return,861.174072265625
195995,episode/length,500.0
195996,episode/return,861.1898193359375
195996,episode/length,500.0
195997,episode/return,861.2473754882812
195997,episode/length,500.0
195998,episode/return,861.5372314453125
195998,episode/length,500.0
195999,episode/return,861.1205444335938
195999,episode/length,500.0
199992,episode/return,864.1033935546875
199992,episode/length,500.0
199993,episode/return,863.784912109375
199993,episode/length,500.0
199994,episode/return,863.439453125
199994,episode/length,500.0
199995,episode/return,863.2178344726562
199995,episode/length,500.0
199996,episode/return,864.2503662109375
199996,episode/length,500.0
199997,episode/return,863.4703369140625
199997,episode/length,500.0
199998,episode/return,863.9163208007812
199998,episode/length,500.0
199999,episode/return,863.3275146484375
199999,episode/length,500.0
200000,train/consistency_loss_mean,1.4535766470089585e-06
200000,train/consistency_loss_std,1.043976541580383e-06
200000,train/continue_loss_mean,0.0
200000,train/continue_loss_std,0.0
200000,train/grad_norm_mean,0.021962265360355376
200000,train/grad_norm_std,0.023012198994054323
200000,train/policy_log_std_mean,-1.9728914085388183
200000,train/policy_log_std_std,0.5819752826959896
200000,train/policy_loss_mean,-0.9778633082866669
200000,train/policy_loss_std,0.011943580203488107
200000,train/reward_loss_mean,0.35283681366443637
200000,train/reward_loss_std,0.006087523173393072
200000,train/total_loss_mean,0.07235070551037788
200000,train/total_loss_std,0.0008906185330355417
200000,train/value_loss_mean,0.3703795099258423
200000,train/value_loss_std,0.004874851999487882
200000,train/value_scale_mean,88.17144602661133
200000,train/value_scale_std,0.5630779237719572
200000,timing/collect_chunk_s,66.25575591018423
200000,timing/train_chunk_s,21.25020624231547
200000,dense_rhs/training_bucket_horizon,3.0
200000,system/heartbeat,1.0
200000,timing/checkpoint_blocking_s,0.39700258942320943
200000,eval/return_mean,862.4021606445312
200000,eval/return_std,0.20375509560108185
200000,eval/return_max,862.8490600585938
200000,eval/return_min,861.970703125
200000,timing/eval_s,9.312655969988555
200000,eval/selected_horizon,3.0
200000,eval/training_bucket_horizon,3.0
200000,system/heartbeat,1.0
203992,episode/return,865.0816040039062
203992,episode/length,500.0
203993,episode/return,864.6373291015625
203993,episode/length,500.0
203994,episode/return,865.2996215820312
203994,episode/length,500.0
203995,episode/return,866.2239990234375
203995,episode/length,500.0
203996,episode/return,865.6430053710938
203996,episode/length,500.0
203997,episode/return,865.2146606445312
203997,episode/length,500.0
203998,episode/return,865.0313720703125
203998,episode/length,500.0
203999,episode/return,864.9963989257812
203999,episode/length,500.0
207992,episode/return,865.826416015625
207992,episode/length,500.0
207993,episode/return,865.7066040039062
207993,episode/length,500.0
207994,episode/return,865.4842529296875
207994,episode/length,500.0
207995,episode/return,866.1226806640625
207995,episode/length,500.0
207996,episode/return,865.3082885742188
207996,episode/length,500.0
207997,episode/return,865.8035888671875
207997,episode/length,500.0
207998,episode/return,865.7955322265625
207998,episode/length,500.0
207999,episode/return,866.125244140625
207999,episode/length,500.0
210000,train/consistency_loss_mean,1.5197659557543376e-06
210000,train/consistency_loss_std,1.0380070297888247e-06
210000,train/continue_loss_mean,0.0
210000,train/continue_loss_std,0.0
210000,train/grad_norm_mean,0.02074676055908203
210000,train/grad_norm_std,0.019385812275450966
210000,train/policy_log_std_mean,-1.9341875515937805
210000,train/policy_log_std_std,0.5550437486064306
210000,train/policy_loss_mean,-0.9852666931152344
210000,train/policy_loss_std,0.01242891929276095
210000,train/reward_loss_mean,0.3538761773824692
210000,train/reward_loss_std,0.006029437990914852
210000,train/total_loss_mean,0.07271575956344604
210000,train/total_loss_std,0.0008638327158937539
210000,train/value_loss_mean,0.37297744779586794
210000,train/value_loss_std,0.004590488796118401
210000,train/value_scale_mean,87.77792744750977
210000,train/value_scale_std,0.6380759440193922
210000,timing/collect_chunk_s,59.158654529601336
210000,timing/train_chunk_s,21.19017385924235
210000,dense_rhs/training_bucket_horizon,3.0
210000,system/heartbeat,1.0
211992,episode/return,864.2503051757812
211992,episode/length,500.0
211993,episode/return,865.270263671875
211993,episode/length,500.0
211994,episode/return,864.787353515625
211994,episode/length,500.0
211995,episode/return,864.6469116210938
211995,episode/length,500.0
211996,episode/return,865.2867431640625
211996,episode/length,500.0
211997,episode/return,864.54052734375
211997,episode/length,500.0
211998,episode/return,864.1973266601562
211998,episode/length,500.0
211999,episode/return,863.87646484375
211999,episode/length,500.0
215992,episode/return,865.0073852539062
215992,episode/length,500.0
215993,episode/return,865.23291015625
215993,episode/length,500.0
215994,episode/return,864.96435546875
215994,episode/length,500.0
215995,episode/return,864.9234008789062
215995,episode/length,500.0
215996,episode/return,865.0681762695312
215996,episode/length,500.0
215997,episode/return,864.8465576171875
215997,episode/length,500.0
215998,episode/return,864.654052734375
215998,episode/length,500.0
215999,episode/return,864.9190673828125
215999,episode/length,500.0
219992,episode/return,864.7809448242188
219992,episode/length,500.0
219993,episode/return,865.8313598632812
219993,episode/length,500.0
219994,episode/return,864.8375244140625
219994,episode/length,500.0
219995,episode/return,865.392578125
219995,episode/length,500.0
219996,episode/return,865.867919921875
219996,episode/length,500.0
219997,episode/return,865.646728515625
219997,episode/length,500.0
219998,episode/return,865.563232421875
219998,episode/length,500.0
219999,episode/return,865.6719360351562
219999,episode/length,500.0
220000,train/consistency_loss_mean,1.2903667622595094e-06
220000,train/consistency_loss_std,9.650227312537379e-07
220000,train/continue_loss_mean,0.0
220000,train/continue_loss_std,0.0
220000,train/grad_norm_mean,0.01813173190280795
220000,train/grad_norm_std,0.01686061250140912
220000,train/policy_log_std_mean,-1.979134502506256
220000,train/policy_log_std_std,0.556710949102916
220000,train/policy_loss_mean,-0.9900205980300903
220000,train/policy_loss_std,0.012255263194823387
220000,train/reward_loss_mean,0.3550538015127182
220000,train/reward_loss_std,0.0060155428626857904
220000,train/total_loss_mean,0.07275141193270683
220000,train/total_loss_std,0.0008756560660233729
220000,train/value_loss_mean,0.37220222597122193
220000,train/value_loss_std,0.004725134003403689
220000,train/value_scale_mean,87.5051576965332
220000,train/value_scale_std,0.6291850049712311
220000,timing/collect_chunk_s,62.139848151709884
220000,timing/train_chunk_s,21.19878331478685
220000,dense_rhs/training_bucket_horizon,3.0
220000,system/heartbeat,1.0
223992,episode/return,861.1652221679688
223992,episode/length,500.0
223993,episode/return,861.22216796875
223993,episode/length,500.0
223994,episode/return,861.4830322265625
223994,episode/length,500.0
223995,episode/return,862.1446533203125
223995,episode/length,500.0
223996,episode/return,861.2841186523438
223996,episode/length,500.0
223997,episode/return,860.3984375
223997,episode/length,500.0
223998,episode/return,861.8084106445312
223998,episode/length,500.0
223999,episode/return,861.6346435546875
223999,episode/length,500.0
227992,episode/return,865.1280517578125
227992,episode/length,500.0
227993,episode/return,865.175048828125
227993,episode/length,500.0
227994,episode/return,864.9169311523438
227994,episode/length,500.0
227995,episode/return,864.598388671875
227995,episode/length,500.0
227996,episode/return,864.777587890625
227996,episode/length,500.0
227997,episode/return,864.8814697265625
227997,episode/length,500.0
227998,episode/return,864.7901000976562
227998,episode/length,500.0
227999,episode/return,865.2794189453125
227999,episode/length,500.0
230000,train/consistency_loss_mean,1.3402203310761252e-06
230000,train/consistency_loss_std,1.105258783947562e-06
230000,train/continue_loss_mean,0.0
230000,train/continue_loss_std,0.0
230000,train/grad_norm_mean,0.01901921699270606
230000,train/grad_norm_std,0.01854385420656482
230000,train/policy_log_std_mean,-2.0404110801696778
230000,train/policy_log_std_std,0.5691901678912173
230000,train/policy_loss_mean,-0.9934154881477356
230000,train/policy_loss_std,0.013277741900280608
230000,train/reward_loss_mean,0.3558420652627945
230000,train/reward_loss_std,0.005975083540414021
230000,train/total_loss_mean,0.07293822428584099
230000,train/total_loss_std,0.0008767043064063343
230000,train/value_loss_mean,0.37327211434841157
230000,train/value_loss_std,0.004701462812474382
230000,train/value_scale_mean,87.29648516235352
230000,train/value_scale_std,0.7642907878331997
230000,timing/collect_chunk_s,58.86149609461427
230000,timing/train_chunk_s,21.21546416124329
230000,dense_rhs/training_bucket_horizon,3.0
230000,system/heartbeat,1.0
231992,episode/return,862.0401611328125
231992,episode/length,500.0
231993,episode/return,862.1658935546875
231993,episode/length,500.0
231994,episode/return,861.566650390625
231994,episode/length,500.0
231995,episode/return,861.572998046875
231995,episode/length,500.0
231996,episode/return,861.4076538085938
231996,episode/length,500.0
231997,episode/return,861.777099609375
231997,episode/length,500.0
231998,episode/return,861.8834838867188
231998,episode/length,500.0
231999,episode/return,861.1849365234375
231999,episode/length,500.0
235992,episode/return,865.3349609375
235992,episode/length,500.0
235993,episode/return,865.4473876953125
235993,episode/length,500.0
235994,episode/return,865.66650390625
235994,episode/length,500.0
235995,episode/return,865.5182495117188
235995,episode/length,500.0
235996,episode/return,864.9451904296875
235996,episode/length,500.0
235997,episode/return,865.42041015625
235997,episode/length,500.0
235998,episode/return,865.6544189453125
235998,episode/length,500.0
235999,episode/return,865.4100952148438
235999,episode/length,500.0
239992,episode/return,864.8255004882812
239992,episode/length,500.0
239993,episode/return,865.4519653320312
239993,episode/length,500.0
239994,episode/return,865.129638671875
239994,episode/length,500.0
239995,episode/return,865.0382690429688
239995,episode/length,500.0
239996,episode/return,865.0261840820312
239996,episode/length,500.0
239997,episode/return,864.66455078125
239997,episode/length,500.0
239998,episode/return,864.8146362304688
239998,episode/length,500.0
239999,episode/return,864.898681640625
239999,episode/length,500.0
240000,train/consistency_loss_mean,1.2351743292583707e-06
240000,train/consistency_loss_std,8.784202267014572e-07
240000,train/continue_loss_mean,0.0
240000,train/continue_loss_std,0.0
240000,train/grad_norm_mean,0.017550283593684435
240000,train/grad_norm_std,0.015333127642565439
240000,train/policy_log_std_mean,-2.041848977851868
240000,train/policy_log_std_std,0.5585916909425179
240000,train/policy_loss_mean,-1.0134820459365845
240000,train/policy_loss_std,0.015579012322840253
240000,train/reward_loss_mean,0.3568696604967117
240000,train/reward_loss_std,0.005913960193555651
240000,train/total_loss_mean,0.07317340982556343
240000,train/total_loss_std,0.0008552526185719633
240000,train/value_loss_mean,0.3746173921585083
240000,train/value_loss_std,0.0045130291255236115
240000,train/value_scale_mean,85.84034938354492
240000,train/value_scale_std,0.9198387129352191
240000,timing/collect_chunk_s,59.6728278468363
240000,timing/train_chunk_s,20.89950343919918
240000,dense_rhs/training_bucket_horizon,3.0
240000,system/heartbeat,1.0
243992,episode/return,864.8836059570312
243992,episode/length,500.0
243993,episode/return,865.331298828125
243993,episode/length,500.0
243994,episode/return,865.2159423828125
243994,episode/length,500.0
243995,episode/return,864.6091918945312
243995,episode/length,500.0
243996,episode/return,865.1085205078125
243996,episode/length,500.0
243997,episode/return,865.2411499023438
243997,episode/length,500.0
243998,episode/return,864.9949340820312
243998,episode/length,500.0
243999,episode/return,865.1600952148438
243999,episode/length,500.0
247992,episode/return,865.1688842773438
247992,episode/length,500.0
247993,episode/return,865.00439453125
247993,episode/length,500.0
247994,episode/return,865.4092407226562
247994,episode/length,500.0
247995,episode/return,865.4698486328125
247995,episode/length,500.0
247996,episode/return,865.1231689453125
247996,episode/length,500.0
247997,episode/return,865.516357421875
247997,episode/length,500.0
247998,episode/return,864.8302001953125
247998,episode/length,500.0
247999,episode/return,865.6388549804688
247999,episode/length,500.0
250000,train/consistency_loss_mean,1.2578978323745106e-06
250000,train/consistency_loss_std,1.0406737966862666e-06
250000,train/continue_loss_mean,0.0
250000,train/continue_loss_std,0.0
250000,train/grad_norm_mean,0.016745650850236417
250000,train/grad_norm_std,0.016073212125504062
250000,train/policy_log_std_mean,-2.0648133771896364
250000,train/policy_log_std_std,0.5654033960604389
250000,train/policy_loss_mean,-1.0230327246665956
250000,train/policy_loss_std,0.013378635920364056
250000,train/reward_loss_mean,0.3575217642068863
250000,train/reward_loss_std,0.005851145501330259
250000,train/total_loss_mean,0.07325010610818863
250000,train/total_loss_std,0.0008432532547566126
250000,train/value_loss_mean,0.3747276971817017
250000,train/value_loss_std,0.004579401281967677
250000,train/value_scale_mean,85.19440570068359
250000,train/value_scale_std,0.7789432211057205
250000,timing/collect_chunk_s,64.18426226265728
250000,timing/train_chunk_s,20.646855828817934
250000,dense_rhs/training_bucket_horizon,3.0
250000,system/heartbeat,1.0
250000,timing/checkpoint_blocking_s,0.3987304223701358
250000,eval/return_mean,866.392578125
250000,eval/return_std,0.1879110187292099
250000,eval/return_max,866.875244140625
250000,eval/return_min,866.1006469726562
250000,timing/eval_s,9.247957464307547
250000,eval/selected_horizon,3.0
250000,eval/training_bucket_horizon,3.0
250000,system/heartbeat,1.0
251992,episode/return,863.7135009765625
251992,episode/length,500.0
251993,episode/return,863.2040405273438
251993,episode/length,500.0
251994,episode/return,864.033447265625
251994,episode/length,500.0
251995,episode/return,863.1884765625
251995,episode/length,500.0
251996,episode/return,863.521484375
251996,episode/length,500.0
251997,episode/return,863.4993896484375
251997,episode/length,500.0
251998,episode/return,863.408203125
251998,episode/length,500.0
251999,episode/return,863.6358032226562
251999,episode/length,500.0
255992,episode/return,864.8795166015625
255992,episode/length,500.0
255993,episode/return,865.448974609375
255993,episode/length,500.0
255994,episode/return,865.109375
255994,episode/length,500.0
255995,episode/return,865.5719604492188
255995,episode/length,500.0
255996,episode/return,865.0560913085938
255996,episode/length,500.0
255997,episode/return,865.2737426757812
255997,episode/length,500.0
255998,episode/return,864.6951904296875
255998,episode/length,500.0
255999,episode/return,864.778564453125
255999,episode/length,500.0
259992,episode/return,865.58349609375
259992,episode/length,500.0
259993,episode/return,864.938232421875
259993,episode/length,500.0
259994,episode/return,865.50537109375
259994,episode/length,500.0
259995,episode/return,865.461669921875
259995,episode/length,500.0
259996,episode/return,865.0574951171875
259996,episode/length,500.0
259997,episode/return,865.9769897460938
259997,episode/length,500.0
259998,episode/return,865.5965576171875
259998,episode/length,500.0
259999,episode/return,865.1644287109375
259999,episode/length,500.0
260000,train/consistency_loss_mean,1.1886301033428027e-06
260000,train/consistency_loss_std,8.698589527750735e-07
260000,train/continue_loss_mean,0.0
260000,train/continue_loss_std,0.0
260000,train/grad_norm_mean,0.016748237465322016
260000,train/grad_norm_std,0.015922348875116597
260000,train/policy_log_std_mean,-2.1029037230491636
260000,train/policy_log_std_std,0.5760745895412474
260000,train/policy_loss_mean,-1.0278525547981263
260000,train/policy_loss_std,0.011941073052318629
260000,train/reward_loss_mean,0.3583065800666809
260000,train/reward_loss_std,0.005882214109385884
260000,train/total_loss_mean,0.07337156592011451
260000,train/total_loss_std,0.0008607245485783502
260000,train/value_loss_mean,0.37517133245468137
260000,train/value_loss_std,0.004578667904764411
260000,train/value_scale_mean,84.97139045410157
260000,train/value_scale_std,0.5282584888031518
260000,timing/collect_chunk_s,59.864009394776076
260000,timing/train_chunk_s,20.596180195454508
260000,dense_rhs/training_bucket_horizon,3.0
260000,system/heartbeat,1.0
263992,episode/return,862.2100219726562
263992,episode/length,500.0
263993,episode/return,862.8783569335938
263993,episode/length,500.0
263994,episode/return,861.8478393554688
263994,episode/length,500.0
263995,episode/return,862.0618896484375
263995,episode/length,500.0
263996,episode/return,861.8726806640625
263996,episode/length,500.0
263997,episode/return,861.0427856445312
263997,episode/length,500.0
263998,episode/return,862.0248413085938
263998,episode/length,500.0
263999,episode/return,861.8626708984375
263999,episode/length,500.0
267992,episode/return,865.02734375
267992,episode/length,500.0
267993,episode/return,864.644775390625
267993,episode/length,500.0
267994,episode/return,865.39111328125
267994,episode/length,500.0
267995,episode/return,865.1800537109375
267995,episode/length,500.0
267996,episode/return,864.5640258789062
267996,episode/length,500.0
267997,episode/return,864.8811645507812
267997,episode/length,500.0
267998,episode/return,864.5908203125
267998,episode/length,500.0
267999,episode/return,864.8109741210938
267999,episode/length,500.0
270000,train/consistency_loss_mean,1.078656759682417e-06
270000,train/consistency_loss_std,8.594032782986802e-07
270000,train/continue_loss_mean,0.0
270000,train/continue_loss_std,0.0
270000,train/grad_norm_mean,0.015490966207534075
270000,train/grad_norm_std,0.01552107261454301
270000,train/policy_log_std_mean,-2.01955321559906
270000,train/policy_log_std_std,0.5375084683688321
270000,train/policy_loss_mean,-1.0304634356498719
270000,train/policy_loss_std,0.011630221623851474
270000,train/reward_loss_mean,0.35893939199447633
270000,train/reward_loss_std,0.005730832871925293
270000,train/total_loss_mean,0.0734294565796852
270000,train/total_loss_std,0.0008376965756807761
270000,train/value_loss_mean,0.37513942074775697
270000,train/value_loss_std,0.004546925508699904
270000,train/value_scale_mean,84.79249840087891
270000,train/value_scale_std,0.5069001375489414
270000,timing/collect_chunk_s,64.20470891380683
270000,timing/train_chunk_s,20.664501488674432
270000,dense_rhs/training_bucket_horizon,3.0
270000,system/heartbeat,1.0
271992,episode/return,864.1890258789062
271992,episode/length,500.0
271993,episode/return,864.3207397460938
271993,episode/length,500.0
271994,episode/return,864.5294799804688
271994,episode/length,500.0
271995,episode/return,864.3453979492188
271995,episode/length,500.0
271996,episode/return,864.2555541992188
271996,episode/length,500.0
271997,episode/return,864.50146484375
271997,episode/length,500.0
271998,episode/return,864.789306640625
271998,episode/length,500.0
271999,episode/return,863.952880859375
271999,episode/length,500.0
275992,episode/return,865.474609375
275992,episode/length,500.0
275993,episode/return,865.2863159179688
275993,episode/length,500.0
275994,episode/return,865.463623046875
275994,episode/length,500.0
275995,episode/return,865.3997802734375
275995,episode/length,500.0
275996,episode/return,865.5656127929688
275996,episode/length,500.0
275997,episode/return,865.8932495117188
275997,episode/length,500.0
275998,episode/return,865.329833984375
275998,episode/length,500.0
275999,episode/return,865.7568969726562
275999,episode/length,500.0
279992,episode/return,863.3440551757812
279992,episode/length,500.0
279993,episode/return,863.6798095703125
279993,episode/length,500.0
279994,episode/return,864.0997924804688
279994,episode/length,500.0
279995,episode/return,863.104736328125
279995,episode/length,500.0
279996,episode/return,864.0921020507812
279996,episode/length,500.0
279997,episode/return,863.7882080078125
279997,episode/length,500.0
279998,episode/return,863.2814331054688
279998,episode/length,500.0
279999,episode/return,863.5066528320312
279999,episode/length,500.0
280000,train/consistency_loss_mean,1.1274358579839827e-06
280000,train/consistency_loss_std,9.300272366630428e-07
280000,train/continue_loss_mean,0.0
280000,train/continue_loss_std,0.0
280000,train/grad_norm_mean,0.016501600622385742
280000,train/grad_norm_std,0.018144584857202228
280000,train/policy_log_std_mean,-2.029238069629669
280000,train/policy_log_std_std,0.5635003879006778
280000,train/policy_loss_mean,-1.039619416332245
280000,train/policy_loss_std,0.012828336730504541
280000,train/reward_loss_mean,0.3596051073789597
280000,train/reward_loss_std,0.0057205617873829755
280000,train/total_loss_mean,0.07364795891046524
280000,train/total_loss_std,0.000832030952178654
280000,train/value_loss_mean,0.37664897952079773
280000,train/value_loss_std,0.004510324175809707
280000,train/value_scale_mean,84.27498825073242
280000,train/value_scale_std,0.6370417064746898
280000,timing/collect_chunk_s,60.2086091269739
280000,timing/train_chunk_s,20.680763737298548
280000,dense_rhs/training_bucket_horizon,3.0
280000,system/heartbeat,1.0
283992,episode/return,866.727783203125
283992,episode/length,500.0
283993,episode/return,866.2030639648438
283993,episode/length,500.0
283994,episode/return,866.3695068359375
283994,episode/length,500.0
283995,episode/return,866.3970947265625
283995,episode/length,500.0
283996,episode/return,866.5950927734375
283996,episode/length,500.0
283997,episode/return,866.1333618164062
283997,episode/length,500.0
283998,episode/return,866.504638671875
283998,episode/length,500.0
283999,episode/return,866.0003051757812
283999,episode/length,500.0
287992,episode/return,862.4437255859375
287992,episode/length,500.0
287993,episode/return,863.6581420898438
287993,episode/length,500.0
287994,episode/return,862.6725463867188
287994,episode/length,500.0
287995,episode/return,862.8873901367188
287995,episode/length,500.0
287996,episode/return,862.7025756835938
287996,episode/length,500.0
287997,episode/return,862.2942504882812
287997,episode/length,500.0
287998,episode/return,862.700927734375
287998,episode/length,500.0
287999,episode/return,862.3085327148438
287999,episode/length,500.0
290000,train/consistency_loss_mean,1.0478179250640097e-06
290000,train/consistency_loss_std,8.456175715373918e-07
290000,train/continue_loss_mean,0.0
290000,train/continue_loss_std,0.0
290000,train/grad_norm_mean,0.0152665972776711
290000,train/grad_norm_std,0.01461781402513349
290000,train/policy_log_std_mean,-2.0163187650680543
290000,train/policy_log_std_std,0.5274970223728462
290000,train/policy_loss_mean,-1.0533467435836792
290000,train/policy_loss_std,0.0139933883361533
290000,train/reward_loss_mean,0.36021290814876555
290000,train/reward_loss_std,0.0057620568687167945
290000,train/total_loss_mean,0.07368924329280853
290000,train/total_loss_std,0.0008278262557818025
290000,train/value_loss_mean,0.37646994321346283
290000,train/value_loss_std,0.0044052103783552244
290000,train/value_scale_mean,83.09556923828124
290000,train/value_scale_std,0.7640986808868496
290000,timing/collect_chunk_s,60.4772413126193
290000,timing/train_chunk_s,20.69364858791232
290000,dense_rhs/training_bucket_horizon,3.0
290000,system/heartbeat,1.0
291992,episode/return,861.7947998046875
291992,episode/length,500.0
291993,episode/return,860.8629150390625
291993,episode/length,500.0
291994,episode/return,861.3638916015625
291994,episode/length,500.0
291995,episode/return,861.6650390625
291995,episode/length,500.0
291996,episode/return,861.106689453125
291996,episode/length,500.0
291997,episode/return,861.6904296875
291997,episode/length,500.0
291998,episode/return,860.4747314453125
291998,episode/length,500.0
291999,episode/return,860.7805786132812
291999,episode/length,500.0
295992,episode/return,865.5971069335938
295992,episode/length,500.0
295993,episode/return,865.264404296875
295993,episode/length,500.0
295994,episode/return,865.6835327148438
295994,episode/length,500.0
295995,episode/return,865.5305786132812
295995,episode/length,500.0
295996,episode/return,865.6064453125
295996,episode/length,500.0
295997,episode/return,866.153564453125
295997,episode/length,500.0
295998,episode/return,865.6216430664062
295998,episode/length,500.0
295999,episode/return,865.0933227539062
295999,episode/length,500.0
299992,episode/return,864.0864868164062
299992,episode/length,500.0
299993,episode/return,861.1574096679688
299993,episode/length,500.0
299994,episode/return,862.8550415039062
299994,episode/length,500.0
299995,episode/return,861.611083984375
299995,episode/length,500.0
299996,episode/return,862.341064453125
299996,episode/length,500.0
299997,episode/return,862.184814453125
299997,episode/length,500.0
299998,episode/return,864.7196044921875
299998,episode/length,500.0
299999,episode/return,862.6121215820312
299999,episode/length,500.0
300000,train/consistency_loss_mean,1.1236899033292502e-06
300000,train/consistency_loss_std,1.2080842171059695e-06
300000,train/continue_loss_mean,0.0
300000,train/continue_loss_std,0.0
300000,train/grad_norm_mean,0.015907841517403723
300000,train/grad_norm_std,0.023898840777567962
300000,train/policy_log_std_mean,-2.083238885498047
300000,train/policy_log_std_std,0.531713519589667
300000,train/policy_loss_mean,-1.0537626021385194
300000,train/policy_loss_std,0.015852361809410433
300000,train/reward_loss_mean,0.36081293678283693
300000,train/reward_loss_std,0.0057059356076329185
300000,train/total_loss_mean,0.07378773705363273
300000,train/total_loss_std,0.0008384694521773562
300000,train/value_loss_mean,0.37683968133926393
300000,train/value_loss_std,0.004536636899205834
300000,train/value_scale_mean,83.22207073364258
300000,train/value_scale_std,0.9246637014831207
300000,timing/collect_chunk_s,64.8252664366737
300000,timing/train_chunk_s,20.64139313530177
300000,dense_rhs/training_bucket_horizon,3.0
300000,system/heartbeat,1.0
300000,timing/checkpoint_blocking_s,0.4104698821902275
300000,eval/return_mean,867.404296875
300000,eval/return_std,0.2845390737056732
300000,eval/return_max,867.9765625
300000,eval/return_min,866.9669799804688
300000,timing/eval_s,9.355148604605347
300000,eval/selected_horizon,3.0
300000,eval/training_bucket_horizon,3.0
300000,system/heartbeat,1.0
303992,episode/return,865.8072509765625
303992,episode/length,500.0
303993,episode/return,866.1256103515625
303993,episode/length,500.0
303994,episode/return,866.4149780273438
303994,episode/length,500.0
303995,episode/return,866.0159301757812
303995,episode/length,500.0
303996,episode/return,866.3744506835938
303996,episode/length,500.0
303997,episode/return,866.3051147460938
303997,episode/length,500.0
303998,episode/return,866.1188354492188
303998,episode/length,500.0
303999,episode/return,865.9946899414062
303999,episode/length,500.0
307992,episode/return,863.8157958984375
307992,episode/length,500.0
307993,episode/return,863.7499389648438
307993,episode/length,500.0
307994,episode/return,864.1533813476562
307994,episode/length,500.0
307995,episode/return,864.1532592773438
307995,episode/length,500.0
307996,episode/return,864.2015380859375
307996,episode/length,500.0
307997,episode/return,864.2715454101562
307997,episode/length,500.0
307998,episode/return,865.2105712890625
307998,episode/length,500.0
307999,episode/return,864.5281372070312
307999,episode/length,500.0
310000,train/consistency_loss_mean,1.0310828003184724e-06
310000,train/consistency_loss_std,7.534309422434791e-07
310000,train/continue_loss_mean,0.0
310000,train/continue_loss_std,0.0
310000,train/grad_norm_mean,0.015427562572434545
310000,train/grad_norm_std,0.016449854451040854
310000,train/policy_log_std_mean,-2.0788176110267638
310000,train/policy_log_std_std,0.5414795020257294
310000,train/policy_loss_mean,-1.057989723777771
310000,train/policy_loss_std,0.012444585868084156
310000,train/reward_loss_mean,0.36117603220939637
310000,train/reward_loss_std,0.005694880517161256
310000,train/total_loss_mean,0.07378586015701294
310000,train/total_loss_std,0.0008375638337737178
310000,train/value_loss_mean,0.3764763289928436
310000,train/value_loss_std,0.0044519982786297915
310000,train/value_scale_mean,82.78285966186523
310000,train/value_scale_std,0.5418030092209231
310000,timing/collect_chunk_s,59.868275026325136
310000,timing/train_chunk_s,20.58485032990575
310000,dense_rhs/training_bucket_horizon,3.0
310000,system/heartbeat,1.0
311992,episode/return,865.24951171875
311992,episode/length,500.0
311993,episode/return,865.7333984375
311993,episode/length,500.0
311994,episode/return,865.4046020507812
311994,episode/length,500.0
311995,episode/return,865.8150634765625
311995,episode/length,500.0
311996,episode/return,865.8130493164062
311996,episode/length,500.0
311997,episode/return,865.5625
311997,episode/length,500.0
311998,episode/return,866.2030639648438
311998,episode/length,500.0
311999,episode/return,865.780517578125
311999,episode/length,500.0
315992,episode/return,864.026611328125
315992,episode/length,500.0
315993,episode/return,863.5348510742188
315993,episode/length,500.0
315994,episode/return,863.3087158203125
315994,episode/length,500.0
315995,episode/return,863.5682983398438
315995,episode/length,500.0
315996,episode/return,863.1915893554688
315996,episode/length,500.0
315997,episode/return,863.8384399414062
315997,episode/length,500.0
315998,episode/return,863.3226318359375
315998,episode/length,500.0
315999,episode/return,863.8782958984375
315999,episode/length,500.0
319992,episode/return,864.3047485351562
319992,episode/length,500.0
319993,episode/return,865.1112670898438
319993,episode/length,500.0
319994,episode/return,865.3167114257812
319994,episode/length,500.0
319995,episode/return,865.65380859375
319995,episode/length,500.0
319996,episode/return,865.2086791992188
319996,episode/length,500.0
319997,episode/return,865.1243896484375
319997,episode/length,500.0
319998,episode/return,865.3563232421875
319998,episode/length,500.0
319999,episode/return,864.6203002929688
319999,episode/length,500.0
320000,train/consistency_loss_mean,1.4295260943981703e-06
320000,train/consistency_loss_std,1.085624894041698e-06
320000,train/continue_loss_mean,0.0
320000,train/continue_loss_std,0.0
320000,train/grad_norm_mean,0.01693057347238064
320000,train/grad_norm_std,0.017163406038490474
320000,train/policy_log_std_mean,-2.0782891132354737
320000,train/policy_log_std_std,0.5400584279752505
320000,train/policy_loss_mean,-1.0732108762741088
320000,train/policy_loss_std,0.01892087956855021
320000,train/reward_loss_mean,0.3617484564304352
320000,train/reward_loss_std,0.00563104046012817
320000,train/total_loss_mean,0.07394078885912896
320000,train/total_loss_std,0.0008493557278251972
320000,train/value_loss_mean,0.3773735045194626
320000,train/value_loss_std,0.004861556860318459
320000,train/value_scale_mean,81.72102192993164
320000,train/value_scale_std,1.1657011206277437
320000,timing/collect_chunk_s,60.30582085438073
320000,timing/train_chunk_s,20.578339954372495
320000,dense_rhs/training_bucket_horizon,3.0
320000,system/heartbeat,1.0
323992,episode/return,863.8722534179688
323992,episode/length,500.0
323993,episode/return,864.1581420898438
323993,episode/length,500.0
323994,episode/return,864.7797241210938
323994,episode/length,500.0
323995,episode/return,863.7353515625
323995,episode/length,500.0
323996,episode/return,863.7431030273438
323996,episode/length,500.0
323997,episode/return,864.7664184570312
323997,episode/length,500.0
323998,episode/return,863.7864379882812
323998,episode/length,500.0
323999,episode/return,864.2073364257812
323999,episode/length,500.0
327992,episode/return,866.0643920898438
327992,episode/length,500.0
327993,episode/return,865.7960815429688
327993,episode/length,500.0
327994,episode/return,866.0896606445312
327994,episode/length,500.0
327995,episode/return,865.989501953125
327995,episode/length,500.0
327996,episode/return,866.298095703125
327996,episode/length,500.0
327997,episode/return,865.4973754882812
327997,episode/length,500.0
327998,episode/return,865.1489868164062
327998,episode/length,500.0
327999,episode/return,865.7160034179688
327999,episode/length,500.0
330000,train/consistency_loss_mean,9.976159156849462e-07
330000,train/consistency_loss_std,7.904101720355222e-07
330000,train/continue_loss_mean,0.0
330000,train/continue_loss_std,0.0
330000,train/grad_norm_mean,0.013758675723150373
330000,train/grad_norm_std,0.011996055949480798
330000,train/policy_log_std_mean,-2.065182044315338
330000,train/policy_log_std_std,0.5345248166497961
330000,train/policy_loss_mean,-1.0576859904289246
330000,train/policy_loss_std,0.012600454687729986
330000,train/reward_loss_mean,0.36219587936401365
330000,train/reward_loss_std,0.005587951969204261
330000,train/total_loss_mean,0.07392735493779183
330000,train/total_loss_std,0.0008231881632082609
330000,train/value_loss_mean,0.37687813491821287
330000,train/value_loss_std,0.004406676759539395
330000,train/value_scale_mean,82.77123132934571
330000,train/value_scale_std,0.5936402573862152
330000,timing/collect_chunk_s,64.73066996596754
330000,timing/train_chunk_s,20.58256210014224
330000,dense_rhs/training_bucket_horizon,3.0
330000,system/heartbeat,1.0
331992,episode/return,863.8045654296875
331992,episode/length,500.0
331993,episode/return,864.3165283203125
331993,episode/length,500.0
331994,episode/return,863.661865234375
331994,episode/length,500.0
331995,episode/return,863.6541137695312
331995,episode/length,500.0
331996,episode/return,863.5247802734375
331996,episode/length,500.0
331997,episode/return,863.4116821289062
331997,episode/length,500.0
331998,episode/return,863.690185546875
331998,episode/length,500.0
331999,episode/return,864.1715698242188
331999,episode/length,500.0
335992,episode/return,866.7658081054688
335992,episode/length,500.0
335993,episode/return,866.404541015625
335993,episode/length,500.0
335994,episode/return,866.245849609375
335994,episode/length,500.0
335995,episode/return,866.4522705078125
335995,episode/length,500.0
335996,episode/return,866.4605102539062
335996,episode/length,500.0
335997,episode/return,865.990478515625
335997,episode/length,500.0
335998,episode/return,866.4512939453125
335998,episode/length,500.0
335999,episode/return,866.1767578125
335999,episode/length,500.0
339992,episode/return,865.6550903320312
339992,episode/length,500.0
339993,episode/return,866.5177612304688
339993,episode/length,500.0
339994,episode/return,866.2850952148438
339994,episode/length,500.0
339995,episode/return,866.304443359375
339995,episode/length,500.0
339996,episode/return,865.5469970703125
339996,episode/length,500.0
339997,episode/return,866.2362670898438
339997,episode/length,500.0
339998,episode/return,865.9205322265625
339998,episode/length,500.0
339999,episode/return,866.1828002929688
339999,episode/length,500.0
340000,train/consistency_loss_mean,9.287640538332198e-07
340000,train/consistency_loss_std,7.187522443461814e-07
340000,train/continue_loss_mean,0.0
340000,train/continue_loss_std,0.0
340000,train/grad_norm_mean,0.013435937036201358
340000,train/grad_norm_std,0.015109893901306796
340000,train/policy_log_std_mean,-2.0557454387664795
340000,train/policy_log_std_std,0.5460455791015898
340000,train/policy_loss_mean,-1.0653767824172973
340000,train/policy_loss_std,0.01201124589860442
340000,train/reward_loss_mean,0.36273332633972166
340000,train/reward_loss_std,0.005509300239596428
340000,train/total_loss_mean,0.07407932511568069
340000,train/total_loss_std,0.0008077387322259378
340000,train/value_loss_mean,0.3778741485357284
340000,train/value_loss_std,0.004327958828439379
340000,train/value_scale_mean,82.37589717407226
340000,train/value_scale_std,0.5209527039933427
340000,timing/collect_chunk_s,59.36042978754267
340000,timing/train_chunk_s,20.64941947022453
340000,dense_rhs/training_bucket_horizon,3.0
340000,system/heartbeat,1.0
343992,episode/return,864.6954345703125
343992,episode/length,500.0
343993,episode/return,864.295654296875
343993,episode/length,500.0
343994,episode/return,864.5296020507812
343994,episode/length,500.0
343995,episode/return,864.7318725585938
343995,episode/length,500.0
343996,episode/return,864.543701171875
343996,episode/length,500.0
343997,episode/return,864.7413940429688
343997,episode/length,500.0
343998,episode/return,864.2977905273438
343998,episode/length,500.0
343999,episode/return,864.3413696289062
343999,episode/length,500.0
347992,episode/return,865.1795654296875
347992,episode/length,500.0
347993,episode/return,865.2576904296875
347993,episode/length,500.0
347994,episode/return,864.9395141601562
347994,episode/length,500.0
347995,episode/return,865.1768188476562
347995,episode/length,500.0
347996,episode/return,865.4004516601562
347996,episode/length,500.0
347997,episode/return,865.65576171875
347997,episode/length,500.0
347998,episode/return,864.7994995117188
347998,episode/length,500.0
347999,episode/return,865.020263671875
347999,episode/length,500.0
350000,train/consistency_loss_mean,9.34231777137029e-07
350000,train/consistency_loss_std,7.161856922035508e-07
350000,train/continue_loss_mean,0.0
350000,train/continue_loss_std,0.0
350000,train/grad_norm_mean,0.012861796462908387
350000,train/grad_norm_std,0.012734825425228536
350000,train/policy_log_std_mean,-2.1273350282669066
350000,train/policy_log_std_std,0.5404627857959274
350000,train/policy_loss_mean,-1.0824977167129517
350000,train/policy_loss_std,0.012256409409859398
350000,train/reward_loss_mean,0.3630090624809265
350000,train/reward_loss_std,0.00556741781532431
350000,train/total_loss_mean,0.0741454089164734
350000,train/total_loss_std,0.0008005570088977981
350000,train/value_loss_mean,0.37825816395282746
350000,train/value_loss_std,0.0042327714480530475
350000,train/value_scale_mean,81.25048742675781
350000,train/value_scale_std,0.5143400126815462
350000,timing/collect_chunk_s,59.73354049958289
350000,timing/train_chunk_s,20.588081841822714
350000,dense_rhs/training_bucket_horizon,3.0
350000,system/heartbeat,1.0
350000,timing/checkpoint_blocking_s,0.4204919021576643
350000,eval/return_mean,867.1720581054688
350000,eval/return_std,0.2211792916059494
350000,eval/return_max,867.573486328125
350000,eval/return_min,866.623046875
350000,timing/eval_s,9.332169780042022
350000,eval/selected_horizon,3.0
350000,eval/training_bucket_horizon,3.0
350000,system/heartbeat,1.0
351992,episode/return,866.1583862304688
351992,episode/length,500.0
351993,episode/return,866.5787353515625
351993,episode/length,500.0
351994,episode/return,866.06640625
351994,episode/length,500.0
351995,episode/return,866.9629516601562
351995,episode/length,500.0
351996,episode/return,866.52978515625
351996,episode/length,500.0
351997,episode/return,866.2530517578125
351997,episode/length,500.0
351998,episode/return,866.4486694335938
351998,episode/length,500.0
351999,episode/return,866.3344116210938
351999,episode/length,500.0
355992,episode/return,866.157958984375
355992,episode/length,500.0
355993,episode/return,866.0902099609375
355993,episode/length,500.0
355994,episode/return,866.4793701171875
355994,episode/length,500.0
355995,episode/return,865.85009765625
355995,episode/length,500.0
355996,episode/return,866.9635009765625
355996,episode/length,500.0
355997,episode/return,866.075439453125
355997,episode/length,500.0
355998,episode/return,866.6332397460938
355998,episode/length,500.0
355999,episode/return,866.1151733398438
355999,episode/length,500.0
359992,episode/return,866.32568359375
359992,episode/length,500.0
359993,episode/return,866.0795288085938
359993,episode/length,500.0
359994,episode/return,866.1207885742188
359994,episode/length,500.0
359995,episode/return,865.9176025390625
359995,episode/length,500.0
359996,episode/return,865.8729248046875
359996,episode/length,500.0
359997,episode/return,866.11279296875
359997,episode/length,500.0
359998,episode/return,866.0999755859375
359998,episode/length,500.0
359999,episode/return,865.93359375
359999,episode/length,500.0
360000,train/consistency_loss_mean,8.538160029274877e-07
360000,train/consistency_loss_std,6.492010430811709e-07
360000,train/continue_loss_mean,0.0
360000,train/continue_loss_std,0.0
360000,train/grad_norm_mean,0.012411640246212483
360000,train/grad_norm_std,0.009932260716007295
360000,train/policy_log_std_mean,-1.9836569254875183
360000,train/policy_log_std_std,0.48073876755127853
360000,train/policy_loss_mean,-1.086646099948883
360000,train/policy_loss_std,0.013915158219231439
360000,train/reward_loss_mean,0.3635173448562622
360000,train/reward_loss_std,0.005495341907011945
360000,train/total_loss_mean,0.0742354930639267
360000,train/total_loss_std,0.0008032335540069638
360000,train/value_loss_mean,0.3786668093442917
360000,train/value_loss_std,0.0042989538342948445
360000,train/value_scale_mean,80.98707458496094
360000,train/value_scale_std,0.7121102100271113
360000,timing/collect_chunk_s,59.10853242967278
360000,timing/train_chunk_s,20.599288647063076
360000,dense_rhs/training_bucket_horizon,3.0
360000,system/heartbeat,1.0
363992,episode/return,865.882568359375
363992,episode/length,500.0
363993,episode/return,865.51220703125
363993,episode/length,500.0
363994,episode/return,865.6771850585938
363994,episode/length,500.0
363995,episode/return,865.6474609375
363995,episode/length,500.0
363996,episode/return,865.948486328125
363996,episode/length,500.0
363997,episode/return,865.5353393554688
363997,episode/length,500.0
363998,episode/return,865.3869018554688
363998,episode/length,500.0
363999,episode/return,865.58837890625
363999,episode/length,500.0
367992,episode/return,864.0910034179688
367992,episode/length,500.0
367993,episode/return,863.23291015625
367993,episode/length,500.0
367994,episode/return,863.869384765625
367994,episode/length,500.0
367995,episode/return,863.41162109375
367995,episode/length,500.0
367996,episode/return,863.50341796875
367996,episode/length,500.0
367997,episode/return,862.9865112304688
367997,episode/length,500.0
367998,episode/return,864.2245483398438
367998,episode/length,500.0
367999,episode/return,863.8721923828125
367999,episode/length,500.0
370000,train/consistency_loss_mean,8.983425652331789e-07
370000,train/consistency_loss_std,7.268848344333465e-07
370000,train/continue_loss_mean,0.0
370000,train/continue_loss_std,0.0
370000,train/grad_norm_mean,0.012925324012711644
370000,train/grad_norm_std,0.013042556304639545
370000,train/policy_log_std_mean,-2.0229850935935976
370000,train/policy_log_std_std,0.49961853626528535
370000,train/policy_loss_mean,-1.0941663736343383
370000,train/policy_loss_std,0.013005778716361403
370000,train/reward_loss_mean,0.36373289365768435
370000,train/reward_loss_std,0.005530213935361255
370000,train/total_loss_mean,0.07425759910941124
370000,train/total_loss_std,0.0008016056385703747
370000,train/value_loss_mean,0.37866341145038607
370000,train/value_loss_std,0.004254045640271316
370000,train/value_scale_mean,80.39017746582032
370000,train/value_scale_std,0.614305869592291
370000,timing/collect_chunk_s,67.67077054921538
370000,timing/train_chunk_s,20.68702272279188
370000,dense_rhs/training_bucket_horizon,3.0
370000,system/heartbeat,1.0
371992,episode/return,866.3111572265625
371992,episode/length,500.0
371993,episode/return,866.63818359375
371993,episode/length,500.0
371994,episode/return,866.7219848632812
371994,episode/length,500.0
371995,episode/return,866.1190795898438
371995,episode/length,500.0
371996,episode/return,866.6849975585938
371996,episode/length,500.0
371997,episode/return,866.2390747070312
371997,episode/length,500.0
371998,episode/return,866.217529296875
371998,episode/length,500.0
371999,episode/return,866.8985595703125
371999,episode/length,500.0
375992,episode/return,864.981201171875
375992,episode/length,500.0
375993,episode/return,865.3284301757812
375993,episode/length,500.0
375994,episode/return,865.2733764648438
375994,episode/length,500.0
375995,episode/return,865.3601684570312
375995,episode/length,500.0
375996,episode/return,865.2755737304688
375996,episode/length,500.0
375997,episode/return,865.6690063476562
375997,episode/length,500.0
375998,episode/return,865.5559692382812
375998,episode/length,500.0
375999,episode/return,865.5960693359375
375999,episode/length,500.0
379992,episode/return,865.0106201171875
379992,episode/length,500.0
379993,episode/return,865.6934204101562
379993,episode/length,500.0
379994,episode/return,865.0728149414062
379994,episode/length,500.0
379995,episode/return,865.4231567382812
379995,episode/length,500.0
379996,episode/return,865.3799438476562
379996,episode/length,500.0
379997,episode/return,865.14501953125
379997,episode/length,500.0
379998,episode/return,865.2876586914062
379998,episode/length,500.0
379999,episode/return,865.5
379999,episode/length,500.0
380000,train/consistency_loss_mean,8.763271335737954e-07
380000,train/consistency_loss_std,7.961058841842338e-07
380000,train/continue_loss_mean,0.0
380000,train/continue_loss_std,0.0
380000,train/grad_norm_mean,0.013097355778887867
380000,train/grad_norm_std,0.016203320439971185
380000,train/policy_log_std_mean,-2.0782471223831176
380000,train/policy_log_std_std,0.5113131557623292
380000,train/policy_loss_mean,-1.0861025775909423
380000,train/policy_loss_std,0.012943162864197933
380000,train/reward_loss_mean,0.3639484955072403
380000,train/reward_loss_std,0.0055158214094554285
380000,train/total_loss_mean,0.0742786976158619
380000,train/total_loss_std,0.0008064410342187381
380000,train/value_loss_mean,0.37866319699287415
380000,train/value_loss_std,0.004274091023226707
380000,train/value_scale_mean,81.00830191650391
380000,train/value_scale_std,0.5955491647830057
380000,timing/collect_chunk_s,60.04983549565077
380000,timing/train_chunk_s,20.675414573866874
380000,dense_rhs/training_bucket_horizon,3.0
380000,system/heartbeat,1.0
383992,episode/return,865.36474609375
383992,episode/length,500.0
383993,episode/return,866.0270385742188
383993,episode/length,500.0
383994,episode/return,865.7388916015625
383994,episode/length,500.0
383995,episode/return,865.0130004882812
383995,episode/length,500.0
383996,episode/return,865.6320190429688
383996,episode/length,500.0
383997,episode/return,866.1775512695312
383997,episode/length,500.0
383998,episode/return,866.0934448242188
383998,episode/length,500.0
383999,episode/return,865.3458251953125
383999,episode/length,500.0
387992,episode/return,864.3934326171875
387992,episode/length,500.0
387993,episode/return,864.5621948242188
387993,episode/length,500.0
387994,episode/return,864.4266967773438
387994,episode/length,500.0
387995,episode/return,864.366943359375
387995,episode/length,500.0
387996,episode/return,864.1803588867188
387996,episode/length,500.0
387997,episode/return,864.0048828125
387997,episode/length,500.0
387998,episode/return,864.0399169921875
387998,episode/length,500.0
387999,episode/return,864.3397216796875
387999,episode/length,500.0
390000,train/consistency_loss_mean,9.201840590776555e-07
390000,train/consistency_loss_std,7.444799088484112e-07
390000,train/continue_loss_mean,0.0
390000,train/continue_loss_std,0.0
390000,train/grad_norm_mean,0.01351805270165205
390000,train/grad_norm_std,0.017220859501754286
390000,train/policy_log_std_mean,-2.0316691102027895
390000,train/policy_log_std_std,0.5240013038675903
390000,train/policy_loss_mean,-1.1073271550178527
390000,train/policy_loss_std,0.016825562855269576
390000,train/reward_loss_mean,0.3644158301830292
390000,train/reward_loss_std,0.005461295565751892
390000,train/total_loss_mean,0.0744113403081894
390000,train/total_loss_std,0.0007932236625925812
390000,train/value_loss_mean,0.3795135225296021
390000,train/value_loss_std,0.004248567918683907
390000,train/value_scale_mean,79.62776796264649
390000,train/value_scale_std,1.012495056805074
390000,timing/collect_chunk_s,58.92198526952416
390000,timing/train_chunk_s,20.637366684153676
390000,dense_rhs/training_bucket_horizon,3.0
390000,system/heartbeat,1.0
391992,episode/return,866.7313842773438
391992,episode/length,500.0
391993,episode/return,865.5971069335938
391993,episode/length,500.0
391994,episode/return,865.4518432617188
391994,episode/length,500.0
391995,episode/return,865.71435546875
391995,episode/length,500.0
391996,episode/return,866.1018676757812
391996,episode/length,500.0
391997,episode/return,865.8770751953125
391997,episode/length,500.0
391998,episode/return,866.2599487304688
391998,episode/length,500.0
391999,episode/return,866.1290283203125
391999,episode/length,500.0
395992,episode/return,866.2665405273438
395992,episode/length,500.0
395993,episode/return,865.7884521484375
395993,episode/length,500.0
395994,episode/return,866.2130737304688
395994,episode/length,500.0
395995,episode/return,866.4589233398438
395995,episode/length,500.0
395996,episode/return,865.8670043945312
395996,episode/length,500.0
395997,episode/return,865.8158569335938
395997,episode/length,500.0
395998,episode/return,865.91845703125
395998,episode/length,500.0
395999,episode/return,865.9091796875
395999,episode/length,500.0
399992,episode/return,865.6658325195312
399992,episode/length,500.0
399993,episode/return,865.6889038085938
399993,episode/length,500.0
399994,episode/return,865.4091796875
399994,episode/length,500.0
399995,episode/return,865.8208618164062
399995,episode/length,500.0
399996,episode/return,865.2457885742188
399996,episode/length,500.0
399997,episode/return,865.4178466796875
399997,episode/length,500.0
399998,episode/return,865.0221557617188
399998,episode/length,500.0
399999,episode/return,865.2242431640625
399999,episode/length,500.0
400000,train/consistency_loss_mean,8.152953819035247e-07
400000,train/consistency_loss_std,6.735287686583325e-07
400000,train/continue_loss_mean,0.0
400000,train/continue_loss_std,0.0
400000,train/grad_norm_mean,0.01279040919430554
400000,train/grad_norm_std,0.015163937123645485
400000,train/policy_log_std_mean,-2.0487375074386596
400000,train/policy_log_std_std,0.5120764194505686
400000,train/policy_loss_mean,-1.105459993648529
400000,train/policy_loss_std,0.013872385154794935
400000,train/reward_loss_mean,0.36471786749362944
400000,train/reward_loss_std,0.0054539600080522116
400000,train/total_loss_mean,0.07439532580375671
400000,train/total_loss_std,0.0007830300247621604
400000,train/value_loss_mean,0.3790723152399063
400000,train/value_loss_std,0.004167572148843106
400000,train/value_scale_mean,79.69930882568359
400000,train/value_scale_std,0.6806055246533832
400000,timing/collect_chunk_s,60.818262530025095
400000,timing/train_chunk_s,20.6918833325617
400000,dense_rhs/training_bucket_horizon,3.0
400000,system/heartbeat,1.0
400000,timing/checkpoint_blocking_s,8.009159536100924
400000,eval/return_mean,867.2076416015625
400000,eval/return_std,0.2447240650653839
400000,eval/return_max,867.6975708007812
400000,eval/return_min,866.5971069335938
400000,timing/eval_s,9.338603314012289
400000,eval/selected_horizon,3.0
400000,eval/training_bucket_horizon,3.0
400000,system/heartbeat,1.0
403992,episode/return,865.6951904296875
403992,episode/length,500.0
403993,episode/return,865.4990234375
403993,episode/length,500.0
403994,episode/return,865.3273315429688
403994,episode/length,500.0
403995,episode/return,865.6692504882812
403995,episode/length,500.0
403996,episode/return,866.026611328125
403996,episode/length,500.0
403997,episode/return,865.8103637695312
403997,episode/length,500.0
403998,episode/return,865.755615234375
403998,episode/length,500.0
403999,episode/return,865.982666015625
403999,episode/length,500.0
407992,episode/return,864.3767700195312
407992,episode/length,500.0
407993,episode/return,864.723388671875
407993,episode/length,500.0
407994,episode/return,864.221435546875
407994,episode/length,500.0
407995,episode/return,864.3373413085938
407995,episode/length,500.0
407996,episode/return,864.0863647460938
407996,episode/length,500.0
407997,episode/return,865.000244140625
407997,episode/length,500.0
407998,episode/return,864.711181640625
407998,episode/length,500.0
407999,episode/return,865.3652954101562
407999,episode/length,500.0
410000,train/consistency_loss_mean,8.017495410285846e-07
410000,train/consistency_loss_std,6.503487985040783e-07
410000,train/continue_loss_mean,0.0
410000,train/continue_loss_std,0.0
410000,train/grad_norm_mean,0.012747181036695837
410000,train/grad_norm_std,0.01607886238271335
410000,train/policy_log_std_mean,-2.028809112739563
410000,train/policy_log_std_std,0.5134078011024131
410000,train/policy_loss_mean,-1.1131154828071594
410000,train/policy_loss_std,0.012894976882072704
410000,train/reward_loss_mean,0.36502524495124816
410000,train/reward_loss_std,0.005464494999485763
410000,train/total_loss_mean,0.07448315992951393
410000,train/total_loss_std,0.0007962305486128662
410000,train/value_loss_mean,0.37964599075317385
410000,train/value_loss_std,0.004209394554892942
410000,train/value_scale_mean,79.28167863769531
410000,train/value_scale_std,0.5433539924235107
410000,timing/collect_chunk_s,61.72988842288032
410000,timing/train_chunk_s,20.619455771055073
410000,dense_rhs/training_bucket_horizon,3.0
410000,system/heartbeat,1.0
411992,episode/return,865.9912109375
411992,episode/length,500.0
411993,episode/return,866.6005859375
411993,episode/length,500.0
411994,episode/return,866.1669921875
411994,episode/length,500.0
411995,episode/return,865.3828735351562
411995,episode/length,500.0
411996,episode/return,866.5512084960938
411996,episode/length,500.0
411997,episode/return,866.1112670898438
411997,episode/length,500.0
411998,episode/return,866.1598510742188
411998,episode/length,500.0
411999,episode/return,865.5426635742188
411999,episode/length,500.0
415992,episode/return,866.1874389648438
415992,episode/length,500.0
415993,episode/return,866.4552001953125
415993,episode/length,500.0
415994,episode/return,866.29345703125
415994,episode/length,500.0
415995,episode/return,866.4655151367188
415995,episode/length,500.0
415996,episode/return,866.6151733398438
415996,episode/length,500.0
415997,episode/return,866.2178955078125
415997,episode/length,500.0
415998,episode/return,866.0184936523438
415998,episode/length,500.0
415999,episode/return,866.4471435546875
415999,episode/length,500.0
419992,episode/return,865.8818359375
419992,episode/length,500.0
419993,episode/return,865.6143188476562
419993,episode/length,500.0
419994,episode/return,865.9428100585938
419994,episode/length,500.0
419995,episode/return,866.0013427734375
419995,episode/length,500.0
419996,episode/return,865.9904174804688
419996,episode/length,500.0
419997,episode/return,865.6802978515625
419997,episode/length,500.0
419998,episode/return,865.480712890625
419998,episode/length,500.0
419999,episode/return,865.93115234375
419999,episode/length,500.0
420000,train/consistency_loss_mean,7.947780071845046e-07
420000,train/consistency_loss_std,6.084475839080814e-07
420000,train/continue_loss_mean,0.0
420000,train/continue_loss_std,0.0
420000,train/grad_norm_mean,0.011757627385854721
420000,train/grad_norm_std,0.011153538340603663
420000,train/policy_log_std_mean,-2.0524687339782717
420000,train/policy_log_std_std,0.49741019025769595
420000,train/policy_loss_mean,-1.1114451499938964
420000,train/policy_loss_std,0.0131173604088357
420000,train/reward_loss_mean,0.36520440926551817
420000,train/reward_loss_std,0.00544091340660613
420000,train/total_loss_mean,0.07446655814051628
420000,train/total_loss_std,0.0007918289342503701
420000,train/value_loss_mean,0.3793021949529648
420000,train/value_loss_std,0.004258690130168456
420000,train/value_scale_mean,79.28820789794922
420000,train/value_scale_std,0.5867385786769062
420000,timing/collect_chunk_s,60.460932787973434
420000,timing/train_chunk_s,20.63228822313249
420000,dense_rhs/training_bucket_horizon,3.0
420000,system/heartbeat,1.0
423992,episode/return,863.0870361328125
423992,episode/length,500.0
423993,episode/return,863.1730346679688
423993,episode/length,500.0
423994,episode/return,863.8993530273438
423994,episode/length,500.0
423995,episode/return,863.8472900390625
423995,episode/length,500.0
423996,episode/return,863.4268188476562
423996,episode/length,500.0
423997,episode/return,863.7987670898438
423997,episode/length,500.0
423998,episode/return,863.5794067382812
423998,episode/length,500.0
423999,episode/return,863.54833984375
423999,episode/length,500.0
427992,episode/return,865.445068359375
427992,episode/length,500.0
427993,episode/return,865.2603149414062
427993,episode/length,500.0
427994,episode/return,865.6704711914062
427994,episode/length,500.0
427995,episode/return,865.4486694335938
427995,episode/length,500.0
427996,episode/return,865.5938720703125
427996,episode/length,500.0
427997,episode/return,865.47509765625
427997,episode/length,500.0
427998,episode/return,865.7913208007812
427998,episode/length,500.0
427999,episode/return,865.8184814453125
427999,episode/length,500.0
430000,train/consistency_loss_mean,8.464098578315315e-07
430000,train/consistency_loss_std,6.601559417984119e-07
430000,train/continue_loss_mean,0.0
430000,train/continue_loss_std,0.0
430000,train/grad_norm_mean,0.012209095918387175
430000,train/grad_norm_std,0.01434160938267499
430000,train/policy_log_std_mean,-2.076414867210388
430000,train/policy_log_std_std,0.5215231477888309
430000,train/policy_loss_mean,-1.1193807278633117
430000,train/policy_loss_std,0.013744814821799314
430000,train/reward_loss_mean,0.3654823194503784
430000,train/reward_loss_std,0.005353626125168158
430000,train/total_loss_mean,0.07454145568013192
430000,train/total_loss_std,0.0007776248374835816
430000,train/value_loss_mean,0.37976293737888334
430000,train/value_loss_std,0.00416479971266562
430000,train/value_scale_mean,78.78437185058594
430000,train/value_scale_std,0.6778007283497521
430000,timing/collect_chunk_s,60.990240030921996
430000,timing/train_chunk_s,20.66129456879571
430000,dense_rhs/training_bucket_horizon,3.0
430000,system/heartbeat,1.0
431992,episode/return,864.627685546875
431992,episode/length,500.0
431993,episode/return,864.5870971679688
431993,episode/length,500.0
431994,episode/return,865.13232421875
431994,episode/length,500.0
431995,episode/return,864.3201904296875
431995,episode/length,500.0
431996,episode/return,864.5486450195312
431996,episode/length,500.0
431997,episode/return,865.202880859375
431997,episode/length,500.0
431998,episode/return,864.6109619140625
431998,episode/length,500.0
431999,episode/return,864.3198852539062
431999,episode/length,500.0
435992,episode/return,865.62451171875
435992,episode/length,500.0
435993,episode/return,865.852294921875
435993,episode/length,500.0
435994,episode/return,864.5336303710938
435994,episode/length,500.0
435995,episode/return,865.1997680664062
435995,episode/length,500.0
435996,episode/return,865.1204833984375
435996,episode/length,500.0
435997,episode/return,865.4656372070312
435997,episode/length,500.0
435998,episode/return,865.0460205078125
435998,episode/length,500.0
435999,episode/return,865.1129150390625
435999,episode/length,500.0
439992,episode/return,866.439208984375
439992,episode/length,500.0
439993,episode/return,866.2971801757812
439993,episode/length,500.0
439994,episode/return,865.7645874023438
439994,episode/length,500.0
439995,episode/return,866.0089721679688
439995,episode/length,500.0
439996,episode/return,866.0516967773438
439996,episode/length,500.0
439997,episode/return,866.1447143554688
439997,episode/length,500.0
439998,episode/return,866.3954467773438
439998,episode/length,500.0
439999,episode/return,866.4478149414062
439999,episode/length,500.0
440000,train/consistency_loss_mean,8.248858802744508e-07
440000,train/consistency_loss_std,6.741692620372644e-07
440000,train/continue_loss_mean,0.0
440000,train/continue_loss_std,0.0
440000,train/grad_norm_mean,0.011908629845827818
440000,train/grad_norm_std,0.014170020159540879
440000,train/policy_log_std_mean,-2.0281083568572997
440000,train/policy_log_std_std,0.4875770644502218
440000,train/policy_loss_mean,-1.1196488653182983
440000,train/policy_loss_std,0.014578984151793957
440000,train/reward_loss_mean,0.3658792726278305
440000,train/reward_loss_std,0.005329479844158856
440000,train/total_loss_mean,0.07460962973833084
440000,train/total_loss_std,0.0007803124168142499
440000,train/value_loss_mean,0.38005202243328096
440000,train/value_loss_std,0.004203471876790474
440000,train/value_scale_mean,78.92190260009765
440000,train/value_scale_std,0.732302754637042
440000,timing/collect_chunk_s,68.5356859616004
440000,timing/train_chunk_s,20.65113342180848
440000,dense_rhs/training_bucket_horizon,3.0
440000,system/heartbeat,1.0
443992,episode/return,865.354248046875
443992,episode/length,500.0
443993,episode/return,865.0449829101562
443993,episode/length,500.0
443994,episode/return,865.0562133789062
443994,episode/length,500.0
443995,episode/return,865.141845703125
443995,episode/length,500.0
443996,episode/return,864.9583740234375
443996,episode/length,500.0
443997,episode/return,864.9869995117188
443997,episode/length,500.0
443998,episode/return,864.7894287109375
443998,episode/length,500.0
443999,episode/return,865.2110595703125
443999,episode/length,500.0
447992,episode/return,863.5588989257812
447992,episode/length,500.0
447993,episode/return,863.5067749023438
447993,episode/length,500.0
447994,episode/return,863.722900390625
447994,episode/length,500.0
447995,episode/return,864.2073974609375
447995,episode/length,500.0
447996,episode/return,863.8087158203125
447996,episode/length,500.0
447997,episode/return,863.534423828125
447997,episode/length,500.0
447998,episode/return,864.39697265625
447998,episode/length,500.0
447999,episode/return,864.375244140625
447999,episode/length,500.0
450000,train/consistency_loss_mean,7.545659975676245e-07
450000,train/consistency_loss_std,6.201523572510696e-07
450000,train/continue_loss_mean,0.0
450000,train/continue_loss_std,0.0
450000,train/grad_norm_mean,0.010666936640813947
450000,train/grad_norm_std,0.009340857598848016
450000,train/policy_log_std_mean,-2.0227466136932373
450000,train/policy_log_std_std,0.4824354493572894
450000,train/policy_loss_mean,-1.129296204853058
450000,train/policy_loss_std,0.011815301042585609
450000,train/reward_loss_mean,0.3660339728593826
450000,train/reward_loss_std,0.005385109667267113
450000,train/total_loss_mean,0.07463283410072327
450000,train/total_loss_std,0.0007746062120330311
450000,train/value_loss_mean,0.38014343836307524
450000,train/value_loss_std,0.0041180405147215335
450000,train/value_scale_mean,78.19931668701172
450000,train/value_scale_std,0.4420956804819911
450000,timing/collect_chunk_s,59.42328160488978
450000,timing/train_chunk_s,20.647087832912803
450000,dense_rhs/training_bucket_horizon,3.0
450000,system/heartbeat,1.0
450000,timing/checkpoint_blocking_s,0.42261396208778024
450000,eval/return_mean,866.6363525390625
450000,eval/return_std,0.22606687247753143
450000,eval/return_max,866.94189453125
450000,eval/return_min,866.2237548828125
450000,timing/eval_s,9.341671708971262
450000,eval/selected_horizon,3.0
450000,eval/training_bucket_horizon,3.0
450000,system/heartbeat,1.0
451992,episode/return,865.6771240234375
451992,episode/length,500.0
451993,episode/return,865.79931640625
451993,episode/length,500.0
451994,episode/return,865.9132690429688
451994,episode/length,500.0
451995,episode/return,866.2100219726562
451995,episode/length,500.0
451996,episode/return,865.9712524414062
451996,episode/length,500.0
451997,episode/return,866.0208740234375
451997,episode/length,500.0
451998,episode/return,865.3170776367188
451998,episode/length,500.0
451999,episode/return,865.4049682617188
451999,episode/length,500.0
455992,episode/return,864.7842407226562
455992,episode/length,500.0
455993,episode/return,864.5324096679688
455993,episode/length,500.0
455994,episode/return,864.7675170898438
455994,episode/length,500.0
455995,episode/return,864.5269775390625
455995,episode/length,500.0
455996,episode/return,864.653076171875
455996,episode/length,500.0
455997,episode/return,864.6092529296875
455997,episode/length,500.0
455998,episode/return,864.4179077148438
455998,episode/length,500.0
455999,episode/return,864.2307739257812
455999,episode/length,500.0
459992,episode/return,865.2118530273438
459992,episode/length,500.0
459993,episode/return,865.3314208984375
459993,episode/length,500.0
459994,episode/return,865.3244018554688
459994,episode/length,500.0
459995,episode/return,865.85498046875
459995,episode/length,500.0
459996,episode/return,865.3088989257812
459996,episode/length,500.0
459997,episode/return,865.7354125976562
459997,episode/length,500.0
459998,episode/return,865.27197265625
459998,episode/length,500.0
459999,episode/return,864.9662475585938
459999,episode/length,500.0
460000,train/consistency_loss_mean,7.715271915685662e-07
460000,train/consistency_loss_std,6.740837562568413e-07
460000,train/continue_loss_mean,0.0
460000,train/continue_loss_std,0.0
460000,train/grad_norm_mean,0.0111443520154804
460000,train/grad_norm_std,0.012990843212786565
460000,train/policy_log_std_mean,-2.099760787200928
460000,train/policy_log_std_std,0.501978368085611
460000,train/policy_loss_mean,-1.1321945484161378
460000,train/policy_loss_std,0.01285680062933352
460000,train/reward_loss_mean,0.366193621635437
460000,train/reward_loss_std,0.005393131686580182
460000,train/total_loss_mean,0.07471176872849464
460000,train/total_loss_std,0.0007726301937420958
460000,train/value_loss_mean,0.38076975126266477
460000,train/value_loss_std,0.0040816470769476886
460000,train/value_scale_mean,78.12832728881835
460000,train/value_scale_std,0.5369903584158858
460000,timing/collect_chunk_s,60.49166866671294
460000,timing/train_chunk_s,20.60091685410589
460000,dense_rhs/training_bucket_horizon,3.0
460000,system/heartbeat,1.0
463992,episode/return,865.1002807617188
463992,episode/length,500.0
463993,episode/return,866.2959594726562
463993,episode/length,500.0
463994,episode/return,865.5827026367188
463994,episode/length,500.0
463995,episode/return,865.1535034179688
463995,episode/length,500.0
463996,episode/return,865.1710815429688
463996,episode/length,500.0
463997,episode/return,865.8096313476562
463997,episode/length,500.0
463998,episode/return,865.7319946289062
463998,episode/length,500.0
463999,episode/return,865.512451171875
463999,episode/length,500.0
467992,episode/return,862.0684204101562
467992,episode/length,500.0
467993,episode/return,863.1980590820312
467993,episode/length,500.0
467994,episode/return,863.3035278320312
467994,episode/length,500.0
467995,episode/return,863.0526733398438
467995,episode/length,500.0
467996,episode/return,862.6163940429688
467996,episode/length,500.0
467997,episode/return,862.5507202148438
467997,episode/length,500.0
467998,episode/return,862.4366455078125
467998,episode/length,500.0
467999,episode/return,862.880615234375
467999,episode/length,500.0
470000,train/consistency_loss_mean,7.818024927928491e-07
470000,train/consistency_loss_std,6.364353262448446e-07
470000,train/continue_loss_mean,0.0
470000,train/continue_loss_std,0.0
470000,train/grad_norm_mean,0.011249946933612228
470000,train/grad_norm_std,0.010339924794693272
470000,train/policy_log_std_mean,-2.0733818353652955
470000,train/policy_log_std_std,0.5068343994955155
470000,train/policy_loss_mean,-1.1336222378730774
470000,train/policy_loss_std,0.014182424710493908
470000,train/reward_loss_mean,0.3664891891241074
470000,train/reward_loss_std,0.005387652500111381
470000,train/total_loss_mean,0.07475705060958862
470000,train/total_loss_std,0.0007725631235857948
470000,train/value_loss_mean,0.38092493789196014
470000,train/value_loss_std,0.004105507500720446
470000,train/value_scale_mean,78.08823096313476
470000,train/value_scale_std,0.6708217684275181
470000,timing/collect_chunk_s,60.78711200878024
470000,timing/train_chunk_s,20.664043304510415
470000,dense_rhs/training_bucket_horizon,3.0
470000,system/heartbeat,1.0
471992,episode/return,865.8990478515625
471992,episode/length,500.0
471993,episode/return,865.9592895507812
471993,episode/length,500.0
471994,episode/return,865.9878540039062
471994,episode/length,500.0
471995,episode/return,866.0842895507812
471995,episode/length,500.0
471996,episode/return,866.5974731445312
471996,episode/length,500.0
471997,episode/return,865.8941650390625
471997,episode/length,500.0
471998,episode/return,865.8326416015625
471998,episode/length,500.0
471999,episode/return,866.1049194335938
471999,episode/length,500.0
475992,episode/return,864.890625
475992,episode/length,500.0
475993,episode/return,864.8853759765625
475993,episode/length,500.0
475994,episode/return,865.3445434570312
475994,episode/length,500.0
475995,episode/return,864.657470703125
475995,episode/length,500.0
475996,episode/return,865.5908813476562
475996,episode/length,500.0
475997,episode/return,865.3930053710938
475997,episode/length,500.0
475998,episode/return,864.6439819335938
475998,episode/length,500.0
475999,episode/return,865.1382446289062
475999,episode/length,500.0
479992,episode/return,865.5242919921875
479992,episode/length,500.0
479993,episode/return,864.8103637695312
479993,episode/length,500.0
479994,episode/return,864.8909912109375
479994,episode/length,500.0
479995,episode/return,865.0897216796875
479995,episode/length,500.0
479996,episode/return,864.9263916015625
479996,episode/length,500.0
479997,episode/return,865.0902709960938
479997,episode/length,500.0
479998,episode/return,865.1016235351562
479998,episode/length,500.0
479999,episode/return,865.0870361328125
479999,episode/length,500.0
480000,train/consistency_loss_mean,7.372689760359208e-07
480000,train/consistency_loss_std,7.810136171199717e-07
480000,train/continue_loss_mean,0.0
480000,train/continue_loss_std,0.0
480000,train/grad_norm_mean,0.010567132849991322
480000,train/grad_norm_std,0.010298334890272263
480000,train/policy_log_std_mean,-2.094355279350281
480000,train/policy_log_std_std,0.5360817629579585
480000,train/policy_loss_mean,-1.144917873287201
480000,train/policy_loss_std,0.012889156246504104
480000,train/reward_loss_mean,0.36675171761512754
480000,train/reward_loss_std,0.005349617284073326
480000,train/total_loss_mean,0.07478033462762833
480000,train/total_loss_std,0.0007689758205490135
480000,train/value_loss_mean,0.38090415844917297
480000,train/value_loss_std,0.004089922913903652
480000,train/value_scale_mean,77.31510136108399
480000,train/value_scale_std,0.5468242493558435
480000,timing/collect_chunk_s,60.43685826053843
480000,timing/train_chunk_s,20.690741077065468
480000,dense_rhs/training_bucket_horizon,3.0
480000,system/heartbeat,1.0
483992,episode/return,866.2640380859375
483992,episode/length,500.0
483993,episode/return,866.552978515625
483993,episode/length,500.0
483994,episode/return,866.5072021484375
483994,episode/length,500.0
483995,episode/return,866.18310546875
483995,episode/length,500.0
483996,episode/return,866.49072265625
483996,episode/length,500.0
483997,episode/return,866.6770629882812
483997,episode/length,500.0
483998,episode/return,865.945068359375
483998,episode/length,500.0
483999,episode/return,866.5693359375
483999,episode/length,500.0
487992,episode/return,866.1474609375
487992,episode/length,500.0
487993,episode/return,866.1727905273438
487993,episode/length,500.0
487994,episode/return,866.876708984375
487994,episode/length,500.0
487995,episode/return,866.10693359375
487995,episode/length,500.0
487996,episode/return,866.2028198242188
487996,episode/length,500.0
487997,episode/return,866.2820434570312
487997,episode/length,500.0
487998,episode/return,866.1790161132812
487998,episode/length,500.0
487999,episode/return,866.0877075195312
487999,episode/length,500.0
490000,train/consistency_loss_mean,7.215870738491503e-07
490000,train/consistency_loss_std,6.214907404915268e-07
490000,train/continue_loss_mean,0.0
490000,train/continue_loss_std,0.0
490000,train/grad_norm_mean,0.01073848148882389
490000,train/grad_norm_std,0.011085857910178095
490000,train/policy_log_std_mean,-2.062373571872711
490000,train/policy_log_std_std,0.48967366818170577
490000,train/policy_loss_mean,-1.13865119304657
490000,train/policy_loss_std,0.012597383507799632
490000,train/reward_loss_mean,0.3668727134227753
490000,train/reward_loss_std,0.005276498108608473
490000,train/total_loss_mean,0.07476991761922837
490000,train/total_loss_std,0.000763285590797971
490000,train/value_loss_mean,0.3806821260213852
490000,train/value_loss_std,0.004047982421748172
490000,train/value_scale_mean,77.69438782348632
490000,train/value_scale_std,0.516780099462316
490000,timing/collect_chunk_s,70.1670187083073
490000,timing/train_chunk_s,20.701906752306968
490000,dense_rhs/training_bucket_horizon,3.0
490000,system/heartbeat,1.0
491992,episode/return,866.1625366210938
491992,episode/length,500.0
491993,episode/return,866.3211059570312
491993,episode/length,500.0
491994,episode/return,866.8231201171875
491994,episode/length,500.0
491995,episode/return,866.5936279296875
491995,episode/length,500.0
491996,episode/return,866.713134765625
491996,episode/length,500.0
491997,episode/return,866.419921875
491997,episode/length,500.0
491998,episode/return,866.695556640625
491998,episode/length,500.0
491999,episode/return,866.7940063476562
491999,episode/length,500.0
495992,episode/return,865.9248046875
495992,episode/length,500.0
495993,episode/return,865.8357543945312
495993,episode/length,500.0
495994,episode/return,866.1705322265625
495994,episode/length,500.0
495995,episode/return,865.6962280273438
495995,episode/length,500.0
495996,episode/return,865.9339599609375
495996,episode/length,500.0
495997,episode/return,866.2117309570312
495997,episode/length,500.0
495998,episode/return,865.7355346679688
495998,episode/length,500.0
495999,episode/return,866.0046997070312
495999,episode/length,500.0
499992,episode/return,865.3179321289062
499992,episode/length,500.0
499993,episode/return,865.2376098632812
499993,episode/length,500.0
499994,episode/return,866.2620849609375
499994,episode/length,500.0
499995,episode/return,865.4918212890625
499995,episode/length,500.0
499996,episode/return,865.5422973632812
499996,episode/length,500.0
499997,episode/return,865.8421630859375
499997,episode/length,500.0
499998,episode/return,865.5205688476562
499998,episode/length,500.0
499999,episode/return,865.96142578125
499999,episode/length,500.0
500000,train/consistency_loss_mean,7.437801897594909e-07
500000,train/consistency_loss_std,6.463314639343247e-07
500000,train/continue_loss_mean,0.0
500000,train/continue_loss_std,0.0
500000,train/grad_norm_mean,0.010765857660397888
500000,train/grad_norm_std,0.010001520090775819
500000,train/policy_log_std_mean,-2.0746267336845396
500000,train/policy_log_std_std,0.48418655590732446
500000,train/policy_loss_mean,-1.1362044457435607
500000,train/policy_loss_std,0.012867127567392982
500000,train/reward_loss_mean,0.36716950285434724
500000,train/reward_loss_std,0.005294864904172454
500000,train/total_loss_mean,0.07486028193235397
500000,train/total_loss_std,0.000767176987525296
500000,train/value_loss_mean,0.3812845432519913
500000,train/value_loss_std,0.004093659813575126
500000,train/value_scale_mean,77.93715838623046
500000,train/value_scale_std,0.5822945117177272
500000,timing/collect_chunk_s,60.84052767092362
500000,timing/train_chunk_s,20.66071909479797
500000,dense_rhs/training_bucket_horizon,3.0
500000,system/heartbeat,1.0
500000,timing/checkpoint_blocking_s,0.399450097233057
500000,eval/return_mean,867.0081787109375
500000,eval/return_std,0.19976603984832764
500000,eval/return_max,867.4136962890625
500000,eval/return_min,866.69189453125
500000,timing/eval_s,9.332640611100942
500000,eval/selected_horizon,3.0
500000,eval/training_bucket_horizon,3.0
500000,system/heartbeat,1.0
