step,tag,value
0,timing/prewarm_dense_rhs_s,227.02293305192143
0,system/heartbeat,1.0
3992,episode/return,10.295523643493652
3992,episode/length,500.0
3993,episode/return,175.73377990722656
3993,episode/length,500.0
3994,episode/return,62.63825988769531
3994,episode/length,500.0
3995,episode/return,26.6942195892334
3995,episode/length,500.0
3996,episode/return,158.3983917236328
3996,episode/length,500.0
3997,episode/return,44.15299606323242
3997,episode/length,500.0
3998,episode/return,46.105445861816406
3998,episode/length,500.0
3999,episode/return,90.39054870605469
3999,episode/length,500.0
4000,seed_pretrain/updates_completed,512.0
4000,timing/collect_chunk_s,55.854876526631415
4000,timing/train_chunk_s,243.7122009745799
4000,system/heartbeat,1.0
4000,seed_pretrain/updates_completed,1024.0
4000,timing/collect_chunk_s,55.854876526631415
4000,timing/train_chunk_s,244.79296514810994
4000,system/heartbeat,1.0
4000,seed_pretrain/updates_completed,1536.0
4000,timing/collect_chunk_s,55.854876526631415
4000,timing/train_chunk_s,245.87391074141487
4000,system/heartbeat,1.0
4000,seed_pretrain/updates_completed,2048.0
4000,timing/collect_chunk_s,55.854876526631415
4000,timing/train_chunk_s,246.95343663031235
4000,system/heartbeat,1.0
4000,seed_pretrain/updates_completed,2560.0
4000,timing/collect_chunk_s,55.854876526631415
4000,timing/train_chunk_s,248.03434123191983
4000,system/heartbeat,1.0
4000,seed_pretrain/updates_completed,3072.0
4000,timing/collect_chunk_s,55.854876526631415
4000,timing/train_chunk_s,249.1139986324124
4000,system/heartbeat,1.0
4000,seed_pretrain/updates_completed,3584.0
4000,timing/collect_chunk_s,55.854876526631415
4000,timing/train_chunk_s,250.19430179335177
4000,system/heartbeat,1.0
7992,episode/return,215.3493194580078
7992,episode/length,500.0
7993,episode/return,201.34628295898438
7993,episode/length,500.0
7994,episode/return,196.4372100830078
7994,episode/length,500.0
7995,episode/return,220.05821228027344
7995,episode/length,500.0
7996,episode/return,240.39036560058594
7996,episode/length,500.0
7997,episode/return,200.93649291992188
7997,episode/length,500.0
7998,episode/return,218.06124877929688
7998,episode/length,500.0
7999,episode/return,238.18507385253906
7999,episode/length,500.0
10000,train/consistency_loss_mean,0.00011790719934506341
10000,train/consistency_loss_std,0.0003233417911239069
10000,train/continue_loss_mean,0.0
10000,train/continue_loss_std,0.0
10000,train/grad_norm_mean,0.37149766055345534
10000,train/grad_norm_std,0.14244919693578764
10000,train/policy_log_std_mean,-0.5053943886756896
10000,train/policy_log_std_std,0.6062826020721885
10000,train/policy_loss_mean,-0.19305207381248474
10000,train/policy_loss_std,0.04063623488078729
10000,train/reward_loss_mean,0.2450616736292839
10000,train/reward_loss_std,0.08741241199442065
10000,train/total_loss_mean,0.058661177262663844
10000,train/total_loss_std,0.023135420888941632
10000,train/value_loss_mean,0.3179686431646347
10000,train/value_loss_std,0.08564933419036445
10000,train/value_scale_mean,21.650256005859376
10000,train/value_scale_std,11.731538192127458
10000,timing/collect_chunk_s,268.8042208994739
10000,timing/train_chunk_s,309.77362984605134
10000,dense_rhs/training_bucket_horizon,3.0
10000,system/heartbeat,1.0
11992,episode/return,200.59051513671875
11992,episode/length,500.0
11993,episode/return,320.9546813964844
11993,episode/length,500.0
11994,episode/return,241.48495483398438
11994,episode/length,500.0
11995,episode/return,309.3909606933594
11995,episode/length,500.0
11996,episode/return,220.1312713623047
11996,episode/length,500.0
11997,episode/return,215.6440887451172
11997,episode/length,500.0
11998,episode/return,314.8905334472656
11998,episode/length,500.0
11999,episode/return,200.61546325683594
11999,episode/length,500.0
15992,episode/return,444.255126953125
15992,episode/length,500.0
15993,episode/return,369.6959533691406
15993,episode/length,500.0
15994,episode/return,424.49835205078125
15994,episode/length,500.0
15995,episode/return,449.1014404296875
15995,episode/length,500.0
15996,episode/return,463.36846923828125
15996,episode/length,500.0
15997,episode/return,424.6986389160156
15997,episode/length,500.0
15998,episode/return,365.1319885253906
15998,episode/length,500.0
15999,episode/return,454.5022888183594
15999,episode/length,500.0
19992,episode/return,469.92315673828125
19992,episode/length,500.0
19993,episode/return,327.01708984375
19993,episode/length,500.0
19994,episode/return,522.8819580078125
19994,episode/length,500.0
19995,episode/return,487.1167907714844
19995,episode/length,500.0
19996,episode/return,471.0212707519531
19996,episode/length,500.0
19997,episode/return,469.6111755371094
19997,episode/length,500.0
19998,episode/return,464.5703125
19998,episode/length,500.0
19999,episode/return,468.7972717285156
19999,episode/length,500.0
20000,train/consistency_loss_mean,6.104364572383929e-05
20000,train/consistency_loss_std,9.113236567115939e-06
20000,train/continue_loss_mean,0.0
20000,train/continue_loss_std,0.0
20000,train/grad_norm_mean,0.3206254992008209
20000,train/grad_norm_std,0.129187545214125
20000,train/policy_log_std_mean,-0.7623805846214294
20000,train/policy_log_std_std,0.5968404805849878
20000,train/policy_loss_mean,-0.2865377550601959
20000,train/policy_loss_std,0.015421512337856082
20000,train/reward_loss_mean,0.2655922967672348
20000,train/reward_loss_std,0.007953823430822507
20000,train/total_loss_mean,0.05582471759617329
20000,train/total_loss_std,0.0012738809723636991
20000,train/value_loss_mean,0.2804461435556412
20000,train/value_loss_std,0.011257816318949138
20000,train/value_scale_mean,63.729983984375
20000,train/value_scale_std,15.050034635281785
20000,timing/collect_chunk_s,89.88857250660658
20000,timing/train_chunk_s,20.661614674143493
20000,dense_rhs/training_bucket_horizon,3.0
20000,system/heartbeat,1.0
23992,episode/return,642.3181762695312
23992,episode/length,500.0
23993,episode/return,557.0875854492188
23993,episode/length,500.0
23994,episode/return,633.878173828125
23994,episode/length,500.0
23995,episode/return,565.9011840820312
23995,episode/length,500.0
23996,episode/return,650.4562377929688
23996,episode/length,500.0
23997,episode/return,610.4887084960938
23997,episode/length,500.0
23998,episode/return,621.8585815429688
23998,episode/length,500.0
23999,episode/return,571.6464233398438
23999,episode/length,500.0
27992,episode/return,585.9100952148438
27992,episode/length,500.0
27993,episode/return,769.1749877929688
27993,episode/length,500.0
27994,episode/return,768.8749389648438
27994,episode/length,500.0
27995,episode/return,767.2939453125
27995,episode/length,500.0
27996,episode/return,769.0642700195312
27996,episode/length,500.0
27997,episode/return,768.3504028320312
27997,episode/length,500.0
27998,episode/return,767.267578125
27998,episode/length,500.0
27999,episode/return,668.9428100585938
27999,episode/length,500.0
30000,train/consistency_loss_mean,4.53763116907794e-05
30000,train/consistency_loss_std,7.126041377985839e-06
30000,train/continue_loss_mean,0.0
30000,train/continue_loss_std,0.0
30000,train/grad_norm_mean,0.27749265251159666
30000,train/grad_norm_std,0.11025089590019822
30000,train/policy_log_std_mean,-0.8444341495037079
30000,train/policy_log_std_std,0.6098707381170693
30000,train/policy_loss_mean,-0.30628673934936523
30000,train/policy_loss_std,0.010016905842418917
30000,train/reward_loss_mean,0.27766326546669007
30000,train/reward_loss_std,0.008738120710749045
30000,train/total_loss_mean,0.05534066363275051
30000,train/total_loss_std,0.0017084428421059652
30000,train/value_loss_mean,0.2666680998325348
30000,train/value_loss_std,0.015504859630344264
30000,train/value_scale_mean,115.91731774902344
30000,train/value_scale_std,16.422021864616283
30000,timing/collect_chunk_s,89.3735454599373
30000,timing/train_chunk_s,20.561684986576438
30000,dense_rhs/training_bucket_horizon,3.0
30000,system/heartbeat,1.0
31992,episode/return,759.812744140625
31992,episode/length,500.0
31993,episode/return,758.2387084960938
31993,episode/length,500.0
31994,episode/return,755.6200561523438
31994,episode/length,500.0
31995,episode/return,762.4982299804688
31995,episode/length,500.0
31996,episode/return,762.5562133789062
31996,episode/length,500.0
31997,episode/return,656.552978515625
31997,episode/length,500.0
31998,episode/return,758.9356079101562
31998,episode/length,500.0
31999,episode/return,760.903564453125
31999,episode/length,500.0
35992,episode/return,719.0230102539062
35992,episode/length,500.0
35993,episode/return,724.5107421875
35993,episode/length,500.0
35994,episode/return,721.1504516601562
35994,episode/length,500.0
35995,episode/return,723.9015502929688
35995,episode/length,500.0
35996,episode/return,705.6323852539062
35996,episode/length,500.0
35997,episode/return,733.0728149414062
35997,episode/length,500.0
35998,episode/return,728.2982177734375
35998,episode/length,500.0
35999,episode/return,736.020751953125
35999,episode/length,500.0
39992,episode/return,659.4912109375
39992,episode/length,500.0
39993,episode/return,652.3191528320312
39993,episode/length,500.0
39994,episode/return,647.4849243164062
39994,episode/length,500.0
39995,episode/return,661.0554809570312
39995,episode/length,500.0
39996,episode/return,664.8319702148438
39996,episode/length,500.0
39997,episode/return,644.4571533203125
39997,episode/length,500.0
39998,episode/return,652.1310424804688
39998,episode/length,500.0
39999,episode/return,646.5523681640625
39999,episode/length,500.0
40000,train/consistency_loss_mean,3.700344874378061e-05
40000,train/consistency_loss_std,5.927818575914925e-06
40000,train/continue_loss_mean,0.0
40000,train/continue_loss_std,0.0
40000,train/grad_norm_mean,0.2299816334605217
40000,train/grad_norm_std,0.11015415744675487
40000,train/policy_log_std_mean,-0.9351872495174408
40000,train/policy_log_std_std,0.5988108862657588
40000,train/policy_loss_mean,-0.33059347307682035
40000,train/policy_loss_std,0.014860283591872032
40000,train/reward_loss_mean,0.29264156868457797
40000,train/reward_loss_std,0.007266616106407991
40000,train/total_loss_mean,0.05940865945518017
40000,train/total_loss_std,0.001700857423188871
40000,train/value_loss_mean,0.294044319653511
40000,train/value_loss_std,0.015044350929248981
40000,train/value_scale_mean,150.17004116210938
40000,train/value_scale_std,4.985510711840297
40000,timing/collect_chunk_s,89.72240350721404
40000,timing/train_chunk_s,20.582567416131496
40000,dense_rhs/training_bucket_horizon,3.0
40000,system/heartbeat,1.0
43992,episode/return,727.955322265625
43992,episode/length,500.0
43993,episode/return,727.8939819335938
43993,episode/length,500.0
43994,episode/return,731.3609008789062
43994,episode/length,500.0
43995,episode/return,732.1939086914062
43995,episode/length,500.0
43996,episode/return,733.089111328125
43996,episode/length,500.0
43997,episode/return,729.4923095703125
43997,episode/length,500.0
43998,episode/return,733.1436767578125
43998,episode/length,500.0
43999,episode/return,729.3202514648438
43999,episode/length,500.0
47992,episode/return,725.3040771484375
47992,episode/length,500.0
47993,episode/return,715.8978271484375
47993,episode/length,500.0
47994,episode/return,720.6454467773438
47994,episode/length,500.0
47995,episode/return,708.5901489257812
47995,episode/length,500.0
47996,episode/return,722.1806640625
47996,episode/length,500.0
47997,episode/return,721.480224609375
47997,episode/length,500.0
47998,episode/return,725.95263671875
47998,episode/length,500.0
47999,episode/return,799.667236328125
47999,episode/length,500.0
50000,train/consistency_loss_mean,3.354746917320881e-05
50000,train/consistency_loss_std,5.934445454359855e-06
50000,train/continue_loss_mean,0.0
50000,train/continue_loss_std,0.0
50000,train/grad_norm_mean,0.21424149711132048
50000,train/grad_norm_std,0.10364385284925902
50000,train/policy_log_std_mean,-0.9514255225658417
50000,train/policy_log_std_std,0.5519355988186636
50000,train/policy_loss_mean,-0.37104361391067503
50000,train/policy_loss_std,0.014764341653485984
50000,train/reward_loss_mean,0.2952526092290878
50000,train/reward_loss_std,0.006773435396767304
50000,train/total_loss_mean,0.05429785099029541
50000,train/total_loss_std,0.0016096385701789158
50000,train/value_loss_mean,0.24101639609336853
50000,train/value_loss_std,0.01494405914520838
50000,train/value_scale_mean,156.5890433227539
50000,train/value_scale_std,1.1646694873249304
50000,timing/collect_chunk_s,89.71612156135961
50000,timing/train_chunk_s,20.580458768177778
50000,dense_rhs/training_bucket_horizon,3.0
50000,system/heartbeat,1.0
50000,timing/checkpoint_blocking_s,0.3979203859344125
50000,eval/return_mean,729.8195190429688
50000,eval/return_std,17.658870697021484
50000,eval/return_max,749.867919921875
50000,eval/return_min,694.6138916015625
50000,dense_rhs/deployment_utility_last_observed_gain,0.0
50000,dense_rhs/deployment_utility_observations,0.0
50000,timing/eval_s,99.49505139002576
50000,eval/selected_horizon,3.0
50000,eval/training_bucket_horizon,3.0
50000,system/heartbeat,1.0
51992,episode/return,0.00041075865738093853
51992,episode/length,500.0
51993,episode/return,699.9556274414062
51993,episode/length,500.0
51994,episode/return,685.1226806640625
51994,episode/length,500.0
51995,episode/return,723.0408935546875
51995,episode/length,500.0
51996,episode/return,684.7192993164062
51996,episode/length,500.0
51997,episode/return,619.55224609375
51997,episode/length,500.0
51998,episode/return,617.7039184570312
51998,episode/length,500.0
51999,episode/return,686.63427734375
51999,episode/length,500.0
55992,episode/return,709.819091796875
55992,episode/length,500.0
55993,episode/return,781.1242065429688
55993,episode/length,500.0
55994,episode/return,718.5117797851562
55994,episode/length,500.0
55995,episode/return,718.8651123046875
55995,episode/length,500.0
55996,episode/return,715.8991088867188
55996,episode/length,500.0
55997,episode/return,719.3295288085938
55997,episode/length,500.0
55998,episode/return,771.54833984375
55998,episode/length,500.0
55999,episode/return,708.38623046875
55999,episode/length,500.0
59992,episode/return,704.7169799804688
59992,episode/length,500.0
59993,episode/return,759.6998291015625
59993,episode/length,500.0
59994,episode/return,691.291015625
59994,episode/length,500.0
59995,episode/return,683.7479248046875
59995,episode/length,500.0
59996,episode/return,686.4869995117188
59996,episode/length,500.0
59997,episode/return,706.399658203125
59997,episode/length,500.0
59998,episode/return,683.922119140625
59998,episode/length,500.0
59999,episode/return,698.8989868164062
59999,episode/length,500.0
60000,train/consistency_loss_mean,3.76179227620014e-05
60000,train/consistency_loss_std,8.275075852973523e-06
60000,train/continue_loss_mean,0.0
60000,train/continue_loss_std,0.0
60000,train/grad_norm_mean,0.1920111105799675
60000,train/grad_norm_std,0.09392470536706687
60000,train/policy_log_std_mean,-0.9871906724452972
60000,train/policy_log_std_std,0.47691869851205787
60000,train/policy_loss_mean,-0.41048038563728334
60000,train/policy_loss_std,0.016328707531872544
60000,train/reward_loss_mean,0.2922259004354477
60000,train/reward_loss_std,0.007105546545814526
60000,train/total_loss_mean,0.05475198386013508
60000,train/total_loss_std,0.0011890507108452417
60000,train/value_loss_mean,0.24777034282684327
60000,train/value_loss_std,0.009735103926070044
60000,train/value_scale_mean,151.44872001953124
60000,train/value_scale_std,3.8713528895769604
60000,timing/collect_chunk_s,90.37608190905303
60000,timing/train_chunk_s,20.56214863155037
60000,dense_rhs/training_bucket_horizon,3.0
60000,system/heartbeat,1.0
63992,episode/return,769.513916015625
63992,episode/length,500.0
63993,episode/return,821.2689819335938
63993,episode/length,500.0
63994,episode/return,834.1577758789062
63994,episode/length,500.0
63995,episode/return,754.1567993164062
63995,episode/length,500.0
63996,episode/return,747.6559448242188
63996,episode/length,500.0
63997,episode/return,827.3126220703125
63997,episode/length,500.0
63998,episode/return,747.79541015625
63998,episode/length,500.0
63999,episode/return,758.9735717773438
63999,episode/length,500.0
67992,episode/return,799.3895263671875
67992,episode/length,500.0
67993,episode/return,807.9421997070312
67993,episode/length,500.0
67994,episode/return,797.3607177734375
67994,episode/length,500.0
67995,episode/return,793.328125
67995,episode/length,500.0
67996,episode/return,795.1962890625
67996,episode/length,500.0
67997,episode/return,791.5330200195312
67997,episode/length,500.0
67998,episode/return,809.246337890625
67998,episode/length,500.0
67999,episode/return,793.8753051757812
67999,episode/length,500.0
70000,train/consistency_loss_mean,3.6829864443279805e-05
70000,train/consistency_loss_std,8.440225517518456e-06
70000,train/continue_loss_mean,0.0
70000,train/continue_loss_std,0.0
70000,train/grad_norm_mean,0.184089788544178
70000,train/grad_norm_std,0.09704941140671945
70000,train/policy_log_std_mean,-1.0754242594718932
70000,train/policy_log_std_std,0.44737126839343716
70000,train/policy_loss_mean,-0.4582001175880432
70000,train/policy_loss_std,0.0205499483457209
70000,train/reward_loss_mean,0.29705507578849794
70000,train/reward_loss_std,0.007006460509587029
70000,train/total_loss_mean,0.05568069997131825
70000,train/total_loss_std,0.0010894701559030515
70000,train/value_loss_mean,0.25238594549894333
70000,train/value_loss_std,0.009364323544163715
70000,train/value_scale_mean,140.25384154052733
70000,train/value_scale_std,3.638535763139788
70000,timing/collect_chunk_s,90.30718220490962
70000,timing/train_chunk_s,20.629483942408115
70000,dense_rhs/training_bucket_horizon,3.0
70000,system/heartbeat,1.0
70000,dense_rhs/selected_horizon,3.0
70000,dense_rhs/proposed_horizon,3.0
70000,dense_rhs/phase_id,0.0
70000,dense_rhs/num_active_horizons,7.0
70000,dense_rhs/num_candidate_horizons,3.0
70000,dense_rhs/entropy,1.8175132274627686
70000,dense_rhs/norm_entropy,0.93401700258255
70000,dense_rhs/best_fitness,0.884530782699585
70000,dense_rhs/deployment_score_best,0.5358390212059021
70000,dense_rhs/incumbent_deployment_score,0.5358390212059021
70000,dense_rhs/proposed_deployment_score,0.5358390212059021
70000,dense_rhs/proposed_transition_cost,0.0
70000,dense_rhs/proposed_switch_probability,0.5
70000,dense_rhs/proposed_expected_net_benefit,0.0
70000,dense_rhs/transition_cost_best,0.0
70000,dense_rhs/transition_adjusted_score_best,0.5358390212059021
70000,dense_rhs/switch_probability_best,0.5
70000,dense_rhs/expected_improvement_best,0.564189612865448
70000,dense_rhs/expected_loss_best,0.564189612865448
70000,dense_rhs/expected_net_benefit_best,0.0
70000,dense_rhs/return_term_best,1.0
70000,dense_rhs/roughness_term_best,0.9676744341850281
70000,dense_rhs/return_std_term_best,0.6325893402099609
70000,dense_rhs/learner_proxy_term_best,0.8753529191017151
70000,dense_rhs/model_prefix_loss_best,0.2822532057762146
70000,dense_rhs/model_probe_prefix_best,0.1564897894859314
70000,dense_rhs/planner_return_best,183.1721649169922
70000,dense_rhs/roughness_best,0.013717721216380596
70000,dense_rhs/robust_return_best,312.5020446777344
70000,timing/query_model_diag_s,13.953327601775527
70000,timing/query_env_eval_s,28.9994023446925
70000,timing/query_finalize_s,0.8121297736652195
70000,timing/query_total_s,43.95486151892692
70000,dense_rhs/candidate_3_fitness,0.884530782699585
70000,dense_rhs/candidate_3_deployment_score,0.5358390212059021
70000,dense_rhs/candidate_3_transition_cost,0.0
70000,dense_rhs/candidate_3_transition_adjusted_score,0.5358390212059021
70000,dense_rhs/candidate_3_switch_probability,0.5
70000,dense_rhs/candidate_3_expected_net_benefit,0.0
70000,dense_rhs/candidate_3_return,312.5020446777344
70000,dense_rhs/candidate_3_return_term,1.0
70000,dense_rhs/candidate_3_roughness_term,0.9676744341850281
70000,dense_rhs/candidate_3_return_std_term,0.6325893402099609
70000,dense_rhs/candidate_3_learner_proxy_term,0.8753529191017151
70000,dense_rhs/candidate_2_fitness,0.31652864813804626
70000,dense_rhs/candidate_2_deployment_score,3.28830283251591e-05
70000,dense_rhs/candidate_2_transition_cost,0.0692279264330864
70000,dense_rhs/candidate_2_transition_adjusted_score,-0.06919504702091217
70000,dense_rhs/candidate_2_switch_probability,0.33438974618911743
70000,dense_rhs/candidate_2_expected_net_benefit,-0.6050340533256531
70000,dense_rhs/candidate_2_return,202.71026611328125
70000,dense_rhs/candidate_2_return_term,0.14852093160152435
70000,dense_rhs/candidate_2_roughness_term,1.0
70000,dense_rhs/candidate_2_return_std_term,0.0675804615020752
70000,dense_rhs/candidate_2_learner_proxy_term,1.0
70000,dense_rhs/candidate_4_fitness,0.03162277489900589
70000,dense_rhs/candidate_4_deployment_score,4.298617994891174e-08
70000,dense_rhs/candidate_4_transition_cost,0.0504247285425663
70000,dense_rhs/candidate_4_transition_adjusted_score,-0.05042468383908272
70000,dense_rhs/candidate_4_switch_probability,0.3392353057861328
70000,dense_rhs/candidate_4_expected_net_benefit,-0.5862637758255005
70000,dense_rhs/candidate_4_return,249.98696899414062
70000,dense_rhs/candidate_4_return_term,0.5151706337928772
70000,dense_rhs/candidate_4_roughness_term,0.9503024220466614
70000,dense_rhs/candidate_4_return_std_term,0.0
70000,dense_rhs/candidate_4_learner_proxy_term,0.6421886682510376
70000,dense_rhs/deployment_utility_enabled,1.0
70000,dense_rhs/deployment_utility_observations,0.0
70000,dense_rhs/deployment_utility_last_observed_gain,0.0
70000,dense_rhs/candidate_2_expected_eval_gain,0.0
70000,dense_rhs/candidate_2_eval_gain_uncertainty,150.0
70000,dense_rhs/candidate_2_deployment_utility_score,37.50061287146848
70000,dense_rhs/candidate_3_expected_eval_gain,0.0
70000,dense_rhs/candidate_3_eval_gain_uncertainty,150.0
70000,dense_rhs/candidate_3_deployment_utility_score,47.5
70000,dense_rhs/candidate_4_expected_eval_gain,0.0
70000,dense_rhs/candidate_4_eval_gain_uncertainty,150.0
70000,dense_rhs/candidate_4_deployment_utility_score,37.5
70000,dense_rhs/deployment_utility_override,0.0
70000,dense_rhs/deployment_utility_selected_expected_gain,0.0
70000,dense_rhs/deployment_utility_selected_uncertainty,150.0
70000,dense_rhs/deployment_utility_selected_score,47.5
70000,dense_rhs/deployment_utility_proposed_horizon,3.0
70000,dense_rhs/deployment_utility_proposed_expected_gain,0.0
70000,dense_rhs/deployment_utility_proposed_uncertainty,150.0
70000,dense_rhs/deployment_utility_proposed_score,47.5
70000,dense_rhs/previous_horizon,3.0
70000,dense_rhs/training_bucket_horizon,3.0
70000,dense_rhs/best_h,3.0
70000,dense_rhs/prob_best_h,0.337890625
70000,dense_rhs/gauss_mean_best_h,0.884530782699585
70000,dense_rhs/gauss_post_std_best_h,1.0
70000,system/heartbeat,1.0
71992,episode/return,826.7462158203125
71992,episode/length,500.0
71993,episode/return,816.2766723632812
71993,episode/length,500.0
71994,episode/return,828.6915283203125
71994,episode/length,500.0
71995,episode/return,822.5863037109375
71995,episode/length,500.0
71996,episode/return,823.1305541992188
71996,episode/length,500.0
71997,episode/return,772.2844848632812
71997,episode/length,500.0
71998,episode/return,820.3541259765625
71998,episode/length,500.0
71999,episode/return,821.8529663085938
71999,episode/length,500.0
75992,episode/return,795.9366455078125
75992,episode/length,500.0
75993,episode/return,795.71630859375
75993,episode/length,500.0
75994,episode/return,797.8223266601562
75994,episode/length,500.0
75995,episode/return,793.7360229492188
75995,episode/length,500.0
75996,episode/return,795.5938720703125
75996,episode/length,500.0
75997,episode/return,786.9779052734375
75997,episode/length,500.0
75998,episode/return,797.3146362304688
75998,episode/length,500.0
75999,episode/return,794.4664916992188
75999,episode/length,500.0
79992,episode/return,800.1598510742188
79992,episode/length,500.0
79993,episode/return,801.37060546875
79993,episode/length,500.0
79994,episode/return,799.8978271484375
79994,episode/length,500.0
79995,episode/return,799.6553344726562
79995,episode/length,500.0
79996,episode/return,787.6141357421875
79996,episode/length,500.0
79997,episode/return,794.8340454101562
79997,episode/length,500.0
79998,episode/return,793.95263671875
79998,episode/length,500.0
79999,episode/return,802.0745239257812
79999,episode/length,500.0
80000,train/consistency_loss_mean,3.364497799484525e-05
80000,train/consistency_loss_std,8.18944889948214e-06
80000,train/continue_loss_mean,0.0
80000,train/continue_loss_std,0.0
80000,train/grad_norm_mean,0.16833802812695503
80000,train/grad_norm_std,0.08906353396211153
80000,train/policy_log_std_mean,-1.0702410728931426
80000,train/policy_log_std_std,0.46164386097349347
80000,train/policy_loss_mean,-0.4993551661491394
80000,train/policy_loss_std,0.015070831143865109
80000,train/reward_loss_mean,0.3005659839630127
80000,train/reward_loss_std,0.00675622691150494
80000,train/total_loss_mean,0.054442576190829275
80000,train/total_loss_std,0.0010802194481016624
80000,train/value_loss_mean,0.23713077454566955
80000,train/value_loss_std,0.009179923440563157
80000,train/value_scale_mean,134.70033848876952
80000,train/value_scale_std,1.7748701743838318
80000,timing/collect_chunk_s,89.27229609293863
80000,timing/train_chunk_s,20.642783752642572
80000,dense_rhs/training_bucket_horizon,3.0
80000,system/heartbeat,1.0
83992,episode/return,833.6360473632812
83992,episode/length,500.0
83993,episode/return,838.2919921875
83993,episode/length,500.0
83994,episode/return,829.9050903320312
83994,episode/length,500.0
83995,episode/return,835.1740112304688
83995,episode/length,500.0
83996,episode/return,839.405029296875
83996,episode/length,500.0
83997,episode/return,837.3265380859375
83997,episode/length,500.0
83998,episode/return,835.858154296875
83998,episode/length,500.0
83999,episode/return,833.5829467773438
83999,episode/length,500.0
87992,episode/return,858.17529296875
87992,episode/length,500.0
87993,episode/return,859.0911254882812
87993,episode/length,500.0
87994,episode/return,857.1609497070312
87994,episode/length,500.0
87995,episode/return,854.701416015625
87995,episode/length,500.0
87996,episode/return,857.619140625
87996,episode/length,500.0
87997,episode/return,857.5508422851562
87997,episode/length,500.0
87998,episode/return,856.77392578125
87998,episode/length,500.0
87999,episode/return,854.84814453125
87999,episode/length,500.0
90000,train/consistency_loss_mean,3.287276573537383e-05
90000,train/consistency_loss_std,8.150000303593754e-06
90000,train/continue_loss_mean,0.0
90000,train/continue_loss_std,0.0
90000,train/grad_norm_mean,0.14924614028334618
90000,train/grad_norm_std,0.08121568835110915
90000,train/policy_log_std_mean,-1.1176470172405244
90000,train/policy_log_std_std,0.5142950615858055
90000,train/policy_loss_mean,-0.5398355962276459
90000,train/policy_loss_std,0.017143126937730024
90000,train/reward_loss_mean,0.30364636282920837
90000,train/reward_loss_std,0.006997258550287255
90000,train/total_loss_mean,0.054316897174715995
90000,train/total_loss_std,0.001089605037738995
90000,train/value_loss_mean,0.23294804701805114
90000,train/value_loss_std,0.008471122946999778
90000,train/value_scale_mean,128.33410352783204
90000,train/value_scale_std,2.3777721955515574
90000,timing/collect_chunk_s,90.37597907567397
90000,timing/train_chunk_s,20.67814397579059
90000,dense_rhs/training_bucket_horizon,3.0
90000,system/heartbeat,1.0
91992,episode/return,841.4979858398438
91992,episode/length,500.0
91993,episode/return,829.0629272460938
91993,episode/length,500.0
91994,episode/return,827.0853881835938
91994,episode/length,500.0
91995,episode/return,824.3018798828125
91995,episode/length,500.0
91996,episode/return,820.8924560546875
91996,episode/length,500.0
91997,episode/return,817.3428344726562
91997,episode/length,500.0
91998,episode/return,833.7548217773438
91998,episode/length,500.0
91999,episode/return,835.4452514648438
91999,episode/length,500.0
95992,episode/return,847.0259399414062
95992,episode/length,500.0
95993,episode/return,849.673583984375
95993,episode/length,500.0
95994,episode/return,851.9033203125
95994,episode/length,500.0
95995,episode/return,854.986328125
95995,episode/length,500.0
95996,episode/return,855.4511108398438
95996,episode/length,500.0
95997,episode/return,854.9317626953125
95997,episode/length,500.0
95998,episode/return,855.031005859375
95998,episode/length,500.0
95999,episode/return,854.660888671875
95999,episode/length,500.0
99992,episode/return,852.5686645507812
99992,episode/length,500.0
99993,episode/return,851.1145629882812
99993,episode/length,500.0
99994,episode/return,852.3709716796875
99994,episode/length,500.0
99995,episode/return,848.4158935546875
99995,episode/length,500.0
99996,episode/return,852.4942016601562
99996,episode/length,500.0
99997,episode/return,852.607177734375
99997,episode/length,500.0
99998,episode/return,852.92138671875
99998,episode/length,500.0
99999,episode/return,849.7254638671875
99999,episode/length,500.0
100000,train/consistency_loss_mean,3.22241596353706e-05
100000,train/consistency_loss_std,8.103187165760999e-06
100000,train/continue_loss_mean,0.0
100000,train/continue_loss_std,0.0
100000,train/grad_norm_mean,0.13317081819176674
100000,train/grad_norm_std,0.07330401843728399
100000,train/policy_log_std_mean,-1.1132194389820098
100000,train/policy_log_std_std,0.5478604972026306
100000,train/policy_loss_mean,-0.5685691134929657
100000,train/policy_loss_std,0.015770799180385865
100000,train/reward_loss_mean,0.309652946972847
100000,train/reward_loss_std,0.006817242969370429
100000,train/total_loss_mean,0.055779045531153676
100000,train/total_loss_std,0.001115821905315121
100000,train/value_loss_mean,0.24169266539812087
100000,train/value_loss_std,0.008563305898618128
100000,train/value_scale_mean,125.33775457763672
100000,train/value_scale_std,1.9001196751402238
100000,timing/collect_chunk_s,91.172012897674
100000,timing/train_chunk_s,20.668451223522425
100000,dense_rhs/training_bucket_horizon,3.0
100000,system/heartbeat,1.0
100000,timing/checkpoint_blocking_s,0.41435681097209454
100000,eval/return_mean,787.087158203125
100000,eval/return_std,180.68267822265625
100000,eval/return_max,843.7213745117188
100000,eval/return_min,0.015529433265328407
100000,dense_rhs/deployment_utility_last_observed_gain,57.26763916015625
100000,dense_rhs/deployment_utility_observations,1.0
100000,timing/eval_s,9.282373666763306
100000,eval/selected_horizon,3.0
100000,eval/training_bucket_horizon,3.0
100000,system/heartbeat,1.0
103992,episode/return,810.4163818359375
103992,episode/length,500.0
103993,episode/return,816.2216186523438
103993,episode/length,500.0
103994,episode/return,814.6566162109375
103994,episode/length,500.0
103995,episode/return,817.0572509765625
103995,episode/length,500.0
103996,episode/return,814.0087890625
103996,episode/length,500.0
103997,episode/return,813.3424072265625
103997,episode/length,500.0
103998,episode/return,829.2748413085938
103998,episode/length,500.0
103999,episode/return,830.3833618164062
103999,episode/length,500.0
107992,episode/return,814.5182495117188
107992,episode/length,500.0
107993,episode/return,846.2156372070312
107993,episode/length,500.0
107994,episode/return,817.57275390625
107994,episode/length,500.0
107995,episode/return,814.0875854492188
107995,episode/length,500.0
107996,episode/return,814.69482421875
107996,episode/length,500.0
107997,episode/return,845.2112426757812
107997,episode/length,500.0
107998,episode/return,847.1766967773438
107998,episode/length,500.0
107999,episode/return,832.8118286132812
107999,episode/length,500.0
110000,train/consistency_loss_mean,3.2308509379799947e-05
110000,train/consistency_loss_std,8.09717048017503e-06
110000,train/continue_loss_mean,0.0
110000,train/continue_loss_std,0.0
110000,train/grad_norm_mean,0.1235876574754715
110000,train/grad_norm_std,0.07573271830748515
110000,train/policy_log_std_mean,-1.29471854057312
110000,train/policy_log_std_std,0.6212053328764402
110000,train/policy_loss_mean,-0.6167318835258484
110000,train/policy_loss_std,0.01573962652915766
110000,train/reward_loss_mean,0.31367566843032835
110000,train/reward_loss_std,0.006562425498648949
110000,train/total_loss_mean,0.055985455283522605
110000,train/total_loss_std,0.0010414750622459406
110000,train/value_loss_mean,0.23971717125177383
110000,train/value_loss_std,0.00811272436680393
110000,train/value_scale_mean,117.33773889770508
110000,train/value_scale_std,1.8841489040781587
110000,timing/collect_chunk_s,87.30794983077794
110000,timing/train_chunk_s,20.58246634248644
110000,dense_rhs/training_bucket_horizon,3.0
110000,system/heartbeat,1.0
111992,episode/return,833.4662475585938
111992,episode/length,500.0
111993,episode/return,830.1651000976562
111993,episode/length,500.0
111994,episode/return,821.1943359375
111994,episode/length,500.0
111995,episode/return,835.9215698242188
111995,episode/length,500.0
111996,episode/return,828.0651245117188
111996,episode/length,500.0
111997,episode/return,841.6117553710938
111997,episode/length,500.0
111998,episode/return,848.218994140625
111998,episode/length,500.0
111999,episode/return,839.4938354492188
111999,episode/length,500.0
115992,episode/return,851.4063720703125
115992,episode/length,500.0
115993,episode/return,0.07981748133897781
115993,episode/length,500.0
115994,episode/return,851.8245239257812
115994,episode/length,500.0
115995,episode/return,850.6083374023438
115995,episode/length,500.0
115996,episode/return,850.966064453125
115996,episode/length,500.0
115997,episode/return,850.537109375
115997,episode/length,500.0
115998,episode/return,851.8471069335938
115998,episode/length,500.0
115999,episode/return,850.4144287109375
115999,episode/length,500.0
119992,episode/return,856.57666015625
119992,episode/length,500.0
119993,episode/return,855.857421875
119993,episode/length,500.0
119994,episode/return,857.0022583007812
119994,episode/length,500.0
119995,episode/return,855.2540893554688
119995,episode/length,500.0
119996,episode/return,856.7391357421875
119996,episode/length,500.0
119997,episode/return,856.8092041015625
119997,episode/length,500.0
119998,episode/return,856.6644287109375
119998,episode/length,500.0
119999,episode/return,855.9659423828125
119999,episode/length,500.0
120000,train/consistency_loss_mean,3.381497940135887e-05
120000,train/consistency_loss_std,9.043616036661066e-06
120000,train/continue_loss_mean,0.0
120000,train/continue_loss_std,0.0
120000,train/grad_norm_mean,0.10770078948140144
120000,train/grad_norm_std,0.05719817721459729
120000,train/policy_log_std_mean,-1.3794004648208618
120000,train/policy_log_std_std,0.5605320505591025
120000,train/policy_loss_mean,-0.6479904774665832
120000,train/policy_loss_std,0.01719221197607888
120000,train/reward_loss_mean,0.3163924548387527
120000,train/reward_loss_std,0.006644343138861449
120000,train/total_loss_mean,0.05578389652073383
120000,train/total_loss_std,0.0010009633293371176
120000,train/value_loss_mean,0.23468350208997726
120000,train/value_loss_std,0.008094133090817371
120000,train/value_scale_mean,112.12368110351562
120000,train/value_scale_std,2.2058644883315615
120000,timing/collect_chunk_s,90.1150868809782
120000,timing/train_chunk_s,20.52069654269144
120000,dense_rhs/training_bucket_horizon,3.0
120000,system/heartbeat,1.0
120000,dense_rhs/selected_horizon,3.0
120000,dense_rhs/proposed_horizon,3.0
120000,dense_rhs/phase_id,0.0
120000,dense_rhs/num_active_horizons,7.0
120000,dense_rhs/num_candidate_horizons,3.0
120000,dense_rhs/entropy,1.5633771419525146
120000,dense_rhs/norm_entropy,0.8034168481826782
120000,dense_rhs/best_fitness,0.4484982192516327
120000,dense_rhs/deployment_score_best,0.002059004968032241
120000,dense_rhs/incumbent_deployment_score,0.002059004968032241
120000,dense_rhs/proposed_deployment_score,0.002059004968032241
120000,dense_rhs/proposed_transition_cost,0.0
120000,dense_rhs/proposed_switch_probability,0.5
120000,dense_rhs/proposed_expected_net_benefit,0.0
120000,dense_rhs/transition_cost_best,0.0
120000,dense_rhs/transition_adjusted_score_best,0.002059004968032241
120000,dense_rhs/switch_probability_best,0.5
120000,dense_rhs/expected_improvement_best,0.564189612865448
120000,dense_rhs/expected_loss_best,0.564189612865448
120000,dense_rhs/expected_net_benefit_best,0.0
120000,dense_rhs/return_term_best,0.42395615577697754
120000,dense_rhs/roughness_term_best,0.9715561866760254
120000,dense_rhs/return_std_term_best,0.09822982549667358
120000,dense_rhs/learner_proxy_term_best,0.6678244471549988
120000,dense_rhs/model_prefix_loss_best,0.29227784276008606
120000,dense_rhs/model_probe_prefix_best,0.167069211602211
120000,dense_rhs/planner_return_best,182.78111267089844
120000,dense_rhs/roughness_best,0.02837715856730938
120000,dense_rhs/robust_return_best,215.27549743652344
120000,timing/query_model_diag_s,14.422784531023353
120000,timing/query_env_eval_s,6.438374387100339
120000,timing/query_finalize_s,0.804547802079469
120000,timing/query_total_s,21.670683683361858
120000,dense_rhs/candidate_3_fitness,0.4484982192516327
120000,dense_rhs/candidate_3_deployment_score,0.002059004968032241
120000,dense_rhs/candidate_3_transition_cost,0.0
120000,dense_rhs/candidate_3_transition_adjusted_score,0.002059004968032241
120000,dense_rhs/candidate_3_switch_probability,0.5
120000,dense_rhs/candidate_3_expected_net_benefit,0.0
120000,dense_rhs/candidate_3_return,215.27549743652344
120000,dense_rhs/candidate_3_return_term,0.42395615577697754
120000,dense_rhs/candidate_3_roughness_term,0.9715561866760254
120000,dense_rhs/candidate_3_return_std_term,0.09822982549667358
120000,dense_rhs/candidate_3_learner_proxy_term,0.6678244471549988
120000,dense_rhs/candidate_2_fitness,0.03162277489900589
120000,dense_rhs/candidate_2_deployment_score,9.999999974752427e-07
120000,dense_rhs/candidate_2_transition_cost,0.04286929592490196
120000,dense_rhs/candidate_2_transition_adjusted_score,-0.042868297547101974
120000,dense_rhs/candidate_2_switch_probability,0.4873283803462982
120000,dense_rhs/candidate_2_expected_net_benefit,-0.04492729902267456
120000,dense_rhs/candidate_2_return,259.0748596191406
120000,dense_rhs/candidate_2_return_term,1.0
120000,dense_rhs/candidate_2_roughness_term,1.0
120000,dense_rhs/candidate_2_return_std_term,0.0
120000,dense_rhs/candidate_2_learner_proxy_term,1.0
120000,dense_rhs/candidate_4_fitness,0.3461025655269623
120000,dense_rhs/candidate_4_deployment_score,2.0409557691891678e-05
120000,dense_rhs/candidate_4_transition_cost,0.04178569093346596
120000,dense_rhs/candidate_4_transition_adjusted_score,-0.041765280067920685
120000,dense_rhs/candidate_4_switch_probability,0.4876393675804138
120000,dense_rhs/candidate_4_expected_net_benefit,-0.04382431507110596
120000,dense_rhs/candidate_4_return,194.14625549316406
120000,dense_rhs/candidate_4_return_term,0.14606699347496033
120000,dense_rhs/candidate_4_roughness_term,0.919223964214325
120000,dense_rhs/candidate_4_return_std_term,0.10686010122299194
120000,dense_rhs/candidate_4_learner_proxy_term,0.4564448595046997
120000,dense_rhs/deployment_utility_enabled,1.0
120000,dense_rhs/deployment_utility_observations,1.0
120000,dense_rhs/deployment_utility_last_observed_gain,57.26763916015625
120000,dense_rhs/candidate_2_expected_eval_gain,0.0
120000,dense_rhs/candidate_2_eval_gain_uncertainty,150.0
120000,dense_rhs/candidate_2_deployment_utility_score,37.5
120000,dense_rhs/candidate_3_expected_eval_gain,57.26763916015625
120000,dense_rhs/candidate_3_eval_gain_uncertainty,106.06601717798212
120000,dense_rhs/candidate_3_deployment_utility_score,93.78414345465178
120000,dense_rhs/candidate_4_expected_eval_gain,0.0
120000,dense_rhs/candidate_4_eval_gain_uncertainty,150.0
120000,dense_rhs/candidate_4_deployment_utility_score,37.59431249193218
120000,dense_rhs/deployment_utility_override,0.0
120000,dense_rhs/deployment_utility_selected_expected_gain,57.26763916015625
120000,dense_rhs/deployment_utility_selected_uncertainty,106.06601717798212
120000,dense_rhs/deployment_utility_selected_score,93.78414345465178
120000,dense_rhs/deployment_utility_proposed_horizon,3.0
120000,dense_rhs/deployment_utility_proposed_expected_gain,57.26763916015625
120000,dense_rhs/deployment_utility_proposed_uncertainty,106.06601717798212
120000,dense_rhs/deployment_utility_proposed_score,93.78414345465178
120000,dense_rhs/previous_horizon,3.0
120000,dense_rhs/training_bucket_horizon,3.0
120000,dense_rhs/best_h,3.0
120000,dense_rhs/prob_best_h,0.328125
120000,dense_rhs/gauss_mean_best_h,0.66651451587677
120000,dense_rhs/gauss_post_std_best_h,0.154160737991333
120000,system/heartbeat,1.0
123992,episode/return,757.528076171875
123992,episode/length,500.0
123993,episode/return,761.0113525390625
123993,episode/length,500.0
123994,episode/return,757.4481201171875
123994,episode/length,500.0
123995,episode/return,762.499267578125
123995,episode/length,500.0
123996,episode/return,761.879150390625
123996,episode/length,500.0
123997,episode/return,762.3258056640625
123997,episode/length,500.0
123998,episode/return,754.3136596679688
123998,episode/length,500.0
123999,episode/return,760.61865234375
123999,episode/length,500.0
127992,episode/return,854.4878540039062
127992,episode/length,500.0
127993,episode/return,847.618408203125
127993,episode/length,500.0
127994,episode/return,855.3941650390625
127994,episode/length,500.0
127995,episode/return,854.6044311523438
127995,episode/length,500.0
127996,episode/return,849.8277587890625
127996,episode/length,500.0
127997,episode/return,855.4234008789062
127997,episode/length,500.0
127998,episode/return,856.1151123046875
127998,episode/length,500.0
127999,episode/return,855.3351440429688
127999,episode/length,500.0
130000,train/consistency_loss_mean,3.6032962276658506e-05
130000,train/consistency_loss_std,9.884732080964853e-06
130000,train/continue_loss_mean,0.0
130000,train/continue_loss_std,0.0
130000,train/grad_norm_mean,0.11500155170559884
130000,train/grad_norm_std,0.06668718565446419
130000,train/policy_log_std_mean,-1.3606697407722472
130000,train/policy_log_std_std,0.5358942687335879
130000,train/policy_loss_mean,-0.6600299664497375
130000,train/policy_loss_std,0.013216837657325037
130000,train/reward_loss_mean,0.31965339562892914
130000,train/reward_loss_std,0.006698919671208458
130000,train/total_loss_mean,0.05789830097258091
130000,train/total_loss_std,0.0013393800304312823
130000,train/value_loss_mean,0.2521230109930038
130000,train/value_loss_std,0.01087610517599097
130000,train/value_scale_mean,111.40616744384765
130000,train/value_scale_std,1.3247886051673123
130000,timing/collect_chunk_s,90.69719238812104
130000,timing/train_chunk_s,20.621225179173052
130000,dense_rhs/training_bucket_horizon,3.0
130000,system/heartbeat,1.0
131992,episode/return,838.0814208984375
131992,episode/length,500.0
131993,episode/return,832.7197265625
131993,episode/length,500.0
131994,episode/return,842.0025024414062
131994,episode/length,500.0
131995,episode/return,838.056640625
131995,episode/length,500.0
131996,episode/return,832.8984985351562
131996,episode/length,500.0
131997,episode/return,838.0347900390625
131997,episode/length,500.0
131998,episode/return,831.3551635742188
131998,episode/length,500.0
131999,episode/return,836.9986572265625
131999,episode/length,500.0
135992,episode/return,852.1466674804688
135992,episode/length,500.0
135993,episode/return,853.303955078125
135993,episode/length,500.0
135994,episode/return,853.9154663085938
135994,episode/length,500.0
135995,episode/return,854.363037109375
135995,episode/length,500.0
135996,episode/return,854.0877685546875
135996,episode/length,500.0
135997,episode/return,853.2545166015625
135997,episode/length,500.0
135998,episode/return,854.2236938476562
135998,episode/length,500.0
135999,episode/return,843.1675415039062
135999,episode/length,500.0
139992,episode/return,840.3595581054688
139992,episode/length,500.0
139993,episode/return,838.949951171875
139993,episode/length,500.0
139994,episode/return,838.072998046875
139994,episode/length,500.0
139995,episode/return,831.7105102539062
139995,episode/length,500.0
139996,episode/return,839.531005859375
139996,episode/length,500.0
139997,episode/return,833.9799194335938
139997,episode/length,500.0
139998,episode/return,830.6146850585938
139998,episode/length,500.0
139999,episode/return,836.5330810546875
139999,episode/length,500.0
140000,train/consistency_loss_mean,3.850098008406349e-05
140000,train/consistency_loss_std,1.1489764673398785e-05
140000,train/continue_loss_mean,0.0
140000,train/continue_loss_std,0.0
140000,train/grad_norm_mean,0.1128466129720211
140000,train/grad_norm_std,0.06169461196867974
140000,train/policy_log_std_mean,-1.4343079957008362
140000,train/policy_log_std_std,0.5389616375626779
140000,train/policy_loss_mean,-0.6998370411872864
140000,train/policy_loss_std,0.018502450354441986
140000,train/reward_loss_mean,0.3233281902074814
140000,train/reward_loss_std,0.006577414204626003
140000,train/total_loss_mean,0.05794057805240154
140000,train/total_loss_std,0.0011576377534614777
140000,train/value_loss_mean,0.24837737797498702
140000,train/value_loss_std,0.010029923938077116
140000,train/value_scale_mean,106.3250934387207
140000,train/value_scale_std,2.077896268720093
140000,timing/collect_chunk_s,89.4007199415937
140000,timing/train_chunk_s,20.572407013736665
140000,dense_rhs/training_bucket_horizon,3.0
140000,system/heartbeat,1.0
143992,episode/return,852.504150390625
143992,episode/length,500.0
143993,episode/return,852.5842895507812
143993,episode/length,500.0
143994,episode/return,851.3414306640625
143994,episode/length,500.0
143995,episode/return,851.7596435546875
143995,episode/length,500.0
143996,episode/return,852.9893188476562
143996,episode/length,500.0
143997,episode/return,852.880859375
143997,episode/length,500.0
143998,episode/return,853.974609375
143998,episode/length,500.0
143999,episode/return,852.1372680664062
143999,episode/length,500.0
147992,episode/return,822.8334350585938
147992,episode/length,500.0
147993,episode/return,824.5798950195312
147993,episode/length,500.0
147994,episode/return,829.613525390625
147994,episode/length,500.0
147995,episode/return,818.47900390625
147995,episode/length,500.0
147996,episode/return,825.9533081054688
147996,episode/length,500.0
147997,episode/return,832.2788696289062
147997,episode/length,500.0
147998,episode/return,830.30126953125
147998,episode/length,500.0
147999,episode/return,828.2108764648438
147999,episode/length,500.0
150000,train/consistency_loss_mean,4.231792219216004e-05
150000,train/consistency_loss_std,1.4020175461610872e-05
150000,train/continue_loss_mean,0.0
150000,train/continue_loss_std,0.0
150000,train/grad_norm_mean,0.11350112499594689
150000,train/grad_norm_std,0.061774290926198426
150000,train/policy_log_std_mean,-1.3756294345855713
150000,train/policy_log_std_std,0.5213013445468212
150000,train/policy_loss_mean,-0.718833799982071
150000,train/policy_loss_std,0.014215133611740021
150000,train/reward_loss_mean,0.3265570379495621
150000,train/reward_loss_std,0.006546224066566563
150000,train/total_loss_mean,0.05906633151769638
150000,train/total_loss_std,0.0011214116692863827
150000,train/value_loss_mean,0.25564267904758453
150000,train/value_loss_std,0.0082252764581561
150000,train/value_scale_mean,104.88586024169922
150000,train/value_scale_std,1.0211847206740887
150000,timing/collect_chunk_s,90.13314866600558
150000,timing/train_chunk_s,20.559509937185794
150000,dense_rhs/training_bucket_horizon,3.0
150000,system/heartbeat,1.0
150000,timing/checkpoint_blocking_s,0.43551884312182665
150000,eval/return_mean,847.9713134765625
150000,eval/return_std,1.802253246307373
150000,eval/return_max,850.5166015625
150000,eval/return_min,842.1705932617188
150000,dense_rhs/deployment_utility_last_observed_gain,60.8841552734375
150000,dense_rhs/deployment_utility_observations,2.0
150000,timing/eval_s,9.284167654812336
150000,eval/selected_horizon,3.0
150000,eval/training_bucket_horizon,3.0
150000,system/heartbeat,1.0
151992,episode/return,838.8895263671875
151992,episode/length,500.0
151993,episode/return,834.6856689453125
151993,episode/length,500.0
151994,episode/return,838.4855346679688
151994,episode/length,500.0
151995,episode/return,834.9340209960938
151995,episode/length,500.0
151996,episode/return,840.7828979492188
151996,episode/length,500.0
151997,episode/return,832.8707275390625
151997,episode/length,500.0
151998,episode/return,836.7360229492188
151998,episode/length,500.0
151999,episode/return,832.8222045898438
151999,episode/length,500.0
155992,episode/return,848.0016479492188
155992,episode/length,500.0
155993,episode/return,850.7750854492188
155993,episode/length,500.0
155994,episode/return,848.2991943359375
155994,episode/length,500.0
155995,episode/return,848.533935546875
155995,episode/length,500.0
155996,episode/return,849.1649780273438
155996,episode/length,500.0
155997,episode/return,845.226318359375
155997,episode/length,500.0
155998,episode/return,735.5194091796875
155998,episode/length,500.0
155999,episode/return,849.0690307617188
155999,episode/length,500.0
159992,episode/return,827.0109252929688
159992,episode/length,500.0
159993,episode/return,839.7379760742188
159993,episode/length,500.0
159994,episode/return,835.2886352539062
159994,episode/length,500.0
159995,episode/return,837.097900390625
159995,episode/length,500.0
159996,episode/return,832.4979248046875
159996,episode/length,500.0
159997,episode/return,837.2613525390625
159997,episode/length,500.0
159998,episode/return,838.2662353515625
159998,episode/length,500.0
159999,episode/return,834.4735717773438
159999,episode/length,500.0
160000,train/consistency_loss_mean,4.772465235728305e-05
160000,train/consistency_loss_std,1.747450153267275e-05
160000,train/continue_loss_mean,0.0
160000,train/continue_loss_std,0.0
160000,train/grad_norm_mean,0.12005816666483879
160000,train/grad_norm_std,0.06218014369992004
160000,train/policy_log_std_mean,-1.3404524443626404
160000,train/policy_log_std_std,0.5436147778505008
160000,train/policy_loss_mean,-0.7413831137657165
160000,train/policy_loss_std,0.014173872607973873
160000,train/reward_loss_mean,0.32906159877777097
160000,train/reward_loss_std,0.00643034676627991
160000,train/total_loss_mean,0.06060445596575737
160000,train/total_loss_std,0.0013025883371786651
160000,train/value_loss_mean,0.2674380134105682
160000,train/value_loss_std,0.010133164858600672
160000,train/value_scale_mean,103.04531448974609
160000,train/value_scale_std,0.8324291392211469
160000,timing/collect_chunk_s,94.31834991741925
160000,timing/train_chunk_s,20.624029654078186
160000,dense_rhs/training_bucket_horizon,3.0
160000,system/heartbeat,1.0
163992,episode/return,853.6399536132812
163992,episode/length,500.0
163993,episode/return,854.008056640625
163993,episode/length,500.0
163994,episode/return,849.98046875
163994,episode/length,500.0
163995,episode/return,820.0501708984375
163995,episode/length,500.0
163996,episode/return,855.3843994140625
163996,episode/length,500.0
163997,episode/return,839.1519775390625
163997,episode/length,500.0
163998,episode/return,846.9545288085938
163998,episode/length,500.0
163999,episode/return,852.9697875976562
163999,episode/length,500.0
167992,episode/return,853.2105712890625
167992,episode/length,500.0
167993,episode/return,852.8810424804688
167993,episode/length,500.0
167994,episode/return,853.5931396484375
167994,episode/length,500.0
167995,episode/return,854.5802612304688
167995,episode/length,500.0
167996,episode/return,854.56201171875
167996,episode/length,500.0
167997,episode/return,853.6093139648438
167997,episode/length,500.0
167998,episode/return,855.4541625976562
167998,episode/length,500.0
167999,episode/return,855.8065185546875
167999,episode/length,500.0
170000,train/consistency_loss_mean,5.101704079424963e-05
170000,train/consistency_loss_std,2.0129416603697317e-05
170000,train/continue_loss_mean,0.0
170000,train/continue_loss_std,0.0
170000,train/grad_norm_mean,0.12104150041937828
170000,train/grad_norm_std,0.0651734083911928
170000,train/policy_log_std_mean,-1.2904206336021424
170000,train/policy_log_std_std,0.5792742555951521
170000,train/policy_loss_mean,-0.7649332310676574
170000,train/policy_loss_std,0.014350702877093406
170000,train/reward_loss_mean,0.33133947112560275
170000,train/reward_loss_std,0.006380902745892472
170000,train/total_loss_mean,0.0633454396367073
170000,train/total_loss_std,0.0013425561595270614
170000,train/value_loss_mean,0.2919115045070648
170000,train/value_loss_std,0.009640836178689738
170000,train/value_scale_mean,101.66929983520508
170000,train/value_scale_std,0.8057706445815852
170000,timing/collect_chunk_s,92.74327179696411
170000,timing/train_chunk_s,20.63461460825056
170000,dense_rhs/training_bucket_horizon,3.0
170000,system/heartbeat,1.0
170000,dense_rhs/selected_horizon,3.0
170000,dense_rhs/proposed_horizon,3.0
170000,dense_rhs/phase_id,0.0
170000,dense_rhs/num_active_horizons,7.0
170000,dense_rhs/num_candidate_horizons,3.0
170000,dense_rhs/entropy,1.6938682794570923
170000,dense_rhs/norm_entropy,0.8704760670661926
170000,dense_rhs/best_fitness,0.9833021759986877
170000,dense_rhs/deployment_score_best,0.9197579622268677
170000,dense_rhs/incumbent_deployment_score,0.9197579622268677
170000,dense_rhs/proposed_deployment_score,0.9197579622268677
170000,dense_rhs/proposed_transition_cost,0.0
170000,dense_rhs/proposed_switch_probability,0.5
170000,dense_rhs/proposed_expected_net_benefit,0.0
170000,dense_rhs/transition_cost_best,0.0
170000,dense_rhs/transition_adjusted_score_best,0.9197579622268677
170000,dense_rhs/switch_probability_best,0.5
170000,dense_rhs/expected_improvement_best,0.08697587996721268
170000,dense_rhs/expected_loss_best,0.08697587996721268
170000,dense_rhs/expected_net_benefit_best,0.0
170000,dense_rhs/return_term_best,0.9945852160453796
170000,dense_rhs/roughness_term_best,0.955004096031189
170000,dense_rhs/return_std_term_best,0.9842384457588196
170000,dense_rhs/learner_proxy_term_best,1.0
170000,dense_rhs/model_prefix_loss_best,0.3338935971260071
170000,dense_rhs/model_probe_prefix_best,0.17700088024139404
170000,dense_rhs/planner_return_best,193.96966552734375
170000,dense_rhs/roughness_best,0.026748664677143097
170000,dense_rhs/robust_return_best,368.7552185058594
170000,timing/query_model_diag_s,0.011766122188419104
170000,timing/query_env_eval_s,6.081917447037995
170000,timing/query_finalize_s,0.003959593828767538
170000,timing/query_total_s,6.10287900082767
170000,dense_rhs/candidate_3_fitness,0.9833021759986877
170000,dense_rhs/candidate_3_deployment_score,0.9197579622268677
170000,dense_rhs/candidate_3_transition_cost,0.0
170000,dense_rhs/candidate_3_transition_adjusted_score,0.9197579622268677
170000,dense_rhs/candidate_3_switch_probability,0.5
170000,dense_rhs/candidate_3_expected_net_benefit,0.0
170000,dense_rhs/candidate_3_return,368.7552185058594
170000,dense_rhs/candidate_3_return_term,0.9945852160453796
170000,dense_rhs/candidate_3_roughness_term,0.955004096031189
170000,dense_rhs/candidate_3_return_std_term,0.9842384457588196
170000,dense_rhs/candidate_3_learner_proxy_term,1.0
170000,dense_rhs/candidate_4_fitness,0.03162277489900589
170000,dense_rhs/candidate_4_deployment_score,1.0883156598140431e-08
170000,dense_rhs/candidate_4_transition_cost,0.05768192559480667
170000,dense_rhs/candidate_4_transition_adjusted_score,-0.057681914418935776
170000,dense_rhs/candidate_4_switch_probability,1.4901161193847656e-07
170000,dense_rhs/candidate_4_expected_net_benefit,-0.9774398803710938
170000,dense_rhs/candidate_4_return,256.98065185546875
170000,dense_rhs/candidate_4_return_term,0.35854172706604004
170000,dense_rhs/candidate_4_roughness_term,0.8595328330993652
170000,dense_rhs/candidate_4_return_std_term,0.0
170000,dense_rhs/candidate_4_learner_proxy_term,0.76618492603302
170000,dense_rhs/candidate_2_fitness,0.9955418705940247
170000,dense_rhs/candidate_2_deployment_score,0.9292400479316711
170000,dense_rhs/candidate_2_transition_cost,0.0421174131333828
170000,dense_rhs/candidate_2_transition_adjusted_score,0.887122631072998
170000,dense_rhs/candidate_2_switch_probability,0.42966797947883606
170000,dense_rhs/candidate_2_expected_net_benefit,-0.03263532742857933
170000,dense_rhs/candidate_2_return,369.706787109375
170000,dense_rhs/candidate_2_return_term,1.0
170000,dense_rhs/candidate_2_roughness_term,1.0
170000,dense_rhs/candidate_2_return_std_term,0.9822853803634644
170000,dense_rhs/candidate_2_learner_proxy_term,0.9459980726242065
170000,dense_rhs/deployment_utility_enabled,1.0
170000,dense_rhs/deployment_utility_observations,2.0
170000,dense_rhs/deployment_utility_last_observed_gain,60.8841552734375
170000,dense_rhs/candidate_2_expected_eval_gain,0.0
170000,dense_rhs/candidate_2_eval_gain_uncertainty,150.0
170000,dense_rhs/candidate_2_deployment_utility_score,47.5
170000,dense_rhs/candidate_3_expected_eval_gain,59.075897216796875
170000,dense_rhs/candidate_3_eval_gain_uncertainty,1.0439982757657744
170000,dense_rhs/candidate_3_deployment_utility_score,69.23485549041358
170000,dense_rhs/candidate_4_expected_eval_gain,0.0
170000,dense_rhs/candidate_4_eval_gain_uncertainty,150.0
170000,dense_rhs/candidate_4_deployment_utility_score,37.5
170000,dense_rhs/deployment_utility_override,0.0
170000,dense_rhs/deployment_utility_selected_expected_gain,59.075897216796875
170000,dense_rhs/deployment_utility_selected_uncertainty,1.0439982757657744
170000,dense_rhs/deployment_utility_selected_score,69.23485549041358
170000,dense_rhs/deployment_utility_proposed_horizon,3.0
170000,dense_rhs/deployment_utility_proposed_expected_gain,59.075897216796875
170000,dense_rhs/deployment_utility_proposed_uncertainty,1.0439982757657744
170000,dense_rhs/deployment_utility_proposed_score,69.23485549041358
170000,dense_rhs/previous_horizon,3.0
170000,dense_rhs/training_bucket_horizon,3.0
170000,dense_rhs/best_h,3.0
170000,dense_rhs/prob_best_h,0.294921875
170000,dense_rhs/gauss_mean_best_h,0.7721104025840759
170000,dense_rhs/gauss_post_std_best_h,0.13414965569972992
170000,system/heartbeat,1.0
171992,episode/return,850.6056518554688
171992,episode/length,500.0
171993,episode/return,850.2088623046875
171993,episode/length,500.0
171994,episode/return,850.5899047851562
171994,episode/length,500.0
171995,episode/return,851.2042846679688
171995,episode/length,500.0
171996,episode/return,849.9146118164062
171996,episode/length,500.0
171997,episode/return,850.1322021484375
171997,episode/length,500.0
171998,episode/return,851.2330932617188
171998,episode/length,500.0
171999,episode/return,849.125
171999,episode/length,500.0
175992,episode/return,851.1292724609375
175992,episode/length,500.0
175993,episode/return,848.9981689453125
175993,episode/length,500.0
175994,episode/return,847.2213745117188
175994,episode/length,500.0
175995,episode/return,848.146484375
175995,episode/length,500.0
175996,episode/return,847.3189086914062
175996,episode/length,500.0
175997,episode/return,852.4772338867188
175997,episode/length,500.0
175998,episode/return,850.9505004882812
175998,episode/length,500.0
175999,episode/return,849.6115112304688
175999,episode/length,500.0
179992,episode/return,852.3906860351562
179992,episode/length,500.0
179993,episode/return,850.7841796875
179993,episode/length,500.0
179994,episode/return,848.8526611328125
179994,episode/length,500.0
179995,episode/return,851.1290283203125
179995,episode/length,500.0
179996,episode/return,849.7662963867188
179996,episode/length,500.0
179997,episode/return,853.5120849609375
179997,episode/length,500.0
179998,episode/return,852.068603515625
179998,episode/length,500.0
179999,episode/return,847.2033081054688
179999,episode/length,500.0
180000,train/consistency_loss_mean,5.3614613972604276e-05
180000,train/consistency_loss_std,2.226823787456362e-05
180000,train/continue_loss_mean,0.0
180000,train/continue_loss_std,0.0
180000,train/grad_norm_mean,0.12660868540406228
180000,train/grad_norm_std,0.06958882668297163
180000,train/policy_log_std_mean,-1.4216099555015564
180000,train/policy_log_std_std,0.634252080987166
180000,train/policy_loss_mean,-0.783317673254013
180000,train/policy_loss_std,0.013921183329606292
180000,train/reward_loss_mean,0.3339424648523331
180000,train/reward_loss_std,0.006428852399245644
180000,train/total_loss_mean,0.06621172053217887
180000,train/total_loss_std,0.0013974188029696412
180000,train/value_loss_mean,0.31745179483890534
180000,train/value_loss_std,0.010388685771570934
180000,train/value_scale_mean,100.97775692749023
180000,train/value_scale_std,0.7236423401424651
180000,timing/collect_chunk_s,93.03751057293266
180000,timing/train_chunk_s,20.59951703250408
180000,dense_rhs/training_bucket_horizon,3.0
180000,system/heartbeat,1.0
183992,episode/return,849.7788696289062
183992,episode/length,500.0
183993,episode/return,849.3274536132812
183993,episode/length,500.0
183994,episode/return,850.3361206054688
183994,episode/length,500.0
183995,episode/return,848.3048095703125
183995,episode/length,500.0
183996,episode/return,0.0018882567528635263
183996,episode/length,500.0
183997,episode/return,850.0064697265625
183997,episode/length,500.0
183998,episode/return,850.3582763671875
183998,episode/length,500.0
183999,episode/return,850.0647583007812
183999,episode/length,500.0
187992,episode/return,850.0574340820312
187992,episode/length,500.0
187993,episode/return,850.8165893554688
187993,episode/length,500.0
187994,episode/return,848.6015625
187994,episode/length,500.0
187995,episode/return,848.4580078125
187995,episode/length,500.0
187996,episode/return,850.0851440429688
187996,episode/length,500.0
187997,episode/return,850.721435546875
187997,episode/length,500.0
187998,episode/return,849.802734375
187998,episode/length,500.0
187999,episode/return,849.5342407226562
187999,episode/length,500.0
190000,train/consistency_loss_mean,5.958720370254014e-05
190000,train/consistency_loss_std,2.603478244569373e-05
190000,train/continue_loss_mean,0.0
190000,train/continue_loss_std,0.0
190000,train/grad_norm_mean,0.1363896951019764
190000,train/grad_norm_std,0.08255443256110005
190000,train/policy_log_std_mean,-1.4780257429122925
190000,train/policy_log_std_std,0.6973033444111939
190000,train/policy_loss_mean,-0.8004762355327606
190000,train/policy_loss_std,0.014239875029581944
190000,train/reward_loss_mean,0.33503527953624723
190000,train/reward_loss_std,0.006269414361408911
190000,train/total_loss_mean,0.06867668778896331
190000,train/total_loss_std,0.0011928210772991757
190000,train/value_loss_mean,0.3398141427278519
190000,train/value_loss_std,0.0078078429031462355
190000,train/value_scale_mean,100.30597491455079
190000,train/value_scale_std,0.798754130041481
190000,timing/collect_chunk_s,88.24747162917629
190000,timing/train_chunk_s,20.595239592716098
190000,dense_rhs/training_bucket_horizon,3.0
190000,system/heartbeat,1.0
191992,episode/return,845.8524780273438
191992,episode/length,500.0
191993,episode/return,836.7838134765625
191993,episode/length,500.0
191994,episode/return,843.0110473632812
191994,episode/length,500.0
191995,episode/return,835.9577026367188
191995,episode/length,500.0
191996,episode/return,841.2967529296875
191996,episode/length,500.0
191997,episode/return,836.8153686523438
191997,episode/length,500.0
191998,episode/return,842.1046142578125
191998,episode/length,500.0
191999,episode/return,845.9947509765625
191999,episode/length,500.0
195992,episode/return,851.8463745117188
195992,episode/length,500.0
195993,episode/return,850.9107666015625
195993,episode/length,500.0
195994,episode/return,850.3670654296875
195994,episode/length,500.0
195995,episode/return,850.4660034179688
195995,episode/length,500.0
195996,episode/return,850.6522216796875
195996,episode/length,500.0
195997,episode/return,849.1819458007812
195997,episode/length,500.0
195998,episode/return,0.00981357041746378
195998,episode/length,500.0
195999,episode/return,851.5272216796875
195999,episode/length,500.0
199992,episode/return,827.5322875976562
199992,episode/length,500.0
199993,episode/return,834.9287109375
199993,episode/length,500.0
199994,episode/return,840.8939208984375
199994,episode/length,500.0
199995,episode/return,832.3807983398438
199995,episode/length,500.0
199996,episode/return,836.668701171875
199996,episode/length,500.0
199997,episode/return,841.3106079101562
199997,episode/length,500.0
199998,episode/return,839.0765991210938
199998,episode/length,500.0
199999,episode/return,832.8262939453125
199999,episode/length,500.0
200000,train/consistency_loss_mean,6.870036667969544e-05
200000,train/consistency_loss_std,3.1594818750305844e-05
200000,train/continue_loss_mean,0.0
200000,train/continue_loss_std,0.0
200000,train/grad_norm_mean,0.13769056752324105
200000,train/grad_norm_std,0.0815429582448051
200000,train/policy_log_std_mean,-1.490498723220825
200000,train/policy_log_std_std,0.6801586877402565
200000,train/policy_loss_mean,-0.8153322572231293
200000,train/policy_loss_std,0.013585939960243612
200000,train/reward_loss_mean,0.33591621973514557
200000,train/reward_loss_std,0.006354505552436273
200000,train/total_loss_mean,0.0698146417438984
200000,train/total_loss_std,0.0011147673202885828
200000,train/value_loss_mean,0.3484901069164276
200000,train/value_loss_std,0.006205411488462224
200000,train/value_scale_mean,99.50094250488281
200000,train/value_scale_std,0.9078288054493234
200000,timing/collect_chunk_s,88.80270289257169
200000,timing/train_chunk_s,20.623782063368708
200000,dense_rhs/training_bucket_horizon,3.0
200000,system/heartbeat,1.0
200000,timing/checkpoint_blocking_s,0.44466963317245245
200000,eval/return_mean,810.5811767578125
200000,eval/return_std,185.98065185546875
200000,eval/return_max,857.345458984375
200000,eval/return_min,0.017915349453687668
200000,dense_rhs/deployment_utility_last_observed_gain,-37.39013671875
200000,dense_rhs/deployment_utility_observations,3.0
200000,timing/eval_s,9.250248069874942
200000,eval/selected_horizon,3.0
200000,eval/training_bucket_horizon,3.0
200000,system/heartbeat,1.0
203992,episode/return,842.6510009765625
203992,episode/length,500.0
203993,episode/return,842.524658203125
203993,episode/length,500.0
203994,episode/return,839.3218994140625
203994,episode/length,500.0
203995,episode/return,841.9432983398438
203995,episode/length,500.0
203996,episode/return,845.4274291992188
203996,episode/length,500.0
203997,episode/return,844.697998046875
203997,episode/length,500.0
203998,episode/return,845.9454956054688
203998,episode/length,500.0
203999,episode/return,844.6377563476562
203999,episode/length,500.0
207992,episode/return,848.37841796875
207992,episode/length,500.0
207993,episode/return,847.7476806640625
207993,episode/length,500.0
207994,episode/return,848.036376953125
207994,episode/length,500.0
207995,episode/return,848.09228515625
207995,episode/length,500.0
207996,episode/return,847.8942260742188
207996,episode/length,500.0
207997,episode/return,845.6810302734375
207997,episode/length,500.0
207998,episode/return,849.889404296875
207998,episode/length,500.0
207999,episode/return,848.4515991210938
207999,episode/length,500.0
210000,train/consistency_loss_mean,7.195188192417845e-05
210000,train/consistency_loss_std,3.328747739054467e-05
210000,train/continue_loss_mean,0.0
210000,train/continue_loss_std,0.0
210000,train/grad_norm_mean,0.140896591848135
210000,train/grad_norm_std,0.08304789771023725
210000,train/policy_log_std_mean,-1.4909231022834777
210000,train/policy_log_std_std,0.6670565517647483
210000,train/policy_loss_mean,-0.8253302010059357
210000,train/policy_loss_std,0.014290889247319761
210000,train/reward_loss_mean,0.3370773493528366
210000,train/reward_loss_std,0.0063386308846962456
210000,train/total_loss_mean,0.0704548006772995
210000,train/total_loss_std,0.0011282578042452805
210000,train/value_loss_mean,0.35308026044368745
210000,train/value_loss_std,0.0061387481187405
210000,train/value_scale_mean,98.96675023193359
210000,train/value_scale_std,0.7881803204679334
210000,timing/collect_chunk_s,93.17127322265878
210000,timing/train_chunk_s,20.647595095448196
210000,dense_rhs/training_bucket_horizon,3.0
210000,system/heartbeat,1.0
211992,episode/return,851.659423828125
211992,episode/length,500.0
211993,episode/return,849.840087890625
211993,episode/length,500.0
211994,episode/return,851.7264404296875
211994,episode/length,500.0
211995,episode/return,851.1723022460938
211995,episode/length,500.0
211996,episode/return,851.1845092773438
211996,episode/length,500.0
211997,episode/return,844.4550170898438
211997,episode/length,500.0
211998,episode/return,846.2715454101562
211998,episode/length,500.0
211999,episode/return,853.1505126953125
211999,episode/length,500.0
215992,episode/return,857.7919311523438
215992,episode/length,500.0
215993,episode/return,854.9198608398438
215993,episode/length,500.0
215994,episode/return,854.3117065429688
215994,episode/length,500.0
215995,episode/return,856.5488891601562
215995,episode/length,500.0
215996,episode/return,853.3956909179688
215996,episode/length,500.0
215997,episode/return,855.6934204101562
215997,episode/length,500.0
215998,episode/return,848.4321899414062
215998,episode/length,500.0
215999,episode/return,858.1951293945312
215999,episode/length,500.0
219992,episode/return,842.1026611328125
219992,episode/length,500.0
219993,episode/return,841.590576171875
219993,episode/length,500.0
219994,episode/return,850.2933349609375
219994,episode/length,500.0
219995,episode/return,850.033203125
219995,episode/length,500.0
219996,episode/return,847.3063354492188
219996,episode/length,500.0
219997,episode/return,849.962646484375
219997,episode/length,500.0
219998,episode/return,846.0707397460938
219998,episode/length,500.0
219999,episode/return,843.2183837890625
219999,episode/length,500.0
220000,train/consistency_loss_mean,7.254995005205273e-05
220000,train/consistency_loss_std,3.390935077244716e-05
220000,train/continue_loss_mean,0.0
220000,train/continue_loss_std,0.0
220000,train/grad_norm_mean,0.14357615473866464
220000,train/grad_norm_std,0.0864880017722922
220000,train/policy_log_std_mean,-1.559371948814392
220000,train/policy_log_std_std,0.6718445393024269
220000,train/policy_loss_mean,-0.8461010809898376
220000,train/policy_loss_std,0.012774104916546672
220000,train/reward_loss_mean,0.33873482177257536
220000,train/reward_loss_std,0.006330963844396663
220000,train/total_loss_mean,0.07072110967636108
220000,train/total_loss_std,0.001083879577334028
220000,train/value_loss_mean,0.35396626839637757
220000,train/value_loss_std,0.0057111376231830805
220000,train/value_scale_mean,96.94657670288086
220000,train/value_scale_std,0.5850026431025129
220000,timing/collect_chunk_s,89.79787845909595
220000,timing/train_chunk_s,20.612862173467875
220000,dense_rhs/training_bucket_horizon,3.0
220000,system/heartbeat,1.0
220000,dense_rhs/selected_horizon,2.0
220000,dense_rhs/proposed_horizon,2.0
220000,dense_rhs/phase_id,0.0
220000,dense_rhs/num_active_horizons,7.0
220000,dense_rhs/num_candidate_horizons,3.0
220000,dense_rhs/entropy,1.8203558921813965
220000,dense_rhs/norm_entropy,0.9354777932167053
220000,dense_rhs/best_fitness,0.9963626265525818
220000,dense_rhs/deployment_score_best,0.9118030071258545
220000,dense_rhs/incumbent_deployment_score,1.8527917047816977e-11
220000,dense_rhs/proposed_deployment_score,0.9118030071258545
220000,dense_rhs/proposed_transition_cost,0.04176690801978111
220000,dense_rhs/proposed_switch_probability,0.9993841648101807
220000,dense_rhs/proposed_expected_net_benefit,0.8700361847877502
220000,dense_rhs/transition_cost_best,0.04176690801978111
220000,dense_rhs/transition_adjusted_score_best,0.8700361251831055
220000,dense_rhs/switch_probability_best,0.9993841648101807
220000,dense_rhs/expected_improvement_best,0.8700805306434631
220000,dense_rhs/expected_loss_best,4.4373562559485435e-05
220000,dense_rhs/expected_net_benefit_best,0.8700361847877502
220000,dense_rhs/return_term_best,1.0
220000,dense_rhs/roughness_term_best,1.0
220000,dense_rhs/return_std_term_best,0.9855286478996277
220000,dense_rhs/learner_proxy_term_best,0.9251917600631714
220000,dense_rhs/model_prefix_loss_best,0.23871123790740967
220000,dense_rhs/model_probe_prefix_best,0.11893817037343979
220000,dense_rhs/planner_return_best,198.81719970703125
220000,dense_rhs/roughness_best,0.0393846370279789
220000,dense_rhs/robust_return_best,362.7945861816406
220000,timing/query_model_diag_s,0.012117605190724134
220000,timing/query_env_eval_s,6.216728164814413
220000,timing/query_finalize_s,0.0034897569566965103
220000,timing/query_total_s,6.237776453606784
220000,dense_rhs/candidate_3_fitness,0.03162277489900589
220000,dense_rhs/candidate_3_deployment_score,1.8527917047816977e-11
220000,dense_rhs/candidate_3_transition_cost,0.0
220000,dense_rhs/candidate_3_transition_adjusted_score,1.8527917047816977e-11
220000,dense_rhs/candidate_3_switch_probability,0.5
220000,dense_rhs/candidate_3_expected_net_benefit,0.0
220000,dense_rhs/candidate_3_return,209.78460693359375
220000,dense_rhs/candidate_3_return_term,0.0668281689286232
220000,dense_rhs/candidate_3_roughness_term,0.9289414286613464
220000,dense_rhs/candidate_3_return_std_term,0.0
220000,dense_rhs/candidate_3_learner_proxy_term,1.0
220000,dense_rhs/candidate_2_fitness,0.9963626265525818
220000,dense_rhs/candidate_2_deployment_score,0.9118030071258545
220000,dense_rhs/candidate_2_transition_cost,0.04176690801978111
220000,dense_rhs/candidate_2_transition_adjusted_score,0.8700361251831055
220000,dense_rhs/candidate_2_switch_probability,0.9993841648101807
220000,dense_rhs/candidate_2_expected_net_benefit,0.8700361847877502
220000,dense_rhs/candidate_2_return,362.7945861816406
220000,dense_rhs/candidate_2_return_term,1.0
220000,dense_rhs/candidate_2_roughness_term,1.0
220000,dense_rhs/candidate_2_return_std_term,0.9855286478996277
220000,dense_rhs/candidate_2_learner_proxy_term,0.9251917600631714
220000,dense_rhs/candidate_4_fitness,0.7556009888648987
220000,dense_rhs/candidate_4_deployment_score,0.11278209090232849
220000,dense_rhs/candidate_4_transition_cost,0.03511647507548332
220000,dense_rhs/candidate_4_transition_adjusted_score,0.07766561210155487
220000,dense_rhs/candidate_4_switch_probability,0.6872493624687195
220000,dense_rhs/candidate_4_expected_net_benefit,0.07766561210155487
220000,dense_rhs/candidate_4_return,316.5530700683594
220000,dense_rhs/candidate_4_return_term,0.7179839015007019
220000,dense_rhs/candidate_4_roughness_term,0.7953357696533203
220000,dense_rhs/candidate_4_return_std_term,0.5708256959915161
220000,dense_rhs/candidate_4_learner_proxy_term,0.9348185062408447
220000,dense_rhs/deployment_utility_enabled,1.0
220000,dense_rhs/deployment_utility_observations,3.0
220000,dense_rhs/deployment_utility_last_observed_gain,-37.39013671875
220000,dense_rhs/candidate_2_expected_eval_gain,0.0
220000,dense_rhs/candidate_2_eval_gain_uncertainty,150.0
220000,dense_rhs/candidate_2_deployment_utility_score,47.5
220000,dense_rhs/candidate_3_expected_eval_gain,26.920552571614582
220000,dense_rhs/candidate_3_eval_gain_uncertainty,22.749243082466013
220000,dense_rhs/candidate_3_deployment_utility_score,32.607863342231084
220000,dense_rhs/candidate_4_expected_eval_gain,0.0
220000,dense_rhs/candidate_4_eval_gain_uncertainty,150.0
220000,dense_rhs/candidate_4_deployment_utility_score,38.736912907773785
220000,dense_rhs/deployment_utility_override,0.0
220000,dense_rhs/deployment_utility_selected_expected_gain,0.0
220000,dense_rhs/deployment_utility_selected_uncertainty,150.0
220000,dense_rhs/deployment_utility_selected_score,47.5
220000,dense_rhs/deployment_utility_proposed_horizon,2.0
220000,dense_rhs/deployment_utility_proposed_expected_gain,0.0
220000,dense_rhs/deployment_utility_proposed_uncertainty,150.0
220000,dense_rhs/deployment_utility_proposed_score,47.5
220000,dense_rhs/previous_horizon,3.0
220000,dense_rhs/training_bucket_horizon,2.0
220000,dense_rhs/best_h,2.0
220000,dense_rhs/prob_best_h,0.130859375
220000,dense_rhs/gauss_mean_best_h,0.5850139856338501
220000,dense_rhs/gauss_post_std_best_h,0.21155184507369995
220000,system/heartbeat,1.0
223992,episode/return,842.2750854492188
223992,episode/length,500.0
223993,episode/return,788.25146484375
223993,episode/length,500.0
223994,episode/return,844.3804931640625
223994,episode/length,500.0
223995,episode/return,840.6248779296875
223995,episode/length,500.0
223996,episode/return,842.8607788085938
223996,episode/length,500.0
223997,episode/return,842.522705078125
223997,episode/length,500.0
223998,episode/return,844.9822387695312
223998,episode/length,500.0
223999,episode/return,840.421875
223999,episode/length,500.0
227992,episode/return,854.992919921875
227992,episode/length,500.0
227993,episode/return,855.0120239257812
227993,episode/length,500.0
227994,episode/return,855.9202270507812
227994,episode/length,500.0
227995,episode/return,855.78076171875
227995,episode/length,500.0
227996,episode/return,855.9115600585938
227996,episode/length,500.0
227997,episode/return,856.8510131835938
227997,episode/length,500.0
227998,episode/return,854.8877563476562
227998,episode/length,500.0
227999,episode/return,855.7056884765625
227999,episode/length,500.0
230000,train/consistency_loss_mean,9.048518174677156e-05
230000,train/consistency_loss_std,4.139459068810809e-05
230000,train/continue_loss_mean,0.0
230000,train/continue_loss_std,0.0
230000,train/grad_norm_mean,0.1662451846063137
230000,train/grad_norm_std,0.10037524380696439
230000,train/policy_log_std_mean,-1.6349330679575602
230000,train/policy_log_std_std,0.6410473341322892
230000,train/policy_loss_mean,-1.061902224445343
230000,train/policy_loss_std,0.018872495269089927
230000,train/reward_loss_mean,0.4378662099599838
230000,train/reward_loss_std,0.00818104765626298
230000,train/total_loss_mean,0.09144104248285294
230000,train/total_loss_std,0.00143681752723807
230000,train/value_loss_mean,0.458447154545784
230000,train/value_loss_std,0.007871056358083862
230000,train/value_scale_mean,96.53586954956054
230000,train/value_scale_std,0.9321759646005887
230000,timing/collect_chunk_s,152.65147521253675
230000,timing/train_chunk_s,195.72110404726118
230000,dense_rhs/training_bucket_horizon,2.0
230000,system/heartbeat,1.0
231992,episode/return,861.1528930664062
231992,episode/length,500.0
231993,episode/return,848.5460815429688
231993,episode/length,500.0
231994,episode/return,847.6062622070312
231994,episode/length,500.0
231995,episode/return,850.7644653320312
231995,episode/length,500.0
231996,episode/return,849.96923828125
231996,episode/length,500.0
231997,episode/return,845.1876220703125
231997,episode/length,500.0
231998,episode/return,854.1666259765625
231998,episode/length,500.0
231999,episode/return,849.2952270507812
231999,episode/length,500.0
235992,episode/return,856.6966552734375
235992,episode/length,500.0
235993,episode/return,856.4981079101562
235993,episode/length,500.0
235994,episode/return,856.1403198242188
235994,episode/length,500.0
235995,episode/return,857.5896606445312
235995,episode/length,500.0
235996,episode/return,856.130126953125
235996,episode/length,500.0
235997,episode/return,0.025161849334836006
235997,episode/length,500.0
235998,episode/return,855.5455322265625
235998,episode/length,500.0
235999,episode/return,794.2113647460938
235999,episode/length,500.0
239992,episode/return,858.4071044921875
239992,episode/length,500.0
239993,episode/return,855.380859375
239993,episode/length,500.0
239994,episode/return,854.8726196289062
239994,episode/length,500.0
239995,episode/return,856.7192993164062
239995,episode/length,500.0
239996,episode/return,855.39697265625
239996,episode/length,500.0
239997,episode/return,854.3742065429688
239997,episode/length,500.0
239998,episode/return,855.3825073242188
239998,episode/length,500.0
239999,episode/return,856.9163208007812
239999,episode/length,500.0
240000,train/consistency_loss_mean,9.533226050552912e-05
240000,train/consistency_loss_std,4.141711842407791e-05
240000,train/continue_loss_mean,0.0
240000,train/continue_loss_std,0.0
240000,train/grad_norm_mean,0.1639500747382641
240000,train/grad_norm_std,0.09737522005274112
240000,train/policy_log_std_mean,-1.6518989840189615
240000,train/policy_log_std_std,0.6296014250313327
240000,train/policy_loss_mean,-1.0734621468544006
240000,train/policy_loss_std,0.016207434169315922
240000,train/reward_loss_mean,0.43858176629543305
240000,train/reward_loss_std,0.008322309315344372
240000,train/total_loss_mean,0.09206284462809562
240000,train/total_loss_std,0.0014133259276422143
240000,train/value_loss_mean,0.46298022050857546
240000,train/value_loss_std,0.007371446921770498
240000,train/value_scale_mean,95.93311802978516
240000,train/value_scale_std,0.671674276200321
240000,timing/collect_chunk_s,86.43192113097757
240000,timing/train_chunk_s,16.27206912636757
240000,dense_rhs/training_bucket_horizon,2.0
240000,system/heartbeat,1.0
243992,episode/return,856.5384521484375
243992,episode/length,500.0
243993,episode/return,855.0
243993,episode/length,500.0
243994,episode/return,856.6290893554688
243994,episode/length,500.0
243995,episode/return,855.490966796875
243995,episode/length,500.0
243996,episode/return,855.9835205078125
243996,episode/length,500.0
243997,episode/return,853.0394287109375
243997,episode/length,500.0
243998,episode/return,854.1350708007812
243998,episode/length,500.0
243999,episode/return,854.326416015625
243999,episode/length,500.0
247992,episode/return,852.1190795898438
247992,episode/length,500.0
247993,episode/return,849.0083618164062
247993,episode/length,500.0
247994,episode/return,851.1546630859375
247994,episode/length,500.0
247995,episode/return,849.8236083984375
247995,episode/length,500.0
247996,episode/return,849.5595703125
247996,episode/length,500.0
247997,episode/return,851.3397216796875
247997,episode/length,500.0
247998,episode/return,847.8858032226562
247998,episode/length,500.0
247999,episode/return,850.2040405273438
247999,episode/length,500.0
250000,train/consistency_loss_mean,9.872989015420899e-05
250000,train/consistency_loss_std,4.2802914648386484e-05
250000,train/continue_loss_mean,0.0
250000,train/continue_loss_std,0.0
250000,train/grad_norm_mean,0.16962246618270874
250000,train/grad_norm_std,0.09745864083849841
250000,train/policy_log_std_mean,-1.6292497777303059
250000,train/policy_log_std_std,0.6399496034387456
250000,train/policy_loss_mean,-1.0826932700157166
250000,train/policy_loss_std,0.016823859613072572
250000,train/reward_loss_mean,0.4398484037399292
250000,train/reward_loss_std,0.008392388766339577
250000,train/total_loss_mean,0.09270764628648757
250000,train/total_loss_std,0.0014016406197688682
250000,train/value_loss_mean,0.4674820597410202
250000,train/value_loss_std,0.007363304750134067
250000,train/value_scale_mean,95.5848832824707
250000,train/value_scale_std,0.6207294611613321
250000,timing/collect_chunk_s,91.58302227500826
250000,timing/train_chunk_s,16.30091515276581
250000,dense_rhs/training_bucket_horizon,2.0
250000,system/heartbeat,1.0
250000,timing/checkpoint_blocking_s,0.4215377727523446
250000,eval/return_mean,845.5235595703125
250000,eval/return_std,11.849064826965332
250000,eval/return_max,857.4276123046875
250000,eval/return_min,821.6902465820312
250000,dense_rhs/deployment_utility_last_observed_gain,34.9423828125
250000,dense_rhs/deployment_utility_observations,4.0
250000,timing/eval_s,30.770369871985167
250000,eval/selected_horizon,2.0
250000,eval/training_bucket_horizon,2.0
250000,system/heartbeat,1.0
251992,episode/return,859.2021484375
251992,episode/length,500.0
251993,episode/return,857.3756713867188
251993,episode/length,500.0
251994,episode/return,859.912109375
251994,episode/length,500.0
251995,episode/return,858.5435180664062
251995,episode/length,500.0
251996,episode/return,856.970947265625
251996,episode/length,500.0
251997,episode/return,858.875
251997,episode/length,500.0
251998,episode/return,857.760986328125
251998,episode/length,500.0
251999,episode/return,857.634765625
251999,episode/length,500.0
255992,episode/return,855.5968627929688
255992,episode/length,500.0
255993,episode/return,856.5963745117188
255993,episode/length,500.0
255994,episode/return,858.4862060546875
255994,episode/length,500.0
255995,episode/return,855.6746826171875
255995,episode/length,500.0
255996,episode/return,857.59912109375
255996,episode/length,500.0
255997,episode/return,856.5289306640625
255997,episode/length,500.0
255998,episode/return,854.7078857421875
255998,episode/length,500.0
255999,episode/return,856.32080078125
255999,episode/length,500.0
259992,episode/return,854.0205688476562
259992,episode/length,500.0
259993,episode/return,0.00041075865738093853
259993,episode/length,500.0
259994,episode/return,851.8936767578125
259994,episode/length,500.0
259995,episode/return,854.68359375
259995,episode/length,500.0
259996,episode/return,853.4452514648438
259996,episode/length,500.0
259997,episode/return,849.4146728515625
259997,episode/length,500.0
259998,episode/return,853.8748168945312
259998,episode/length,500.0
259999,episode/return,854.105224609375
259999,episode/length,500.0
260000,train/consistency_loss_mean,0.00010347947124391794
260000,train/consistency_loss_std,4.39130896239977e-05
260000,train/continue_loss_mean,0.0
260000,train/continue_loss_std,0.0
260000,train/grad_norm_mean,0.17732553061246872
260000,train/grad_norm_std,0.10572768885878692
260000,train/policy_log_std_mean,-1.6420638598124186
260000,train/policy_log_std_std,0.6278224535705011
260000,train/policy_loss_mean,-1.0863595091819762
260000,train/policy_loss_std,0.015799660832748474
260000,train/reward_loss_mean,0.44118202764987946
260000,train/reward_loss_std,0.00824477904821909
260000,train/total_loss_mean,0.0929211265206337
260000,train/total_loss_std,0.0014356190858139106
260000,train/value_loss_mean,0.467333327293396
260000,train/value_loss_std,0.007559625017826295
260000,train/value_scale_mean,95.56956473999024
260000,train/value_scale_std,0.5986998434652009
260000,timing/collect_chunk_s,87.343486844562
260000,timing/train_chunk_s,16.28269175067544
260000,dense_rhs/training_bucket_horizon,2.0
260000,system/heartbeat,1.0
263992,episode/return,0.02725914865732193
263992,episode/length,500.0
263993,episode/return,855.4141235351562
263993,episode/length,500.0
263994,episode/return,851.95751953125
263994,episode/length,500.0
263995,episode/return,856.8074340820312
263995,episode/length,500.0
263996,episode/return,855.5442504882812
263996,episode/length,500.0
263997,episode/return,852.0272827148438
263997,episode/length,500.0
263998,episode/return,855.1788940429688
263998,episode/length,500.0
263999,episode/return,857.2097778320312
263999,episode/length,500.0
267992,episode/return,837.0120239257812
267992,episode/length,500.0
267993,episode/return,839.0037231445312
267993,episode/length,500.0
267994,episode/return,840.3253784179688
267994,episode/length,500.0
267995,episode/return,836.9977416992188
267995,episode/length,500.0
267996,episode/return,843.0220336914062
267996,episode/length,500.0
267997,episode/return,838.685791015625
267997,episode/length,500.0
267998,episode/return,841.4447631835938
267998,episode/length,500.0
267999,episode/return,841.5564575195312
267999,episode/length,500.0
270000,train/consistency_loss_mean,0.00011353671458200551
270000,train/consistency_loss_std,4.677433376314919e-05
270000,train/continue_loss_mean,0.0
270000,train/continue_loss_std,0.0
270000,train/grad_norm_mean,0.16611254219412805
270000,train/grad_norm_std,0.09622930142547349
270000,train/policy_log_std_mean,-1.6614300533294677
270000,train/policy_log_std_std,0.6672003660499596
270000,train/policy_loss_mean,-1.077925694847107
270000,train/policy_loss_std,0.016003663720750474
270000,train/reward_loss_mean,0.44132540397644043
270000,train/reward_loss_std,0.008248941240799362
270000,train/total_loss_mean,0.09373452332019806
270000,train/total_loss_std,0.001434453044451354
270000,train/value_loss_mean,0.47331246984004977
270000,train/value_loss_std,0.0071433387801291045
270000,train/value_scale_mean,96.63348824462891
270000,train/value_scale_std,0.6354504948594196
270000,timing/collect_chunk_s,88.4102518693544
270000,timing/train_chunk_s,16.26978890504688
270000,dense_rhs/training_bucket_horizon,2.0
270000,system/heartbeat,1.0
270000,dense_rhs/selected_horizon,2.0
270000,dense_rhs/proposed_horizon,2.0
270000,dense_rhs/phase_id,0.0
270000,dense_rhs/num_active_horizons,7.0
270000,dense_rhs/num_candidate_horizons,2.0
270000,dense_rhs/entropy,1.772432565689087
270000,dense_rhs/norm_entropy,0.9108501076698303
270000,dense_rhs/best_fitness,0.8977575898170471
270000,dense_rhs/deployment_score_best,0.6495844721794128
270000,dense_rhs/incumbent_deployment_score,0.6495844721794128
270000,dense_rhs/proposed_deployment_score,0.6495844721794128
270000,dense_rhs/proposed_transition_cost,0.0
270000,dense_rhs/proposed_switch_probability,0.5
270000,dense_rhs/proposed_expected_net_benefit,0.0
270000,dense_rhs/transition_cost_best,0.0
270000,dense_rhs/transition_adjusted_score_best,0.6495844721794128
270000,dense_rhs/switch_probability_best,0.5
270000,dense_rhs/expected_improvement_best,0.11935535073280334
270000,dense_rhs/expected_loss_best,0.11935535073280334
270000,dense_rhs/expected_net_benefit_best,0.0
270000,dense_rhs/return_term_best,0.9999999403953552
270000,dense_rhs/roughness_term_best,1.0
270000,dense_rhs/return_std_term_best,0.6495846509933472
270000,dense_rhs/learner_proxy_term_best,1.0
270000,dense_rhs/model_prefix_loss_best,0.25560396909713745
270000,dense_rhs/model_probe_prefix_best,0.1245710700750351
270000,dense_rhs/planner_return_best,200.11990356445312
270000,dense_rhs/roughness_best,0.020431548357009888
270000,dense_rhs/robust_return_best,371.5586853027344
270000,timing/query_model_diag_s,20.22278428217396
270000,timing/query_env_eval_s,30.511085975915194
270000,timing/query_finalize_s,0.0038460069335997105
270000,timing/query_total_s,50.743546021170914
270000,dense_rhs/candidate_2_fitness,0.8977575898170471
270000,dense_rhs/candidate_2_deployment_score,0.6495844721794128
270000,dense_rhs/candidate_2_transition_cost,0.0
270000,dense_rhs/candidate_2_transition_adjusted_score,0.6495844721794128
270000,dense_rhs/candidate_2_switch_probability,0.5
270000,dense_rhs/candidate_2_expected_net_benefit,0.0
270000,dense_rhs/candidate_2_return,371.5586853027344
270000,dense_rhs/candidate_2_return_term,0.9999999403953552
270000,dense_rhs/candidate_2_roughness_term,1.0
270000,dense_rhs/candidate_2_return_std_term,0.6495846509933472
270000,dense_rhs/candidate_2_learner_proxy_term,1.0
270000,dense_rhs/candidate_3_fitness,0.03162277489900589
270000,dense_rhs/candidate_3_deployment_score,6.966149044274061e-07
270000,dense_rhs/candidate_3_transition_cost,0.0436001718044281
270000,dense_rhs/candidate_3_transition_adjusted_score,-0.04359947517514229
270000,dense_rhs/candidate_3_switch_probability,0.007304131984710693
270000,dense_rhs/candidate_3_expected_net_benefit,-0.6931838989257812
270000,dense_rhs/candidate_3_return,367.4733581542969
270000,dense_rhs/candidate_3_return_term,0.9761800765991211
270000,dense_rhs/candidate_3_roughness_term,0.9862322211265564
270000,dense_rhs/candidate_3_return_std_term,0.0
270000,dense_rhs/candidate_3_learner_proxy_term,0.7778463363647461
270000,dense_rhs/deployment_utility_enabled,1.0
270000,dense_rhs/deployment_utility_observations,4.0
270000,dense_rhs/deployment_utility_last_observed_gain,34.9423828125
270000,dense_rhs/candidate_2_expected_eval_gain,34.9423828125
270000,dense_rhs/candidate_2_eval_gain_uncertainty,106.06601717798212
270000,dense_rhs/candidate_2_deployment_utility_score,71.45888710699553
270000,dense_rhs/candidate_3_expected_eval_gain,26.920552571614582
270000,dense_rhs/candidate_3_eval_gain_uncertainty,22.749243082466013
270000,dense_rhs/candidate_3_deployment_utility_score,32.607863342231084
270000,dense_rhs/deployment_utility_override,0.0
270000,dense_rhs/deployment_utility_selected_expected_gain,34.9423828125
270000,dense_rhs/deployment_utility_selected_uncertainty,106.06601717798212
270000,dense_rhs/deployment_utility_selected_score,71.45888710699553
270000,dense_rhs/deployment_utility_proposed_horizon,2.0
270000,dense_rhs/deployment_utility_proposed_expected_gain,34.9423828125
270000,dense_rhs/deployment_utility_proposed_uncertainty,106.06601717798212
270000,dense_rhs/deployment_utility_proposed_score,71.45888710699553
270000,dense_rhs/previous_horizon,2.0
270000,dense_rhs/training_bucket_horizon,2.0
270000,dense_rhs/best_h,2.0
270000,dense_rhs/prob_best_h,0.224609375
270000,dense_rhs/gauss_mean_best_h,0.6475626826286316
270000,dense_rhs/gauss_post_std_best_h,0.17824862897396088
270000,system/heartbeat,1.0
271992,episode/return,854.3353881835938
271992,episode/length,500.0
271993,episode/return,857.0645141601562
271993,episode/length,500.0
271994,episode/return,855.8984375
271994,episode/length,500.0
271995,episode/return,856.5799560546875
271995,episode/length,500.0
271996,episode/return,855.7051391601562
271996,episode/length,500.0
271997,episode/return,856.2520141601562
271997,episode/length,500.0
271998,episode/return,856.44580078125
271998,episode/length,500.0
271999,episode/return,856.1324462890625
271999,episode/length,500.0
275992,episode/return,863.1185913085938
275992,episode/length,500.0
275993,episode/return,860.973388671875
275993,episode/length,500.0
275994,episode/return,861.2188110351562
275994,episode/length,500.0
275995,episode/return,857.625244140625
275995,episode/length,500.0
275996,episode/return,856.5560913085938
275996,episode/length,500.0
275997,episode/return,860.0375366210938
275997,episode/length,500.0
275998,episode/return,858.5728149414062
275998,episode/length,500.0
275999,episode/return,863.0274658203125
275999,episode/length,500.0
279992,episode/return,844.8558349609375
279992,episode/length,500.0
279993,episode/return,842.87939453125
279993,episode/length,500.0
279994,episode/return,841.116455078125
279994,episode/length,500.0
279995,episode/return,838.4006958007812
279995,episode/length,500.0
279996,episode/return,841.5037231445312
279996,episode/length,500.0
279997,episode/return,838.4193725585938
279997,episode/length,500.0
279998,episode/return,841.9083251953125
279998,episode/length,500.0
279999,episode/return,841.0609130859375
279999,episode/length,500.0
280000,train/consistency_loss_mean,0.00011819530565990135
280000,train/consistency_loss_std,4.846650064013205e-05
280000,train/continue_loss_mean,0.0
280000,train/continue_loss_std,0.0
280000,train/grad_norm_mean,0.17800770980715752
280000,train/grad_norm_std,0.10637901917107058
280000,train/policy_log_std_mean,-1.737732244491577
280000,train/policy_log_std_std,0.6630715489820227
280000,train/policy_loss_mean,-1.08683742685318
280000,train/policy_loss_std,0.017835182987568244
280000,train/reward_loss_mean,0.4425012937784195
280000,train/reward_loss_std,0.008271884883897233
280000,train/total_loss_mean,0.09406603618860244
280000,train/total_loss_std,0.0014276784128082183
280000,train/value_loss_mean,0.4745199870824814
280000,train/value_loss_std,0.006854201420334424
280000,train/value_scale_mean,96.09252399902344
280000,train/value_scale_std,0.8518781255875064
280000,timing/collect_chunk_s,87.88707823539153
280000,timing/train_chunk_s,16.256230331026018
280000,dense_rhs/training_bucket_horizon,2.0
280000,system/heartbeat,1.0
283992,episode/return,845.3088989257812
283992,episode/length,500.0
283993,episode/return,846.40771484375
283993,episode/length,500.0
283994,episode/return,847.1627807617188
283994,episode/length,500.0
283995,episode/return,845.4793701171875
283995,episode/length,500.0
283996,episode/return,844.9547119140625
283996,episode/length,500.0
283997,episode/return,847.3831787109375
283997,episode/length,500.0
283998,episode/return,845.6240234375
283998,episode/length,500.0
283999,episode/return,846.8146362304688
283999,episode/length,500.0
287992,episode/return,859.619384765625
287992,episode/length,500.0
287993,episode/return,855.6136474609375
287993,episode/length,500.0
287994,episode/return,858.1016845703125
287994,episode/length,500.0
287995,episode/return,857.7603149414062
287995,episode/length,500.0
287996,episode/return,856.4699096679688
287996,episode/length,500.0
287997,episode/return,858.26708984375
287997,episode/length,500.0
287998,episode/return,857.5133056640625
287998,episode/length,500.0
287999,episode/return,856.5711059570312
287999,episode/length,500.0
290000,train/consistency_loss_mean,0.00012206716050859541
290000,train/consistency_loss_std,4.847421281678854e-05
290000,train/continue_loss_mean,0.0
290000,train/continue_loss_std,0.0
290000,train/grad_norm_mean,0.1677397408604622
290000,train/grad_norm_std,0.0981380150292906
290000,train/policy_log_std_mean,-1.6455229984283448
290000,train/policy_log_std_std,0.6397674257234759
290000,train/policy_loss_mean,-1.1061796798706054
290000,train/policy_loss_std,0.01711019755786265
290000,train/reward_loss_mean,0.4435151144504547
290000,train/reward_loss_std,0.008218035092107931
290000,train/total_loss_mean,0.09412239937782288
290000,train/total_loss_std,0.001432823690117403
290000,train/value_loss_mean,0.4732954278230667
290000,train/value_loss_std,0.007090262856091438
290000,train/value_scale_mean,94.74939061279296
290000,train/value_scale_std,0.7087888468222887
290000,timing/collect_chunk_s,87.48362917732447
290000,timing/train_chunk_s,16.270550535526127
290000,dense_rhs/training_bucket_horizon,2.0
290000,system/heartbeat,1.0
291992,episode/return,813.4592895507812
291992,episode/length,500.0
291993,episode/return,815.3726196289062
291993,episode/length,500.0
291994,episode/return,810.4863891601562
291994,episode/length,500.0
291995,episode/return,830.9196166992188
291995,episode/length,500.0
291996,episode/return,809.38037109375
291996,episode/length,500.0
291997,episode/return,816.5538940429688
291997,episode/length,500.0
291998,episode/return,821.8025512695312
291998,episode/length,500.0
291999,episode/return,815.3363647460938
291999,episode/length,500.0
295992,episode/return,846.300048828125
295992,episode/length,500.0
295993,episode/return,847.111328125
295993,episode/length,500.0
295994,episode/return,845.1990966796875
295994,episode/length,500.0
295995,episode/return,846.457763671875
295995,episode/length,500.0
295996,episode/return,848.3701782226562
295996,episode/length,500.0
295997,episode/return,843.8120727539062
295997,episode/length,500.0
295998,episode/return,848.07421875
295998,episode/length,500.0
295999,episode/return,847.6260375976562
295999,episode/length,500.0
299992,episode/return,852.3121948242188
299992,episode/length,500.0
299993,episode/return,848.2308959960938
299993,episode/length,500.0
299994,episode/return,849.6936645507812
299994,episode/length,500.0
299995,episode/return,852.38427734375
299995,episode/length,500.0
299996,episode/return,852.2606201171875
299996,episode/length,500.0
299997,episode/return,854.8155517578125
299997,episode/length,500.0
299998,episode/return,844.7979736328125
299998,episode/length,500.0
299999,episode/return,852.66552734375
299999,episode/length,500.0
300000,train/consistency_loss_mean,0.000127927128598094
300000,train/consistency_loss_std,4.9655133756176556e-05
300000,train/continue_loss_mean,0.0
300000,train/continue_loss_std,0.0
300000,train/grad_norm_mean,0.1759862152636051
300000,train/grad_norm_std,0.10762890319885436
300000,train/policy_log_std_mean,-1.7306521714528402
300000,train/policy_log_std_std,0.6772719007928862
300000,train/policy_loss_mean,-1.109502830028534
300000,train/policy_loss_std,0.01614890490093699
300000,train/reward_loss_mean,0.4440829304933548
300000,train/reward_loss_std,0.00819960903151381
300000,train/total_loss_mean,0.09400668727755547
300000,train/total_loss_std,0.0014565962078709632
300000,train/value_loss_mean,0.47039851059913634
300000,train/value_loss_std,0.007011652030193735
300000,train/value_scale_mean,94.54720767822266
300000,train/value_scale_std,0.6161516917794568
300000,timing/collect_chunk_s,95.0254793195054
300000,timing/train_chunk_s,16.262935183010995
300000,dense_rhs/training_bucket_horizon,2.0
300000,system/heartbeat,1.0
300000,timing/checkpoint_blocking_s,0.46196735091507435
300000,eval/return_mean,806.3231201171875
300000,eval/return_std,185.01499938964844
300000,eval/return_max,852.6455078125
300000,eval/return_min,0.008031203411519527
300000,dense_rhs/deployment_utility_last_observed_gain,-39.200439453125
300000,dense_rhs/deployment_utility_observations,5.0
300000,timing/eval_s,8.051192103885114
300000,eval/selected_horizon,2.0
300000,eval/training_bucket_horizon,2.0
300000,system/heartbeat,1.0
303992,episode/return,840.7449951171875
303992,episode/length,500.0
303993,episode/return,843.8778076171875
303993,episode/length,500.0
303994,episode/return,844.43408203125
303994,episode/length,500.0
303995,episode/return,848.7447509765625
303995,episode/length,500.0
303996,episode/return,845.09228515625
303996,episode/length,500.0
303997,episode/return,633.8372192382812
303997,episode/length,500.0
303998,episode/return,835.6783447265625
303998,episode/length,500.0
303999,episode/return,844.8121337890625
303999,episode/length,500.0
307992,episode/return,854.050048828125
307992,episode/length,500.0
307993,episode/return,853.176513671875
307993,episode/length,500.0
307994,episode/return,853.3439331054688
307994,episode/length,500.0
307995,episode/return,855.7035522460938
307995,episode/length,500.0
307996,episode/return,852.6968994140625
307996,episode/length,500.0
307997,episode/return,854.5804443359375
307997,episode/length,500.0
307998,episode/return,854.8719482421875
307998,episode/length,500.0
307999,episode/return,854.9222412109375
307999,episode/length,500.0
310000,train/consistency_loss_mean,0.00013126911573926918
310000,train/consistency_loss_std,4.9015355716893845e-05
310000,train/continue_loss_mean,0.0
310000,train/continue_loss_std,0.0
310000,train/grad_norm_mean,0.1732859442651272
310000,train/grad_norm_std,0.10503304163471065
310000,train/policy_log_std_mean,-1.7540572837829589
310000,train/policy_log_std_std,0.6373801725468855
310000,train/policy_loss_mean,-1.1133924473762513
310000,train/policy_loss_std,0.015903523336257528
310000,train/reward_loss_mean,0.4447663529396057
310000,train/reward_loss_std,0.00813616690908472
310000,train/total_loss_mean,0.09413106359839439
310000,train/total_loss_std,0.0014734469888432128
310000,train/value_loss_mean,0.47029044609069826
310000,train/value_loss_std,0.007395138819794257
310000,train/value_scale_mean,94.07509672241211
310000,train/value_scale_std,0.5961885031647808
310000,timing/collect_chunk_s,87.00111512467265
310000,timing/train_chunk_s,16.256109854672104
310000,dense_rhs/training_bucket_horizon,2.0
310000,system/heartbeat,1.0
311992,episode/return,855.9365234375
311992,episode/length,500.0
311993,episode/return,852.8187866210938
311993,episode/length,500.0
311994,episode/return,856.059326171875
311994,episode/length,500.0
311995,episode/return,856.8323974609375
311995,episode/length,500.0
311996,episode/return,0.001617724890820682
311996,episode/length,500.0
311997,episode/return,856.3426513671875
311997,episode/length,500.0
311998,episode/return,855.5576171875
311998,episode/length,500.0
311999,episode/return,856.71484375
311999,episode/length,500.0
315992,episode/return,855.6549072265625
315992,episode/length,500.0
315993,episode/return,855.0067749023438
315993,episode/length,500.0
315994,episode/return,857.404541015625
315994,episode/length,500.0
315995,episode/return,855.72216796875
315995,episode/length,500.0
315996,episode/return,854.6484985351562
315996,episode/length,500.0
315997,episode/return,855.9429931640625
315997,episode/length,500.0
315998,episode/return,856.3331909179688
315998,episode/length,500.0
315999,episode/return,855.9603271484375
315999,episode/length,500.0
319992,episode/return,857.7055053710938
319992,episode/length,500.0
319993,episode/return,856.3890991210938
319993,episode/length,500.0
319994,episode/return,856.5238647460938
319994,episode/length,500.0
319995,episode/return,844.8057861328125
319995,episode/length,500.0
319996,episode/return,856.6343994140625
319996,episode/length,500.0
319997,episode/return,856.6575927734375
319997,episode/length,500.0
319998,episode/return,845.5615844726562
319998,episode/length,500.0
319999,episode/return,856.7504272460938
319999,episode/length,500.0
320000,train/consistency_loss_mean,0.00013866116641438566
320000,train/consistency_loss_std,4.999229637664627e-05
320000,train/continue_loss_mean,0.0
320000,train/continue_loss_std,0.0
320000,train/grad_norm_mean,0.17194283034205438
320000,train/grad_norm_std,0.10134137738451925
320000,train/policy_log_std_mean,-1.7236072570800782
320000,train/policy_log_std_std,0.6386773982304719
320000,train/policy_loss_mean,-1.1126656725883484
320000,train/policy_loss_std,0.016808735814170105
320000,train/reward_loss_mean,0.4450795846700668
320000,train/reward_loss_std,0.008163386229533862
320000,train/total_loss_mean,0.09457196726202965
320000,train/total_loss_std,0.0015114565045011644
320000,train/value_loss_mean,0.4729078432559967
320000,train/value_loss_std,0.007809223384237708
320000,train/value_scale_mean,94.26029860839844
320000,train/value_scale_std,0.6790405726514541
320000,timing/collect_chunk_s,87.0433190446347
320000,timing/train_chunk_s,16.28684933576733
320000,dense_rhs/training_bucket_horizon,2.0
320000,system/heartbeat,1.0
320000,dense_rhs/selected_horizon,3.0
320000,dense_rhs/proposed_horizon,2.0
320000,dense_rhs/phase_id,0.0
320000,dense_rhs/num_active_horizons,7.0
320000,dense_rhs/num_candidate_horizons,2.0
320000,dense_rhs/entropy,1.6826415061950684
320000,dense_rhs/norm_entropy,0.8647066354751587
320000,dense_rhs/best_fitness,0.03162277489900589
320000,dense_rhs/deployment_score_best,1.2625876906480205e-11
320000,dense_rhs/incumbent_deployment_score,0.270818293094635
320000,dense_rhs/proposed_deployment_score,0.270818293094635
320000,dense_rhs/proposed_transition_cost,0.0
320000,dense_rhs/proposed_switch_probability,0.5
320000,dense_rhs/proposed_expected_net_benefit,0.0
320000,dense_rhs/transition_cost_best,0.0
320000,dense_rhs/transition_adjusted_score_best,0.270818293094635
320000,dense_rhs/switch_probability_best,0.5
320000,dense_rhs/expected_improvement_best,0.10056601464748383
320000,dense_rhs/expected_loss_best,0.10056601464748383
320000,dense_rhs/expected_net_benefit_best,0.0
320000,dense_rhs/return_term_best,0.064006008207798
320000,dense_rhs/roughness_term_best,0.9233338832855225
320000,dense_rhs/return_std_term_best,0.0
320000,dense_rhs/learner_proxy_term_best,0.8147414326667786
320000,dense_rhs/model_prefix_loss_best,0.25010329484939575
320000,dense_rhs/model_probe_prefix_best,0.12372596561908722
320000,dense_rhs/planner_return_best,200.10667419433594
320000,dense_rhs/roughness_best,0.022851543501019478
320000,dense_rhs/robust_return_best,203.97779846191406
320000,timing/query_model_diag_s,0.012077623046934605
320000,timing/query_env_eval_s,6.1048881388269365
320000,timing/query_finalize_s,0.003476761281490326
320000,timing/query_total_s,6.126065578777343
320000,dense_rhs/candidate_2_fitness,0.721389651298523
320000,dense_rhs/candidate_2_deployment_score,0.270818293094635
320000,dense_rhs/candidate_2_transition_cost,0.0
320000,dense_rhs/candidate_2_transition_adjusted_score,0.270818293094635
320000,dense_rhs/candidate_2_switch_probability,0.5
320000,dense_rhs/candidate_2_expected_net_benefit,0.0
320000,dense_rhs/candidate_2_return,259.660400390625
320000,dense_rhs/candidate_2_return_term,1.0
320000,dense_rhs/candidate_2_roughness_term,1.0
320000,dense_rhs/candidate_2_return_std_term,0.270818293094635
320000,dense_rhs/candidate_2_learner_proxy_term,1.0
320000,dense_rhs/candidate_3_fitness,0.03162277489900589
320000,dense_rhs/candidate_3_deployment_score,1.2625876906480205e-11
320000,dense_rhs/candidate_3_transition_cost,0.05749262496829033
320000,dense_rhs/candidate_3_transition_adjusted_score,-0.05749262496829033
320000,dense_rhs/candidate_3_switch_probability,0.09817585349082947
320000,dense_rhs/candidate_3_expected_net_benefit,-0.32831087708473206
320000,dense_rhs/candidate_3_return,203.97779846191406
320000,dense_rhs/candidate_3_return_term,0.064006008207798
320000,dense_rhs/candidate_3_roughness_term,0.9233338832855225
320000,dense_rhs/candidate_3_return_std_term,0.0
320000,dense_rhs/candidate_3_learner_proxy_term,0.8147414326667786
320000,dense_rhs/deployment_utility_enabled,1.0
320000,dense_rhs/deployment_utility_observations,5.0
320000,dense_rhs/deployment_utility_last_observed_gain,-39.200439453125
320000,dense_rhs/candidate_2_expected_eval_gain,-2.1290283203125
320000,dense_rhs/candidate_2_eval_gain_uncertainty,21.403189196768587
320000,dense_rhs/candidate_2_deployment_utility_score,13.221768978879647
320000,dense_rhs/candidate_3_expected_eval_gain,26.920552571614582
320000,dense_rhs/candidate_3_eval_gain_uncertainty,22.749243082466013
320000,dense_rhs/candidate_3_deployment_utility_score,32.607863342231084
320000,dense_rhs/deployment_utility_override,1.0
320000,dense_rhs/deployment_utility_selected_expected_gain,26.920552571614582
320000,dense_rhs/deployment_utility_selected_uncertainty,22.749243082466013
320000,dense_rhs/deployment_utility_selected_score,32.607863342231084
320000,dense_rhs/deployment_utility_proposed_horizon,3.0
320000,dense_rhs/deployment_utility_proposed_expected_gain,26.920552571614582
320000,dense_rhs/deployment_utility_proposed_uncertainty,22.749243082466013
320000,dense_rhs/deployment_utility_proposed_score,32.607863342231084
320000,dense_rhs/previous_horizon,2.0
320000,dense_rhs/training_bucket_horizon,3.0
320000,dense_rhs/best_h,3.0
320000,dense_rhs/prob_best_h,0.029296875
320000,dense_rhs/gauss_mean_best_h,0.4018666446208954
320000,dense_rhs/gauss_post_std_best_h,0.1653655767440796
320000,system/heartbeat,1.0
323992,episode/return,863.9705200195312
323992,episode/length,500.0
323993,episode/return,861.3748168945312
323993,episode/length,500.0
323994,episode/return,864.6063232421875
323994,episode/length,500.0
323995,episode/return,862.404541015625
323995,episode/length,500.0
323996,episode/return,863.0111694335938
323996,episode/length,500.0
323997,episode/return,864.01513671875
323997,episode/length,500.0
323998,episode/return,864.1148681640625
323998,episode/length,500.0
323999,episode/return,862.7252197265625
323999,episode/length,500.0
327992,episode/return,857.7088012695312
327992,episode/length,500.0
327993,episode/return,854.9244995117188
327993,episode/length,500.0
327994,episode/return,852.56396484375
327994,episode/length,500.0
327995,episode/return,858.4864501953125
327995,episode/length,500.0
327996,episode/return,854.1754760742188
327996,episode/length,500.0
327997,episode/return,0.005670730955898762
327997,episode/length,500.0
327998,episode/return,852.6644897460938
327998,episode/length,500.0
327999,episode/return,851.0184936523438
327999,episode/length,500.0
330000,train/consistency_loss_mean,0.00010609244617517107
330000,train/consistency_loss_std,3.9956904997036534e-05
330000,train/continue_loss_mean,0.0
330000,train/continue_loss_std,0.0
330000,train/grad_norm_mean,0.1448811873793602
330000,train/grad_norm_std,0.09106346008428813
330000,train/policy_log_std_mean,-1.7203218577384949
330000,train/policy_log_std_std,0.574386374130362
330000,train/policy_loss_mean,-0.8997051777839661
330000,train/policy_loss_std,0.012894159288079493
330000,train/reward_loss_mean,0.34658576364517213
330000,train/reward_loss_std,0.0060964567932497256
330000,train/total_loss_mean,0.07348176189661026
330000,train/total_loss_std,0.0011517678679700577
330000,train/value_loss_mean,0.3670133419275284
330000,train/value_loss_std,0.006068133459869261
330000,train/value_scale_mean,93.5814442199707
330000,train/value_scale_std,0.6163096204507796
330000,timing/collect_chunk_s,94.87299255654216
330000,timing/train_chunk_s,20.592788295820355
330000,dense_rhs/training_bucket_horizon,3.0
330000,system/heartbeat,1.0
331992,episode/return,859.44677734375
331992,episode/length,500.0
331993,episode/return,856.9796752929688
331993,episode/length,500.0
331994,episode/return,855.21533203125
331994,episode/length,500.0
331995,episode/return,856.5281982421875
331995,episode/length,500.0
331996,episode/return,861.2804565429688
331996,episode/length,500.0
331997,episode/return,860.8916625976562
331997,episode/length,500.0
331998,episode/return,861.0192260742188
331998,episode/length,500.0
331999,episode/return,860.4012451171875
331999,episode/length,500.0
335992,episode/return,856.634033203125
335992,episode/length,500.0
335993,episode/return,860.7676391601562
335993,episode/length,500.0
335994,episode/return,862.3301391601562
335994,episode/length,500.0
335995,episode/return,863.3287963867188
335995,episode/length,500.0
335996,episode/return,862.5532836914062
335996,episode/length,500.0
335997,episode/return,861.8251953125
335997,episode/length,500.0
335998,episode/return,861.9574584960938
335998,episode/length,500.0
335999,episode/return,860.9158325195312
335999,episode/length,500.0
339992,episode/return,859.8298950195312
339992,episode/length,500.0
339993,episode/return,862.8483276367188
339993,episode/length,500.0
339994,episode/return,861.8394775390625
339994,episode/length,500.0
339995,episode/return,862.5714721679688
339995,episode/length,500.0
339996,episode/return,861.3565063476562
339996,episode/length,500.0
339997,episode/return,861.2120971679688
339997,episode/length,500.0
339998,episode/return,857.6077270507812
339998,episode/length,500.0
339999,episode/return,863.013427734375
339999,episode/length,500.0
340000,train/consistency_loss_mean,0.00011014127855887637
340000,train/consistency_loss_std,4.132775981808619e-05
340000,train/continue_loss_mean,0.0
340000,train/continue_loss_std,0.0
340000,train/grad_norm_mean,0.13980075946450232
340000,train/grad_norm_std,0.08918134607363062
340000,train/policy_log_std_mean,-1.741184092617035
340000,train/policy_log_std_std,0.6259800081789116
340000,train/policy_loss_mean,-0.9056066697120666
340000,train/policy_loss_std,0.012346362667670118
340000,train/reward_loss_mean,0.3471916717290878
340000,train/reward_loss_std,0.006193211538478621
340000,train/total_loss_mean,0.07314938077926636
340000,train/total_loss_std,0.0011485848169371198
340000,train/value_loss_mean,0.3622738572120667
340000,train/value_loss_std,0.0056229547584853885
340000,train/value_scale_mean,92.91035399169922
340000,train/value_scale_std,0.5403131727424171
340000,timing/collect_chunk_s,88.94504069117829
340000,timing/train_chunk_s,20.621789118275046
340000,dense_rhs/training_bucket_horizon,3.0
340000,system/heartbeat,1.0
343992,episode/return,859.0621337890625
343992,episode/length,500.0
343993,episode/return,858.5689086914062
343993,episode/length,500.0
343994,episode/return,858.4461059570312
343994,episode/length,500.0
343995,episode/return,858.7373046875
343995,episode/length,500.0
343996,episode/return,858.8383178710938
343996,episode/length,500.0
343997,episode/return,857.8377075195312
343997,episode/length,500.0
343998,episode/return,859.9808349609375
343998,episode/length,500.0
343999,episode/return,859.2855224609375
343999,episode/length,500.0
347992,episode/return,856.8245239257812
347992,episode/length,500.0
347993,episode/return,862.5612182617188
347993,episode/length,500.0
347994,episode/return,861.4385986328125
347994,episode/length,500.0
347995,episode/return,849.9424438476562
347995,episode/length,500.0
347996,episode/return,860.8901977539062
347996,episode/length,500.0
347997,episode/return,861.25048828125
347997,episode/length,500.0
347998,episode/return,859.4058227539062
347998,episode/length,500.0
347999,episode/return,860.9635009765625
347999,episode/length,500.0
350000,train/consistency_loss_mean,0.00011165065512759611
350000,train/consistency_loss_std,4.130842428141047e-05
350000,train/continue_loss_mean,0.0
350000,train/continue_loss_std,0.0
350000,train/grad_norm_mean,0.1337533497929573
350000,train/grad_norm_std,0.08707040011759336
350000,train/policy_log_std_mean,-1.8223850514411926
350000,train/policy_log_std_std,0.603800698577125
350000,train/policy_loss_mean,-0.9088164038181304
350000,train/policy_loss_std,0.01219959152052685
350000,train/reward_loss_mean,0.34788451025485995
350000,train/reward_loss_std,0.006203619804564146
350000,train/total_loss_mean,0.07358173293471336
350000,train/total_loss_std,0.00114541153169654
350000,train/value_loss_mean,0.36560267481803893
350000,train/value_loss_std,0.005697743963015066
350000,train/value_scale_mean,92.91007872314454
350000,train/value_scale_std,0.4768891082674293
350000,timing/collect_chunk_s,89.50929188355803
350000,timing/train_chunk_s,20.620619542896748
350000,dense_rhs/training_bucket_horizon,3.0
350000,system/heartbeat,1.0
350000,timing/checkpoint_blocking_s,0.43588864989578724
350000,eval/return_mean,775.0594482421875
350000,eval/return_std,258.3794250488281
350000,eval/return_max,865.5093994140625
350000,eval/return_min,0.0053704543970525265
350000,dense_rhs/deployment_utility_last_observed_gain,-31.263671875
350000,dense_rhs/deployment_utility_observations,6.0
350000,timing/eval_s,9.320867754984647
350000,eval/selected_horizon,3.0
350000,eval/training_bucket_horizon,3.0
350000,system/heartbeat,1.0
351992,episode/return,863.0151977539062
351992,episode/length,500.0
351993,episode/return,862.64208984375
351993,episode/length,500.0
351994,episode/return,861.2777099609375
351994,episode/length,500.0
351995,episode/return,857.3916015625
351995,episode/length,500.0
351996,episode/return,862.4486083984375
351996,episode/length,500.0
351997,episode/return,861.0385131835938
351997,episode/length,500.0
351998,episode/return,857.2081298828125
351998,episode/length,500.0
351999,episode/return,863.1367797851562
351999,episode/length,500.0
355992,episode/return,862.6690673828125
355992,episode/length,500.0
355993,episode/return,860.9608764648438
355993,episode/length,500.0
355994,episode/return,860.6080932617188
355994,episode/length,500.0
355995,episode/return,860.7477416992188
355995,episode/length,500.0
355996,episode/return,860.6426391601562
355996,episode/length,500.0
355997,episode/return,860.0357666015625
355997,episode/length,500.0
355998,episode/return,859.36328125
355998,episode/length,500.0
355999,episode/return,859.3182983398438
355999,episode/length,500.0
359992,episode/return,860.630615234375
359992,episode/length,500.0
359993,episode/return,862.9216918945312
359993,episode/length,500.0
359994,episode/return,857.0133666992188
359994,episode/length,500.0
359995,episode/return,861.0716552734375
359995,episode/length,500.0
359996,episode/return,857.050537109375
359996,episode/length,500.0
359997,episode/return,860.8555908203125
359997,episode/length,500.0
359998,episode/return,862.3623046875
359998,episode/length,500.0
359999,episode/return,859.919189453125
359999,episode/length,500.0
360000,train/consistency_loss_mean,0.00011393664824427105
360000,train/consistency_loss_std,4.219575313181272e-05
360000,train/continue_loss_mean,0.0
360000,train/continue_loss_std,0.0
360000,train/grad_norm_mean,0.13366468743681909
360000,train/grad_norm_std,0.08894430266139366
360000,train/policy_log_std_mean,-1.7869791025161743
360000,train/policy_log_std_std,0.6205112317122939
360000,train/policy_loss_mean,-0.9116672247886658
360000,train/policy_loss_std,0.012820760521626626
360000,train/reward_loss_mean,0.3486302220582962
360000,train/reward_loss_std,0.0061256596851642165
360000,train/total_loss_mean,0.07349397365450859
360000,train/total_loss_std,0.0011524713427372207
360000,train/value_loss_mean,0.36352218096256256
360000,train/value_loss_std,0.0052945525560405505
360000,train/value_scale_mean,92.74305145874024
360000,train/value_scale_std,0.6119620312646336
360000,timing/collect_chunk_s,96.97675920417532
360000,timing/train_chunk_s,20.60454815812409
360000,dense_rhs/training_bucket_horizon,3.0
360000,system/heartbeat,1.0
363992,episode/return,860.43310546875
363992,episode/length,500.0
363993,episode/return,860.2925415039062
363993,episode/length,500.0
363994,episode/return,859.81494140625
363994,episode/length,500.0
363995,episode/return,858.9286499023438
363995,episode/length,500.0
363996,episode/return,859.76611328125
363996,episode/length,500.0
363997,episode/return,857.8555908203125
363997,episode/length,500.0
363998,episode/return,859.65966796875
363998,episode/length,500.0
363999,episode/return,860.6187133789062
363999,episode/length,500.0
367992,episode/return,862.4835815429688
367992,episode/length,500.0
367993,episode/return,861.0733642578125
367993,episode/length,500.0
367994,episode/return,861.75146484375
367994,episode/length,500.0
367995,episode/return,861.2456665039062
367995,episode/length,500.0
367996,episode/return,860.8819580078125
367996,episode/length,500.0
367997,episode/return,863.1367797851562
367997,episode/length,500.0
367998,episode/return,861.4374389648438
367998,episode/length,500.0
367999,episode/return,862.5582885742188
367999,episode/length,500.0
370000,train/consistency_loss_mean,0.00011638065567240119
370000,train/consistency_loss_std,4.108961936297013e-05
370000,train/continue_loss_mean,0.0
370000,train/continue_loss_std,0.0
370000,train/grad_norm_mean,0.1322038412988186
370000,train/grad_norm_std,0.08702609756147403
370000,train/policy_log_std_mean,-1.7479248765945434
370000,train/policy_log_std_std,0.6531983364769178
370000,train/policy_loss_mean,-0.9209530422687531
370000,train/policy_loss_std,0.013338885717792981
370000,train/reward_loss_mean,0.34938826971054077
370000,train/reward_loss_std,0.006117396675228501
370000,train/total_loss_mean,0.0737015118777752
370000,train/total_loss_std,0.0011349531762893386
370000,train/value_loss_mean,0.3643506892681122
370000,train/value_loss_std,0.0052967720779559455
370000,train/value_scale_mean,92.16302458496094
370000,train/value_scale_std,0.6325075162687054
370000,timing/collect_chunk_s,90.45119413267821
370000,timing/train_chunk_s,20.59312483249232
370000,dense_rhs/training_bucket_horizon,3.0
370000,system/heartbeat,1.0
370000,dense_rhs/selected_horizon,4.0
370000,dense_rhs/proposed_horizon,2.0
370000,dense_rhs/phase_id,0.0
370000,dense_rhs/num_active_horizons,7.0
370000,dense_rhs/num_candidate_horizons,3.0
370000,dense_rhs/entropy,1.6406335830688477
370000,dense_rhs/norm_entropy,0.8431188464164734
370000,dense_rhs/best_fitness,0.03162277489900589
370000,dense_rhs/deployment_score_best,6.071411462471588e-07
370000,dense_rhs/incumbent_deployment_score,0.11619717627763748
370000,dense_rhs/proposed_deployment_score,0.47501274943351746
370000,dense_rhs/proposed_transition_cost,0.03088703192770481
370000,dense_rhs/proposed_switch_probability,0.9296771287918091
370000,dense_rhs/proposed_expected_net_benefit,0.3279285430908203
370000,dense_rhs/transition_cost_best,0.03088703192770481
370000,dense_rhs/transition_adjusted_score_best,0.4441257119178772
370000,dense_rhs/switch_probability_best,0.9296771287918091
370000,dense_rhs/expected_improvement_best,0.3348572850227356
370000,dense_rhs/expected_loss_best,0.0069287437945604324
370000,dense_rhs/expected_net_benefit_best,0.3279285430908203
370000,dense_rhs/return_term_best,0.9953363537788391
370000,dense_rhs/roughness_term_best,1.0
370000,dense_rhs/return_std_term_best,0.0
370000,dense_rhs/learner_proxy_term_best,0.6186003684997559
370000,dense_rhs/model_prefix_loss_best,0.25125575065612793
370000,dense_rhs/model_probe_prefix_best,0.1264410763978958
370000,dense_rhs/planner_return_best,201.05935668945312
370000,dense_rhs/roughness_best,0.004464674741029739
370000,dense_rhs/robust_return_best,371.7663879394531
370000,timing/query_model_diag_s,15.15184173407033
370000,timing/query_env_eval_s,6.111528153996915
370000,timing/query_finalize_s,0.8217521752230823
370000,timing/query_total_s,22.090529676061124
370000,dense_rhs/candidate_3_fitness,0.6161302924156189
370000,dense_rhs/candidate_3_deployment_score,0.11619717627763748
370000,dense_rhs/candidate_3_transition_cost,0.0
370000,dense_rhs/candidate_3_transition_adjusted_score,0.11619717627763748
370000,dense_rhs/candidate_3_switch_probability,0.5
370000,dense_rhs/candidate_3_expected_net_benefit,0.0
370000,dense_rhs/candidate_3_return,371.92864990234375
370000,dense_rhs/candidate_3_return_term,0.9962821006774902
370000,dense_rhs/candidate_3_roughness_term,0.9257309436798096
370000,dense_rhs/candidate_3_return_std_term,0.15625005960464478
370000,dense_rhs/candidate_3_learner_proxy_term,0.8153823018074036
370000,dense_rhs/candidate_2_fitness,0.8301882147789001
370000,dense_rhs/candidate_2_deployment_score,0.47501274943351746
370000,dense_rhs/candidate_2_transition_cost,0.03088703192770481
370000,dense_rhs/candidate_2_transition_adjusted_score,0.4441257119178772
370000,dense_rhs/candidate_2_switch_probability,0.9296771287918091
370000,dense_rhs/candidate_2_expected_net_benefit,0.3279285430908203
370000,dense_rhs/candidate_2_return,372.5665283203125
370000,dense_rhs/candidate_2_return_term,0.9999999403953552
370000,dense_rhs/candidate_2_roughness_term,0.9828070402145386
370000,dense_rhs/candidate_2_return_std_term,0.4833226203918457
370000,dense_rhs/candidate_2_learner_proxy_term,1.0
370000,dense_rhs/candidate_4_fitness,0.03162277489900589
370000,dense_rhs/candidate_4_deployment_score,6.071411462471588e-07
370000,dense_rhs/candidate_4_transition_cost,0.046020880341529846
370000,dense_rhs/candidate_4_transition_adjusted_score,-0.0460202731192112
370000,dense_rhs/candidate_4_switch_probability,0.23282188177108765
370000,dense_rhs/candidate_4_expected_net_benefit,-0.16221743822097778
370000,dense_rhs/candidate_4_return,371.7663879394531
370000,dense_rhs/candidate_4_return_term,0.9953363537788391
370000,dense_rhs/candidate_4_roughness_term,1.0
370000,dense_rhs/candidate_4_return_std_term,0.0
370000,dense_rhs/candidate_4_learner_proxy_term,0.6186003684997559
370000,dense_rhs/deployment_utility_enabled,1.0
370000,dense_rhs/deployment_utility_observations,6.0
370000,dense_rhs/deployment_utility_last_observed_gain,-31.263671875
370000,dense_rhs/candidate_2_expected_eval_gain,-2.1290283203125
370000,dense_rhs/candidate_2_eval_gain_uncertainty,21.403189196768587
370000,dense_rhs/candidate_2_deployment_utility_score,13.221768978879647
370000,dense_rhs/candidate_3_expected_eval_gain,12.374496459960938
370000,dense_rhs/candidate_3_eval_gain_uncertainty,20.91577121545133
370000,dense_rhs/candidate_3_deployment_utility_score,20.049620293549363
370000,dense_rhs/candidate_4_expected_eval_gain,0.0
370000,dense_rhs/candidate_4_eval_gain_uncertainty,150.0
370000,dense_rhs/candidate_4_deployment_utility_score,37.5
370000,dense_rhs/deployment_utility_override,1.0
370000,dense_rhs/deployment_utility_selected_expected_gain,0.0
370000,dense_rhs/deployment_utility_selected_uncertainty,150.0
370000,dense_rhs/deployment_utility_selected_score,37.5
370000,dense_rhs/deployment_utility_proposed_horizon,4.0
370000,dense_rhs/deployment_utility_proposed_expected_gain,0.0
370000,dense_rhs/deployment_utility_proposed_uncertainty,150.0
370000,dense_rhs/deployment_utility_proposed_score,37.5
370000,dense_rhs/previous_horizon,3.0
370000,dense_rhs/training_bucket_horizon,4.0
370000,dense_rhs/best_h,4.0
370000,dense_rhs/prob_best_h,0.0
370000,dense_rhs/gauss_mean_best_h,0.23931436240673065
370000,dense_rhs/gauss_post_std_best_h,0.12765000760555267
370000,system/heartbeat,1.0
371992,episode/return,862.3613891601562
371992,episode/length,500.0
371993,episode/return,862.6748657226562
371993,episode/length,500.0
371994,episode/return,859.9548950195312
371994,episode/length,500.0
371995,episode/return,862.9856567382812
371995,episode/length,500.0
371996,episode/return,860.4232788085938
371996,episode/length,500.0
371997,episode/return,863.666015625
371997,episode/length,500.0
371998,episode/return,860.1803588867188
371998,episode/length,500.0
371999,episode/return,858.2732543945312
371999,episode/length,500.0
375992,episode/return,862.3869018554688
375992,episode/length,500.0
375993,episode/return,860.7776489257812
375993,episode/length,500.0
375994,episode/return,859.0462646484375
375994,episode/length,500.0
375995,episode/return,860.7998657226562
375995,episode/length,500.0
375996,episode/return,861.925537109375
375996,episode/length,500.0
375997,episode/return,862.750244140625
375997,episode/length,500.0
375998,episode/return,860.5691528320312
375998,episode/length,500.0
375999,episode/return,852.4066162109375
375999,episode/length,500.0
379992,episode/return,857.7153930664062
379992,episode/length,500.0
379993,episode/return,859.9500122070312
379993,episode/length,500.0
379994,episode/return,850.5878295898438
379994,episode/length,500.0
379995,episode/return,859.0578002929688
379995,episode/length,500.0
379996,episode/return,858.8084716796875
379996,episode/length,500.0
379997,episode/return,858.4199829101562
379997,episode/length,500.0
379998,episode/return,856.4132690429688
379998,episode/length,500.0
379999,episode/return,851.9578247070312
379999,episode/length,500.0
380000,train/consistency_loss_mean,9.589821395347826e-05
380000,train/consistency_loss_std,3.432556401510515e-05
380000,train/continue_loss_mean,0.0
380000,train/continue_loss_std,0.0
380000,train/grad_norm_mean,0.1103525016605854
380000,train/grad_norm_std,0.07856314254916133
380000,train/policy_log_std_mean,-1.759514995803833
380000,train/policy_log_std_std,0.6816455627644812
380000,train/policy_loss_mean,-0.7665478362560272
380000,train/policy_loss_std,0.010670614776857153
380000,train/reward_loss_mean,0.281307740354538
380000,train/reward_loss_std,0.0048802197439089985
380000,train/total_loss_mean,0.05926461983025074
380000,train/total_loss_std,0.0009120936708035529
380000,train/value_loss_mean,0.29215880160331725
380000,train/value_loss_std,0.004166393277712694
380000,train/value_scale_mean,91.76512157592774
380000,train/value_scale_std,0.5848561245738495
380000,timing/collect_chunk_s,154.09667190676555
380000,timing/train_chunk_s,225.67598986439407
380000,dense_rhs/training_bucket_horizon,4.0
380000,system/heartbeat,1.0
383992,episode/return,859.732177734375
383992,episode/length,500.0
383993,episode/return,853.5076904296875
383993,episode/length,500.0
383994,episode/return,862.0846557617188
383994,episode/length,500.0
383995,episode/return,853.1370239257812
383995,episode/length,500.0
383996,episode/return,861.6631469726562
383996,episode/length,500.0
383997,episode/return,854.9190063476562
383997,episode/length,500.0
383998,episode/return,861.59423828125
383998,episode/length,500.0
383999,episode/return,863.62548828125
383999,episode/length,500.0
387992,episode/return,856.39697265625
387992,episode/length,500.0
387993,episode/return,861.3281860351562
387993,episode/length,500.0
387994,episode/return,861.3840942382812
387994,episode/length,500.0
387995,episode/return,861.7091064453125
387995,episode/length,500.0
387996,episode/return,860.7886352539062
387996,episode/length,500.0
387997,episode/return,853.3023681640625
387997,episode/length,500.0
387998,episode/return,854.965087890625
387998,episode/length,500.0
387999,episode/return,858.4415893554688
387999,episode/length,500.0
390000,train/consistency_loss_mean,9.67184015084058e-05
390000,train/consistency_loss_std,3.395864135312034e-05
390000,train/continue_loss_mean,0.0
390000,train/continue_loss_std,0.0
390000,train/grad_norm_mean,0.11133180429041385
390000,train/grad_norm_std,0.07762682739262787
390000,train/policy_log_std_mean,-1.7476769743347167
390000,train/policy_log_std_std,0.6557128588271884
390000,train/policy_loss_mean,-0.774616987657547
390000,train/policy_loss_std,0.012307798079255894
390000,train/reward_loss_mean,0.2818825682878494
390000,train/reward_loss_std,0.004764579254971018
390000,train/total_loss_mean,0.059258005526661876
390000,train/total_loss_std,0.0009169609121075891
390000,train/value_loss_mean,0.29135379519462584
390000,train/value_loss_std,0.004256355061610459
390000,train/value_scale_mean,90.84106240234375
390000,train/value_scale_std,0.8778575950789544
390000,timing/collect_chunk_s,91.48828031588346
390000,timing/train_chunk_s,25.24692949699238
390000,dense_rhs/training_bucket_horizon,4.0
390000,system/heartbeat,1.0
391992,episode/return,861.517578125
391992,episode/length,500.0
391993,episode/return,862.1505737304688
391993,episode/length,500.0
391994,episode/return,861.122314453125
391994,episode/length,500.0
391995,episode/return,855.122802734375
391995,episode/length,500.0
391996,episode/return,860.1975708007812
391996,episode/length,500.0
391997,episode/return,862.298095703125
391997,episode/length,500.0
391998,episode/return,862.1065063476562
391998,episode/length,500.0
391999,episode/return,860.0112915039062
391999,episode/length,500.0
395992,episode/return,860.2791748046875
395992,episode/length,500.0
395993,episode/return,857.6829223632812
395993,episode/length,500.0
395994,episode/return,861.373291015625
395994,episode/length,500.0
395995,episode/return,863.1306762695312
395995,episode/length,500.0
395996,episode/return,860.4227294921875
395996,episode/length,500.0
395997,episode/return,860.1541137695312
395997,episode/length,500.0
395998,episode/return,861.0918579101562
395998,episode/length,500.0
395999,episode/return,853.5533447265625
395999,episode/length,500.0
399992,episode/return,853.3196411132812
399992,episode/length,500.0
399993,episode/return,861.630126953125
399993,episode/length,500.0
399994,episode/return,857.6878051757812
399994,episode/length,500.0
399995,episode/return,861.1401977539062
399995,episode/length,500.0
399996,episode/return,860.181640625
399996,episode/length,500.0
399997,episode/return,859.4379272460938
399997,episode/length,500.0
399998,episode/return,856.6064453125
399998,episode/length,500.0
399999,episode/return,859.729248046875
399999,episode/length,500.0
400000,train/consistency_loss_mean,9.858821551315486e-05
400000,train/consistency_loss_std,3.4445178104447795e-05
400000,train/continue_loss_mean,0.0
400000,train/continue_loss_std,0.0
400000,train/grad_norm_mean,0.11088137282133102
400000,train/grad_norm_std,0.07740060867254578
400000,train/policy_log_std_mean,-1.641368409500122
400000,train/policy_log_std_std,0.6756484836402956
400000,train/policy_loss_mean,-0.777520316696167
400000,train/policy_loss_std,0.010473709943865029
400000,train/reward_loss_mean,0.2823284290790558
400000,train/reward_loss_std,0.004709542848519889
400000,train/total_loss_mean,0.05959725118279457
400000,train/total_loss_std,0.0009167960625333431
400000,train/value_loss_mean,0.29392643558979037
400000,train/value_loss_std,0.004176677142874761
400000,train/value_scale_mean,90.62392876586914
400000,train/value_scale_std,0.5687979715382864
400000,timing/collect_chunk_s,107.81878184201196
400000,timing/train_chunk_s,25.301588091999292
400000,dense_rhs/training_bucket_horizon,4.0
400000,system/heartbeat,1.0
400000,timing/checkpoint_blocking_s,0.4381395629607141
400000,eval/return_mean,858.94189453125
400000,eval/return_std,4.325597763061523
400000,eval/return_max,864.287109375
400000,eval/return_min,847.9144287109375
400000,dense_rhs/deployment_utility_last_observed_gain,83.8824462890625
400000,dense_rhs/deployment_utility_observations,7.0
400000,timing/eval_s,33.38102758815512
400000,eval/selected_horizon,4.0
400000,eval/training_bucket_horizon,4.0
400000,system/heartbeat,1.0
403992,episode/return,862.201171875
403992,episode/length,500.0
403993,episode/return,860.7105712890625
403993,episode/length,500.0
403994,episode/return,854.3912963867188
403994,episode/length,500.0
403995,episode/return,861.0891723632812
403995,episode/length,500.0
403996,episode/return,846.6202392578125
403996,episode/length,500.0
403997,episode/return,855.2374267578125
403997,episode/length,500.0
403998,episode/return,859.7839965820312
403998,episode/length,500.0
403999,episode/return,856.6817016601562
403999,episode/length,500.0
407992,episode/return,860.3590698242188
407992,episode/length,500.0
407993,episode/return,0.024561189115047455
407993,episode/length,500.0
407994,episode/return,858.9077758789062
407994,episode/length,500.0
407995,episode/return,859.2783203125
407995,episode/length,500.0
407996,episode/return,851.0188598632812
407996,episode/length,500.0
407997,episode/return,861.998046875
407997,episode/length,500.0
407998,episode/return,853.91748046875
407998,episode/length,500.0
407999,episode/return,857.3429565429688
407999,episode/length,500.0
410000,train/consistency_loss_mean,0.00010307869986281731
410000,train/consistency_loss_std,3.5934484558357914e-05
410000,train/continue_loss_mean,0.0
410000,train/continue_loss_std,0.0
410000,train/grad_norm_mean,0.11208119844198226
410000,train/grad_norm_std,0.08105447103291405
410000,train/policy_log_std_mean,-1.6640551258850098
410000,train/policy_log_std_std,0.7006433991564105
410000,train/policy_loss_mean,-0.7737723171234131
410000,train/policy_loss_std,0.010060021551446904
410000,train/reward_loss_mean,0.2825988683462143
410000,train/reward_loss_std,0.004786001260405701
410000,train/total_loss_mean,0.059756629699468614
410000,train/total_loss_std,0.0009426931170365828
410000,train/value_loss_mean,0.2943516785621643
410000,train/value_loss_std,0.004189949493872816
410000,train/value_scale_mean,91.13129453125
410000,train/value_scale_std,0.5095172615454904
410000,timing/collect_chunk_s,96.0005640797317
410000,timing/train_chunk_s,25.322171637788415
410000,dense_rhs/training_bucket_horizon,4.0
410000,system/heartbeat,1.0
411992,episode/return,854.3125610351562
411992,episode/length,500.0
411993,episode/return,853.5401611328125
411993,episode/length,500.0
411994,episode/return,857.977783203125
411994,episode/length,500.0
411995,episode/return,862.7841186523438
411995,episode/length,500.0
411996,episode/return,853.7760620117188
411996,episode/length,500.0
411997,episode/return,852.36328125
411997,episode/length,500.0
411998,episode/return,858.806884765625
411998,episode/length,500.0
411999,episode/return,856.4849853515625
411999,episode/length,500.0
415992,episode/return,862.3427124023438
415992,episode/length,500.0
415993,episode/return,861.7030029296875
415993,episode/length,500.0
415994,episode/return,861.8633422851562
415994,episode/length,500.0
415995,episode/return,858.8190307617188
415995,episode/length,500.0
415996,episode/return,860.68798828125
415996,episode/length,500.0
415997,episode/return,855.5831909179688
415997,episode/length,500.0
415998,episode/return,862.1754760742188
415998,episode/length,500.0
415999,episode/return,857.336669921875
415999,episode/length,500.0
419992,episode/return,858.5127563476562
419992,episode/length,500.0
419993,episode/return,862.2721557617188
419993,episode/length,500.0
419994,episode/return,855.7061767578125
419994,episode/length,500.0
419995,episode/return,0.005670730955898762
419995,episode/length,500.0
419996,episode/return,861.6921997070312
419996,episode/length,500.0
419997,episode/return,856.7621459960938
419997,episode/length,500.0
419998,episode/return,859.1005859375
419998,episode/length,500.0
419999,episode/return,860.933349609375
419999,episode/length,500.0
420000,train/consistency_loss_mean,0.0001056643603136763
420000,train/consistency_loss_std,3.50697725914689e-05
420000,train/continue_loss_mean,0.0
420000,train/continue_loss_std,0.0
420000,train/grad_norm_mean,0.11041098137199878
420000,train/grad_norm_std,0.07799686832749736
420000,train/policy_log_std_mean,-1.707440273590088
420000,train/policy_log_std_std,0.6767715906748948
420000,train/policy_loss_mean,-0.7824950504779815
420000,train/policy_loss_std,0.011353976348125945
420000,train/reward_loss_mean,0.28291673181056975
420000,train/reward_loss_std,0.004789457320698708
420000,train/total_loss_mean,0.059798955988883976
420000,train/total_loss_std,0.0009390017984456134
420000,train/value_loss_mean,0.2939399493932724
420000,train/value_loss_std,0.004315803728088783
420000,train/value_scale_mean,90.3230622253418
420000,train/value_scale_std,0.7776194157703256
420000,timing/collect_chunk_s,93.13592305453494
420000,timing/train_chunk_s,25.294606749899685
420000,dense_rhs/training_bucket_horizon,4.0
420000,system/heartbeat,1.0
420000,dense_rhs/selected_horizon,4.0
420000,dense_rhs/proposed_horizon,3.0
420000,dense_rhs/phase_id,0.0
420000,dense_rhs/num_active_horizons,7.0
420000,dense_rhs/num_candidate_horizons,3.0
420000,dense_rhs/entropy,1.57183837890625
420000,dense_rhs/norm_entropy,0.8077650666236877
420000,dense_rhs/best_fitness,0.03162277489900589
420000,dense_rhs/deployment_score_best,1.013745709599334e-08
420000,dense_rhs/incumbent_deployment_score,1.013745709599334e-08
420000,dense_rhs/proposed_deployment_score,0.8915084004402161
420000,dense_rhs/proposed_transition_cost,0.02764175646007061
420000,dense_rhs/proposed_switch_probability,0.9999963045120239
420000,dense_rhs/proposed_expected_net_benefit,0.8638665676116943
420000,dense_rhs/transition_cost_best,0.02764175646007061
420000,dense_rhs/transition_adjusted_score_best,0.8638666272163391
420000,dense_rhs/switch_probability_best,0.9999963045120239
420000,dense_rhs/expected_improvement_best,0.8638668060302734
420000,dense_rhs/expected_loss_best,2.1072628442198038e-07
420000,dense_rhs/expected_net_benefit_best,0.8638665676116943
420000,dense_rhs/return_term_best,0.34623152017593384
420000,dense_rhs/roughness_term_best,0.8532387018203735
420000,dense_rhs/return_std_term_best,0.0
420000,dense_rhs/learner_proxy_term_best,0.8267840147018433
420000,dense_rhs/model_prefix_loss_best,0.3850017189979553
420000,dense_rhs/model_probe_prefix_best,0.19703346490859985
420000,dense_rhs/planner_return_best,200.99362182617188
420000,dense_rhs/roughness_best,0.032504599541425705
420000,dense_rhs/robust_return_best,260.45294189453125
420000,timing/query_model_diag_s,14.426840082276613
420000,timing/query_env_eval_s,29.270946290344
420000,timing/query_finalize_s,0.004107901826500893
420000,timing/query_total_s,43.70813038991764
420000,dense_rhs/candidate_4_fitness,0.03162277489900589
420000,dense_rhs/candidate_4_deployment_score,1.013745709599334e-08
420000,dense_rhs/candidate_4_transition_cost,0.0
420000,dense_rhs/candidate_4_transition_adjusted_score,1.013745709599334e-08
420000,dense_rhs/candidate_4_switch_probability,0.5
420000,dense_rhs/candidate_4_expected_net_benefit,0.0
420000,dense_rhs/candidate_4_return,260.45294189453125
420000,dense_rhs/candidate_4_return_term,0.34623152017593384
420000,dense_rhs/candidate_4_roughness_term,0.8532387018203735
420000,dense_rhs/candidate_4_return_std_term,0.0
420000,dense_rhs/candidate_4_learner_proxy_term,0.8267840147018433
420000,dense_rhs/candidate_5_fitness,0.9167054891586304
420000,dense_rhs/candidate_5_deployment_score,0.398103266954422
420000,dense_rhs/candidate_5_transition_cost,0.031572334468364716
420000,dense_rhs/candidate_5_transition_adjusted_score,0.3665309250354767
420000,dense_rhs/candidate_5_switch_probability,0.641914427280426
420000,dense_rhs/candidate_5_expected_net_benefit,0.3665309548377991
420000,dense_rhs/candidate_5_return,367.8312072753906
420000,dense_rhs/candidate_5_return_term,0.9710035920143127
420000,dense_rhs/candidate_5_roughness_term,0.7683348059654236
420000,dense_rhs/candidate_5_return_std_term,0.9465582370758057
420000,dense_rhs/candidate_5_learner_proxy_term,0.6157643795013428
420000,dense_rhs/candidate_3_fitness,0.9716984033584595
420000,dense_rhs/candidate_3_deployment_score,0.8915084004402161
420000,dense_rhs/candidate_3_transition_cost,0.02764175646007061
420000,dense_rhs/candidate_3_transition_adjusted_score,0.8638666272163391
420000,dense_rhs/candidate_3_switch_probability,0.9999963045120239
420000,dense_rhs/candidate_3_expected_net_benefit,0.8638665676116943
420000,dense_rhs/candidate_3_return,372.81475830078125
420000,dense_rhs/candidate_3_return_term,1.0
420000,dense_rhs/candidate_3_roughness_term,0.9081762433052063
420000,dense_rhs/candidate_3_return_std_term,0.9816468954086304
420000,dense_rhs/candidate_3_learner_proxy_term,1.0
420000,dense_rhs/deployment_utility_enabled,1.0
420000,dense_rhs/deployment_utility_observations,7.0
420000,dense_rhs/deployment_utility_last_observed_gain,83.8824462890625
420000,dense_rhs/candidate_3_expected_eval_gain,12.374496459960938
420000,dense_rhs/candidate_3_eval_gain_uncertainty,20.91577121545133
420000,dense_rhs/candidate_3_deployment_utility_score,27.60343926382377
420000,dense_rhs/candidate_4_expected_eval_gain,83.8824462890625
420000,dense_rhs/candidate_4_eval_gain_uncertainty,106.06601717798212
420000,dense_rhs/candidate_4_deployment_utility_score,110.39895058355803
420000,dense_rhs/candidate_5_expected_eval_gain,0.0
420000,dense_rhs/candidate_5_eval_gain_uncertainty,150.0
420000,dense_rhs/candidate_5_deployment_utility_score,41.96550207656226
420000,dense_rhs/deployment_utility_override,1.0
420000,dense_rhs/deployment_utility_selected_expected_gain,83.8824462890625
420000,dense_rhs/deployment_utility_selected_uncertainty,106.06601717798212
420000,dense_rhs/deployment_utility_selected_score,110.39895058355803
420000,dense_rhs/deployment_utility_proposed_horizon,4.0
420000,dense_rhs/deployment_utility_proposed_expected_gain,83.8824462890625
420000,dense_rhs/deployment_utility_proposed_uncertainty,106.06601717798212
420000,dense_rhs/deployment_utility_proposed_score,110.39895058355803
420000,dense_rhs/previous_horizon,4.0
420000,dense_rhs/training_bucket_horizon,4.0
420000,dense_rhs/best_h,4.0
420000,dense_rhs/prob_best_h,0.0
420000,dense_rhs/gauss_mean_best_h,0.2046990990638733
420000,dense_rhs/gauss_post_std_best_h,0.11096915602684021
420000,system/heartbeat,1.0
423992,episode/return,863.8729858398438
423992,episode/length,500.0
423993,episode/return,859.1377563476562
423993,episode/length,500.0
423994,episode/return,863.8682250976562
423994,episode/length,500.0
423995,episode/return,858.7316284179688
423995,episode/length,500.0
423996,episode/return,860.3734741210938
423996,episode/length,500.0
423997,episode/return,859.057861328125
423997,episode/length,500.0
423998,episode/return,860.1340942382812
423998,episode/length,500.0
423999,episode/return,861.4769287109375
423999,episode/length,500.0
427992,episode/return,857.64990234375
427992,episode/length,500.0
427993,episode/return,861.5216674804688
427993,episode/length,500.0
427994,episode/return,0.0004308806383050978
427994,episode/length,500.0
427995,episode/return,861.6751708984375
427995,episode/length,500.0
427996,episode/return,859.0281372070312
427996,episode/length,500.0
427997,episode/return,860.5070190429688
427997,episode/length,500.0
427998,episode/return,860.09765625
427998,episode/length,500.0
427999,episode/return,862.216064453125
427999,episode/length,500.0
430000,train/consistency_loss_mean,0.00011100170150166377
430000,train/consistency_loss_std,3.655439545665466e-05
430000,train/continue_loss_mean,0.0
430000,train/continue_loss_std,0.0
430000,train/grad_norm_mean,0.11070779081583024
430000,train/grad_norm_std,0.0771615039210103
430000,train/policy_log_std_mean,-1.7004434629821776
430000,train/policy_log_std_std,0.6320516508427261
430000,train/policy_loss_mean,-0.7722685104846955
430000,train/policy_loss_std,0.011654242633385227
430000,train/reward_loss_mean,0.2827136917352676
430000,train/reward_loss_std,0.004809402240198808
430000,train/total_loss_mean,0.060072090119123456
430000,train/total_loss_std,0.0009424377877758419
430000,train/value_loss_mean,0.29580685713291166
430000,train/value_loss_std,0.00410174594382454
430000,train/value_scale_mean,91.6068326965332
430000,train/value_scale_std,0.8259507949181253
430000,timing/collect_chunk_s,101.6949269962497
430000,timing/train_chunk_s,25.278258755337447
430000,dense_rhs/training_bucket_horizon,4.0
430000,system/heartbeat,1.0
431992,episode/return,0.002444005338475108
431992,episode/length,500.0
431993,episode/return,861.5247802734375
431993,episode/length,500.0
431994,episode/return,862.99462890625
431994,episode/length,500.0
431995,episode/return,860.346923828125
431995,episode/length,500.0
431996,episode/return,862.7216186523438
431996,episode/length,500.0
431997,episode/return,859.3965454101562
431997,episode/length,500.0
431998,episode/return,862.2274169921875
431998,episode/length,500.0
431999,episode/return,857.1824340820312
431999,episode/length,500.0
435992,episode/return,861.8916625976562
435992,episode/length,500.0
435993,episode/return,861.8529052734375
435993,episode/length,500.0
435994,episode/return,861.27001953125
435994,episode/length,500.0
435995,episode/return,863.2517700195312
435995,episode/length,500.0
435996,episode/return,861.6065673828125
435996,episode/length,500.0
435997,episode/return,860.4089965820312
435997,episode/length,500.0
435998,episode/return,859.5816650390625
435998,episode/length,500.0
435999,episode/return,859.6524658203125
435999,episode/length,500.0
439992,episode/return,862.08056640625
439992,episode/length,500.0
439993,episode/return,862.224365234375
439993,episode/length,500.0
439994,episode/return,857.8767700195312
439994,episode/length,500.0
439995,episode/return,860.9072265625
439995,episode/length,500.0
439996,episode/return,862.9617919921875
439996,episode/length,500.0
439997,episode/return,858.9974365234375
439997,episode/length,500.0
439998,episode/return,860.2518920898438
439998,episode/length,500.0
439999,episode/return,858.8733520507812
439999,episode/length,500.0
440000,train/consistency_loss_mean,0.00011489020994631574
440000,train/consistency_loss_std,3.7341374165574447e-05
440000,train/continue_loss_mean,0.0
440000,train/continue_loss_std,0.0
440000,train/grad_norm_mean,0.11021813219785691
440000,train/grad_norm_std,0.07354318359342159
440000,train/policy_log_std_mean,-1.758526540222168
440000,train/policy_log_std_std,0.655373325786617
440000,train/policy_loss_mean,-0.7662026462554932
440000,train/policy_loss_std,0.01121534535793038
440000,train/reward_loss_mean,0.28267431795597076
440000,train/reward_loss_std,0.0048507740709146895
440000,train/total_loss_mean,0.0601953577876091
440000,train/total_loss_std,0.0009569346801526834
440000,train/value_loss_mean,0.2963012098789215
440000,train/value_loss_std,0.004136491378872407
440000,train/value_scale_mean,92.36165989379883
440000,train/value_scale_std,0.7187127858071918
440000,timing/collect_chunk_s,92.33107957150787
440000,timing/train_chunk_s,25.292594115249813
440000,dense_rhs/training_bucket_horizon,4.0
440000,system/heartbeat,1.0
443992,episode/return,858.4786987304688
443992,episode/length,500.0
443993,episode/return,858.0772094726562
443993,episode/length,500.0
443994,episode/return,854.7750854492188
443994,episode/length,500.0
443995,episode/return,854.0615844726562
443995,episode/length,500.0
443996,episode/return,855.1249389648438
443996,episode/length,500.0
443997,episode/return,853.9107666015625
443997,episode/length,500.0
443998,episode/return,853.8828125
443998,episode/length,500.0
443999,episode/return,855.83349609375
443999,episode/length,500.0
447992,episode/return,861.2105712890625
447992,episode/length,500.0
447993,episode/return,859.4871826171875
447993,episode/length,500.0
447994,episode/return,849.2351684570312
447994,episode/length,500.0
447995,episode/return,861.7188720703125
447995,episode/length,500.0
447996,episode/return,859.9774780273438
447996,episode/length,500.0
447997,episode/return,859.86181640625
447997,episode/length,500.0
447998,episode/return,862.8447875976562
447998,episode/length,500.0
447999,episode/return,861.1258544921875
447999,episode/length,500.0
450000,train/consistency_loss_mean,0.00011400289414450526
450000,train/consistency_loss_std,3.702417359715988e-05
450000,train/continue_loss_mean,0.0
450000,train/continue_loss_std,0.0
450000,train/grad_norm_mean,0.10956750529408454
450000,train/grad_norm_std,0.07548774230467302
450000,train/policy_log_std_mean,-1.6971812993621826
450000,train/policy_log_std_std,0.635396052837715
450000,train/policy_loss_mean,-0.779217878818512
450000,train/policy_loss_std,0.013300479453646078
450000,train/reward_loss_mean,0.28297597334384916
450000,train/reward_loss_std,0.0048166199255152056
450000,train/total_loss_mean,0.06014992476701737
450000,train/total_loss_std,0.0009709594688974664
450000,train/value_loss_mean,0.29572268698215487
450000,train/value_loss_std,0.004184730915069138
450000,train/value_scale_mean,90.91450215454101
450000,train/value_scale_std,1.0784769098508433
450000,timing/collect_chunk_s,91.90321481786668
450000,timing/train_chunk_s,25.26660139206797
450000,dense_rhs/training_bucket_horizon,4.0
450000,system/heartbeat,1.0
450000,timing/checkpoint_blocking_s,0.41833491809666157
450000,eval/return_mean,816.8048706054688
450000,eval/return_std,187.4122772216797
450000,eval/return_max,864.1105346679688
450000,eval/return_min,0.004773837514221668
450000,dense_rhs/deployment_utility_last_observed_gain,-42.13702392578125
450000,dense_rhs/deployment_utility_observations,8.0
450000,timing/eval_s,10.464429035317153
450000,eval/selected_horizon,4.0
450000,eval/training_bucket_horizon,4.0
450000,system/heartbeat,1.0
451992,episode/return,857.3896484375
451992,episode/length,500.0
451993,episode/return,857.7435913085938
451993,episode/length,500.0
451994,episode/return,862.1658935546875
451994,episode/length,500.0
451995,episode/return,858.0968627929688
451995,episode/length,500.0
451996,episode/return,860.6826782226562
451996,episode/length,500.0
451997,episode/return,861.2869873046875
451997,episode/length,500.0
451998,episode/return,861.616943359375
451998,episode/length,500.0
451999,episode/return,856.3357543945312
451999,episode/length,500.0
455992,episode/return,858.645751953125
455992,episode/length,500.0
455993,episode/return,861.661376953125
455993,episode/length,500.0
455994,episode/return,860.5369262695312
455994,episode/length,500.0
455995,episode/return,859.0804443359375
455995,episode/length,500.0
455996,episode/return,862.4952392578125
455996,episode/length,500.0
455997,episode/return,860.809814453125
455997,episode/length,500.0
455998,episode/return,861.0851440429688
455998,episode/length,500.0
455999,episode/return,851.2284545898438
455999,episode/length,500.0
459992,episode/return,859.9617309570312
459992,episode/length,500.0
459993,episode/return,862.8801879882812
459993,episode/length,500.0
459994,episode/return,861.3218994140625
459994,episode/length,500.0
459995,episode/return,863.694091796875
459995,episode/length,500.0
459996,episode/return,862.0975341796875
459996,episode/length,500.0
459997,episode/return,862.19091796875
459997,episode/length,500.0
459998,episode/return,863.2413940429688
459998,episode/length,500.0
459999,episode/return,855.2227172851562
459999,episode/length,500.0
460000,train/consistency_loss_mean,0.00011512448255671188
460000,train/consistency_loss_std,3.644266540122456e-05
460000,train/continue_loss_mean,0.0
460000,train/continue_loss_std,0.0
460000,train/grad_norm_mean,0.1058604562342167
460000,train/grad_norm_std,0.07225584562469918
460000,train/policy_log_std_mean,-1.6689911372375488
460000,train/policy_log_std_std,0.5938004925512487
460000,train/policy_loss_mean,-0.7863342605590821
460000,train/policy_loss_std,0.010652493943151056
460000,train/reward_loss_mean,0.2834423096895218
460000,train/reward_loss_std,0.004809283743227692
460000,train/total_loss_mean,0.06041834352314472
460000,train/total_loss_std,0.0009481500311289066
460000,train/value_loss_mean,0.2977162178039551
460000,train/value_loss_std,0.004073361379354386
460000,train/value_scale_mean,90.19996129150391
460000,train/value_scale_std,0.6293776404682722
460000,timing/collect_chunk_s,93.4525957396254
460000,timing/train_chunk_s,25.27694126125425
460000,dense_rhs/training_bucket_horizon,4.0
460000,system/heartbeat,1.0
463992,episode/return,861.1285400390625
463992,episode/length,500.0
463993,episode/return,0.01040545105934143
463993,episode/length,500.0
463994,episode/return,860.54541015625
463994,episode/length,500.0
463995,episode/return,861.508056640625
463995,episode/length,500.0
463996,episode/return,863.6904907226562
463996,episode/length,500.0
463997,episode/return,863.3075561523438
463997,episode/length,500.0
463998,episode/return,0.07016441971063614
463998,episode/length,500.0
463999,episode/return,862.1959228515625
463999,episode/length,500.0
467992,episode/return,862.8372802734375
467992,episode/length,500.0
467993,episode/return,861.529541015625
467993,episode/length,500.0
467994,episode/return,858.89013671875
467994,episode/length,500.0
467995,episode/return,860.3485717773438
467995,episode/length,500.0
467996,episode/return,862.1121215820312
467996,episode/length,500.0
467997,episode/return,862.9434204101562
467997,episode/length,500.0
467998,episode/return,862.7600708007812
467998,episode/length,500.0
467999,episode/return,861.5947265625
467999,episode/length,500.0
470000,train/consistency_loss_mean,0.00012094662510789931
470000,train/consistency_loss_std,3.805807054906394e-05
470000,train/continue_loss_mean,0.0
470000,train/continue_loss_std,0.0
470000,train/grad_norm_mean,0.10531436719298362
470000,train/grad_norm_std,0.07022946003277801
470000,train/policy_log_std_mean,-1.7507224462890625
470000,train/policy_log_std_std,0.6364814936712295
470000,train/policy_loss_mean,-0.7714519128322601
470000,train/policy_loss_std,0.01034969145127667
470000,train/reward_loss_mean,0.283240136885643
470000,train/reward_loss_std,0.004898906772259439
470000,train/total_loss_mean,0.06053635992705822
470000,train/total_loss_std,0.0009612536546766297
470000,train/value_loss_mean,0.2979341280937195
470000,train/value_loss_std,0.004009041588783622
470000,train/value_scale_mean,91.87475426635743
470000,train/value_scale_std,0.5762632017477218
470000,timing/collect_chunk_s,101.58356440719217
470000,timing/train_chunk_s,25.208204676397145
470000,dense_rhs/training_bucket_horizon,4.0
470000,system/heartbeat,1.0
470000,dense_rhs/selected_horizon,5.0
470000,dense_rhs/proposed_horizon,3.0
470000,dense_rhs/phase_id,0.0
470000,dense_rhs/num_active_horizons,7.0
470000,dense_rhs/num_candidate_horizons,3.0
470000,dense_rhs/entropy,1.2942047119140625
470000,dense_rhs/norm_entropy,0.6650896072387695
470000,dense_rhs/best_fitness,0.8735509514808655
470000,dense_rhs/deployment_score_best,0.4005809724330902
470000,dense_rhs/incumbent_deployment_score,9.39339006578166e-09
470000,dense_rhs/proposed_deployment_score,0.8756135106086731
470000,dense_rhs/proposed_transition_cost,0.02429157868027687
470000,dense_rhs/proposed_switch_probability,0.999998927116394
470000,dense_rhs/proposed_expected_net_benefit,0.8513219356536865
470000,dense_rhs/transition_cost_best,0.02429157868027687
470000,dense_rhs/transition_adjusted_score_best,0.8513219356536865
470000,dense_rhs/switch_probability_best,0.999998927116394
470000,dense_rhs/expected_improvement_best,0.8513219952583313
470000,dense_rhs/expected_loss_best,6.91576360623003e-08
470000,dense_rhs/expected_net_benefit_best,0.8513219356536865
470000,dense_rhs/return_term_best,0.9933987259864807
470000,dense_rhs/roughness_term_best,0.5952317714691162
470000,dense_rhs/return_std_term_best,0.98478764295578
470000,dense_rhs/learner_proxy_term_best,0.7017254829406738
470000,dense_rhs/model_prefix_loss_best,0.3985620439052582
470000,dense_rhs/model_probe_prefix_best,0.20350509881973267
470000,dense_rhs/planner_return_best,200.82359313964844
470000,dense_rhs/roughness_best,0.05066432058811188
470000,dense_rhs/robust_return_best,372.4677734375
470000,timing/query_model_diag_s,0.011953521054238081
470000,timing/query_env_eval_s,6.0932059260085225
470000,timing/query_finalize_s,0.0036910069175064564
470000,timing/query_total_s,6.1144213899970055
470000,dense_rhs/candidate_4_fitness,0.03162277489900589
470000,dense_rhs/candidate_4_deployment_score,9.39339006578166e-09
470000,dense_rhs/candidate_4_transition_cost,0.0
470000,dense_rhs/candidate_4_transition_adjusted_score,9.39339006578166e-09
470000,dense_rhs/candidate_4_switch_probability,0.5
470000,dense_rhs/candidate_4_expected_net_benefit,0.0
470000,dense_rhs/candidate_4_return,259.7801513671875
470000,dense_rhs/candidate_4_return_term,0.3414551615715027
470000,dense_rhs/candidate_4_roughness_term,0.7435717582702637
470000,dense_rhs/candidate_4_return_std_term,0.0
470000,dense_rhs/candidate_4_learner_proxy_term,0.9293188452720642
470000,dense_rhs/candidate_5_fitness,0.8735509514808655
470000,dense_rhs/candidate_5_deployment_score,0.4005809724330902
470000,dense_rhs/candidate_5_transition_cost,0.03454376757144928
470000,dense_rhs/candidate_5_transition_adjusted_score,0.36603718996047974
470000,dense_rhs/candidate_5_switch_probability,0.6419978141784668
470000,dense_rhs/candidate_5_expected_net_benefit,0.36603718996047974
470000,dense_rhs/candidate_5_return,372.4677734375
470000,dense_rhs/candidate_5_return_term,0.9933987259864807
470000,dense_rhs/candidate_5_roughness_term,0.5952317714691162
470000,dense_rhs/candidate_5_return_std_term,0.98478764295578
470000,dense_rhs/candidate_5_learner_proxy_term,0.7017254829406738
470000,dense_rhs/candidate_3_fitness,0.967337965965271
470000,dense_rhs/candidate_3_deployment_score,0.8756135106086731
470000,dense_rhs/candidate_3_transition_cost,0.02429157868027687
470000,dense_rhs/candidate_3_transition_adjusted_score,0.8513219356536865
470000,dense_rhs/candidate_3_switch_probability,0.999998927116394
470000,dense_rhs/candidate_3_expected_net_benefit,0.8513219356536865
470000,dense_rhs/candidate_3_return,373.6087951660156
470000,dense_rhs/candidate_3_return_term,1.0
470000,dense_rhs/candidate_3_roughness_term,0.8843628764152527
470000,dense_rhs/candidate_3_return_std_term,0.9901065826416016
470000,dense_rhs/candidate_3_learner_proxy_term,1.0
470000,dense_rhs/deployment_utility_enabled,1.0
470000,dense_rhs/deployment_utility_observations,8.0
470000,dense_rhs/deployment_utility_last_observed_gain,-42.13702392578125
470000,dense_rhs/candidate_3_expected_eval_gain,12.374496459960938
470000,dense_rhs/candidate_3_eval_gain_uncertainty,20.91577121545133
470000,dense_rhs/candidate_3_deployment_utility_score,27.60343926382377
470000,dense_rhs/candidate_4_expected_eval_gain,20.872711181640625
470000,dense_rhs/candidate_4_eval_gain_uncertainty,36.37868752583704
470000,dense_rhs/candidate_4_deployment_utility_score,29.967383063099884
470000,dense_rhs/candidate_5_expected_eval_gain,0.0
470000,dense_rhs/candidate_5_eval_gain_uncertainty,150.0
470000,dense_rhs/candidate_5_deployment_utility_score,42.0748605119008
470000,dense_rhs/deployment_utility_override,1.0
470000,dense_rhs/deployment_utility_selected_expected_gain,0.0
470000,dense_rhs/deployment_utility_selected_uncertainty,150.0
470000,dense_rhs/deployment_utility_selected_score,42.0748605119008
470000,dense_rhs/deployment_utility_proposed_horizon,5.0
470000,dense_rhs/deployment_utility_proposed_expected_gain,0.0
470000,dense_rhs/deployment_utility_proposed_uncertainty,150.0
470000,dense_rhs/deployment_utility_proposed_score,42.0748605119008
470000,dense_rhs/previous_horizon,4.0
470000,dense_rhs/training_bucket_horizon,5.0
470000,dense_rhs/best_h,5.0
470000,dense_rhs/prob_best_h,0.52734375
470000,dense_rhs/gauss_mean_best_h,0.8951282501220703
470000,dense_rhs/gauss_post_std_best_h,0.01525732409209013
470000,system/heartbeat,1.0
471992,episode/return,860.1948852539062
471992,episode/length,500.0
471993,episode/return,861.3795166015625
471993,episode/length,500.0
471994,episode/return,859.1450805664062
471994,episode/length,500.0
471995,episode/return,862.0753173828125
471995,episode/length,500.0
471996,episode/return,858.400146484375
471996,episode/length,500.0
471997,episode/return,854.5406494140625
471997,episode/length,500.0
471998,episode/return,861.4061889648438
471998,episode/length,500.0
471999,episode/return,860.7789306640625
471999,episode/length,500.0
475992,episode/return,862.4617309570312
475992,episode/length,500.0
475993,episode/return,861.43896484375
475993,episode/length,500.0
475994,episode/return,861.474853515625
475994,episode/length,500.0
475995,episode/return,861.596923828125
475995,episode/length,500.0
475996,episode/return,859.239990234375
475996,episode/length,500.0
475997,episode/return,855.2901000976562
475997,episode/length,500.0
475998,episode/return,853.4862060546875
475998,episode/length,500.0
475999,episode/return,861.5734252929688
475999,episode/length,500.0
479992,episode/return,857.7230834960938
479992,episode/length,500.0
479993,episode/return,856.1796264648438
479993,episode/length,500.0
479994,episode/return,860.127685546875
479994,episode/length,500.0
479995,episode/return,861.8023681640625
479995,episode/length,500.0
479996,episode/return,862.02734375
479996,episode/length,500.0
479997,episode/return,861.5941162109375
479997,episode/length,500.0
479998,episode/return,863.7692260742188
479998,episode/length,500.0
479999,episode/return,863.30859375
479999,episode/length,500.0
480000,train/consistency_loss_mean,9.986569648608565e-05
480000,train/consistency_loss_std,3.1550386122559925e-05
480000,train/continue_loss_mean,0.0
480000,train/continue_loss_std,0.0
480000,train/grad_norm_mean,0.09023447067141532
480000,train/grad_norm_std,0.060303556560866445
480000,train/policy_log_std_mean,-1.7180373031616212
480000,train/policy_log_std_std,0.6015934106507125
480000,train/policy_loss_mean,-0.6570456030368805
480000,train/policy_loss_std,0.00881589274156951
480000,train/reward_loss_mean,0.23444007428884506
480000,train/reward_loss_std,0.004004753379659204
480000,train/total_loss_mean,0.05005120575129986
480000,train/total_loss_std,0.0008086045316510946
480000,train/value_loss_mean,0.2460988347172737
480000,train/value_loss_std,0.003333471188761144
480000,train/value_scale_mean,91.28885150146485
480000,train/value_scale_std,0.5717306345643498
480000,timing/collect_chunk_s,155.20327373687178
480000,timing/train_chunk_s,235.38657897990197
480000,dense_rhs/training_bucket_horizon,5.0
480000,system/heartbeat,1.0
483992,episode/return,857.4566040039062
483992,episode/length,500.0
483993,episode/return,860.8782958984375
483993,episode/length,500.0
483994,episode/return,861.0743408203125
483994,episode/length,500.0
483995,episode/return,861.47216796875
483995,episode/length,500.0
483996,episode/return,862.3953857421875
483996,episode/length,500.0
483997,episode/return,854.4876098632812
483997,episode/length,500.0
483998,episode/return,861.2667236328125
483998,episode/length,500.0
483999,episode/return,862.129150390625
483999,episode/length,500.0
487992,episode/return,863.2568359375
487992,episode/length,500.0
487993,episode/return,861.676025390625
487993,episode/length,500.0
487994,episode/return,861.566162109375
487994,episode/length,500.0
487995,episode/return,854.9281005859375
487995,episode/length,500.0
487996,episode/return,859.4811401367188
487996,episode/length,500.0
487997,episode/return,861.144775390625
487997,episode/length,500.0
487998,episode/return,858.4932250976562
487998,episode/length,500.0
487999,episode/return,862.6701049804688
487999,episode/length,500.0
490000,train/consistency_loss_mean,0.00010013867609668522
490000,train/consistency_loss_std,3.093841957037235e-05
490000,train/continue_loss_mean,0.0
490000,train/continue_loss_std,0.0
490000,train/grad_norm_mean,0.08948498850166797
490000,train/grad_norm_std,0.061380462489375794
490000,train/policy_log_std_mean,-1.6775508148193359
490000,train/policy_log_std_std,0.5987454854385592
490000,train/policy_loss_mean,-0.6601383865833282
490000,train/policy_loss_std,0.00913635607456881
490000,train/reward_loss_mean,0.23472343089580536
490000,train/reward_loss_std,0.003949857038562688
490000,train/total_loss_mean,0.050045481169223784
490000,train/total_loss_std,0.0008014710674256374
490000,train/value_loss_mean,0.24570363491773606
490000,train/value_loss_std,0.0034315066991026173
490000,train/value_scale_mean,90.8879094543457
490000,train/value_scale_std,0.6404403538049974
490000,timing/collect_chunk_s,97.22776249796152
490000,timing/train_chunk_s,29.08549725729972
490000,dense_rhs/training_bucket_horizon,5.0
490000,system/heartbeat,1.0
491992,episode/return,856.3036499023438
491992,episode/length,500.0
491993,episode/return,856.57861328125
491993,episode/length,500.0
491994,episode/return,854.8987426757812
491994,episode/length,500.0
491995,episode/return,859.8999633789062
491995,episode/length,500.0
491996,episode/return,854.2567138671875
491996,episode/length,500.0
491997,episode/return,850.3271484375
491997,episode/length,500.0
491998,episode/return,863.04833984375
491998,episode/length,500.0
491999,episode/return,863.3846435546875
491999,episode/length,500.0
495992,episode/return,858.1517333984375
495992,episode/length,500.0
495993,episode/return,858.9534301757812
495993,episode/length,500.0
495994,episode/return,859.1944580078125
495994,episode/length,500.0
495995,episode/return,859.9651489257812
495995,episode/length,500.0
495996,episode/return,860.3091430664062
495996,episode/length,500.0
495997,episode/return,851.752197265625
495997,episode/length,500.0
495998,episode/return,859.419677734375
495998,episode/length,500.0
495999,episode/return,858.1217651367188
495999,episode/length,500.0
499992,episode/return,852.9312133789062
499992,episode/length,500.0
499993,episode/return,852.6520385742188
499993,episode/length,500.0
499994,episode/return,861.0557861328125
499994,episode/length,500.0
499995,episode/return,857.8914794921875
499995,episode/length,500.0
499996,episode/return,854.6065063476562
499996,episode/length,500.0
499997,episode/return,862.1649169921875
499997,episode/length,500.0
499998,episode/return,858.4994506835938
499998,episode/length,500.0
499999,episode/return,861.0559692382812
499999,episode/length,500.0
500000,train/consistency_loss_mean,0.00010108962670201436
500000,train/consistency_loss_std,3.105830835087695e-05
500000,train/continue_loss_mean,0.0
500000,train/continue_loss_std,0.0
500000,train/grad_norm_mean,0.08717879527807236
500000,train/grad_norm_std,0.06110422332132108
500000,train/policy_log_std_mean,-1.690534431330363
500000,train/policy_log_std_std,0.6129419370928922
500000,train/policy_loss_mean,-0.6651781821250915
500000,train/policy_loss_std,0.009789332010457511
500000,train/reward_loss_mean,0.23499726269245147
500000,train/reward_loss_std,0.003977787648172526
500000,train/total_loss_mean,0.05011413877308369
500000,train/total_loss_std,0.0008076896733566875
500000,train/value_loss_mean,0.24592619038820265
500000,train/value_loss_std,0.0033672372561752944
500000,train/value_scale_mean,90.27178072509766
500000,train/value_scale_std,0.7768305203752942
500000,timing/collect_chunk_s,94.41800494631752
500000,timing/train_chunk_s,29.134491715580225
500000,dense_rhs/training_bucket_horizon,5.0
500000,system/heartbeat,1.0
500000,timing/checkpoint_blocking_s,0.4441866772249341
500000,eval/return_mean,860.5714111328125
500000,eval/return_std,1.7418901920318604
500000,eval/return_max,862.9843139648438
500000,eval/return_min,856.646728515625
500000,dense_rhs/deployment_utility_last_observed_gain,43.76654052734375
500000,dense_rhs/deployment_utility_observations,9.0
500000,timing/eval_s,33.82884334679693
500000,eval/selected_horizon,5.0
500000,eval/training_bucket_horizon,5.0
500000,system/heartbeat,1.0
