step,tag,value
0,timing/prewarm_dense_rhs_s,239.15869544586167
0,system/heartbeat,1.0
3992,episode/return,20.370649337768555
3992,episode/length,500.0
3993,episode/return,7.460683822631836
3993,episode/length,500.0
3994,episode/return,10.115187644958496
3994,episode/length,500.0
3995,episode/return,9.47007942199707
3995,episode/length,500.0
3996,episode/return,10.364070892333984
3996,episode/length,500.0
3997,episode/return,10.624218940734863
3997,episode/length,500.0
3998,episode/return,10.371207237243652
3998,episode/length,500.0
3999,episode/return,19.6968936920166
3999,episode/length,500.0
4000,seed_pretrain/updates_completed,512.0
4000,timing/collect_chunk_s,53.74779553152621
4000,timing/train_chunk_s,243.85004786634818
4000,system/heartbeat,1.0
4000,seed_pretrain/updates_completed,1024.0
4000,timing/collect_chunk_s,53.74779553152621
4000,timing/train_chunk_s,245.17442117910832
4000,system/heartbeat,1.0
4000,seed_pretrain/updates_completed,1536.0
4000,timing/collect_chunk_s,53.74779553152621
4000,timing/train_chunk_s,246.49867321457714
4000,system/heartbeat,1.0
4000,seed_pretrain/updates_completed,2048.0
4000,timing/collect_chunk_s,53.74779553152621
4000,timing/train_chunk_s,247.82241966575384
4000,system/heartbeat,1.0
4000,seed_pretrain/updates_completed,2560.0
4000,timing/collect_chunk_s,53.74779553152621
4000,timing/train_chunk_s,249.14796392340213
4000,system/heartbeat,1.0
4000,seed_pretrain/updates_completed,3072.0
4000,timing/collect_chunk_s,53.74779553152621
4000,timing/train_chunk_s,250.4730560486205
4000,system/heartbeat,1.0
4000,seed_pretrain/updates_completed,3584.0
4000,timing/collect_chunk_s,53.74779553152621
4000,timing/train_chunk_s,251.7988302456215
4000,system/heartbeat,1.0
7992,episode/return,68.27962493896484
7992,episode/length,500.0
7993,episode/return,52.22340774536133
7993,episode/length,500.0
7994,episode/return,57.461387634277344
7994,episode/length,500.0
7995,episode/return,42.372764587402344
7995,episode/length,500.0
7996,episode/return,56.81940460205078
7996,episode/length,500.0
7997,episode/return,60.99457931518555
7997,episode/length,500.0
7998,episode/return,65.24192810058594
7998,episode/length,500.0
7999,episode/return,59.61433029174805
7999,episode/length,500.0
10000,train/consistency_loss_mean,0.0018109316847287119
10000,train/consistency_loss_std,0.0009911207138221991
10000,train/continue_loss_mean,0.0
10000,train/continue_loss_std,0.0
10000,train/grad_norm_mean,0.6349980216503144
10000,train/grad_norm_std,0.1421464190733336
10000,train/policy_log_std_mean,-1.1266397331746418
10000,train/policy_log_std_std,0.6171113181909714
10000,train/policy_loss_mean,-2.0571374228954316
10000,train/policy_loss_std,1.0004580524951001
10000,train/reward_loss_mean,0.14860763520002365
10000,train/reward_loss_std,0.08980470362868817
10000,train/total_loss_mean,0.08263471676707268
10000,train/total_loss_std,0.0325526973805358
10000,train/value_loss_mean,0.31555318509340285
10000,train/value_loss_std,0.09180443145403895
10000,train/value_scale_mean,1.3032255021095276
10000,train/value_scale_std,0.3473174123151334
10000,timing/collect_chunk_s,268.4298731777817
10000,timing/train_chunk_s,308.9064502371475
10000,dense_rhs/training_bucket_horizon,4.0
10000,system/heartbeat,1.0
11992,episode/return,65.8128433227539
11992,episode/length,500.0
11993,episode/return,105.63809204101562
11993,episode/length,500.0
11994,episode/return,102.45275115966797
11994,episode/length,500.0
11995,episode/return,90.71549224853516
11995,episode/length,500.0
11996,episode/return,79.2233657836914
11996,episode/length,500.0
11997,episode/return,64.8104019165039
11997,episode/length,500.0
11998,episode/return,98.46295928955078
11998,episode/length,500.0
11999,episode/return,69.11016845703125
11999,episode/length,500.0
15992,episode/return,145.22576904296875
15992,episode/length,500.0
15993,episode/return,141.76483154296875
15993,episode/length,500.0
15994,episode/return,96.72727966308594
15994,episode/length,500.0
15995,episode/return,89.65251922607422
15995,episode/length,500.0
15996,episode/return,108.31671905517578
15996,episode/length,500.0
15997,episode/return,146.40158081054688
15997,episode/length,500.0
15998,episode/return,56.51585006713867
15998,episode/length,500.0
15999,episode/return,96.62386322021484
15999,episode/length,500.0
19992,episode/return,219.2587890625
19992,episode/length,500.0
19993,episode/return,157.540283203125
19993,episode/length,500.0
19994,episode/return,188.4224395751953
19994,episode/length,500.0
19995,episode/return,173.7865753173828
19995,episode/length,500.0
19996,episode/return,202.88897705078125
19996,episode/length,500.0
19997,episode/return,220.6910400390625
19997,episode/length,500.0
19998,episode/return,209.1233367919922
19998,episode/length,500.0
19999,episode/return,171.47177124023438
19999,episode/length,500.0
20000,train/consistency_loss_mean,0.0019979353573173287
20000,train/consistency_loss_std,0.00011938533487184535
20000,train/continue_loss_mean,0.0
20000,train/continue_loss_std,0.0
20000,train/grad_norm_mean,0.608114661693573
20000,train/grad_norm_std,0.05397891221891148
20000,train/policy_log_std_mean,-1.1548916651407877
20000,train/policy_log_std_std,0.49679391508855975
20000,train/policy_loss_mean,-1.439196120262146
20000,train/policy_loss_std,0.47253802626495706
20000,train/reward_loss_mean,0.21718262165784835
20000,train/reward_loss_std,0.01314906303791582
20000,train/total_loss_mean,0.09104378345012665
20000,train/total_loss_std,0.004050843932210061
20000,train/value_loss_mean,0.2936681275844574
20000,train/value_loss_std,0.02327563195099325
20000,train/value_scale_mean,7.318826522064209
20000,train/value_scale_std,3.3084230809490593
20000,timing/collect_chunk_s,101.1399852996692
20000,timing/train_chunk_s,25.258911949116737
20000,dense_rhs/training_bucket_horizon,4.0
20000,system/heartbeat,1.0
23992,episode/return,109.10592651367188
23992,episode/length,500.0
23993,episode/return,246.61715698242188
23993,episode/length,500.0
23994,episode/return,36.107688903808594
23994,episode/length,500.0
23995,episode/return,250.5548858642578
23995,episode/length,500.0
23996,episode/return,262.85052490234375
23996,episode/length,500.0
23997,episode/return,282.3446350097656
23997,episode/length,500.0
23998,episode/return,281.90936279296875
23998,episode/length,500.0
23999,episode/return,46.68583297729492
23999,episode/length,500.0
27992,episode/return,245.44003295898438
27992,episode/length,500.0
27993,episode/return,189.07421875
27993,episode/length,500.0
27994,episode/return,182.23388671875
27994,episode/length,500.0
27995,episode/return,195.37454223632812
27995,episode/length,500.0
27996,episode/return,172.3636474609375
27996,episode/length,500.0
27997,episode/return,117.3319320678711
27997,episode/length,500.0
27998,episode/return,209.5357666015625
27998,episode/length,500.0
27999,episode/return,190.1044158935547
27999,episode/length,500.0
30000,train/consistency_loss_mean,0.002067357621155679
30000,train/consistency_loss_std,6.40407088034905e-05
30000,train/continue_loss_mean,0.0
30000,train/continue_loss_std,0.0
30000,train/grad_norm_mean,0.5643712802410126
30000,train/grad_norm_std,0.043981319270432855
30000,train/policy_log_std_mean,-0.8117682618713379
30000,train/policy_log_std_std,0.38398617949600794
30000,train/policy_loss_mean,-0.574010501241684
30000,train/policy_loss_std,0.13019418799084959
30000,train/reward_loss_mean,0.24245742065906525
30000,train/reward_loss_std,0.010397901900711676
30000,train/total_loss_mean,0.09508947910666465
30000,train/total_loss_std,0.002117098564214872
30000,train/value_loss_mean,0.2949658333301544
30000,train/value_loss_std,0.012231304136338021
30000,train/value_scale_mean,29.345404132080077
30000,train/value_scale_std,8.04491176759168
30000,timing/collect_chunk_s,99.46316600777209
30000,timing/train_chunk_s,25.253134126774967
30000,dense_rhs/training_bucket_horizon,4.0
30000,system/heartbeat,1.0
31992,episode/return,244.7953338623047
31992,episode/length,500.0
31993,episode/return,257.1884765625
31993,episode/length,500.0
31994,episode/return,280.85601806640625
31994,episode/length,500.0
31995,episode/return,279.80810546875
31995,episode/length,500.0
31996,episode/return,300.26324462890625
31996,episode/length,500.0
31997,episode/return,329.9019470214844
31997,episode/length,500.0
31998,episode/return,317.5555419921875
31998,episode/length,500.0
31999,episode/return,110.75525665283203
31999,episode/length,500.0
35992,episode/return,85.18486022949219
35992,episode/length,500.0
35993,episode/return,307.0297546386719
35993,episode/length,500.0
35994,episode/return,275.861328125
35994,episode/length,500.0
35995,episode/return,308.01068115234375
35995,episode/length,500.0
35996,episode/return,95.98228454589844
35996,episode/length,500.0
35997,episode/return,246.21795654296875
35997,episode/length,500.0
35998,episode/return,294.0256652832031
35998,episode/length,500.0
35999,episode/return,299.5464782714844
35999,episode/length,500.0
39992,episode/return,372.80084228515625
39992,episode/length,500.0
39993,episode/return,213.24380493164062
39993,episode/length,500.0
39994,episode/return,93.73371124267578
39994,episode/length,500.0
39995,episode/return,340.1537170410156
39995,episode/length,500.0
39996,episode/return,261.617919921875
39996,episode/length,500.0
39997,episode/return,335.7621765136719
39997,episode/length,500.0
39998,episode/return,291.5101318359375
39998,episode/length,500.0
39999,episode/return,227.94371032714844
39999,episode/length,500.0
40000,train/consistency_loss_mean,0.0021729013457894323
40000,train/consistency_loss_std,7.393787215467868e-05
40000,train/continue_loss_mean,0.0
40000,train/continue_loss_std,0.0
40000,train/grad_norm_mean,0.5613885200023652
40000,train/grad_norm_std,0.04515393507431265
40000,train/policy_log_std_mean,-0.6808669607543946
40000,train/policy_log_std_std,0.2971823303359905
40000,train/policy_loss_mean,-0.438115509223938
40000,train/policy_loss_std,0.01212335511679887
40000,train/reward_loss_mean,0.2569685613155365
40000,train/reward_loss_std,0.008796770857309863
40000,train/total_loss_mean,0.09906245532631874
40000,train/total_loss_std,0.002864264010215157
40000,train/value_loss_mean,0.2990757039785385
40000,train/value_loss_std,0.01985596969339649
40000,train/value_scale_mean,48.074177294921874
40000,train/value_scale_std,3.2067265231920326
40000,timing/collect_chunk_s,101.20173469558358
40000,timing/train_chunk_s,25.297364791855216
40000,dense_rhs/training_bucket_horizon,4.0
40000,system/heartbeat,1.0
43992,episode/return,366.8525390625
43992,episode/length,500.0
43993,episode/return,353.03619384765625
43993,episode/length,500.0
43994,episode/return,379.9916076660156
43994,episode/length,500.0
43995,episode/return,279.8847961425781
43995,episode/length,500.0
43996,episode/return,362.3628845214844
43996,episode/length,500.0
43997,episode/return,175.08242797851562
43997,episode/length,500.0
43998,episode/return,131.0238037109375
43998,episode/length,500.0
43999,episode/return,392.6512451171875
43999,episode/length,500.0
47992,episode/return,283.393310546875
47992,episode/length,500.0
47993,episode/return,205.92047119140625
47993,episode/length,500.0
47994,episode/return,352.3277282714844
47994,episode/length,500.0
47995,episode/return,356.5920715332031
47995,episode/length,500.0
47996,episode/return,248.1183319091797
47996,episode/length,500.0
47997,episode/return,356.49822998046875
47997,episode/length,500.0
47998,episode/return,272.28656005859375
47998,episode/length,500.0
47999,episode/return,88.93464660644531
47999,episode/length,500.0
50000,train/consistency_loss_mean,0.0023014650203287603
50000,train/consistency_loss_std,7.52483260937057e-05
50000,train/continue_loss_mean,0.0
50000,train/continue_loss_std,0.0
50000,train/grad_norm_mean,0.5731414232254028
50000,train/grad_norm_std,0.0521068291763201
50000,train/policy_log_std_mean,-0.6718319439697266
50000,train/policy_log_std_std,0.27168826790901757
50000,train/policy_loss_mean,-0.4594509361743927
50000,train/policy_loss_std,0.04033194402911263
50000,train/reward_loss_mean,0.2605372988700867
50000,train/reward_loss_std,0.008219469409689175
50000,train/total_loss_mean,0.10106037114858628
50000,train/total_loss_std,0.0023439385896530363
50000,train/value_loss_mean,0.2897733937740326
50000,train/value_loss_std,0.02180482645725878
50000,train/value_scale_mean,54.404288748168945
50000,train/value_scale_std,2.6935833738340933
50000,timing/collect_chunk_s,99.70230593020096
50000,timing/train_chunk_s,25.31452449830249
50000,dense_rhs/training_bucket_horizon,4.0
50000,system/heartbeat,1.0
50000,timing/checkpoint_blocking_s,0.44204580085352063
50000,eval/return_mean,322.9641418457031
50000,eval/return_std,114.9906005859375
50000,eval/return_max,426.18017578125
50000,eval/return_min,79.70380401611328
50000,timing/eval_s,104.4515739842318
50000,eval/selected_horizon,3.0
50000,eval/training_bucket_horizon,4.0
50000,system/heartbeat,1.0
51992,episode/return,0.021633625030517578
51992,episode/length,500.0
51993,episode/return,383.4421691894531
51993,episode/length,500.0
51994,episode/return,110.45269012451172
51994,episode/length,500.0
51995,episode/return,306.6640930175781
51995,episode/length,500.0
51996,episode/return,149.3033905029297
51996,episode/length,500.0
51997,episode/return,347.21832275390625
51997,episode/length,500.0
51998,episode/return,356.67730712890625
51998,episode/length,500.0
51999,episode/return,309.6833801269531
51999,episode/length,500.0
55992,episode/return,341.59466552734375
55992,episode/length,500.0
55993,episode/return,381.638916015625
55993,episode/length,500.0
55994,episode/return,402.0278015136719
55994,episode/length,500.0
55995,episode/return,330.99053955078125
55995,episode/length,500.0
55996,episode/return,306.5368957519531
55996,episode/length,500.0
55997,episode/return,391.8394470214844
55997,episode/length,500.0
55998,episode/return,385.6532287597656
55998,episode/length,500.0
55999,episode/return,292.8362731933594
55999,episode/length,500.0
59992,episode/return,418.3211975097656
59992,episode/length,500.0
59993,episode/return,382.2654113769531
59993,episode/length,500.0
59994,episode/return,410.9468994140625
59994,episode/length,500.0
59995,episode/return,306.93426513671875
59995,episode/length,500.0
59996,episode/return,80.81255340576172
59996,episode/length,500.0
59997,episode/return,399.7505798339844
59997,episode/length,500.0
59998,episode/return,285.39544677734375
59998,episode/length,500.0
59999,episode/return,297.8324890136719
59999,episode/length,500.0
60000,train/consistency_loss_mean,0.0023634856497868895
60000,train/consistency_loss_std,7.285520197678518e-05
60000,train/continue_loss_mean,0.0
60000,train/continue_loss_std,0.0
60000,train/grad_norm_mean,0.5646417189598083
60000,train/grad_norm_std,0.05562819513486849
60000,train/policy_log_std_mean,-0.7248992807515462
60000,train/policy_log_std_std,0.29064022452594074
60000,train/policy_loss_mean,-0.5544005105018616
60000,train/policy_loss_std,0.033918150297672034
60000,train/reward_loss_mean,0.25783132207393644
60000,train/reward_loss_std,0.00805441369028157
60000,train/total_loss_mean,0.10437455129027366
60000,train/total_loss_std,0.003071689549249819
60000,train/value_loss_mean,0.31321704909801484
60000,train/value_loss_std,0.023462934536099905
60000,train/value_scale_mean,51.05699225463867
60000,train/value_scale_std,1.2960824067468835
60000,timing/collect_chunk_s,98.45774035109207
60000,timing/train_chunk_s,25.233204614836723
60000,dense_rhs/training_bucket_horizon,4.0
60000,system/heartbeat,1.0
63992,episode/return,307.4903259277344
63992,episode/length,500.0
63993,episode/return,242.23013305664062
63993,episode/length,500.0
63994,episode/return,316.309814453125
63994,episode/length,500.0
63995,episode/return,390.11553955078125
63995,episode/length,500.0
63996,episode/return,335.947509765625
63996,episode/length,500.0
63997,episode/return,454.46539306640625
63997,episode/length,500.0
63998,episode/return,444.28173828125
63998,episode/length,500.0
63999,episode/return,431.4472351074219
63999,episode/length,500.0
67992,episode/return,126.82868957519531
67992,episode/length,500.0
67993,episode/return,437.45452880859375
67993,episode/length,500.0
67994,episode/return,410.33636474609375
67994,episode/length,500.0
67995,episode/return,271.537109375
67995,episode/length,500.0
67996,episode/return,394.99493408203125
67996,episode/length,500.0
67997,episode/return,399.68621826171875
67997,episode/length,500.0
67998,episode/return,451.28997802734375
67998,episode/length,500.0
67999,episode/return,327.5147705078125
67999,episode/length,500.0
70000,train/consistency_loss_mean,0.002396154962293804
70000,train/consistency_loss_std,7.2520242482815e-05
70000,train/continue_loss_mean,0.0
70000,train/continue_loss_std,0.0
70000,train/grad_norm_mean,0.557496185874939
70000,train/grad_norm_std,0.054642660151595836
70000,train/policy_log_std_mean,-0.6824948501586914
70000,train/policy_log_std_std,0.2759043401097324
70000,train/policy_loss_mean,-0.5822918366909027
70000,train/policy_loss_std,0.035072559639307464
70000,train/reward_loss_mean,0.26054522440433503
70000,train/reward_loss_std,0.008116367929674363
70000,train/total_loss_mean,0.10079708742499352
70000,train/total_loss_std,0.0025348067876218763
70000,train/value_loss_mean,0.26819464712142943
70000,train/value_loss_std,0.01921987413111194
70000,train/value_scale_mean,54.26274711914063
70000,train/value_scale_std,3.274198984552653
70000,timing/collect_chunk_s,98.4552729181014
70000,timing/train_chunk_s,25.236991349142045
70000,dense_rhs/training_bucket_horizon,4.0
70000,system/heartbeat,1.0
70000,dense_rhs/selected_horizon,4.0
70000,dense_rhs/proposed_horizon,4.0
70000,dense_rhs/phase_id,0.0
70000,dense_rhs/num_active_horizons,29.0
70000,dense_rhs/num_candidate_horizons,3.0
70000,dense_rhs/entropy,3.2985098361968994
70000,dense_rhs/norm_entropy,0.9795723557472229
70000,dense_rhs/best_fitness,0.5894867777824402
70000,dense_rhs/deployment_score_best,0.1207515299320221
70000,dense_rhs/incumbent_deployment_score,1.866997649813129e-07
70000,dense_rhs/proposed_deployment_score,0.1207515299320221
70000,dense_rhs/proposed_transition_cost,0.0
70000,dense_rhs/proposed_switch_probability,0.5340219736099243
70000,dense_rhs/proposed_expected_net_benefit,0.12075138092041016
70000,dense_rhs/transition_cost_best,0.0
70000,dense_rhs/transition_adjusted_score_best,0.1207515299320221
70000,dense_rhs/switch_probability_best,0.5340219736099243
70000,dense_rhs/expected_improvement_best,0.6266206502914429
70000,dense_rhs/expected_loss_best,0.5058692693710327
70000,dense_rhs/expected_net_benefit_best,0.12075138092041016
70000,dense_rhs/return_term_best,1.0
70000,dense_rhs/roughness_term_best,0.9994117021560669
70000,dense_rhs/return_std_term_best,0.12082260847091675
70000,dense_rhs/learner_proxy_term_best,0.9885775446891785
70000,dense_rhs/model_prefix_loss_best,0.6598513126373291
70000,dense_rhs/model_probe_prefix_best,0.48807844519615173
70000,dense_rhs/planner_return_best,78.7603759765625
70000,dense_rhs/roughness_best,1.2099101543426514
70000,dense_rhs/robust_return_best,115.89987182617188
70000,timing/query_model_diag_s,13.74856526358053
70000,timing/query_env_eval_s,41.07341090962291
70000,timing/query_finalize_s,0.896834549959749
70000,timing/query_total_s,55.906128818169236
70000,dense_rhs/candidate_3_fitness,0.03162277489900589
70000,dense_rhs/candidate_3_deployment_score,1.866997649813129e-07
70000,dense_rhs/candidate_3_transition_cost,0.0
70000,dense_rhs/candidate_3_transition_adjusted_score,1.866997649813129e-07
70000,dense_rhs/candidate_3_switch_probability,0.5
70000,dense_rhs/candidate_3_expected_net_benefit,0.0
70000,dense_rhs/candidate_3_return,88.35425567626953
70000,dense_rhs/candidate_3_return_term,0.6573914885520935
70000,dense_rhs/candidate_3_roughness_term,0.9996488690376282
70000,dense_rhs/candidate_3_return_std_term,0.0
70000,dense_rhs/candidate_3_learner_proxy_term,1.0
70000,dense_rhs/candidate_2_fitness,0.03162277489900589
70000,dense_rhs/candidate_2_deployment_score,1.1899984011591265e-25
70000,dense_rhs/candidate_2_transition_cost,0.0
70000,dense_rhs/candidate_2_transition_adjusted_score,1.1899984011591265e-25
70000,dense_rhs/candidate_2_switch_probability,0.4999999403953552
70000,dense_rhs/candidate_2_expected_net_benefit,-2.384185791015625e-07
70000,dense_rhs/candidate_2_return,35.50019454956055
70000,dense_rhs/candidate_2_return_term,0.0
70000,dense_rhs/candidate_2_roughness_term,1.0
70000,dense_rhs/candidate_2_return_std_term,0.11899983882904053
70000,dense_rhs/candidate_2_learner_proxy_term,0.9955429434776306
70000,dense_rhs/candidate_4_fitness,0.5894867777824402
70000,dense_rhs/candidate_4_deployment_score,0.1207515299320221
70000,dense_rhs/candidate_4_transition_cost,0.0
70000,dense_rhs/candidate_4_transition_adjusted_score,0.1207515299320221
70000,dense_rhs/candidate_4_switch_probability,0.5340219736099243
70000,dense_rhs/candidate_4_expected_net_benefit,0.12075138092041016
70000,dense_rhs/candidate_4_return,115.89987182617188
70000,dense_rhs/candidate_4_return_term,1.0
70000,dense_rhs/candidate_4_roughness_term,0.9994117021560669
70000,dense_rhs/candidate_4_return_std_term,0.12082260847091675
70000,dense_rhs/candidate_4_learner_proxy_term,0.9885775446891785
70000,dense_rhs/deployment_utility_enabled,0.0
70000,dense_rhs/deployment_utility_override,0.0
70000,dense_rhs/deployment_utility_observations,0.0
70000,dense_rhs/deployment_utility_last_observed_gain,0.0
70000,dense_rhs/previous_horizon,3.0
70000,dense_rhs/training_bucket_horizon,4.0
70000,dense_rhs/best_h,4.0
70000,dense_rhs/prob_best_h,0.099609375
70000,dense_rhs/gauss_mean_best_h,0.5894867777824402
70000,dense_rhs/gauss_post_std_best_h,1.0
70000,system/heartbeat,1.0
71992,episode/return,245.70225524902344
71992,episode/length,500.0
71993,episode/return,449.60638427734375
71993,episode/length,500.0
71994,episode/return,431.6868591308594
71994,episode/length,500.0
71995,episode/return,373.2678527832031
71995,episode/length,500.0
71996,episode/return,246.68222045898438
71996,episode/length,500.0
71997,episode/return,101.60053253173828
71997,episode/length,500.0
71998,episode/return,426.39923095703125
71998,episode/length,500.0
71999,episode/return,290.1357421875
71999,episode/length,500.0
75992,episode/return,244.1440887451172
75992,episode/length,500.0
75993,episode/return,40.9480094909668
75993,episode/length,500.0
75994,episode/return,45.39738845825195
75994,episode/length,500.0
75995,episode/return,375.7388610839844
75995,episode/length,500.0
75996,episode/return,172.4517364501953
75996,episode/length,500.0
75997,episode/return,283.16766357421875
75997,episode/length,500.0
75998,episode/return,84.79625701904297
75998,episode/length,500.0
75999,episode/return,194.23374938964844
75999,episode/length,500.0
79992,episode/return,129.26083374023438
79992,episode/length,500.0
79993,episode/return,228.62631225585938
79993,episode/length,500.0
79994,episode/return,144.03089904785156
79994,episode/length,500.0
79995,episode/return,207.24880981445312
79995,episode/length,500.0
79996,episode/return,159.07119750976562
79996,episode/length,500.0
79997,episode/return,126.3775405883789
79997,episode/length,500.0
79998,episode/return,310.478271484375
79998,episode/length,500.0
79999,episode/return,275.6582946777344
79999,episode/length,500.0
80000,train/consistency_loss_mean,0.001930942452698946
80000,train/consistency_loss_std,6.358078625262149e-05
80000,train/continue_loss_mean,0.0
80000,train/continue_loss_std,0.0
80000,train/grad_norm_mean,0.43337050499916074
80000,train/grad_norm_std,0.04636421250811903
80000,train/policy_log_std_mean,-0.6323661094156902
80000,train/policy_log_std_std,0.27174837316648653
80000,train/policy_loss_mean,-0.5078273397922516
80000,train/policy_loss_std,0.033758295190235245
80000,train/reward_loss_mean,0.21129331505298615
80000,train/reward_loss_std,0.006290661094223617
80000,train/total_loss_mean,0.08101625747084618
80000,train/total_loss_std,0.0022234236324989126
80000,train/value_loss_mean,0.2126807663798332
80000,train/value_loss_std,0.013939633160377208
80000,train/value_scale_mean,53.119551290893554
80000,train/value_scale_std,3.2056719066178774
80000,timing/collect_chunk_s,98.589899526909
80000,timing/train_chunk_s,25.232159946113825
80000,dense_rhs/training_bucket_horizon,4.0
80000,system/heartbeat,1.0
83992,episode/return,55.156307220458984
83992,episode/length,500.0
83993,episode/return,109.2920913696289
83993,episode/length,500.0
83994,episode/return,286.41912841796875
83994,episode/length,500.0
83995,episode/return,93.33890533447266
83995,episode/length,500.0
83996,episode/return,428.8536071777344
83996,episode/length,500.0
83997,episode/return,183.70921325683594
83997,episode/length,500.0
83998,episode/return,116.3470230102539
83998,episode/length,500.0
83999,episode/return,270.1739196777344
83999,episode/length,500.0
87992,episode/return,45.749717712402344
87992,episode/length,500.0
87993,episode/return,317.16912841796875
87993,episode/length,500.0
87994,episode/return,449.7118225097656
87994,episode/length,500.0
87995,episode/return,450.7602844238281
87995,episode/length,500.0
87996,episode/return,422.7502136230469
87996,episode/length,500.0
87997,episode/return,421.7307434082031
87997,episode/length,500.0
87998,episode/return,275.9543762207031
87998,episode/length,500.0
87999,episode/return,458.9705810546875
87999,episode/length,500.0
90000,train/consistency_loss_mean,0.001985703766904771
90000,train/consistency_loss_std,6.240636535465682e-05
90000,train/continue_loss_mean,0.0
90000,train/continue_loss_std,0.0
90000,train/grad_norm_mean,0.435680752658844
90000,train/grad_norm_std,0.04880711395132498
90000,train/policy_log_std_mean,-0.6345692613220215
90000,train/policy_log_std_std,0.2847747920199073
90000,train/policy_loss_mean,-0.4144643503665924
90000,train/policy_loss_std,0.014815652938864015
90000,train/reward_loss_mean,0.2097772216320038
90000,train/reward_loss_std,0.006367892966445847
90000,train/total_loss_mean,0.08522518095970154
90000,train/total_loss_std,0.0020129021386549113
90000,train/value_loss_mean,0.2453338236808777
90000,train/value_loss_std,0.013130734862896157
90000,train/value_scale_mean,64.28537445678711
90000,train/value_scale_std,1.4577922002470378
90000,timing/collect_chunk_s,98.76052771368995
90000,timing/train_chunk_s,25.265839202329516
90000,dense_rhs/training_bucket_horizon,4.0
90000,system/heartbeat,1.0
91992,episode/return,101.30357360839844
91992,episode/length,500.0
91993,episode/return,118.2020263671875
91993,episode/length,500.0
91994,episode/return,109.44404602050781
91994,episode/length,500.0
91995,episode/return,440.8468933105469
91995,episode/length,500.0
91996,episode/return,228.533203125
91996,episode/length,500.0
91997,episode/return,386.5083923339844
91997,episode/length,500.0
91998,episode/return,448.98095703125
91998,episode/length,500.0
91999,episode/return,134.3984832763672
91999,episode/length,500.0
95992,episode/return,214.68414306640625
95992,episode/length,500.0
95993,episode/return,267.8964538574219
95993,episode/length,500.0
95994,episode/return,408.2767028808594
95994,episode/length,500.0
95995,episode/return,379.3898010253906
95995,episode/length,500.0
95996,episode/return,361.1986083984375
95996,episode/length,500.0
95997,episode/return,385.05303955078125
95997,episode/length,500.0
95998,episode/return,270.26531982421875
95998,episode/length,500.0
95999,episode/return,356.8135070800781
95999,episode/length,500.0
99992,episode/return,449.7579650878906
99992,episode/length,500.0
99993,episode/return,370.8644714355469
99993,episode/length,500.0
99994,episode/return,161.99705505371094
99994,episode/length,500.0
99995,episode/return,477.6084899902344
99995,episode/length,500.0
99996,episode/return,439.1592712402344
99996,episode/length,500.0
99997,episode/return,486.14483642578125
99997,episode/length,500.0
99998,episode/return,453.5193176269531
99998,episode/length,500.0
99999,episode/return,369.1382141113281
99999,episode/length,500.0
100000,train/consistency_loss_mean,0.0020414047244936228
100000,train/consistency_loss_std,6.675465785818945e-05
100000,train/continue_loss_mean,0.0
100000,train/continue_loss_std,0.0
100000,train/grad_norm_mean,0.4326298769235611
100000,train/grad_norm_std,0.04975507877994002
100000,train/policy_log_std_mean,-0.7019379221089681
100000,train/policy_log_std_std,0.28440024770929545
100000,train/policy_loss_mean,-0.5400443998813629
100000,train/policy_loss_std,0.040038307751678534
100000,train/reward_loss_mean,0.20893089727163314
100000,train/reward_loss_std,0.006447158664000547
100000,train/total_loss_mean,0.08784502691030502
100000,train/total_loss_std,0.0016784481370103166
100000,train/value_loss_mean,0.26123841745853427
100000,train/value_loss_std,0.007749740720256098
100000,train/value_scale_mean,53.01244041442871
100000,train/value_scale_std,2.8095948151638708
100000,timing/collect_chunk_s,96.37971185706556
100000,timing/train_chunk_s,25.24335584649816
100000,dense_rhs/training_bucket_horizon,4.0
100000,system/heartbeat,1.0
100000,timing/checkpoint_blocking_s,0.44891623174771667
100000,eval/return_mean,387.2855529785156
100000,eval/return_std,86.42198944091797
100000,eval/return_max,529.433837890625
100000,eval/return_min,248.24026489257812
100000,timing/eval_s,12.548517307266593
100000,eval/selected_horizon,4.0
100000,eval/training_bucket_horizon,4.0
100000,system/heartbeat,1.0
103992,episode/return,238.19097900390625
103992,episode/length,500.0
103993,episode/return,444.8939514160156
103993,episode/length,500.0
103994,episode/return,409.9219970703125
103994,episode/length,500.0
103995,episode/return,420.4454345703125
103995,episode/length,500.0
103996,episode/return,391.50372314453125
103996,episode/length,500.0
103997,episode/return,373.3865051269531
103997,episode/length,500.0
103998,episode/return,436.6700744628906
103998,episode/length,500.0
103999,episode/return,372.5641784667969
103999,episode/length,500.0
107992,episode/return,386.0843200683594
107992,episode/length,500.0
107993,episode/return,451.1637268066406
107993,episode/length,500.0
107994,episode/return,411.23992919921875
107994,episode/length,500.0
107995,episode/return,485.41033935546875
107995,episode/length,500.0
107996,episode/return,391.2782287597656
107996,episode/length,500.0
107997,episode/return,494.6694641113281
107997,episode/length,500.0
107998,episode/return,350.8397521972656
107998,episode/length,500.0
107999,episode/return,370.72821044921875
107999,episode/length,500.0
110000,train/consistency_loss_mean,0.002058453290537
110000,train/consistency_loss_std,6.648326225528831e-05
110000,train/continue_loss_mean,0.0
110000,train/continue_loss_std,0.0
110000,train/grad_norm_mean,0.42851997942924497
110000,train/grad_norm_std,0.05239794945109852
110000,train/policy_log_std_mean,-0.7257901399739584
110000,train/policy_log_std_std,0.2877385143831329
110000,train/policy_loss_mean,-0.640512935256958
110000,train/policy_loss_std,0.022397064815197317
110000,train/reward_loss_mean,0.2100818434715271
110000,train/reward_loss_std,0.006478177375557678
110000,train/total_loss_mean,0.08689407091140747
110000,train/total_loss_std,0.0022069525629680492
110000,train/value_loss_mean,0.24716819853782654
110000,train/value_loss_std,0.016445337481641217
110000,train/value_scale_mean,47.8863297241211
110000,train/value_scale_std,0.6689024110952237
110000,timing/collect_chunk_s,99.75214523542672
110000,timing/train_chunk_s,25.273226579185575
110000,dense_rhs/training_bucket_horizon,4.0
110000,system/heartbeat,1.0
111992,episode/return,499.9728088378906
111992,episode/length,500.0
111993,episode/return,271.3131103515625
111993,episode/length,500.0
111994,episode/return,427.6373291015625
111994,episode/length,500.0
111995,episode/return,497.43975830078125
111995,episode/length,500.0
111996,episode/return,342.2461242675781
111996,episode/length,500.0
111997,episode/return,358.7360534667969
111997,episode/length,500.0
111998,episode/return,435.97235107421875
111998,episode/length,500.0
111999,episode/return,467.975830078125
111999,episode/length,500.0
115992,episode/return,374.6931457519531
115992,episode/length,500.0
115993,episode/return,0.10479319095611572
115993,episode/length,500.0
115994,episode/return,366.8321228027344
115994,episode/length,500.0
115995,episode/return,442.7187194824219
115995,episode/length,500.0
115996,episode/return,523.3181762695312
115996,episode/length,500.0
115997,episode/return,443.5001525878906
115997,episode/length,500.0
115998,episode/return,396.0091247558594
115998,episode/length,500.0
115999,episode/return,424.9015197753906
115999,episode/length,500.0
119992,episode/return,401.55242919921875
119992,episode/length,500.0
119993,episode/return,380.6803894042969
119993,episode/length,500.0
119994,episode/return,488.91900634765625
119994,episode/length,500.0
119995,episode/return,401.9505615234375
119995,episode/length,500.0
119996,episode/return,243.90194702148438
119996,episode/length,500.0
119997,episode/return,442.3423156738281
119997,episode/length,500.0
119998,episode/return,493.58740234375
119998,episode/length,500.0
119999,episode/return,433.6383056640625
119999,episode/length,500.0
120000,train/consistency_loss_mean,0.0020644983476027848
120000,train/consistency_loss_std,6.925824890624516e-05
120000,train/continue_loss_mean,0.0
120000,train/continue_loss_std,0.0
120000,train/grad_norm_mean,0.4302216006994247
120000,train/grad_norm_std,0.056979362982535496
120000,train/policy_log_std_mean,-0.7152056885274252
120000,train/policy_log_std_std,0.29005501067662515
120000,train/policy_loss_mean,-0.6991074322223664
120000,train/policy_loss_std,0.01759653260821476
120000,train/reward_loss_mean,0.21008757104873657
120000,train/reward_loss_std,0.00653310214139569
120000,train/total_loss_mean,0.08261730744838715
120000,train/total_loss_std,0.001925472015752747
120000,train/value_loss_mean,0.2031858288168907
120000,train/value_loss_std,0.009384296030349348
120000,train/value_scale_mean,45.99545196228027
120000,train/value_scale_std,0.6518972884054949
120000,timing/collect_chunk_s,100.08794252481312
120000,timing/train_chunk_s,25.29717234382406
120000,dense_rhs/training_bucket_horizon,4.0
120000,system/heartbeat,1.0
120000,dense_rhs/selected_horizon,4.0
120000,dense_rhs/proposed_horizon,4.0
120000,dense_rhs/phase_id,0.0
120000,dense_rhs/num_active_horizons,29.0
120000,dense_rhs/num_candidate_horizons,3.0
120000,dense_rhs/entropy,3.273486375808716
120000,dense_rhs/norm_entropy,0.9721410274505615
120000,dense_rhs/best_fitness,0.6857137680053711
120000,dense_rhs/deployment_score_best,0.22109021246433258
120000,dense_rhs/incumbent_deployment_score,0.22109021246433258
120000,dense_rhs/proposed_deployment_score,0.22109021246433258
120000,dense_rhs/proposed_transition_cost,0.0
120000,dense_rhs/proposed_switch_probability,0.5
120000,dense_rhs/proposed_expected_net_benefit,0.0
120000,dense_rhs/transition_cost_best,0.0
120000,dense_rhs/transition_adjusted_score_best,0.22109021246433258
120000,dense_rhs/switch_probability_best,0.5
120000,dense_rhs/expected_improvement_best,0.564189612865448
120000,dense_rhs/expected_loss_best,0.564189612865448
120000,dense_rhs/expected_net_benefit_best,0.0
120000,dense_rhs/return_term_best,1.0
120000,dense_rhs/roughness_term_best,0.9994657635688782
120000,dense_rhs/return_std_term_best,0.221208393573761
120000,dense_rhs/learner_proxy_term_best,1.0
120000,dense_rhs/model_prefix_loss_best,0.7039360404014587
120000,dense_rhs/model_probe_prefix_best,0.527409553527832
120000,dense_rhs/planner_return_best,96.69293975830078
120000,dense_rhs/roughness_best,0.38819554448127747
120000,dense_rhs/robust_return_best,170.8939208984375
120000,timing/query_model_diag_s,13.650585254188627
120000,timing/query_env_eval_s,17.826331537216902
120000,timing/query_finalize_s,0.9348026723600924
120000,timing/query_total_s,32.41645682184026
120000,dense_rhs/candidate_4_fitness,0.6857137680053711
120000,dense_rhs/candidate_4_deployment_score,0.22109021246433258
120000,dense_rhs/candidate_4_transition_cost,0.0
120000,dense_rhs/candidate_4_transition_adjusted_score,0.22109021246433258
120000,dense_rhs/candidate_4_switch_probability,0.5
120000,dense_rhs/candidate_4_expected_net_benefit,0.0
120000,dense_rhs/candidate_4_return,170.8939208984375
120000,dense_rhs/candidate_4_return_term,1.0
120000,dense_rhs/candidate_4_roughness_term,0.9994657635688782
120000,dense_rhs/candidate_4_return_std_term,0.221208393573761
120000,dense_rhs/candidate_4_learner_proxy_term,1.0
120000,dense_rhs/candidate_3_fitness,0.03162277489900589
120000,dense_rhs/candidate_3_deployment_score,7.334593874475104e-07
120000,dense_rhs/candidate_3_transition_cost,0.0
120000,dense_rhs/candidate_3_transition_adjusted_score,7.334593874475104e-07
120000,dense_rhs/candidate_3_switch_probability,0.4378849267959595
120000,dense_rhs/candidate_3_expected_net_benefit,-0.2210894525051117
120000,dense_rhs/candidate_3_return,165.33514404296875
120000,dense_rhs/candidate_3_return_term,0.9255907535552979
120000,dense_rhs/candidate_3_roughness_term,0.9993096590042114
120000,dense_rhs/candidate_3_return_std_term,0.0
120000,dense_rhs/candidate_3_learner_proxy_term,0.9978416562080383
120000,dense_rhs/candidate_5_fitness,0.4071059226989746
120000,dense_rhs/candidate_5_deployment_score,0.012941958382725716
120000,dense_rhs/candidate_5_transition_cost,0.0
120000,dense_rhs/candidate_5_transition_adjusted_score,0.012941958382725716
120000,dense_rhs/candidate_5_switch_probability,0.44149377942085266
120000,dense_rhs/candidate_5_expected_net_benefit,-0.20814824104309082
120000,dense_rhs/candidate_5_return,154.32034301757812
120000,dense_rhs/candidate_5_return_term,0.7781476974487305
120000,dense_rhs/candidate_5_roughness_term,0.9993327260017395
120000,dense_rhs/candidate_5_return_std_term,0.035321712493896484
120000,dense_rhs/candidate_5_learner_proxy_term,0.999446451663971
120000,dense_rhs/deployment_utility_enabled,0.0
120000,dense_rhs/deployment_utility_override,0.0
120000,dense_rhs/deployment_utility_observations,0.0
120000,dense_rhs/deployment_utility_last_observed_gain,0.0
120000,dense_rhs/previous_horizon,4.0
120000,dense_rhs/training_bucket_horizon,4.0
120000,dense_rhs/best_h,4.0
120000,dense_rhs/prob_best_h,0.001953125
120000,dense_rhs/gauss_mean_best_h,0.637600302696228
120000,dense_rhs/gauss_post_std_best_h,0.03402106463909149
120000,system/heartbeat,1.0
123992,episode/return,418.4989929199219
123992,episode/length,500.0
123993,episode/return,381.41632080078125
123993,episode/length,500.0
123994,episode/return,420.1044921875
123994,episode/length,500.0
123995,episode/return,302.0362243652344
123995,episode/length,500.0
123996,episode/return,445.3716125488281
123996,episode/length,500.0
123997,episode/return,415.360107421875
123997,episode/length,500.0
123998,episode/return,408.8398132324219
123998,episode/length,500.0
123999,episode/return,428.0039367675781
123999,episode/length,500.0
127992,episode/return,476.9385070800781
127992,episode/length,500.0
127993,episode/return,322.9400939941406
127993,episode/length,500.0
127994,episode/return,455.21484375
127994,episode/length,500.0
127995,episode/return,584.4925537109375
127995,episode/length,500.0
127996,episode/return,270.0731201171875
127996,episode/length,500.0
127997,episode/return,372.3945007324219
127997,episode/length,500.0
127998,episode/return,559.049072265625
127998,episode/length,500.0
127999,episode/return,398.0874328613281
127999,episode/length,500.0
130000,train/consistency_loss_mean,0.002064063857682049
130000,train/consistency_loss_std,7.166429830737205e-05
130000,train/continue_loss_mean,0.0
130000,train/continue_loss_std,0.0
130000,train/grad_norm_mean,0.43482043640613555
130000,train/grad_norm_std,0.06618531605825477
130000,train/policy_log_std_mean,-0.713851238301595
130000,train/policy_log_std_std,0.27976916047185363
130000,train/policy_loss_mean,-0.7040810549736023
130000,train/policy_loss_std,0.018815989694737197
130000,train/reward_loss_mean,0.21052413605451584
130000,train/reward_loss_std,0.006364088372115657
130000,train/total_loss_mean,0.08244043429493904
130000,train/total_loss_std,0.0018275204532582283
130000,train/value_loss_mean,0.20106742718219758
130000,train/value_loss_std,0.006790915394805933
130000,train/value_scale_mean,46.79375145263672
130000,train/value_scale_std,1.3331222121804638
130000,timing/collect_chunk_s,99.82623652555048
130000,timing/train_chunk_s,25.300263492856175
130000,dense_rhs/training_bucket_horizon,4.0
130000,system/heartbeat,1.0
131992,episode/return,282.51971435546875
131992,episode/length,500.0
131993,episode/return,336.3272399902344
131993,episode/length,500.0
131994,episode/return,317.27496337890625
131994,episode/length,500.0
131995,episode/return,192.298583984375
131995,episode/length,500.0
131996,episode/return,281.71099853515625
131996,episode/length,500.0
131997,episode/return,432.1600341796875
131997,episode/length,500.0
131998,episode/return,300.4985046386719
131998,episode/length,500.0
131999,episode/return,352.5021667480469
131999,episode/length,500.0
135992,episode/return,306.42181396484375
135992,episode/length,500.0
135993,episode/return,421.6834716796875
135993,episode/length,500.0
135994,episode/return,288.88079833984375
135994,episode/length,500.0
135995,episode/return,424.671142578125
135995,episode/length,500.0
135996,episode/return,512.3130493164062
135996,episode/length,500.0
135997,episode/return,405.0046691894531
135997,episode/length,500.0
135998,episode/return,388.0086364746094
135998,episode/length,500.0
135999,episode/return,401.7557678222656
135999,episode/length,500.0
139992,episode/return,345.2663269042969
139992,episode/length,500.0
139993,episode/return,426.1452941894531
139993,episode/length,500.0
139994,episode/return,314.7102355957031
139994,episode/length,500.0
139995,episode/return,435.8968505859375
139995,episode/length,500.0
139996,episode/return,316.7422790527344
139996,episode/length,500.0
139997,episode/return,338.402099609375
139997,episode/length,500.0
139998,episode/return,294.56732177734375
139998,episode/length,500.0
139999,episode/return,378.2682189941406
139999,episode/length,500.0
140000,train/consistency_loss_mean,0.0020675347071141006
140000,train/consistency_loss_std,7.136042410008519e-05
140000,train/continue_loss_mean,0.0
140000,train/continue_loss_std,0.0
140000,train/grad_norm_mean,0.43524039959907534
140000,train/grad_norm_std,0.07349559640492885
140000,train/policy_log_std_mean,-0.7146474662780762
140000,train/policy_log_std_std,0.27650144949886923
140000,train/policy_loss_mean,-0.6892350224494934
140000,train/policy_loss_std,0.01237061702776398
140000,train/reward_loss_mean,0.21071309549808503
140000,train/reward_loss_std,0.006452359708802346
140000,train/total_loss_mean,0.08442191575765609
140000,train/total_loss_std,0.0018552082178555545
140000,train/value_loss_mean,0.21999910562038422
140000,train/value_loss_std,0.009333572485823158
140000,train/value_scale_mean,49.125612744140625
140000,train/value_scale_std,0.5751362381346808
140000,timing/collect_chunk_s,97.34427854092792
140000,timing/train_chunk_s,25.284806109964848
140000,dense_rhs/training_bucket_horizon,4.0
140000,system/heartbeat,1.0
143992,episode/return,256.63031005859375
143992,episode/length,500.0
143993,episode/return,345.4189758300781
143993,episode/length,500.0
143994,episode/return,244.28099060058594
143994,episode/length,500.0
143995,episode/return,472.75469970703125
143995,episode/length,500.0
143996,episode/return,412.8374328613281
143996,episode/length,500.0
143997,episode/return,129.93972778320312
143997,episode/length,500.0
143998,episode/return,439.80462646484375
143998,episode/length,500.0
143999,episode/return,281.4642028808594
143999,episode/length,500.0
147992,episode/return,343.4940490722656
147992,episode/length,500.0
147993,episode/return,361.5461730957031
147993,episode/length,500.0
147994,episode/return,415.1252746582031
147994,episode/length,500.0
147995,episode/return,365.1456604003906
147995,episode/length,500.0
147996,episode/return,384.47174072265625
147996,episode/length,500.0
147997,episode/return,345.9648742675781
147997,episode/length,500.0
147998,episode/return,346.126220703125
147998,episode/length,500.0
147999,episode/return,458.1919250488281
147999,episode/length,500.0
150000,train/consistency_loss_mean,0.0020696232752874496
150000,train/consistency_loss_std,7.21135522993574e-05
150000,train/continue_loss_mean,0.0
150000,train/continue_loss_std,0.0
150000,train/grad_norm_mean,0.43382851927280425
150000,train/grad_norm_std,0.0740552022311529
150000,train/policy_log_std_mean,-0.7250963343811035
150000,train/policy_log_std_std,0.28995716853729003
150000,train/policy_loss_mean,-0.6979409059524536
150000,train/policy_loss_std,0.010362188258661543
150000,train/reward_loss_mean,0.21054850097894667
150000,train/reward_loss_std,0.0064490917375864725
150000,train/total_loss_mean,0.08682292000055312
150000,train/total_loss_std,0.0017768939858116637
150000,train/value_loss_mean,0.24375603911876678
150000,train/value_loss_std,0.008737129838545321
150000,train/value_scale_mean,49.82433543701172
150000,train/value_scale_std,0.5920483992149362
150000,timing/collect_chunk_s,100.20511711714789
150000,timing/train_chunk_s,25.26821543602273
150000,dense_rhs/training_bucket_horizon,4.0
150000,system/heartbeat,1.0
150000,timing/checkpoint_blocking_s,0.44060985930263996
150000,eval/return_mean,477.2433166503906
150000,eval/return_std,68.1716537475586
150000,eval/return_max,599.9343872070312
150000,eval/return_min,353.2643737792969
150000,timing/eval_s,12.458432795014232
150000,eval/selected_horizon,4.0
150000,eval/training_bucket_horizon,4.0
150000,system/heartbeat,1.0
151992,episode/return,442.76129150390625
151992,episode/length,500.0
151993,episode/return,402.6249694824219
151993,episode/length,500.0
151994,episode/return,537.8403930664062
151994,episode/length,500.0
151995,episode/return,473.26776123046875
151995,episode/length,500.0
151996,episode/return,484.9726257324219
151996,episode/length,500.0
151997,episode/return,343.19366455078125
151997,episode/length,500.0
151998,episode/return,430.2397766113281
151998,episode/length,500.0
151999,episode/return,441.5472412109375
151999,episode/length,500.0
155992,episode/return,327.5928039550781
155992,episode/length,500.0
155993,episode/return,378.22906494140625
155993,episode/length,500.0
155994,episode/return,443.3479309082031
155994,episode/length,500.0
155995,episode/return,364.2095642089844
155995,episode/length,500.0
155996,episode/return,492.1167907714844
155996,episode/length,500.0
155997,episode/return,347.56524658203125
155997,episode/length,500.0
155998,episode/return,477.8234558105469
155998,episode/length,500.0
155999,episode/return,541.8655395507812
155999,episode/length,500.0
159992,episode/return,478.9115295410156
159992,episode/length,500.0
159993,episode/return,440.55657958984375
159993,episode/length,500.0
159994,episode/return,421.34344482421875
159994,episode/length,500.0
159995,episode/return,388.3500061035156
159995,episode/length,500.0
159996,episode/return,536.397216796875
159996,episode/length,500.0
159997,episode/return,358.07073974609375
159997,episode/length,500.0
159998,episode/return,388.78662109375
159998,episode/length,500.0
159999,episode/return,303.9877624511719
159999,episode/length,500.0
160000,train/consistency_loss_mean,0.002059635455906391
160000,train/consistency_loss_std,7.334002395439244e-05
160000,train/continue_loss_mean,0.0
160000,train/continue_loss_std,0.0
160000,train/grad_norm_mean,0.43402352933883664
160000,train/grad_norm_std,0.08220784740925917
160000,train/policy_log_std_mean,-0.7346828619384765
160000,train/policy_log_std_std,0.29520651507545953
160000,train/policy_loss_mean,-0.7029432118415833
160000,train/policy_loss_std,0.010270284058327254
160000,train/reward_loss_mean,0.21060604737997055
160000,train/reward_loss_std,0.006400771300415135
160000,train/total_loss_mean,0.08821116582751275
160000,train/total_loss_std,0.0016249460082761562
160000,train/value_loss_mean,0.2595785074234009
160000,train/value_loss_std,0.006448441489423198
160000,train/value_scale_mean,51.1486316040039
160000,train/value_scale_std,0.15240544841163817
160000,timing/collect_chunk_s,96.4901053509675
160000,timing/train_chunk_s,25.240399566479027
160000,dense_rhs/training_bucket_horizon,4.0
160000,system/heartbeat,1.0
163992,episode/return,341.4984130859375
163992,episode/length,500.0
163993,episode/return,366.2022705078125
163993,episode/length,500.0
163994,episode/return,433.6023864746094
163994,episode/length,500.0
163995,episode/return,370.57470703125
163995,episode/length,500.0
163996,episode/return,425.47015380859375
163996,episode/length,500.0
163997,episode/return,457.6290588378906
163997,episode/length,500.0
163998,episode/return,509.6599426269531
163998,episode/length,500.0
163999,episode/return,456.83050537109375
163999,episode/length,500.0
167992,episode/return,423.2388916015625
167992,episode/length,500.0
167993,episode/return,373.7287292480469
167993,episode/length,500.0
167994,episode/return,340.582275390625
167994,episode/length,500.0
167995,episode/return,463.3900451660156
167995,episode/length,500.0
167996,episode/return,100.5680160522461
167996,episode/length,500.0
167997,episode/return,441.2628173828125
167997,episode/length,500.0
167998,episode/return,385.86248779296875
167998,episode/length,500.0
167999,episode/return,439.9364013671875
167999,episode/length,500.0
170000,train/consistency_loss_mean,0.002053587323799729
170000,train/consistency_loss_std,7.457475725034245e-05
170000,train/continue_loss_mean,0.0
170000,train/continue_loss_std,0.0
170000,train/grad_norm_mean,0.4353207271814346
170000,train/grad_norm_std,0.09066233069707623
170000,train/policy_log_std_mean,-0.7344223148600261
170000,train/policy_log_std_std,0.2995895715793543
170000,train/policy_loss_mean,-0.7170050976753235
170000,train/policy_loss_std,0.009572616539028259
170000,train/reward_loss_mean,0.2104595830321312
170000,train/reward_loss_std,0.006399909711051321
170000,train/total_loss_mean,0.08870019927620888
170000,train/total_loss_std,0.0015908622923263588
170000,train/value_loss_mean,0.2658249260187149
170000,train/value_loss_std,0.004927396524565433
170000,train/value_scale_mean,51.482609854125975
170000,train/value_scale_std,0.4164594424741483
170000,timing/collect_chunk_s,100.0038115363568
170000,timing/train_chunk_s,25.256896662525833
170000,dense_rhs/training_bucket_horizon,4.0
170000,system/heartbeat,1.0
170000,dense_rhs/selected_horizon,3.0
170000,dense_rhs/proposed_horizon,3.0
170000,dense_rhs/phase_id,0.0
170000,dense_rhs/num_active_horizons,29.0
170000,dense_rhs/num_candidate_horizons,3.0
170000,dense_rhs/entropy,3.227444648742676
170000,dense_rhs/norm_entropy,0.9584678411483765
170000,dense_rhs/best_fitness,0.7230874300003052
170000,dense_rhs/deployment_score_best,0.27337679266929626
170000,dense_rhs/incumbent_deployment_score,0.08031076192855835
170000,dense_rhs/proposed_deployment_score,0.27337679266929626
170000,dense_rhs/proposed_transition_cost,0.0
170000,dense_rhs/proposed_switch_probability,0.99683678150177
170000,dense_rhs/proposed_expected_net_benefit,0.19306603074073792
170000,dense_rhs/transition_cost_best,0.0
170000,dense_rhs/transition_adjusted_score_best,0.27337679266929626
170000,dense_rhs/switch_probability_best,0.99683678150177
170000,dense_rhs/expected_improvement_best,0.1931338757276535
170000,dense_rhs/expected_loss_best,6.784452125430107e-05
170000,dense_rhs/expected_net_benefit_best,0.19306603074073792
170000,dense_rhs/return_term_best,1.0
170000,dense_rhs/roughness_term_best,0.9997221827507019
170000,dense_rhs/return_std_term_best,0.2734527587890625
170000,dense_rhs/learner_proxy_term_best,0.9959649443626404
170000,dense_rhs/model_prefix_loss_best,0.5522669553756714
170000,dense_rhs/model_probe_prefix_best,0.38364964723587036
170000,dense_rhs/planner_return_best,109.18230438232422
170000,dense_rhs/roughness_best,0.245194211602211
170000,dense_rhs/robust_return_best,167.97744750976562
170000,timing/query_model_diag_s,0.022088424302637577
170000,timing/query_env_eval_s,17.848722116090357
170000,timing/query_finalize_s,0.0033617867156863213
170000,timing/query_total_s,17.878797056153417
170000,dense_rhs/candidate_4_fitness,0.7017809152603149
170000,dense_rhs/candidate_4_deployment_score,0.08031076192855835
170000,dense_rhs/candidate_4_transition_cost,0.0
170000,dense_rhs/candidate_4_transition_adjusted_score,0.08031076192855835
170000,dense_rhs/candidate_4_switch_probability,0.5
170000,dense_rhs/candidate_4_expected_net_benefit,0.0
170000,dense_rhs/candidate_4_return,149.64666748046875
170000,dense_rhs/candidate_4_return_term,0.6918147206306458
170000,dense_rhs/candidate_4_roughness_term,0.9991187453269958
170000,dense_rhs/candidate_4_return_std_term,0.35091137886047363
170000,dense_rhs/candidate_4_learner_proxy_term,1.0
170000,dense_rhs/candidate_5_fitness,0.03162277489900589
170000,dense_rhs/candidate_5_deployment_score,7.72313879515707e-11
170000,dense_rhs/candidate_5_transition_cost,0.0
170000,dense_rhs/candidate_5_transition_adjusted_score,7.72313879515707e-11
170000,dense_rhs/candidate_5_switch_probability,0.46803489327430725
170000,dense_rhs/candidate_5_expected_net_benefit,-0.08031076192855835
170000,dense_rhs/candidate_5_return,114.07646942138672
170000,dense_rhs/candidate_5_return_term,0.09379258751869202
170000,dense_rhs/candidate_5_roughness_term,0.9979751706123352
170000,dense_rhs/candidate_5_return_std_term,0.0
170000,dense_rhs/candidate_5_learner_proxy_term,0.9970839619636536
170000,dense_rhs/candidate_3_fitness,0.7230874300003052
170000,dense_rhs/candidate_3_deployment_score,0.27337679266929626
170000,dense_rhs/candidate_3_transition_cost,0.0
170000,dense_rhs/candidate_3_transition_adjusted_score,0.27337679266929626
170000,dense_rhs/candidate_3_switch_probability,0.99683678150177
170000,dense_rhs/candidate_3_expected_net_benefit,0.19306603074073792
170000,dense_rhs/candidate_3_return,167.97744750976562
170000,dense_rhs/candidate_3_return_term,1.0
170000,dense_rhs/candidate_3_roughness_term,0.9997221827507019
170000,dense_rhs/candidate_3_return_std_term,0.2734527587890625
170000,dense_rhs/candidate_3_learner_proxy_term,0.9959649443626404
170000,dense_rhs/deployment_utility_enabled,0.0
170000,dense_rhs/deployment_utility_override,0.0
170000,dense_rhs/deployment_utility_observations,0.0
170000,dense_rhs/deployment_utility_last_observed_gain,0.0
170000,dense_rhs/previous_horizon,4.0
170000,dense_rhs/training_bucket_horizon,4.0
170000,dense_rhs/best_h,3.0
170000,dense_rhs/prob_best_h,0.0
170000,dense_rhs/gauss_mean_best_h,0.26211100816726685
170000,dense_rhs/gauss_post_std_best_h,0.18819284439086914
170000,system/heartbeat,1.0
171992,episode/return,486.84625244140625
171992,episode/length,500.0
171993,episode/return,556.9680786132812
171993,episode/length,500.0
171994,episode/return,390.3411865234375
171994,episode/length,500.0
171995,episode/return,386.2976379394531
171995,episode/length,500.0
171996,episode/return,329.536376953125
171996,episode/length,500.0
171997,episode/return,265.5828552246094
171997,episode/length,500.0
171998,episode/return,341.71893310546875
171998,episode/length,500.0
171999,episode/return,437.6562805175781
171999,episode/length,500.0
175992,episode/return,475.0526123046875
175992,episode/length,500.0
175993,episode/return,477.153564453125
175993,episode/length,500.0
175994,episode/return,547.9277954101562
175994,episode/length,500.0
175995,episode/return,334.4574279785156
175995,episode/length,500.0
175996,episode/return,427.4427490234375
175996,episode/length,500.0
175997,episode/return,561.4071044921875
175997,episode/length,500.0
175998,episode/return,285.281982421875
175998,episode/length,500.0
175999,episode/return,451.8797912597656
175999,episode/length,500.0
179992,episode/return,405.3065185546875
179992,episode/length,500.0
179993,episode/return,561.2064819335938
179993,episode/length,500.0
179994,episode/return,555.4940185546875
179994,episode/length,500.0
179995,episode/return,401.8943786621094
179995,episode/length,500.0
179996,episode/return,309.1744384765625
179996,episode/length,500.0
179997,episode/return,413.5154724121094
179997,episode/length,500.0
179998,episode/return,312.5485534667969
179998,episode/length,500.0
179999,episode/return,518.1049194335938
179999,episode/length,500.0
180000,train/consistency_loss_mean,0.0025873161509633066
180000,train/consistency_loss_std,9.906720407500947e-05
180000,train/continue_loss_mean,0.0
180000,train/continue_loss_std,0.0
180000,train/grad_norm_mean,0.5514673920154571
180000,train/grad_norm_std,0.12203198103220794
180000,train/policy_log_std_mean,-0.7254928282165527
180000,train/policy_log_std_std,0.2982603530252303
180000,train/policy_loss_mean,-0.8679579741477966
180000,train/policy_loss_std,0.011395446963774031
180000,train/reward_loss_mean,0.2607310462474823
180000,train/reward_loss_std,0.008048725321626139
180000,train/total_loss_mean,0.11081101346611977
180000,train/total_loss_std,0.002110092066120619
180000,train/value_loss_mean,0.3299158503770828
180000,train/value_loss_std,0.0058283762627892284
180000,train/value_scale_mean,52.07883286743164
180000,train/value_scale_std,0.2506393740197297
180000,timing/collect_chunk_s,98.19488758966327
180000,timing/train_chunk_s,25.231573925353587
180000,dense_rhs/training_bucket_horizon,4.0
180000,system/heartbeat,1.0
183992,episode/return,501.0773620605469
183992,episode/length,500.0
183993,episode/return,471.7016296386719
183993,episode/length,500.0
183994,episode/return,440.1061096191406
183994,episode/length,500.0
183995,episode/return,499.8618469238281
183995,episode/length,500.0
183996,episode/return,0.12138563394546509
183996,episode/length,500.0
183997,episode/return,312.8900451660156
183997,episode/length,500.0
183998,episode/return,382.0093688964844
183998,episode/length,500.0
183999,episode/return,502.29290771484375
183999,episode/length,500.0
187992,episode/return,442.2553405761719
187992,episode/length,500.0
187993,episode/return,420.62982177734375
187993,episode/length,500.0
187994,episode/return,498.92376708984375
187994,episode/length,500.0
187995,episode/return,500.4411926269531
187995,episode/length,500.0
187996,episode/return,316.1630554199219
187996,episode/length,500.0
187997,episode/return,431.5187072753906
187997,episode/length,500.0
187998,episode/return,396.982666015625
187998,episode/length,500.0
187999,episode/return,428.3678283691406
187999,episode/length,500.0
190000,train/consistency_loss_mean,0.0025591847736388443
190000,train/consistency_loss_std,9.714853798976295e-05
190000,train/continue_loss_mean,0.0
190000,train/continue_loss_std,0.0
190000,train/grad_norm_mean,0.545592282962799
190000,train/grad_norm_std,0.1244824675159948
190000,train/policy_log_std_mean,-0.7286967775472005
190000,train/policy_log_std_std,0.2985342501126253
190000,train/policy_loss_mean,-0.8858939221382142
190000,train/policy_loss_std,0.011822847195575095
190000,train/reward_loss_mean,0.2597013736486435
190000,train/reward_loss_std,0.008248311601539155
190000,train/total_loss_mean,0.10983445475697518
190000,train/total_loss_std,0.0020902216928418843
190000,train/value_loss_mean,0.32680620567798613
190000,train/value_loss_std,0.005672676343306967
190000,train/value_scale_mean,51.716165759277345
190000,train/value_scale_std,0.2425498071515085
190000,timing/collect_chunk_s,101.6761035528034
190000,timing/train_chunk_s,25.28009999031201
190000,dense_rhs/training_bucket_horizon,4.0
190000,system/heartbeat,1.0
191992,episode/return,389.65924072265625
191992,episode/length,500.0
191993,episode/return,402.8535461425781
191993,episode/length,500.0
191994,episode/return,351.968017578125
191994,episode/length,500.0
191995,episode/return,414.91839599609375
191995,episode/length,500.0
191996,episode/return,449.0657043457031
191996,episode/length,500.0
191997,episode/return,587.773193359375
191997,episode/length,500.0
191998,episode/return,312.5415344238281
191998,episode/length,500.0
191999,episode/return,425.5777893066406
191999,episode/length,500.0
195992,episode/return,399.7142028808594
195992,episode/length,500.0
195993,episode/return,386.05419921875
195993,episode/length,500.0
195994,episode/return,163.97360229492188
195994,episode/length,500.0
195995,episode/return,399.2774353027344
195995,episode/length,500.0
195996,episode/return,365.84173583984375
195996,episode/length,500.0
195997,episode/return,571.5308227539062
195997,episode/length,500.0
195998,episode/return,0.11841285228729248
195998,episode/length,500.0
195999,episode/return,465.0057678222656
195999,episode/length,500.0
199992,episode/return,477.2550048828125
199992,episode/length,500.0
199993,episode/return,229.15133666992188
199993,episode/length,500.0
199994,episode/return,400.5015869140625
199994,episode/length,500.0
199995,episode/return,498.406494140625
199995,episode/length,500.0
199996,episode/return,445.3423156738281
199996,episode/length,500.0
199997,episode/return,591.1693725585938
199997,episode/length,500.0
199998,episode/return,488.5250244140625
199998,episode/length,500.0
199999,episode/return,359.4804992675781
199999,episode/length,500.0
200000,train/consistency_loss_mean,0.0025552280182018876
200000,train/consistency_loss_std,9.997517211904243e-05
200000,train/continue_loss_mean,0.0
200000,train/continue_loss_std,0.0
200000,train/grad_norm_mean,0.5421504544496536
200000,train/grad_norm_std,0.126786249489231
200000,train/policy_log_std_mean,-0.7253686265055339
200000,train/policy_log_std_std,0.3034954201653759
200000,train/policy_loss_mean,-0.8794818263053894
200000,train/policy_loss_std,0.016545455314761374
200000,train/reward_loss_mean,0.2591211963176727
200000,train/reward_loss_std,0.00813730558299085
200000,train/total_loss_mean,0.10921140326857567
200000,train/total_loss_std,0.002188922702844003
200000,train/value_loss_mean,0.3219472135543823
200000,train/value_loss_std,0.0056506925975806106
200000,train/value_scale_mean,52.614545297241214
200000,train/value_scale_std,0.835185889033057
200000,timing/collect_chunk_s,96.58380707865581
200000,timing/train_chunk_s,25.239857717882842
200000,dense_rhs/training_bucket_horizon,4.0
200000,system/heartbeat,1.0
200000,timing/checkpoint_blocking_s,0.4548433590680361
200000,eval/return_mean,449.7767028808594
200000,eval/return_std,100.07528686523438
200000,eval/return_max,601.8343505859375
200000,eval/return_min,185.60491943359375
200000,timing/eval_s,12.52988915797323
200000,eval/selected_horizon,3.0
200000,eval/training_bucket_horizon,4.0
200000,system/heartbeat,1.0
203992,episode/return,442.93212890625
203992,episode/length,500.0
203993,episode/return,362.6414489746094
203993,episode/length,500.0
203994,episode/return,550.0604858398438
203994,episode/length,500.0
203995,episode/return,468.4544982910156
203995,episode/length,500.0
203996,episode/return,446.19744873046875
203996,episode/length,500.0
203997,episode/return,418.2564697265625
203997,episode/length,500.0
203998,episode/return,446.0389099121094
203998,episode/length,500.0
203999,episode/return,446.0914001464844
203999,episode/length,500.0
207992,episode/return,324.3452453613281
207992,episode/length,500.0
207993,episode/return,416.34857177734375
207993,episode/length,500.0
207994,episode/return,403.7476806640625
207994,episode/length,500.0
207995,episode/return,258.58392333984375
207995,episode/length,500.0
207996,episode/return,386.8961181640625
207996,episode/length,500.0
207997,episode/return,450.5023193359375
207997,episode/length,500.0
207998,episode/return,418.49993896484375
207998,episode/length,500.0
207999,episode/return,432.7852478027344
207999,episode/length,500.0
210000,train/consistency_loss_mean,0.002547528695873916
210000,train/consistency_loss_std,0.00010037159617274758
210000,train/continue_loss_mean,0.0
210000,train/continue_loss_std,0.0
210000,train/grad_norm_mean,0.5382311045885086
210000,train/grad_norm_std,0.1306229240933604
210000,train/policy_log_std_mean,-0.7244378967793783
210000,train/policy_log_std_std,0.30431674294988015
210000,train/policy_loss_mean,-0.8740727357387543
210000,train/policy_loss_std,0.010561362117057885
210000,train/reward_loss_mean,0.25886133790016175
210000,train/reward_loss_std,0.008037318425044081
210000,train/total_loss_mean,0.1082452840089798
210000,train/total_loss_std,0.002255323637592551
210000,train/value_loss_mean,0.314085742354393
210000,train/value_loss_std,0.00646138363387512
210000,train/value_scale_mean,53.36749250793457
210000,train/value_scale_std,0.18607126890029277
210000,timing/collect_chunk_s,101.18542858073488
210000,timing/train_chunk_s,25.25881737563759
210000,dense_rhs/training_bucket_horizon,4.0
210000,system/heartbeat,1.0
211992,episode/return,430.5397033691406
211992,episode/length,500.0
211993,episode/return,450.0418395996094
211993,episode/length,500.0
211994,episode/return,354.6703796386719
211994,episode/length,500.0
211995,episode/return,255.57106018066406
211995,episode/length,500.0
211996,episode/return,376.109375
211996,episode/length,500.0
211997,episode/return,216.71031188964844
211997,episode/length,500.0
211998,episode/return,463.0921325683594
211998,episode/length,500.0
211999,episode/return,452.41925048828125
211999,episode/length,500.0
215992,episode/return,559.139892578125
215992,episode/length,500.0
215993,episode/return,601.0928955078125
215993,episode/length,500.0
215994,episode/return,475.9164123535156
215994,episode/length,500.0
215995,episode/return,292.67120361328125
215995,episode/length,500.0
215996,episode/return,296.97021484375
215996,episode/length,500.0
215997,episode/return,415.54302978515625
215997,episode/length,500.0
215998,episode/return,436.9570617675781
215998,episode/length,500.0
215999,episode/return,306.43487548828125
215999,episode/length,500.0
219992,episode/return,488.86810302734375
219992,episode/length,500.0
219993,episode/return,548.2850952148438
219993,episode/length,500.0
219994,episode/return,475.44635009765625
219994,episode/length,500.0
219995,episode/return,360.5965270996094
219995,episode/length,500.0
219996,episode/return,432.2323913574219
219996,episode/length,500.0
219997,episode/return,478.8533020019531
219997,episode/length,500.0
219998,episode/return,525.5643920898438
219998,episode/length,500.0
219999,episode/return,589.251953125
219999,episode/length,500.0
220000,train/consistency_loss_mean,0.0025449696002528073
220000,train/consistency_loss_std,0.00010250996697893896
220000,train/continue_loss_mean,0.0
220000,train/continue_loss_std,0.0
220000,train/grad_norm_mean,0.5361150199413299
220000,train/grad_norm_std,0.1307772950679782
220000,train/policy_log_std_mean,-0.7260625977071127
220000,train/policy_log_std_std,0.3071219500874682
220000,train/policy_loss_mean,-0.8712024499893188
220000,train/policy_loss_std,0.01310135958168146
220000,train/reward_loss_mean,0.2588478121519089
220000,train/reward_loss_std,0.00799098602143531
220000,train/total_loss_mean,0.10707764351963997
220000,train/total_loss_std,0.0023503374968630074
220000,train/value_loss_mean,0.3029346848011017
220000,train/value_loss_std,0.007159158749915702
220000,train/value_scale_mean,53.97389403076172
220000,train/value_scale_std,0.547511657847887
220000,timing/collect_chunk_s,96.99158611753955
220000,timing/train_chunk_s,25.29514327319339
220000,dense_rhs/training_bucket_horizon,4.0
220000,system/heartbeat,1.0
220000,dense_rhs/selected_horizon,4.0
220000,dense_rhs/proposed_horizon,4.0
220000,dense_rhs/phase_id,0.0
220000,dense_rhs/num_active_horizons,29.0
220000,dense_rhs/num_candidate_horizons,3.0
220000,dense_rhs/entropy,3.188760757446289
220000,dense_rhs/norm_entropy,0.9469797015190125
220000,dense_rhs/best_fitness,0.8047189712524414
220000,dense_rhs/deployment_score_best,0.41934922337532043
220000,dense_rhs/incumbent_deployment_score,6.159928744864374e-08
220000,dense_rhs/proposed_deployment_score,0.41934922337532043
220000,dense_rhs/proposed_transition_cost,0.0
220000,dense_rhs/proposed_switch_probability,0.9843635559082031
220000,dense_rhs/proposed_expected_net_benefit,0.41934916377067566
220000,dense_rhs/transition_cost_best,0.0
220000,dense_rhs/transition_adjusted_score_best,0.41934922337532043
220000,dense_rhs/switch_probability_best,0.9843635559082031
220000,dense_rhs/expected_improvement_best,0.4204341471195221
220000,dense_rhs/expected_loss_best,0.0010849777609109879
220000,dense_rhs/expected_net_benefit_best,0.41934916377067566
220000,dense_rhs/return_term_best,0.9999999403953552
220000,dense_rhs/roughness_term_best,0.9993318319320679
220000,dense_rhs/return_std_term_best,0.41962969303131104
220000,dense_rhs/learner_proxy_term_best,1.0
220000,dense_rhs/model_prefix_loss_best,0.7129334211349487
220000,dense_rhs/model_probe_prefix_best,0.49702975153923035
220000,dense_rhs/planner_return_best,113.147216796875
220000,dense_rhs/roughness_best,0.5898587107658386
220000,dense_rhs/robust_return_best,207.8468475341797
220000,timing/query_model_diag_s,0.0217517982237041
220000,timing/query_env_eval_s,17.778356028720737
220000,timing/query_finalize_s,0.003718661144375801
220000,timing/query_total_s,17.808722366113216
220000,dense_rhs/candidate_3_fitness,0.03162277489900589
220000,dense_rhs/candidate_3_deployment_score,6.159928744864374e-08
220000,dense_rhs/candidate_3_transition_cost,0.0
220000,dense_rhs/candidate_3_transition_adjusted_score,6.159928744864374e-08
220000,dense_rhs/candidate_3_switch_probability,0.5
220000,dense_rhs/candidate_3_expected_net_benefit,0.0
220000,dense_rhs/candidate_3_return,159.6409912109375
220000,dense_rhs/candidate_3_return_term,0.4982081949710846
220000,dense_rhs/candidate_3_roughness_term,0.999843955039978
220000,dense_rhs/candidate_3_return_std_term,0.0
220000,dense_rhs/candidate_3_learner_proxy_term,0.9978247880935669
220000,dense_rhs/candidate_2_fitness,0.787987470626831
220000,dense_rhs/candidate_2_deployment_score,0.34886983036994934
220000,dense_rhs/candidate_2_transition_cost,0.0
220000,dense_rhs/candidate_2_transition_adjusted_score,0.34886983036994934
220000,dense_rhs/candidate_2_switch_probability,0.6341448426246643
220000,dense_rhs/candidate_2_expected_net_benefit,0.3488697409629822
220000,dense_rhs/candidate_2_return,204.69857788085938
220000,dense_rhs/candidate_2_return_term,0.9672285318374634
220000,dense_rhs/candidate_2_roughness_term,1.0
220000,dense_rhs/candidate_2_return_std_term,0.398608922958374
220000,dense_rhs/candidate_2_learner_proxy_term,0.9893314242362976
220000,dense_rhs/candidate_4_fitness,0.8047189712524414
220000,dense_rhs/candidate_4_deployment_score,0.41934922337532043
220000,dense_rhs/candidate_4_transition_cost,0.0
220000,dense_rhs/candidate_4_transition_adjusted_score,0.41934922337532043
220000,dense_rhs/candidate_4_switch_probability,0.9843635559082031
220000,dense_rhs/candidate_4_expected_net_benefit,0.41934916377067566
220000,dense_rhs/candidate_4_return,207.8468475341797
220000,dense_rhs/candidate_4_return_term,0.9999999403953552
220000,dense_rhs/candidate_4_roughness_term,0.9993318319320679
220000,dense_rhs/candidate_4_return_std_term,0.41962969303131104
220000,dense_rhs/candidate_4_learner_proxy_term,1.0
220000,dense_rhs/deployment_utility_enabled,0.0
220000,dense_rhs/deployment_utility_override,0.0
220000,dense_rhs/deployment_utility_observations,0.0
220000,dense_rhs/deployment_utility_last_observed_gain,0.0
220000,dense_rhs/previous_horizon,3.0
220000,dense_rhs/training_bucket_horizon,4.0
220000,dense_rhs/best_h,4.0
220000,dense_rhs/prob_best_h,0.0
220000,dense_rhs/gauss_mean_best_h,0.6954251527786255
220000,dense_rhs/gauss_post_std_best_h,0.03816293552517891
220000,system/heartbeat,1.0
223992,episode/return,378.09552001953125
223992,episode/length,500.0
223993,episode/return,353.28924560546875
223993,episode/length,500.0
223994,episode/return,356.5556640625
223994,episode/length,500.0
223995,episode/return,465.9388732910156
223995,episode/length,500.0
223996,episode/return,367.5091552734375
223996,episode/length,500.0
223997,episode/return,332.43035888671875
223997,episode/length,500.0
223998,episode/return,471.8465270996094
223998,episode/length,500.0
223999,episode/return,435.6090393066406
223999,episode/length,500.0
227992,episode/return,392.91455078125
227992,episode/length,500.0
227993,episode/return,508.5005187988281
227993,episode/length,500.0
227994,episode/return,443.1240234375
227994,episode/length,500.0
227995,episode/return,387.9869079589844
227995,episode/length,500.0
227996,episode/return,255.68783569335938
227996,episode/length,500.0
227997,episode/return,518.0695190429688
227997,episode/length,500.0
227998,episode/return,435.377197265625
227998,episode/length,500.0
227999,episode/return,347.9530944824219
227999,episode/length,500.0
230000,train/consistency_loss_mean,0.0020067391516640784
230000,train/consistency_loss_std,7.880184983250514e-05
230000,train/continue_loss_mean,0.0
230000,train/continue_loss_std,0.0
230000,train/grad_norm_mean,0.4233392084598541
230000,train/grad_norm_std,0.11040647660012987
230000,train/policy_log_std_mean,-0.7339614854939779
230000,train/policy_log_std_std,0.3059973610328969
230000,train/policy_loss_mean,-0.7265230066776276
230000,train/policy_loss_std,0.009191944201245349
230000,train/reward_loss_mean,0.20934785432815553
230000,train/reward_loss_std,0.006365307007541473
230000,train/total_loss_mean,0.08411797563433647
230000,train/total_loss_std,0.0018814955439979437
230000,train/value_loss_mean,0.23048406517505646
230000,train/value_loss_std,0.006803219204111351
230000,train/value_scale_mean,54.27935223999023
230000,train/value_scale_std,0.18830321924979032
230000,timing/collect_chunk_s,101.78149567591026
230000,timing/train_chunk_s,25.267728748265654
230000,dense_rhs/training_bucket_horizon,4.0
230000,system/heartbeat,1.0
231992,episode/return,334.4037780761719
231992,episode/length,500.0
231993,episode/return,443.2411193847656
231993,episode/length,500.0
231994,episode/return,380.0108947753906
231994,episode/length,500.0
231995,episode/return,481.69464111328125
231995,episode/length,500.0
231996,episode/return,507.2225646972656
231996,episode/length,500.0
231997,episode/return,360.82647705078125
231997,episode/length,500.0
231998,episode/return,387.5182800292969
231998,episode/length,500.0
231999,episode/return,352.84405517578125
231999,episode/length,500.0
235992,episode/return,476.2342224121094
235992,episode/length,500.0
235993,episode/return,523.974853515625
235993,episode/length,500.0
235994,episode/return,394.883544921875
235994,episode/length,500.0
235995,episode/return,382.2427673339844
235995,episode/length,500.0
235996,episode/return,442.70465087890625
235996,episode/length,500.0
235997,episode/return,0.1148064136505127
235997,episode/length,500.0
235998,episode/return,383.34869384765625
235998,episode/length,500.0
235999,episode/return,437.626220703125
235999,episode/length,500.0
239992,episode/return,435.4656677246094
239992,episode/length,500.0
239993,episode/return,494.3701477050781
239993,episode/length,500.0
239994,episode/return,332.5893859863281
239994,episode/length,500.0
239995,episode/return,520.5043334960938
239995,episode/length,500.0
239996,episode/return,500.8011169433594
239996,episode/length,500.0
239997,episode/return,368.93109130859375
239997,episode/length,500.0
239998,episode/return,625.1854248046875
239998,episode/length,500.0
239999,episode/return,274.6613464355469
239999,episode/length,500.0
240000,train/consistency_loss_mean,0.0020037621478550135
240000,train/consistency_loss_std,8.090388033289918e-05
240000,train/continue_loss_mean,0.0
240000,train/continue_loss_std,0.0
240000,train/grad_norm_mean,0.42291112496852873
240000,train/grad_norm_std,0.11414951286574596
240000,train/policy_log_std_mean,-0.7289722508239747
240000,train/policy_log_std_std,0.3052273940587334
240000,train/policy_loss_mean,-0.7356270528793335
240000,train/policy_loss_std,0.00928940071952001
240000,train/reward_loss_mean,0.20910342379808425
240000,train/reward_loss_std,0.006398482128593158
240000,train/total_loss_mean,0.08291725633144378
240000,train/total_loss_std,0.001990122921238943
240000,train/value_loss_mean,0.2193167021036148
240000,train/value_loss_std,0.006337741330230453
240000,train/value_scale_mean,54.094363870239256
240000,train/value_scale_std,0.24495657605753363
240000,timing/collect_chunk_s,97.52264294074848
240000,timing/train_chunk_s,25.2695035696961
240000,dense_rhs/training_bucket_horizon,4.0
240000,system/heartbeat,1.0
243992,episode/return,614.0420532226562
243992,episode/length,500.0
243993,episode/return,510.48779296875
243993,episode/length,500.0
243994,episode/return,427.67352294921875
243994,episode/length,500.0
243995,episode/return,287.40411376953125
243995,episode/length,500.0
243996,episode/return,578.7670288085938
243996,episode/length,500.0
243997,episode/return,315.5232238769531
243997,episode/length,500.0
243998,episode/return,289.6072082519531
243998,episode/length,500.0
243999,episode/return,561.934814453125
243999,episode/length,500.0
247992,episode/return,547.2470703125
247992,episode/length,500.0
247993,episode/return,412.1022033691406
247993,episode/length,500.0
247994,episode/return,428.12408447265625
247994,episode/length,500.0
247995,episode/return,412.56805419921875
247995,episode/length,500.0
247996,episode/return,461.9490051269531
247996,episode/length,500.0
247997,episode/return,490.176025390625
247997,episode/length,500.0
247998,episode/return,623.4689331054688
247998,episode/length,500.0
247999,episode/return,512.46826171875
247999,episode/length,500.0
250000,train/consistency_loss_mean,0.001989216599799693
250000,train/consistency_loss_std,8.148318718862343e-05
250000,train/continue_loss_mean,0.0
250000,train/continue_loss_std,0.0
250000,train/grad_norm_mean,0.4166499070882797
250000,train/grad_norm_std,0.11480435118970522
250000,train/policy_log_std_mean,-0.7291954176330566
250000,train/policy_log_std_std,0.3022661753902217
250000,train/policy_loss_mean,-0.7466021475791931
250000,train/policy_loss_std,0.009302636652825342
250000,train/reward_loss_mean,0.20918281905651093
250000,train/reward_loss_std,0.00625853259312076
250000,train/total_loss_mean,0.08213220925927162
250000,train/total_loss_std,0.0019979512629856
250000,train/value_loss_mean,0.21429594762325288
250000,train/value_loss_std,0.0063064063091984165
250000,train/value_scale_mean,53.6062055847168
250000,train/value_scale_std,0.23777688731367208
250000,timing/collect_chunk_s,97.83899756614119
250000,timing/train_chunk_s,25.299172756727785
250000,dense_rhs/training_bucket_horizon,4.0
250000,system/heartbeat,1.0
250000,timing/checkpoint_blocking_s,0.46652901777997613
250000,eval/return_mean,625.203369140625
250000,eval/return_std,51.704402923583984
250000,eval/return_max,679.4166870117188
250000,eval/return_min,475.3507080078125
250000,timing/eval_s,12.383042125962675
250000,eval/selected_horizon,4.0
250000,eval/training_bucket_horizon,4.0
250000,system/heartbeat,1.0
251992,episode/return,497.7903747558594
251992,episode/length,500.0
251993,episode/return,576.0487670898438
251993,episode/length,500.0
251994,episode/return,649.259033203125
251994,episode/length,500.0
251995,episode/return,525.8718872070312
251995,episode/length,500.0
251996,episode/return,613.7283935546875
251996,episode/length,500.0
251997,episode/return,428.3192138671875
251997,episode/length,500.0
251998,episode/return,523.2698974609375
251998,episode/length,500.0
251999,episode/return,419.4373474121094
251999,episode/length,500.0
255992,episode/return,514.1415405273438
255992,episode/length,500.0
255993,episode/return,285.35595703125
255993,episode/length,500.0
255994,episode/return,227.68003845214844
255994,episode/length,500.0
255995,episode/return,449.1960144042969
255995,episode/length,500.0
255996,episode/return,494.037841796875
255996,episode/length,500.0
255997,episode/return,354.20245361328125
255997,episode/length,500.0
255998,episode/return,565.4345703125
255998,episode/length,500.0
255999,episode/return,608.7682495117188
255999,episode/length,500.0
259992,episode/return,382.6236877441406
259992,episode/length,500.0
259993,episode/return,0.07362645864486694
259993,episode/length,500.0
259994,episode/return,443.10418701171875
259994,episode/length,500.0
259995,episode/return,539.08203125
259995,episode/length,500.0
259996,episode/return,518.4238891601562
259996,episode/length,500.0
259997,episode/return,545.555908203125
259997,episode/length,500.0
259998,episode/return,588.266357421875
259998,episode/length,500.0
259999,episode/return,459.2293701171875
259999,episode/length,500.0
260000,train/consistency_loss_mean,0.0019704899137839675
260000,train/consistency_loss_std,8.096704275260363e-05
260000,train/continue_loss_mean,0.0
260000,train/continue_loss_std,0.0
260000,train/grad_norm_mean,0.4155406986951828
260000,train/grad_norm_std,0.11344736211159838
260000,train/policy_log_std_mean,-0.7296273556518554
260000,train/policy_log_std_std,0.3032233161297169
260000,train/policy_loss_mean,-0.7552358168125153
260000,train/policy_loss_std,0.009044568738830689
260000,train/reward_loss_mean,0.20985409018993378
260000,train/reward_loss_std,0.006324157349630481
260000,train/total_loss_mean,0.08151404787302018
260000,train/total_loss_std,0.0019740200206616824
260000,train/value_loss_mean,0.21118839691877364
260000,train/value_loss_std,0.0062906651604021065
260000,train/value_scale_mean,53.299224142456055
260000,train/value_scale_std,0.18630806488749246
260000,timing/collect_chunk_s,102.68861638801172
260000,timing/train_chunk_s,25.211821161210537
260000,dense_rhs/training_bucket_horizon,4.0
260000,system/heartbeat,1.0
263992,episode/return,0.2008141279220581
263992,episode/length,500.0
263993,episode/return,429.13848876953125
263993,episode/length,500.0
263994,episode/return,588.2283935546875
263994,episode/length,500.0
263995,episode/return,559.7612915039062
263995,episode/length,500.0
263996,episode/return,495.532470703125
263996,episode/length,500.0
263997,episode/return,396.2474365234375
263997,episode/length,500.0
263998,episode/return,475.6837463378906
263998,episode/length,500.0
263999,episode/return,632.3978271484375
263999,episode/length,500.0
267992,episode/return,596.8817749023438
267992,episode/length,500.0
267993,episode/return,448.37530517578125
267993,episode/length,500.0
267994,episode/return,480.5395202636719
267994,episode/length,500.0
267995,episode/return,347.4255676269531
267995,episode/length,500.0
267996,episode/return,373.2196960449219
267996,episode/length,500.0
267997,episode/return,323.6311950683594
267997,episode/length,500.0
267998,episode/return,454.0364685058594
267998,episode/length,500.0
267999,episode/return,297.2537536621094
267999,episode/length,500.0
270000,train/consistency_loss_mean,0.0019519307917915286
270000,train/consistency_loss_std,8.192839685491108e-05
270000,train/continue_loss_mean,0.0
270000,train/continue_loss_std,0.0
270000,train/grad_norm_mean,0.4131413153171539
270000,train/grad_norm_std,0.12060240819519978
270000,train/policy_log_std_mean,-0.7298664598592123
270000,train/policy_log_std_std,0.30247107641482596
270000,train/policy_loss_mean,-0.7511857662200928
270000,train/policy_loss_std,0.010401922229778702
270000,train/reward_loss_mean,0.20980447348356246
270000,train/reward_loss_std,0.0062884293641658345
270000,train/total_loss_mean,0.08084556371569633
270000,train/total_loss_std,0.0020297157465357977
270000,train/value_loss_mean,0.20826498708724975
270000,train/value_loss_std,0.006437841958263284
270000,train/value_scale_mean,53.81180184631348
270000,train/value_scale_std,0.4677318341937953
270000,timing/collect_chunk_s,97.10843966295943
270000,timing/train_chunk_s,25.173949964810163
270000,dense_rhs/training_bucket_horizon,4.0
270000,system/heartbeat,1.0
270000,dense_rhs/selected_horizon,5.0
270000,dense_rhs/proposed_horizon,5.0
270000,dense_rhs/phase_id,0.0
270000,dense_rhs/num_active_horizons,29.0
270000,dense_rhs/num_candidate_horizons,3.0
270000,dense_rhs/entropy,3.2008185386657715
270000,dense_rhs/norm_entropy,0.9505605697631836
270000,dense_rhs/best_fitness,0.5179300904273987
270000,dense_rhs/deployment_score_best,0.05610125511884689
270000,dense_rhs/incumbent_deployment_score,6.445864073612029e-07
270000,dense_rhs/proposed_deployment_score,0.05610125511884689
270000,dense_rhs/proposed_transition_cost,0.0
270000,dense_rhs/proposed_switch_probability,0.6537529230117798
270000,dense_rhs/proposed_expected_net_benefit,0.05610060691833496
270000,dense_rhs/transition_cost_best,0.0
270000,dense_rhs/transition_adjusted_score_best,0.05610125511884689
270000,dense_rhs/switch_probability_best,0.6537529230117798
270000,dense_rhs/expected_improvement_best,0.08901184797286987
270000,dense_rhs/expected_loss_best,0.03291124105453491
270000,dense_rhs/expected_net_benefit_best,0.05610060691833496
270000,dense_rhs/return_term_best,0.9203747510910034
270000,dense_rhs/roughness_term_best,0.9991624355316162
270000,dense_rhs/return_std_term_best,0.07824879884719849
270000,dense_rhs/learner_proxy_term_best,0.9989185929298401
270000,dense_rhs/model_prefix_loss_best,0.807601809501648
270000,dense_rhs/model_probe_prefix_best,0.578061580657959
270000,dense_rhs/planner_return_best,117.14049530029297
270000,dense_rhs/roughness_best,0.48341867327690125
270000,dense_rhs/robust_return_best,226.43421936035156
270000,timing/query_model_diag_s,0.021705249324440956
270000,timing/query_env_eval_s,17.7551403590478
270000,timing/query_finalize_s,0.0036677736788988113
270000,timing/query_total_s,17.785318431910127
270000,dense_rhs/candidate_4_fitness,0.03162277489900589
270000,dense_rhs/candidate_4_deployment_score,6.445864073612029e-07
270000,dense_rhs/candidate_4_transition_cost,0.0
270000,dense_rhs/candidate_4_transition_adjusted_score,6.445864073612029e-07
270000,dense_rhs/candidate_4_switch_probability,0.5
270000,dense_rhs/candidate_4_expected_net_benefit,0.0
270000,dense_rhs/candidate_4_return,223.50982666015625
270000,dense_rhs/candidate_4_return_term,0.8960912227630615
270000,dense_rhs/candidate_4_roughness_term,0.9997058510780334
270000,dense_rhs/candidate_4_return_std_term,0.0
270000,dense_rhs/candidate_4_learner_proxy_term,1.0
270000,dense_rhs/candidate_5_fitness,0.5179300904273987
270000,dense_rhs/candidate_5_deployment_score,0.05610125511884689
270000,dense_rhs/candidate_5_transition_cost,0.0
270000,dense_rhs/candidate_5_transition_adjusted_score,0.05610125511884689
270000,dense_rhs/candidate_5_switch_probability,0.6537529230117798
270000,dense_rhs/candidate_5_expected_net_benefit,0.05610060691833496
270000,dense_rhs/candidate_5_return,226.43421936035156
270000,dense_rhs/candidate_5_return_term,0.9203747510910034
270000,dense_rhs/candidate_5_roughness_term,0.9991624355316162
270000,dense_rhs/candidate_5_return_std_term,0.07824879884719849
270000,dense_rhs/candidate_5_learner_proxy_term,0.9989185929298401
270000,dense_rhs/candidate_3_fitness,0.3550342917442322
270000,dense_rhs/candidate_3_deployment_score,0.015887439250946045
270000,dense_rhs/candidate_3_transition_cost,0.0
270000,dense_rhs/candidate_3_transition_adjusted_score,0.015887439250946045
270000,dense_rhs/candidate_3_switch_probability,0.5400875210762024
270000,dense_rhs/candidate_3_expected_net_benefit,0.01588679477572441
270000,dense_rhs/candidate_3_return,236.02325439453125
270000,dense_rhs/candidate_3_return_term,1.0
270000,dense_rhs/candidate_3_roughness_term,1.0
270000,dense_rhs/candidate_3_return_std_term,0.015887439250946045
270000,dense_rhs/candidate_3_learner_proxy_term,0.9963254928588867
270000,dense_rhs/deployment_utility_enabled,0.0
270000,dense_rhs/deployment_utility_override,0.0
270000,dense_rhs/deployment_utility_observations,0.0
270000,dense_rhs/deployment_utility_last_observed_gain,0.0
270000,dense_rhs/previous_horizon,4.0
270000,dense_rhs/training_bucket_horizon,8.0
270000,dense_rhs/best_h,5.0
270000,dense_rhs/prob_best_h,0.0
270000,dense_rhs/gauss_mean_best_h,0.31888628005981445
270000,dense_rhs/gauss_post_std_best_h,0.12014871835708618
270000,system/heartbeat,1.0
271992,episode/return,549.0913696289062
271992,episode/length,500.0
271993,episode/return,516.2093505859375
271993,episode/length,500.0
271994,episode/return,559.0584716796875
271994,episode/length,500.0
271995,episode/return,490.1531982421875
271995,episode/length,500.0
271996,episode/return,472.1348876953125
271996,episode/length,500.0
271997,episode/return,401.2503967285156
271997,episode/length,500.0
271998,episode/return,429.5069885253906
271998,episode/length,500.0
271999,episode/return,450.27288818359375
271999,episode/length,500.0
275992,episode/return,509.20379638671875
275992,episode/length,500.0
275993,episode/return,451.4314880371094
275993,episode/length,500.0
275994,episode/return,461.3031921386719
275994,episode/length,500.0
275995,episode/return,426.8061828613281
275995,episode/length,500.0
275996,episode/return,499.99090576171875
275996,episode/length,500.0
275997,episode/return,259.075927734375
275997,episode/length,500.0
275998,episode/return,455.85699462890625
275998,episode/length,500.0
275999,episode/return,532.21630859375
275999,episode/length,500.0
279992,episode/return,572.5530395507812
279992,episode/length,500.0
279993,episode/return,555.5474243164062
279993,episode/length,500.0
279994,episode/return,656.1027221679688
279994,episode/length,500.0
279995,episode/return,523.430419921875
279995,episode/length,500.0
279996,episode/return,460.2608642578125
279996,episode/length,500.0
279997,episode/return,520.8011474609375
279997,episode/length,500.0
279998,episode/return,469.76409912109375
279998,episode/length,500.0
279999,episode/return,474.810791015625
279999,episode/length,500.0
280000,train/consistency_loss_mean,0.0015897061028517783
280000,train/consistency_loss_std,6.660593362968847e-05
280000,train/continue_loss_mean,0.0
280000,train/continue_loss_std,0.0
280000,train/grad_norm_mean,0.3364049953699112
280000,train/grad_norm_std,0.09735827646459652
280000,train/policy_log_std_mean,-0.7521627755624276
280000,train/policy_log_std_std,0.30127677653894747
280000,train/policy_loss_mean,-0.6308893874168396
280000,train/policy_loss_std,0.009401592073249612
280000,train/reward_loss_mean,0.17437486584186554
280000,train/reward_loss_std,0.005209872365400147
280000,train/total_loss_mean,0.0664055145919323
280000,train/total_loss_std,0.0016515750329243117
280000,train/value_loss_mean,0.1717390531539917
280000,train/value_loss_std,0.005085221576423209
280000,train/value_scale_mean,54.62495166320801
280000,train/value_scale_std,0.6200437320772985
280000,timing/collect_chunk_s,165.66478919424117
280000,timing/train_chunk_s,285.42041007615626
280000,dense_rhs/training_bucket_horizon,8.0
280000,system/heartbeat,1.0
283992,episode/return,612.763916015625
283992,episode/length,500.0
283993,episode/return,372.82940673828125
283993,episode/length,500.0
283994,episode/return,359.4668884277344
283994,episode/length,500.0
283995,episode/return,640.09619140625
283995,episode/length,500.0
283996,episode/return,408.49969482421875
283996,episode/length,500.0
283997,episode/return,388.47564697265625
283997,episode/length,500.0
283998,episode/return,306.80078125
283998,episode/length,500.0
283999,episode/return,414.4073181152344
283999,episode/length,500.0
287992,episode/return,396.71856689453125
287992,episode/length,500.0
287993,episode/return,421.0915222167969
287993,episode/length,500.0
287994,episode/return,348.2205810546875
287994,episode/length,500.0
287995,episode/return,401.7751159667969
287995,episode/length,500.0
287996,episode/return,484.5682067871094
287996,episode/length,500.0
287997,episode/return,368.4698486328125
287997,episode/length,500.0
287998,episode/return,325.60308837890625
287998,episode/length,500.0
287999,episode/return,410.0609436035156
287999,episode/length,500.0
290000,train/consistency_loss_mean,0.0015861503315158188
290000,train/consistency_loss_std,6.760848622473122e-05
290000,train/continue_loss_mean,0.0
290000,train/continue_loss_std,0.0
290000,train/grad_norm_mean,0.3346796992063522
290000,train/grad_norm_std,0.09677935417352565
290000,train/policy_log_std_mean,-0.7590636159261067
290000,train/policy_log_std_std,0.3050767158496812
290000,train/policy_loss_mean,-0.6270676630020141
290000,train/policy_loss_std,0.007486806780963875
290000,train/reward_loss_mean,0.17485116107463836
290000,train/reward_loss_std,0.005097339891594288
290000,train/total_loss_mean,0.06660224305391312
290000,train/total_loss_std,0.001624576652638695
290000,train/value_loss_mean,0.17394119094610214
290000,train/value_loss_std,0.004957179353740217
290000,train/value_scale_mean,55.334335778808594
290000,train/value_scale_std,0.2815178101615816
290000,timing/collect_chunk_s,103.76839586580172
290000,timing/train_chunk_s,43.429673480801284
290000,dense_rhs/training_bucket_horizon,8.0
290000,system/heartbeat,1.0
291992,episode/return,561.2593383789062
291992,episode/length,500.0
291993,episode/return,513.7628784179688
291993,episode/length,500.0
291994,episode/return,545.7516479492188
291994,episode/length,500.0
291995,episode/return,366.86181640625
291995,episode/length,500.0
291996,episode/return,434.2164611816406
291996,episode/length,500.0
291997,episode/return,358.2227783203125
291997,episode/length,500.0
291998,episode/return,314.1964416503906
291998,episode/length,500.0
291999,episode/return,296.93414306640625
291999,episode/length,500.0
295992,episode/return,531.0162963867188
295992,episode/length,500.0
295993,episode/return,406.6436767578125
295993,episode/length,500.0
295994,episode/return,451.31378173828125
295994,episode/length,500.0
295995,episode/return,289.8206787109375
295995,episode/length,500.0
295996,episode/return,454.167236328125
295996,episode/length,500.0
295997,episode/return,595.6234741210938
295997,episode/length,500.0
295998,episode/return,396.9376525878906
295998,episode/length,500.0
295999,episode/return,432.5488586425781
295999,episode/length,500.0
299992,episode/return,410.28619384765625
299992,episode/length,500.0
299993,episode/return,447.3179931640625
299993,episode/length,500.0
299994,episode/return,607.0274047851562
299994,episode/length,500.0
299995,episode/return,240.90878295898438
299995,episode/length,500.0
299996,episode/return,576.0197143554688
299996,episode/length,500.0
299997,episode/return,639.0524291992188
299997,episode/length,500.0
299998,episode/return,469.8063049316406
299998,episode/length,500.0
299999,episode/return,604.4093017578125
299999,episode/length,500.0
300000,train/consistency_loss_mean,0.0015787230146117508
300000,train/consistency_loss_std,6.853840784202067e-05
300000,train/continue_loss_mean,0.0
300000,train/continue_loss_std,0.0
300000,train/grad_norm_mean,0.3361627277612686
300000,train/grad_norm_std,0.10166148361359088
300000,train/policy_log_std_mean,-0.7639830451682762
300000,train/policy_log_std_std,0.3054473121053017
300000,train/policy_loss_mean,-0.6212813783168792
300000,train/policy_loss_std,0.007401829954545045
300000,train/reward_loss_mean,0.17536840356588362
300000,train/reward_loss_std,0.005165502634947312
300000,train/total_loss_mean,0.06673426337242126
300000,train/total_loss_std,0.0016306686119108582
300000,train/value_loss_mean,0.17622960448265076
300000,train/value_loss_std,0.0051003512339970695
300000,train/value_scale_mean,56.174441638183595
300000,train/value_scale_std,0.2349135429903674
300000,timing/collect_chunk_s,102.94889508374035
300000,timing/train_chunk_s,43.41309467284009
300000,dense_rhs/training_bucket_horizon,8.0
300000,system/heartbeat,1.0
300000,timing/checkpoint_blocking_s,0.48049491038545966
300000,eval/return_mean,414.48516845703125
300000,eval/return_std,62.721534729003906
300000,eval/return_max,533.1502685546875
300000,eval/return_min,307.99737548828125
300000,timing/eval_s,38.43451782176271
300000,eval/selected_horizon,5.0
300000,eval/training_bucket_horizon,8.0
300000,system/heartbeat,1.0
303992,episode/return,506.9061279296875
303992,episode/length,500.0
303993,episode/return,449.8780212402344
303993,episode/length,500.0
303994,episode/return,380.8255920410156
303994,episode/length,500.0
303995,episode/return,417.81103515625
303995,episode/length,500.0
303996,episode/return,373.666748046875
303996,episode/length,500.0
303997,episode/return,358.25250244140625
303997,episode/length,500.0
303998,episode/return,507.47747802734375
303998,episode/length,500.0
303999,episode/return,458.3597412109375
303999,episode/length,500.0
307992,episode/return,434.5361022949219
307992,episode/length,500.0
307993,episode/return,413.2667541503906
307993,episode/length,500.0
307994,episode/return,437.68878173828125
307994,episode/length,500.0
307995,episode/return,445.7622985839844
307995,episode/length,500.0
307996,episode/return,520.4991455078125
307996,episode/length,500.0
307997,episode/return,406.92962646484375
307997,episode/length,500.0
307998,episode/return,381.8999938964844
307998,episode/length,500.0
307999,episode/return,360.8969421386719
307999,episode/length,500.0
310000,train/consistency_loss_mean,0.0015654552944004536
310000,train/consistency_loss_std,6.646542329121689e-05
310000,train/continue_loss_mean,0.0
310000,train/continue_loss_std,0.0
310000,train/grad_norm_mean,0.3317137982845306
310000,train/grad_norm_std,0.10267567119113757
310000,train/policy_log_std_mean,-0.7788931029708297
310000,train/policy_log_std_std,0.3049722178752067
310000,train/policy_loss_mean,-0.6178459574699402
310000,train/policy_loss_std,0.0073440788704524414
310000,train/reward_loss_mean,0.1758657680630684
310000,train/reward_loss_std,0.005098577744664172
310000,train/total_loss_mean,0.06709148708581925
310000,train/total_loss_std,0.0015565736476231054
310000,train/value_loss_mean,0.18195802408456802
310000,train/value_loss_std,0.004731596801494603
310000,train/value_scale_mean,57.03688601989746
310000,train/value_scale_std,0.3395207860548005
310000,timing/collect_chunk_s,110.55024069407955
310000,timing/train_chunk_s,43.53244569897652
310000,dense_rhs/training_bucket_horizon,8.0
310000,system/heartbeat,1.0
311992,episode/return,265.1836853027344
311992,episode/length,500.0
311993,episode/return,505.0574035644531
311993,episode/length,500.0
311994,episode/return,450.2386474609375
311994,episode/length,500.0
311995,episode/return,456.21575927734375
311995,episode/length,500.0
311996,episode/return,0.08878982067108154
311996,episode/length,500.0
311997,episode/return,463.32904052734375
311997,episode/length,500.0
311998,episode/return,387.17352294921875
311998,episode/length,500.0
311999,episode/return,565.53955078125
311999,episode/length,500.0
315992,episode/return,496.7536926269531
315992,episode/length,500.0
315993,episode/return,401.9297180175781
315993,episode/length,500.0
315994,episode/return,601.9277954101562
315994,episode/length,500.0
315995,episode/return,443.0556335449219
315995,episode/length,500.0
315996,episode/return,620.2305297851562
315996,episode/length,500.0
315997,episode/return,434.42974853515625
315997,episode/length,500.0
315998,episode/return,372.4942321777344
315998,episode/length,500.0
315999,episode/return,509.6405029296875
315999,episode/length,500.0
319992,episode/return,549.7606201171875
319992,episode/length,500.0
319993,episode/return,563.3447875976562
319993,episode/length,500.0
319994,episode/return,574.6077880859375
319994,episode/length,500.0
319995,episode/return,521.8480224609375
319995,episode/length,500.0
319996,episode/return,472.4224853515625
319996,episode/length,500.0
319997,episode/return,385.0190734863281
319997,episode/length,500.0
319998,episode/return,428.26275634765625
319998,episode/length,500.0
319999,episode/return,426.7406311035156
319999,episode/length,500.0
320000,train/consistency_loss_mean,0.0015554214936681092
320000,train/consistency_loss_std,6.809495240343103e-05
320000,train/continue_loss_mean,0.0
320000,train/continue_loss_std,0.0
320000,train/grad_norm_mean,0.3302767772436142
320000,train/grad_norm_std,0.10318224618898285
320000,train/policy_log_std_mean,-0.7866155337298358
320000,train/policy_log_std_std,0.3078282340218131
320000,train/policy_loss_mean,-0.6157108442783356
320000,train/policy_loss_std,0.0070955785657643745
320000,train/reward_loss_mean,0.17596331502199172
320000,train/reward_loss_std,0.005134667420088119
320000,train/total_loss_mean,0.06737069023251534
320000,train/total_loss_std,0.0015691580187335529
320000,train/value_loss_mean,0.18665928300619125
320000,train/value_loss_std,0.004712526295640911
320000,train/value_scale_mean,57.70398409729004
320000,train/value_scale_std,0.21130353170382957
320000,timing/collect_chunk_s,103.80199641734362
320000,timing/train_chunk_s,43.4249066230841
320000,dense_rhs/training_bucket_horizon,8.0
320000,system/heartbeat,1.0
320000,dense_rhs/selected_horizon,4.0
320000,dense_rhs/proposed_horizon,4.0
320000,dense_rhs/phase_id,0.0
320000,dense_rhs/num_active_horizons,29.0
320000,dense_rhs/num_candidate_horizons,3.0
320000,dense_rhs/entropy,3.200528860092163
320000,dense_rhs/norm_entropy,0.9504745602607727
320000,dense_rhs/best_fitness,0.8114445805549622
320000,dense_rhs/deployment_score_best,0.4335452616214752
320000,dense_rhs/incumbent_deployment_score,0.0026483116671442986
320000,dense_rhs/proposed_deployment_score,0.4335452616214752
320000,dense_rhs/proposed_transition_cost,0.0
320000,dense_rhs/proposed_switch_probability,0.9939658045768738
320000,dense_rhs/proposed_expected_net_benefit,0.43089693784713745
320000,dense_rhs/transition_cost_best,0.0
320000,dense_rhs/transition_adjusted_score_best,0.4335452616214752
320000,dense_rhs/switch_probability_best,0.9939658045768738
320000,dense_rhs/expected_improvement_best,0.4312303364276886
320000,dense_rhs/expected_loss_best,0.0003333913628011942
320000,dense_rhs/expected_net_benefit_best,0.43089693784713745
320000,dense_rhs/return_term_best,1.0
320000,dense_rhs/roughness_term_best,0.9998953342437744
320000,dense_rhs/return_std_term_best,0.4335906505584717
320000,dense_rhs/learner_proxy_term_best,0.9998725056648254
320000,dense_rhs/model_prefix_loss_best,0.645011842250824
320000,dense_rhs/model_probe_prefix_best,0.4513179361820221
320000,dense_rhs/planner_return_best,119.2521743774414
320000,dense_rhs/roughness_best,0.1639454960823059
320000,dense_rhs/robust_return_best,218.85023498535156
320000,timing/query_model_diag_s,13.787230679765344
320000,timing/query_env_eval_s,40.57714881468564
320000,timing/query_finalize_s,0.0040022688917815685
320000,timing/query_total_s,54.37342735892162
320000,dense_rhs/candidate_5_fitness,0.5109277367591858
320000,dense_rhs/candidate_5_deployment_score,0.0026483116671442986
320000,dense_rhs/candidate_5_transition_cost,0.0
320000,dense_rhs/candidate_5_transition_adjusted_score,0.0026483116671442986
320000,dense_rhs/candidate_5_switch_probability,0.5
320000,dense_rhs/candidate_5_expected_net_benefit,0.0
320000,dense_rhs/candidate_5_return,152.93243408203125
320000,dense_rhs/candidate_5_return_term,0.33872392773628235
320000,dense_rhs/candidate_5_roughness_term,0.999587893486023
320000,dense_rhs/candidate_5_return_std_term,0.20126330852508545
320000,dense_rhs/candidate_5_learner_proxy_term,1.0
320000,dense_rhs/candidate_6_fitness,0.031686391681432724
320000,dense_rhs/candidate_6_deployment_score,3.3622871153937695e-10
320000,dense_rhs/candidate_6_transition_cost,0.0
320000,dense_rhs/candidate_6_transition_adjusted_score,3.3622871153937695e-10
320000,dense_rhs/candidate_6_switch_probability,0.4989510178565979
320000,dense_rhs/candidate_6_expected_net_benefit,-0.0026483237743377686
320000,dense_rhs/candidate_6_return,132.666015625
320000,dense_rhs/candidate_6_return_term,0.13541468977928162
320000,dense_rhs/candidate_6_roughness_term,0.9999348521232605
320000,dense_rhs/candidate_6_return_std_term,5.960464477539063e-08
320000,dense_rhs/candidate_6_learner_proxy_term,0.9965606331825256
320000,dense_rhs/candidate_4_fitness,0.8114445805549622
320000,dense_rhs/candidate_4_deployment_score,0.4335452616214752
320000,dense_rhs/candidate_4_transition_cost,0.0
320000,dense_rhs/candidate_4_transition_adjusted_score,0.4335452616214752
320000,dense_rhs/candidate_4_switch_probability,0.9939658045768738
320000,dense_rhs/candidate_4_expected_net_benefit,0.43089693784713745
320000,dense_rhs/candidate_4_return,218.85023498535156
320000,dense_rhs/candidate_4_return_term,1.0
320000,dense_rhs/candidate_4_roughness_term,0.9998953342437744
320000,dense_rhs/candidate_4_return_std_term,0.4335906505584717
320000,dense_rhs/candidate_4_learner_proxy_term,0.9998725056648254
320000,dense_rhs/deployment_utility_enabled,0.0
320000,dense_rhs/deployment_utility_override,0.0
320000,dense_rhs/deployment_utility_observations,0.0
320000,dense_rhs/deployment_utility_last_observed_gain,0.0
320000,dense_rhs/previous_horizon,5.0
320000,dense_rhs/training_bucket_horizon,4.0
320000,dense_rhs/best_h,4.0
320000,dense_rhs/prob_best_h,0.0
320000,dense_rhs/gauss_mean_best_h,0.6041280031204224
320000,dense_rhs/gauss_post_std_best_h,0.10895787924528122
320000,system/heartbeat,1.0
323992,episode/return,393.859619140625
323992,episode/length,500.0
323993,episode/return,451.1564025878906
323993,episode/length,500.0
323994,episode/return,444.1860046386719
323994,episode/length,500.0
323995,episode/return,488.59942626953125
323995,episode/length,500.0
323996,episode/return,396.2613525390625
323996,episode/length,500.0
323997,episode/return,496.9768981933594
323997,episode/length,500.0
323998,episode/return,578.24365234375
323998,episode/length,500.0
323999,episode/return,457.9256591796875
323999,episode/length,500.0
327992,episode/return,379.7261962890625
327992,episode/length,500.0
327993,episode/return,364.4542236328125
327993,episode/length,500.0
327994,episode/return,480.2152099609375
327994,episode/length,500.0
327995,episode/return,618.7615966796875
327995,episode/length,500.0
327996,episode/return,405.2744445800781
327996,episode/length,500.0
327997,episode/return,0.19275474548339844
327997,episode/length,500.0
327998,episode/return,514.9057006835938
327998,episode/length,500.0
327999,episode/return,500.4769287109375
327999,episode/length,500.0
330000,train/consistency_loss_mean,0.0018909851641394197
330000,train/consistency_loss_std,8.527278705349422e-05
330000,train/continue_loss_mean,0.0
330000,train/continue_loss_std,0.0
330000,train/grad_norm_mean,0.40208242046833037
330000,train/grad_norm_std,0.12577600288633184
330000,train/policy_log_std_mean,-0.7769558786010742
330000,train/policy_log_std_std,0.3100180218677134
330000,train/policy_loss_mean,-0.72417206325531
330000,train/policy_loss_std,0.008907368527855645
330000,train/reward_loss_mean,0.2130130869269371
330000,train/reward_loss_std,0.006286370668771931
330000,train/total_loss_mean,0.082111278039217
330000,train/total_loss_std,0.0019456321960085532
330000,train/value_loss_mean,0.2299026447892189
330000,train/value_loss_std,0.005451486089431943
330000,train/value_scale_mean,58.29928679504395
330000,train/value_scale_std,0.28258746184051325
330000,timing/collect_chunk_s,98.32121458929032
330000,timing/train_chunk_s,25.354605614673346
330000,dense_rhs/training_bucket_horizon,4.0
330000,system/heartbeat,1.0
331992,episode/return,366.4716796875
331992,episode/length,500.0
331993,episode/return,538.4893798828125
331993,episode/length,500.0
331994,episode/return,511.32867431640625
331994,episode/length,500.0
331995,episode/return,457.58636474609375
331995,episode/length,500.0
331996,episode/return,498.33575439453125
331996,episode/length,500.0
331997,episode/return,608.679443359375
331997,episode/length,500.0
331998,episode/return,571.3287353515625
331998,episode/length,500.0
331999,episode/return,460.7664794921875
331999,episode/length,500.0
335992,episode/return,374.00543212890625
335992,episode/length,500.0
335993,episode/return,422.8385314941406
335993,episode/length,500.0
335994,episode/return,369.60723876953125
335994,episode/length,500.0
335995,episode/return,529.2719116210938
335995,episode/length,500.0
335996,episode/return,459.2823486328125
335996,episode/length,500.0
335997,episode/return,585.02099609375
335997,episode/length,500.0
335998,episode/return,621.40673828125
335998,episode/length,500.0
335999,episode/return,276.0361328125
335999,episode/length,500.0
339992,episode/return,583.3414916992188
339992,episode/length,500.0
339993,episode/return,508.23834228515625
339993,episode/length,500.0
339994,episode/return,528.0383911132812
339994,episode/length,500.0
339995,episode/return,536.7582397460938
339995,episode/length,500.0
339996,episode/return,528.8439331054688
339996,episode/length,500.0
339997,episode/return,494.082763671875
339997,episode/length,500.0
339998,episode/return,553.2111206054688
339998,episode/length,500.0
339999,episode/return,538.3518676757812
339999,episode/length,500.0
340000,train/consistency_loss_mean,0.0018721534997224807
340000,train/consistency_loss_std,8.417557563965777e-05
340000,train/continue_loss_mean,0.0
340000,train/continue_loss_std,0.0
340000,train/grad_norm_mean,0.4000130153417587
340000,train/grad_norm_std,0.1299045856090136
340000,train/policy_log_std_mean,-0.7818825058492025
340000,train/policy_log_std_std,0.30450752954228966
340000,train/policy_loss_mean,-0.7205977391242981
340000,train/policy_loss_std,0.009059615951976328
340000,train/reward_loss_mean,0.2136438839197159
340000,train/reward_loss_std,0.006274763540091061
340000,train/total_loss_mean,0.08225626017451286
340000,train/total_loss_std,0.0018933227838452936
340000,train/value_loss_mean,0.23448800531625746
340000,train/value_loss_std,0.005812950254358139
340000,train/value_scale_mean,59.10496972351074
340000,train/value_scale_std,0.34772570018049004
340000,timing/collect_chunk_s,104.08016248000786
340000,timing/train_chunk_s,25.329560175538063
340000,dense_rhs/training_bucket_horizon,4.0
340000,system/heartbeat,1.0
343992,episode/return,438.947265625
343992,episode/length,500.0
343993,episode/return,584.0006713867188
343993,episode/length,500.0
343994,episode/return,469.6097717285156
343994,episode/length,500.0
343995,episode/return,340.1191711425781
343995,episode/length,500.0
343996,episode/return,548.312255859375
343996,episode/length,500.0
343997,episode/return,525.1564331054688
343997,episode/length,500.0
343998,episode/return,496.4034423828125
343998,episode/length,500.0
343999,episode/return,407.2200012207031
343999,episode/length,500.0
347992,episode/return,533.393310546875
347992,episode/length,500.0
347993,episode/return,431.18994140625
347993,episode/length,500.0
347994,episode/return,511.44366455078125
347994,episode/length,500.0
347995,episode/return,529.3424072265625
347995,episode/length,500.0
347996,episode/return,475.2535705566406
347996,episode/length,500.0
347997,episode/return,507.9207763671875
347997,episode/length,500.0
347998,episode/return,411.5906677246094
347998,episode/length,500.0
347999,episode/return,554.3418579101562
347999,episode/length,500.0
350000,train/consistency_loss_mean,0.0018586745182052255
350000,train/consistency_loss_std,8.375643288054057e-05
350000,train/continue_loss_mean,0.0
350000,train/continue_loss_std,0.0
350000,train/grad_norm_mean,0.3931335996866226
350000,train/grad_norm_std,0.12297520615783473
350000,train/policy_log_std_mean,-0.7842783241780599
350000,train/policy_log_std_std,0.299567020771524
350000,train/policy_loss_mean,-0.7276366826534271
350000,train/policy_loss_std,0.00852776358204297
350000,train/reward_loss_mean,0.21418241883516312
350000,train/reward_loss_std,0.006247836926785224
350000,train/total_loss_mean,0.08246821132898331
350000,train/total_loss_std,0.001856199217822615
350000,train/value_loss_mean,0.2387647728204727
350000,train/value_loss_std,0.0053597144061341894
350000,train/value_scale_mean,59.143745852661134
350000,train/value_scale_std,0.28714882120036594
350000,timing/collect_chunk_s,97.8604562249966
350000,timing/train_chunk_s,25.31640082085505
350000,dense_rhs/training_bucket_horizon,4.0
350000,system/heartbeat,1.0
350000,timing/checkpoint_blocking_s,0.507686308119446
350000,eval/return_mean,548.4425048828125
350000,eval/return_std,71.12451934814453
350000,eval/return_max,689.863525390625
350000,eval/return_min,400.5875244140625
350000,timing/eval_s,12.480625885073096
350000,eval/selected_horizon,4.0
350000,eval/training_bucket_horizon,4.0
350000,system/heartbeat,1.0
351992,episode/return,358.7042236328125
351992,episode/length,500.0
351993,episode/return,339.4040222167969
351993,episode/length,500.0
351994,episode/return,422.2103271484375
351994,episode/length,500.0
351995,episode/return,647.6259765625
351995,episode/length,500.0
351996,episode/return,594.7123413085938
351996,episode/length,500.0
351997,episode/return,559.8179321289062
351997,episode/length,500.0
351998,episode/return,315.1809387207031
351998,episode/length,500.0
351999,episode/return,359.7108154296875
351999,episode/length,500.0
355992,episode/return,356.5574645996094
355992,episode/length,500.0
355993,episode/return,341.6584167480469
355993,episode/length,500.0
355994,episode/return,432.46826171875
355994,episode/length,500.0
355995,episode/return,578.6915283203125
355995,episode/length,500.0
355996,episode/return,482.8526611328125
355996,episode/length,500.0
355997,episode/return,421.0451354980469
355997,episode/length,500.0
355998,episode/return,420.1602783203125
355998,episode/length,500.0
355999,episode/return,326.20904541015625
355999,episode/length,500.0
359992,episode/return,450.6576843261719
359992,episode/length,500.0
359993,episode/return,625.32421875
359993,episode/length,500.0
359994,episode/return,463.2301330566406
359994,episode/length,500.0
359995,episode/return,603.9142456054688
359995,episode/length,500.0
359996,episode/return,642.9223022460938
359996,episode/length,500.0
359997,episode/return,377.39508056640625
359997,episode/length,500.0
359998,episode/return,445.3316345214844
359998,episode/length,500.0
359999,episode/return,471.1626281738281
359999,episode/length,500.0
360000,train/consistency_loss_mean,0.0018506038944236935
360000,train/consistency_loss_std,8.472834369604847e-05
360000,train/continue_loss_mean,0.0
360000,train/continue_loss_std,0.0
360000,train/grad_norm_mean,0.3960355143547058
360000,train/grad_norm_std,0.12839192181304296
360000,train/policy_log_std_mean,-0.7923812264506022
360000,train/policy_log_std_std,0.3045894834076824
360000,train/policy_loss_mean,-0.7310866546154022
360000,train/policy_loss_std,0.00818711789932147
360000,train/reward_loss_mean,0.2149574739098549
360000,train/reward_loss_std,0.006331726278370045
360000,train/total_loss_mean,0.08272030575871468
360000,train/total_loss_std,0.0018790572825283132
360000,train/value_loss_mean,0.24212479598522185
360000,train/value_loss_std,0.0053810219531514845
360000,train/value_scale_mean,59.38626044311523
360000,train/value_scale_std,0.23503838712872094
360000,timing/collect_chunk_s,97.9036527578719
360000,timing/train_chunk_s,25.243304041214287
360000,dense_rhs/training_bucket_horizon,4.0
360000,system/heartbeat,1.0
363992,episode/return,454.42437744140625
363992,episode/length,500.0
363993,episode/return,459.5093078613281
363993,episode/length,500.0
363994,episode/return,351.8744812011719
363994,episode/length,500.0
363995,episode/return,573.8462524414062
363995,episode/length,500.0
363996,episode/return,365.9242248535156
363996,episode/length,500.0
363997,episode/return,448.294189453125
363997,episode/length,500.0
363998,episode/return,497.41741943359375
363998,episode/length,500.0
363999,episode/return,462.8687438964844
363999,episode/length,500.0
367992,episode/return,405.4468688964844
367992,episode/length,500.0
367993,episode/return,443.5997619628906
367993,episode/length,500.0
367994,episode/return,511.5125732421875
367994,episode/length,500.0
367995,episode/return,480.7973937988281
367995,episode/length,500.0
367996,episode/return,410.6774597167969
367996,episode/length,500.0
367997,episode/return,492.08416748046875
367997,episode/length,500.0
367998,episode/return,405.71142578125
367998,episode/length,500.0
367999,episode/return,673.0594482421875
367999,episode/length,500.0
370000,train/consistency_loss_mean,0.0018361829441972076
370000,train/consistency_loss_std,8.403543577611612e-05
370000,train/continue_loss_mean,0.0
370000,train/continue_loss_std,0.0
370000,train/grad_norm_mean,0.39169210238456725
370000,train/grad_norm_std,0.12676203751147364
370000,train/policy_log_std_mean,-0.7936321164957683
370000,train/policy_log_std_std,0.30783420446272586
370000,train/policy_loss_mean,-0.7322073066711425
370000,train/policy_loss_std,0.008405399840482577
370000,train/reward_loss_mean,0.2154719899058342
370000,train/reward_loss_std,0.006292247447096028
370000,train/total_loss_mean,0.08284765571355819
370000,train/total_loss_std,0.0018409564872231001
370000,train/value_loss_mean,0.24576797115802765
370000,train/value_loss_std,0.005445394061601698
370000,train/value_scale_mean,59.94390444030762
370000,train/value_scale_std,0.26993044188449844
370000,timing/collect_chunk_s,105.0656060683541
370000,timing/train_chunk_s,25.235794058069587
370000,dense_rhs/training_bucket_horizon,4.0
370000,system/heartbeat,1.0
370000,dense_rhs/selected_horizon,5.0
370000,dense_rhs/proposed_horizon,5.0
370000,dense_rhs/phase_id,0.0
370000,dense_rhs/num_active_horizons,29.0
370000,dense_rhs/num_candidate_horizons,3.0
370000,dense_rhs/entropy,3.200592279434204
370000,dense_rhs/norm_entropy,0.9504933953285217
370000,dense_rhs/best_fitness,0.8312461376190186
370000,dense_rhs/deployment_score_best,0.4774387776851654
370000,dense_rhs/incumbent_deployment_score,0.025869743898510933
370000,dense_rhs/proposed_deployment_score,0.4774387776851654
370000,dense_rhs/proposed_transition_cost,0.0
370000,dense_rhs/proposed_switch_probability,0.9989080429077148
370000,dense_rhs/proposed_expected_net_benefit,0.4515690505504608
370000,dense_rhs/transition_cost_best,0.0
370000,dense_rhs/transition_adjusted_score_best,0.4774387776851654
370000,dense_rhs/switch_probability_best,0.9989080429077148
370000,dense_rhs/expected_improvement_best,0.4516139030456543
370000,dense_rhs/expected_loss_best,4.486215766519308e-05
370000,dense_rhs/expected_net_benefit_best,0.4515690505504608
370000,dense_rhs/return_term_best,1.0
370000,dense_rhs/roughness_term_best,0.9995998740196228
370000,dense_rhs/return_std_term_best,0.4776298999786377
370000,dense_rhs/learner_proxy_term_best,1.0
370000,dense_rhs/model_prefix_loss_best,0.8617929220199585
370000,dense_rhs/model_probe_prefix_best,0.593037486076355
370000,dense_rhs/planner_return_best,125.71967315673828
370000,dense_rhs/roughness_best,0.5612819194793701
370000,dense_rhs/robust_return_best,259.9922790527344
370000,timing/query_model_diag_s,0.021573778707534075
370000,timing/query_env_eval_s,17.798093267250806
370000,timing/query_finalize_s,0.004532902967184782
370000,timing/query_total_s,17.829394882079214
370000,dense_rhs/candidate_4_fitness,0.6214467883110046
370000,dense_rhs/candidate_4_deployment_score,0.025869743898510933
370000,dense_rhs/candidate_4_transition_cost,0.0
370000,dense_rhs/candidate_4_transition_adjusted_score,0.025869743898510933
370000,dense_rhs/candidate_4_switch_probability,0.5
370000,dense_rhs/candidate_4_expected_net_benefit,0.0
370000,dense_rhs/candidate_4_return,199.94989013671875
370000,dense_rhs/candidate_4_return_term,0.5576902627944946
370000,dense_rhs/candidate_4_roughness_term,0.9998646378517151
370000,dense_rhs/candidate_4_return_std_term,0.26747220754623413
370000,dense_rhs/candidate_4_learner_proxy_term,0.9979749917984009
370000,dense_rhs/candidate_5_fitness,0.8312461376190186
370000,dense_rhs/candidate_5_deployment_score,0.4774387776851654
370000,dense_rhs/candidate_5_transition_cost,0.0
370000,dense_rhs/candidate_5_transition_adjusted_score,0.4774387776851654
370000,dense_rhs/candidate_5_switch_probability,0.9989080429077148
370000,dense_rhs/candidate_5_expected_net_benefit,0.4515690505504608
370000,dense_rhs/candidate_5_return,259.9922790527344
370000,dense_rhs/candidate_5_return_term,1.0
370000,dense_rhs/candidate_5_roughness_term,0.9995998740196228
370000,dense_rhs/candidate_5_return_std_term,0.4776298999786377
370000,dense_rhs/candidate_5_learner_proxy_term,1.0
370000,dense_rhs/candidate_3_fitness,0.031776461750268936
370000,dense_rhs/candidate_3_deployment_score,1.1649757603038324e-08
370000,dense_rhs/candidate_3_transition_cost,0.0
370000,dense_rhs/candidate_3_transition_adjusted_score,1.1649757603038324e-08
370000,dense_rhs/candidate_3_switch_probability,0.4373816251754761
370000,dense_rhs/candidate_3_expected_net_benefit,-0.02586972713470459
370000,dense_rhs/candidate_3_return,168.8424072265625
370000,dense_rhs/candidate_3_return_term,0.3285331726074219
370000,dense_rhs/candidate_3_roughness_term,1.0
370000,dense_rhs/candidate_3_return_std_term,5.960464477539063e-08
370000,dense_rhs/candidate_3_learner_proxy_term,0.9911571741104126
370000,dense_rhs/deployment_utility_enabled,0.0
370000,dense_rhs/deployment_utility_override,0.0
370000,dense_rhs/deployment_utility_observations,0.0
370000,dense_rhs/deployment_utility_last_observed_gain,0.0
370000,dense_rhs/previous_horizon,4.0
370000,dense_rhs/training_bucket_horizon,8.0
370000,dense_rhs/best_h,5.0
370000,dense_rhs/prob_best_h,0.0
370000,dense_rhs/gauss_mean_best_h,0.45976653695106506
370000,dense_rhs/gauss_post_std_best_h,0.11490479111671448
370000,system/heartbeat,1.0
371992,episode/return,526.2090454101562
371992,episode/length,500.0
371993,episode/return,506.32220458984375
371993,episode/length,500.0
371994,episode/return,435.10284423828125
371994,episode/length,500.0
371995,episode/return,332.57745361328125
371995,episode/length,500.0
371996,episode/return,485.5854797363281
371996,episode/length,500.0
371997,episode/return,429.356689453125
371997,episode/length,500.0
371998,episode/return,389.1796569824219
371998,episode/length,500.0
371999,episode/return,503.8475341796875
371999,episode/length,500.0
375992,episode/return,533.5985107421875
375992,episode/length,500.0
375993,episode/return,384.78839111328125
375993,episode/length,500.0
375994,episode/return,522.8851318359375
375994,episode/length,500.0
375995,episode/return,515.0518188476562
375995,episode/length,500.0
375996,episode/return,410.6795959472656
375996,episode/length,500.0
375997,episode/return,591.1886596679688
375997,episode/length,500.0
375998,episode/return,451.5182189941406
375998,episode/length,500.0
375999,episode/return,397.76849365234375
375999,episode/length,500.0
379992,episode/return,323.1001281738281
379992,episode/length,500.0
379993,episode/return,369.66339111328125
379993,episode/length,500.0
379994,episode/return,369.9692077636719
379994,episode/length,500.0
379995,episode/return,551.0247192382812
379995,episode/length,500.0
379996,episode/return,442.21734619140625
379996,episode/length,500.0
379997,episode/return,410.07537841796875
379997,episode/length,500.0
379998,episode/return,450.40447998046875
379998,episode/length,500.0
379999,episode/return,407.4194030761719
379999,episode/length,500.0
380000,train/consistency_loss_mean,0.0015030381644144655
380000,train/consistency_loss_std,6.822281462326003e-05
380000,train/continue_loss_mean,0.0
380000,train/continue_loss_std,0.0
380000,train/grad_norm_mean,0.3210094984769821
380000,train/grad_norm_std,0.10536866501331825
380000,train/policy_log_std_mean,-0.8186680557250977
380000,train/policy_log_std_std,0.3110496356174526
380000,train/policy_loss_mean,-0.626039519739151
380000,train/policy_loss_std,0.007037111673689787
380000,train/reward_loss_mean,0.1789607170701027
380000,train/reward_loss_std,0.00511441098585522
380000,train/total_loss_mean,0.0684692030608654
380000,train/total_loss_std,0.001497316252929178
380000,train/value_loss_mean,0.20512366981506347
380000,train/value_loss_std,0.004575148891117227
380000,train/value_scale_mean,59.969746148681644
380000,train/value_scale_std,0.25095206874682674
380000,timing/collect_chunk_s,103.97056735213846
380000,timing/train_chunk_s,43.36641780240461
380000,dense_rhs/training_bucket_horizon,8.0
380000,system/heartbeat,1.0
383992,episode/return,504.57183837890625
383992,episode/length,500.0
383993,episode/return,323.3204650878906
383993,episode/length,500.0
383994,episode/return,454.5213623046875
383994,episode/length,500.0
383995,episode/return,480.3760986328125
383995,episode/length,500.0
383996,episode/return,402.71783447265625
383996,episode/length,500.0
383997,episode/return,325.3402099609375
383997,episode/length,500.0
383998,episode/return,389.1221618652344
383998,episode/length,500.0
383999,episode/return,466.7236022949219
383999,episode/length,500.0
387992,episode/return,342.7948913574219
387992,episode/length,500.0
387993,episode/return,393.08636474609375
387993,episode/length,500.0
387994,episode/return,415.53387451171875
387994,episode/length,500.0
387995,episode/return,407.1251525878906
387995,episode/length,500.0
387996,episode/return,446.0950622558594
387996,episode/length,500.0
387997,episode/return,479.0516662597656
387997,episode/length,500.0
387998,episode/return,513.1718139648438
387998,episode/length,500.0
387999,episode/return,382.7016296386719
387999,episode/length,500.0
390000,train/consistency_loss_mean,0.0014996404032222926
390000,train/consistency_loss_std,6.873832449228363e-05
390000,train/continue_loss_mean,0.0
390000,train/continue_loss_std,0.0
390000,train/grad_norm_mean,0.3184978645324707
390000,train/grad_norm_std,0.1025613188718854
390000,train/policy_log_std_mean,-0.8195708979853877
390000,train/policy_log_std_std,0.3141269139040577
390000,train/policy_loss_mean,-0.6264367117881775
390000,train/policy_loss_std,0.00720944688037904
390000,train/reward_loss_mean,0.17905997567176818
390000,train/reward_loss_std,0.005109427394025691
390000,train/total_loss_mean,0.06855460273623466
390000,train/total_loss_std,0.0014984915593642602
390000,train/value_loss_mean,0.20655795862674714
390000,train/value_loss_std,0.004325468527048203
390000,train/value_scale_mean,60.34612439880371
390000,train/value_scale_std,0.19082756953669194
390000,timing/collect_chunk_s,104.01853596325964
390000,timing/train_chunk_s,43.37253406038508
390000,dense_rhs/training_bucket_horizon,8.0
390000,system/heartbeat,1.0
391992,episode/return,341.9535217285156
391992,episode/length,500.0
391993,episode/return,445.374755859375
391993,episode/length,500.0
391994,episode/return,540.6083984375
391994,episode/length,500.0
391995,episode/return,330.02484130859375
391995,episode/length,500.0
391996,episode/return,361.0646667480469
391996,episode/length,500.0
391997,episode/return,315.810302734375
391997,episode/length,500.0
391998,episode/return,483.38739013671875
391998,episode/length,500.0
391999,episode/return,484.7301025390625
391999,episode/length,500.0
395992,episode/return,367.6089172363281
395992,episode/length,500.0
395993,episode/return,419.9574279785156
395993,episode/length,500.0
395994,episode/return,467.3306884765625
395994,episode/length,500.0
395995,episode/return,300.9307861328125
395995,episode/length,500.0
395996,episode/return,406.6038513183594
395996,episode/length,500.0
395997,episode/return,325.90509033203125
395997,episode/length,500.0
395998,episode/return,388.64776611328125
395998,episode/length,500.0
395999,episode/return,335.7059631347656
395999,episode/length,500.0
399992,episode/return,445.82763671875
399992,episode/length,500.0
399993,episode/return,409.7987060546875
399993,episode/length,500.0
399994,episode/return,532.3622436523438
399994,episode/length,500.0
399995,episode/return,391.31829833984375
399995,episode/length,500.0
399996,episode/return,545.0420532226562
399996,episode/length,500.0
399997,episode/return,307.1244201660156
399997,episode/length,500.0
399998,episode/return,473.59185791015625
399998,episode/length,500.0
399999,episode/return,382.21429443359375
399999,episode/length,500.0
400000,train/consistency_loss_mean,0.0014987612226046623
400000,train/consistency_loss_std,6.910774647871834e-05
400000,train/continue_loss_mean,0.0
400000,train/continue_loss_std,0.0
400000,train/grad_norm_mean,0.3182160898208618
400000,train/grad_norm_std,0.10397877348221497
400000,train/policy_log_std_mean,-0.8251800927056206
400000,train/policy_log_std_std,0.31857358409919495
400000,train/policy_loss_mean,-0.6261446604728699
400000,train/policy_loss_std,0.007857234644551358
400000,train/reward_loss_mean,0.17947168118953705
400000,train/reward_loss_std,0.005114088786654141
400000,train/total_loss_mean,0.06858377758264542
400000,train/total_loss_std,0.0015080458620235985
400000,train/value_loss_mean,0.2066138461112976
400000,train/value_loss_std,0.004368753641420359
400000,train/value_scale_mean,60.522168084716796
400000,train/value_scale_std,0.39184859995631377
400000,timing/collect_chunk_s,104.27818974899128
400000,timing/train_chunk_s,43.375348400790244
400000,dense_rhs/training_bucket_horizon,8.0
400000,system/heartbeat,1.0
400000,timing/checkpoint_blocking_s,0.5182723132893443
400000,eval/return_mean,563.4853515625
400000,eval/return_std,49.062747955322266
400000,eval/return_max,629.075927734375
400000,eval/return_min,466.6170654296875
400000,timing/eval_s,17.231759060174227
400000,eval/selected_horizon,5.0
400000,eval/training_bucket_horizon,8.0
400000,system/heartbeat,1.0
403992,episode/return,359.1682434082031
403992,episode/length,500.0
403993,episode/return,452.15380859375
403993,episode/length,500.0
403994,episode/return,538.3494262695312
403994,episode/length,500.0
403995,episode/return,582.3461303710938
403995,episode/length,500.0
403996,episode/return,419.9429931640625
403996,episode/length,500.0
403997,episode/return,371.9326171875
403997,episode/length,500.0
403998,episode/return,316.7629699707031
403998,episode/length,500.0
403999,episode/return,502.1781921386719
403999,episode/length,500.0
407992,episode/return,405.05169677734375
407992,episode/length,500.0
407993,episode/return,0.24449658393859863
407993,episode/length,500.0
407994,episode/return,668.5243530273438
407994,episode/length,500.0
407995,episode/return,457.0206604003906
407995,episode/length,500.0
407996,episode/return,529.4446411132812
407996,episode/length,500.0
407997,episode/return,508.2029113769531
407997,episode/length,500.0
407998,episode/return,528.2448120117188
407998,episode/length,500.0
407999,episode/return,375.3362731933594
407999,episode/length,500.0
410000,train/consistency_loss_mean,0.0014917813383974136
410000,train/consistency_loss_std,7.012415330126804e-05
410000,train/continue_loss_mean,0.0
410000,train/continue_loss_std,0.0
410000,train/grad_norm_mean,0.31370499913692473
410000,train/grad_norm_std,0.10195482965786004
410000,train/policy_log_std_mean,-0.8317605754711009
410000,train/policy_log_std_std,0.3238754845420197
410000,train/policy_loss_mean,-0.6231558104515076
410000,train/policy_loss_std,0.007349269090278346
410000,train/reward_loss_mean,0.17967498109340668
410000,train/reward_loss_std,0.005032653070214542
410000,train/total_loss_mean,0.06853534494638443
410000,train/total_loss_std,0.0015243830501340586
410000,train/value_loss_mean,0.20732219051122666
410000,train/value_loss_std,0.004338215897372116
410000,train/value_scale_mean,60.8951955657959
410000,train/value_scale_std,0.2816430787069225
410000,timing/collect_chunk_s,113.05018698470667
410000,timing/train_chunk_s,43.33315761294216
410000,dense_rhs/training_bucket_horizon,8.0
410000,system/heartbeat,1.0
411992,episode/return,424.2555236816406
411992,episode/length,500.0
411993,episode/return,506.5643310546875
411993,episode/length,500.0
411994,episode/return,678.8546752929688
411994,episode/length,500.0
411995,episode/return,338.4725341796875
411995,episode/length,500.0
411996,episode/return,639.5613403320312
411996,episode/length,500.0
411997,episode/return,524.77685546875
411997,episode/length,500.0
411998,episode/return,368.7192077636719
411998,episode/length,500.0
411999,episode/return,397.3169860839844
411999,episode/length,500.0
415992,episode/return,428.72991943359375
415992,episode/length,500.0
415993,episode/return,378.6947021484375
415993,episode/length,500.0
415994,episode/return,475.3972473144531
415994,episode/length,500.0
415995,episode/return,488.9024353027344
415995,episode/length,500.0
415996,episode/return,448.4649353027344
415996,episode/length,500.0
415997,episode/return,340.2611389160156
415997,episode/length,500.0
415998,episode/return,498.4222106933594
415998,episode/length,500.0
415999,episode/return,418.1073303222656
415999,episode/length,500.0
419992,episode/return,403.93109130859375
419992,episode/length,500.0
419993,episode/return,309.802978515625
419993,episode/length,500.0
419994,episode/return,309.82501220703125
419994,episode/length,500.0
419995,episode/return,0.2582377791404724
419995,episode/length,500.0
419996,episode/return,408.6437683105469
419996,episode/length,500.0
419997,episode/return,376.7891845703125
419997,episode/length,500.0
419998,episode/return,322.5284423828125
419998,episode/length,500.0
419999,episode/return,291.274658203125
419999,episode/length,500.0
420000,train/consistency_loss_mean,0.0014847969759255648
420000,train/consistency_loss_std,7.01088605580485e-05
420000,train/continue_loss_mean,0.0
420000,train/continue_loss_std,0.0
420000,train/grad_norm_mean,0.3102811793804169
420000,train/grad_norm_std,0.09975524217960552
420000,train/policy_log_std_mean,-0.8367500541404441
420000,train/policy_log_std_std,0.32418482934753046
420000,train/policy_loss_mean,-0.6215799192428589
420000,train/policy_loss_std,0.007129483566060609
420000,train/reward_loss_mean,0.17979431875944138
420000,train/reward_loss_std,0.0051209732186396914
420000,train/total_loss_mean,0.06845964853763581
420000,train/total_loss_std,0.0015190895891464633
420000,train/value_loss_mean,0.20784276686906814
420000,train/value_loss_std,0.004422836580268379
420000,train/value_scale_mean,61.18181416320801
420000,train/value_scale_std,0.20451179349801446
420000,timing/collect_chunk_s,116.53655495774001
420000,timing/train_chunk_s,43.380198762752116
420000,dense_rhs/training_bucket_horizon,8.0
420000,system/heartbeat,1.0
420000,dense_rhs/selected_horizon,6.0
420000,dense_rhs/proposed_horizon,6.0
420000,dense_rhs/phase_id,0.0
420000,dense_rhs/num_active_horizons,29.0
420000,dense_rhs/num_candidate_horizons,3.0
420000,dense_rhs/entropy,3.1479640007019043
420000,dense_rhs/norm_entropy,0.9348641037940979
420000,dense_rhs/best_fitness,0.8786073923110962
420000,dense_rhs/deployment_score_best,0.5959072113037109
420000,dense_rhs/incumbent_deployment_score,6.471935432017517e-09
420000,dense_rhs/proposed_deployment_score,0.5959072113037109
420000,dense_rhs/proposed_transition_cost,0.0
420000,dense_rhs/proposed_switch_probability,0.7230786085128784
420000,dense_rhs/proposed_expected_net_benefit,0.5959072113037109
420000,dense_rhs/transition_cost_best,0.0
420000,dense_rhs/transition_adjusted_score_best,0.5959072113037109
420000,dense_rhs/switch_probability_best,0.7230786085128784
420000,dense_rhs/expected_improvement_best,0.7679057121276855
420000,dense_rhs/expected_loss_best,0.17199848592281342
420000,dense_rhs/expected_net_benefit_best,0.5959072113037109
420000,dense_rhs/return_term_best,1.0
420000,dense_rhs/roughness_term_best,0.9968023300170898
420000,dense_rhs/return_std_term_best,0.5978188514709473
420000,dense_rhs/learner_proxy_term_best,0.9959622621536255
420000,dense_rhs/model_prefix_loss_best,1.045555591583252
420000,dense_rhs/model_probe_prefix_best,0.7205443382263184
420000,dense_rhs/planner_return_best,126.56948852539062
420000,dense_rhs/roughness_best,0.6471831798553467
420000,dense_rhs/robust_return_best,220.26168823242188
420000,timing/query_model_diag_s,0.02303115790709853
420000,timing/query_env_eval_s,17.811927712056786
420000,timing/query_finalize_s,0.0044561102986335754
420000,timing/query_total_s,17.84463548893109
420000,dense_rhs/candidate_5_fitness,0.03162277489900589
420000,dense_rhs/candidate_5_deployment_score,6.471935432017517e-09
420000,dense_rhs/candidate_5_transition_cost,0.0
420000,dense_rhs/candidate_5_transition_adjusted_score,6.471935432017517e-09
420000,dense_rhs/candidate_5_switch_probability,0.5
420000,dense_rhs/candidate_5_expected_net_benefit,0.0
420000,dense_rhs/candidate_5_return,152.082763671875
420000,dense_rhs/candidate_5_return_term,0.28375864028930664
420000,dense_rhs/candidate_5_roughness_term,0.9982465505599976
420000,dense_rhs/candidate_5_return_std_term,0.0
420000,dense_rhs/candidate_5_learner_proxy_term,1.0
420000,dense_rhs/candidate_6_fitness,0.8786073923110962
420000,dense_rhs/candidate_6_deployment_score,0.5959072113037109
420000,dense_rhs/candidate_6_transition_cost,0.0
420000,dense_rhs/candidate_6_transition_adjusted_score,0.5959072113037109
420000,dense_rhs/candidate_6_switch_probability,0.7230786085128784
420000,dense_rhs/candidate_6_expected_net_benefit,0.5959072113037109
420000,dense_rhs/candidate_6_return,220.26168823242188
420000,dense_rhs/candidate_6_return_term,1.0
420000,dense_rhs/candidate_6_roughness_term,0.9968023300170898
420000,dense_rhs/candidate_6_return_std_term,0.5978188514709473
420000,dense_rhs/candidate_6_learner_proxy_term,0.9959622621536255
420000,dense_rhs/candidate_4_fitness,0.7112790942192078
420000,dense_rhs/candidate_4_deployment_score,0.08077740669250488
420000,dense_rhs/candidate_4_transition_cost,0.0
420000,dense_rhs/candidate_4_transition_adjusted_score,0.08077740669250488
420000,dense_rhs/candidate_4_switch_probability,0.7072824835777283
420000,dense_rhs/candidate_4_expected_net_benefit,0.08077739179134369
420000,dense_rhs/candidate_4_return,189.88070678710938
420000,dense_rhs/candidate_4_return_term,0.6808381080627441
420000,dense_rhs/candidate_4_roughness_term,0.9989945292472839
420000,dense_rhs/candidate_4_return_std_term,0.3763148784637451
420000,dense_rhs/candidate_4_learner_proxy_term,0.9991269707679749
420000,dense_rhs/deployment_utility_enabled,0.0
420000,dense_rhs/deployment_utility_override,0.0
420000,dense_rhs/deployment_utility_observations,0.0
420000,dense_rhs/deployment_utility_last_observed_gain,0.0
420000,dense_rhs/previous_horizon,5.0
420000,dense_rhs/training_bucket_horizon,8.0
420000,dense_rhs/best_h,6.0
420000,dense_rhs/prob_best_h,0.001953125
420000,dense_rhs/gauss_mean_best_h,0.4551468789577484
420000,dense_rhs/gauss_post_std_best_h,0.29943180084228516
420000,system/heartbeat,1.0
423992,episode/return,407.6072082519531
423992,episode/length,500.0
423993,episode/return,340.7070617675781
423993,episode/length,500.0
423994,episode/return,443.5836181640625
423994,episode/length,500.0
423995,episode/return,360.9184265136719
423995,episode/length,500.0
423996,episode/return,305.2914123535156
423996,episode/length,500.0
423997,episode/return,336.1824951171875
423997,episode/length,500.0
423998,episode/return,401.5215759277344
423998,episode/length,500.0
423999,episode/return,446.3870849609375
423999,episode/length,500.0
427992,episode/return,313.9048767089844
427992,episode/length,500.0
427993,episode/return,298.1490173339844
427993,episode/length,500.0
427994,episode/return,0.044880211353302
427994,episode/length,500.0
427995,episode/return,407.0024108886719
427995,episode/length,500.0
427996,episode/return,341.2995300292969
427996,episode/length,500.0
427997,episode/return,449.3691711425781
427997,episode/length,500.0
427998,episode/return,393.9788513183594
427998,episode/length,500.0
427999,episode/return,391.89935302734375
427999,episode/length,500.0
430000,train/consistency_loss_mean,0.0012508890495635569
430000,train/consistency_loss_std,5.803431534027575e-05
430000,train/continue_loss_mean,0.0
430000,train/continue_loss_std,0.0
430000,train/grad_norm_mean,0.26364613840579987
430000,train/grad_norm_std,0.08692345113773872
430000,train/policy_log_std_mean,-0.8453217527036314
430000,train/policy_log_std_std,0.3247821556916807
430000,train/policy_loss_mean,-0.538124413394928
430000,train/policy_loss_std,0.006161026008399655
430000,train/reward_loss_mean,0.15247709265947343
430000,train/reward_loss_std,0.0042870667837803305
430000,train/total_loss_mean,0.057910154512524604
430000,train/total_loss_std,0.0012568175672316346
430000,train/value_loss_mean,0.17644663566350938
430000,train/value_loss_std,0.0036537973429924975
430000,train/value_scale_mean,61.06661888122559
430000,train/value_scale_std,0.2255661650825832
430000,timing/collect_chunk_s,108.29467900842428
430000,timing/train_chunk_s,43.430676479358226
430000,dense_rhs/training_bucket_horizon,8.0
430000,system/heartbeat,1.0
431992,episode/return,0.31349170207977295
431992,episode/length,500.0
431993,episode/return,444.4753723144531
431993,episode/length,500.0
431994,episode/return,419.1678466796875
431994,episode/length,500.0
431995,episode/return,412.6881408691406
431995,episode/length,500.0
431996,episode/return,467.26116943359375
431996,episode/length,500.0
431997,episode/return,607.517578125
431997,episode/length,500.0
431998,episode/return,448.8702697753906
431998,episode/length,500.0
431999,episode/return,450.3932800292969
431999,episode/length,500.0
435992,episode/return,373.9123229980469
435992,episode/length,500.0
435993,episode/return,500.0751037597656
435993,episode/length,500.0
435994,episode/return,402.7458801269531
435994,episode/length,500.0
435995,episode/return,395.8017272949219
435995,episode/length,500.0
435996,episode/return,323.21038818359375
435996,episode/length,500.0
435997,episode/return,478.59527587890625
435997,episode/length,500.0
435998,episode/return,398.0165710449219
435998,episode/length,500.0
435999,episode/return,351.1283264160156
435999,episode/length,500.0
439992,episode/return,352.6513671875
439992,episode/length,500.0
439993,episode/return,364.49078369140625
439993,episode/length,500.0
439994,episode/return,322.3983154296875
439994,episode/length,500.0
439995,episode/return,442.69287109375
439995,episode/length,500.0
439996,episode/return,288.1828308105469
439996,episode/length,500.0
439997,episode/return,353.35369873046875
439997,episode/length,500.0
439998,episode/return,492.27734375
439998,episode/length,500.0
439999,episode/return,375.6435546875
439999,episode/length,500.0
440000,train/consistency_loss_mean,0.0012480040907859801
440000,train/consistency_loss_std,5.89142488105027e-05
440000,train/continue_loss_mean,0.0
440000,train/continue_loss_std,0.0
440000,train/grad_norm_mean,0.26250769659280776
440000,train/grad_norm_std,0.08807820689961032
440000,train/policy_log_std_mean,-0.8522212708649812
440000,train/policy_log_std_std,0.32842348734109644
440000,train/policy_loss_mean,-0.539828938627243
440000,train/policy_loss_std,0.006497180442816844
440000,train/reward_loss_mean,0.15253196151256562
440000,train/reward_loss_std,0.004272312186525438
440000,train/total_loss_mean,0.057775287899374965
440000,train/total_loss_std,0.0012776253519197914
440000,train/value_loss_mean,0.17562009505033493
440000,train/value_loss_std,0.003654312179547977
440000,train/value_scale_mean,60.70666008911133
440000,train/value_scale_std,0.34924489541389314
440000,timing/collect_chunk_s,106.24197214562446
440000,timing/train_chunk_s,43.3648645170033
440000,dense_rhs/training_bucket_horizon,8.0
440000,system/heartbeat,1.0
443992,episode/return,449.168701171875
443992,episode/length,500.0
443993,episode/return,352.0805358886719
443993,episode/length,500.0
443994,episode/return,464.32684326171875
443994,episode/length,500.0
443995,episode/return,351.6826171875
443995,episode/length,500.0
443996,episode/return,415.3355712890625
443996,episode/length,500.0
443997,episode/return,413.3773498535156
443997,episode/length,500.0
443998,episode/return,510.2216796875
443998,episode/length,500.0
443999,episode/return,276.62457275390625
443999,episode/length,500.0
447992,episode/return,468.30218505859375
447992,episode/length,500.0
447993,episode/return,395.3337707519531
447993,episode/length,500.0
447994,episode/return,413.3775329589844
447994,episode/length,500.0
447995,episode/return,331.7829284667969
447995,episode/length,500.0
447996,episode/return,419.67083740234375
447996,episode/length,500.0
447997,episode/return,453.7773742675781
447997,episode/length,500.0
447998,episode/return,351.7431945800781
447998,episode/length,500.0
447999,episode/return,421.4110107421875
447999,episode/length,500.0
450000,train/consistency_loss_mean,0.0012443445617333054
450000,train/consistency_loss_std,5.877959155459474e-05
450000,train/continue_loss_mean,0.0
450000,train/continue_loss_std,0.0
450000,train/grad_norm_mean,0.2616180005550385
450000,train/grad_norm_std,0.08760487645478263
450000,train/policy_log_std_mean,-0.8603268966109664
450000,train/policy_log_std_std,0.3345442870029539
450000,train/policy_loss_mean,-0.5386563657283783
450000,train/policy_loss_std,0.00645386928406733
450000,train/reward_loss_mean,0.15256064586639403
450000,train/reward_loss_std,0.004320689950380116
450000,train/total_loss_mean,0.057631239673495295
450000,train/total_loss_std,0.0012824938386757697
450000,train/value_loss_mean,0.17488282573223113
450000,train/value_loss_std,0.0037481631471441047
450000,train/value_scale_mean,60.41821925354004
450000,train/value_scale_std,0.24271616636272006
450000,timing/collect_chunk_s,116.10093686217442
450000,timing/train_chunk_s,43.376138668973
450000,dense_rhs/training_bucket_horizon,8.0
450000,system/heartbeat,1.0
450000,timing/checkpoint_blocking_s,0.556399832945317
450000,eval/return_mean,460.8590393066406
450000,eval/return_std,58.86732864379883
450000,eval/return_max,571.8535766601562
450000,eval/return_min,338.66802978515625
450000,timing/eval_s,17.327863479033113
450000,eval/selected_horizon,6.0
450000,eval/training_bucket_horizon,8.0
450000,system/heartbeat,1.0
451992,episode/return,458.257080078125
451992,episode/length,500.0
451993,episode/return,384.87005615234375
451993,episode/length,500.0
451994,episode/return,453.2734680175781
451994,episode/length,500.0
451995,episode/return,303.99981689453125
451995,episode/length,500.0
451996,episode/return,352.9757080078125
451996,episode/length,500.0
451997,episode/return,369.7926330566406
451997,episode/length,500.0
451998,episode/return,390.1598815917969
451998,episode/length,500.0
451999,episode/return,428.109375
451999,episode/length,500.0
455992,episode/return,353.6590270996094
455992,episode/length,500.0
455993,episode/return,539.899169921875
455993,episode/length,500.0
455994,episode/return,423.6493835449219
455994,episode/length,500.0
455995,episode/return,442.9680480957031
455995,episode/length,500.0
455996,episode/return,477.701416015625
455996,episode/length,500.0
455997,episode/return,398.1016845703125
455997,episode/length,500.0
455998,episode/return,405.4375915527344
455998,episode/length,500.0
455999,episode/return,362.0394592285156
455999,episode/length,500.0
459992,episode/return,328.6186218261719
459992,episode/length,500.0
459993,episode/return,300.1374816894531
459993,episode/length,500.0
459994,episode/return,422.7692565917969
459994,episode/length,500.0
459995,episode/return,488.0273742675781
459995,episode/length,500.0
459996,episode/return,476.470947265625
459996,episode/length,500.0
459997,episode/return,385.5512390136719
459997,episode/length,500.0
459998,episode/return,457.65380859375
459998,episode/length,500.0
459999,episode/return,470.93341064453125
459999,episode/length,500.0
460000,train/consistency_loss_mean,0.0012413890232332052
460000,train/consistency_loss_std,5.882510567282242e-05
460000,train/continue_loss_mean,0.0
460000,train/continue_loss_std,0.0
460000,train/grad_norm_mean,0.2608544577002525
460000,train/grad_norm_std,0.08638792761532713
460000,train/policy_log_std_mean,-0.8645929967244466
460000,train/policy_log_std_std,0.3353041022705663
460000,train/policy_loss_mean,-0.5347318883895874
460000,train/policy_loss_std,0.006100622543644615
460000,train/reward_loss_mean,0.15267815070152282
460000,train/reward_loss_std,0.004243275218172028
460000,train/total_loss_mean,0.057505723905563355
460000,train/total_loss_std,0.0012955127035958675
460000,train/value_loss_mean,0.17410127252340316
460000,train/value_loss_std,0.0037511949367263994
460000,train/value_scale_mean,60.42042079772949
460000,train/value_scale_std,0.17758701736041793
460000,timing/collect_chunk_s,105.8114998578094
460000,timing/train_chunk_s,43.41697530914098
460000,dense_rhs/training_bucket_horizon,8.0
460000,system/heartbeat,1.0
463992,episode/return,439.5387878417969
463992,episode/length,500.0
463993,episode/return,0.33180344104766846
463993,episode/length,500.0
463994,episode/return,313.66326904296875
463994,episode/length,500.0
463995,episode/return,555.8209838867188
463995,episode/length,500.0
463996,episode/return,416.508544921875
463996,episode/length,500.0
463997,episode/return,467.0044860839844
463997,episode/length,500.0
463998,episode/return,0.2032286524772644
463998,episode/length,500.0
463999,episode/return,386.2998046875
463999,episode/length,500.0
467992,episode/return,442.1340637207031
467992,episode/length,500.0
467993,episode/return,368.6426696777344
467993,episode/length,500.0
467994,episode/return,378.99407958984375
467994,episode/length,500.0
467995,episode/return,412.8096923828125
467995,episode/length,500.0
467996,episode/return,390.9947204589844
467996,episode/length,500.0
467997,episode/return,328.6737365722656
467997,episode/length,500.0
467998,episode/return,360.070556640625
467998,episode/length,500.0
467999,episode/return,426.51361083984375
467999,episode/length,500.0
470000,train/consistency_loss_mean,0.0012353096970357002
470000,train/consistency_loss_std,5.966568456455363e-05
470000,train/continue_loss_mean,0.0
470000,train/continue_loss_std,0.0
470000,train/grad_norm_mean,0.259956904232502
470000,train/grad_norm_std,0.085528551527625
470000,train/policy_log_std_mean,-0.8675204785947447
470000,train/policy_log_std_std,0.33714399215781776
470000,train/policy_loss_mean,-0.5345677454471588
470000,train/policy_loss_std,0.006334050726062685
470000,train/reward_loss_mean,0.15259661647081374
470000,train/reward_loss_std,0.004306045055148901
470000,train/total_loss_mean,0.057345045074820515
470000,train/total_loss_std,0.001319866701240526
470000,train/value_loss_mean,0.17379188117980957
470000,train/value_loss_std,0.0037260785554811856
470000,train/value_scale_mean,60.34262600708008
470000,train/value_scale_std,0.29792552179702114
470000,timing/collect_chunk_s,104.64620964881033
470000,timing/train_chunk_s,43.33201400376856
470000,dense_rhs/training_bucket_horizon,8.0
470000,system/heartbeat,1.0
470000,dense_rhs/selected_horizon,7.0
470000,dense_rhs/proposed_horizon,7.0
470000,dense_rhs/phase_id,0.0
470000,dense_rhs/num_active_horizons,29.0
470000,dense_rhs/num_candidate_horizons,3.0
470000,dense_rhs/entropy,3.0710573196411133
470000,dense_rhs/norm_entropy,0.9120248556137085
470000,dense_rhs/best_fitness,0.7905508875846863
470000,dense_rhs/deployment_score_best,0.39058732986450195
470000,dense_rhs/incumbent_deployment_score,6.192067303345539e-08
470000,dense_rhs/proposed_deployment_score,0.39058732986450195
470000,dense_rhs/proposed_transition_cost,0.0
470000,dense_rhs/proposed_switch_probability,0.6458622813224792
470000,dense_rhs/proposed_expected_net_benefit,0.3905872702598572
470000,dense_rhs/transition_cost_best,0.0
470000,dense_rhs/transition_adjusted_score_best,0.39058732986450195
470000,dense_rhs/switch_probability_best,0.6458622813224792
470000,dense_rhs/expected_improvement_best,0.6405532956123352
470000,dense_rhs/expected_loss_best,0.24996604025363922
470000,dense_rhs/expected_net_benefit_best,0.3905872702598572
470000,dense_rhs/return_term_best,1.0
470000,dense_rhs/roughness_term_best,0.9982829689979553
470000,dense_rhs/return_std_term_best,0.3912591338157654
470000,dense_rhs/learner_proxy_term_best,0.9838696718215942
470000,dense_rhs/model_prefix_loss_best,1.2217774391174316
470000,dense_rhs/model_probe_prefix_best,0.8447933793067932
470000,dense_rhs/planner_return_best,124.3196792602539
470000,dense_rhs/roughness_best,1.112986445426941
470000,dense_rhs/robust_return_best,197.8856964111328
470000,timing/query_model_diag_s,0.022105365991592407
470000,timing/query_env_eval_s,17.85386877693236
470000,timing/query_finalize_s,0.003729419782757759
470000,timing/query_total_s,17.88441326096654
470000,dense_rhs/candidate_6_fitness,0.03162277489900589
470000,dense_rhs/candidate_6_deployment_score,6.192067303345539e-08
470000,dense_rhs/candidate_6_transition_cost,0.0
470000,dense_rhs/candidate_6_transition_adjusted_score,6.192067303345539e-08
470000,dense_rhs/candidate_6_switch_probability,0.5
470000,dense_rhs/candidate_6_expected_net_benefit,0.0
470000,dense_rhs/candidate_6_return,159.8017120361328
470000,dense_rhs/candidate_6_return_term,0.4990309178829193
470000,dense_rhs/candidate_6_roughness_term,0.9984489679336548
470000,dense_rhs/candidate_6_return_std_term,0.0
470000,dense_rhs/candidate_6_learner_proxy_term,0.9925500750541687
470000,dense_rhs/candidate_7_fitness,0.7905508875846863
470000,dense_rhs/candidate_7_deployment_score,0.39058732986450195
470000,dense_rhs/candidate_7_transition_cost,0.0
470000,dense_rhs/candidate_7_transition_adjusted_score,0.39058732986450195
470000,dense_rhs/candidate_7_switch_probability,0.6458622813224792
470000,dense_rhs/candidate_7_expected_net_benefit,0.3905872702598572
470000,dense_rhs/candidate_7_return,197.8856964111328
470000,dense_rhs/candidate_7_return_term,1.0
470000,dense_rhs/candidate_7_roughness_term,0.9982829689979553
470000,dense_rhs/candidate_7_return_std_term,0.3912591338157654
470000,dense_rhs/candidate_7_learner_proxy_term,0.9838696718215942
470000,dense_rhs/candidate_5_fitness,0.30076536536216736
470000,dense_rhs/candidate_5_deployment_score,0.002268504351377487
470000,dense_rhs/candidate_5_transition_cost,0.0
470000,dense_rhs/candidate_5_transition_adjusted_score,0.002268504351377487
470000,dense_rhs/candidate_5_switch_probability,0.5028188228607178
470000,dense_rhs/candidate_5_expected_net_benefit,0.0022684335708618164
470000,dense_rhs/candidate_5_return,171.435791015625
470000,dense_rhs/candidate_5_return_term,0.6520693898200989
470000,dense_rhs/candidate_5_roughness_term,0.9986649751663208
470000,dense_rhs/candidate_5_return_std_term,0.012564480304718018
470000,dense_rhs/candidate_5_learner_proxy_term,0.9996074438095093
470000,dense_rhs/deployment_utility_enabled,0.0
470000,dense_rhs/deployment_utility_override,0.0
470000,dense_rhs/deployment_utility_observations,0.0
470000,dense_rhs/deployment_utility_last_observed_gain,0.0
470000,dense_rhs/previous_horizon,6.0
470000,dense_rhs/training_bucket_horizon,8.0
470000,dense_rhs/best_h,7.0
470000,dense_rhs/prob_best_h,0.15625
470000,dense_rhs/gauss_mean_best_h,0.7905508875846863
470000,dense_rhs/gauss_post_std_best_h,1.0
470000,system/heartbeat,1.0
471992,episode/return,454.3851013183594
471992,episode/length,500.0
471993,episode/return,378.77294921875
471993,episode/length,500.0
471994,episode/return,411.7479248046875
471994,episode/length,500.0
471995,episode/return,446.19183349609375
471995,episode/length,500.0
471996,episode/return,362.1127624511719
471996,episode/length,500.0
471997,episode/return,391.22894287109375
471997,episode/length,500.0
471998,episode/return,376.7718811035156
471998,episode/length,500.0
471999,episode/return,397.9500427246094
471999,episode/length,500.0
475992,episode/return,260.5498352050781
475992,episode/length,500.0
475993,episode/return,429.8511962890625
475993,episode/length,500.0
475994,episode/return,560.9266967773438
475994,episode/length,500.0
475995,episode/return,349.5680847167969
475995,episode/length,500.0
475996,episode/return,364.4813232421875
475996,episode/length,500.0
475997,episode/return,449.9451599121094
475997,episode/length,500.0
475998,episode/return,384.5611267089844
475998,episode/length,500.0
475999,episode/return,353.56402587890625
475999,episode/length,500.0
479992,episode/return,392.65899658203125
479992,episode/length,500.0
479993,episode/return,506.73028564453125
479993,episode/length,500.0
479994,episode/return,379.6993103027344
479994,episode/length,500.0
479995,episode/return,394.4327087402344
479995,episode/length,500.0
479996,episode/return,529.739990234375
479996,episode/length,500.0
479997,episode/return,486.26959228515625
479997,episode/length,500.0
479998,episode/return,511.3072204589844
479998,episode/length,500.0
479999,episode/return,480.82427978515625
479999,episode/length,500.0
480000,train/consistency_loss_mean,0.0010622437835671008
480000,train/consistency_loss_std,4.9731026709116624e-05
480000,train/continue_loss_mean,0.0
480000,train/continue_loss_std,0.0
480000,train/grad_norm_mean,0.22290306413173674
480000,train/grad_norm_std,0.07259561600252938
480000,train/policy_log_std_mean,-0.8782558945832429
480000,train/policy_log_std_std,0.34772932997033346
480000,train/policy_loss_mean,-0.47142947001457214
480000,train/policy_loss_std,0.0054058045247504976
480000,train/reward_loss_mean,0.13201756439208984
480000,train/reward_loss_std,0.0036935428527161136
480000,train/total_loss_mean,0.04941078779995441
480000,train/total_loss_std,0.0011130920882337384
480000,train/value_loss_mean,0.14964154577255248
480000,train/value_loss_std,0.0032496160869706927
480000,train/value_scale_mean,59.98752911071777
480000,train/value_scale_std,0.26602253224632694
480000,timing/collect_chunk_s,113.87044783914462
480000,timing/train_chunk_s,43.38028062926605
480000,dense_rhs/training_bucket_horizon,8.0
480000,system/heartbeat,1.0
483992,episode/return,417.06048583984375
483992,episode/length,500.0
483993,episode/return,502.5859375
483993,episode/length,500.0
483994,episode/return,407.2935485839844
483994,episode/length,500.0
483995,episode/return,385.3902587890625
483995,episode/length,500.0
483996,episode/return,510.9561462402344
483996,episode/length,500.0
483997,episode/return,347.365966796875
483997,episode/length,500.0
483998,episode/return,373.176025390625
483998,episode/length,500.0
483999,episode/return,358.7632141113281
483999,episode/length,500.0
487992,episode/return,482.5896911621094
487992,episode/length,500.0
487993,episode/return,524.2592163085938
487993,episode/length,500.0
487994,episode/return,504.2440185546875
487994,episode/length,500.0
487995,episode/return,388.54876708984375
487995,episode/length,500.0
487996,episode/return,348.13800048828125
487996,episode/length,500.0
487997,episode/return,415.57513427734375
487997,episode/length,500.0
487998,episode/return,331.9433288574219
487998,episode/length,500.0
487999,episode/return,382.2959899902344
487999,episode/length,500.0
490000,train/consistency_loss_mean,0.001057440594304353
490000,train/consistency_loss_std,5.045613963292426e-05
490000,train/continue_loss_mean,0.0
490000,train/continue_loss_std,0.0
490000,train/grad_norm_mean,0.2223261663198471
490000,train/grad_norm_std,0.07178895534615644
490000,train/policy_log_std_mean,-0.8778899841308594
490000,train/policy_log_std_std,0.3487961329438674
490000,train/policy_loss_mean,-0.4679708073616028
490000,train/policy_loss_std,0.005836823675678442
490000,train/reward_loss_mean,0.13215360286235808
490000,train/reward_loss_std,0.0036363084806404124
490000,train/total_loss_mean,0.04925701968073845
490000,train/total_loss_std,0.0011199173743211134
490000,train/value_loss_mean,0.14892846590280534
490000,train/value_loss_std,0.003219844371469311
490000,train/value_scale_mean,60.24878034362793
490000,train/value_scale_std,0.27037791079909457
490000,timing/collect_chunk_s,104.1405755369924
490000,timing/train_chunk_s,43.332550989463925
490000,dense_rhs/training_bucket_horizon,8.0
490000,system/heartbeat,1.0
491992,episode/return,406.7682189941406
491992,episode/length,500.0
491993,episode/return,343.2277526855469
491993,episode/length,500.0
491994,episode/return,465.0918884277344
491994,episode/length,500.0
491995,episode/return,372.51568603515625
491995,episode/length,500.0
491996,episode/return,487.1119384765625
491996,episode/length,500.0
491997,episode/return,362.8607177734375
491997,episode/length,500.0
491998,episode/return,351.103515625
491998,episode/length,500.0
491999,episode/return,351.7523498535156
491999,episode/length,500.0
495992,episode/return,326.2206726074219
495992,episode/length,500.0
495993,episode/return,441.0978088378906
495993,episode/length,500.0
495994,episode/return,362.2946472167969
495994,episode/length,500.0
495995,episode/return,325.43511962890625
495995,episode/length,500.0
495996,episode/return,368.0578918457031
495996,episode/length,500.0
495997,episode/return,390.7361145019531
495997,episode/length,500.0
495998,episode/return,421.98199462890625
495998,episode/length,500.0
495999,episode/return,360.55670166015625
495999,episode/length,500.0
499992,episode/return,426.1894836425781
499992,episode/length,500.0
499993,episode/return,457.0594787597656
499993,episode/length,500.0
499994,episode/return,447.6094970703125
499994,episode/length,500.0
499995,episode/return,432.4597473144531
499995,episode/length,500.0
499996,episode/return,446.3944396972656
499996,episode/length,500.0
499997,episode/return,377.0323181152344
499997,episode/length,500.0
499998,episode/return,399.0144958496094
499998,episode/length,500.0
499999,episode/return,567.5992431640625
499999,episode/length,500.0
500000,train/consistency_loss_mean,0.001055037782061845
500000,train/consistency_loss_std,5.1013772961821686e-05
500000,train/continue_loss_mean,0.0
500000,train/continue_loss_std,0.0
500000,train/grad_norm_mean,0.2231853992819786
500000,train/grad_norm_std,0.07464127356189242
500000,train/policy_log_std_mean,-0.8834291902330187
500000,train/policy_log_std_std,0.3542098386542811
500000,train/policy_loss_mean,-0.4631249323129654
500000,train/policy_loss_std,0.006035424134183015
500000,train/reward_loss_mean,0.13229145148992538
500000,train/reward_loss_std,0.0036563086240174385
500000,train/total_loss_mean,0.04913546281158924
500000,train/total_loss_std,0.0011446176406105502
500000,train/value_loss_mean,0.14805561460256578
500000,train/value_loss_std,0.0033011251610269824
500000,train/value_scale_mean,60.22031269836426
500000,train/value_scale_std,0.29939365073994695
500000,timing/collect_chunk_s,105.98335377080366
500000,timing/train_chunk_s,43.35970237618312
500000,dense_rhs/training_bucket_horizon,8.0
500000,system/heartbeat,1.0
500000,timing/checkpoint_blocking_s,0.5672576269134879
500000,eval/return_mean,439.66552734375
500000,eval/return_std,67.92627716064453
500000,eval/return_max,659.2547607421875
500000,eval/return_min,330.487060546875
500000,timing/eval_s,17.29981624474749
500000,eval/selected_horizon,7.0
500000,eval/training_bucket_horizon,8.0
500000,system/heartbeat,1.0
