step,tag,value
0,timing/prewarm_dense_rhs_s,220.91659043263644
0,system/heartbeat,1.0
3992,episode/return,0.0
3992,episode/length,500.0
3993,episode/return,0.0
3993,episode/length,500.0
3994,episode/return,0.0
3994,episode/length,500.0
3995,episode/return,4.0
3995,episode/length,500.0
3996,episode/return,0.0
3996,episode/length,500.0
3997,episode/return,0.0
3997,episode/length,500.0
3998,episode/return,0.0
3998,episode/length,500.0
3999,episode/return,0.0
3999,episode/length,500.0
4000,seed_pretrain/updates_completed,512.0
4000,timing/collect_chunk_s,50.91719015222043
4000,timing/train_chunk_s,234.8255773638375
4000,system/heartbeat,1.0
4000,seed_pretrain/updates_completed,1024.0
4000,timing/collect_chunk_s,50.91719015222043
4000,timing/train_chunk_s,235.9042998244986
4000,system/heartbeat,1.0
4000,seed_pretrain/updates_completed,1536.0
4000,timing/collect_chunk_s,50.91719015222043
4000,timing/train_chunk_s,236.9832573016174
4000,system/heartbeat,1.0
4000,seed_pretrain/updates_completed,2048.0
4000,timing/collect_chunk_s,50.91719015222043
4000,timing/train_chunk_s,238.06353760510683
4000,system/heartbeat,1.0
4000,seed_pretrain/updates_completed,2560.0
4000,timing/collect_chunk_s,50.91719015222043
4000,timing/train_chunk_s,239.1445572860539
4000,system/heartbeat,1.0
4000,seed_pretrain/updates_completed,3072.0
4000,timing/collect_chunk_s,50.91719015222043
4000,timing/train_chunk_s,240.2245256518945
4000,system/heartbeat,1.0
4000,seed_pretrain/updates_completed,3584.0
4000,timing/collect_chunk_s,50.91719015222043
4000,timing/train_chunk_s,241.30486321263015
4000,system/heartbeat,1.0
7992,episode/return,769.0
7992,episode/length,500.0
7993,episode/return,0.0
7993,episode/length,500.0
7994,episode/return,0.0
7994,episode/length,500.0
7995,episode/return,0.0
7995,episode/length,500.0
7996,episode/return,0.0
7996,episode/length,500.0
7997,episode/return,635.0
7997,episode/length,500.0
7998,episode/return,0.0
7998,episode/length,500.0
7999,episode/return,4.0
7999,episode/length,500.0
10000,train/consistency_loss_mean,0.002094825254473835
10000,train/consistency_loss_std,0.0005640502066530417
10000,train/continue_loss_mean,0.0
10000,train/continue_loss_std,0.0
10000,train/grad_norm_mean,0.641701690196991
10000,train/grad_norm_std,0.2613468774775476
10000,train/policy_log_std_mean,-0.26680450992584226
10000,train/policy_log_std_std,0.49403719149585146
10000,train/policy_loss_mean,-0.054414190185815094
10000,train/policy_loss_std,0.03843639563737854
10000,train/reward_loss_mean,0.022303860625904053
10000,train/reward_loss_std,0.08721127118565258
10000,train/total_loss_mean,0.06296547381281853
10000,train/total_loss_std,0.025933154155583598
10000,train/value_loss_mean,0.1883858165383339
10000,train/value_loss_std,0.10473853495122058
10000,train/value_scale_mean,17.795128457641603
10000,train/value_scale_std,21.507134941093344
10000,timing/collect_chunk_s,261.573664882686
10000,timing/train_chunk_s,302.13829470798373
10000,dense_rhs/training_bucket_horizon,3.0
10000,system/heartbeat,1.0
11992,episode/return,988.0
11992,episode/length,500.0
11993,episode/return,0.0
11993,episode/length,500.0
11994,episode/return,0.0
11994,episode/length,500.0
11995,episode/return,0.0
11995,episode/length,500.0
11996,episode/return,0.0
11996,episode/length,500.0
11997,episode/return,91.0
11997,episode/length,500.0
11998,episode/return,0.0
11998,episode/length,500.0
11999,episode/return,5.0
11999,episode/length,500.0
15992,episode/return,286.0
15992,episode/length,500.0
15993,episode/return,0.0
15993,episode/length,500.0
15994,episode/return,0.0
15994,episode/length,500.0
15995,episode/return,967.0
15995,episode/length,500.0
15996,episode/return,0.0
15996,episode/length,500.0
15997,episode/return,25.0
15997,episode/length,500.0
15998,episode/return,6.0
15998,episode/length,500.0
15999,episode/return,0.0
15999,episode/length,500.0
19992,episode/return,0.0
19992,episode/length,500.0
19993,episode/return,0.0
19993,episode/length,500.0
19994,episode/return,0.0
19994,episode/length,500.0
19995,episode/return,0.0
19995,episode/length,500.0
19996,episode/return,0.0
19996,episode/length,500.0
19997,episode/return,0.0
19997,episode/length,500.0
19998,episode/return,0.0
19998,episode/length,500.0
19999,episode/return,0.0
19999,episode/length,500.0
20000,train/consistency_loss_mean,0.002094628808647394
20000,train/consistency_loss_std,0.0001200228517180444
20000,train/continue_loss_mean,0.0
20000,train/continue_loss_std,0.0
20000,train/grad_norm_mean,0.8059763442993164
20000,train/grad_norm_std,0.1146033246412948
20000,train/policy_log_std_mean,-0.3279123916268349
20000,train/policy_log_std_std,0.3627132930889598
20000,train/policy_loss_mean,-0.08957430737018585
20000,train/policy_loss_std,0.010744794011864683
20000,train/reward_loss_mean,0.0439434908747673
20000,train/reward_loss_std,0.008632198343286688
20000,train/total_loss_mean,0.07415647917985917
20000,train/total_loss_std,0.003690575261360612
20000,train/value_loss_mean,0.27869552619457244
20000,train/value_loss_std,0.021527649242529943
20000,train/value_scale_mean,113.12142133789062
20000,train/value_scale_std,23.752709321684204
20000,timing/collect_chunk_s,100.54341935319826
20000,timing/train_chunk_s,20.585595421027392
20000,dense_rhs/training_bucket_horizon,3.0
20000,system/heartbeat,1.0
23992,episode/return,766.0
23992,episode/length,500.0
23993,episode/return,0.0
23993,episode/length,500.0
23994,episode/return,587.0
23994,episode/length,500.0
23995,episode/return,0.0
23995,episode/length,500.0
23996,episode/return,0.0
23996,episode/length,500.0
23997,episode/return,9.0
23997,episode/length,500.0
23998,episode/return,0.0
23998,episode/length,500.0
23999,episode/return,0.0
23999,episode/length,500.0
27992,episode/return,459.0
27992,episode/length,500.0
27993,episode/return,22.0
27993,episode/length,500.0
27994,episode/return,0.0
27994,episode/length,500.0
27995,episode/return,61.0
27995,episode/length,500.0
27996,episode/return,0.0
27996,episode/length,500.0
27997,episode/return,0.0
27997,episode/length,500.0
27998,episode/return,986.0
27998,episode/length,500.0
27999,episode/return,0.0
27999,episode/length,500.0
30000,train/consistency_loss_mean,0.00236585209723562
30000,train/consistency_loss_std,0.00018119566825090485
30000,train/continue_loss_mean,0.0
30000,train/continue_loss_std,0.0
30000,train/grad_norm_mean,0.8609097013950348
30000,train/grad_norm_std,0.12759782979033454
30000,train/policy_log_std_mean,-0.3176758905172348
30000,train/policy_log_std_std,0.32861105800955276
30000,train/policy_loss_mean,-0.09841244540810586
30000,train/policy_loss_std,0.012605366016858261
30000,train/reward_loss_mean,0.04499886092245579
30000,train/reward_loss_std,0.009060310070133392
30000,train/total_loss_mean,0.07743919064998626
30000,train/total_loss_std,0.00383671184497795
30000,train/value_loss_mean,0.25622262307405475
30000,train/value_loss_std,0.019262287297894257
30000,train/value_scale_mean,164.86955850830077
30000,train/value_scale_std,8.602463805677411
30000,timing/collect_chunk_s,99.6484319427982
30000,timing/train_chunk_s,20.606519681867212
30000,dense_rhs/training_bucket_horizon,3.0
30000,system/heartbeat,1.0
31992,episode/return,0.0
31992,episode/length,500.0
31993,episode/return,20.0
31993,episode/length,500.0
31994,episode/return,0.0
31994,episode/length,500.0
31995,episode/return,0.0
31995,episode/length,500.0
31996,episode/return,0.0
31996,episode/length,500.0
31997,episode/return,0.0
31997,episode/length,500.0
31998,episode/return,0.0
31998,episode/length,500.0
31999,episode/return,0.0
31999,episode/length,500.0
35992,episode/return,19.0
35992,episode/length,500.0
35993,episode/return,0.0
35993,episode/length,500.0
35994,episode/return,0.0
35994,episode/length,500.0
35995,episode/return,0.0
35995,episode/length,500.0
35996,episode/return,18.0
35996,episode/length,500.0
35997,episode/return,831.0
35997,episode/length,500.0
35998,episode/return,0.0
35998,episode/length,500.0
35999,episode/return,0.0
35999,episode/length,500.0
39992,episode/return,292.0
39992,episode/length,500.0
39993,episode/return,751.0
39993,episode/length,500.0
39994,episode/return,287.0
39994,episode/length,500.0
39995,episode/return,16.0
39995,episode/length,500.0
39996,episode/return,18.0
39996,episode/length,500.0
39997,episode/return,191.0
39997,episode/length,500.0
39998,episode/return,0.0
39998,episode/length,500.0
39999,episode/return,0.0
39999,episode/length,500.0
40000,train/consistency_loss_mean,0.002710862239636481
40000,train/consistency_loss_std,0.0001392053054133784
40000,train/continue_loss_mean,0.0
40000,train/continue_loss_std,0.0
40000,train/grad_norm_mean,0.9545683532714844
40000,train/grad_norm_std,0.1455781510415602
40000,train/policy_log_std_mean,-0.32714434366226197
40000,train/policy_log_std_std,0.3178640280244517
40000,train/policy_loss_mean,-0.10303831821084022
40000,train/policy_loss_std,0.010861188455449271
40000,train/reward_loss_mean,0.04618424943685532
40000,train/reward_loss_std,0.008892133999293837
40000,train/total_loss_mean,0.0846220074057579
40000,train/total_loss_std,0.004493524526234675
40000,train/value_loss_mean,0.25786337296962736
40000,train/value_loss_std,0.026841031315240765
40000,train/value_scale_mean,178.5313103515625
40000,train/value_scale_std,1.12060911074046
40000,timing/collect_chunk_s,99.56692355405539
40000,timing/train_chunk_s,20.538906291592866
40000,dense_rhs/training_bucket_horizon,3.0
40000,system/heartbeat,1.0
43992,episode/return,0.0
43992,episode/length,500.0
43993,episode/return,0.0
43993,episode/length,500.0
43994,episode/return,0.0
43994,episode/length,500.0
43995,episode/return,0.0
43995,episode/length,500.0
43996,episode/return,0.0
43996,episode/length,500.0
43997,episode/return,0.0
43997,episode/length,500.0
43998,episode/return,0.0
43998,episode/length,500.0
43999,episode/return,0.0
43999,episode/length,500.0
47992,episode/return,45.0
47992,episode/length,500.0
47993,episode/return,127.0
47993,episode/length,500.0
47994,episode/return,0.0
47994,episode/length,500.0
47995,episode/return,0.0
47995,episode/length,500.0
47996,episode/return,379.0
47996,episode/length,500.0
47997,episode/return,0.0
47997,episode/length,500.0
47998,episode/return,0.0
47998,episode/length,500.0
47999,episode/return,12.0
47999,episode/length,500.0
50000,train/consistency_loss_mean,0.0026811972089111806
50000,train/consistency_loss_std,0.00012938420856916427
50000,train/continue_loss_mean,0.0
50000,train/continue_loss_std,0.0
50000,train/grad_norm_mean,1.0079970289707183
50000,train/grad_norm_std,0.170047067472191
50000,train/policy_log_std_mean,-0.3921394499540329
50000,train/policy_log_std_std,0.3473615435053802
50000,train/policy_loss_mean,-0.10679561811685562
50000,train/policy_loss_std,0.010046135010179135
50000,train/reward_loss_mean,0.04429005368947983
50000,train/reward_loss_std,0.008754994794344027
50000,train/total_loss_mean,0.09093577462434768
50000,train/total_loss_std,0.004160775138994734
50000,train/value_loss_mean,0.328828239440918
50000,train/value_loss_std,0.02861402001559778
50000,train/value_scale_mean,170.609092578125
50000,train/value_scale_std,3.413257468134364
50000,timing/collect_chunk_s,100.29434152878821
50000,timing/train_chunk_s,20.582735396921635
50000,dense_rhs/training_bucket_horizon,3.0
50000,system/heartbeat,1.0
50000,timing/checkpoint_blocking_s,0.43612007331103086
50000,eval/return_mean,136.5
50000,eval/return_std,325.526123046875
50000,eval/return_max,1000.0
50000,eval/return_min,0.0
50000,dense_rhs/deployment_utility_last_observed_gain,0.0
50000,dense_rhs/deployment_utility_observations,0.0
50000,timing/eval_s,97.36109908483922
50000,eval/selected_horizon,3.0
50000,eval/training_bucket_horizon,3.0
50000,system/heartbeat,1.0
51992,episode/return,0.0
51992,episode/length,500.0
51993,episode/return,0.0
51993,episode/length,500.0
51994,episode/return,668.0
51994,episode/length,500.0
51995,episode/return,699.0
51995,episode/length,500.0
51996,episode/return,0.0
51996,episode/length,500.0
51997,episode/return,0.0
51997,episode/length,500.0
51998,episode/return,0.0
51998,episode/length,500.0
51999,episode/return,0.0
51999,episode/length,500.0
55992,episode/return,63.0
55992,episode/length,500.0
55993,episode/return,0.0
55993,episode/length,500.0
55994,episode/return,957.0
55994,episode/length,500.0
55995,episode/return,1000.0
55995,episode/length,500.0
55996,episode/return,0.0
55996,episode/length,500.0
55997,episode/return,4.0
55997,episode/length,500.0
55998,episode/return,0.0
55998,episode/length,500.0
55999,episode/return,925.0
55999,episode/length,500.0
59992,episode/return,1000.0
59992,episode/length,500.0
59993,episode/return,766.0
59993,episode/length,500.0
59994,episode/return,971.0
59994,episode/length,500.0
59995,episode/return,0.0
59995,episode/length,500.0
59996,episode/return,952.0
59996,episode/length,500.0
59997,episode/return,981.0
59997,episode/length,500.0
59998,episode/return,0.0
59998,episode/length,500.0
59999,episode/return,980.0
59999,episode/length,500.0
60000,train/consistency_loss_mean,0.002746776136942208
60000,train/consistency_loss_std,0.0001348066445448053
60000,train/continue_loss_mean,0.0
60000,train/continue_loss_std,0.0
60000,train/grad_norm_mean,1.0126625018119813
60000,train/grad_norm_std,0.15605087416299915
60000,train/policy_log_std_mean,-0.414606249499321
60000,train/policy_log_std_std,0.3727002165623793
60000,train/policy_loss_mean,-0.11219358738660812
60000,train/policy_loss_std,0.01325190776836618
60000,train/reward_loss_mean,0.05331496053636074
60000,train/reward_loss_std,0.011812547249063648
60000,train/total_loss_mean,0.09418744583129883
60000,train/total_loss_std,0.0035247934836463604
60000,train/value_loss_mean,0.33920425922870634
60000,train/value_loss_std,0.022107262492544386
60000,train/value_scale_mean,177.6256637939453
60000,train/value_scale_std,3.398719778873922
60000,timing/collect_chunk_s,99.86778390966356
60000,timing/train_chunk_s,20.620771375950426
60000,dense_rhs/training_bucket_horizon,3.0
60000,system/heartbeat,1.0
63992,episode/return,0.0
63992,episode/length,500.0
63993,episode/return,0.0
63993,episode/length,500.0
63994,episode/return,788.0
63994,episode/length,500.0
63995,episode/return,48.0
63995,episode/length,500.0
63996,episode/return,965.0
63996,episode/length,500.0
63997,episode/return,346.0
63997,episode/length,500.0
63998,episode/return,975.0
63998,episode/length,500.0
63999,episode/return,0.0
63999,episode/length,500.0
67992,episode/return,0.0
67992,episode/length,500.0
67993,episode/return,146.0
67993,episode/length,500.0
67994,episode/return,860.0
67994,episode/length,500.0
67995,episode/return,954.0
67995,episode/length,500.0
67996,episode/return,0.0
67996,episode/length,500.0
67997,episode/return,0.0
67997,episode/length,500.0
67998,episode/return,913.0
67998,episode/length,500.0
67999,episode/return,0.0
67999,episode/length,500.0
70000,train/consistency_loss_mean,0.0028864526316523553
70000,train/consistency_loss_std,0.00014870191745487466
70000,train/continue_loss_mean,0.0
70000,train/continue_loss_std,0.0
70000,train/grad_norm_mean,1.0021944537639618
70000,train/grad_norm_std,0.15078723258769797
70000,train/policy_log_std_mean,-0.4421201832532883
70000,train/policy_log_std_std,0.37190538494867986
70000,train/policy_loss_mean,-0.13808152240514754
70000,train/policy_loss_std,0.011547293205734456
70000,train/reward_loss_mean,0.07470122298002244
70000,train/reward_loss_std,0.010889796284013476
70000,train/total_loss_mean,0.09603224135637284
70000,train/total_loss_std,0.003796244338127245
70000,train/value_loss_mean,0.3083306518316269
70000,train/value_loss_std,0.018501981250797637
70000,train/value_scale_mean,184.6618441040039
70000,train/value_scale_std,1.5309834204047401
70000,timing/collect_chunk_s,98.946283233352
70000,timing/train_chunk_s,20.531524326186627
70000,dense_rhs/training_bucket_horizon,3.0
70000,system/heartbeat,1.0
70000,dense_rhs/selected_horizon,4.0
70000,dense_rhs/proposed_horizon,4.0
70000,dense_rhs/phase_id,0.0
70000,dense_rhs/num_active_horizons,7.0
70000,dense_rhs/num_candidate_horizons,3.0
70000,dense_rhs/entropy,1.7885688543319702
70000,dense_rhs/norm_entropy,0.9191425442695618
70000,dense_rhs/best_fitness,0.8099565505981445
70000,dense_rhs/deployment_score_best,0.05367239937186241
70000,dense_rhs/incumbent_deployment_score,5.333260657675088e-31
70000,dense_rhs/proposed_deployment_score,0.05367239937186241
70000,dense_rhs/proposed_transition_cost,0.02489825338125229
70000,dense_rhs/proposed_switch_probability,0.5081164836883545
70000,dense_rhs/proposed_expected_net_benefit,0.028774142265319824
70000,dense_rhs/transition_cost_best,0.02489825338125229
70000,dense_rhs/transition_adjusted_score_best,0.028774145990610123
70000,dense_rhs/switch_probability_best,0.5081164836883545
70000,dense_rhs/expected_improvement_best,0.5786934494972229
70000,dense_rhs/expected_loss_best,0.5499193072319031
70000,dense_rhs/expected_net_benefit_best,0.028774142265319824
70000,dense_rhs/return_term_best,0.5360883474349976
70000,dense_rhs/roughness_term_best,0.9630440473556519
70000,dense_rhs/return_std_term_best,0.8336107730865479
70000,dense_rhs/learner_proxy_term_best,0.809461236000061
70000,dense_rhs/model_prefix_loss_best,0.5998532772064209
70000,dense_rhs/model_probe_prefix_best,0.37251758575439453
70000,dense_rhs/planner_return_best,21.206459045410156
70000,dense_rhs/roughness_best,0.5040324330329895
70000,dense_rhs/robust_return_best,-24.38341522216797
70000,timing/query_model_diag_s,14.638144200202078
70000,timing/query_env_eval_s,28.84606922790408
70000,timing/query_finalize_s,0.7852347148582339
70000,timing/query_total_s,44.46432798774913
70000,dense_rhs/candidate_3_fitness,0.03162277489900589
70000,dense_rhs/candidate_3_deployment_score,5.333260657675088e-31
70000,dense_rhs/candidate_3_transition_cost,0.0
70000,dense_rhs/candidate_3_transition_adjusted_score,5.333260657675088e-31
70000,dense_rhs/candidate_3_switch_probability,0.5
70000,dense_rhs/candidate_3_expected_net_benefit,0.0
70000,dense_rhs/candidate_3_return,-87.52389526367188
70000,dense_rhs/candidate_3_return_term,0.0
70000,dense_rhs/candidate_3_roughness_term,0.9162600636482239
70000,dense_rhs/candidate_3_return_std_term,0.0
70000,dense_rhs/candidate_3_learner_proxy_term,0.5820684432983398
70000,dense_rhs/candidate_2_fitness,0.38875052332878113
70000,dense_rhs/candidate_2_deployment_score,4.161829735005451e-12
70000,dense_rhs/candidate_2_transition_cost,0.03446972742676735
70000,dense_rhs/candidate_2_transition_adjusted_score,-0.03446972742676735
70000,dense_rhs/candidate_2_switch_probability,0.4902772307395935
70000,dense_rhs/candidate_2_expected_net_benefit,-0.03446972370147705
70000,dense_rhs/candidate_2_return,-80.846435546875
70000,dense_rhs/candidate_2_return_term,0.05669435113668442
70000,dense_rhs/candidate_2_roughness_term,1.0
70000,dense_rhs/candidate_2_return_std_term,0.40283310413360596
70000,dense_rhs/candidate_2_learner_proxy_term,5.960464477539063e-08
70000,dense_rhs/candidate_4_fitness,0.8099565505981445
70000,dense_rhs/candidate_4_deployment_score,0.05367239937186241
70000,dense_rhs/candidate_4_transition_cost,0.02489825338125229
70000,dense_rhs/candidate_4_transition_adjusted_score,0.028774145990610123
70000,dense_rhs/candidate_4_switch_probability,0.5081164836883545
70000,dense_rhs/candidate_4_expected_net_benefit,0.028774142265319824
70000,dense_rhs/candidate_4_return,-24.38341522216797
70000,dense_rhs/candidate_4_return_term,0.5360883474349976
70000,dense_rhs/candidate_4_roughness_term,0.9630440473556519
70000,dense_rhs/candidate_4_return_std_term,0.8336107730865479
70000,dense_rhs/candidate_4_learner_proxy_term,0.809461236000061
70000,dense_rhs/deployment_utility_enabled,1.0
70000,dense_rhs/deployment_utility_observations,0.0
70000,dense_rhs/deployment_utility_last_observed_gain,0.0
70000,dense_rhs/candidate_2_expected_eval_gain,0.0
70000,dense_rhs/candidate_2_eval_gain_uncertainty,150.0
70000,dense_rhs/candidate_2_deployment_utility_score,37.500000000775415
70000,dense_rhs/candidate_3_expected_eval_gain,0.0
70000,dense_rhs/candidate_3_eval_gain_uncertainty,150.0
70000,dense_rhs/candidate_3_deployment_utility_score,37.5
70000,dense_rhs/candidate_4_expected_eval_gain,0.0
70000,dense_rhs/candidate_4_eval_gain_uncertainty,150.0
70000,dense_rhs/candidate_4_deployment_utility_score,47.5
70000,dense_rhs/deployment_utility_override,0.0
70000,dense_rhs/deployment_utility_selected_expected_gain,0.0
70000,dense_rhs/deployment_utility_selected_uncertainty,150.0
70000,dense_rhs/deployment_utility_selected_score,47.5
70000,dense_rhs/deployment_utility_proposed_horizon,4.0
70000,dense_rhs/deployment_utility_proposed_expected_gain,0.0
70000,dense_rhs/deployment_utility_proposed_uncertainty,150.0
70000,dense_rhs/deployment_utility_proposed_score,47.5
70000,dense_rhs/previous_horizon,3.0
70000,dense_rhs/training_bucket_horizon,4.0
70000,dense_rhs/best_h,4.0
70000,dense_rhs/prob_best_h,0.326171875
70000,dense_rhs/gauss_mean_best_h,0.8099565505981445
70000,dense_rhs/gauss_post_std_best_h,1.0
70000,system/heartbeat,1.0
71992,episode/return,907.0
71992,episode/length,500.0
71993,episode/return,10.0
71993,episode/length,500.0
71994,episode/return,0.0
71994,episode/length,500.0
71995,episode/return,611.0
71995,episode/length,500.0
71996,episode/return,946.0
71996,episode/length,500.0
71997,episode/return,944.0
71997,episode/length,500.0
71998,episode/return,0.0
71998,episode/length,500.0
71999,episode/return,0.0
71999,episode/length,500.0
75992,episode/return,669.0
75992,episode/length,500.0
75993,episode/return,983.0
75993,episode/length,500.0
75994,episode/return,899.0
75994,episode/length,500.0
75995,episode/return,0.0
75995,episode/length,500.0
75996,episode/return,878.0
75996,episode/length,500.0
75997,episode/return,487.0
75997,episode/length,500.0
75998,episode/return,942.0
75998,episode/length,500.0
75999,episode/return,67.0
75999,episode/length,500.0
79992,episode/return,0.0
79992,episode/length,500.0
79993,episode/return,370.0
79993,episode/length,500.0
79994,episode/return,0.0
79994,episode/length,500.0
79995,episode/return,940.0
79995,episode/length,500.0
79996,episode/return,3.0
79996,episode/length,500.0
79997,episode/return,960.0
79997,episode/length,500.0
79998,episode/return,0.0
79998,episode/length,500.0
79999,episode/return,881.0
79999,episode/length,500.0
80000,train/consistency_loss_mean,0.0023423599671572445
80000,train/consistency_loss_std,0.000126922510358972
80000,train/continue_loss_mean,0.0
80000,train/continue_loss_std,0.0
80000,train/grad_norm_mean,0.8254641234874726
80000,train/grad_norm_std,0.13661446527804297
80000,train/policy_log_std_mean,-0.47728905422210693
80000,train/policy_log_std_std,0.3890651705727446
80000,train/policy_loss_mean,-0.13694114624261855
80000,train/policy_loss_std,0.012225065259014548
80000,train/reward_loss_mean,0.07653123189210892
80000,train/reward_loss_std,0.010677912396113787
80000,train/total_loss_mean,0.0790291088283062
80000,train/total_loss_std,0.0035078287461051123
80000,train/value_loss_mean,0.24528785033226014
80000,train/value_loss_std,0.013639062139901986
80000,train/value_scale_mean,185.60507423095703
80000,train/value_scale_std,0.7933124989131585
80000,timing/collect_chunk_s,156.33055746089667
80000,timing/train_chunk_s,220.87593491608277
80000,dense_rhs/training_bucket_horizon,4.0
80000,system/heartbeat,1.0
83992,episode/return,519.0
83992,episode/length,500.0
83993,episode/return,976.0
83993,episode/length,500.0
83994,episode/return,876.0
83994,episode/length,500.0
83995,episode/return,78.0
83995,episode/length,500.0
83996,episode/return,971.0
83996,episode/length,500.0
83997,episode/return,952.0
83997,episode/length,500.0
83998,episode/return,0.0
83998,episode/length,500.0
83999,episode/return,0.0
83999,episode/length,500.0
87992,episode/return,947.0
87992,episode/length,500.0
87993,episode/return,13.0
87993,episode/length,500.0
87994,episode/return,0.0
87994,episode/length,500.0
87995,episode/return,853.0
87995,episode/length,500.0
87996,episode/return,0.0
87996,episode/length,500.0
87997,episode/return,938.0
87997,episode/length,500.0
87998,episode/return,977.0
87998,episode/length,500.0
87999,episode/return,0.0
87999,episode/length,500.0
90000,train/consistency_loss_mean,0.0025011536844074724
90000,train/consistency_loss_std,0.00012611505505699458
90000,train/continue_loss_mean,0.0
90000,train/continue_loss_std,0.0
90000,train/grad_norm_mean,0.8501036060810089
90000,train/grad_norm_std,0.14275857804559725
90000,train/policy_log_std_mean,-0.5279228422546387
90000,train/policy_log_std_std,0.3891972720842211
90000,train/policy_loss_mean,-0.15888703446388244
90000,train/policy_loss_std,0.010420416711311099
90000,train/reward_loss_mean,0.08731623374819755
90000,train/reward_loss_std,0.009925442040372464
90000,train/total_loss_mean,0.08432778741717338
90000,train/total_loss_std,0.0031599267609019933
90000,train/value_loss_mean,0.25573089286088946
90000,train/value_loss_std,0.01346751512284859
90000,train/value_scale_mean,181.90131674804687
90000,train/value_scale_std,0.6636508978552542
90000,timing/collect_chunk_s,99.9445727285929
90000,timing/train_chunk_s,25.125207320787013
90000,dense_rhs/training_bucket_horizon,4.0
90000,system/heartbeat,1.0
91992,episode/return,975.0
91992,episode/length,500.0
91993,episode/return,663.0
91993,episode/length,500.0
91994,episode/return,0.0
91994,episode/length,500.0
91995,episode/return,0.0
91995,episode/length,500.0
91996,episode/return,506.0
91996,episode/length,500.0
91997,episode/return,0.0
91997,episode/length,500.0
91998,episode/return,549.0
91998,episode/length,500.0
91999,episode/return,0.0
91999,episode/length,500.0
95992,episode/return,978.0
95992,episode/length,500.0
95993,episode/return,876.0
95993,episode/length,500.0
95994,episode/return,0.0
95994,episode/length,500.0
95995,episode/return,0.0
95995,episode/length,500.0
95996,episode/return,918.0
95996,episode/length,500.0
95997,episode/return,980.0
95997,episode/length,500.0
95998,episode/return,957.0
95998,episode/length,500.0
95999,episode/return,0.0
95999,episode/length,500.0
99992,episode/return,956.0
99992,episode/length,500.0
99993,episode/return,4.0
99993,episode/length,500.0
99994,episode/return,1000.0
99994,episode/length,500.0
99995,episode/return,849.0
99995,episode/length,500.0
99996,episode/return,973.0
99996,episode/length,500.0
99997,episode/return,989.0
99997,episode/length,500.0
99998,episode/return,983.0
99998,episode/length,500.0
99999,episode/return,5.0
99999,episode/length,500.0
100000,train/consistency_loss_mean,0.0026088685842230916
100000,train/consistency_loss_std,0.00012712044078804874
100000,train/continue_loss_mean,0.0
100000,train/continue_loss_std,0.0
100000,train/grad_norm_mean,0.8602179586410522
100000,train/grad_norm_std,0.150776252853145
100000,train/policy_log_std_mean,-0.5311922058868408
100000,train/policy_log_std_std,0.3532279023153074
100000,train/policy_loss_mean,-0.16929908952713013
100000,train/policy_loss_std,0.010413427832860088
100000,train/reward_loss_mean,0.09588358064889908
100000,train/reward_loss_std,0.01073034760048814
100000,train/total_loss_mean,0.08463353747725487
100000,train/total_loss_std,0.0030803837883571043
100000,train/value_loss_mean,0.2286780676960945
100000,train/value_loss_std,0.017251632732168228
100000,train/value_scale_mean,180.2862267211914
100000,train/value_scale_std,0.35173224570217754
100000,timing/collect_chunk_s,101.23600816261023
100000,timing/train_chunk_s,25.123607677407563
100000,dense_rhs/training_bucket_horizon,4.0
100000,system/heartbeat,1.0
100000,timing/checkpoint_blocking_s,0.4258675999008119
100000,eval/return_mean,394.6499938964844
100000,eval/return_std,431.93194580078125
100000,eval/return_max,997.0
100000,eval/return_min,0.0
100000,dense_rhs/deployment_utility_last_observed_gain,258.1499938964844
100000,dense_rhs/deployment_utility_observations,1.0
100000,timing/eval_s,31.450721357949078
100000,eval/selected_horizon,4.0
100000,eval/training_bucket_horizon,4.0
100000,system/heartbeat,1.0
103992,episode/return,739.0
103992,episode/length,500.0
103993,episode/return,856.0
103993,episode/length,500.0
103994,episode/return,651.0
103994,episode/length,500.0
103995,episode/return,851.0
103995,episode/length,500.0
103996,episode/return,0.0
103996,episode/length,500.0
103997,episode/return,0.0
103997,episode/length,500.0
103998,episode/return,912.0
103998,episode/length,500.0
103999,episode/return,272.0
103999,episode/length,500.0
107992,episode/return,0.0
107992,episode/length,500.0
107993,episode/return,961.0
107993,episode/length,500.0
107994,episode/return,0.0
107994,episode/length,500.0
107995,episode/return,0.0
107995,episode/length,500.0
107996,episode/return,0.0
107996,episode/length,500.0
107997,episode/return,903.0
107997,episode/length,500.0
107998,episode/return,985.0
107998,episode/length,500.0
107999,episode/return,0.0
107999,episode/length,500.0
110000,train/consistency_loss_mean,0.0026806465277448297
110000,train/consistency_loss_std,0.000131812610579454
110000,train/continue_loss_mean,0.0
110000,train/continue_loss_std,0.0
110000,train/grad_norm_mean,0.8373575929641723
110000,train/grad_norm_std,0.14383773693724702
110000,train/policy_log_std_mean,-0.5353118828582764
110000,train/policy_log_std_std,0.34295618231469716
110000,train/policy_loss_mean,-0.18852056382894516
110000,train/policy_loss_std,0.009866065833099489
110000,train/reward_loss_mean,0.10394176995158196
110000,train/reward_loss_std,0.010122936137470505
110000,train/total_loss_mean,0.08597843405604362
110000,train/total_loss_std,0.0030847022356991017
110000,train/value_loss_mean,0.21971326266527175
110000,train/value_loss_std,0.010169916945523478
110000,train/value_scale_mean,179.33515131835938
110000,train/value_scale_std,0.347931471192353
110000,timing/collect_chunk_s,105.58873661141843
110000,timing/train_chunk_s,25.192272858228534
110000,dense_rhs/training_bucket_horizon,4.0
110000,system/heartbeat,1.0
111992,episode/return,0.0
111992,episode/length,500.0
111993,episode/return,0.0
111993,episode/length,500.0
111994,episode/return,0.0
111994,episode/length,500.0
111995,episode/return,28.0
111995,episode/length,500.0
111996,episode/return,946.0
111996,episode/length,500.0
111997,episode/return,848.0
111997,episode/length,500.0
111998,episode/return,951.0
111998,episode/length,500.0
111999,episode/return,954.0
111999,episode/length,500.0
115992,episode/return,263.0
115992,episode/length,500.0
115993,episode/return,80.0
115993,episode/length,500.0
115994,episode/return,930.0
115994,episode/length,500.0
115995,episode/return,0.0
115995,episode/length,500.0
115996,episode/return,741.0
115996,episode/length,500.0
115997,episode/return,389.0
115997,episode/length,500.0
115998,episode/return,953.0
115998,episode/length,500.0
115999,episode/return,835.0
115999,episode/length,500.0
119992,episode/return,0.0
119992,episode/length,500.0
119993,episode/return,761.0
119993,episode/length,500.0
119994,episode/return,20.0
119994,episode/length,500.0
119995,episode/return,0.0
119995,episode/length,500.0
119996,episode/return,4.0
119996,episode/length,500.0
119997,episode/return,1000.0
119997,episode/length,500.0
119998,episode/return,6.0
119998,episode/length,500.0
119999,episode/return,0.0
119999,episode/length,500.0
120000,train/consistency_loss_mean,0.0027857618160545827
120000,train/consistency_loss_std,0.00013397663514502032
120000,train/continue_loss_mean,0.0
120000,train/continue_loss_std,0.0
120000,train/grad_norm_mean,0.8272354668617249
120000,train/grad_norm_std,0.13865898894614304
120000,train/policy_log_std_mean,-0.5300024913406373
120000,train/policy_log_std_std,0.33787055273074057
120000,train/policy_loss_mean,-0.1990353317141533
120000,train/policy_loss_std,0.009509635261892448
120000,train/reward_loss_mean,0.10794011942744255
120000,train/reward_loss_std,0.010316598350999151
120000,train/total_loss_mean,0.08825348826050758
120000,train/total_loss_std,0.0032177953128841295
120000,train/value_loss_mean,0.21744238246679307
120000,train/value_loss_std,0.009853073688896078
120000,train/value_scale_mean,179.7304060913086
120000,train/value_scale_std,0.27388924002996895
120000,timing/collect_chunk_s,105.0056937164627
120000,timing/train_chunk_s,25.183845692314208
120000,dense_rhs/training_bucket_horizon,4.0
120000,system/heartbeat,1.0
120000,dense_rhs/selected_horizon,4.0
120000,dense_rhs/proposed_horizon,4.0
120000,dense_rhs/phase_id,0.0
120000,dense_rhs/num_active_horizons,7.0
120000,dense_rhs/num_candidate_horizons,3.0
120000,dense_rhs/entropy,1.76692533493042
120000,dense_rhs/norm_entropy,0.9080199599266052
120000,dense_rhs/best_fitness,0.03162277489900589
120000,dense_rhs/deployment_score_best,1.7308944393707217e-25
120000,dense_rhs/incumbent_deployment_score,1.7308944393707217e-25
120000,dense_rhs/proposed_deployment_score,1.7308944393707217e-25
120000,dense_rhs/proposed_transition_cost,0.0
120000,dense_rhs/proposed_switch_probability,0.5
120000,dense_rhs/proposed_expected_net_benefit,0.0
120000,dense_rhs/transition_cost_best,0.0
120000,dense_rhs/transition_adjusted_score_best,1.7308944393707217e-25
120000,dense_rhs/switch_probability_best,0.5
120000,dense_rhs/expected_improvement_best,0.564189612865448
120000,dense_rhs/expected_loss_best,0.564189612865448
120000,dense_rhs/expected_net_benefit_best,0.0
120000,dense_rhs/return_term_best,0.0
120000,dense_rhs/roughness_term_best,0.8154474496841431
120000,dense_rhs/return_std_term_best,0.24912923574447632
120000,dense_rhs/learner_proxy_term_best,0.8520202040672302
120000,dense_rhs/model_prefix_loss_best,0.6563333868980408
120000,dense_rhs/model_probe_prefix_best,0.463695764541626
120000,dense_rhs/planner_return_best,172.31703186035156
120000,dense_rhs/roughness_best,2.038898229598999
120000,dense_rhs/robust_return_best,-88.31062316894531
120000,timing/query_model_diag_s,14.813158914912492
120000,timing/query_env_eval_s,29.245665504131466
120000,timing/query_finalize_s,0.7942981738597155
120000,timing/query_total_s,44.8581313979812
120000,dense_rhs/candidate_4_fitness,0.03162277489900589
120000,dense_rhs/candidate_4_deployment_score,1.7308944393707217e-25
120000,dense_rhs/candidate_4_transition_cost,0.0
120000,dense_rhs/candidate_4_transition_adjusted_score,1.7308944393707217e-25
120000,dense_rhs/candidate_4_switch_probability,0.5
120000,dense_rhs/candidate_4_expected_net_benefit,0.0
120000,dense_rhs/candidate_4_return,-88.31062316894531
120000,dense_rhs/candidate_4_return_term,0.0
120000,dense_rhs/candidate_4_roughness_term,0.8154474496841431
120000,dense_rhs/candidate_4_return_std_term,0.24912923574447632
120000,dense_rhs/candidate_4_learner_proxy_term,0.8520202040672302
120000,dense_rhs/candidate_5_fitness,0.03162277489900589
120000,dense_rhs/candidate_5_deployment_score,2.2822587569804043e-11
120000,dense_rhs/candidate_5_transition_cost,0.05815001577138901
120000,dense_rhs/candidate_5_transition_adjusted_score,-0.05815001577138901
120000,dense_rhs/candidate_5_switch_probability,0.48360079526901245
120000,dense_rhs/candidate_5_expected_net_benefit,-0.05815005302429199
120000,dense_rhs/candidate_5_return,-68.38055419921875
120000,dense_rhs/candidate_5_return_term,0.07602789252996445
120000,dense_rhs/candidate_5_roughness_term,0.702816903591156
120000,dense_rhs/candidate_5_return_std_term,0.0
120000,dense_rhs/candidate_5_learner_proxy_term,0.9719207882881165
120000,dense_rhs/candidate_3_fitness,0.42973148822784424
120000,dense_rhs/candidate_3_deployment_score,7.864704457460903e-06
120000,dense_rhs/candidate_3_transition_cost,0.046857427805662155
120000,dense_rhs/candidate_3_transition_adjusted_score,-0.0468495637178421
120000,dense_rhs/candidate_3_switch_probability,0.4867863953113556
120000,dense_rhs/candidate_3_expected_net_benefit,-0.046849608421325684
120000,dense_rhs/candidate_3_return,-69.48171997070312
120000,dense_rhs/candidate_3_return_term,0.0718272402882576
120000,dense_rhs/candidate_3_roughness_term,0.9578230977058411
120000,dense_rhs/candidate_3_return_std_term,0.4956800937652588
120000,dense_rhs/candidate_3_learner_proxy_term,0.6223560571670532
120000,dense_rhs/deployment_utility_enabled,1.0
120000,dense_rhs/deployment_utility_observations,1.0
120000,dense_rhs/deployment_utility_last_observed_gain,258.1499938964844
120000,dense_rhs/candidate_3_expected_eval_gain,0.0
120000,dense_rhs/candidate_3_eval_gain_uncertainty,150.0
120000,dense_rhs/candidate_3_deployment_utility_score,47.5
120000,dense_rhs/candidate_4_expected_eval_gain,258.1499938964844
120000,dense_rhs/candidate_4_eval_gain_uncertainty,106.06601717798212
120000,dense_rhs/candidate_4_deployment_utility_score,284.6664981909799
120000,dense_rhs/candidate_5_expected_eval_gain,0.0
120000,dense_rhs/candidate_5_eval_gain_uncertainty,150.0
120000,dense_rhs/candidate_5_deployment_utility_score,37.50002901900217
120000,dense_rhs/deployment_utility_override,0.0
120000,dense_rhs/deployment_utility_selected_expected_gain,258.1499938964844
120000,dense_rhs/deployment_utility_selected_uncertainty,106.06601717798212
120000,dense_rhs/deployment_utility_selected_score,284.6664981909799
120000,dense_rhs/deployment_utility_proposed_horizon,4.0
120000,dense_rhs/deployment_utility_proposed_expected_gain,258.1499938964844
120000,dense_rhs/deployment_utility_proposed_uncertainty,106.06601717798212
120000,dense_rhs/deployment_utility_proposed_score,284.6664981909799
120000,dense_rhs/previous_horizon,4.0
120000,dense_rhs/training_bucket_horizon,4.0
120000,dense_rhs/best_h,4.0
120000,dense_rhs/prob_best_h,0.099609375
120000,dense_rhs/gauss_mean_best_h,0.4207896590232849
120000,dense_rhs/gauss_post_std_best_h,0.2751825451850891
120000,system/heartbeat,1.0
123992,episode/return,738.0
123992,episode/length,500.0
123993,episode/return,573.0
123993,episode/length,500.0
123994,episode/return,0.0
123994,episode/length,500.0
123995,episode/return,0.0
123995,episode/length,500.0
123996,episode/return,0.0
123996,episode/length,500.0
123997,episode/return,0.0
123997,episode/length,500.0
123998,episode/return,0.0
123998,episode/length,500.0
123999,episode/return,0.0
123999,episode/length,500.0
127992,episode/return,657.0
127992,episode/length,500.0
127993,episode/return,5.0
127993,episode/length,500.0
127994,episode/return,1000.0
127994,episode/length,500.0
127995,episode/return,0.0
127995,episode/length,500.0
127996,episode/return,983.0
127996,episode/length,500.0
127997,episode/return,982.0
127997,episode/length,500.0
127998,episode/return,0.0
127998,episode/length,500.0
127999,episode/return,952.0
127999,episode/length,500.0
130000,train/consistency_loss_mean,0.002883442506380379
130000,train/consistency_loss_std,0.0001389893647012566
130000,train/continue_loss_mean,0.0
130000,train/continue_loss_std,0.0
130000,train/grad_norm_mean,0.8691885304450989
130000,train/grad_norm_std,0.16158636416625
130000,train/policy_log_std_mean,-0.5378441567230224
130000,train/policy_log_std_std,0.34015788008141556
130000,train/policy_loss_mean,-0.2076216917514801
130000,train/policy_loss_std,0.009775848518742051
130000,train/reward_loss_mean,0.10921955854296685
130000,train/reward_loss_std,0.010427364990873413
130000,train/total_loss_mean,0.09084625532627105
130000,train/total_loss_std,0.0032348191008936683
130000,train/value_loss_mean,0.22255449233055113
130000,train/value_loss_std,0.009911169928765328
130000,train/value_scale_mean,177.16557158203125
130000,train/value_scale_std,1.4047077363857758
130000,timing/collect_chunk_s,102.74497743276879
130000,timing/train_chunk_s,25.196372230071574
130000,dense_rhs/training_bucket_horizon,4.0
130000,system/heartbeat,1.0
131992,episode/return,0.0
131992,episode/length,500.0
131993,episode/return,0.0
131993,episode/length,500.0
131994,episode/return,4.0
131994,episode/length,500.0
131995,episode/return,0.0
131995,episode/length,500.0
131996,episode/return,0.0
131996,episode/length,500.0
131997,episode/return,920.0
131997,episode/length,500.0
131998,episode/return,0.0
131998,episode/length,500.0
131999,episode/return,0.0
131999,episode/length,500.0
135992,episode/return,966.0
135992,episode/length,500.0
135993,episode/return,989.0
135993,episode/length,500.0
135994,episode/return,2.0
135994,episode/length,500.0
135995,episode/return,435.0
135995,episode/length,500.0
135996,episode/return,0.0
135996,episode/length,500.0
135997,episode/return,968.0
135997,episode/length,500.0
135998,episode/return,988.0
135998,episode/length,500.0
135999,episode/return,916.0
135999,episode/length,500.0
139992,episode/return,0.0
139992,episode/length,500.0
139993,episode/return,0.0
139993,episode/length,500.0
139994,episode/return,1000.0
139994,episode/length,500.0
139995,episode/return,0.0
139995,episode/length,500.0
139996,episode/return,896.0
139996,episode/length,500.0
139997,episode/return,851.0
139997,episode/length,500.0
139998,episode/return,0.0
139998,episode/length,500.0
139999,episode/return,476.0
139999,episode/length,500.0
140000,train/consistency_loss_mean,0.002939887913689017
140000,train/consistency_loss_std,0.0001382028175270117
140000,train/continue_loss_mean,0.0
140000,train/continue_loss_std,0.0
140000,train/grad_norm_mean,0.8760211641311646
140000,train/grad_norm_std,0.1603654271252301
140000,train/policy_log_std_mean,-0.5599307192611694
140000,train/policy_log_std_std,0.3608983054296791
140000,train/policy_loss_mean,-0.20905950602293014
140000,train/policy_loss_std,0.009297165487017232
140000,train/reward_loss_mean,0.11121808838248252
140000,train/reward_loss_std,0.010490465074358675
140000,train/total_loss_mean,0.09314902646541595
140000,train/total_loss_std,0.003243938331787778
140000,train/value_loss_mean,0.23229457556009292
140000,train/value_loss_std,0.011349662453452113
140000,train/value_scale_mean,175.7451008544922
140000,train/value_scale_std,0.4878514957135314
140000,timing/collect_chunk_s,103.4549841848202
140000,timing/train_chunk_s,25.25176275940612
140000,dense_rhs/training_bucket_horizon,4.0
140000,system/heartbeat,1.0
143992,episode/return,774.0
143992,episode/length,500.0
143993,episode/return,0.0
143993,episode/length,500.0
143994,episode/return,791.0
143994,episode/length,500.0
143995,episode/return,991.0
143995,episode/length,500.0
143996,episode/return,987.0
143996,episode/length,500.0
143997,episode/return,569.0
143997,episode/length,500.0
143998,episode/return,862.0
143998,episode/length,500.0
143999,episode/return,0.0
143999,episode/length,500.0
147992,episode/return,730.0
147992,episode/length,500.0
147993,episode/return,973.0
147993,episode/length,500.0
147994,episode/return,363.0
147994,episode/length,500.0
147995,episode/return,280.0
147995,episode/length,500.0
147996,episode/return,983.0
147996,episode/length,500.0
147997,episode/return,0.0
147997,episode/length,500.0
147998,episode/return,985.0
147998,episode/length,500.0
147999,episode/return,1000.0
147999,episode/length,500.0
150000,train/consistency_loss_mean,0.002981621305644512
150000,train/consistency_loss_std,0.00014134126527800826
150000,train/continue_loss_mean,0.0
150000,train/continue_loss_std,0.0
150000,train/grad_norm_mean,0.8656084256172181
150000,train/grad_norm_std,0.1554050159917623
150000,train/policy_log_std_mean,-0.5879216233062744
150000,train/policy_log_std_std,0.38846182646758964
150000,train/policy_loss_mean,-0.2093278255224228
150000,train/policy_loss_std,0.009495473162609524
150000,train/reward_loss_mean,0.11599206879734993
150000,train/reward_loss_std,0.01063402099565637
150000,train/total_loss_mean,0.09445152297616005
150000,train/total_loss_std,0.0031878849402592136
150000,train/value_loss_mean,0.2321988909482956
150000,train/value_loss_std,0.009559568983942618
150000,train/value_scale_mean,176.29642915039062
150000,train/value_scale_std,0.23640882767045657
150000,timing/collect_chunk_s,100.09557938715443
150000,timing/train_chunk_s,25.21366653824225
150000,dense_rhs/training_bucket_horizon,4.0
150000,system/heartbeat,1.0
150000,timing/checkpoint_blocking_s,0.4436975051648915
150000,eval/return_mean,710.0499877929688
150000,eval/return_std,412.3830261230469
150000,eval/return_max,1000.0
150000,eval/return_min,0.0
150000,dense_rhs/deployment_utility_last_observed_gain,315.3999938964844
150000,dense_rhs/deployment_utility_observations,2.0
150000,timing/eval_s,12.336232939735055
150000,eval/selected_horizon,4.0
150000,eval/training_bucket_horizon,4.0
150000,system/heartbeat,1.0
151992,episode/return,957.0
151992,episode/length,500.0
151993,episode/return,965.0
151993,episode/length,500.0
151994,episode/return,970.0
151994,episode/length,500.0
151995,episode/return,708.0
151995,episode/length,500.0
151996,episode/return,0.0
151996,episode/length,500.0
151997,episode/return,513.0
151997,episode/length,500.0
151998,episode/return,461.0
151998,episode/length,500.0
151999,episode/return,0.0
151999,episode/length,500.0
155992,episode/return,989.0
155992,episode/length,500.0
155993,episode/return,10.0
155993,episode/length,500.0
155994,episode/return,869.0
155994,episode/length,500.0
155995,episode/return,975.0
155995,episode/length,500.0
155996,episode/return,622.0
155996,episode/length,500.0
155997,episode/return,952.0
155997,episode/length,500.0
155998,episode/return,532.0
155998,episode/length,500.0
155999,episode/return,12.0
155999,episode/length,500.0
159992,episode/return,0.0
159992,episode/length,500.0
159993,episode/return,0.0
159993,episode/length,500.0
159994,episode/return,543.0
159994,episode/length,500.0
159995,episode/return,483.0
159995,episode/length,500.0
159996,episode/return,304.0
159996,episode/length,500.0
159997,episode/return,0.0
159997,episode/length,500.0
159998,episode/return,725.0
159998,episode/length,500.0
159999,episode/return,910.0
159999,episode/length,500.0
160000,train/consistency_loss_mean,0.00303570812959224
160000,train/consistency_loss_std,0.00014513872949928572
160000,train/continue_loss_mean,0.0
160000,train/continue_loss_std,0.0
160000,train/grad_norm_mean,0.85665104637146
160000,train/grad_norm_std,0.1525071557787268
160000,train/policy_log_std_mean,-0.6305453427505493
160000,train/policy_log_std_std,0.40566136743672826
160000,train/policy_loss_mean,-0.2165205507516861
160000,train/policy_loss_std,0.009226672157266691
160000,train/reward_loss_mean,0.12102104291319847
160000,train/reward_loss_std,0.010561965698854014
160000,train/total_loss_mean,0.09633374641537666
160000,train/total_loss_std,0.0033190425812228306
160000,train/value_loss_mean,0.23517478741407394
160000,train/value_loss_std,0.009531012770755059
160000,train/value_scale_mean,177.3302580444336
160000,train/value_scale_std,0.25942066627284793
160000,timing/collect_chunk_s,102.96665988350287
160000,timing/train_chunk_s,25.158924147021025
160000,dense_rhs/training_bucket_horizon,4.0
160000,system/heartbeat,1.0
163992,episode/return,977.0
163992,episode/length,500.0
163993,episode/return,556.0
163993,episode/length,500.0
163994,episode/return,8.0
163994,episode/length,500.0
163995,episode/return,0.0
163995,episode/length,500.0
163996,episode/return,965.0
163996,episode/length,500.0
163997,episode/return,0.0
163997,episode/length,500.0
163998,episode/return,872.0
163998,episode/length,500.0
163999,episode/return,0.0
163999,episode/length,500.0
167992,episode/return,0.0
167992,episode/length,500.0
167993,episode/return,926.0
167993,episode/length,500.0
167994,episode/return,0.0
167994,episode/length,500.0
167995,episode/return,0.0
167995,episode/length,500.0
167996,episode/return,0.0
167996,episode/length,500.0
167997,episode/return,960.0
167997,episode/length,500.0
167998,episode/return,0.0
167998,episode/length,500.0
167999,episode/return,612.0
167999,episode/length,500.0
170000,train/consistency_loss_mean,0.0031261994149535894
170000,train/consistency_loss_std,0.0001510005445568541
170000,train/continue_loss_mean,0.0
170000,train/continue_loss_std,0.0
170000,train/grad_norm_mean,0.8428860009670257
170000,train/grad_norm_std,0.1420137949570558
170000,train/policy_log_std_mean,-0.6494987529754639
170000,train/policy_log_std_std,0.42711785681165026
170000,train/policy_loss_mean,-0.2172508331298828
170000,train/policy_loss_std,0.009210748384699914
170000,train/reward_loss_mean,0.12160963272452355
170000,train/reward_loss_std,0.01041683548535959
170000,train/total_loss_mean,0.09797882538437844
170000,train/total_loss_std,0.003315865887534785
170000,train/value_loss_mean,0.2329387305021286
170000,train/value_loss_std,0.009790893732745451
170000,train/value_scale_mean,178.27917006835938
170000,train/value_scale_std,0.16605078136722734
170000,timing/collect_chunk_s,104.24399798503146
170000,timing/train_chunk_s,25.199531071353704
170000,dense_rhs/training_bucket_horizon,4.0
170000,system/heartbeat,1.0
170000,dense_rhs/selected_horizon,4.0
170000,dense_rhs/proposed_horizon,4.0
170000,dense_rhs/phase_id,0.0
170000,dense_rhs/num_active_horizons,7.0
170000,dense_rhs/num_candidate_horizons,3.0
170000,dense_rhs/entropy,1.649688720703125
170000,dense_rhs/norm_entropy,0.8477722406387329
170000,dense_rhs/best_fitness,0.03162277489900589
170000,dense_rhs/deployment_score_best,6.489723857874444e-26
170000,dense_rhs/incumbent_deployment_score,6.489723857874444e-26
170000,dense_rhs/proposed_deployment_score,6.489723857874444e-26
170000,dense_rhs/proposed_transition_cost,0.0
170000,dense_rhs/proposed_switch_probability,0.5
170000,dense_rhs/proposed_expected_net_benefit,0.0
170000,dense_rhs/transition_cost_best,0.0
170000,dense_rhs/transition_adjusted_score_best,6.489723857874444e-26
170000,dense_rhs/switch_probability_best,0.5
170000,dense_rhs/expected_improvement_best,0.15525513887405396
170000,dense_rhs/expected_loss_best,0.15525513887405396
170000,dense_rhs/expected_net_benefit_best,0.0
170000,dense_rhs/return_term_best,0.0
170000,dense_rhs/roughness_term_best,0.9385310411453247
170000,dense_rhs/return_std_term_best,0.08028149604797363
170000,dense_rhs/learner_proxy_term_best,0.861315131187439
170000,dense_rhs/model_prefix_loss_best,0.7142900824546814
170000,dense_rhs/model_probe_prefix_best,0.5034450888633728
170000,dense_rhs/planner_return_best,170.86732482910156
170000,dense_rhs/roughness_best,0.2447725087404251
170000,dense_rhs/robust_return_best,-67.37617492675781
170000,timing/query_model_diag_s,0.010949708987027407
170000,timing/query_env_eval_s,7.7192572839558125
170000,timing/query_finalize_s,0.0028574028983712196
170000,timing/query_total_s,7.73789918422699
170000,dense_rhs/candidate_4_fitness,0.03162277489900589
170000,dense_rhs/candidate_4_deployment_score,6.489723857874444e-26
170000,dense_rhs/candidate_4_transition_cost,0.0
170000,dense_rhs/candidate_4_transition_adjusted_score,6.489723857874444e-26
170000,dense_rhs/candidate_4_switch_probability,0.5
170000,dense_rhs/candidate_4_expected_net_benefit,0.0
170000,dense_rhs/candidate_4_return,-67.37617492675781
170000,dense_rhs/candidate_4_return_term,0.0
170000,dense_rhs/candidate_4_roughness_term,0.9385310411453247
170000,dense_rhs/candidate_4_return_std_term,0.08028149604797363
170000,dense_rhs/candidate_4_learner_proxy_term,0.861315131187439
170000,dense_rhs/candidate_5_fitness,0.03162277489900589
170000,dense_rhs/candidate_5_deployment_score,2.324454406732457e-08
170000,dense_rhs/candidate_5_transition_cost,0.05075260251760483
170000,dense_rhs/candidate_5_transition_adjusted_score,-0.05075258016586304
170000,dense_rhs/candidate_5_switch_probability,0.48048609495162964
170000,dense_rhs/candidate_5_expected_net_benefit,-0.05075258016586304
170000,dense_rhs/candidate_5_return,30.69525146484375
170000,dense_rhs/candidate_5_return_term,0.4079670310020447
170000,dense_rhs/candidate_5_roughness_term,0.8749548196792603
170000,dense_rhs/candidate_5_return_std_term,0.0
170000,dense_rhs/candidate_5_learner_proxy_term,0.9590365290641785
170000,dense_rhs/candidate_3_fitness,0.4009285569190979
170000,dense_rhs/candidate_3_deployment_score,0.0005179164581932127
170000,dense_rhs/candidate_3_transition_cost,0.05343221500515938
170000,dense_rhs/candidate_3_transition_adjusted_score,-0.052914299070835114
170000,dense_rhs/candidate_3_switch_probability,0.43203574419021606
170000,dense_rhs/candidate_3_expected_net_benefit,-0.05291430652141571
170000,dense_rhs/candidate_3_return,7.3228759765625
170000,dense_rhs/candidate_3_return_term,0.3107403516769409
170000,dense_rhs/candidate_3_roughness_term,0.938933789730072
170000,dense_rhs/candidate_3_return_std_term,0.08855611085891724
170000,dense_rhs/candidate_3_learner_proxy_term,0.6680602431297302
170000,dense_rhs/deployment_utility_enabled,1.0
170000,dense_rhs/deployment_utility_observations,2.0
170000,dense_rhs/deployment_utility_last_observed_gain,315.3999938964844
170000,dense_rhs/candidate_3_expected_eval_gain,0.0
170000,dense_rhs/candidate_3_eval_gain_uncertainty,150.0
170000,dense_rhs/candidate_3_deployment_utility_score,47.5
170000,dense_rhs/candidate_4_expected_eval_gain,286.7749938964844
170000,dense_rhs/candidate_4_eval_gain_uncertainty,16.52665145555304
170000,dense_rhs/candidate_4_deployment_utility_score,290.90665676037264
170000,dense_rhs/candidate_5_expected_eval_gain,0.0
170000,dense_rhs/candidate_5_eval_gain_uncertainty,150.0
170000,dense_rhs/candidate_5_deployment_utility_score,37.50044880875476
170000,dense_rhs/deployment_utility_override,0.0
170000,dense_rhs/deployment_utility_selected_expected_gain,286.7749938964844
170000,dense_rhs/deployment_utility_selected_uncertainty,16.52665145555304
170000,dense_rhs/deployment_utility_selected_score,290.90665676037264
170000,dense_rhs/deployment_utility_proposed_horizon,4.0
170000,dense_rhs/deployment_utility_proposed_expected_gain,286.7749938964844
170000,dense_rhs/deployment_utility_proposed_uncertainty,16.52665145555304
170000,dense_rhs/deployment_utility_proposed_score,290.90665676037264
170000,dense_rhs/previous_horizon,4.0
170000,dense_rhs/training_bucket_horizon,4.0
170000,dense_rhs/best_h,4.0
170000,dense_rhs/prob_best_h,0.068359375
170000,dense_rhs/gauss_mean_best_h,0.29106736183166504
170000,dense_rhs/gauss_post_std_best_h,0.21183563768863678
170000,system/heartbeat,1.0
171992,episode/return,4.0
171992,episode/length,500.0
171993,episode/return,0.0
171993,episode/length,500.0
171994,episode/return,0.0
171994,episode/length,500.0
171995,episode/return,966.0
171995,episode/length,500.0
171996,episode/return,312.0
171996,episode/length,500.0
171997,episode/return,5.0
171997,episode/length,500.0
171998,episode/return,0.0
171998,episode/length,500.0
171999,episode/return,0.0
171999,episode/length,500.0
175992,episode/return,146.0
175992,episode/length,500.0
175993,episode/return,756.0
175993,episode/length,500.0
175994,episode/return,0.0
175994,episode/length,500.0
175995,episode/return,35.0
175995,episode/length,500.0
175996,episode/return,0.0
175996,episode/length,500.0
175997,episode/return,736.0
175997,episode/length,500.0
175998,episode/return,989.0
175998,episode/length,500.0
175999,episode/return,357.0
175999,episode/length,500.0
179992,episode/return,0.0
179992,episode/length,500.0
179993,episode/return,894.0
179993,episode/length,500.0
179994,episode/return,0.0
179994,episode/length,500.0
179995,episode/return,0.0
179995,episode/length,500.0
179996,episode/return,435.0
179996,episode/length,500.0
179997,episode/return,978.0
179997,episode/length,500.0
179998,episode/return,990.0
179998,episode/length,500.0
179999,episode/return,0.0
179999,episode/length,500.0
180000,train/consistency_loss_mean,0.0032158345237374305
180000,train/consistency_loss_std,0.00014951384407074775
180000,train/continue_loss_mean,0.0
180000,train/continue_loss_std,0.0
180000,train/grad_norm_mean,0.8414470844745636
180000,train/grad_norm_std,0.13840758076321247
180000,train/policy_log_std_mean,-0.6351740214920044
180000,train/policy_log_std_std,0.4223299003475634
180000,train/policy_loss_mean,-0.21683836197853087
180000,train/policy_loss_std,0.009299197232923903
180000,train/reward_loss_mean,0.12025129967331886
180000,train/reward_loss_std,0.010423932562155649
180000,train/total_loss_mean,0.09955873821377755
180000,train/total_loss_std,0.003422916082604043
180000,train/value_loss_mean,0.232169165623188
180000,train/value_loss_std,0.009821723992762635
180000,train/value_scale_mean,177.7178174560547
180000,train/value_scale_std,0.6462325192400721
180000,timing/collect_chunk_s,101.10162275098264
180000,timing/train_chunk_s,25.200655221007764
180000,dense_rhs/training_bucket_horizon,4.0
180000,system/heartbeat,1.0
183992,episode/return,381.0
183992,episode/length,500.0
183993,episode/return,975.0
183993,episode/length,500.0
183994,episode/return,927.0
183994,episode/length,500.0
183995,episode/return,852.0
183995,episode/length,500.0
183996,episode/return,1000.0
183996,episode/length,500.0
183997,episode/return,971.0
183997,episode/length,500.0
183998,episode/return,882.0
183998,episode/length,500.0
183999,episode/return,867.0
183999,episode/length,500.0
187992,episode/return,972.0
187992,episode/length,500.0
187993,episode/return,965.0
187993,episode/length,500.0
187994,episode/return,477.0
187994,episode/length,500.0
187995,episode/return,896.0
187995,episode/length,500.0
187996,episode/return,970.0
187996,episode/length,500.0
187997,episode/return,925.0
187997,episode/length,500.0
187998,episode/return,0.0
187998,episode/length,500.0
187999,episode/return,591.0
187999,episode/length,500.0
190000,train/consistency_loss_mean,0.003260629658587277
190000,train/consistency_loss_std,0.00015224570735097788
190000,train/continue_loss_mean,0.0
190000,train/continue_loss_std,0.0
190000,train/grad_norm_mean,0.8346923696517944
190000,train/grad_norm_std,0.1328888734571231
190000,train/policy_log_std_mean,-0.661757346496582
190000,train/policy_log_std_std,0.4302939254114404
190000,train/policy_loss_mean,-0.22218266521692276
190000,train/policy_loss_std,0.00956463074617323
190000,train/reward_loss_mean,0.12525861734747887
190000,train/reward_loss_std,0.010940640620133928
190000,train/total_loss_mean,0.10101770387887955
190000,train/total_loss_std,0.0034794884870341584
190000,train/value_loss_mean,0.23279247411489487
190000,train/value_loss_std,0.009797806950572334
190000,train/value_scale_mean,177.098433203125
190000,train/value_scale_std,0.17858593384487464
190000,timing/collect_chunk_s,109.13084831321612
190000,timing/train_chunk_s,25.142695690505207
190000,dense_rhs/training_bucket_horizon,4.0
190000,system/heartbeat,1.0
191992,episode/return,13.0
191992,episode/length,500.0
191993,episode/return,1000.0
191993,episode/length,500.0
191994,episode/return,760.0
191994,episode/length,500.0
191995,episode/return,14.0
191995,episode/length,500.0
191996,episode/return,962.0
191996,episode/length,500.0
191997,episode/return,828.0
191997,episode/length,500.0
191998,episode/return,0.0
191998,episode/length,500.0
191999,episode/return,0.0
191999,episode/length,500.0
195992,episode/return,301.0
195992,episode/length,500.0
195993,episode/return,953.0
195993,episode/length,500.0
195994,episode/return,0.0
195994,episode/length,500.0
195995,episode/return,752.0
195995,episode/length,500.0
195996,episode/return,3.0
195996,episode/length,500.0
195997,episode/return,973.0
195997,episode/length,500.0
195998,episode/return,343.0
195998,episode/length,500.0
195999,episode/return,954.0
195999,episode/length,500.0
199992,episode/return,913.0
199992,episode/length,500.0
199993,episode/return,13.0
199993,episode/length,500.0
199994,episode/return,976.0
199994,episode/length,500.0
199995,episode/return,458.0
199995,episode/length,500.0
199996,episode/return,0.0
199996,episode/length,500.0
199997,episode/return,0.0
199997,episode/length,500.0
199998,episode/return,1000.0
199998,episode/length,500.0
199999,episode/return,0.0
199999,episode/length,500.0
200000,train/consistency_loss_mean,0.0033031689012423156
200000,train/consistency_loss_std,0.00015478235650406372
200000,train/continue_loss_mean,0.0
200000,train/continue_loss_std,0.0
200000,train/grad_norm_mean,0.8348045050144196
200000,train/grad_norm_std,0.12995324075069245
200000,train/policy_log_std_mean,-0.6729397175979615
200000,train/policy_log_std_std,0.4283937921254003
200000,train/policy_loss_mean,-0.22522001630067826
200000,train/policy_loss_std,0.009417591659894758
200000,train/reward_loss_mean,0.12921786361336707
200000,train/reward_loss_std,0.010821618264316797
200000,train/total_loss_mean,0.10297313698530197
200000,train/total_loss_std,0.003559055903847102
200000,train/value_loss_mean,0.2398797181248665
200000,train/value_loss_std,0.010428990749495185
200000,train/value_scale_mean,177.90917596435546
200000,train/value_scale_std,0.25825410743427846
200000,timing/collect_chunk_s,101.71300219325349
200000,timing/train_chunk_s,25.18044881336391
200000,dense_rhs/training_bucket_horizon,4.0
200000,system/heartbeat,1.0
200000,timing/checkpoint_blocking_s,0.4556650691665709
200000,eval/return_mean,424.25
200000,eval/return_std,461.8600158691406
200000,eval/return_max,1000.0
200000,eval/return_min,0.0
200000,dense_rhs/deployment_utility_last_observed_gain,-285.79998779296875
200000,dense_rhs/deployment_utility_observations,3.0
200000,timing/eval_s,12.49983692727983
200000,eval/selected_horizon,4.0
200000,eval/training_bucket_horizon,4.0
200000,system/heartbeat,1.0
203992,episode/return,773.0
203992,episode/length,500.0
203993,episode/return,78.0
203993,episode/length,500.0
203994,episode/return,932.0
203994,episode/length,500.0
203995,episode/return,934.0
203995,episode/length,500.0
203996,episode/return,654.0
203996,episode/length,500.0
203997,episode/return,0.0
203997,episode/length,500.0
203998,episode/return,981.0
203998,episode/length,500.0
203999,episode/return,5.0
203999,episode/length,500.0
207992,episode/return,492.0
207992,episode/length,500.0
207993,episode/return,4.0
207993,episode/length,500.0
207994,episode/return,993.0
207994,episode/length,500.0
207995,episode/return,0.0
207995,episode/length,500.0
207996,episode/return,991.0
207996,episode/length,500.0
207997,episode/return,204.0
207997,episode/length,500.0
207998,episode/return,4.0
207998,episode/length,500.0
207999,episode/return,919.0
207999,episode/length,500.0
210000,train/consistency_loss_mean,0.003345515578240156
210000,train/consistency_loss_std,0.00015500384367144807
210000,train/continue_loss_mean,0.0
210000,train/continue_loss_std,0.0
210000,train/grad_norm_mean,0.8497828026771546
210000,train/grad_norm_std,0.13397170422761356
210000,train/policy_log_std_mean,-0.6717506383514404
210000,train/policy_log_std_std,0.4299849604819967
210000,train/policy_loss_mean,-0.222476041162014
210000,train/policy_loss_std,0.009388677399661533
210000,train/reward_loss_mean,0.13250531185865402
210000,train/reward_loss_std,0.011069696175337172
210000,train/total_loss_mean,0.10523079838752747
210000,train/total_loss_std,0.003598392133871468
210000,train/value_loss_mean,0.2506995426774025
210000,train/value_loss_std,0.01086958426500772
210000,train/value_scale_mean,178.43293608398437
210000,train/value_scale_std,0.21400966391603493
210000,timing/collect_chunk_s,101.15224522585049
210000,timing/train_chunk_s,25.190529796294868
210000,dense_rhs/training_bucket_horizon,4.0
210000,system/heartbeat,1.0
211992,episode/return,744.0
211992,episode/length,500.0
211993,episode/return,918.0
211993,episode/length,500.0
211994,episode/return,75.0
211994,episode/length,500.0
211995,episode/return,6.0
211995,episode/length,500.0
211996,episode/return,850.0
211996,episode/length,500.0
211997,episode/return,989.0
211997,episode/length,500.0
211998,episode/return,0.0
211998,episode/length,500.0
211999,episode/return,20.0
211999,episode/length,500.0
215992,episode/return,596.0
215992,episode/length,500.0
215993,episode/return,975.0
215993,episode/length,500.0
215994,episode/return,91.0
215994,episode/length,500.0
215995,episode/return,928.0
215995,episode/length,500.0
215996,episode/return,541.0
215996,episode/length,500.0
215997,episode/return,910.0
215997,episode/length,500.0
215998,episode/return,10.0
215998,episode/length,500.0
215999,episode/return,0.0
215999,episode/length,500.0
219992,episode/return,0.0
219992,episode/length,500.0
219993,episode/return,7.0
219993,episode/length,500.0
219994,episode/return,975.0
219994,episode/length,500.0
219995,episode/return,5.0
219995,episode/length,500.0
219996,episode/return,928.0
219996,episode/length,500.0
219997,episode/return,1000.0
219997,episode/length,500.0
219998,episode/return,991.0
219998,episode/length,500.0
219999,episode/return,0.0
219999,episode/length,500.0
220000,train/consistency_loss_mean,0.003381956926546991
220000,train/consistency_loss_std,0.00015782585062560563
220000,train/continue_loss_mean,0.0
220000,train/continue_loss_std,0.0
220000,train/grad_norm_mean,0.8626400094509125
220000,train/grad_norm_std,0.1357406859263335
220000,train/policy_log_std_mean,-0.6979955950546265
220000,train/policy_log_std_std,0.4444719785390255
220000,train/policy_loss_mean,-0.22045509754419326
220000,train/policy_loss_std,0.009129661262656057
220000,train/reward_loss_mean,0.1355737177491188
220000,train/reward_loss_std,0.011145604164164784
220000,train/total_loss_mean,0.10617224540710449
220000,train/total_loss_std,0.00355033951245796
220000,train/value_loss_mean,0.2497573458790779
220000,train/value_loss_std,0.010296871713133822
220000,train/value_scale_mean,178.79391770019532
220000,train/value_scale_std,0.339785746144515
220000,timing/collect_chunk_s,106.67780181346461
220000,timing/train_chunk_s,25.247965827118605
220000,dense_rhs/training_bucket_horizon,4.0
220000,system/heartbeat,1.0
220000,dense_rhs/selected_horizon,4.0
220000,dense_rhs/proposed_horizon,4.0
220000,dense_rhs/phase_id,0.0
220000,dense_rhs/num_active_horizons,7.0
220000,dense_rhs/num_candidate_horizons,3.0
220000,dense_rhs/entropy,1.6448233127593994
220000,dense_rhs/norm_entropy,0.8452719449996948
220000,dense_rhs/best_fitness,0.06417396664619446
220000,dense_rhs/deployment_score_best,4.207590276195106e-09
220000,dense_rhs/incumbent_deployment_score,4.207590276195106e-09
220000,dense_rhs/proposed_deployment_score,4.207590276195106e-09
220000,dense_rhs/proposed_transition_cost,0.0
220000,dense_rhs/proposed_switch_probability,0.5
220000,dense_rhs/proposed_expected_net_benefit,0.0
220000,dense_rhs/transition_cost_best,0.0
220000,dense_rhs/transition_adjusted_score_best,4.207590276195106e-09
220000,dense_rhs/switch_probability_best,0.5
220000,dense_rhs/expected_improvement_best,0.11951547116041183
220000,dense_rhs/expected_loss_best,0.11951547116041183
220000,dense_rhs/expected_net_benefit_best,0.0
220000,dense_rhs/return_term_best,0.06787730008363724
220000,dense_rhs/roughness_term_best,0.9974520802497864
220000,dense_rhs/return_std_term_best,0.00023573637008666992
220000,dense_rhs/learner_proxy_term_best,0.8429786562919617
220000,dense_rhs/model_prefix_loss_best,0.7492710947990417
220000,dense_rhs/model_probe_prefix_best,0.5375856161117554
220000,dense_rhs/planner_return_best,169.2418212890625
220000,dense_rhs/roughness_best,0.3847689628601074
220000,dense_rhs/robust_return_best,71.18344116210938
220000,timing/query_model_diag_s,0.012105740141123533
220000,timing/query_env_eval_s,7.724835876841098
220000,timing/query_finalize_s,0.0029894928447902203
220000,timing/query_total_s,7.745058286935091
220000,dense_rhs/candidate_4_fitness,0.06417396664619446
220000,dense_rhs/candidate_4_deployment_score,4.207590276195106e-09
220000,dense_rhs/candidate_4_transition_cost,0.0
220000,dense_rhs/candidate_4_transition_adjusted_score,4.207590276195106e-09
220000,dense_rhs/candidate_4_switch_probability,0.5
220000,dense_rhs/candidate_4_expected_net_benefit,0.0
220000,dense_rhs/candidate_4_return,71.18344116210938
220000,dense_rhs/candidate_4_return_term,0.06787730008363724
220000,dense_rhs/candidate_4_roughness_term,0.9974520802497864
220000,dense_rhs/candidate_4_return_std_term,0.00023573637008666992
220000,dense_rhs/candidate_4_learner_proxy_term,0.8429786562919617
220000,dense_rhs/candidate_5_fitness,0.03162277489900589
220000,dense_rhs/candidate_5_deployment_score,3.1326011672972413e-26
220000,dense_rhs/candidate_5_transition_cost,0.049983911216259
220000,dense_rhs/candidate_5_transition_adjusted_score,-0.049983911216259
220000,dense_rhs/candidate_5_switch_probability,0.40918347239494324
220000,dense_rhs/candidate_5_expected_net_benefit,-0.049983911216259
220000,dense_rhs/candidate_5_return,63.87654113769531
220000,dense_rhs/candidate_5_return_term,0.0
220000,dense_rhs/candidate_5_roughness_term,0.8770555853843689
220000,dense_rhs/candidate_5_return_std_term,0.03571724891662598
220000,dense_rhs/candidate_5_learner_proxy_term,1.0
220000,dense_rhs/candidate_3_fitness,0.03169184550642967
220000,dense_rhs/candidate_3_deployment_score,2.6702798305855424e-10
220000,dense_rhs/candidate_3_transition_cost,0.05140123888850212
220000,dense_rhs/candidate_3_transition_adjusted_score,-0.05140123888850212
220000,dense_rhs/candidate_3_switch_probability,0.4138909578323364
220000,dense_rhs/candidate_3_expected_net_benefit,-0.05140124261379242
220000,dense_rhs/candidate_3_return,79.76023864746094
220000,dense_rhs/candidate_3_return_term,0.1475512832403183
220000,dense_rhs/candidate_3_roughness_term,0.9966716170310974
220000,dense_rhs/candidate_3_return_std_term,5.960464477539063e-08
220000,dense_rhs/candidate_3_learner_proxy_term,0.5652397871017456
220000,dense_rhs/deployment_utility_enabled,1.0
220000,dense_rhs/deployment_utility_observations,3.0
220000,dense_rhs/deployment_utility_last_observed_gain,-285.79998779296875
220000,dense_rhs/candidate_3_expected_eval_gain,0.0
220000,dense_rhs/candidate_3_eval_gain_uncertainty,150.0
220000,dense_rhs/candidate_3_deployment_utility_score,38.13463399601737
220000,dense_rhs/candidate_4_expected_eval_gain,95.91666666666667
220000,dense_rhs/candidate_4_eval_gain_uncertainty,135.46222957211634
220000,dense_rhs/candidate_4_deployment_utility_score,139.78222405969575
220000,dense_rhs/candidate_5_expected_eval_gain,0.0
220000,dense_rhs/candidate_5_eval_gain_uncertainty,150.0
220000,dense_rhs/candidate_5_deployment_utility_score,37.5
220000,dense_rhs/deployment_utility_override,0.0
220000,dense_rhs/deployment_utility_selected_expected_gain,95.91666666666667
220000,dense_rhs/deployment_utility_selected_uncertainty,135.46222957211634
220000,dense_rhs/deployment_utility_selected_score,139.78222405969575
220000,dense_rhs/deployment_utility_proposed_horizon,4.0
220000,dense_rhs/deployment_utility_proposed_expected_gain,95.91666666666667
220000,dense_rhs/deployment_utility_proposed_uncertainty,135.46222957211634
220000,dense_rhs/deployment_utility_proposed_score,139.78222405969575
220000,dense_rhs/previous_horizon,4.0
220000,dense_rhs/training_bucket_horizon,4.0
220000,dense_rhs/best_h,4.0
220000,dense_rhs/prob_best_h,0.072265625
220000,dense_rhs/gauss_mean_best_h,0.2343440055847168
220000,dense_rhs/gauss_post_std_best_h,0.1662978231906891
220000,system/heartbeat,1.0
223992,episode/return,971.0
223992,episode/length,500.0
223993,episode/return,622.0
223993,episode/length,500.0
223994,episode/return,928.0
223994,episode/length,500.0
223995,episode/return,735.0
223995,episode/length,500.0
223996,episode/return,545.0
223996,episode/length,500.0
223997,episode/return,0.0
223997,episode/length,500.0
223998,episode/return,789.0
223998,episode/length,500.0
223999,episode/return,964.0
223999,episode/length,500.0
227992,episode/return,8.0
227992,episode/length,500.0
227993,episode/return,0.0
227993,episode/length,500.0
227994,episode/return,141.0
227994,episode/length,500.0
227995,episode/return,782.0
227995,episode/length,500.0
227996,episode/return,954.0
227996,episode/length,500.0
227997,episode/return,0.0
227997,episode/length,500.0
227998,episode/return,964.0
227998,episode/length,500.0
227999,episode/return,373.0
227999,episode/length,500.0
230000,train/consistency_loss_mean,0.003394245789386332
230000,train/consistency_loss_std,0.00016059041822563008
230000,train/continue_loss_mean,0.0
230000,train/continue_loss_std,0.0
230000,train/grad_norm_mean,0.867841446018219
230000,train/grad_norm_std,0.13847855781997362
230000,train/policy_log_std_mean,-0.7046161310958863
230000,train/policy_log_std_std,0.4513350909750818
230000,train/policy_loss_mean,-0.2214237396478653
230000,train/policy_loss_std,0.009277952504087073
230000,train/reward_loss_mean,0.13887726732492447
230000,train/reward_loss_std,0.011377060581475274
230000,train/total_loss_mean,0.10638310205936431
230000,train/total_loss_std,0.0036060921340837935
230000,train/value_loss_mean,0.2461045772433281
230000,train/value_loss_std,0.010320553327483703
230000,train/value_scale_mean,179.7312069091797
230000,train/value_scale_std,0.19324248274810513
230000,timing/collect_chunk_s,101.68517049774528
230000,timing/train_chunk_s,25.181605704128742
230000,dense_rhs/training_bucket_horizon,4.0
230000,system/heartbeat,1.0
231992,episode/return,968.0
231992,episode/length,500.0
231993,episode/return,856.0
231993,episode/length,500.0
231994,episode/return,975.0
231994,episode/length,500.0
231995,episode/return,989.0
231995,episode/length,500.0
231996,episode/return,865.0
231996,episode/length,500.0
231997,episode/return,987.0
231997,episode/length,500.0
231998,episode/return,0.0
231998,episode/length,500.0
231999,episode/return,0.0
231999,episode/length,500.0
235992,episode/return,0.0
235992,episode/length,500.0
235993,episode/return,943.0
235993,episode/length,500.0
235994,episode/return,984.0
235994,episode/length,500.0
235995,episode/return,0.0
235995,episode/length,500.0
235996,episode/return,768.0
235996,episode/length,500.0
235997,episode/return,903.0
235997,episode/length,500.0
235998,episode/return,936.0
235998,episode/length,500.0
235999,episode/return,551.0
235999,episode/length,500.0
239992,episode/return,731.0
239992,episode/length,500.0
239993,episode/return,989.0
239993,episode/length,500.0
239994,episode/return,730.0
239994,episode/length,500.0
239995,episode/return,8.0
239995,episode/length,500.0
239996,episode/return,976.0
239996,episode/length,500.0
239997,episode/return,905.0
239997,episode/length,500.0
239998,episode/return,3.0
239998,episode/length,500.0
239999,episode/return,0.0
239999,episode/length,500.0
240000,train/consistency_loss_mean,0.0034279850099235773
240000,train/consistency_loss_std,0.0001626682507571076
240000,train/continue_loss_mean,0.0
240000,train/continue_loss_std,0.0
240000,train/grad_norm_mean,0.8594548953056336
240000,train/grad_norm_std,0.13578104610815617
240000,train/policy_log_std_mean,-0.7283869038009644
240000,train/policy_log_std_std,0.4592478205293724
240000,train/policy_loss_mean,-0.22325595387220382
240000,train/policy_loss_std,0.009205566983066205
240000,train/reward_loss_mean,0.14075337983369826
240000,train/reward_loss_std,0.011116843249872587
240000,train/total_loss_mean,0.10743048949837684
240000,train/total_loss_std,0.0036105556444632416
240000,train/value_loss_mean,0.24795450377464295
240000,train/value_loss_std,0.010022424228117293
240000,train/value_scale_mean,180.6301860961914
240000,train/value_scale_std,0.3139151641104435
240000,timing/collect_chunk_s,106.57206525746733
240000,timing/train_chunk_s,25.229402851779014
240000,dense_rhs/training_bucket_horizon,4.0
240000,system/heartbeat,1.0
243992,episode/return,0.0
243992,episode/length,500.0
243993,episode/return,916.0
243993,episode/length,500.0
243994,episode/return,982.0
243994,episode/length,500.0
243995,episode/return,817.0
243995,episode/length,500.0
243996,episode/return,831.0
243996,episode/length,500.0
243997,episode/return,981.0
243997,episode/length,500.0
243998,episode/return,2.0
243998,episode/length,500.0
243999,episode/return,0.0
243999,episode/length,500.0
247992,episode/return,215.0
247992,episode/length,500.0
247993,episode/return,939.0
247993,episode/length,500.0
247994,episode/return,0.0
247994,episode/length,500.0
247995,episode/return,934.0
247995,episode/length,500.0
247996,episode/return,0.0
247996,episode/length,500.0
247997,episode/return,965.0
247997,episode/length,500.0
247998,episode/return,972.0
247998,episode/length,500.0
247999,episode/return,954.0
247999,episode/length,500.0
250000,train/consistency_loss_mean,0.0034380233999341727
250000,train/consistency_loss_std,0.00016172840431056767
250000,train/continue_loss_mean,0.0
250000,train/continue_loss_std,0.0
250000,train/grad_norm_mean,0.851215216588974
250000,train/grad_norm_std,0.13194282793834541
250000,train/policy_log_std_mean,-0.7371054937362671
250000,train/policy_log_std_std,0.4577799426479946
250000,train/policy_loss_mean,-0.2273381083250046
250000,train/policy_loss_std,0.008988140860687863
250000,train/reward_loss_mean,0.14349256919622422
250000,train/reward_loss_std,0.011113820714250058
250000,train/total_loss_mean,0.10773573461174965
250000,train/total_loss_std,0.0035815080746496425
250000,train/value_loss_mean,0.24626008640527725
250000,train/value_loss_std,0.010099398779267061
250000,train/value_scale_mean,181.1250394897461
250000,train/value_scale_std,0.2712318434965728
250000,timing/collect_chunk_s,101.19862426258624
250000,timing/train_chunk_s,25.20547416759655
250000,dense_rhs/training_bucket_horizon,4.0
250000,system/heartbeat,1.0
250000,timing/checkpoint_blocking_s,0.4630879107862711
250000,eval/return_mean,646.0999755859375
250000,eval/return_std,370.9382629394531
250000,eval/return_max,1000.0
250000,eval/return_min,0.0
250000,dense_rhs/deployment_utility_last_observed_gain,221.8499755859375
250000,dense_rhs/deployment_utility_observations,4.0
250000,timing/eval_s,12.408004951663315
250000,eval/selected_horizon,4.0
250000,eval/training_bucket_horizon,4.0
250000,system/heartbeat,1.0
251992,episode/return,546.0
251992,episode/length,500.0
251993,episode/return,0.0
251993,episode/length,500.0
251994,episode/return,550.0
251994,episode/length,500.0
251995,episode/return,965.0
251995,episode/length,500.0
251996,episode/return,1000.0
251996,episode/length,500.0
251997,episode/return,938.0
251997,episode/length,500.0
251998,episode/return,3.0
251998,episode/length,500.0
251999,episode/return,986.0
251999,episode/length,500.0
255992,episode/return,931.0
255992,episode/length,500.0
255993,episode/return,927.0
255993,episode/length,500.0
255994,episode/return,945.0
255994,episode/length,500.0
255995,episode/return,897.0
255995,episode/length,500.0
255996,episode/return,10.0
255996,episode/length,500.0
255997,episode/return,881.0
255997,episode/length,500.0
255998,episode/return,942.0
255998,episode/length,500.0
255999,episode/return,981.0
255999,episode/length,500.0
259992,episode/return,962.0
259992,episode/length,500.0
259993,episode/return,948.0
259993,episode/length,500.0
259994,episode/return,905.0
259994,episode/length,500.0
259995,episode/return,825.0
259995,episode/length,500.0
259996,episode/return,2.0
259996,episode/length,500.0
259997,episode/return,0.0
259997,episode/length,500.0
259998,episode/return,856.0
259998,episode/length,500.0
259999,episode/return,758.0
259999,episode/length,500.0
260000,train/consistency_loss_mean,0.0034393271332606675
260000,train/consistency_loss_std,0.0001647554610744982
260000,train/continue_loss_mean,0.0
260000,train/continue_loss_std,0.0
260000,train/grad_norm_mean,0.8477508035182952
260000,train/grad_norm_std,0.12893046218443524
260000,train/policy_log_std_mean,-0.7589134759140015
260000,train/policy_log_std_std,0.45724583303990196
260000,train/policy_loss_mean,-0.2309701790213585
260000,train/policy_loss_std,0.008877518505314666
260000,train/reward_loss_mean,0.14653561341762542
260000,train/reward_loss_std,0.011165892615039785
260000,train/total_loss_mean,0.10875185657739639
260000,train/total_loss_std,0.0036448869412731505
260000,train/value_loss_mean,0.25311751505136487
260000,train/value_loss_std,0.010586241161920083
260000,train/value_scale_mean,181.44876612548828
260000,train/value_scale_std,0.19199521571798867
260000,timing/collect_chunk_s,106.45152555638924
260000,timing/train_chunk_s,25.13182558491826
260000,dense_rhs/training_bucket_horizon,4.0
260000,system/heartbeat,1.0
263992,episode/return,965.0
263992,episode/length,500.0
263993,episode/return,979.0
263993,episode/length,500.0
263994,episode/return,942.0
263994,episode/length,500.0
263995,episode/return,566.0
263995,episode/length,500.0
263996,episode/return,926.0
263996,episode/length,500.0
263997,episode/return,977.0
263997,episode/length,500.0
263998,episode/return,981.0
263998,episode/length,500.0
263999,episode/return,898.0
263999,episode/length,500.0
267992,episode/return,1000.0
267992,episode/length,500.0
267993,episode/return,920.0
267993,episode/length,500.0
267994,episode/return,855.0
267994,episode/length,500.0
267995,episode/return,935.0
267995,episode/length,500.0
267996,episode/return,967.0
267996,episode/length,500.0
267997,episode/return,1000.0
267997,episode/length,500.0
267998,episode/return,862.0
267998,episode/length,500.0
267999,episode/return,1000.0
267999,episode/length,500.0
270000,train/consistency_loss_mean,0.003438248918019235
270000,train/consistency_loss_std,0.00016615579376294136
270000,train/continue_loss_mean,0.0
270000,train/continue_loss_std,0.0
270000,train/grad_norm_mean,0.8418059177875519
270000,train/grad_norm_std,0.13128423623614308
270000,train/policy_log_std_mean,-0.7709573532485962
270000,train/policy_log_std_std,0.4560268332759818
270000,train/policy_loss_mean,-0.23513113839626312
270000,train/policy_loss_std,0.008939483754327782
270000,train/reward_loss_mean,0.15089960441589356
270000,train/reward_loss_std,0.011176880385179255
270000,train/total_loss_mean,0.10996169245243073
270000,train/total_loss_std,0.003622679246776411
270000,train/value_loss_mean,0.2610675268650055
270000,train/value_loss_std,0.010318678191106694
270000,train/value_scale_mean,182.18048040771484
270000,train/value_scale_std,0.4304129287446578
270000,timing/collect_chunk_s,100.77334615588188
270000,timing/train_chunk_s,25.21308266557753
270000,dense_rhs/training_bucket_horizon,4.0
270000,system/heartbeat,1.0
270000,dense_rhs/selected_horizon,4.0
270000,dense_rhs/proposed_horizon,4.0
270000,dense_rhs/phase_id,0.0
270000,dense_rhs/num_active_horizons,7.0
270000,dense_rhs/num_candidate_horizons,3.0
270000,dense_rhs/entropy,1.664016604423523
270000,dense_rhs/norm_entropy,0.8551353216171265
270000,dense_rhs/best_fitness,0.03162277489900589
270000,dense_rhs/deployment_score_best,3.4280542282057984e-26
270000,dense_rhs/incumbent_deployment_score,3.4280542282057984e-26
270000,dense_rhs/proposed_deployment_score,3.4280542282057984e-26
270000,dense_rhs/proposed_transition_cost,0.0
270000,dense_rhs/proposed_switch_probability,0.5
270000,dense_rhs/proposed_expected_net_benefit,0.0
270000,dense_rhs/transition_cost_best,0.0
270000,dense_rhs/transition_adjusted_score_best,3.4280542282057984e-26
270000,dense_rhs/switch_probability_best,0.5
270000,dense_rhs/expected_improvement_best,0.09382349997758865
270000,dense_rhs/expected_loss_best,0.09382349997758865
270000,dense_rhs/expected_net_benefit_best,0.0
270000,dense_rhs/return_term_best,0.0
270000,dense_rhs/roughness_term_best,1.0
270000,dense_rhs/return_std_term_best,0.04393923282623291
270000,dense_rhs/learner_proxy_term_best,0.7801806926727295
270000,dense_rhs/model_prefix_loss_best,0.8024341464042664
270000,dense_rhs/model_probe_prefix_best,0.5666157007217407
270000,dense_rhs/planner_return_best,173.8397216796875
270000,dense_rhs/roughness_best,0.1763833463191986
270000,dense_rhs/robust_return_best,-47.02552795410156
270000,timing/query_model_diag_s,0.011789091397076845
270000,timing/query_env_eval_s,7.657281527295709
270000,timing/query_finalize_s,0.0035079950466752052
270000,timing/query_total_s,7.677837946917862
270000,dense_rhs/candidate_4_fitness,0.03162277489900589
270000,dense_rhs/candidate_4_deployment_score,3.4280542282057984e-26
270000,dense_rhs/candidate_4_transition_cost,0.0
270000,dense_rhs/candidate_4_transition_adjusted_score,3.4280542282057984e-26
270000,dense_rhs/candidate_4_switch_probability,0.5
270000,dense_rhs/candidate_4_expected_net_benefit,0.0
270000,dense_rhs/candidate_4_return,-47.02552795410156
270000,dense_rhs/candidate_4_return_term,0.0
270000,dense_rhs/candidate_4_roughness_term,1.0
270000,dense_rhs/candidate_4_return_std_term,0.04393923282623291
270000,dense_rhs/candidate_4_learner_proxy_term,0.7801806926727295
270000,dense_rhs/candidate_3_fitness,0.03162277489900589
270000,dense_rhs/candidate_3_deployment_score,2.64345239031627e-08
270000,dense_rhs/candidate_3_transition_cost,0.05659957975149155
270000,dense_rhs/candidate_3_transition_adjusted_score,-0.05659955367445946
270000,dense_rhs/candidate_3_switch_probability,0.3841036558151245
270000,dense_rhs/candidate_3_expected_net_benefit,-0.056599557399749756
270000,dense_rhs/candidate_3_return,57.70768737792969
270000,dense_rhs/candidate_3_return_term,0.4711516201496124
270000,dense_rhs/candidate_3_roughness_term,0.9643872976303101
270000,dense_rhs/candidate_3_return_std_term,0.0
270000,dense_rhs/candidate_3_learner_proxy_term,0.556259274482727
270000,dense_rhs/candidate_5_fitness,0.4995006024837494
270000,dense_rhs/candidate_5_deployment_score,0.014800882898271084
270000,dense_rhs/candidate_5_transition_cost,0.05694958195090294
270000,dense_rhs/candidate_5_transition_adjusted_score,-0.04214869812130928
270000,dense_rhs/candidate_5_switch_probability,0.4041113555431366
270000,dense_rhs/candidate_5_expected_net_benefit,-0.04214869439601898
270000,dense_rhs/candidate_5_return,96.78025817871094
270000,dense_rhs/candidate_5_return_term,0.6469230651855469
270000,dense_rhs/candidate_5_roughness_term,0.7903141975402832
270000,dense_rhs/candidate_5_return_std_term,0.12175440788269043
270000,dense_rhs/candidate_5_learner_proxy_term,0.8781983256340027
270000,dense_rhs/deployment_utility_enabled,1.0
270000,dense_rhs/deployment_utility_observations,4.0
270000,dense_rhs/deployment_utility_last_observed_gain,221.8499755859375
270000,dense_rhs/candidate_3_expected_eval_gain,0.0
270000,dense_rhs/candidate_3_eval_gain_uncertainty,150.0
270000,dense_rhs/candidate_3_deployment_utility_score,37.50001786009935
270000,dense_rhs/candidate_4_expected_eval_gain,127.39999389648438
270000,dense_rhs/candidate_4_eval_gain_uncertainty,107.72524922442797
270000,dense_rhs/candidate_4_deployment_utility_score,154.33130620259138
270000,dense_rhs/candidate_5_expected_eval_gain,0.0
270000,dense_rhs/candidate_5_eval_gain_uncertainty,150.0
270000,dense_rhs/candidate_5_deployment_utility_score,47.5
270000,dense_rhs/deployment_utility_override,0.0
270000,dense_rhs/deployment_utility_selected_expected_gain,127.39999389648438
270000,dense_rhs/deployment_utility_selected_uncertainty,107.72524922442797
270000,dense_rhs/deployment_utility_selected_score,154.33130620259138
270000,dense_rhs/deployment_utility_proposed_horizon,4.0
270000,dense_rhs/deployment_utility_proposed_expected_gain,127.39999389648438
270000,dense_rhs/deployment_utility_proposed_uncertainty,107.72524922442797
270000,dense_rhs/deployment_utility_proposed_score,154.33130620259138
270000,dense_rhs/previous_horizon,4.0
270000,dense_rhs/training_bucket_horizon,4.0
270000,dense_rhs/best_h,4.0
270000,dense_rhs/prob_best_h,0.05859375
270000,dense_rhs/gauss_mean_best_h,0.19379976391792297
270000,dense_rhs/gauss_post_std_best_h,0.13789215683937073
270000,system/heartbeat,1.0
271992,episode/return,184.0
271992,episode/length,500.0
271993,episode/return,5.0
271993,episode/length,500.0
271994,episode/return,926.0
271994,episode/length,500.0
271995,episode/return,965.0
271995,episode/length,500.0
271996,episode/return,714.0
271996,episode/length,500.0
271997,episode/return,5.0
271997,episode/length,500.0
271998,episode/return,881.0
271998,episode/length,500.0
271999,episode/return,1000.0
271999,episode/length,500.0
275992,episode/return,973.0
275992,episode/length,500.0
275993,episode/return,756.0
275993,episode/length,500.0
275994,episode/return,0.0
275994,episode/length,500.0
275995,episode/return,970.0
275995,episode/length,500.0
275996,episode/return,969.0
275996,episode/length,500.0
275997,episode/return,0.0
275997,episode/length,500.0
275998,episode/return,950.0
275998,episode/length,500.0
275999,episode/return,952.0
275999,episode/length,500.0
279992,episode/return,0.0
279992,episode/length,500.0
279993,episode/return,974.0
279993,episode/length,500.0
279994,episode/return,965.0
279994,episode/length,500.0
279995,episode/return,783.0
279995,episode/length,500.0
279996,episode/return,988.0
279996,episode/length,500.0
279997,episode/return,4.0
279997,episode/length,500.0
279998,episode/return,0.0
279998,episode/length,500.0
279999,episode/return,0.0
279999,episode/length,500.0
280000,train/consistency_loss_mean,0.003439310646057129
280000,train/consistency_loss_std,0.00016696696757524313
280000,train/continue_loss_mean,0.0
280000,train/continue_loss_std,0.0
280000,train/grad_norm_mean,0.837537615442276
280000,train/grad_norm_std,0.1260435804945298
280000,train/policy_log_std_mean,-0.7825402633666992
280000,train/policy_log_std_std,0.4558110962521303
280000,train/policy_loss_mean,-0.2394308324098587
280000,train/policy_loss_std,0.008683267583274689
280000,train/reward_loss_mean,0.1547095988869667
280000,train/reward_loss_std,0.011285265015989587
280000,train/total_loss_mean,0.1100741054236889
280000,train/total_loss_std,0.003638322278027441
280000,train/value_loss_mean,0.258169305062294
280000,train/value_loss_std,0.010527580099636212
280000,train/value_scale_mean,182.9423411621094
280000,train/value_scale_std,0.28386969083979213
280000,timing/collect_chunk_s,100.31066815601662
280000,timing/train_chunk_s,25.202231792267412
280000,dense_rhs/training_bucket_horizon,4.0
280000,system/heartbeat,1.0
283992,episode/return,0.0
283992,episode/length,500.0
283993,episode/return,5.0
283993,episode/length,500.0
283994,episode/return,984.0
283994,episode/length,500.0
283995,episode/return,990.0
283995,episode/length,500.0
283996,episode/return,982.0
283996,episode/length,500.0
283997,episode/return,967.0
283997,episode/length,500.0
283998,episode/return,1000.0
283998,episode/length,500.0
283999,episode/return,972.0
283999,episode/length,500.0
287992,episode/return,918.0
287992,episode/length,500.0
287993,episode/return,0.0
287993,episode/length,500.0
287994,episode/return,444.0
287994,episode/length,500.0
287995,episode/return,901.0
287995,episode/length,500.0
287996,episode/return,480.0
287996,episode/length,500.0
287997,episode/return,0.0
287997,episode/length,500.0
287998,episode/return,959.0
287998,episode/length,500.0
287999,episode/return,992.0
287999,episode/length,500.0
290000,train/consistency_loss_mean,0.0034495605180040003
290000,train/consistency_loss_std,0.00016852894917199747
290000,train/continue_loss_mean,0.0
290000,train/continue_loss_std,0.0
290000,train/grad_norm_mean,0.8326481914520264
290000,train/grad_norm_std,0.12244169608157622
290000,train/policy_log_std_mean,-0.8017146522140502
290000,train/policy_log_std_std,0.45330773265290936
290000,train/policy_loss_mean,-0.24004655748605727
290000,train/policy_loss_std,0.008517040288065802
290000,train/reward_loss_mean,0.15744430903196335
290000,train/reward_loss_std,0.01130937728864506
290000,train/total_loss_mean,0.1106090965270996
290000,train/total_loss_std,0.003706607775917031
290000,train/value_loss_mean,0.25873452877998354
290000,train/value_loss_std,0.01085749919862607
290000,train/value_scale_mean,183.5161140625
290000,train/value_scale_std,0.2000031861914021
290000,timing/collect_chunk_s,106.4470782065764
290000,timing/train_chunk_s,25.20091925933957
290000,dense_rhs/training_bucket_horizon,4.0
290000,system/heartbeat,1.0
291992,episode/return,927.0
291992,episode/length,500.0
291993,episode/return,0.0
291993,episode/length,500.0
291994,episode/return,933.0
291994,episode/length,500.0
291995,episode/return,788.0
291995,episode/length,500.0
291996,episode/return,946.0
291996,episode/length,500.0
291997,episode/return,0.0
291997,episode/length,500.0
291998,episode/return,992.0
291998,episode/length,500.0
291999,episode/return,652.0
291999,episode/length,500.0
295992,episode/return,774.0
295992,episode/length,500.0
295993,episode/return,603.0
295993,episode/length,500.0
295994,episode/return,656.0
295994,episode/length,500.0
295995,episode/return,978.0
295995,episode/length,500.0
295996,episode/return,990.0
295996,episode/length,500.0
295997,episode/return,407.0
295997,episode/length,500.0
295998,episode/return,942.0
295998,episode/length,500.0
295999,episode/return,912.0
295999,episode/length,500.0
299992,episode/return,990.0
299992,episode/length,500.0
299993,episode/return,978.0
299993,episode/length,500.0
299994,episode/return,914.0
299994,episode/length,500.0
299995,episode/return,486.0
299995,episode/length,500.0
299996,episode/return,797.0
299996,episode/length,500.0
299997,episode/return,965.0
299997,episode/length,500.0
299998,episode/return,832.0
299998,episode/length,500.0
299999,episode/return,941.0
299999,episode/length,500.0
300000,train/consistency_loss_mean,0.0034858914259821177
300000,train/consistency_loss_std,0.00016769694074588292
300000,train/continue_loss_mean,0.0
300000,train/continue_loss_std,0.0
300000,train/grad_norm_mean,0.8260288991928101
300000,train/grad_norm_std,0.12095757898736943
300000,train/policy_log_std_mean,-0.815761537399292
300000,train/policy_log_std_std,0.45576759613526563
300000,train/policy_loss_mean,-0.242183857524395
300000,train/policy_loss_std,0.008498180700579207
300000,train/reward_loss_mean,0.15935883878469467
300000,train/reward_loss_std,0.011118836264666471
300000,train/total_loss_mean,0.11155523599982262
300000,train/total_loss_std,0.0037039729893898468
300000,train/value_loss_mean,0.259015225815773
300000,train/value_loss_std,0.010166354133515004
300000,train/value_scale_mean,182.55106334228515
300000,train/value_scale_std,0.4435201246776702
300000,timing/collect_chunk_s,102.40432708198205
300000,timing/train_chunk_s,25.261193104553968
300000,dense_rhs/training_bucket_horizon,4.0
300000,system/heartbeat,1.0
300000,timing/checkpoint_blocking_s,0.4546304000541568
300000,eval/return_mean,522.0999755859375
300000,eval/return_std,448.6562805175781
300000,eval/return_max,981.0
300000,eval/return_min,0.0
300000,dense_rhs/deployment_utility_last_observed_gain,-124.0
300000,dense_rhs/deployment_utility_observations,5.0
300000,timing/eval_s,12.274942472111434
300000,eval/selected_horizon,4.0
300000,eval/training_bucket_horizon,4.0
300000,system/heartbeat,1.0
303992,episode/return,983.0
303992,episode/length,500.0
303993,episode/return,0.0
303993,episode/length,500.0
303994,episode/return,895.0
303994,episode/length,500.0
303995,episode/return,965.0
303995,episode/length,500.0
303996,episode/return,986.0
303996,episode/length,500.0
303997,episode/return,987.0
303997,episode/length,500.0
303998,episode/return,932.0
303998,episode/length,500.0
303999,episode/return,982.0
303999,episode/length,500.0
307992,episode/return,317.0
307992,episode/length,500.0
307993,episode/return,231.0
307993,episode/length,500.0
307994,episode/return,1000.0
307994,episode/length,500.0
307995,episode/return,925.0
307995,episode/length,500.0
307996,episode/return,871.0
307996,episode/length,500.0
307997,episode/return,952.0
307997,episode/length,500.0
307998,episode/return,57.0
307998,episode/length,500.0
307999,episode/return,963.0
307999,episode/length,500.0
310000,train/consistency_loss_mean,0.0035080913780257106
310000,train/consistency_loss_std,0.00017016553376238085
310000,train/continue_loss_mean,0.0
310000,train/continue_loss_std,0.0
310000,train/grad_norm_mean,0.8227190352916718
310000,train/grad_norm_std,0.12159740749471604
310000,train/policy_log_std_mean,-0.8091518904876709
310000,train/policy_log_std_std,0.4541061927305486
310000,train/policy_loss_mean,-0.24597987847328187
310000,train/policy_loss_std,0.008372509827100132
310000,train/reward_loss_mean,0.16380077164173126
310000,train/reward_loss_std,0.011406787638522648
310000,train/total_loss_mean,0.11246408420801163
310000,train/total_loss_std,0.003752089322343957
310000,train/value_loss_mean,0.2592217732667923
310000,train/value_loss_std,0.010049314970239762
310000,train/value_scale_mean,182.53491010742187
310000,train/value_scale_std,0.21795544366003833
310000,timing/collect_chunk_s,99.39719442697242
310000,timing/train_chunk_s,25.199869838543236
310000,dense_rhs/training_bucket_horizon,4.0
310000,system/heartbeat,1.0
311992,episode/return,9.0
311992,episode/length,500.0
311993,episode/return,33.0
311993,episode/length,500.0
311994,episode/return,4.0
311994,episode/length,500.0
311995,episode/return,765.0
311995,episode/length,500.0
311996,episode/return,0.0
311996,episode/length,500.0
311997,episode/return,954.0
311997,episode/length,500.0
311998,episode/return,911.0
311998,episode/length,500.0
311999,episode/return,715.0
311999,episode/length,500.0
315992,episode/return,989.0
315992,episode/length,500.0
315993,episode/return,499.0
315993,episode/length,500.0
315994,episode/return,934.0
315994,episode/length,500.0
315995,episode/return,946.0
315995,episode/length,500.0
315996,episode/return,921.0
315996,episode/length,500.0
315997,episode/return,0.0
315997,episode/length,500.0
315998,episode/return,993.0
315998,episode/length,500.0
315999,episode/return,985.0
315999,episode/length,500.0
319992,episode/return,977.0
319992,episode/length,500.0
319993,episode/return,960.0
319993,episode/length,500.0
319994,episode/return,925.0
319994,episode/length,500.0
319995,episode/return,66.0
319995,episode/length,500.0
319996,episode/return,0.0
319996,episode/length,500.0
319997,episode/return,856.0
319997,episode/length,500.0
319998,episode/return,1000.0
319998,episode/length,500.0
319999,episode/return,986.0
319999,episode/length,500.0
320000,train/consistency_loss_mean,0.0035509300788864493
320000,train/consistency_loss_std,0.00017339404380185022
320000,train/continue_loss_mean,0.0
320000,train/continue_loss_std,0.0
320000,train/grad_norm_mean,0.8221309513092041
320000,train/grad_norm_std,0.1220460042170532
320000,train/policy_log_std_mean,-0.812611983833313
320000,train/policy_log_std_std,0.4451806331079319
320000,train/policy_loss_mean,-0.24872009905576706
320000,train/policy_loss_std,0.00814968527333138
320000,train/reward_loss_mean,0.1663398614525795
320000,train/reward_loss_std,0.011127096509359452
320000,train/total_loss_mean,0.11418929938077926
320000,train/total_loss_std,0.0037530254450402595
320000,train/value_loss_mean,0.26536711132526397
320000,train/value_loss_std,0.009575536251844478
320000,train/value_scale_mean,182.78505689697266
320000,train/value_scale_std,0.23769764506024998
320000,timing/collect_chunk_s,106.03488663816825
320000,timing/train_chunk_s,25.194903512485325
320000,dense_rhs/training_bucket_horizon,4.0
320000,system/heartbeat,1.0
320000,dense_rhs/selected_horizon,4.0
320000,dense_rhs/proposed_horizon,4.0
320000,dense_rhs/phase_id,0.0
320000,dense_rhs/num_active_horizons,7.0
320000,dense_rhs/num_candidate_horizons,3.0
320000,dense_rhs/entropy,1.6342620849609375
320000,dense_rhs/norm_entropy,0.8398445248603821
320000,dense_rhs/best_fitness,0.03162277489900589
320000,dense_rhs/deployment_score_best,1.1560676027588812e-10
320000,dense_rhs/incumbent_deployment_score,1.1560676027588812e-10
320000,dense_rhs/proposed_deployment_score,1.1560676027588812e-10
320000,dense_rhs/proposed_transition_cost,0.0
320000,dense_rhs/proposed_switch_probability,0.5
320000,dense_rhs/proposed_expected_net_benefit,0.0
320000,dense_rhs/transition_cost_best,0.0
320000,dense_rhs/transition_adjusted_score_best,1.1560676027588812e-10
320000,dense_rhs/switch_probability_best,0.5
320000,dense_rhs/expected_improvement_best,0.0777973160147667
320000,dense_rhs/expected_loss_best,0.0777973160147667
320000,dense_rhs/expected_net_benefit_best,0.0
320000,dense_rhs/return_term_best,0.17106419801712036
320000,dense_rhs/roughness_term_best,0.1854497790336609
320000,dense_rhs/return_std_term_best,0.0
320000,dense_rhs/learner_proxy_term_best,0.7279815673828125
320000,dense_rhs/model_prefix_loss_best,0.7860453128814697
320000,dense_rhs/model_probe_prefix_best,0.5683721303939819
320000,dense_rhs/planner_return_best,173.844970703125
320000,dense_rhs/roughness_best,0.6690619587898254
320000,dense_rhs/robust_return_best,14.129257202148438
320000,timing/query_model_diag_s,0.011115428991615772
320000,timing/query_env_eval_s,7.648496934212744
320000,timing/query_finalize_s,0.0028848531655967236
320000,timing/query_total_s,7.667484892066568
320000,dense_rhs/candidate_4_fitness,0.03162277489900589
320000,dense_rhs/candidate_4_deployment_score,1.1560676027588812e-10
320000,dense_rhs/candidate_4_transition_cost,0.0
320000,dense_rhs/candidate_4_transition_adjusted_score,1.1560676027588812e-10
320000,dense_rhs/candidate_4_switch_probability,0.5
320000,dense_rhs/candidate_4_expected_net_benefit,0.0
320000,dense_rhs/candidate_4_return,14.129257202148438
320000,dense_rhs/candidate_4_return_term,0.17106419801712036
320000,dense_rhs/candidate_4_roughness_term,0.1854497790336609
320000,dense_rhs/candidate_4_return_std_term,0.0
320000,dense_rhs/candidate_4_learner_proxy_term,0.7279815673828125
320000,dense_rhs/candidate_5_fitness,0.3489144444465637
320000,dense_rhs/candidate_5_deployment_score,0.0028897300362586975
320000,dense_rhs/candidate_5_transition_cost,0.07107734680175781
320000,dense_rhs/candidate_5_transition_adjusted_score,-0.06818761676549911
320000,dense_rhs/candidate_5_switch_probability,0.34512269496917725
320000,dense_rhs/candidate_5_expected_net_benefit,-0.06818760931491852
320000,dense_rhs/candidate_5_return,100.44798278808594
320000,dense_rhs/candidate_5_return_term,0.6155508756637573
320000,dense_rhs/candidate_5_roughness_term,0.2160518765449524
320000,dense_rhs/candidate_5_return_std_term,0.11143571138381958
320000,dense_rhs/candidate_5_learner_proxy_term,0.8360244631767273
320000,dense_rhs/candidate_3_fitness,0.03162277489900589
320000,dense_rhs/candidate_3_deployment_score,2.976690821248877e-26
320000,dense_rhs/candidate_3_transition_cost,0.055875666439533234
320000,dense_rhs/candidate_3_transition_adjusted_score,-0.055875666439533234
320000,dense_rhs/candidate_3_switch_probability,0.364716112613678
320000,dense_rhs/candidate_3_expected_net_benefit,-0.055875666439533234
320000,dense_rhs/candidate_3_return,-19.0911865234375
320000,dense_rhs/candidate_3_return_term,0.0
320000,dense_rhs/candidate_3_roughness_term,0.7717077732086182
320000,dense_rhs/candidate_3_return_std_term,0.08222764730453491
320000,dense_rhs/candidate_3_learner_proxy_term,0.469097375869751
320000,dense_rhs/deployment_utility_enabled,1.0
320000,dense_rhs/deployment_utility_observations,5.0
320000,dense_rhs/deployment_utility_last_observed_gain,-124.0
320000,dense_rhs/candidate_3_expected_eval_gain,0.0
320000,dense_rhs/candidate_3_eval_gain_uncertainty,150.0
320000,dense_rhs/candidate_3_deployment_utility_score,37.5
320000,dense_rhs/candidate_4_expected_eval_gain,77.1199951171875
320000,dense_rhs/candidate_4_eval_gain_uncertainty,97.06632645674543
320000,dense_rhs/candidate_4_deployment_utility_score,101.3865771314346
320000,dense_rhs/candidate_5_expected_eval_gain,0.0
320000,dense_rhs/candidate_5_eval_gain_uncertainty,150.0
320000,dense_rhs/candidate_5_deployment_utility_score,47.5
320000,dense_rhs/deployment_utility_override,0.0
320000,dense_rhs/deployment_utility_selected_expected_gain,77.1199951171875
320000,dense_rhs/deployment_utility_selected_uncertainty,97.06632645674543
320000,dense_rhs/deployment_utility_selected_score,101.3865771314346
320000,dense_rhs/deployment_utility_proposed_horizon,4.0
320000,dense_rhs/deployment_utility_proposed_expected_gain,77.1199951171875
320000,dense_rhs/deployment_utility_proposed_uncertainty,97.06632645674543
320000,dense_rhs/deployment_utility_proposed_score,101.3865771314346
320000,dense_rhs/previous_horizon,4.0
320000,dense_rhs/training_bucket_horizon,4.0
320000,dense_rhs/best_h,4.0
320000,dense_rhs/prob_best_h,0.044921875
320000,dense_rhs/gauss_mean_best_h,0.16677026450634003
320000,dense_rhs/gauss_post_std_best_h,0.11752942949533463
320000,system/heartbeat,1.0
323992,episode/return,984.0
323992,episode/length,500.0
323993,episode/return,806.0
323993,episode/length,500.0
323994,episode/return,925.0
323994,episode/length,500.0
323995,episode/return,993.0
323995,episode/length,500.0
323996,episode/return,979.0
323996,episode/length,500.0
323997,episode/return,4.0
323997,episode/length,500.0
323998,episode/return,860.0
323998,episode/length,500.0
323999,episode/return,0.0
323999,episode/length,500.0
327992,episode/return,864.0
327992,episode/length,500.0
327993,episode/return,981.0
327993,episode/length,500.0
327994,episode/return,981.0
327994,episode/length,500.0
327995,episode/return,954.0
327995,episode/length,500.0
327996,episode/return,952.0
327996,episode/length,500.0
327997,episode/return,969.0
327997,episode/length,500.0
327998,episode/return,759.0
327998,episode/length,500.0
327999,episode/return,971.0
327999,episode/length,500.0
330000,train/consistency_loss_mean,0.003540949890948832
330000,train/consistency_loss_std,0.0001729358468538384
330000,train/continue_loss_mean,0.0
330000,train/continue_loss_std,0.0
330000,train/grad_norm_mean,0.8105153416156768
330000,train/grad_norm_std,0.11854262853327913
330000,train/policy_log_std_mean,-0.8249205489349365
330000,train/policy_log_std_std,0.44186436558909264
330000,train/policy_loss_mean,-0.2499994071006775
330000,train/policy_loss_std,0.008034328546401697
330000,train/reward_loss_mean,0.16898857107162477
330000,train/reward_loss_std,0.011191175755637193
330000,train/total_loss_mean,0.11414029411673546
330000,train/total_loss_std,0.0037515231326759337
330000,train/value_loss_mean,0.26422437114715575
330000,train/value_loss_std,0.009743551435293166
330000,train/value_scale_mean,183.26507622070312
330000,train/value_scale_std,0.38135901047960563
330000,timing/collect_chunk_s,101.6799494465813
330000,timing/train_chunk_s,25.22107773879543
330000,dense_rhs/training_bucket_horizon,4.0
330000,system/heartbeat,1.0
331992,episode/return,929.0
331992,episode/length,500.0
331993,episode/return,984.0
331993,episode/length,500.0
331994,episode/return,1000.0
331994,episode/length,500.0
331995,episode/return,881.0
331995,episode/length,500.0
331996,episode/return,939.0
331996,episode/length,500.0
331997,episode/return,987.0
331997,episode/length,500.0
331998,episode/return,972.0
331998,episode/length,500.0
331999,episode/return,0.0
331999,episode/length,500.0
335992,episode/return,984.0
335992,episode/length,500.0
335993,episode/return,474.0
335993,episode/length,500.0
335994,episode/return,451.0
335994,episode/length,500.0
335995,episode/return,988.0
335995,episode/length,500.0
335996,episode/return,809.0
335996,episode/length,500.0
335997,episode/return,986.0
335997,episode/length,500.0
335998,episode/return,948.0
335998,episode/length,500.0
335999,episode/return,706.0
335999,episode/length,500.0
339992,episode/return,459.0
339992,episode/length,500.0
339993,episode/return,940.0
339993,episode/length,500.0
339994,episode/return,955.0
339994,episode/length,500.0
339995,episode/return,910.0
339995,episode/length,500.0
339996,episode/return,798.0
339996,episode/length,500.0
339997,episode/return,677.0
339997,episode/length,500.0
339998,episode/return,8.0
339998,episode/length,500.0
339999,episode/return,1000.0
339999,episode/length,500.0
340000,train/consistency_loss_mean,0.003546128645725548
340000,train/consistency_loss_std,0.00017408355751250977
340000,train/continue_loss_mean,0.0
340000,train/continue_loss_std,0.0
340000,train/grad_norm_mean,0.805733160829544
340000,train/grad_norm_std,0.12042257294608913
340000,train/policy_log_std_mean,-0.8131734389495849
340000,train/policy_log_std_std,0.4423446569023607
340000,train/policy_loss_mean,-0.2534400416970253
340000,train/policy_loss_std,0.007992340115298062
340000,train/reward_loss_mean,0.17198279818296433
340000,train/reward_loss_std,0.01122607524342593
340000,train/total_loss_mean,0.11341194795370102
340000,train/total_loss_std,0.0037496869744310154
340000,train/value_loss_mean,0.25291094106435774
340000,train/value_loss_std,0.009489660683753972
340000,train/value_scale_mean,183.73799866943358
340000,train/value_scale_std,0.13126052807080307
340000,timing/collect_chunk_s,102.8753162138164
340000,timing/train_chunk_s,25.291196062695235
340000,dense_rhs/training_bucket_horizon,4.0
340000,system/heartbeat,1.0
343992,episode/return,967.0
343992,episode/length,500.0
343993,episode/return,981.0
343993,episode/length,500.0
343994,episode/return,0.0
343994,episode/length,500.0
343995,episode/return,991.0
343995,episode/length,500.0
343996,episode/return,947.0
343996,episode/length,500.0
343997,episode/return,980.0
343997,episode/length,500.0
343998,episode/return,978.0
343998,episode/length,500.0
343999,episode/return,955.0
343999,episode/length,500.0
347992,episode/return,1000.0
347992,episode/length,500.0
347993,episode/return,935.0
347993,episode/length,500.0
347994,episode/return,989.0
347994,episode/length,500.0
347995,episode/return,464.0
347995,episode/length,500.0
347996,episode/return,983.0
347996,episode/length,500.0
347997,episode/return,23.0
347997,episode/length,500.0
347998,episode/return,978.0
347998,episode/length,500.0
347999,episode/return,983.0
347999,episode/length,500.0
350000,train/consistency_loss_mean,0.0035381199408322573
350000,train/consistency_loss_std,0.00017444540307677607
350000,train/continue_loss_mean,0.0
350000,train/continue_loss_std,0.0
350000,train/grad_norm_mean,0.7975826131820679
350000,train/grad_norm_std,0.11536360563728966
350000,train/policy_log_std_mean,-0.801536633720398
350000,train/policy_log_std_std,0.42954403112780487
350000,train/policy_loss_mean,-0.2585173373937607
350000,train/policy_loss_std,0.008010681593403037
350000,train/reward_loss_mean,0.17447224184274673
350000,train/reward_loss_std,0.011209949022633942
350000,train/total_loss_mean,0.11294361310601235
350000,train/total_loss_std,0.0037711221430857334
350000,train/value_loss_mean,0.24733988590240477
350000,train/value_loss_std,0.00933404191854624
350000,train/value_scale_mean,183.76576090087892
350000,train/value_scale_std,0.17706431318008964
350000,timing/collect_chunk_s,108.80277603957802
350000,timing/train_chunk_s,25.293716409243643
350000,dense_rhs/training_bucket_horizon,4.0
350000,system/heartbeat,1.0
350000,timing/checkpoint_blocking_s,0.45260541001334786
350000,eval/return_mean,438.6499938964844
350000,eval/return_std,481.38177490234375
350000,eval/return_max,1000.0
350000,eval/return_min,0.0
350000,dense_rhs/deployment_utility_last_observed_gain,-83.44998168945312
350000,dense_rhs/deployment_utility_observations,6.0
350000,timing/eval_s,12.236541230231524
350000,eval/selected_horizon,4.0
350000,eval/training_bucket_horizon,4.0
350000,system/heartbeat,1.0
351992,episode/return,433.0
351992,episode/length,500.0
351993,episode/return,10.0
351993,episode/length,500.0
351994,episode/return,961.0
351994,episode/length,500.0
351995,episode/return,912.0
351995,episode/length,500.0
351996,episode/return,878.0
351996,episode/length,500.0
351997,episode/return,10.0
351997,episode/length,500.0
351998,episode/return,919.0
351998,episode/length,500.0
351999,episode/return,0.0
351999,episode/length,500.0
355992,episode/return,974.0
355992,episode/length,500.0
355993,episode/return,639.0
355993,episode/length,500.0
355994,episode/return,988.0
355994,episode/length,500.0
355995,episode/return,893.0
355995,episode/length,500.0
355996,episode/return,631.0
355996,episode/length,500.0
355997,episode/return,957.0
355997,episode/length,500.0
355998,episode/return,963.0
355998,episode/length,500.0
355999,episode/return,941.0
355999,episode/length,500.0
359992,episode/return,491.0
359992,episode/length,500.0
359993,episode/return,964.0
359993,episode/length,500.0
359994,episode/return,939.0
359994,episode/length,500.0
359995,episode/return,847.0
359995,episode/length,500.0
359996,episode/return,889.0
359996,episode/length,500.0
359997,episode/return,966.0
359997,episode/length,500.0
359998,episode/return,843.0
359998,episode/length,500.0
359999,episode/return,959.0
359999,episode/length,500.0
360000,train/consistency_loss_mean,0.0035434063274413347
360000,train/consistency_loss_std,0.00017644002605322936
360000,train/continue_loss_mean,0.0
360000,train/continue_loss_std,0.0
360000,train/grad_norm_mean,0.7930664575576782
360000,train/grad_norm_std,0.11309977683784762
360000,train/policy_log_std_mean,-0.7998504907989502
360000,train/policy_log_std_std,0.4203065820181532
360000,train/policy_loss_mean,-0.26293443653583526
360000,train/policy_loss_std,0.007827028347715599
360000,train/reward_loss_mean,0.17656689610481263
360000,train/reward_loss_std,0.01124064043776241
360000,train/total_loss_mean,0.11293518755435944
360000,train/total_loss_std,0.003811832972595394
360000,train/value_loss_mean,0.24410369931459427
360000,train/value_loss_std,0.00903498233575015
360000,train/value_scale_mean,183.80061673583984
360000,train/value_scale_std,0.1560449451682577
360000,timing/collect_chunk_s,102.26005024230108
360000,timing/train_chunk_s,25.180619820021093
360000,dense_rhs/training_bucket_horizon,4.0
360000,system/heartbeat,1.0
363992,episode/return,798.0
363992,episode/length,500.0
363993,episode/return,751.0
363993,episode/length,500.0
363994,episode/return,913.0
363994,episode/length,500.0
363995,episode/return,1000.0
363995,episode/length,500.0
363996,episode/return,0.0
363996,episode/length,500.0
363997,episode/return,1000.0
363997,episode/length,500.0
363998,episode/return,718.0
363998,episode/length,500.0
363999,episode/return,841.0
363999,episode/length,500.0
367992,episode/return,813.0
367992,episode/length,500.0
367993,episode/return,976.0
367993,episode/length,500.0
367994,episode/return,0.0
367994,episode/length,500.0
367995,episode/return,8.0
367995,episode/length,500.0
367996,episode/return,962.0
367996,episode/length,500.0
367997,episode/return,0.0
367997,episode/length,500.0
367998,episode/return,936.0
367998,episode/length,500.0
367999,episode/return,1000.0
367999,episode/length,500.0
370000,train/consistency_loss_mean,0.0035527302796021106
370000,train/consistency_loss_std,0.00017821683378120258
370000,train/continue_loss_mean,0.0
370000,train/continue_loss_std,0.0
370000,train/grad_norm_mean,0.7902783787250519
370000,train/grad_norm_std,0.11448836421522558
370000,train/policy_log_std_mean,-0.8048752255630494
370000,train/policy_log_std_std,0.4138860110836128
370000,train/policy_loss_mean,-0.26642711012363435
370000,train/policy_loss_std,0.007745369509841522
370000,train/reward_loss_mean,0.17940649217367172
370000,train/reward_loss_std,0.011246676191962908
370000,train/total_loss_mean,0.11285781556367874
370000,train/total_loss_std,0.0038357057626241795
370000,train/value_loss_mean,0.23862558555603028
370000,train/value_loss_std,0.009394057061637368
370000,train/value_scale_mean,183.44364193115234
370000,train/value_scale_std,0.21428085579932968
370000,timing/collect_chunk_s,101.52213537693024
370000,timing/train_chunk_s,25.208415328059345
370000,dense_rhs/training_bucket_horizon,4.0
370000,system/heartbeat,1.0
370000,dense_rhs/selected_horizon,4.0
370000,dense_rhs/proposed_horizon,5.0
370000,dense_rhs/phase_id,0.0
370000,dense_rhs/num_active_horizons,7.0
370000,dense_rhs/num_candidate_horizons,3.0
370000,dense_rhs/entropy,1.6279289722442627
370000,dense_rhs/norm_entropy,0.8365899324417114
370000,dense_rhs/best_fitness,0.03162277489900589
370000,dense_rhs/deployment_score_best,1.6902904127243154e-26
370000,dense_rhs/incumbent_deployment_score,1.6902904127243154e-26
370000,dense_rhs/proposed_deployment_score,0.09756127744913101
370000,dense_rhs/proposed_transition_cost,0.0487106554210186
370000,dense_rhs/proposed_switch_probability,0.6300140023231506
370000,dense_rhs/proposed_expected_net_benefit,0.04885061830282211
370000,dense_rhs/transition_cost_best,0.0487106554210186
370000,dense_rhs/transition_adjusted_score_best,0.04885062202811241
370000,dense_rhs/switch_probability_best,0.6300140023231506
370000,dense_rhs/expected_improvement_best,0.08634987473487854
370000,dense_rhs/expected_loss_best,0.03749925643205643
370000,dense_rhs/expected_net_benefit_best,0.04885061830282211
370000,dense_rhs/return_term_best,0.0
370000,dense_rhs/roughness_term_best,1.0
370000,dense_rhs/return_std_term_best,0.02222687005996704
370000,dense_rhs/learner_proxy_term_best,0.7604715824127197
370000,dense_rhs/model_prefix_loss_best,0.9827780723571777
370000,dense_rhs/model_probe_prefix_best,0.726554274559021
370000,dense_rhs/planner_return_best,179.98072814941406
370000,dense_rhs/roughness_best,0.22596228122711182
370000,dense_rhs/robust_return_best,51.70759582519531
370000,timing/query_model_diag_s,0.011686930898576975
370000,timing/query_env_eval_s,7.548765370156616
370000,timing/query_finalize_s,0.0030107609927654266
370000,timing/query_total_s,7.568920453079045
370000,dense_rhs/candidate_4_fitness,0.03162277489900589
370000,dense_rhs/candidate_4_deployment_score,1.6902904127243154e-26
370000,dense_rhs/candidate_4_transition_cost,0.0
370000,dense_rhs/candidate_4_transition_adjusted_score,1.6902904127243154e-26
370000,dense_rhs/candidate_4_switch_probability,0.5
370000,dense_rhs/candidate_4_expected_net_benefit,0.0
370000,dense_rhs/candidate_4_return,51.70759582519531
370000,dense_rhs/candidate_4_return_term,0.0
370000,dense_rhs/candidate_4_roughness_term,1.0
370000,dense_rhs/candidate_4_return_std_term,0.02222687005996704
370000,dense_rhs/candidate_4_learner_proxy_term,0.7604715824127197
370000,dense_rhs/candidate_5_fitness,0.5765717625617981
370000,dense_rhs/candidate_5_deployment_score,0.09756127744913101
370000,dense_rhs/candidate_5_transition_cost,0.0487106554210186
370000,dense_rhs/candidate_5_transition_adjusted_score,0.04885062202811241
370000,dense_rhs/candidate_5_switch_probability,0.6300140023231506
370000,dense_rhs/candidate_5_expected_net_benefit,0.04885061830282211
370000,dense_rhs/candidate_5_return,187.0872802734375
370000,dense_rhs/candidate_5_return_term,1.0
370000,dense_rhs/candidate_5_roughness_term,0.830499529838562
370000,dense_rhs/candidate_5_return_std_term,0.13306695222854614
370000,dense_rhs/candidate_5_learner_proxy_term,0.8828113079071045
370000,dense_rhs/candidate_3_fitness,0.03162277489900589
370000,dense_rhs/candidate_3_deployment_score,2.0106687148579994e-10
370000,dense_rhs/candidate_3_transition_cost,0.06370499730110168
370000,dense_rhs/candidate_3_transition_adjusted_score,-0.06370499730110168
370000,dense_rhs/candidate_3_switch_probability,0.3231782913208008
370000,dense_rhs/candidate_3_expected_net_benefit,-0.06370499730110168
370000,dense_rhs/candidate_3_return,71.95707702636719
370000,dense_rhs/candidate_3_return_term,0.14957548677921295
370000,dense_rhs/candidate_3_roughness_term,0.7689471244812012
370000,dense_rhs/candidate_3_return_std_term,0.0
370000,dense_rhs/candidate_3_learner_proxy_term,0.5223990678787231
370000,dense_rhs/deployment_utility_enabled,1.0
370000,dense_rhs/deployment_utility_observations,6.0
370000,dense_rhs/deployment_utility_last_observed_gain,-83.44998168945312
370000,dense_rhs/candidate_3_expected_eval_gain,0.0
370000,dense_rhs/candidate_3_eval_gain_uncertainty,150.0
370000,dense_rhs/candidate_3_deployment_utility_score,37.50000002060929
370000,dense_rhs/candidate_4_expected_eval_gain,50.35833231608073
370000,dense_rhs/candidate_4_eval_gain_uncertainty,85.09682857817079
370000,dense_rhs/candidate_4_deployment_utility_score,71.63253946062342
370000,dense_rhs/candidate_5_expected_eval_gain,0.0
370000,dense_rhs/candidate_5_eval_gain_uncertainty,150.0
370000,dense_rhs/candidate_5_deployment_utility_score,47.5
370000,dense_rhs/deployment_utility_override,1.0
370000,dense_rhs/deployment_utility_selected_expected_gain,50.35833231608073
370000,dense_rhs/deployment_utility_selected_uncertainty,85.09682857817079
370000,dense_rhs/deployment_utility_selected_score,71.63253946062342
370000,dense_rhs/deployment_utility_proposed_horizon,4.0
370000,dense_rhs/deployment_utility_proposed_expected_gain,50.35833231608073
370000,dense_rhs/deployment_utility_proposed_uncertainty,85.09682857817079
370000,dense_rhs/deployment_utility_proposed_score,71.63253946062342
370000,dense_rhs/previous_horizon,4.0
370000,dense_rhs/training_bucket_horizon,4.0
370000,dense_rhs/best_h,4.0
370000,dense_rhs/prob_best_h,0.015625
370000,dense_rhs/gauss_mean_best_h,0.14746348559856415
370000,dense_rhs/gauss_post_std_best_h,0.10231300443410873
370000,system/heartbeat,1.0
371992,episode/return,5.0
371992,episode/length,500.0
371993,episode/return,8.0
371993,episode/length,500.0
371994,episode/return,6.0
371994,episode/length,500.0
371995,episode/return,10.0
371995,episode/length,500.0
371996,episode/return,27.0
371996,episode/length,500.0
371997,episode/return,960.0
371997,episode/length,500.0
371998,episode/return,916.0
371998,episode/length,500.0
371999,episode/return,10.0
371999,episode/length,500.0
375992,episode/return,956.0
375992,episode/length,500.0
375993,episode/return,927.0
375993,episode/length,500.0
375994,episode/return,15.0
375994,episode/length,500.0
375995,episode/return,483.0
375995,episode/length,500.0
375996,episode/return,991.0
375996,episode/length,500.0
375997,episode/return,909.0
375997,episode/length,500.0
375998,episode/return,817.0
375998,episode/length,500.0
375999,episode/return,924.0
375999,episode/length,500.0
379992,episode/return,0.0
379992,episode/length,500.0
379993,episode/return,973.0
379993,episode/length,500.0
379994,episode/return,1000.0
379994,episode/length,500.0
379995,episode/return,0.0
379995,episode/length,500.0
379996,episode/return,965.0
379996,episode/length,500.0
379997,episode/return,982.0
379997,episode/length,500.0
379998,episode/return,978.0
379998,episode/length,500.0
379999,episode/return,973.0
379999,episode/length,500.0
380000,train/consistency_loss_mean,0.0035708303606137633
380000,train/consistency_loss_std,0.00017848594144049637
380000,train/continue_loss_mean,0.0
380000,train/continue_loss_std,0.0
380000,train/grad_norm_mean,0.788713029909134
380000,train/grad_norm_std,0.1120094445280187
380000,train/policy_log_std_mean,-0.815373528137207
380000,train/policy_log_std_std,0.41975857464306116
380000,train/policy_loss_mean,-0.2680516749382019
380000,train/policy_loss_std,0.00752637674710571
380000,train/reward_loss_mean,0.17995471620559692
380000,train/reward_loss_std,0.011327676846475704
380000,train/total_loss_mean,0.11311949297785759
380000,train/total_loss_std,0.003873081969420719
380000,train/value_loss_mean,0.23707412633895875
380000,train/value_loss_std,0.009507902765885055
380000,train/value_scale_mean,183.00383277587892
380000,train/value_scale_std,0.23602560907837583
380000,timing/collect_chunk_s,101.62837056908756
380000,timing/train_chunk_s,25.136437861714512
380000,dense_rhs/training_bucket_horizon,4.0
380000,system/heartbeat,1.0
383992,episode/return,953.0
383992,episode/length,500.0
383993,episode/return,1000.0
383993,episode/length,500.0
383994,episode/return,981.0
383994,episode/length,500.0
383995,episode/return,993.0
383995,episode/length,500.0
383996,episode/return,942.0
383996,episode/length,500.0
383997,episode/return,985.0
383997,episode/length,500.0
383998,episode/return,971.0
383998,episode/length,500.0
383999,episode/return,981.0
383999,episode/length,500.0
387992,episode/return,980.0
387992,episode/length,500.0
387993,episode/return,941.0
387993,episode/length,500.0
387994,episode/return,793.0
387994,episode/length,500.0
387995,episode/return,991.0
387995,episode/length,500.0
387996,episode/return,925.0
387996,episode/length,500.0
387997,episode/return,1000.0
387997,episode/length,500.0
387998,episode/return,943.0
387998,episode/length,500.0
387999,episode/return,955.0
387999,episode/length,500.0
390000,train/consistency_loss_mean,0.00354461337570101
390000,train/consistency_loss_std,0.00017977974998261277
390000,train/continue_loss_mean,0.0
390000,train/continue_loss_std,0.0
390000,train/grad_norm_mean,0.7801867955684662
390000,train/grad_norm_std,0.11015963394258628
390000,train/policy_log_std_mean,-0.8120132559585571
390000,train/policy_log_std_std,0.41577503513262837
390000,train/policy_loss_mean,-0.2701400725364685
390000,train/policy_loss_std,0.0075516181625243295
390000,train/reward_loss_mean,0.18198076754808426
390000,train/reward_loss_std,0.01109910593449421
390000,train/total_loss_mean,0.11238196170330048
390000,train/total_loss_std,0.003897318680528052
390000,train/value_loss_mean,0.23291615767478943
390000,train/value_loss_std,0.009699043050380177
390000,train/value_scale_mean,182.90353917236328
390000,train/value_scale_std,0.26552796230749626
390000,timing/collect_chunk_s,109.48748780880123
390000,timing/train_chunk_s,25.2083872188814
390000,dense_rhs/training_bucket_horizon,4.0
390000,system/heartbeat,1.0
391992,episode/return,945.0
391992,episode/length,500.0
391993,episode/return,755.0
391993,episode/length,500.0
391994,episode/return,978.0
391994,episode/length,500.0
391995,episode/return,905.0
391995,episode/length,500.0
391996,episode/return,757.0
391996,episode/length,500.0
391997,episode/return,431.0
391997,episode/length,500.0
391998,episode/return,920.0
391998,episode/length,500.0
391999,episode/return,11.0
391999,episode/length,500.0
395992,episode/return,983.0
395992,episode/length,500.0
395993,episode/return,965.0
395993,episode/length,500.0
395994,episode/return,970.0
395994,episode/length,500.0
395995,episode/return,1000.0
395995,episode/length,500.0
395996,episode/return,935.0
395996,episode/length,500.0
395997,episode/return,974.0
395997,episode/length,500.0
395998,episode/return,859.0
395998,episode/length,500.0
395999,episode/return,1.0
395999,episode/length,500.0
399992,episode/return,983.0
399992,episode/length,500.0
399993,episode/return,976.0
399993,episode/length,500.0
399994,episode/return,917.0
399994,episode/length,500.0
399995,episode/return,880.0
399995,episode/length,500.0
399996,episode/return,798.0
399996,episode/length,500.0
399997,episode/return,960.0
399997,episode/length,500.0
399998,episode/return,941.0
399998,episode/length,500.0
399999,episode/return,881.0
399999,episode/length,500.0
400000,train/consistency_loss_mean,0.0035325812645256517
400000,train/consistency_loss_std,0.00018161237228651379
400000,train/continue_loss_mean,0.0
400000,train/continue_loss_std,0.0
400000,train/grad_norm_mean,0.7726830755233765
400000,train/grad_norm_std,0.10971225391062651
400000,train/policy_log_std_mean,-0.8204504570007324
400000,train/policy_log_std_std,0.4191945927764655
400000,train/policy_loss_mean,-0.27326403727531434
400000,train/policy_loss_std,0.0075113509531256235
400000,train/reward_loss_mean,0.18393717956542968
400000,train/reward_loss_std,0.011013674679102909
400000,train/total_loss_mean,0.11245925590991974
400000,train/total_loss_std,0.003923405272470788
400000,train/value_loss_mean,0.23413910431861878
400000,train/value_loss_std,0.010149564235821784
400000,train/value_scale_mean,183.0304260131836
400000,train/value_scale_std,0.252791282555156
400000,timing/collect_chunk_s,102.13632754422724
400000,timing/train_chunk_s,25.184339174535125
400000,dense_rhs/training_bucket_horizon,4.0
400000,system/heartbeat,1.0
400000,timing/checkpoint_blocking_s,0.47419495694339275
400000,eval/return_mean,735.9500122070312
400000,eval/return_std,375.2580871582031
400000,eval/return_max,1000.0
400000,eval/return_min,0.0
400000,dense_rhs/deployment_utility_last_observed_gain,297.3000183105469
400000,dense_rhs/deployment_utility_observations,7.0
400000,timing/eval_s,12.1346489302814
400000,eval/selected_horizon,4.0
400000,eval/training_bucket_horizon,4.0
400000,system/heartbeat,1.0
403992,episode/return,812.0
403992,episode/length,500.0
403993,episode/return,944.0
403993,episode/length,500.0
403994,episode/return,839.0
403994,episode/length,500.0
403995,episode/return,921.0
403995,episode/length,500.0
403996,episode/return,3.0
403996,episode/length,500.0
403997,episode/return,0.0
403997,episode/length,500.0
403998,episode/return,983.0
403998,episode/length,500.0
403999,episode/return,0.0
403999,episode/length,500.0
407992,episode/return,954.0
407992,episode/length,500.0
407993,episode/return,923.0
407993,episode/length,500.0
407994,episode/return,971.0
407994,episode/length,500.0
407995,episode/return,925.0
407995,episode/length,500.0
407996,episode/return,887.0
407996,episode/length,500.0
407997,episode/return,528.0
407997,episode/length,500.0
407998,episode/return,969.0
407998,episode/length,500.0
407999,episode/return,24.0
407999,episode/length,500.0
410000,train/consistency_loss_mean,0.0035232405327260494
410000,train/consistency_loss_std,0.00018162058407386177
410000,train/continue_loss_mean,0.0
410000,train/continue_loss_std,0.0
410000,train/grad_norm_mean,0.7679347898960114
410000,train/grad_norm_std,0.10740082564578166
410000,train/policy_log_std_mean,-0.824334401512146
410000,train/policy_log_std_std,0.41231056102182617
410000,train/policy_loss_mean,-0.2761204691171646
410000,train/policy_loss_std,0.007670353751004542
410000,train/reward_loss_mean,0.18613631443977355
410000,train/reward_loss_std,0.011238280779133029
410000,train/total_loss_mean,0.11265965175628662
410000,train/total_loss_std,0.0039159512853117005
410000,train/value_loss_mean,0.2358120766401291
410000,train/value_loss_std,0.00988672099584182
410000,train/value_scale_mean,183.02517358398438
410000,train/value_scale_std,0.3297539649294165
410000,timing/collect_chunk_s,102.35557628795505
410000,timing/train_chunk_s,25.225071858614683
410000,dense_rhs/training_bucket_horizon,4.0
410000,system/heartbeat,1.0
411992,episode/return,963.0
411992,episode/length,500.0
411993,episode/return,927.0
411993,episode/length,500.0
411994,episode/return,0.0
411994,episode/length,500.0
411995,episode/return,940.0
411995,episode/length,500.0
411996,episode/return,788.0
411996,episode/length,500.0
411997,episode/return,989.0
411997,episode/length,500.0
411998,episode/return,927.0
411998,episode/length,500.0
411999,episode/return,948.0
411999,episode/length,500.0
415992,episode/return,0.0
415992,episode/length,500.0
415993,episode/return,783.0
415993,episode/length,500.0
415994,episode/return,860.0
415994,episode/length,500.0
415995,episode/return,957.0
415995,episode/length,500.0
415996,episode/return,10.0
415996,episode/length,500.0
415997,episode/return,925.0
415997,episode/length,500.0
415998,episode/return,17.0
415998,episode/length,500.0
415999,episode/return,883.0
415999,episode/length,500.0
419992,episode/return,0.0
419992,episode/length,500.0
419993,episode/return,931.0
419993,episode/length,500.0
419994,episode/return,953.0
419994,episode/length,500.0
419995,episode/return,965.0
419995,episode/length,500.0
419996,episode/return,788.0
419996,episode/length,500.0
419997,episode/return,990.0
419997,episode/length,500.0
419998,episode/return,932.0
419998,episode/length,500.0
419999,episode/return,823.0
419999,episode/length,500.0
420000,train/consistency_loss_mean,0.003517257314361632
420000,train/consistency_loss_std,0.00017981347772792183
420000,train/continue_loss_mean,0.0
420000,train/continue_loss_std,0.0
420000,train/grad_norm_mean,0.769957675743103
420000,train/grad_norm_std,0.10816415796361986
420000,train/policy_log_std_mean,-0.8339114164733886
420000,train/policy_log_std_std,0.4104629518025897
420000,train/policy_loss_mean,-0.2808717908620834
420000,train/policy_loss_std,0.007581808535697264
420000,train/reward_loss_mean,0.18964731097221374
420000,train/reward_loss_std,0.011468656096856624
420000,train/total_loss_mean,0.11311111007332803
420000,train/total_loss_std,0.003919354096273529
420000,train/value_loss_mean,0.2380123127937317
420000,train/value_loss_std,0.010223493070514124
420000,train/value_scale_mean,182.38132172851562
420000,train/value_scale_std,0.602852747093521
420000,timing/collect_chunk_s,110.34849819447845
420000,timing/train_chunk_s,25.28358005732298
420000,dense_rhs/training_bucket_horizon,4.0
420000,system/heartbeat,1.0
420000,dense_rhs/selected_horizon,4.0
420000,dense_rhs/proposed_horizon,4.0
420000,dense_rhs/phase_id,0.0
420000,dense_rhs/num_active_horizons,7.0
420000,dense_rhs/num_candidate_horizons,3.0
420000,dense_rhs/entropy,1.6078431606292725
420000,dense_rhs/norm_entropy,0.8262678980827332
420000,dense_rhs/best_fitness,0.03162277489900589
420000,dense_rhs/deployment_score_best,3.561730406380992e-26
420000,dense_rhs/incumbent_deployment_score,3.561730406380992e-26
420000,dense_rhs/proposed_deployment_score,3.561730406380992e-26
420000,dense_rhs/proposed_transition_cost,0.0
420000,dense_rhs/proposed_switch_probability,0.5
420000,dense_rhs/proposed_expected_net_benefit,0.0
420000,dense_rhs/transition_cost_best,0.0
420000,dense_rhs/transition_adjusted_score_best,3.561730406380992e-26
420000,dense_rhs/switch_probability_best,0.5
420000,dense_rhs/expected_improvement_best,0.05772393196821213
420000,dense_rhs/expected_loss_best,0.05772393196821213
420000,dense_rhs/expected_net_benefit_best,0.0
420000,dense_rhs/return_term_best,0.0
420000,dense_rhs/roughness_term_best,0.9402149319648743
420000,dense_rhs/return_std_term_best,0.04478877782821655
420000,dense_rhs/learner_proxy_term_best,0.8457942008972168
420000,dense_rhs/model_prefix_loss_best,0.8192654252052307
420000,dense_rhs/model_probe_prefix_best,0.6025817394256592
420000,dense_rhs/planner_return_best,181.69351196289062
420000,dense_rhs/roughness_best,0.1812370866537094
420000,dense_rhs/robust_return_best,112.68681335449219
420000,timing/query_model_diag_s,14.085883751977235
420000,timing/query_env_eval_s,7.632361964322627
420000,timing/query_finalize_s,0.8082592533901334
420000,timing/query_total_s,22.531315548345447
420000,dense_rhs/candidate_4_fitness,0.03162277489900589
420000,dense_rhs/candidate_4_deployment_score,3.561730406380992e-26
420000,dense_rhs/candidate_4_transition_cost,0.0
420000,dense_rhs/candidate_4_transition_adjusted_score,3.561730406380992e-26
420000,dense_rhs/candidate_4_switch_probability,0.5
420000,dense_rhs/candidate_4_expected_net_benefit,0.0
420000,dense_rhs/candidate_4_return,112.68681335449219
420000,dense_rhs/candidate_4_return_term,0.0
420000,dense_rhs/candidate_4_roughness_term,0.9402149319648743
420000,dense_rhs/candidate_4_return_std_term,0.04478877782821655
420000,dense_rhs/candidate_4_learner_proxy_term,0.8457942008972168
420000,dense_rhs/candidate_5_fitness,0.03162277489900589
420000,dense_rhs/candidate_5_deployment_score,1.9177752719201635e-09
420000,dense_rhs/candidate_5_transition_cost,0.05237721651792526
420000,dense_rhs/candidate_5_transition_adjusted_score,-0.052377212792634964
420000,dense_rhs/candidate_5_switch_probability,0.35345420241355896
420000,dense_rhs/candidate_5_expected_net_benefit,-0.052377212792634964
420000,dense_rhs/candidate_5_return,129.49081420898438
420000,dense_rhs/candidate_5_return_term,0.21638067066669464
420000,dense_rhs/candidate_5_roughness_term,0.8983429670333862
420000,dense_rhs/candidate_5_return_std_term,0.0
420000,dense_rhs/candidate_5_learner_proxy_term,0.9738267064094543
420000,dense_rhs/candidate_3_fitness,0.483135849237442
420000,dense_rhs/candidate_3_deployment_score,0.031524527817964554
420000,dense_rhs/candidate_3_transition_cost,0.050840601325035095
420000,dense_rhs/candidate_3_transition_adjusted_score,-0.01931607350707054
420000,dense_rhs/candidate_3_switch_probability,0.4368557035923004
420000,dense_rhs/candidate_3_expected_net_benefit,-0.01931607350707054
420000,dense_rhs/candidate_3_return,190.34625244140625
420000,dense_rhs/candidate_3_return_term,1.0
420000,dense_rhs/candidate_3_roughness_term,1.0
420000,dense_rhs/candidate_3_return_std_term,0.054484009742736816
420000,dense_rhs/candidate_3_learner_proxy_term,0.5786014795303345
420000,dense_rhs/deployment_utility_enabled,1.0
420000,dense_rhs/deployment_utility_observations,7.0
420000,dense_rhs/deployment_utility_last_observed_gain,297.3000183105469
420000,dense_rhs/candidate_3_expected_eval_gain,0.0
420000,dense_rhs/candidate_3_eval_gain_uncertainty,150.0
420000,dense_rhs/candidate_3_deployment_utility_score,47.5
420000,dense_rhs/candidate_4_expected_eval_gain,85.63571602957589
420000,dense_rhs/candidate_4_eval_gain_uncertainty,79.7776474132875
420000,dense_rhs/candidate_4_deployment_utility_score,105.58012788289776
420000,dense_rhs/candidate_5_expected_eval_gain,0.0
420000,dense_rhs/candidate_5_eval_gain_uncertainty,150.0
420000,dense_rhs/candidate_5_deployment_utility_score,37.50000060834385
420000,dense_rhs/deployment_utility_override,0.0
420000,dense_rhs/deployment_utility_selected_expected_gain,85.63571602957589
420000,dense_rhs/deployment_utility_selected_uncertainty,79.7776474132875
420000,dense_rhs/deployment_utility_selected_score,105.58012788289776
420000,dense_rhs/deployment_utility_proposed_horizon,4.0
420000,dense_rhs/deployment_utility_proposed_expected_gain,85.63571602957589
420000,dense_rhs/deployment_utility_proposed_uncertainty,79.7776474132875
420000,dense_rhs/deployment_utility_proposed_score,105.58012788289776
420000,dense_rhs/previous_horizon,4.0
420000,dense_rhs/training_bucket_horizon,4.0
420000,dense_rhs/best_h,4.0
420000,dense_rhs/prob_best_h,0.009765625
420000,dense_rhs/gauss_mean_best_h,0.13298338651657104
420000,dense_rhs/gauss_post_std_best_h,0.0905427411198616
420000,system/heartbeat,1.0
423992,episode/return,924.0
423992,episode/length,500.0
423993,episode/return,929.0
423993,episode/length,500.0
423994,episode/return,982.0
423994,episode/length,500.0
423995,episode/return,938.0
423995,episode/length,500.0
423996,episode/return,930.0
423996,episode/length,500.0
423997,episode/return,656.0
423997,episode/length,500.0
423998,episode/return,15.0
423998,episode/length,500.0
423999,episode/return,978.0
423999,episode/length,500.0
427992,episode/return,0.0
427992,episode/length,500.0
427993,episode/return,799.0
427993,episode/length,500.0
427994,episode/return,880.0
427994,episode/length,500.0
427995,episode/return,987.0
427995,episode/length,500.0
427996,episode/return,347.0
427996,episode/length,500.0
427997,episode/return,858.0
427997,episode/length,500.0
427998,episode/return,896.0
427998,episode/length,500.0
427999,episode/return,0.0
427999,episode/length,500.0
430000,train/consistency_loss_mean,0.0035338164089247586
430000,train/consistency_loss_std,0.00018131926151476212
430000,train/continue_loss_mean,0.0
430000,train/continue_loss_std,0.0
430000,train/grad_norm_mean,0.7755968423366547
430000,train/grad_norm_std,0.11208325155910007
430000,train/policy_log_std_mean,-0.8609406890106202
430000,train/policy_log_std_std,0.4220942991229686
430000,train/policy_loss_mean,-0.282783233499527
430000,train/policy_loss_std,0.007408890407808023
430000,train/reward_loss_mean,0.19146565552949904
430000,train/reward_loss_std,0.01143446728454145
430000,train/total_loss_mean,0.11445243875980377
430000,train/total_loss_std,0.003983320381140019
430000,train/value_loss_mean,0.24629544150829316
430000,train/value_loss_std,0.010787565679150941
430000,train/value_scale_mean,181.18718680419923
430000,train/value_scale_std,0.6489707082879322
430000,timing/collect_chunk_s,102.73963123932481
430000,timing/train_chunk_s,25.266040796414018
430000,dense_rhs/training_bucket_horizon,4.0
430000,system/heartbeat,1.0
431992,episode/return,958.0
431992,episode/length,500.0
431993,episode/return,961.0
431993,episode/length,500.0
431994,episode/return,937.0
431994,episode/length,500.0
431995,episode/return,1000.0
431995,episode/length,500.0
431996,episode/return,613.0
431996,episode/length,500.0
431997,episode/return,0.0
431997,episode/length,500.0
431998,episode/return,933.0
431998,episode/length,500.0
431999,episode/return,922.0
431999,episode/length,500.0
435992,episode/return,978.0
435992,episode/length,500.0
435993,episode/return,4.0
435993,episode/length,500.0
435994,episode/return,912.0
435994,episode/length,500.0
435995,episode/return,660.0
435995,episode/length,500.0
435996,episode/return,0.0
435996,episode/length,500.0
435997,episode/return,856.0
435997,episode/length,500.0
435998,episode/return,924.0
435998,episode/length,500.0
435999,episode/return,990.0
435999,episode/length,500.0
439992,episode/return,12.0
439992,episode/length,500.0
439993,episode/return,80.0
439993,episode/length,500.0
439994,episode/return,852.0
439994,episode/length,500.0
439995,episode/return,990.0
439995,episode/length,500.0
439996,episode/return,948.0
439996,episode/length,500.0
439997,episode/return,1000.0
439997,episode/length,500.0
439998,episode/return,981.0
439998,episode/length,500.0
439999,episode/return,973.0
439999,episode/length,500.0
440000,train/consistency_loss_mean,0.003533641379699111
440000,train/consistency_loss_std,0.0001832032268292253
440000,train/continue_loss_mean,0.0
440000,train/continue_loss_std,0.0
440000,train/grad_norm_mean,0.7719968891143799
440000,train/grad_norm_std,0.10931475166393194
440000,train/policy_log_std_mean,-0.873985637512207
440000,train/policy_log_std_std,0.42283526523806925
440000,train/policy_loss_mean,-0.28561798844337466
440000,train/policy_loss_std,0.00737640597874782
440000,train/reward_loss_mean,0.1929850553750992
440000,train/reward_loss_std,0.011321676958270206
440000,train/total_loss_mean,0.11552587117552757
440000,train/total_loss_std,0.003986753101204551
440000,train/value_loss_mean,0.25554536235332487
440000,train/value_loss_std,0.009730344133102486
440000,train/value_scale_mean,179.73868941650392
440000,train/value_scale_std,0.7366681495368348
440000,timing/collect_chunk_s,102.29176539275795
440000,timing/train_chunk_s,25.23042388120666
440000,dense_rhs/training_bucket_horizon,4.0
440000,system/heartbeat,1.0
443992,episode/return,937.0
443992,episode/length,500.0
443993,episode/return,980.0
443993,episode/length,500.0
443994,episode/return,963.0
443994,episode/length,500.0
443995,episode/return,917.0
443995,episode/length,500.0
443996,episode/return,703.0
443996,episode/length,500.0
443997,episode/return,981.0
443997,episode/length,500.0
443998,episode/return,963.0
443998,episode/length,500.0
443999,episode/return,968.0
443999,episode/length,500.0
447992,episode/return,730.0
447992,episode/length,500.0
447993,episode/return,931.0
447993,episode/length,500.0
447994,episode/return,969.0
447994,episode/length,500.0
447995,episode/return,962.0
447995,episode/length,500.0
447996,episode/return,0.0
447996,episode/length,500.0
447997,episode/return,945.0
447997,episode/length,500.0
447998,episode/return,873.0
447998,episode/length,500.0
447999,episode/return,977.0
447999,episode/length,500.0
450000,train/consistency_loss_mean,0.0035279344893991947
450000,train/consistency_loss_std,0.00018418024110952394
450000,train/continue_loss_mean,0.0
450000,train/continue_loss_std,0.0
450000,train/grad_norm_mean,0.7599992286682129
450000,train/grad_norm_std,0.10385803216910572
450000,train/policy_log_std_mean,-0.8868502010345459
450000,train/policy_log_std_std,0.42897401341584074
450000,train/policy_loss_mean,-0.2906314535617828
450000,train/policy_loss_std,0.007533290160341332
450000,train/reward_loss_mean,0.19493062921762466
450000,train/reward_loss_std,0.011420721167777027
450000,train/total_loss_mean,0.11564848172068595
450000,train/total_loss_std,0.00400213879770797
450000,train/value_loss_mean,0.2559672803401947
450000,train/value_loss_std,0.00966126118818405
450000,train/value_scale_mean,177.4577357055664
450000,train/value_scale_std,0.8710253316342691
450000,timing/collect_chunk_s,102.17473021848127
450000,timing/train_chunk_s,25.203888474963605
450000,dense_rhs/training_bucket_horizon,4.0
450000,system/heartbeat,1.0
450000,timing/checkpoint_blocking_s,0.4804401476867497
450000,eval/return_mean,674.9000244140625
450000,eval/return_std,389.7034606933594
450000,eval/return_max,1000.0
450000,eval/return_min,0.0
450000,dense_rhs/deployment_utility_last_observed_gain,-61.04998779296875
450000,dense_rhs/deployment_utility_observations,8.0
450000,timing/eval_s,12.189459309913218
450000,eval/selected_horizon,4.0
450000,eval/training_bucket_horizon,4.0
450000,system/heartbeat,1.0
451992,episode/return,847.0
451992,episode/length,500.0
451993,episode/return,993.0
451993,episode/length,500.0
451994,episode/return,991.0
451994,episode/length,500.0
451995,episode/return,966.0
451995,episode/length,500.0
451996,episode/return,889.0
451996,episode/length,500.0
451997,episode/return,976.0
451997,episode/length,500.0
451998,episode/return,965.0
451998,episode/length,500.0
451999,episode/return,930.0
451999,episode/length,500.0
455992,episode/return,971.0
455992,episode/length,500.0
455993,episode/return,933.0
455993,episode/length,500.0
455994,episode/return,987.0
455994,episode/length,500.0
455995,episode/return,3.0
455995,episode/length,500.0
455996,episode/return,789.0
455996,episode/length,500.0
455997,episode/return,864.0
455997,episode/length,500.0
455998,episode/return,944.0
455998,episode/length,500.0
455999,episode/return,0.0
455999,episode/length,500.0
459992,episode/return,954.0
459992,episode/length,500.0
459993,episode/return,972.0
459993,episode/length,500.0
459994,episode/return,941.0
459994,episode/length,500.0
459995,episode/return,937.0
459995,episode/length,500.0
459996,episode/return,5.0
459996,episode/length,500.0
459997,episode/return,944.0
459997,episode/length,500.0
459998,episode/return,939.0
459998,episode/length,500.0
459999,episode/return,900.0
459999,episode/length,500.0
460000,train/consistency_loss_mean,0.0035230504866689445
460000,train/consistency_loss_std,0.00018434075215932025
460000,train/continue_loss_mean,0.0
460000,train/continue_loss_std,0.0
460000,train/grad_norm_mean,0.7517340446472168
460000,train/grad_norm_std,0.10305058158338637
460000,train/policy_log_std_mean,-0.8834475756835938
460000,train/policy_log_std_std,0.42819829321457087
460000,train/policy_loss_mean,-0.29010075149536135
460000,train/policy_loss_std,0.007507134178730897
460000,train/reward_loss_mean,0.19675363801717757
460000,train/reward_loss_std,0.011205926224782493
460000,train/total_loss_mean,0.11560071457624435
460000,train/total_loss_std,0.003991918688069931
460000,train/value_loss_mean,0.25464339740276337
460000,train/value_loss_std,0.009400683369833976
460000,train/value_scale_mean,178.5174183227539
460000,train/value_scale_std,0.9024207396708649
460000,timing/collect_chunk_s,111.42078550113365
460000,timing/train_chunk_s,25.195721359923482
460000,dense_rhs/training_bucket_horizon,4.0
460000,system/heartbeat,1.0
463992,episode/return,974.0
463992,episode/length,500.0
463993,episode/return,965.0
463993,episode/length,500.0
463994,episode/return,842.0
463994,episode/length,500.0
463995,episode/return,954.0
463995,episode/length,500.0
463996,episode/return,953.0
463996,episode/length,500.0
463997,episode/return,957.0
463997,episode/length,500.0
463998,episode/return,982.0
463998,episode/length,500.0
463999,episode/return,972.0
463999,episode/length,500.0
467992,episode/return,3.0
467992,episode/length,500.0
467993,episode/return,906.0
467993,episode/length,500.0
467994,episode/return,768.0
467994,episode/length,500.0
467995,episode/return,982.0
467995,episode/length,500.0
467996,episode/return,879.0
467996,episode/length,500.0
467997,episode/return,5.0
467997,episode/length,500.0
467998,episode/return,499.0
467998,episode/length,500.0
467999,episode/return,968.0
467999,episode/length,500.0
470000,train/consistency_loss_mean,0.003528486769273877
470000,train/consistency_loss_std,0.00018621335407138946
470000,train/continue_loss_mean,0.0
470000,train/continue_loss_std,0.0
470000,train/grad_norm_mean,0.7496428430080414
470000,train/grad_norm_std,0.10318733316277096
470000,train/policy_log_std_mean,-0.8892621363830566
470000,train/policy_log_std_std,0.42009976211831845
470000,train/policy_loss_mean,-0.29719240329265595
470000,train/policy_loss_std,0.007913791035714959
470000,train/reward_loss_mean,0.19835634148120881
470000,train/reward_loss_std,0.011070712440159487
470000,train/total_loss_mean,0.11576937559843063
470000,train/total_loss_std,0.0040384935993027235
470000,train/value_loss_mean,0.2536400423526764
470000,train/value_loss_std,0.009334174355939813
470000,train/value_scale_mean,176.1316441894531
470000,train/value_scale_std,1.4945989620581028
470000,timing/collect_chunk_s,102.92096859682351
470000,timing/train_chunk_s,25.23581976071
470000,dense_rhs/training_bucket_horizon,4.0
470000,system/heartbeat,1.0
470000,dense_rhs/selected_horizon,4.0
470000,dense_rhs/proposed_horizon,3.0
470000,dense_rhs/phase_id,0.0
470000,dense_rhs/num_active_horizons,7.0
470000,dense_rhs/num_candidate_horizons,3.0
470000,dense_rhs/entropy,1.6738392114639282
470000,dense_rhs/norm_entropy,0.8601831197738647
470000,dense_rhs/best_fitness,0.03162277489900589
470000,dense_rhs/deployment_score_best,6.327434064487557e-31
470000,dense_rhs/incumbent_deployment_score,6.327434064487557e-31
470000,dense_rhs/proposed_deployment_score,0.057018525898456573
470000,dense_rhs/proposed_transition_cost,0.04788242653012276
470000,dense_rhs/proposed_switch_probability,0.5318246483802795
470000,dense_rhs/proposed_expected_net_benefit,0.009136099368333817
470000,dense_rhs/transition_cost_best,0.0
470000,dense_rhs/transition_adjusted_score_best,6.327434064487557e-31
470000,dense_rhs/switch_probability_best,0.5
470000,dense_rhs/expected_improvement_best,0.0510832704603672
470000,dense_rhs/expected_loss_best,0.0510832704603672
470000,dense_rhs/expected_net_benefit_best,0.0
470000,dense_rhs/return_term_best,0.0
470000,dense_rhs/roughness_term_best,0.8020155429840088
470000,dense_rhs/return_std_term_best,0.0
470000,dense_rhs/learner_proxy_term_best,0.7889415621757507
470000,dense_rhs/model_prefix_loss_best,0.7830321788787842
470000,dense_rhs/model_probe_prefix_best,0.5671173334121704
470000,dense_rhs/planner_return_best,180.36717224121094
470000,dense_rhs/roughness_best,0.4341519773006439
470000,dense_rhs/robust_return_best,99.21409606933594
470000,timing/query_model_diag_s,0.012169714085757732
470000,timing/query_env_eval_s,7.462233094964176
470000,timing/query_finalize_s,0.003092319704592228
470000,timing/query_total_s,7.482848132029176
470000,dense_rhs/candidate_4_fitness,0.03162277489900589
470000,dense_rhs/candidate_4_deployment_score,6.327434064487557e-31
470000,dense_rhs/candidate_4_transition_cost,0.0
470000,dense_rhs/candidate_4_transition_adjusted_score,6.327434064487557e-31
470000,dense_rhs/candidate_4_switch_probability,0.5
470000,dense_rhs/candidate_4_expected_net_benefit,0.0
470000,dense_rhs/candidate_4_return,99.21409606933594
470000,dense_rhs/candidate_4_return_term,0.0
470000,dense_rhs/candidate_4_roughness_term,0.8020155429840088
470000,dense_rhs/candidate_4_return_std_term,0.0
470000,dense_rhs/candidate_4_learner_proxy_term,0.7889415621757507
470000,dense_rhs/candidate_5_fitness,0.48426011204719543
470000,dense_rhs/candidate_5_deployment_score,0.007384337950497866
470000,dense_rhs/candidate_5_transition_cost,0.061295416206121445
470000,dense_rhs/candidate_5_transition_adjusted_score,-0.053911078721284866
470000,dense_rhs/candidate_5_switch_probability,0.33311742544174194
470000,dense_rhs/candidate_5_expected_net_benefit,-0.053911078721284866
470000,dense_rhs/candidate_5_return,148.36500549316406
470000,dense_rhs/candidate_5_return_term,0.5230271816253662
470000,dense_rhs/candidate_5_roughness_term,0.8315507769584656
470000,dense_rhs/candidate_5_return_std_term,0.12644273042678833
470000,dense_rhs/candidate_5_learner_proxy_term,0.9384948015213013
470000,dense_rhs/candidate_3_fitness,0.573291003704071
470000,dense_rhs/candidate_3_deployment_score,0.057018525898456573
470000,dense_rhs/candidate_3_transition_cost,0.04788242653012276
470000,dense_rhs/candidate_3_transition_adjusted_score,0.009136099368333817
470000,dense_rhs/candidate_3_switch_probability,0.5318246483802795
470000,dense_rhs/candidate_3_expected_net_benefit,0.009136099368333817
470000,dense_rhs/candidate_3_return,193.18800354003906
470000,dense_rhs/candidate_3_return_term,1.0
470000,dense_rhs/candidate_3_roughness_term,0.7923616766929626
470000,dense_rhs/candidate_3_return_std_term,0.1363242268562317
470000,dense_rhs/candidate_3_learner_proxy_term,0.5278608798980713
470000,dense_rhs/deployment_utility_enabled,1.0
470000,dense_rhs/deployment_utility_observations,8.0
470000,dense_rhs/deployment_utility_last_observed_gain,-61.04998779296875
470000,dense_rhs/candidate_3_expected_eval_gain,0.0
470000,dense_rhs/candidate_3_eval_gain_uncertainty,150.0
470000,dense_rhs/candidate_3_deployment_utility_score,47.5
470000,dense_rhs/candidate_4_expected_eval_gain,67.30000305175781
470000,dense_rhs/candidate_4_eval_gain_uncertainty,72.19164293002513
470000,dense_rhs/candidate_4_deployment_utility_score,85.3479137842641
470000,dense_rhs/candidate_5_expected_eval_gain,0.0
470000,dense_rhs/candidate_5_eval_gain_uncertainty,150.0
470000,dense_rhs/candidate_5_deployment_utility_score,38.795076965624915
470000,dense_rhs/deployment_utility_override,0.0
470000,dense_rhs/deployment_utility_selected_expected_gain,67.30000305175781
470000,dense_rhs/deployment_utility_selected_uncertainty,72.19164293002513
470000,dense_rhs/deployment_utility_selected_score,85.3479137842641
470000,dense_rhs/deployment_utility_proposed_horizon,4.0
470000,dense_rhs/deployment_utility_proposed_expected_gain,67.30000305175781
470000,dense_rhs/deployment_utility_proposed_uncertainty,72.19164293002513
470000,dense_rhs/deployment_utility_proposed_score,85.3479137842641
470000,dense_rhs/previous_horizon,4.0
470000,dense_rhs/training_bucket_horizon,4.0
470000,dense_rhs/best_h,4.0
470000,dense_rhs/prob_best_h,0.0078125
470000,dense_rhs/gauss_mean_best_h,0.12172109633684158
470000,dense_rhs/gauss_post_std_best_h,0.08117984980344772
470000,system/heartbeat,1.0
471992,episode/return,971.0
471992,episode/length,500.0
471993,episode/return,624.0
471993,episode/length,500.0
471994,episode/return,972.0
471994,episode/length,500.0
471995,episode/return,924.0
471995,episode/length,500.0
471996,episode/return,932.0
471996,episode/length,500.0
471997,episode/return,946.0
471997,episode/length,500.0
471998,episode/return,899.0
471998,episode/length,500.0
471999,episode/return,985.0
471999,episode/length,500.0
475992,episode/return,851.0
475992,episode/length,500.0
475993,episode/return,969.0
475993,episode/length,500.0
475994,episode/return,964.0
475994,episode/length,500.0
475995,episode/return,969.0
475995,episode/length,500.0
475996,episode/return,691.0
475996,episode/length,500.0
475997,episode/return,632.0
475997,episode/length,500.0
475998,episode/return,950.0
475998,episode/length,500.0
475999,episode/return,990.0
475999,episode/length,500.0
479992,episode/return,1000.0
479992,episode/length,500.0
479993,episode/return,990.0
479993,episode/length,500.0
479994,episode/return,972.0
479994,episode/length,500.0
479995,episode/return,778.0
479995,episode/length,500.0
479996,episode/return,985.0
479996,episode/length,500.0
479997,episode/return,982.0
479997,episode/length,500.0
479998,episode/return,996.0
479998,episode/length,500.0
479999,episode/return,928.0
479999,episode/length,500.0
480000,train/consistency_loss_mean,0.0035329534869641068
480000,train/consistency_loss_std,0.00018471400596846693
480000,train/continue_loss_mean,0.0
480000,train/continue_loss_std,0.0
480000,train/grad_norm_mean,0.7434136200428009
480000,train/grad_norm_std,0.10127581515799103
480000,train/policy_log_std_mean,-0.8910693508148193
480000,train/policy_log_std_std,0.42113689968277346
480000,train/policy_loss_mean,-0.30468454020023344
480000,train/policy_loss_std,0.00799022327973319
480000,train/reward_loss_mean,0.1997108550310135
480000,train/reward_loss_std,0.011073439996890812
480000,train/total_loss_mean,0.1155183889567852
480000,train/total_loss_std,0.0039829559396255924
480000,train/value_loss_mean,0.24888232972621918
480000,train/value_loss_std,0.008999293579570477
480000,train/value_scale_mean,173.3463915283203
480000,train/value_scale_std,1.3171537914302676
480000,timing/collect_chunk_s,102.5405515586026
480000,timing/train_chunk_s,25.179064703173935
480000,dense_rhs/training_bucket_horizon,4.0
480000,system/heartbeat,1.0
483992,episode/return,957.0
483992,episode/length,500.0
483993,episode/return,980.0
483993,episode/length,500.0
483994,episode/return,800.0
483994,episode/length,500.0
483995,episode/return,903.0
483995,episode/length,500.0
483996,episode/return,946.0
483996,episode/length,500.0
483997,episode/return,1000.0
483997,episode/length,500.0
483998,episode/return,0.0
483998,episode/length,500.0
483999,episode/return,984.0
483999,episode/length,500.0
487992,episode/return,379.0
487992,episode/length,500.0
487993,episode/return,782.0
487993,episode/length,500.0
487994,episode/return,940.0
487994,episode/length,500.0
487995,episode/return,17.0
487995,episode/length,500.0
487996,episode/return,977.0
487996,episode/length,500.0
487997,episode/return,896.0
487997,episode/length,500.0
487998,episode/return,1000.0
487998,episode/length,500.0
487999,episode/return,928.0
487999,episode/length,500.0
490000,train/consistency_loss_mean,0.0035175244515761733
490000,train/consistency_loss_std,0.0001862519541427361
490000,train/continue_loss_mean,0.0
490000,train/continue_loss_std,0.0
490000,train/grad_norm_mean,0.7380146989822388
490000,train/grad_norm_std,0.10252121759921623
490000,train/policy_log_std_mean,-0.8955944340515136
490000,train/policy_log_std_std,0.42079635937776116
490000,train/policy_loss_mean,-0.31525284695625305
490000,train/policy_loss_std,0.008415215933037241
490000,train/reward_loss_mean,0.201504836165905
490000,train/reward_loss_std,0.01108594068672639
490000,train/total_loss_mean,0.11480227395892144
490000,train/total_loss_std,0.003991672041302926
490000,train/value_loss_mean,0.2430129935979843
490000,train/value_loss_std,0.008870246907400249
490000,train/value_scale_mean,169.5765332763672
490000,train/value_scale_std,1.5463549177429246
490000,timing/collect_chunk_s,100.94450834486634
490000,timing/train_chunk_s,25.165093091782182
490000,dense_rhs/training_bucket_horizon,4.0
490000,system/heartbeat,1.0
491992,episode/return,952.0
491992,episode/length,500.0
491993,episode/return,19.0
491993,episode/length,500.0
491994,episode/return,977.0
491994,episode/length,500.0
491995,episode/return,3.0
491995,episode/length,500.0
491996,episode/return,0.0
491996,episode/length,500.0
491997,episode/return,5.0
491997,episode/length,500.0
491998,episode/return,758.0
491998,episode/length,500.0
491999,episode/return,15.0
491999,episode/length,500.0
495992,episode/return,960.0
495992,episode/length,500.0
495993,episode/return,965.0
495993,episode/length,500.0
495994,episode/return,989.0
495994,episode/length,500.0
495995,episode/return,971.0
495995,episode/length,500.0
495996,episode/return,866.0
495996,episode/length,500.0
495997,episode/return,906.0
495997,episode/length,500.0
495998,episode/return,0.0
495998,episode/length,500.0
495999,episode/return,983.0
495999,episode/length,500.0
499992,episode/return,924.0
499992,episode/length,500.0
499993,episode/return,652.0
499993,episode/length,500.0
499994,episode/return,924.0
499994,episode/length,500.0
499995,episode/return,0.0
499995,episode/length,500.0
499996,episode/return,973.0
499996,episode/length,500.0
499997,episode/return,989.0
499997,episode/length,500.0
499998,episode/return,966.0
499998,episode/length,500.0
499999,episode/return,0.0
499999,episode/length,500.0
500000,train/consistency_loss_mean,0.00352012272849679
500000,train/consistency_loss_std,0.00018794196370690077
500000,train/continue_loss_mean,0.0
500000,train/continue_loss_std,0.0
500000,train/grad_norm_mean,0.7347307983875274
500000,train/grad_norm_std,0.09874686530588575
500000,train/policy_log_std_mean,-0.9232858459472656
500000,train/policy_log_std_std,0.4223696544676439
500000,train/policy_loss_mean,-0.3315834887981415
500000,train/policy_loss_std,0.008918463766798277
500000,train/reward_loss_mean,0.20243630887269973
500000,train/reward_loss_std,0.011249575901572639
500000,train/total_loss_mean,0.11473912515044213
500000,train/total_loss_std,0.003988041245915747
500000,train/value_loss_mean,0.24093037744760512
500000,train/value_loss_std,0.00817872450370643
500000,train/value_scale_mean,162.81432503662109
500000,train/value_scale_std,2.19115774066979
500000,timing/collect_chunk_s,117.74266821146011
500000,timing/train_chunk_s,25.183984759729356
500000,dense_rhs/training_bucket_horizon,4.0
500000,system/heartbeat,1.0
500000,timing/checkpoint_blocking_s,0.5042227352969348
500000,eval/return_mean,838.75
500000,eval/return_std,228.8944854736328
500000,eval/return_max,1000.0
500000,eval/return_min,0.0
500000,dense_rhs/deployment_utility_last_observed_gain,163.8499755859375
500000,dense_rhs/deployment_utility_observations,9.0
500000,timing/eval_s,12.177423710934818
500000,eval/selected_horizon,4.0
500000,eval/training_bucket_horizon,4.0
500000,system/heartbeat,1.0
