step,tag,value
0,timing/prewarm_dense_rhs_s,223.98194759897888
0,system/heartbeat,1.0
3992,episode/return,0.0
3992,episode/length,500.0
3993,episode/return,0.0
3993,episode/length,500.0
3994,episode/return,0.0
3994,episode/length,500.0
3995,episode/return,0.0
3995,episode/length,500.0
3996,episode/return,0.0
3996,episode/length,500.0
3997,episode/return,0.0
3997,episode/length,500.0
3998,episode/return,0.0
3998,episode/length,500.0
3999,episode/return,0.23089134693145752
3999,episode/length,500.0
4000,seed_pretrain/updates_completed,512.0
4000,timing/collect_chunk_s,64.00457301270217
4000,timing/train_chunk_s,221.70361643563956
4000,system/heartbeat,1.0
4000,seed_pretrain/updates_completed,1024.0
4000,timing/collect_chunk_s,64.00457301270217
4000,timing/train_chunk_s,222.74962450470775
4000,system/heartbeat,1.0
4000,seed_pretrain/updates_completed,1536.0
4000,timing/collect_chunk_s,64.00457301270217
4000,timing/train_chunk_s,223.7962549556978
4000,system/heartbeat,1.0
4000,seed_pretrain/updates_completed,2048.0
4000,timing/collect_chunk_s,64.00457301270217
4000,timing/train_chunk_s,224.8418024694547
4000,system/heartbeat,1.0
4000,seed_pretrain/updates_completed,2560.0
4000,timing/collect_chunk_s,64.00457301270217
4000,timing/train_chunk_s,225.88640968548134
4000,system/heartbeat,1.0
4000,seed_pretrain/updates_completed,3072.0
4000,timing/collect_chunk_s,64.00457301270217
4000,timing/train_chunk_s,226.9311228096485
4000,system/heartbeat,1.0
4000,seed_pretrain/updates_completed,3584.0
4000,timing/collect_chunk_s,64.00457301270217
4000,timing/train_chunk_s,227.97712992923334
4000,system/heartbeat,1.0
7992,episode/return,0.0
7992,episode/length,500.0
7993,episode/return,0.0
7993,episode/length,500.0
7994,episode/return,0.0
7994,episode/length,500.0
7995,episode/return,0.0
7995,episode/length,500.0
7996,episode/return,0.9256532788276672
7996,episode/length,500.0
7997,episode/return,0.0
7997,episode/length,500.0
7998,episode/return,0.0
7998,episode/length,500.0
7999,episode/return,0.0
7999,episode/length,500.0
10000,train/consistency_loss_mean,0.0004489521938143298
10000,train/consistency_loss_std,0.0005327179018991924
10000,train/continue_loss_mean,0.0
10000,train/continue_loss_std,0.0
10000,train/grad_norm_mean,0.180780781018734
10000,train/grad_norm_std,0.048373698849375354
10000,train/policy_log_std_mean,-0.45619987363815306
10000,train/policy_log_std_std,0.31263728209829295
10000,train/policy_loss_mean,-0.14973962115198375
10000,train/policy_loss_std,0.1017437414096363
10000,train/reward_loss_mean,0.005100153696048346
10000,train/reward_loss_std,0.08705926128935926
10000,train/total_loss_mean,0.03493530649542809
10000,train/total_loss_std,0.025584236698814787
10000,train/value_loss_mean,0.25446246390342714
10000,train/value_loss_std,0.14374531109012442
10000,train/value_scale_mean,1.0
10000,train/value_scale_std,0.0
10000,timing/collect_chunk_s,253.99531281692907
10000,timing/train_chunk_s,281.04981779213995
10000,dense_rhs/training_bucket_horizon,3.0
10000,system/heartbeat,1.0
11992,episode/return,0.0
11992,episode/length,500.0
11993,episode/return,0.0
11993,episode/length,500.0
11994,episode/return,0.0
11994,episode/length,500.0
11995,episode/return,0.0
11995,episode/length,500.0
11996,episode/return,0.0
11996,episode/length,500.0
11997,episode/return,0.0
11997,episode/length,500.0
11998,episode/return,0.0
11998,episode/length,500.0
11999,episode/return,0.0
11999,episode/length,500.0
15992,episode/return,0.0
15992,episode/length,500.0
15993,episode/return,0.0
15993,episode/length,500.0
15994,episode/return,0.0
15994,episode/length,500.0
15995,episode/return,0.0
15995,episode/length,500.0
15996,episode/return,0.0
15996,episode/length,500.0
15997,episode/return,0.0
15997,episode/length,500.0
15998,episode/return,0.0
15998,episode/length,500.0
15999,episode/return,0.0
15999,episode/length,500.0
19992,episode/return,0.0
19992,episode/length,500.0
19993,episode/return,0.3797793984413147
19993,episode/length,500.0
19994,episode/return,0.23753374814987183
19994,episode/length,500.0
19995,episode/return,0.0
19995,episode/length,500.0
19996,episode/return,0.0
19996,episode/length,500.0
19997,episode/return,0.7382862567901611
19997,episode/length,500.0
19998,episode/return,0.0
19998,episode/length,500.0
19999,episode/return,0.0
19999,episode/length,500.0
20000,train/consistency_loss_mean,0.00036330820985604076
20000,train/consistency_loss_std,3.873715317423318e-05
20000,train/continue_loss_mean,0.0
20000,train/continue_loss_std,0.0
20000,train/grad_norm_mean,0.2023919523000717
20000,train/grad_norm_std,0.03584523942596294
20000,train/policy_log_std_mean,-0.2619468266010284
20000,train/policy_log_std_std,0.20528501913111372
20000,train/policy_loss_mean,-0.20355796945095062
20000,train/policy_loss_std,0.02637133845441403
20000,train/reward_loss_mean,0.00020105666740171272
20000,train/reward_loss_std,0.0005771271468537562
20000,train/total_loss_mean,0.03710090536177158
20000,train/total_loss_std,0.007578165241500563
20000,train/value_loss_mean,0.29814634541273116
20000,train/value_loss_std,0.07800061143775444
20000,train/value_scale_mean,1.0
20000,train/value_scale_std,0.0
20000,timing/collect_chunk_s,82.365173519589
20000,timing/train_chunk_s,19.82342145871371
20000,dense_rhs/training_bucket_horizon,3.0
20000,system/heartbeat,1.0
23992,episode/return,0.22061944007873535
23992,episode/length,500.0
23993,episode/return,0.0
23993,episode/length,500.0
23994,episode/return,0.0
23994,episode/length,500.0
23995,episode/return,0.0
23995,episode/length,500.0
23996,episode/return,0.0
23996,episode/length,500.0
23997,episode/return,0.0
23997,episode/length,500.0
23998,episode/return,0.0
23998,episode/length,500.0
23999,episode/return,0.0
23999,episode/length,500.0
27992,episode/return,5.100159645080566
27992,episode/length,500.0
27993,episode/return,0.0
27993,episode/length,500.0
27994,episode/return,0.0
27994,episode/length,500.0
27995,episode/return,8.14199447631836e-05
27995,episode/length,500.0
27996,episode/return,0.0
27996,episode/length,500.0
27997,episode/return,0.0
27997,episode/length,500.0
27998,episode/return,0.0
27998,episode/length,500.0
27999,episode/return,3.262023448944092
27999,episode/length,500.0
30000,train/consistency_loss_mean,0.0003791548084933311
30000,train/consistency_loss_std,3.282727811754167e-05
30000,train/continue_loss_mean,0.0
30000,train/continue_loss_std,0.0
30000,train/grad_norm_mean,0.22351991279125213
30000,train/grad_norm_std,0.047621554277021264
30000,train/policy_log_std_mean,-0.262233687210083
30000,train/policy_log_std_std,0.24229580582631877
30000,train/policy_loss_mean,-0.13579989826679228
30000,train/policy_loss_std,0.018402159154434397
30000,train/reward_loss_mean,0.00037717804154381156
30000,train/reward_loss_std,0.0010421991604465952
30000,train/total_loss_mean,0.041754096379876135
30000,train/total_loss_std,0.0031844256554292086
30000,train/value_loss_mean,0.341332812166214
30000,train/value_loss_std,0.03000904541173062
30000,train/value_scale_mean,1.0489991086959838
30000,train/value_scale_std,0.23197734088649247
30000,timing/collect_chunk_s,82.32734308950603
30000,timing/train_chunk_s,19.822502796072513
30000,dense_rhs/training_bucket_horizon,3.0
30000,system/heartbeat,1.0
31992,episode/return,0.08822041749954224
31992,episode/length,500.0
31993,episode/return,0.0
31993,episode/length,500.0
31994,episode/return,0.0
31994,episode/length,500.0
31995,episode/return,0.0
31995,episode/length,500.0
31996,episode/return,0.5834437608718872
31996,episode/length,500.0
31997,episode/return,0.0
31997,episode/length,500.0
31998,episode/return,0.0
31998,episode/length,500.0
31999,episode/return,0.0
31999,episode/length,500.0
35992,episode/return,0.0
35992,episode/length,500.0
35993,episode/return,0.02481907606124878
35993,episode/length,500.0
35994,episode/return,0.0
35994,episode/length,500.0
35995,episode/return,0.0
35995,episode/length,500.0
35996,episode/return,0.0
35996,episode/length,500.0
35997,episode/return,0.0
35997,episode/length,500.0
35998,episode/return,0.0
35998,episode/length,500.0
35999,episode/return,5.098546981811523
35999,episode/length,500.0
39992,episode/return,2.7822718620300293
39992,episode/length,500.0
39993,episode/return,0.0
39993,episode/length,500.0
39994,episode/return,0.0
39994,episode/length,500.0
39995,episode/return,0.0
39995,episode/length,500.0
39996,episode/return,0.0
39996,episode/length,500.0
39997,episode/return,0.0
39997,episode/length,500.0
39998,episode/return,0.0
39998,episode/length,500.0
39999,episode/return,9.282705307006836
39999,episode/length,500.0
40000,train/consistency_loss_mean,0.0003673679733648896
40000,train/consistency_loss_std,4.3168865820934585e-05
40000,train/continue_loss_mean,0.0
40000,train/continue_loss_std,0.0
40000,train/grad_norm_mean,0.24002004331350327
40000,train/grad_norm_std,0.06755042864867454
40000,train/policy_log_std_mean,-0.5528660507917404
40000,train/policy_log_std_std,0.33019910523241686
40000,train/policy_loss_mean,-0.7706676961660385
40000,train/policy_loss_std,0.48881262106725454
40000,train/reward_loss_mean,0.000577442919719033
40000,train/reward_loss_std,0.0010612444077829418
40000,train/total_loss_mean,0.04053247006088495
40000,train/total_loss_std,0.004182486997950424
40000,train/value_loss_mean,0.33127365567684175
40000,train/value_loss_std,0.03870387323448609
40000,train/value_scale_mean,3.2984068851470947
40000,train/value_scale_std,1.8302468656309216
40000,timing/collect_chunk_s,82.12316024955362
40000,timing/train_chunk_s,19.89888477837667
40000,dense_rhs/training_bucket_horizon,3.0
40000,system/heartbeat,1.0
43992,episode/return,0.0
43992,episode/length,500.0
43993,episode/return,0.0
43993,episode/length,500.0
43994,episode/return,0.0
43994,episode/length,500.0
43995,episode/return,0.0
43995,episode/length,500.0
43996,episode/return,0.0
43996,episode/length,500.0
43997,episode/return,0.0
43997,episode/length,500.0
43998,episode/return,1.3774949312210083
43998,episode/length,500.0
43999,episode/return,0.0
43999,episode/length,500.0
47992,episode/return,4.306031227111816
47992,episode/length,500.0
47993,episode/return,2.481170177459717
47993,episode/length,500.0
47994,episode/return,0.0
47994,episode/length,500.0
47995,episode/return,0.0
47995,episode/length,500.0
47996,episode/return,2.781689167022705
47996,episode/length,500.0
47997,episode/return,0.0
47997,episode/length,500.0
47998,episode/return,0.0
47998,episode/length,500.0
47999,episode/return,0.0
47999,episode/length,500.0
50000,train/consistency_loss_mean,0.0003354209891986102
50000,train/consistency_loss_std,2.314081353218009e-05
50000,train/continue_loss_mean,0.0
50000,train/continue_loss_std,0.0
50000,train/grad_norm_mean,0.22528306909799575
50000,train/grad_norm_std,0.053279815214488206
50000,train/policy_log_std_mean,-0.3531276228666306
50000,train/policy_log_std_std,0.28843017797972476
50000,train/policy_loss_mean,-0.2501042910456657
50000,train/policy_loss_std,0.05347766012429859
50000,train/reward_loss_mean,0.0007023519294336438
50000,train/reward_loss_std,0.0010325271860560778
50000,train/total_loss_mean,0.03861919232308864
50000,train/total_loss_std,0.005093801554213761
50000,train/value_loss_mean,0.31840536863803864
50000,train/value_loss_std,0.05048977519736542
50000,train/value_scale_mean,12.707158776855469
50000,train/value_scale_std,3.3493496445526127
50000,timing/collect_chunk_s,82.03471501311287
50000,timing/train_chunk_s,19.915822617243975
50000,dense_rhs/training_bucket_horizon,3.0
50000,system/heartbeat,1.0
50000,timing/checkpoint_blocking_s,0.4048346229828894
50000,eval/return_mean,2.6910793781280518
50000,eval/return_std,3.5952866077423096
50000,eval/return_max,11.936422348022461
50000,eval/return_min,0.0
50000,dense_rhs/deployment_utility_last_observed_gain,0.0
50000,dense_rhs/deployment_utility_observations,0.0
50000,timing/eval_s,108.90405915724114
50000,eval/selected_horizon,3.0
50000,eval/training_bucket_horizon,3.0
50000,system/heartbeat,1.0
51992,episode/return,0.0
51992,episode/length,500.0
51993,episode/return,0.0
51993,episode/length,500.0
51994,episode/return,0.0
51994,episode/length,500.0
51995,episode/return,0.0
51995,episode/length,500.0
51996,episode/return,19.072887420654297
51996,episode/length,500.0
51997,episode/return,0.0
51997,episode/length,500.0
51998,episode/return,8.46812629699707
51998,episode/length,500.0
51999,episode/return,0.0
51999,episode/length,500.0
55992,episode/return,0.0
55992,episode/length,500.0
55993,episode/return,0.13420581817626953
55993,episode/length,500.0
55994,episode/return,0.0
55994,episode/length,500.0
55995,episode/return,0.0
55995,episode/length,500.0
55996,episode/return,0.0
55996,episode/length,500.0
55997,episode/return,10.228304862976074
55997,episode/length,500.0
55998,episode/return,0.0
55998,episode/length,500.0
55999,episode/return,0.0
55999,episode/length,500.0
59992,episode/return,11.748743057250977
59992,episode/length,500.0
59993,episode/return,0.0
59993,episode/length,500.0
59994,episode/return,0.0
59994,episode/length,500.0
59995,episode/return,0.0
59995,episode/length,500.0
59996,episode/return,0.0
59996,episode/length,500.0
59997,episode/return,12.604890823364258
59997,episode/length,500.0
59998,episode/return,0.0
59998,episode/length,500.0
59999,episode/return,11.040754318237305
59999,episode/length,500.0
60000,train/consistency_loss_mean,0.0003190330181038007
60000,train/consistency_loss_std,4.501154426180697e-05
60000,train/continue_loss_mean,0.0
60000,train/continue_loss_std,0.0
60000,train/grad_norm_mean,0.2250795364022255
60000,train/grad_norm_std,0.08664743152904035
60000,train/policy_log_std_mean,-0.4629348377227783
60000,train/policy_log_std_std,0.3390086718412475
60000,train/policy_loss_mean,-0.4998682981014252
60000,train/policy_loss_std,0.3640605061679192
60000,train/reward_loss_mean,0.001249091338738799
60000,train/reward_loss_std,0.001328797482434272
60000,train/total_loss_mean,0.0384634528696537
60000,train/total_loss_std,0.0050829153878519644
60000,train/value_loss_mean,0.3195788258314133
60000,train/value_loss_std,0.048622973525232885
60000,train/value_scale_mean,15.021629405975341
60000,train/value_scale_std,4.79098721409593
60000,timing/collect_chunk_s,82.26631225831807
60000,timing/train_chunk_s,19.89881570916623
60000,dense_rhs/training_bucket_horizon,3.0
60000,system/heartbeat,1.0
63992,episode/return,0.0
63992,episode/length,500.0
63993,episode/return,0.0
63993,episode/length,500.0
63994,episode/return,0.0
63994,episode/length,500.0
63995,episode/return,0.023672938346862793
63995,episode/length,500.0
63996,episode/return,0.004976332187652588
63996,episode/length,500.0
63997,episode/return,11.812505722045898
63997,episode/length,500.0
63998,episode/return,0.0
63998,episode/length,500.0
63999,episode/return,0.0
63999,episode/length,500.0
67992,episode/return,0.0
67992,episode/length,500.0
67993,episode/return,0.4081111550331116
67993,episode/length,500.0
67994,episode/return,0.0
67994,episode/length,500.0
67995,episode/return,0.0
67995,episode/length,500.0
67996,episode/return,0.1139225959777832
67996,episode/length,500.0
67997,episode/return,0.0
67997,episode/length,500.0
67998,episode/return,0.1312848925590515
67998,episode/length,500.0
67999,episode/return,0.39134758710861206
67999,episode/length,500.0
70000,train/consistency_loss_mean,0.00029075671955943106
70000,train/consistency_loss_std,2.148262534630902e-05
70000,train/continue_loss_mean,0.0
70000,train/continue_loss_std,0.0
70000,train/grad_norm_mean,0.2077929354071617
70000,train/grad_norm_std,0.05674886822241757
70000,train/policy_log_std_mean,-0.5757708750486374
70000,train/policy_log_std_std,0.317820738587852
70000,train/policy_loss_mean,-0.5207586168050766
70000,train/policy_loss_std,0.07126842946462553
70000,train/reward_loss_mean,0.001344505002326332
70000,train/reward_loss_std,0.001309462421568076
70000,train/total_loss_mean,0.0354062037974596
70000,train/total_loss_std,0.004027075732873269
70000,train/value_loss_mean,0.2945661884784698
70000,train/value_loss_std,0.04033111742575741
70000,train/value_scale_mean,19.724805543518066
70000,train/value_scale_std,4.460157947526447
70000,timing/collect_chunk_s,82.41109327645972
70000,timing/train_chunk_s,19.908043290488422
70000,dense_rhs/training_bucket_horizon,3.0
70000,system/heartbeat,1.0
70000,dense_rhs/selected_horizon,3.0
70000,dense_rhs/proposed_horizon,3.0
70000,dense_rhs/phase_id,0.0
70000,dense_rhs/num_active_horizons,7.0
70000,dense_rhs/num_candidate_horizons,3.0
70000,dense_rhs/entropy,1.9219346046447754
70000,dense_rhs/norm_entropy,0.9876789450645447
70000,dense_rhs/best_fitness,0.03162277489900589
70000,dense_rhs/deployment_score_best,1.0845469995983317e-14
70000,dense_rhs/incumbent_deployment_score,1.0845469995983317e-14
70000,dense_rhs/proposed_deployment_score,1.0845469995983317e-14
70000,dense_rhs/proposed_transition_cost,0.0
70000,dense_rhs/proposed_switch_probability,0.5
70000,dense_rhs/proposed_expected_net_benefit,0.0
70000,dense_rhs/transition_cost_best,0.0
70000,dense_rhs/transition_adjusted_score_best,1.0845469995983317e-14
70000,dense_rhs/switch_probability_best,0.5
70000,dense_rhs/expected_improvement_best,0.564189612865448
70000,dense_rhs/expected_loss_best,0.564189612865448
70000,dense_rhs/expected_net_benefit_best,0.0
70000,dense_rhs/return_term_best,0.010457715019583702
70000,dense_rhs/roughness_term_best,0.9857849478721619
70000,dense_rhs/return_std_term_best,0.0
70000,dense_rhs/learner_proxy_term_best,0.9198542237281799
70000,dense_rhs/model_prefix_loss_best,0.2123396247625351
70000,dense_rhs/model_probe_prefix_best,0.029888061806559563
70000,dense_rhs/planner_return_best,25.15768814086914
70000,dense_rhs/roughness_best,0.05823132023215294
70000,dense_rhs/robust_return_best,-1.5502779483795166
70000,timing/query_model_diag_s,13.839893906842917
70000,timing/query_env_eval_s,34.71970914909616
70000,timing/query_finalize_s,0.8142566396854818
70000,timing/query_total_s,49.55979857314378
70000,dense_rhs/candidate_3_fitness,0.03162277489900589
70000,dense_rhs/candidate_3_deployment_score,1.0845469995983317e-14
70000,dense_rhs/candidate_3_transition_cost,0.0
70000,dense_rhs/candidate_3_transition_adjusted_score,1.0845469995983317e-14
70000,dense_rhs/candidate_3_switch_probability,0.5
70000,dense_rhs/candidate_3_expected_net_benefit,0.0
70000,dense_rhs/candidate_3_return,-1.5502779483795166
70000,dense_rhs/candidate_3_return_term,0.010457715019583702
70000,dense_rhs/candidate_3_roughness_term,0.9857849478721619
70000,dense_rhs/candidate_3_return_std_term,0.0
70000,dense_rhs/candidate_3_learner_proxy_term,0.9198542237281799
70000,dense_rhs/candidate_2_fitness,0.40697991847991943
70000,dense_rhs/candidate_2_deployment_score,1.6173693211385398e-06
70000,dense_rhs/candidate_2_transition_cost,0.017956610769033432
70000,dense_rhs/candidate_2_transition_adjusted_score,-0.0179549939930439
70000,dense_rhs/candidate_2_switch_probability,0.49493512511253357
70000,dense_rhs/candidate_2_expected_net_benefit,-0.017955005168914795
70000,dense_rhs/candidate_2_return,-0.7935209274291992
70000,dense_rhs/candidate_2_return_term,0.038920436054468155
70000,dense_rhs/candidate_2_roughness_term,1.0
70000,dense_rhs/candidate_2_return_std_term,0.7048527598381042
70000,dense_rhs/candidate_2_learner_proxy_term,1.0
70000,dense_rhs/candidate_4_fitness,0.03162277489900589
70000,dense_rhs/candidate_4_deployment_score,6.41952509807109e-26
70000,dense_rhs/candidate_4_transition_cost,0.04470833018422127
70000,dense_rhs/candidate_4_transition_adjusted_score,-0.04470833018422127
70000,dense_rhs/candidate_4_switch_probability,0.4873901307582855
70000,dense_rhs/candidate_4_expected_net_benefit,-0.044708311557769775
70000,dense_rhs/candidate_4_return,-1.8283240795135498
70000,dense_rhs/candidate_4_return_term,0.0
70000,dense_rhs/candidate_4_roughness_term,0.9003894329071045
70000,dense_rhs/candidate_4_return_std_term,0.0898658037185669
70000,dense_rhs/candidate_4_learner_proxy_term,0.7933741807937622
70000,dense_rhs/deployment_utility_enabled,1.0
70000,dense_rhs/deployment_utility_observations,0.0
70000,dense_rhs/deployment_utility_last_observed_gain,0.0
70000,dense_rhs/candidate_2_expected_eval_gain,0.0
70000,dense_rhs/candidate_2_eval_gain_uncertainty,150.0
70000,dense_rhs/candidate_2_deployment_utility_score,47.5
70000,dense_rhs/candidate_3_expected_eval_gain,0.0
70000,dense_rhs/candidate_3_eval_gain_uncertainty,150.0
70000,dense_rhs/candidate_3_deployment_utility_score,37.500000067056234
70000,dense_rhs/candidate_4_expected_eval_gain,0.0
70000,dense_rhs/candidate_4_eval_gain_uncertainty,150.0
70000,dense_rhs/candidate_4_deployment_utility_score,37.5
70000,dense_rhs/deployment_utility_override,0.0
70000,dense_rhs/deployment_utility_selected_expected_gain,0.0
70000,dense_rhs/deployment_utility_selected_uncertainty,150.0
70000,dense_rhs/deployment_utility_selected_score,37.500000067056234
70000,dense_rhs/deployment_utility_proposed_horizon,2.0
70000,dense_rhs/deployment_utility_proposed_expected_gain,0.0
70000,dense_rhs/deployment_utility_proposed_uncertainty,150.0
70000,dense_rhs/deployment_utility_proposed_score,47.5
70000,dense_rhs/previous_horizon,3.0
70000,dense_rhs/training_bucket_horizon,3.0
70000,dense_rhs/best_h,3.0
70000,dense_rhs/prob_best_h,0.154296875
70000,dense_rhs/gauss_mean_best_h,0.03162277489900589
70000,dense_rhs/gauss_post_std_best_h,1.0
70000,system/heartbeat,1.0
71992,episode/return,0.0
71992,episode/length,500.0
71993,episode/return,0.0
71993,episode/length,500.0
71994,episode/return,0.0
71994,episode/length,500.0
71995,episode/return,0.0
71995,episode/length,500.0
71996,episode/return,0.0
71996,episode/length,500.0
71997,episode/return,0.0
71997,episode/length,500.0
71998,episode/return,15.194978713989258
71998,episode/length,500.0
71999,episode/return,0.0
71999,episode/length,500.0
75992,episode/return,16.293960571289062
75992,episode/length,500.0
75993,episode/return,9.070548057556152
75993,episode/length,500.0
75994,episode/return,1.0777543783187866
75994,episode/length,500.0
75995,episode/return,3.453434467315674
75995,episode/length,500.0
75996,episode/return,0.0
75996,episode/length,500.0
75997,episode/return,0.33071017265319824
75997,episode/length,500.0
75998,episode/return,22.151899337768555
75998,episode/length,500.0
75999,episode/return,9.224431037902832
75999,episode/length,500.0
79992,episode/return,0.27293771505355835
79992,episode/length,500.0
79993,episode/return,0.798961341381073
79993,episode/length,500.0
79994,episode/return,0.0
79994,episode/length,500.0
79995,episode/return,0.0
79995,episode/length,500.0
79996,episode/return,0.0
79996,episode/length,500.0
79997,episode/return,0.0
79997,episode/length,500.0
79998,episode/return,0.0
79998,episode/length,500.0
79999,episode/return,1.2683387994766235
79999,episode/length,500.0
80000,train/consistency_loss_mean,0.00027272815029136835
80000,train/consistency_loss_std,2.012011285334092e-05
80000,train/continue_loss_mean,0.0
80000,train/continue_loss_std,0.0
80000,train/grad_norm_mean,0.19474320425987243
80000,train/grad_norm_std,0.04847689302280641
80000,train/policy_log_std_mean,-0.5419936731815338
80000,train/policy_log_std_std,0.30824658896519175
80000,train/policy_loss_mean,-0.45367184293270113
80000,train/policy_loss_std,0.018419706116497653
80000,train/reward_loss_mean,0.0018850156038999557
80000,train/reward_loss_std,0.00166176906487342
80000,train/total_loss_mean,0.03437493893504143
80000,train/total_loss_std,0.0043548727853021316
80000,train/value_loss_mean,0.2873187351465225
80000,train/value_loss_std,0.042551987891641746
80000,train/value_scale_mean,29.878530810546874
80000,train/value_scale_std,4.187638339794861
80000,timing/collect_chunk_s,81.0841482821852
80000,timing/train_chunk_s,19.94649997446686
80000,dense_rhs/training_bucket_horizon,3.0
80000,system/heartbeat,1.0
83992,episode/return,10.501789093017578
83992,episode/length,500.0
83993,episode/return,0.0
83993,episode/length,500.0
83994,episode/return,9.027945518493652
83994,episode/length,500.0
83995,episode/return,8.906157493591309
83995,episode/length,500.0
83996,episode/return,10.067959785461426
83996,episode/length,500.0
83997,episode/return,0.0
83997,episode/length,500.0
83998,episode/return,0.0
83998,episode/length,500.0
83999,episode/return,0.0
83999,episode/length,500.0
87992,episode/return,11.025678634643555
87992,episode/length,500.0
87993,episode/return,0.0
87993,episode/length,500.0
87994,episode/return,13.842761993408203
87994,episode/length,500.0
87995,episode/return,16.163951873779297
87995,episode/length,500.0
87996,episode/return,12.55229377746582
87996,episode/length,500.0
87997,episode/return,14.123161315917969
87997,episode/length,500.0
87998,episode/return,0.0
87998,episode/length,500.0
87999,episode/return,0.0
87999,episode/length,500.0
90000,train/consistency_loss_mean,0.0002452579351956956
90000,train/consistency_loss_std,1.7265729674229345e-05
90000,train/continue_loss_mean,0.0
90000,train/continue_loss_std,0.0
90000,train/grad_norm_mean,0.1819102479338646
90000,train/grad_norm_std,0.044401198988089564
90000,train/policy_log_std_mean,-0.5391825093269348
90000,train/policy_log_std_std,0.3470405946068177
90000,train/policy_loss_mean,-0.45123528702259064
90000,train/policy_loss_std,0.018708661596351026
90000,train/reward_loss_mean,0.002279374514799565
90000,train/reward_loss_std,0.0017789305208826657
90000,train/total_loss_mean,0.033370953491330145
90000,train/total_loss_std,0.0035434866386731038
90000,train/value_loss_mean,0.2823785683631897
90000,train/value_loss_std,0.0352459747785717
90000,train/value_scale_mean,33.001519522094725
90000,train/value_scale_std,1.0574477327083336
90000,timing/collect_chunk_s,82.38759973132983
90000,timing/train_chunk_s,19.845903401263058
90000,dense_rhs/training_bucket_horizon,3.0
90000,system/heartbeat,1.0
91992,episode/return,14.864439010620117
91992,episode/length,500.0
91993,episode/return,15.637076377868652
91993,episode/length,500.0
91994,episode/return,14.123144149780273
91994,episode/length,500.0
91995,episode/return,0.0
91995,episode/length,500.0
91996,episode/return,0.0
91996,episode/length,500.0
91997,episode/return,12.178746223449707
91997,episode/length,500.0
91998,episode/return,15.832106590270996
91998,episode/length,500.0
91999,episode/return,13.030357360839844
91999,episode/length,500.0
95992,episode/return,9.692947387695312
95992,episode/length,500.0
95993,episode/return,15.318254470825195
95993,episode/length,500.0
95994,episode/return,0.0
95994,episode/length,500.0
95995,episode/return,0.0
95995,episode/length,500.0
95996,episode/return,15.681343078613281
95996,episode/length,500.0
95997,episode/return,0.0
95997,episode/length,500.0
95998,episode/return,15.257270812988281
95998,episode/length,500.0
95999,episode/return,0.0
95999,episode/length,500.0
99992,episode/return,16.8929500579834
99992,episode/length,500.0
99993,episode/return,12.279541969299316
99993,episode/length,500.0
99994,episode/return,14.216282844543457
99994,episode/length,500.0
99995,episode/return,15.387168884277344
99995,episode/length,500.0
99996,episode/return,12.885788917541504
99996,episode/length,500.0
99997,episode/return,14.398658752441406
99997,episode/length,500.0
99998,episode/return,14.90591812133789
99998,episode/length,500.0
99999,episode/return,16.408462524414062
99999,episode/length,500.0
100000,train/consistency_loss_mean,0.00023338603852316738
100000,train/consistency_loss_std,1.687537057092416e-05
100000,train/continue_loss_mean,0.0
100000,train/continue_loss_std,0.0
100000,train/grad_norm_mean,0.17709186366796492
100000,train/grad_norm_std,0.04311271295679467
100000,train/policy_log_std_mean,-0.5113089825153351
100000,train/policy_log_std_std,0.2830703097777256
100000,train/policy_loss_mean,-0.4658326670408249
100000,train/policy_loss_std,0.0290994147359401
100000,train/reward_loss_mean,0.0027766019416972996
100000,train/reward_loss_std,0.0018956707372065952
100000,train/total_loss_mean,0.033760062995553015
100000,train/total_loss_std,0.003967541304636688
100000,train/value_loss_mean,0.28814681391716
100000,train/value_loss_std,0.039200972206126485
100000,train/value_scale_mean,32.84394149017334
100000,train/value_scale_std,1.8444508115750764
100000,timing/collect_chunk_s,82.53255698550493
100000,timing/train_chunk_s,19.879050463903695
100000,dense_rhs/training_bucket_horizon,3.0
100000,system/heartbeat,1.0
100000,timing/checkpoint_blocking_s,0.42739735497161746
100000,eval/return_mean,12.355782508850098
100000,eval/return_std,5.5133280754089355
100000,eval/return_max,18.251977920532227
100000,eval/return_min,0.0
100000,dense_rhs/deployment_utility_last_observed_gain,9.664703130722046
100000,dense_rhs/deployment_utility_observations,1.0
100000,timing/eval_s,18.282759631983936
100000,eval/selected_horizon,3.0
100000,eval/training_bucket_horizon,3.0
100000,system/heartbeat,1.0
103992,episode/return,68.4009017944336
103992,episode/length,500.0
103993,episode/return,62.10760498046875
103993,episode/length,500.0
103994,episode/return,76.89322662353516
103994,episode/length,500.0
103995,episode/return,54.837989807128906
103995,episode/length,500.0
103996,episode/return,61.545066833496094
103996,episode/length,500.0
103997,episode/return,64.4931411743164
103997,episode/length,500.0
103998,episode/return,85.50231170654297
103998,episode/length,500.0
103999,episode/return,51.74618911743164
103999,episode/length,500.0
107992,episode/return,60.363033294677734
107992,episode/length,500.0
107993,episode/return,68.54434967041016
107993,episode/length,500.0
107994,episode/return,47.93037796020508
107994,episode/length,500.0
107995,episode/return,47.68549346923828
107995,episode/length,500.0
107996,episode/return,50.26922607421875
107996,episode/length,500.0
107997,episode/return,47.252685546875
107997,episode/length,500.0
107998,episode/return,47.2418098449707
107998,episode/length,500.0
107999,episode/return,51.77067565917969
107999,episode/length,500.0
110000,train/consistency_loss_mean,0.0002273533860919997
110000,train/consistency_loss_std,1.7292760944340806e-05
110000,train/continue_loss_mean,0.0
110000,train/continue_loss_std,0.0
110000,train/grad_norm_mean,0.18862223552465437
110000,train/grad_norm_std,0.04891158854090428
110000,train/policy_log_std_mean,-0.536340515089035
110000,train/policy_log_std_std,0.2780966386245914
110000,train/policy_loss_mean,-0.5215178582191468
110000,train/policy_loss_std,0.019461657742982044
110000,train/reward_loss_mean,0.007242292806133628
110000,train/reward_loss_std,0.0036257142714360997
110000,train/total_loss_mean,0.03511395117044449
110000,train/total_loss_std,0.0025107807991080655
110000,train/value_loss_mean,0.29842653408050535
110000,train/value_loss_std,0.024039418572780934
110000,train/value_scale_mean,25.89935171661377
110000,train/value_scale_std,1.9167006423786834
110000,timing/collect_chunk_s,82.59391542896628
110000,timing/train_chunk_s,19.899752736557275
110000,dense_rhs/training_bucket_horizon,3.0
110000,system/heartbeat,1.0
111992,episode/return,106.27928161621094
111992,episode/length,500.0
111993,episode/return,100.02903747558594
111993,episode/length,500.0
111994,episode/return,103.27699279785156
111994,episode/length,500.0
111995,episode/return,118.89041137695312
111995,episode/length,500.0
111996,episode/return,98.74958801269531
111996,episode/length,500.0
111997,episode/return,103.40252685546875
111997,episode/length,500.0
111998,episode/return,85.73275756835938
111998,episode/length,500.0
111999,episode/return,106.65738677978516
111999,episode/length,500.0
115992,episode/return,133.32508850097656
115992,episode/length,500.0
115993,episode/return,143.61346435546875
115993,episode/length,500.0
115994,episode/return,161.00343322753906
115994,episode/length,500.0
115995,episode/return,165.7991485595703
115995,episode/length,500.0
115996,episode/return,152.0509796142578
115996,episode/length,500.0
115997,episode/return,126.94502258300781
115997,episode/length,500.0
115998,episode/return,144.04006958007812
115998,episode/length,500.0
115999,episode/return,165.75689697265625
115999,episode/length,500.0
119992,episode/return,172.1614532470703
119992,episode/length,500.0
119993,episode/return,186.97300720214844
119993,episode/length,500.0
119994,episode/return,185.81390380859375
119994,episode/length,500.0
119995,episode/return,190.30833435058594
119995,episode/length,500.0
119996,episode/return,168.86773681640625
119996,episode/length,500.0
119997,episode/return,177.2614288330078
119997,episode/length,500.0
119998,episode/return,185.20907592773438
119998,episode/length,500.0
119999,episode/return,162.0654296875
119999,episode/length,500.0
120000,train/consistency_loss_mean,0.0002182863242458552
120000,train/consistency_loss_std,1.6234218731444243e-05
120000,train/continue_loss_mean,0.0
120000,train/continue_loss_std,0.0
120000,train/grad_norm_mean,0.22780382008552552
120000,train/grad_norm_std,0.07624667056252178
120000,train/policy_log_std_mean,-0.5815500651836395
120000,train/policy_log_std_std,0.29820903265573523
120000,train/policy_loss_mean,-0.5769411612033843
120000,train/policy_loss_std,0.025343543358761766
120000,train/reward_loss_mean,0.01625479753613472
120000,train/reward_loss_std,0.005892005849029116
120000,train/total_loss_mean,0.033907877108454706
120000,train/total_loss_std,0.00315592279813843
120000,train/value_loss_mean,0.2791666979312897
120000,train/value_loss_std,0.029059268564378717
120000,train/value_scale_mean,23.424856904602052
120000,train/value_scale_std,0.7592657424562032
120000,timing/collect_chunk_s,80.36487102182582
120000,timing/train_chunk_s,19.91100325481966
120000,dense_rhs/training_bucket_horizon,3.0
120000,system/heartbeat,1.0
120000,dense_rhs/selected_horizon,2.0
120000,dense_rhs/proposed_horizon,2.0
120000,dense_rhs/phase_id,0.0
120000,dense_rhs/num_active_horizons,7.0
120000,dense_rhs/num_candidate_horizons,3.0
120000,dense_rhs/entropy,1.7394781112670898
120000,dense_rhs/norm_entropy,0.8939148783683777
120000,dense_rhs/best_fitness,0.5455390214920044
120000,dense_rhs/deployment_score_best,0.08857238292694092
120000,dense_rhs/incumbent_deployment_score,5.760079488936753e-07
120000,dense_rhs/proposed_deployment_score,0.08857238292694092
120000,dense_rhs/proposed_transition_cost,0.036697279661893845
120000,dense_rhs/proposed_switch_probability,0.5146302580833435
120000,dense_rhs/proposed_expected_net_benefit,0.051874518394470215
120000,dense_rhs/transition_cost_best,0.036697279661893845
120000,dense_rhs/transition_adjusted_score_best,0.05187510326504707
120000,dense_rhs/switch_probability_best,0.5146302580833435
120000,dense_rhs/expected_improvement_best,0.590506374835968
120000,dense_rhs/expected_loss_best,0.5386318564414978
120000,dense_rhs/expected_net_benefit_best,0.051874518394470215
120000,dense_rhs/return_term_best,1.0
120000,dense_rhs/roughness_term_best,1.0
120000,dense_rhs/return_std_term_best,0.08857238292694092
120000,dense_rhs/learner_proxy_term_best,1.0
120000,dense_rhs/model_prefix_loss_best,0.14239391684532166
120000,dense_rhs/model_probe_prefix_best,0.025026805698871613
120000,dense_rhs/planner_return_best,32.83840560913086
120000,dense_rhs/roughness_best,0.0174210537225008
120000,dense_rhs/robust_return_best,89.19113159179688
120000,timing/query_model_diag_s,13.784302567597479
120000,timing/query_env_eval_s,10.698627220001072
120000,timing/query_finalize_s,0.7972341882996261
120000,timing/query_total_s,25.28524066694081
120000,dense_rhs/candidate_3_fitness,0.03162277489900589
120000,dense_rhs/candidate_3_deployment_score,5.760079488936753e-07
120000,dense_rhs/candidate_3_transition_cost,0.0
120000,dense_rhs/candidate_3_transition_adjusted_score,5.760079488936753e-07
120000,dense_rhs/candidate_3_switch_probability,0.5
120000,dense_rhs/candidate_3_expected_net_benefit,0.0
120000,dense_rhs/candidate_3_return,82.91487884521484
120000,dense_rhs/candidate_3_return_term,0.8908612132072449
120000,dense_rhs/candidate_3_roughness_term,0.966917872428894
120000,dense_rhs/candidate_3_return_std_term,0.0
120000,dense_rhs/candidate_3_learner_proxy_term,0.9457986950874329
120000,dense_rhs/candidate_2_fitness,0.5455390214920044
120000,dense_rhs/candidate_2_deployment_score,0.08857238292694092
120000,dense_rhs/candidate_2_transition_cost,0.036697279661893845
120000,dense_rhs/candidate_2_transition_adjusted_score,0.05187510326504707
120000,dense_rhs/candidate_2_switch_probability,0.5146302580833435
120000,dense_rhs/candidate_2_expected_net_benefit,0.051874518394470215
120000,dense_rhs/candidate_2_return,89.19113159179688
120000,dense_rhs/candidate_2_return_term,1.0
120000,dense_rhs/candidate_2_roughness_term,1.0
120000,dense_rhs/candidate_2_return_std_term,0.08857238292694092
120000,dense_rhs/candidate_2_learner_proxy_term,1.0
120000,dense_rhs/candidate_4_fitness,0.5766810178756714
120000,dense_rhs/candidate_4_deployment_score,0.04596259072422981
120000,dense_rhs/candidate_4_transition_cost,0.04740829020738602
120000,dense_rhs/candidate_4_transition_adjusted_score,-0.0014456994831562042
120000,dense_rhs/candidate_4_switch_probability,0.49959200620651245
120000,dense_rhs/candidate_4_expected_net_benefit,-0.0014462471008300781
120000,dense_rhs/candidate_4_return,79.30828094482422
120000,dense_rhs/candidate_4_return_term,0.828145444393158
120000,dense_rhs/candidate_4_roughness_term,0.6637766361236572
120000,dense_rhs/candidate_4_return_std_term,0.2011917233467102
120000,dense_rhs/candidate_4_learner_proxy_term,0.7317217588424683
120000,dense_rhs/deployment_utility_enabled,1.0
120000,dense_rhs/deployment_utility_observations,1.0
120000,dense_rhs/deployment_utility_last_observed_gain,9.664703130722046
120000,dense_rhs/candidate_2_expected_eval_gain,0.0
120000,dense_rhs/candidate_2_eval_gain_uncertainty,150.0
120000,dense_rhs/candidate_2_deployment_utility_score,47.5
120000,dense_rhs/candidate_3_expected_eval_gain,9.664703130722046
120000,dense_rhs/candidate_3_eval_gain_uncertainty,106.06601717798212
120000,dense_rhs/candidate_3_deployment_utility_score,36.18120742521758
120000,dense_rhs/candidate_4_expected_eval_gain,0.0
120000,dense_rhs/candidate_4_eval_gain_uncertainty,150.0
120000,dense_rhs/candidate_4_deployment_utility_score,42.68923755934186
120000,dense_rhs/deployment_utility_override,0.0
120000,dense_rhs/deployment_utility_selected_expected_gain,0.0
120000,dense_rhs/deployment_utility_selected_uncertainty,150.0
120000,dense_rhs/deployment_utility_selected_score,47.5
120000,dense_rhs/deployment_utility_proposed_horizon,2.0
120000,dense_rhs/deployment_utility_proposed_expected_gain,0.0
120000,dense_rhs/deployment_utility_proposed_uncertainty,150.0
120000,dense_rhs/deployment_utility_proposed_score,47.5
120000,dense_rhs/previous_horizon,3.0
120000,dense_rhs/training_bucket_horizon,2.0
120000,dense_rhs/best_h,2.0
120000,dense_rhs/prob_best_h,0.14453125
120000,dense_rhs/gauss_mean_best_h,0.4762594699859619
120000,dense_rhs/gauss_post_std_best_h,0.04898800328373909
120000,system/heartbeat,1.0
123992,episode/return,200.5485076904297
123992,episode/length,500.0
123993,episode/return,233.8876495361328
123993,episode/length,500.0
123994,episode/return,227.4468231201172
123994,episode/length,500.0
123995,episode/return,182.89222717285156
123995,episode/length,500.0
123996,episode/return,203.13511657714844
123996,episode/length,500.0
123997,episode/return,210.71482849121094
123997,episode/length,500.0
123998,episode/return,213.7716064453125
123998,episode/length,500.0
123999,episode/return,178.81910705566406
123999,episode/length,500.0
127992,episode/return,259.9591979980469
127992,episode/length,500.0
127993,episode/return,232.40216064453125
127993,episode/length,500.0
127994,episode/return,243.7765655517578
127994,episode/length,500.0
127995,episode/return,236.30587768554688
127995,episode/length,500.0
127996,episode/return,215.41148376464844
127996,episode/length,500.0
127997,episode/return,237.90179443359375
127997,episode/length,500.0
127998,episode/return,230.0086669921875
127998,episode/length,500.0
127999,episode/return,227.40652465820312
127999,episode/length,500.0
130000,train/consistency_loss_mean,0.0002682311786687933
130000,train/consistency_loss_std,2.2061718968591542e-05
130000,train/continue_loss_mean,0.0
130000,train/continue_loss_std,0.0
130000,train/grad_norm_mean,0.42815002982616424
130000,train/grad_norm_std,0.18468192941583103
130000,train/policy_log_std_mean,-0.6055694276491801
130000,train/policy_log_std_std,0.30811637281341003
130000,train/policy_loss_mean,-0.7528987035751343
130000,train/policy_loss_std,0.0306059351157662
130000,train/reward_loss_mean,0.03600301310122013
130000,train/reward_loss_std,0.009387326048362434
130000,train/total_loss_mean,0.047782792454957965
130000,train/total_loss_std,0.0063081700275563
130000,train/value_loss_mean,0.3881786661148071
130000,train/value_loss_std,0.06487368792048057
130000,train/value_scale_mean,25.975229783630372
130000,train/value_scale_std,2.147490562248293
130000,timing/collect_chunk_s,135.46703993994743
130000,timing/train_chunk_s,178.2674865629524
130000,dense_rhs/training_bucket_horizon,2.0
130000,system/heartbeat,1.0
131992,episode/return,311.5347900390625
131992,episode/length,500.0
131993,episode/return,301.4212951660156
131993,episode/length,500.0
131994,episode/return,312.4540710449219
131994,episode/length,500.0
131995,episode/return,309.8080139160156
131995,episode/length,500.0
131996,episode/return,289.04443359375
131996,episode/length,500.0
131997,episode/return,314.5240783691406
131997,episode/length,500.0
131998,episode/return,309.2725524902344
131998,episode/length,500.0
131999,episode/return,315.6375732421875
131999,episode/length,500.0
135992,episode/return,348.4974060058594
135992,episode/length,500.0
135993,episode/return,344.8475646972656
135993,episode/length,500.0
135994,episode/return,357.3550109863281
135994,episode/length,500.0
135995,episode/return,352.2043151855469
135995,episode/length,500.0
135996,episode/return,357.2198486328125
135996,episode/length,500.0
135997,episode/return,354.24432373046875
135997,episode/length,500.0
135998,episode/return,339.9315490722656
135998,episode/length,500.0
135999,episode/return,353.28717041015625
135999,episode/length,500.0
139992,episode/return,358.2757568359375
139992,episode/length,500.0
139993,episode/return,307.162109375
139993,episode/length,500.0
139994,episode/return,323.9837341308594
139994,episode/length,500.0
139995,episode/return,369.0288391113281
139995,episode/length,500.0
139996,episode/return,344.0511474609375
139996,episode/length,500.0
139997,episode/return,351.1332092285156
139997,episode/length,500.0
139998,episode/return,366.04583740234375
139998,episode/length,500.0
139999,episode/return,373.3922424316406
139999,episode/length,500.0
140000,train/consistency_loss_mean,0.0002521767304977402
140000,train/consistency_loss_std,2.0944950678930463e-05
140000,train/continue_loss_mean,0.0
140000,train/continue_loss_std,0.0
140000,train/grad_norm_mean,0.5179265417098999
140000,train/grad_norm_std,0.2382135570997649
140000,train/policy_log_std_mean,-0.6306887580871582
140000,train/policy_log_std_std,0.3289557222803407
140000,train/policy_loss_mean,-0.7306119346618652
140000,train/policy_loss_std,0.02970253968610645
140000,train/reward_loss_mean,0.05527503719627857
140000,train/reward_loss_std,0.01082843110218651
140000,train/total_loss_mean,0.04829995779693127
140000,train/total_loss_std,0.00431237501319266
140000,train/value_loss_mean,0.3772891845703125
140000,train/value_loss_std,0.0410923607651236
140000,train/value_scale_mean,35.07375422058105
140000,train/value_scale_std,2.2294365729634027
140000,timing/collect_chunk_s,81.48781267600134
140000,timing/train_chunk_s,15.726050512865186
140000,dense_rhs/training_bucket_horizon,2.0
140000,system/heartbeat,1.0
143992,episode/return,0.0
143992,episode/length,500.0
143993,episode/return,321.07421875
143993,episode/length,500.0
143994,episode/return,0.0
143994,episode/length,500.0
143995,episode/return,380.84210205078125
143995,episode/length,500.0
143996,episode/return,336.6056823730469
143996,episode/length,500.0
143997,episode/return,358.86041259765625
143997,episode/length,500.0
143998,episode/return,346.2976989746094
143998,episode/length,500.0
143999,episode/return,382.9393005371094
143999,episode/length,500.0
147992,episode/return,394.2305908203125
147992,episode/length,500.0
147993,episode/return,391.46966552734375
147993,episode/length,500.0
147994,episode/return,379.1417541503906
147994,episode/length,500.0
147995,episode/return,384.8016052246094
147995,episode/length,500.0
147996,episode/return,414.1569519042969
147996,episode/length,500.0
147997,episode/return,405.2558288574219
147997,episode/length,500.0
147998,episode/return,377.21173095703125
147998,episode/length,500.0
147999,episode/return,387.15045166015625
147999,episode/length,500.0
150000,train/consistency_loss_mean,0.00024330269454512745
150000,train/consistency_loss_std,2.1161928112316858e-05
150000,train/continue_loss_mean,0.0
150000,train/continue_loss_std,0.0
150000,train/grad_norm_mean,0.5890193226099014
150000,train/grad_norm_std,0.28680126246384996
150000,train/policy_log_std_mean,-0.6337622378031412
150000,train/policy_log_std_std,0.3363592743771226
150000,train/policy_loss_mean,-0.7158646773338317
150000,train/policy_loss_std,0.03743240026777727
150000,train/reward_loss_mean,0.07033113305568695
150000,train/reward_loss_std,0.01134428491291614
150000,train/total_loss_mean,0.04571602926254272
150000,train/total_loss_std,0.0033528249171093424
150000,train/value_loss_mean,0.33816860835552215
150000,train/value_loss_std,0.030984575379126796
150000,train/value_scale_mean,43.830625814819335
150000,train/value_scale_std,3.1126443957538803
150000,timing/collect_chunk_s,79.42228577611968
150000,timing/train_chunk_s,15.728232004214078
150000,dense_rhs/training_bucket_horizon,2.0
150000,system/heartbeat,1.0
150000,timing/checkpoint_blocking_s,0.43673447286710143
150000,eval/return_mean,421.7459411621094
150000,eval/return_std,9.469339370727539
150000,eval/return_max,433.57080078125
150000,eval/return_min,392.64910888671875
150000,dense_rhs/deployment_utility_last_observed_gain,409.3901586532593
150000,dense_rhs/deployment_utility_observations,2.0
150000,timing/eval_s,38.6625495669432
150000,eval/selected_horizon,2.0
150000,eval/training_bucket_horizon,2.0
150000,system/heartbeat,1.0
151992,episode/return,404.4410095214844
151992,episode/length,500.0
151993,episode/return,397.549072265625
151993,episode/length,500.0
151994,episode/return,366.2383728027344
151994,episode/length,500.0
151995,episode/return,388.02386474609375
151995,episode/length,500.0
151996,episode/return,324.99365234375
151996,episode/length,500.0
151997,episode/return,380.9592590332031
151997,episode/length,500.0
151998,episode/return,339.70770263671875
151998,episode/length,500.0
151999,episode/return,372.7544860839844
151999,episode/length,500.0
155992,episode/return,318.6224365234375
155992,episode/length,500.0
155993,episode/return,387.95892333984375
155993,episode/length,500.0
155994,episode/return,320.8832092285156
155994,episode/length,500.0
155995,episode/return,305.6109924316406
155995,episode/length,500.0
155996,episode/return,362.5660705566406
155996,episode/length,500.0
155997,episode/return,374.7308044433594
155997,episode/length,500.0
155998,episode/return,332.03363037109375
155998,episode/length,500.0
155999,episode/return,370.6673583984375
155999,episode/length,500.0
159992,episode/return,351.7465515136719
159992,episode/length,500.0
159993,episode/return,353.0392761230469
159993,episode/length,500.0
159994,episode/return,352.93524169921875
159994,episode/length,500.0
159995,episode/return,0.0
159995,episode/length,500.0
159996,episode/return,398.0015869140625
159996,episode/length,500.0
159997,episode/return,355.6509094238281
159997,episode/length,500.0
159998,episode/return,347.8126220703125
159998,episode/length,500.0
159999,episode/return,327.33123779296875
159999,episode/length,500.0
160000,train/consistency_loss_mean,0.00023551076680887491
160000,train/consistency_loss_std,2.112647414747053e-05
160000,train/continue_loss_mean,0.0
160000,train/continue_loss_std,0.0
160000,train/grad_norm_mean,0.8073810819149018
160000,train/grad_norm_std,0.4341142548657858
160000,train/policy_log_std_mean,-0.6328918110847473
160000,train/policy_log_std_std,0.34583958538447235
160000,train/policy_loss_mean,-0.7672639872550965
160000,train/policy_loss_std,0.03191934825519607
160000,train/reward_loss_mean,0.08806166306138039
160000,train/reward_loss_std,0.012337810575726202
160000,train/total_loss_mean,0.0519879543274641
160000,train/total_loss_std,0.00483737428998812
160000,train/value_loss_mean,0.38471571397781373
160000,train/value_loss_std,0.05059642718329242
160000,train/value_scale_mean,46.77936759338379
160000,train/value_scale_std,1.9859092456164227
160000,timing/collect_chunk_s,81.62233352568
160000,timing/train_chunk_s,15.790792118292302
160000,dense_rhs/training_bucket_horizon,2.0
160000,system/heartbeat,1.0
163992,episode/return,354.1018981933594
163992,episode/length,500.0
163993,episode/return,330.8193359375
163993,episode/length,500.0
163994,episode/return,371.3583679199219
163994,episode/length,500.0
163995,episode/return,380.6896667480469
163995,episode/length,500.0
163996,episode/return,368.9847412109375
163996,episode/length,500.0
163997,episode/return,343.4349060058594
163997,episode/length,500.0
163998,episode/return,341.8044738769531
163998,episode/length,500.0
163999,episode/return,338.77569580078125
163999,episode/length,500.0
167992,episode/return,374.4107666015625
167992,episode/length,500.0
167993,episode/return,370.5146789550781
167993,episode/length,500.0
167994,episode/return,389.6766357421875
167994,episode/length,500.0
167995,episode/return,377.6366271972656
167995,episode/length,500.0
167996,episode/return,386.0782165527344
167996,episode/length,500.0
167997,episode/return,363.2794494628906
167997,episode/length,500.0
167998,episode/return,368.1818542480469
167998,episode/length,500.0
167999,episode/return,352.9454650878906
167999,episode/length,500.0
170000,train/consistency_loss_mean,0.00022814643055899068
170000,train/consistency_loss_std,2.0993353171867077e-05
170000,train/continue_loss_mean,0.0
170000,train/continue_loss_std,0.0
170000,train/grad_norm_mean,1.0054322312355042
170000,train/grad_norm_std,0.5591254547632435
170000,train/policy_log_std_mean,-0.6658570850372314
170000,train/policy_log_std_std,0.35152386983613404
170000,train/policy_loss_mean,-0.812992831659317
170000,train/policy_loss_std,0.04443598210462713
170000,train/reward_loss_mean,0.10253990819454194
170000,train/reward_loss_std,0.01284318043620532
170000,train/total_loss_mean,0.041265680974721906
170000,train/total_loss_std,0.0017626943895849754
170000,train/value_loss_mean,0.26448761143684385
170000,train/value_loss_std,0.015695121174376065
170000,train/value_scale_mean,47.54166398925781
170000,train/value_scale_std,2.1335912899763634
170000,timing/collect_chunk_s,78.47972755040973
170000,timing/train_chunk_s,15.756125243846327
170000,dense_rhs/training_bucket_horizon,2.0
170000,system/heartbeat,1.0
170000,dense_rhs/selected_horizon,2.0
170000,dense_rhs/proposed_horizon,2.0
170000,dense_rhs/phase_id,0.0
170000,dense_rhs/num_active_horizons,7.0
170000,dense_rhs/num_candidate_horizons,2.0
170000,dense_rhs/entropy,1.7087714672088623
170000,dense_rhs/norm_entropy,0.8781347870826721
170000,dense_rhs/best_fitness,0.31005218625068665
170000,dense_rhs/deployment_score_best,0.008581865578889847
170000,dense_rhs/incumbent_deployment_score,0.008581865578889847
170000,dense_rhs/proposed_deployment_score,0.008581865578889847
170000,dense_rhs/proposed_transition_cost,0.0
170000,dense_rhs/proposed_switch_probability,0.5
170000,dense_rhs/proposed_expected_net_benefit,0.0
170000,dense_rhs/transition_cost_best,0.0
170000,dense_rhs/transition_adjusted_score_best,0.008581865578889847
170000,dense_rhs/switch_probability_best,0.5
170000,dense_rhs/expected_improvement_best,0.02820948138833046
170000,dense_rhs/expected_loss_best,0.02820948138833046
170000,dense_rhs/expected_net_benefit_best,0.0
170000,dense_rhs/return_term_best,0.9756554365158081
170000,dense_rhs/roughness_term_best,1.0
170000,dense_rhs/return_std_term_best,0.009470999240875244
170000,dense_rhs/learner_proxy_term_best,1.0
170000,dense_rhs/model_prefix_loss_best,0.11537743359804153
170000,dense_rhs/model_probe_prefix_best,0.04367518052458763
170000,dense_rhs/planner_return_best,64.81584167480469
170000,dense_rhs/roughness_best,0.03552044555544853
170000,dense_rhs/robust_return_best,192.0752716064453
170000,timing/query_model_diag_s,17.227532658260316
170000,timing/query_env_eval_s,35.12772022001445
170000,timing/query_finalize_s,0.0038229296915233135
170000,timing/query_total_s,52.36486252164468
170000,dense_rhs/candidate_2_fitness,0.31005218625068665
170000,dense_rhs/candidate_2_deployment_score,0.008581865578889847
170000,dense_rhs/candidate_2_transition_cost,0.0
170000,dense_rhs/candidate_2_transition_adjusted_score,0.008581865578889847
170000,dense_rhs/candidate_2_switch_probability,0.5
170000,dense_rhs/candidate_2_expected_net_benefit,0.0
170000,dense_rhs/candidate_2_return,192.0752716064453
170000,dense_rhs/candidate_2_return_term,0.9756554365158081
170000,dense_rhs/candidate_2_roughness_term,1.0
170000,dense_rhs/candidate_2_return_std_term,0.009470999240875244
170000,dense_rhs/candidate_2_learner_proxy_term,1.0
170000,dense_rhs/candidate_3_fitness,0.03162277489900589
170000,dense_rhs/candidate_3_deployment_score,8.978773280432506e-07
170000,dense_rhs/candidate_3_transition_cost,0.0458817258477211
170000,dense_rhs/candidate_3_transition_adjusted_score,-0.04588082805275917
170000,dense_rhs/candidate_3_switch_probability,0.22058510780334473
170000,dense_rhs/candidate_3_expected_net_benefit,-0.05446269363164902
170000,dense_rhs/candidate_3_return,195.28517150878906
170000,dense_rhs/candidate_3_return_term,1.0
170000,dense_rhs/candidate_3_roughness_term,0.9924370646476746
170000,dense_rhs/candidate_3_return_std_term,0.0
170000,dense_rhs/candidate_3_learner_proxy_term,0.9047196507453918
170000,dense_rhs/deployment_utility_enabled,1.0
170000,dense_rhs/deployment_utility_observations,2.0
170000,dense_rhs/deployment_utility_last_observed_gain,409.3901586532593
170000,dense_rhs/candidate_2_expected_eval_gain,409.3901586532593
170000,dense_rhs/candidate_2_eval_gain_uncertainty,106.06601717798212
170000,dense_rhs/candidate_2_deployment_utility_score,445.9066629477548
170000,dense_rhs/candidate_3_expected_eval_gain,9.664703130722046
170000,dense_rhs/candidate_3_eval_gain_uncertainty,106.06601717798212
170000,dense_rhs/candidate_3_deployment_utility_score,36.18120742521758
170000,dense_rhs/deployment_utility_override,0.0
170000,dense_rhs/deployment_utility_selected_expected_gain,409.3901586532593
170000,dense_rhs/deployment_utility_selected_uncertainty,106.06601717798212
170000,dense_rhs/deployment_utility_selected_score,445.9066629477548
170000,dense_rhs/deployment_utility_proposed_horizon,2.0
170000,dense_rhs/deployment_utility_proposed_expected_gain,409.3901586532593
170000,dense_rhs/deployment_utility_proposed_uncertainty,106.06601717798212
170000,dense_rhs/deployment_utility_proposed_score,445.9066629477548
170000,dense_rhs/previous_horizon,2.0
170000,dense_rhs/training_bucket_horizon,2.0
170000,dense_rhs/best_h,2.0
170000,dense_rhs/prob_best_h,0.111328125
170000,dense_rhs/gauss_mean_best_h,0.4208570420742035
170000,dense_rhs/gauss_post_std_best_h,0.055793121457099915
170000,system/heartbeat,1.0
171992,episode/return,402.9662170410156
171992,episode/length,500.0
171993,episode/return,417.9838562011719
171993,episode/length,500.0
171994,episode/return,419.037841796875
171994,episode/length,500.0
171995,episode/return,389.4271545410156
171995,episode/length,500.0
171996,episode/return,423.5478210449219
171996,episode/length,500.0
171997,episode/return,366.5308532714844
171997,episode/length,500.0
171998,episode/return,393.41796875
171998,episode/length,500.0
171999,episode/return,376.61138916015625
171999,episode/length,500.0
175992,episode/return,117.40478515625
175992,episode/length,500.0
175993,episode/return,406.89898681640625
175993,episode/length,500.0
175994,episode/return,407.7164001464844
175994,episode/length,500.0
175995,episode/return,426.21588134765625
175995,episode/length,500.0
175996,episode/return,417.7025451660156
175996,episode/length,500.0
175997,episode/return,418.74774169921875
175997,episode/length,500.0
175998,episode/return,411.1702575683594
175998,episode/length,500.0
175999,episode/return,402.1200866699219
175999,episode/length,500.0
179992,episode/return,382.53680419921875
179992,episode/length,500.0
179993,episode/return,300.4053039550781
179993,episode/length,500.0
179994,episode/return,334.4570617675781
179994,episode/length,500.0
179995,episode/return,296.2674865722656
179995,episode/length,500.0
179996,episode/return,284.67431640625
179996,episode/length,500.0
179997,episode/return,334.01275634765625
179997,episode/length,500.0
179998,episode/return,278.6603698730469
179998,episode/length,500.0
179999,episode/return,322.3392028808594
179999,episode/length,500.0
180000,train/consistency_loss_mean,0.00022328243880765514
180000,train/consistency_loss_std,2.0933923009898484e-05
180000,train/continue_loss_mean,0.0
180000,train/continue_loss_std,0.0
180000,train/grad_norm_mean,1.1448198110580445
180000,train/grad_norm_std,0.6267194349345792
180000,train/policy_log_std_mean,-0.7062234474817912
180000,train/policy_log_std_std,0.38763454036445205
180000,train/policy_loss_mean,-0.9347712940692902
180000,train/policy_loss_std,0.054654479875567055
180000,train/reward_loss_mean,0.11560999546647072
180000,train/reward_loss_std,0.012968164636934973
180000,train/total_loss_mean,0.045387578454613685
180000,train/total_loss_std,0.003325862390434662
180000,train/value_loss_mean,0.29360929384231566
180000,train/value_loss_std,0.02839352485839093
180000,train/value_scale_mean,43.070636077880856
180000,train/value_scale_std,1.9313089430401191
180000,timing/collect_chunk_s,79.3484855024144
180000,timing/train_chunk_s,15.778262303210795
180000,dense_rhs/training_bucket_horizon,2.0
180000,system/heartbeat,1.0
183992,episode/return,437.7292175292969
183992,episode/length,500.0
183993,episode/return,0.0
183993,episode/length,500.0
183994,episode/return,446.3598327636719
183994,episode/length,500.0
183995,episode/return,395.45001220703125
183995,episode/length,500.0
183996,episode/return,432.9102783203125
183996,episode/length,500.0
183997,episode/return,424.9703674316406
183997,episode/length,500.0
183998,episode/return,426.1044006347656
183998,episode/length,500.0
183999,episode/return,426.4683532714844
183999,episode/length,500.0
187992,episode/return,429.7843322753906
187992,episode/length,500.0
187993,episode/return,454.8773193359375
187993,episode/length,500.0
187994,episode/return,460.34979248046875
187994,episode/length,500.0
187995,episode/return,464.00244140625
187995,episode/length,500.0
187996,episode/return,451.3468322753906
187996,episode/length,500.0
187997,episode/return,410.69873046875
187997,episode/length,500.0
187998,episode/return,429.51031494140625
187998,episode/length,500.0
187999,episode/return,462.0619812011719
187999,episode/length,500.0
190000,train/consistency_loss_mean,0.0002198958786786534
190000,train/consistency_loss_std,2.0383029936854348e-05
190000,train/continue_loss_mean,0.0
190000,train/continue_loss_std,0.0
190000,train/grad_norm_mean,1.1874380620002747
190000,train/grad_norm_std,0.6248021432425811
190000,train/policy_log_std_mean,-0.6892887804985046
190000,train/policy_log_std_std,0.3728463251691031
190000,train/policy_loss_mean,-0.9657274291992187
190000,train/policy_loss_std,0.03895284693297564
190000,train/reward_loss_mean,0.12321108543872833
190000,train/reward_loss_std,0.012971477989252541
190000,train/total_loss_mean,0.05976575757861138
190000,train/total_loss_std,0.0033413583107268466
190000,train/value_loss_mean,0.4304672981262207
190000,train/value_loss_std,0.028323724816981023
190000,train/value_scale_mean,44.39566091003418
190000,train/value_scale_std,1.953320409707946
190000,timing/collect_chunk_s,80.26481005828828
190000,timing/train_chunk_s,15.717393442057073
190000,dense_rhs/training_bucket_horizon,2.0
190000,system/heartbeat,1.0
191992,episode/return,324.19512939453125
191992,episode/length,500.0
191993,episode/return,414.33819580078125
191993,episode/length,500.0
191994,episode/return,325.0283203125
191994,episode/length,500.0
191995,episode/return,384.786865234375
191995,episode/length,500.0
191996,episode/return,402.06744384765625
191996,episode/length,500.0
191997,episode/return,403.4762878417969
191997,episode/length,500.0
191998,episode/return,360.9247131347656
191998,episode/length,500.0
191999,episode/return,0.0
191999,episode/length,500.0
195992,episode/return,412.7955627441406
195992,episode/length,500.0
195993,episode/return,380.9683532714844
195993,episode/length,500.0
195994,episode/return,406.4102478027344
195994,episode/length,500.0
195995,episode/return,416.1368408203125
195995,episode/length,500.0
195996,episode/return,409.53485107421875
195996,episode/length,500.0
195997,episode/return,365.414306640625
195997,episode/length,500.0
195998,episode/return,404.8877258300781
195998,episode/length,500.0
195999,episode/return,99.37786865234375
195999,episode/length,500.0
199992,episode/return,392.54705810546875
199992,episode/length,500.0
199993,episode/return,410.1233825683594
199993,episode/length,500.0
199994,episode/return,441.73797607421875
199994,episode/length,500.0
199995,episode/return,409.98419189453125
199995,episode/length,500.0
199996,episode/return,384.77410888671875
199996,episode/length,500.0
199997,episode/return,402.36590576171875
199997,episode/length,500.0
199998,episode/return,421.8760986328125
199998,episode/length,500.0
199999,episode/return,367.6956787109375
199999,episode/length,500.0
200000,train/consistency_loss_mean,0.00022056021622847766
200000,train/consistency_loss_std,2.1648951108545407e-05
200000,train/continue_loss_mean,0.0
200000,train/continue_loss_std,0.0
200000,train/grad_norm_mean,1.228986295557022
200000,train/grad_norm_std,0.6679410300521718
200000,train/policy_log_std_mean,-0.6817019458134969
200000,train/policy_log_std_std,0.36711930364375445
200000,train/policy_loss_mean,-0.9176810315132141
200000,train/policy_loss_std,0.044579049782544865
200000,train/reward_loss_mean,0.12924278438091277
200000,train/reward_loss_std,0.013072741799730099
200000,train/total_loss_mean,0.0588201385974884
200000,train/total_loss_std,0.0031253893135766045
200000,train/value_loss_mean,0.41484654653072356
200000,train/value_loss_std,0.029087998464642488
200000,train/value_scale_mean,49.55966702575684
200000,train/value_scale_std,1.9138266944587745
200000,timing/collect_chunk_s,84.08096884097904
200000,timing/train_chunk_s,15.726038447581232
200000,dense_rhs/training_bucket_horizon,2.0
200000,system/heartbeat,1.0
200000,timing/checkpoint_blocking_s,0.463577632792294
200000,eval/return_mean,442.590087890625
200000,eval/return_std,102.87477111816406
200000,eval/return_max,499.6972961425781
200000,eval/return_min,0.0
200000,dense_rhs/deployment_utility_last_observed_gain,20.844146728515625
200000,dense_rhs/deployment_utility_observations,3.0
200000,timing/eval_s,17.14343346375972
200000,eval/selected_horizon,2.0
200000,eval/training_bucket_horizon,2.0
200000,system/heartbeat,1.0
203992,episode/return,401.4635314941406
203992,episode/length,500.0
203993,episode/return,467.6231384277344
203993,episode/length,500.0
203994,episode/return,469.5902099609375
203994,episode/length,500.0
203995,episode/return,463.08197021484375
203995,episode/length,500.0
203996,episode/return,453.90936279296875
203996,episode/length,500.0
203997,episode/return,454.6272888183594
203997,episode/length,500.0
203998,episode/return,455.44390869140625
203998,episode/length,500.0
203999,episode/return,434.04742431640625
203999,episode/length,500.0
207992,episode/return,478.6142272949219
207992,episode/length,500.0
207993,episode/return,426.19140625
207993,episode/length,500.0
207994,episode/return,419.9810485839844
207994,episode/length,500.0
207995,episode/return,437.8560791015625
207995,episode/length,500.0
207996,episode/return,443.7908020019531
207996,episode/length,500.0
207997,episode/return,467.0782775878906
207997,episode/length,500.0
207998,episode/return,434.21612548828125
207998,episode/length,500.0
207999,episode/return,481.2491149902344
207999,episode/length,500.0
210000,train/consistency_loss_mean,0.00021753800648730248
210000,train/consistency_loss_std,2.129099262748769e-05
210000,train/continue_loss_mean,0.0
210000,train/continue_loss_std,0.0
210000,train/grad_norm_mean,1.2789531383514405
210000,train/grad_norm_std,0.6521826654503142
210000,train/policy_log_std_mean,-0.7174088227589925
210000,train/policy_log_std_std,0.3803804768356599
210000,train/policy_loss_mean,-1.0027811806678772
210000,train/policy_loss_std,0.04539841288414703
210000,train/reward_loss_mean,0.136565827524662
210000,train/reward_loss_std,0.01359015822722036
210000,train/total_loss_mean,0.051472632932662965
210000,train/total_loss_std,0.002756101342949103
210000,train/value_loss_mean,0.33465289018154143
210000,train/value_loss_std,0.02514578925358251
210000,train/value_scale_mean,47.23402823791504
210000,train/value_scale_std,1.9538972108249337
210000,timing/collect_chunk_s,81.58345670159906
210000,timing/train_chunk_s,15.756692811846733
210000,dense_rhs/training_bucket_horizon,2.0
210000,system/heartbeat,1.0
211992,episode/return,452.51275634765625
211992,episode/length,500.0
211993,episode/return,455.6799621582031
211993,episode/length,500.0
211994,episode/return,0.0
211994,episode/length,500.0
211995,episode/return,474.319091796875
211995,episode/length,500.0
211996,episode/return,446.989990234375
211996,episode/length,500.0
211997,episode/return,443.54876708984375
211997,episode/length,500.0
211998,episode/return,448.58795166015625
211998,episode/length,500.0
211999,episode/return,468.8949890136719
211999,episode/length,500.0
215992,episode/return,0.0
215992,episode/length,500.0
215993,episode/return,458.412353515625
215993,episode/length,500.0
215994,episode/return,439.7463684082031
215994,episode/length,500.0
215995,episode/return,448.6430969238281
215995,episode/length,500.0
215996,episode/return,444.33905029296875
215996,episode/length,500.0
215997,episode/return,448.1775817871094
215997,episode/length,500.0
215998,episode/return,429.827392578125
215998,episode/length,500.0
215999,episode/return,488.0809020996094
215999,episode/length,500.0
219992,episode/return,463.80596923828125
219992,episode/length,500.0
219993,episode/return,481.0735778808594
219993,episode/length,500.0
219994,episode/return,470.05438232421875
219994,episode/length,500.0
219995,episode/return,482.2318115234375
219995,episode/length,500.0
219996,episode/return,469.652587890625
219996,episode/length,500.0
219997,episode/return,463.8853454589844
219997,episode/length,500.0
219998,episode/return,459.4552917480469
219998,episode/length,500.0
219999,episode/return,467.8426818847656
219999,episode/length,500.0
220000,train/consistency_loss_mean,0.00021629904445726424
220000,train/consistency_loss_std,2.2084986687721223e-05
220000,train/continue_loss_mean,0.0
220000,train/continue_loss_std,0.0
220000,train/grad_norm_mean,1.305706411743164
220000,train/grad_norm_std,0.6541953981244184
220000,train/policy_log_std_mean,-0.719279310798645
220000,train/policy_log_std_std,0.3730025901189456
220000,train/policy_loss_mean,-0.9512588307857514
220000,train/policy_loss_std,0.048116438402373715
220000,train/reward_loss_mean,0.1426534157514572
220000,train/reward_loss_std,0.01351177607919627
220000,train/total_loss_mean,0.046041805905103685
220000,train/total_loss_std,0.0020492164708396893
220000,train/value_loss_mean,0.2745048325061798
220000,train/value_loss_std,0.0163101642883983
220000,train/value_scale_mean,50.906700915527345
220000,train/value_scale_std,2.3044875427191305
220000,timing/collect_chunk_s,85.41706053726375
220000,timing/train_chunk_s,15.760055099148303
220000,dense_rhs/training_bucket_horizon,2.0
220000,system/heartbeat,1.0
220000,dense_rhs/selected_horizon,2.0
220000,dense_rhs/proposed_horizon,3.0
220000,dense_rhs/phase_id,0.0
220000,dense_rhs/num_active_horizons,7.0
220000,dense_rhs/num_candidate_horizons,2.0
220000,dense_rhs/entropy,1.770639419555664
220000,dense_rhs/norm_entropy,0.9099286198616028
220000,dense_rhs/best_fitness,0.03162277489900589
220000,dense_rhs/deployment_score_best,8.500957733303949e-07
220000,dense_rhs/incumbent_deployment_score,8.500957733303949e-07
220000,dense_rhs/proposed_deployment_score,0.13292108476161957
220000,dense_rhs/proposed_transition_cost,0.04468720406293869
220000,dense_rhs/proposed_switch_probability,0.8805440068244934
220000,dense_rhs/proposed_expected_net_benefit,0.08823303878307343
220000,dense_rhs/transition_cost_best,0.04468720406293869
220000,dense_rhs/transition_adjusted_score_best,0.08823388069868088
220000,dense_rhs/switch_probability_best,0.8805440068244934
220000,dense_rhs/expected_improvement_best,0.0926319807767868
220000,dense_rhs/expected_loss_best,0.004398944787681103
220000,dense_rhs/expected_net_benefit_best,0.08823303878307343
220000,dense_rhs/return_term_best,0.9602116346359253
220000,dense_rhs/roughness_term_best,1.0
220000,dense_rhs/return_std_term_best,0.0
220000,dense_rhs/learner_proxy_term_best,1.0
220000,dense_rhs/model_prefix_loss_best,0.18319743871688843
220000,dense_rhs/model_probe_prefix_best,0.07947386801242828
220000,dense_rhs/planner_return_best,83.07516479492188
220000,dense_rhs/roughness_best,0.30958476662635803
220000,dense_rhs/robust_return_best,219.31689453125
220000,timing/query_model_diag_s,0.011181272100657225
220000,timing/query_env_eval_s,11.141031098086387
220000,timing/query_finalize_s,0.0035276859998703003
220000,timing/query_total_s,11.161358086857945
220000,dense_rhs/candidate_2_fitness,0.03162277489900589
220000,dense_rhs/candidate_2_deployment_score,8.500957733303949e-07
220000,dense_rhs/candidate_2_transition_cost,0.0
220000,dense_rhs/candidate_2_transition_adjusted_score,8.500957733303949e-07
220000,dense_rhs/candidate_2_switch_probability,0.5
220000,dense_rhs/candidate_2_expected_net_benefit,0.0
220000,dense_rhs/candidate_2_return,219.31689453125
220000,dense_rhs/candidate_2_return_term,0.9602116346359253
220000,dense_rhs/candidate_2_roughness_term,1.0
220000,dense_rhs/candidate_2_return_std_term,0.0
220000,dense_rhs/candidate_2_learner_proxy_term,1.0
220000,dense_rhs/candidate_3_fitness,0.612795352935791
220000,dense_rhs/candidate_3_deployment_score,0.13292108476161957
220000,dense_rhs/candidate_3_transition_cost,0.04468720406293869
220000,dense_rhs/candidate_3_transition_adjusted_score,0.08823388069868088
220000,dense_rhs/candidate_3_switch_probability,0.8805440068244934
220000,dense_rhs/candidate_3_expected_net_benefit,0.08823303878307343
220000,dense_rhs/candidate_3_return,224.98919677734375
220000,dense_rhs/candidate_3_return_term,0.9999999403953552
220000,dense_rhs/candidate_3_roughness_term,0.9850326776504517
220000,dense_rhs/candidate_3_return_std_term,0.14315557479858398
220000,dense_rhs/candidate_3_learner_proxy_term,0.9426165223121643
220000,dense_rhs/deployment_utility_enabled,1.0
220000,dense_rhs/deployment_utility_observations,3.0
220000,dense_rhs/deployment_utility_last_observed_gain,20.844146728515625
220000,dense_rhs/candidate_2_expected_eval_gain,215.11715269088745
220000,dense_rhs/candidate_2_eval_gain_uncertainty,112.16357228865316
220000,dense_rhs/candidate_2_deployment_utility_score,243.15804576305075
220000,dense_rhs/candidate_3_expected_eval_gain,9.664703130722046
220000,dense_rhs/candidate_3_eval_gain_uncertainty,106.06601717798212
220000,dense_rhs/candidate_3_deployment_utility_score,46.18120742521758
220000,dense_rhs/deployment_utility_override,1.0
220000,dense_rhs/deployment_utility_selected_expected_gain,215.11715269088745
220000,dense_rhs/deployment_utility_selected_uncertainty,112.16357228865316
220000,dense_rhs/deployment_utility_selected_score,243.15804576305075
220000,dense_rhs/deployment_utility_proposed_horizon,2.0
220000,dense_rhs/deployment_utility_proposed_expected_gain,215.11715269088745
220000,dense_rhs/deployment_utility_proposed_uncertainty,112.16357228865316
220000,dense_rhs/deployment_utility_proposed_score,243.15804576305075
220000,dense_rhs/previous_horizon,2.0
220000,dense_rhs/training_bucket_horizon,2.0
220000,dense_rhs/best_h,2.0
220000,dense_rhs/prob_best_h,0.0859375
220000,dense_rhs/gauss_mean_best_h,0.32354846596717834
220000,dense_rhs/gauss_post_std_best_h,0.0940888375043869
220000,system/heartbeat,1.0
223992,episode/return,450.30047607421875
223992,episode/length,500.0
223993,episode/return,402.3035583496094
223993,episode/length,500.0
223994,episode/return,464.3916015625
223994,episode/length,500.0
223995,episode/return,0.0
223995,episode/length,500.0
223996,episode/return,465.677001953125
223996,episode/length,500.0
223997,episode/return,448.31964111328125
223997,episode/length,500.0
223998,episode/return,494.55010986328125
223998,episode/length,500.0
223999,episode/return,489.0855407714844
223999,episode/length,500.0
227992,episode/return,422.4533386230469
227992,episode/length,500.0
227993,episode/return,407.2308044433594
227993,episode/length,500.0
227994,episode/return,431.868896484375
227994,episode/length,500.0
227995,episode/return,423.26873779296875
227995,episode/length,500.0
227996,episode/return,435.1865234375
227996,episode/length,500.0
227997,episode/return,419.3381042480469
227997,episode/length,500.0
227998,episode/return,400.3697814941406
227998,episode/length,500.0
227999,episode/return,429.39190673828125
227999,episode/length,500.0
230000,train/consistency_loss_mean,0.00021499569050502032
230000,train/consistency_loss_std,2.2819265089415306e-05
230000,train/continue_loss_mean,0.0
230000,train/continue_loss_std,0.0
230000,train/grad_norm_mean,1.3431690385341644
230000,train/grad_norm_std,0.6595188472717343
230000,train/policy_log_std_mean,-0.7135936351776123
230000,train/policy_log_std_std,0.3738082350034201
230000,train/policy_loss_mean,-0.9443621577262878
230000,train/policy_loss_std,0.043493556602583014
230000,train/reward_loss_mean,0.14836054456233977
230000,train/reward_loss_std,0.013485697012327002
230000,train/total_loss_mean,0.043720871728658676
230000,train/total_loss_std,0.001740652448648514
230000,train/value_loss_mean,0.2458490261554718
230000,train/value_loss_std,0.011567124196796133
230000,train/value_scale_mean,51.93698118286133
230000,train/value_scale_std,2.1654242028516584
230000,timing/collect_chunk_s,81.20691997138783
230000,timing/train_chunk_s,15.72244767518714
230000,dense_rhs/training_bucket_horizon,2.0
230000,system/heartbeat,1.0
231992,episode/return,443.4488220214844
231992,episode/length,500.0
231993,episode/return,498.4405822753906
231993,episode/length,500.0
231994,episode/return,463.7227478027344
231994,episode/length,500.0
231995,episode/return,437.4627380371094
231995,episode/length,500.0
231996,episode/return,478.1690673828125
231996,episode/length,500.0
231997,episode/return,464.44921875
231997,episode/length,500.0
231998,episode/return,484.08538818359375
231998,episode/length,500.0
231999,episode/return,463.5458068847656
231999,episode/length,500.0
235992,episode/return,446.40252685546875
235992,episode/length,500.0
235993,episode/return,438.3072509765625
235993,episode/length,500.0
235994,episode/return,426.2597351074219
235994,episode/length,500.0
235995,episode/return,425.2127685546875
235995,episode/length,500.0
235996,episode/return,437.3486633300781
235996,episode/length,500.0
235997,episode/return,0.0
235997,episode/length,500.0
235998,episode/return,461.8459777832031
235998,episode/length,500.0
235999,episode/return,457.4823913574219
235999,episode/length,500.0
239992,episode/return,420.486328125
239992,episode/length,500.0
239993,episode/return,396.97161865234375
239993,episode/length,500.0
239994,episode/return,429.633056640625
239994,episode/length,500.0
239995,episode/return,436.1458435058594
239995,episode/length,500.0
239996,episode/return,450.2551574707031
239996,episode/length,500.0
239997,episode/return,419.6761474609375
239997,episode/length,500.0
239998,episode/return,443.76055908203125
239998,episode/length,500.0
239999,episode/return,451.2835693359375
239999,episode/length,500.0
240000,train/consistency_loss_mean,0.00021501971106044948
240000,train/consistency_loss_std,2.348541500707287e-05
240000,train/continue_loss_mean,0.0
240000,train/continue_loss_std,0.0
240000,train/grad_norm_mean,1.3830881128311157
240000,train/grad_norm_std,0.6802503103776278
240000,train/policy_log_std_mean,-0.7207920384724935
240000,train/policy_log_std_std,0.3811693506299382
240000,train/policy_loss_mean,-0.952784191274643
240000,train/policy_loss_std,0.04362709379603155
240000,train/reward_loss_mean,0.15296430093050004
240000,train/reward_loss_std,0.013463699307059335
240000,train/total_loss_mean,0.043071686217188834
240000,train/total_loss_std,0.0017537396060265252
240000,train/value_loss_mean,0.23474861352443696
240000,train/value_loss_std,0.010862412899524216
240000,train/value_scale_mean,52.30466381225586
240000,train/value_scale_std,2.2824600238185067
240000,timing/collect_chunk_s,86.06293594883755
240000,timing/train_chunk_s,15.750117977615446
240000,dense_rhs/training_bucket_horizon,2.0
240000,system/heartbeat,1.0
243992,episode/return,458.0580139160156
243992,episode/length,500.0
243993,episode/return,437.7056579589844
243993,episode/length,500.0
243994,episode/return,480.1008605957031
243994,episode/length,500.0
243995,episode/return,427.1263732910156
243995,episode/length,500.0
243996,episode/return,403.6602478027344
243996,episode/length,500.0
243997,episode/return,469.78021240234375
243997,episode/length,500.0
243998,episode/return,455.60272216796875
243998,episode/length,500.0
243999,episode/return,456.585693359375
243999,episode/length,500.0
247992,episode/return,0.0
247992,episode/length,500.0
247993,episode/return,504.6070556640625
247993,episode/length,500.0
247994,episode/return,509.83990478515625
247994,episode/length,500.0
247995,episode/return,431.7985534667969
247995,episode/length,500.0
247996,episode/return,495.37969970703125
247996,episode/length,500.0
247997,episode/return,497.82354736328125
247997,episode/length,500.0
247998,episode/return,486.7156982421875
247998,episode/length,500.0
247999,episode/return,522.3155517578125
247999,episode/length,500.0
250000,train/consistency_loss_mean,0.00021379994900198654
250000,train/consistency_loss_std,2.3231368990171854e-05
250000,train/continue_loss_mean,0.0
250000,train/continue_loss_std,0.0
250000,train/grad_norm_mean,1.4485996217727661
250000,train/grad_norm_std,0.691298057603535
250000,train/policy_log_std_mean,-0.7588245157877604
250000,train/policy_log_std_std,0.41150746033574725
250000,train/policy_loss_mean,-0.9702792504787445
250000,train/policy_loss_std,0.04893525798015593
250000,train/reward_loss_mean,0.1564899677038193
250000,train/reward_loss_std,0.013525954510717106
250000,train/total_loss_mean,0.047162473952770234
250000,train/total_loss_std,0.002080953174030442
250000,train/value_loss_mean,0.27237477221488954
250000,train/value_loss_std,0.015055954622451743
250000,train/value_scale_mean,52.58770451965332
250000,train/value_scale_std,2.4591429675566823
250000,timing/collect_chunk_s,81.26573508931324
250000,timing/train_chunk_s,15.721341636497527
250000,dense_rhs/training_bucket_horizon,2.0
250000,system/heartbeat,1.0
250000,timing/checkpoint_blocking_s,0.48837882885709405
250000,eval/return_mean,464.96356201171875
250000,eval/return_std,109.37184143066406
250000,eval/return_max,535.4194946289062
250000,eval/return_min,0.0
250000,dense_rhs/deployment_utility_last_observed_gain,22.37347412109375
250000,dense_rhs/deployment_utility_observations,4.0
250000,timing/eval_s,16.770084515213966
250000,eval/selected_horizon,2.0
250000,eval/training_bucket_horizon,2.0
250000,system/heartbeat,1.0
251992,episode/return,427.3831787109375
251992,episode/length,500.0
251993,episode/return,433.2222900390625
251993,episode/length,500.0
251994,episode/return,464.4970703125
251994,episode/length,500.0
251995,episode/return,458.8644104003906
251995,episode/length,500.0
251996,episode/return,454.37713623046875
251996,episode/length,500.0
251997,episode/return,476.3103332519531
251997,episode/length,500.0
251998,episode/return,446.5998229980469
251998,episode/length,500.0
251999,episode/return,467.8681335449219
251999,episode/length,500.0
255992,episode/return,492.4960632324219
255992,episode/length,500.0
255993,episode/return,478.1949768066406
255993,episode/length,500.0
255994,episode/return,514.4692993164062
255994,episode/length,500.0
255995,episode/return,481.9063415527344
255995,episode/length,500.0
255996,episode/return,500.7340393066406
255996,episode/length,500.0
255997,episode/return,487.4146423339844
255997,episode/length,500.0
255998,episode/return,528.0953979492188
255998,episode/length,500.0
255999,episode/return,487.1162109375
255999,episode/length,500.0
259992,episode/return,489.7098388671875
259992,episode/length,500.0
259993,episode/return,476.1783447265625
259993,episode/length,500.0
259994,episode/return,521.3350830078125
259994,episode/length,500.0
259995,episode/return,488.48199462890625
259995,episode/length,500.0
259996,episode/return,491.5775451660156
259996,episode/length,500.0
259997,episode/return,511.65545654296875
259997,episode/length,500.0
259998,episode/return,521.5791015625
259998,episode/length,500.0
259999,episode/return,518.2979125976562
259999,episode/length,500.0
260000,train/consistency_loss_mean,0.00021090104810427874
260000,train/consistency_loss_std,2.3377794112268205e-05
260000,train/continue_loss_mean,0.0
260000,train/continue_loss_std,0.0
260000,train/grad_norm_mean,1.4775943268299103
260000,train/grad_norm_std,0.7103402445542432
260000,train/policy_log_std_mean,-0.7686197514216105
260000,train/policy_log_std_std,0.42096681876713543
260000,train/policy_loss_mean,-1.027785400724411
260000,train/policy_loss_std,0.05460048008669113
260000,train/reward_loss_mean,0.16065660458803177
260000,train/reward_loss_std,0.013453218018541513
260000,train/total_loss_mean,0.05146836748421192
260000,train/total_loss_std,0.0022174954843408967
260000,train/value_loss_mean,0.31184684896469117
260000,train/value_loss_std,0.01684071366323124
260000,train/value_scale_mean,50.3570347442627
260000,train/value_scale_std,2.3615934536070515
260000,timing/collect_chunk_s,81.20442634960636
260000,timing/train_chunk_s,15.722450228407979
260000,dense_rhs/training_bucket_horizon,2.0
260000,system/heartbeat,1.0
263992,episode/return,532.5618896484375
263992,episode/length,500.0
263993,episode/return,533.689697265625
263993,episode/length,500.0
263994,episode/return,531.1893920898438
263994,episode/length,500.0
263995,episode/return,516.15869140625
263995,episode/length,500.0
263996,episode/return,505.1974792480469
263996,episode/length,500.0
263997,episode/return,517.65087890625
263997,episode/length,500.0
263998,episode/return,524.4750366210938
263998,episode/length,500.0
263999,episode/return,524.7958374023438
263999,episode/length,500.0
267992,episode/return,513.0960083007812
267992,episode/length,500.0
267993,episode/return,414.9300231933594
267993,episode/length,500.0
267994,episode/return,513.1895751953125
267994,episode/length,500.0
267995,episode/return,400.100341796875
267995,episode/length,500.0
267996,episode/return,470.20245361328125
267996,episode/length,500.0
267997,episode/return,467.0356750488281
267997,episode/length,500.0
267998,episode/return,382.8546447753906
267998,episode/length,500.0
267999,episode/return,473.7486877441406
267999,episode/length,500.0
270000,train/consistency_loss_mean,0.00021048854290274904
270000,train/consistency_loss_std,2.3847506847931976e-05
270000,train/continue_loss_mean,0.0
270000,train/continue_loss_std,0.0
270000,train/grad_norm_mean,1.5260590445041657
270000,train/grad_norm_std,0.7264618391702591
270000,train/policy_log_std_mean,-0.7973363581339519
270000,train/policy_log_std_std,0.43535089326779736
270000,train/policy_loss_mean,-1.1030014006614686
270000,train/policy_loss_std,0.062122989044361185
270000,train/reward_loss_mean,0.16392203257083893
270000,train/reward_loss_std,0.013707635673978943
270000,train/total_loss_mean,0.05733810641467571
270000,train/total_loss_std,0.002751044178136743
270000,train/value_loss_mean,0.3673613122463226
270000,train/value_loss_std,0.022548761758238094
270000,train/value_scale_mean,47.89838438720703
270000,train/value_scale_std,2.379248533390937
270000,timing/collect_chunk_s,86.18919936846942
270000,timing/train_chunk_s,15.758734181523323
270000,dense_rhs/training_bucket_horizon,2.0
270000,system/heartbeat,1.0
270000,dense_rhs/selected_horizon,2.0
270000,dense_rhs/proposed_horizon,3.0
270000,dense_rhs/phase_id,0.0
270000,dense_rhs/num_active_horizons,7.0
270000,dense_rhs/num_candidate_horizons,2.0
270000,dense_rhs/entropy,1.821090579032898
270000,dense_rhs/norm_entropy,0.9358553886413574
270000,dense_rhs/best_fitness,0.03162277489900589
270000,dense_rhs/deployment_score_best,2.669835907909146e-07
270000,dense_rhs/incumbent_deployment_score,2.669835907909146e-07
270000,dense_rhs/proposed_deployment_score,0.2760564386844635
270000,dense_rhs/proposed_transition_cost,0.04026690497994423
270000,dense_rhs/proposed_switch_probability,0.9332883358001709
270000,dense_rhs/proposed_expected_net_benefit,0.23578926920890808
270000,dense_rhs/transition_cost_best,0.04026690497994423
270000,dense_rhs/transition_adjusted_score_best,0.23578953742980957
270000,dense_rhs/switch_probability_best,0.9332883358001709
270000,dense_rhs/expected_improvement_best,0.24038606882095337
270000,dense_rhs/expected_loss_best,0.004596807062625885
270000,dense_rhs/expected_net_benefit_best,0.23578926920890808
270000,dense_rhs/return_term_best,0.71882164478302
270000,dense_rhs/roughness_term_best,1.0
270000,dense_rhs/return_std_term_best,0.0
270000,dense_rhs/learner_proxy_term_best,1.0
270000,dense_rhs/model_prefix_loss_best,0.2561114728450775
270000,dense_rhs/model_probe_prefix_best,0.09265857934951782
270000,dense_rhs/planner_return_best,98.25238800048828
270000,dense_rhs/roughness_best,0.3373361825942993
270000,dense_rhs/robust_return_best,143.49972534179688
270000,timing/query_model_diag_s,13.951089014299214
270000,timing/query_env_eval_s,11.051404927391559
270000,timing/query_finalize_s,0.7955831093713641
270000,timing/query_total_s,25.803665511775762
270000,dense_rhs/candidate_2_fitness,0.03162277489900589
270000,dense_rhs/candidate_2_deployment_score,2.669835907909146e-07
270000,dense_rhs/candidate_2_transition_cost,0.0
270000,dense_rhs/candidate_2_transition_adjusted_score,2.669835907909146e-07
270000,dense_rhs/candidate_2_switch_probability,0.5
270000,dense_rhs/candidate_2_expected_net_benefit,0.0
270000,dense_rhs/candidate_2_return,143.49972534179688
270000,dense_rhs/candidate_2_return_term,0.71882164478302
270000,dense_rhs/candidate_2_roughness_term,1.0
270000,dense_rhs/candidate_2_return_std_term,0.0
270000,dense_rhs/candidate_2_learner_proxy_term,1.0
270000,dense_rhs/candidate_3_fitness,0.7419498562812805
270000,dense_rhs/candidate_3_deployment_score,0.2760564386844635
270000,dense_rhs/candidate_3_transition_cost,0.04026690497994423
270000,dense_rhs/candidate_3_transition_adjusted_score,0.23578953742980957
270000,dense_rhs/candidate_3_switch_probability,0.9332883358001709
270000,dense_rhs/candidate_3_expected_net_benefit,0.23578926920890808
270000,dense_rhs/candidate_3_return,163.07330322265625
270000,dense_rhs/candidate_3_return_term,1.0
270000,dense_rhs/candidate_3_roughness_term,0.7473121285438538
270000,dense_rhs/candidate_3_return_std_term,0.4055035710334778
270000,dense_rhs/candidate_3_learner_proxy_term,0.9109638929367065
270000,dense_rhs/deployment_utility_enabled,1.0
270000,dense_rhs/deployment_utility_observations,4.0
270000,dense_rhs/deployment_utility_last_observed_gain,22.37347412109375
270000,dense_rhs/candidate_2_expected_eval_gain,150.86925983428955
270000,dense_rhs/candidate_2_eval_gain_uncertainty,91.40147341554403
270000,dense_rhs/candidate_2_deployment_utility_score,173.71962818817556
270000,dense_rhs/candidate_3_expected_eval_gain,9.664703130722046
270000,dense_rhs/candidate_3_eval_gain_uncertainty,106.06601717798212
270000,dense_rhs/candidate_3_deployment_utility_score,46.18120742521758
270000,dense_rhs/deployment_utility_override,1.0
270000,dense_rhs/deployment_utility_selected_expected_gain,150.86925983428955
270000,dense_rhs/deployment_utility_selected_uncertainty,91.40147341554403
270000,dense_rhs/deployment_utility_selected_score,173.71962818817556
270000,dense_rhs/deployment_utility_proposed_horizon,2.0
270000,dense_rhs/deployment_utility_proposed_expected_gain,150.86925983428955
270000,dense_rhs/deployment_utility_proposed_uncertainty,91.40147341554403
270000,dense_rhs/deployment_utility_proposed_score,173.71962818817556
270000,dense_rhs/previous_horizon,2.0
270000,dense_rhs/training_bucket_horizon,2.0
270000,dense_rhs/best_h,2.0
270000,dense_rhs/prob_best_h,0.041015625
270000,dense_rhs/gauss_mean_best_h,0.2651633322238922
270000,dense_rhs/gauss_post_std_best_h,0.09161219000816345
270000,system/heartbeat,1.0
271992,episode/return,427.3072204589844
271992,episode/length,500.0
271993,episode/return,448.18487548828125
271993,episode/length,500.0
271994,episode/return,475.2708740234375
271994,episode/length,500.0
271995,episode/return,487.17315673828125
271995,episode/length,500.0
271996,episode/return,473.41796875
271996,episode/length,500.0
271997,episode/return,513.0751342773438
271997,episode/length,500.0
271998,episode/return,500.80010986328125
271998,episode/length,500.0
271999,episode/return,520.72509765625
271999,episode/length,500.0
275992,episode/return,0.0
275992,episode/length,500.0
275993,episode/return,467.4414978027344
275993,episode/length,500.0
275994,episode/return,428.09771728515625
275994,episode/length,500.0
275995,episode/return,347.8779602050781
275995,episode/length,500.0
275996,episode/return,387.1830749511719
275996,episode/length,500.0
275997,episode/return,517.5877685546875
275997,episode/length,500.0
275998,episode/return,501.87249755859375
275998,episode/length,500.0
275999,episode/return,419.52288818359375
275999,episode/length,500.0
279992,episode/return,513.3245239257812
279992,episode/length,500.0
279993,episode/return,535.940185546875
279993,episode/length,500.0
279994,episode/return,473.896240234375
279994,episode/length,500.0
279995,episode/return,512.9747314453125
279995,episode/length,500.0
279996,episode/return,521.4818115234375
279996,episode/length,500.0
279997,episode/return,515.7273559570312
279997,episode/length,500.0
279998,episode/return,542.0243530273438
279998,episode/length,500.0
279999,episode/return,536.0387573242188
279999,episode/length,500.0
280000,train/consistency_loss_mean,0.00020907795658567922
280000,train/consistency_loss_std,2.3882653378066684e-05
280000,train/continue_loss_mean,0.0
280000,train/continue_loss_std,0.0
280000,train/grad_norm_mean,1.5424161458015442
280000,train/grad_norm_std,0.74898107453872
280000,train/policy_log_std_mean,-0.8116041588465372
280000,train/policy_log_std_std,0.4515030658788189
280000,train/policy_loss_mean,-1.1157977425575256
280000,train/policy_loss_std,0.05979034744153203
280000,train/reward_loss_mean,0.1645957844734192
280000,train/reward_loss_std,0.013220722025366423
280000,train/total_loss_mean,0.06399645144343376
280000,train/total_loss_std,0.0021881314788118667
280000,train/value_loss_mean,0.433553125
280000,train/value_loss_std,0.015780527289130528
280000,train/value_scale_mean,48.84025470275879
280000,train/value_scale_std,2.7692606864171028
280000,timing/collect_chunk_s,81.27425290038809
280000,timing/train_chunk_s,15.739985775202513
280000,dense_rhs/training_bucket_horizon,2.0
280000,system/heartbeat,1.0
283992,episode/return,535.8670043945312
283992,episode/length,500.0
283993,episode/return,466.8884582519531
283993,episode/length,500.0
283994,episode/return,483.5631103515625
283994,episode/length,500.0
283995,episode/return,483.56591796875
283995,episode/length,500.0
283996,episode/return,516.951416015625
283996,episode/length,500.0
283997,episode/return,495.8737487792969
283997,episode/length,500.0
283998,episode/return,463.5776062011719
283998,episode/length,500.0
283999,episode/return,468.79669189453125
283999,episode/length,500.0
287992,episode/return,527.1159057617188
287992,episode/length,500.0
287993,episode/return,535.4559326171875
287993,episode/length,500.0
287994,episode/return,504.621826171875
287994,episode/length,500.0
287995,episode/return,555.059814453125
287995,episode/length,500.0
287996,episode/return,547.82470703125
287996,episode/length,500.0
287997,episode/return,529.8378295898438
287997,episode/length,500.0
287998,episode/return,518.2489013671875
287998,episode/length,500.0
287999,episode/return,0.0
287999,episode/length,500.0
290000,train/consistency_loss_mean,0.00020791023292113096
290000,train/consistency_loss_std,2.369957065115889e-05
290000,train/continue_loss_mean,0.0
290000,train/continue_loss_std,0.0
290000,train/grad_norm_mean,1.5618612511634826
290000,train/grad_norm_std,0.7482516014602075
290000,train/policy_log_std_mean,-0.8230882542292277
290000,train/policy_log_std_std,0.4639759966995825
290000,train/policy_loss_mean,-1.0936605397701264
290000,train/policy_loss_std,0.051179495952871815
290000,train/reward_loss_mean,0.165938256585598
290000,train/reward_loss_std,0.013327337450306004
290000,train/total_loss_mean,0.0655777210354805
290000,train/total_loss_std,0.0018960956191680118
290000,train/value_loss_mean,0.4482568924188614
290000,train/value_loss_std,0.011011265814982088
290000,train/value_scale_mean,51.71041472473144
290000,train/value_scale_std,2.512951881819502
290000,timing/collect_chunk_s,86.88046966446564
290000,timing/train_chunk_s,15.739359496627003
290000,dense_rhs/training_bucket_horizon,2.0
290000,system/heartbeat,1.0
291992,episode/return,475.52264404296875
291992,episode/length,500.0
291993,episode/return,453.9011535644531
291993,episode/length,500.0
291994,episode/return,468.66107177734375
291994,episode/length,500.0
291995,episode/return,483.76007080078125
291995,episode/length,500.0
291996,episode/return,482.4999694824219
291996,episode/length,500.0
291997,episode/return,489.1823425292969
291997,episode/length,500.0
291998,episode/return,468.9002990722656
291998,episode/length,500.0
291999,episode/return,482.83367919921875
291999,episode/length,500.0
295992,episode/return,486.1466064453125
295992,episode/length,500.0
295993,episode/return,510.37579345703125
295993,episode/length,500.0
295994,episode/return,489.3845520019531
295994,episode/length,500.0
295995,episode/return,500.2102355957031
295995,episode/length,500.0
295996,episode/return,500.644287109375
295996,episode/length,500.0
295997,episode/return,471.70166015625
295997,episode/length,500.0
295998,episode/return,541.822998046875
295998,episode/length,500.0
295999,episode/return,494.6829528808594
295999,episode/length,500.0
299992,episode/return,440.0536193847656
299992,episode/length,500.0
299993,episode/return,446.8516845703125
299993,episode/length,500.0
299994,episode/return,471.76031494140625
299994,episode/length,500.0
299995,episode/return,400.8916320800781
299995,episode/length,500.0
299996,episode/return,479.1456604003906
299996,episode/length,500.0
299997,episode/return,456.1061706542969
299997,episode/length,500.0
299998,episode/return,471.7278137207031
299998,episode/length,500.0
299999,episode/return,417.8467102050781
299999,episode/length,500.0
300000,train/consistency_loss_mean,0.00020608024440007283
300000,train/consistency_loss_std,2.3925797734847275e-05
300000,train/continue_loss_mean,0.0
300000,train/continue_loss_std,0.0
300000,train/grad_norm_mean,1.5588142768383026
300000,train/grad_norm_std,0.7592255752973747
300000,train/policy_log_std_mean,-0.8347800203959147
300000,train/policy_log_std_std,0.4652130382377918
300000,train/policy_loss_mean,-1.1215840421676635
300000,train/policy_loss_std,0.051660466017075274
300000,train/reward_loss_mean,0.16795843538045882
300000,train/reward_loss_std,0.013420175042785714
300000,train/total_loss_mean,0.06128190348446369
300000,train/total_loss_std,0.002374209479254605
300000,train/value_loss_mean,0.40364453845024106
300000,train/value_loss_std,0.01852298364277243
300000,train/value_scale_mean,52.13369433288574
300000,train/value_scale_std,2.0412861606380788
300000,timing/collect_chunk_s,80.8478578524664
300000,timing/train_chunk_s,15.746738862711936
300000,dense_rhs/training_bucket_horizon,2.0
300000,system/heartbeat,1.0
300000,timing/checkpoint_blocking_s,0.502704659011215
300000,eval/return_mean,565.3333740234375
300000,eval/return_std,7.879092216491699
300000,eval/return_max,577.5577392578125
300000,eval/return_min,547.1280517578125
300000,dense_rhs/deployment_utility_last_observed_gain,100.36981201171875
300000,dense_rhs/deployment_utility_observations,5.0
300000,timing/eval_s,16.49386373301968
300000,eval/selected_horizon,2.0
300000,eval/training_bucket_horizon,2.0
300000,system/heartbeat,1.0
303992,episode/return,478.06072998046875
303992,episode/length,500.0
303993,episode/return,536.0904541015625
303993,episode/length,500.0
303994,episode/return,510.0018310546875
303994,episode/length,500.0
303995,episode/return,545.3192138671875
303995,episode/length,500.0
303996,episode/return,491.0907897949219
303996,episode/length,500.0
303997,episode/return,511.99896240234375
303997,episode/length,500.0
303998,episode/return,530.9960327148438
303998,episode/length,500.0
303999,episode/return,537.8814697265625
303999,episode/length,500.0
307992,episode/return,506.9360046386719
307992,episode/length,500.0
307993,episode/return,418.24310302734375
307993,episode/length,500.0
307994,episode/return,480.2051086425781
307994,episode/length,500.0
307995,episode/return,445.7373352050781
307995,episode/length,500.0
307996,episode/return,463.73577880859375
307996,episode/length,500.0
307997,episode/return,503.99456787109375
307997,episode/length,500.0
307998,episode/return,467.1856689453125
307998,episode/length,500.0
307999,episode/return,495.8404235839844
307999,episode/length,500.0
310000,train/consistency_loss_mean,0.00020513615865493193
310000,train/consistency_loss_std,2.5044723190255788e-05
310000,train/continue_loss_mean,0.0
310000,train/continue_loss_std,0.0
310000,train/grad_norm_mean,1.5971096961975098
310000,train/grad_norm_std,0.8060652438579539
310000,train/policy_log_std_mean,-0.8551289012273152
310000,train/policy_log_std_std,0.4773131028779894
310000,train/policy_loss_mean,-1.2025710906028748
310000,train/policy_loss_std,0.051456697250243454
310000,train/reward_loss_mean,0.1699038536310196
310000,train/reward_loss_std,0.013511122830923934
310000,train/total_loss_mean,0.05764215667843819
310000,train/total_loss_std,0.0018405884254068384
310000,train/value_loss_mean,0.36549046511650085
310000,train/value_loss_std,0.01068942264506213
310000,train/value_scale_mean,49.519764834594724
310000,train/value_scale_std,1.8840225893181126
310000,timing/collect_chunk_s,80.60282910894603
310000,timing/train_chunk_s,15.73715811688453
310000,dense_rhs/training_bucket_horizon,2.0
310000,system/heartbeat,1.0
311992,episode/return,476.29766845703125
311992,episode/length,500.0
311993,episode/return,530.328125
311993,episode/length,500.0
311994,episode/return,520.9297485351562
311994,episode/length,500.0
311995,episode/return,541.718017578125
311995,episode/length,500.0
311996,episode/return,518.557373046875
311996,episode/length,500.0
311997,episode/return,527.0814208984375
311997,episode/length,500.0
311998,episode/return,503.1790466308594
311998,episode/length,500.0
311999,episode/return,537.1967163085938
311999,episode/length,500.0
315992,episode/return,516.8614501953125
315992,episode/length,500.0
315993,episode/return,497.44635009765625
315993,episode/length,500.0
315994,episode/return,491.5853271484375
315994,episode/length,500.0
315995,episode/return,513.3451538085938
315995,episode/length,500.0
315996,episode/return,495.8953552246094
315996,episode/length,500.0
315997,episode/return,537.2670288085938
315997,episode/length,500.0
315998,episode/return,542.519775390625
315998,episode/length,500.0
315999,episode/return,502.91278076171875
315999,episode/length,500.0
319992,episode/return,456.54052734375
319992,episode/length,500.0
319993,episode/return,436.91265869140625
319993,episode/length,500.0
319994,episode/return,462.514404296875
319994,episode/length,500.0
319995,episode/return,520.15966796875
319995,episode/length,500.0
319996,episode/return,507.00836181640625
319996,episode/length,500.0
319997,episode/return,0.0
319997,episode/length,500.0
319998,episode/return,512.4662475585938
319998,episode/length,500.0
319999,episode/return,494.6389465332031
319999,episode/length,500.0
320000,train/consistency_loss_mean,0.00020474040273111313
320000,train/consistency_loss_std,2.5010767599165148e-05
320000,train/continue_loss_mean,0.0
320000,train/continue_loss_std,0.0
320000,train/grad_norm_mean,1.64167495803833
320000,train/grad_norm_std,0.814790984020646
320000,train/policy_log_std_mean,-0.8587999070485433
320000,train/policy_log_std_std,0.47575150740035815
320000,train/policy_loss_mean,-1.2533928082466126
320000,train/policy_loss_std,0.05920241670996662
320000,train/reward_loss_mean,0.17186647126674653
320000,train/reward_loss_std,0.013206112861320885
320000,train/total_loss_mean,0.05575903213322163
320000,train/total_loss_std,0.0017467963066062587
320000,train/value_loss_mean,0.344775753569603
320000,train/value_loss_std,0.009841378199239059
320000,train/value_scale_mean,47.967137533569336
320000,train/value_scale_std,2.125811458049663
320000,timing/collect_chunk_s,87.58620121376589
320000,timing/train_chunk_s,15.74923415761441
320000,dense_rhs/training_bucket_horizon,2.0
320000,system/heartbeat,1.0
320000,dense_rhs/selected_horizon,2.0
320000,dense_rhs/proposed_horizon,3.0
320000,dense_rhs/phase_id,0.0
320000,dense_rhs/num_active_horizons,7.0
320000,dense_rhs/num_candidate_horizons,2.0
320000,dense_rhs/entropy,1.8043358325958252
320000,dense_rhs/norm_entropy,0.9272451400756836
320000,dense_rhs/best_fitness,0.03162277489900589
320000,dense_rhs/deployment_score_best,7.238368198159151e-07
320000,dense_rhs/incumbent_deployment_score,7.238368198159151e-07
320000,dense_rhs/proposed_deployment_score,0.5776596069335938
320000,dense_rhs/proposed_transition_cost,0.03767303004860878
320000,dense_rhs/proposed_switch_probability,0.9992765188217163
320000,dense_rhs/proposed_expected_net_benefit,0.5399858355522156
320000,dense_rhs/transition_cost_best,0.03767303004860878
320000,dense_rhs/transition_adjusted_score_best,0.5399865508079529
320000,dense_rhs/switch_probability_best,0.9992765188217163
320000,dense_rhs/expected_improvement_best,0.5400190353393555
320000,dense_rhs/expected_loss_best,3.3205171348527074e-05
320000,dense_rhs/expected_net_benefit_best,0.5399858355522156
320000,dense_rhs/return_term_best,0.9223806262016296
320000,dense_rhs/roughness_term_best,1.0
320000,dense_rhs/return_std_term_best,0.0
320000,dense_rhs/learner_proxy_term_best,1.0
320000,dense_rhs/model_prefix_loss_best,0.22359807789325714
320000,dense_rhs/model_probe_prefix_best,0.08750808238983154
320000,dense_rhs/planner_return_best,111.6489486694336
320000,dense_rhs/roughness_best,0.19421504437923431
320000,dense_rhs/robust_return_best,255.87405395507812
320000,timing/query_model_diag_s,0.01072912011295557
320000,timing/query_env_eval_s,10.995937896426767
320000,timing/query_finalize_s,0.0029293950647115707
320000,timing/query_total_s,11.014703300315887
320000,dense_rhs/candidate_2_fitness,0.03162277489900589
320000,dense_rhs/candidate_2_deployment_score,7.238368198159151e-07
320000,dense_rhs/candidate_2_transition_cost,0.0
320000,dense_rhs/candidate_2_transition_adjusted_score,7.238368198159151e-07
320000,dense_rhs/candidate_2_switch_probability,0.5
320000,dense_rhs/candidate_2_expected_net_benefit,0.0
320000,dense_rhs/candidate_2_return,255.87405395507812
320000,dense_rhs/candidate_2_return_term,0.9223806262016296
320000,dense_rhs/candidate_2_roughness_term,1.0
320000,dense_rhs/candidate_2_return_std_term,0.0
320000,dense_rhs/candidate_2_learner_proxy_term,1.0
320000,dense_rhs/candidate_3_fitness,0.8908209800720215
320000,dense_rhs/candidate_3_deployment_score,0.5776596069335938
320000,dense_rhs/candidate_3_transition_cost,0.03767303004860878
320000,dense_rhs/candidate_3_transition_adjusted_score,0.5399865508079529
320000,dense_rhs/candidate_3_switch_probability,0.9992765188217163
320000,dense_rhs/candidate_3_expected_net_benefit,0.5399858355522156
320000,dense_rhs/candidate_3_return,268.0774841308594
320000,dense_rhs/candidate_3_return_term,1.0
320000,dense_rhs/candidate_3_roughness_term,0.9754571914672852
320000,dense_rhs/candidate_3_return_std_term,0.6455841064453125
320000,dense_rhs/candidate_3_learner_proxy_term,0.9172990918159485
320000,dense_rhs/deployment_utility_enabled,1.0
320000,dense_rhs/deployment_utility_observations,5.0
320000,dense_rhs/deployment_utility_last_observed_gain,100.36981201171875
320000,dense_rhs/candidate_2_expected_eval_gain,138.24439787864685
320000,dense_rhs/candidate_2_eval_gain_uncertainty,71.4714620611532
320000,dense_rhs/candidate_2_deployment_utility_score,156.11226339393517
320000,dense_rhs/candidate_3_expected_eval_gain,9.664703130722046
320000,dense_rhs/candidate_3_eval_gain_uncertainty,106.06601717798212
320000,dense_rhs/candidate_3_deployment_utility_score,46.18120742521758
320000,dense_rhs/deployment_utility_override,1.0
320000,dense_rhs/deployment_utility_selected_expected_gain,138.24439787864685
320000,dense_rhs/deployment_utility_selected_uncertainty,71.4714620611532
320000,dense_rhs/deployment_utility_selected_score,156.11226339393517
320000,dense_rhs/deployment_utility_proposed_horizon,2.0
320000,dense_rhs/deployment_utility_proposed_expected_gain,138.24439787864685
320000,dense_rhs/deployment_utility_proposed_uncertainty,71.4714620611532
320000,dense_rhs/deployment_utility_proposed_score,156.11226339393517
320000,dense_rhs/previous_horizon,2.0
320000,dense_rhs/training_bucket_horizon,2.0
320000,dense_rhs/best_h,2.0
320000,dense_rhs/prob_best_h,0.01171875
320000,dense_rhs/gauss_mean_best_h,0.2262399047613144
320000,dense_rhs/gauss_post_std_best_h,0.08420722186565399
320000,system/heartbeat,1.0
323992,episode/return,517.0313110351562
323992,episode/length,500.0
323993,episode/return,551.15478515625
323993,episode/length,500.0
323994,episode/return,498.2067565917969
323994,episode/length,500.0
323995,episode/return,507.414306640625
323995,episode/length,500.0
323996,episode/return,531.8518676757812
323996,episode/length,500.0
323997,episode/return,494.61676025390625
323997,episode/length,500.0
323998,episode/return,530.8195190429688
323998,episode/length,500.0
323999,episode/return,0.0
323999,episode/length,500.0
327992,episode/return,0.0
327992,episode/length,500.0
327993,episode/return,442.6507568359375
327993,episode/length,500.0
327994,episode/return,466.3692626953125
327994,episode/length,500.0
327995,episode/return,436.78082275390625
327995,episode/length,500.0
327996,episode/return,446.2784118652344
327996,episode/length,500.0
327997,episode/return,459.4598083496094
327997,episode/length,500.0
327998,episode/return,503.5937194824219
327998,episode/length,500.0
327999,episode/return,526.3861694335938
327999,episode/length,500.0
330000,train/consistency_loss_mean,0.00020281383174005897
330000,train/consistency_loss_std,2.465491815511683e-05
330000,train/continue_loss_mean,0.0
330000,train/continue_loss_std,0.0
330000,train/grad_norm_mean,1.6641156247138977
330000,train/grad_norm_std,0.8322519942988297
330000,train/policy_log_std_mean,-0.8484526786168416
330000,train/policy_log_std_std,0.47178457901229987
330000,train/policy_loss_mean,-1.1739010261535645
330000,train/policy_loss_std,0.06834206148728336
330000,train/reward_loss_mean,0.17278228862285613
330000,train/reward_loss_std,0.013375415301396801
330000,train/total_loss_mean,0.054555118498206136
330000,train/total_loss_std,0.0017188116552100754
330000,train/value_loss_mean,0.33220611159801483
330000,train/value_loss_std,0.008949488579612393
330000,train/value_scale_mean,51.415174169921876
330000,train/value_scale_std,2.7384205855129347
330000,timing/collect_chunk_s,82.23742008954287
330000,timing/train_chunk_s,15.72011276660487
330000,dense_rhs/training_bucket_horizon,2.0
330000,system/heartbeat,1.0
331992,episode/return,467.9871826171875
331992,episode/length,500.0
331993,episode/return,510.3784484863281
331993,episode/length,500.0
331994,episode/return,478.8176574707031
331994,episode/length,500.0
331995,episode/return,479.4991760253906
331995,episode/length,500.0
331996,episode/return,493.5117492675781
331996,episode/length,500.0
331997,episode/return,506.2434997558594
331997,episode/length,500.0
331998,episode/return,507.7734680175781
331998,episode/length,500.0
331999,episode/return,312.07818603515625
331999,episode/length,500.0
335992,episode/return,524.6962280273438
335992,episode/length,500.0
335993,episode/return,547.9585571289062
335993,episode/length,500.0
335994,episode/return,563.2279052734375
335994,episode/length,500.0
335995,episode/return,575.9847412109375
335995,episode/length,500.0
335996,episode/return,536.6403198242188
335996,episode/length,500.0
335997,episode/return,548.77490234375
335997,episode/length,500.0
335998,episode/return,538.8228149414062
335998,episode/length,500.0
335999,episode/return,577.388671875
335999,episode/length,500.0
339992,episode/return,499.51751708984375
339992,episode/length,500.0
339993,episode/return,558.1353149414062
339993,episode/length,500.0
339994,episode/return,524.2179565429688
339994,episode/length,500.0
339995,episode/return,560.4675903320312
339995,episode/length,500.0
339996,episode/return,447.4497985839844
339996,episode/length,500.0
339997,episode/return,476.8224792480469
339997,episode/length,500.0
339998,episode/return,534.3693237304688
339998,episode/length,500.0
339999,episode/return,533.8609619140625
339999,episode/length,500.0
340000,train/consistency_loss_mean,0.0002018276880029589
340000,train/consistency_loss_std,2.4818243596552914e-05
340000,train/continue_loss_mean,0.0
340000,train/continue_loss_std,0.0
340000,train/grad_norm_mean,1.6731459162712097
340000,train/grad_norm_std,0.831253498490154
340000,train/policy_log_std_mean,-0.850797804705302
340000,train/policy_log_std_std,0.46819388709019094
340000,train/policy_loss_mean,-1.1630502529144287
340000,train/policy_loss_std,0.051408021324487095
340000,train/reward_loss_mean,0.17351521515846252
340000,train/reward_loss_std,0.013329493044482277
340000,train/total_loss_mean,0.05391531909406185
340000,train/total_loss_std,0.0017487880401896429
340000,train/value_loss_mean,0.3252724270820618
340000,train/value_loss_std,0.01012936791493352
340000,train/value_scale_mean,52.00258291320801
340000,train/value_scale_std,2.0641784466499384
340000,timing/collect_chunk_s,81.53853570763022
340000,timing/train_chunk_s,15.738656691741198
340000,dense_rhs/training_bucket_horizon,2.0
340000,system/heartbeat,1.0
343992,episode/return,525.3043212890625
343992,episode/length,500.0
343993,episode/return,563.4856567382812
343993,episode/length,500.0
343994,episode/return,480.8150939941406
343994,episode/length,500.0
343995,episode/return,508.60174560546875
343995,episode/length,500.0
343996,episode/return,510.8335266113281
343996,episode/length,500.0
343997,episode/return,540.3645629882812
343997,episode/length,500.0
343998,episode/return,534.4990844726562
343998,episode/length,500.0
343999,episode/return,550.0686645507812
343999,episode/length,500.0
347992,episode/return,479.2568359375
347992,episode/length,500.0
347993,episode/return,516.0408325195312
347993,episode/length,500.0
347994,episode/return,511.6721496582031
347994,episode/length,500.0
347995,episode/return,535.280517578125
347995,episode/length,500.0
347996,episode/return,480.0454406738281
347996,episode/length,500.0
347997,episode/return,492.0656433105469
347997,episode/length,500.0
347998,episode/return,523.2342529296875
347998,episode/length,500.0
347999,episode/return,512.3131713867188
347999,episode/length,500.0
350000,train/consistency_loss_mean,0.0002012723852531053
350000,train/consistency_loss_std,2.5235577859063105e-05
350000,train/continue_loss_mean,0.0
350000,train/continue_loss_std,0.0
350000,train/grad_norm_mean,1.6965535442352295
350000,train/grad_norm_std,0.8595447897867098
350000,train/policy_log_std_mean,-0.8703531749089559
350000,train/policy_log_std_std,0.4750398394951327
350000,train/policy_loss_mean,-1.2459129358291625
350000,train/policy_loss_std,0.059419128791177236
350000,train/reward_loss_mean,0.17542888342142104
350000,train/reward_loss_std,0.013182414311060148
350000,train/total_loss_mean,0.052331379440426824
350000,train/total_loss_std,0.001782946524664617
350000,train/value_loss_mean,0.30763042666912077
350000,train/value_loss_std,0.010778053514261457
350000,train/value_scale_mean,48.95289971313476
350000,train/value_scale_std,2.1733827293577854
350000,timing/collect_chunk_s,81.53290719771758
350000,timing/train_chunk_s,15.712574777193367
350000,dense_rhs/training_bucket_horizon,2.0
350000,system/heartbeat,1.0
350000,timing/checkpoint_blocking_s,0.5157481827773154
350000,eval/return_mean,427.451171875
350000,eval/return_std,34.7791633605957
350000,eval/return_max,488.057861328125
350000,eval/return_min,362.1407470703125
350000,dense_rhs/deployment_utility_last_observed_gain,-137.8822021484375
350000,dense_rhs/deployment_utility_observations,6.0
350000,timing/eval_s,16.36395405838266
350000,eval/selected_horizon,2.0
350000,eval/training_bucket_horizon,2.0
350000,system/heartbeat,1.0
351992,episode/return,422.8683776855469
351992,episode/length,500.0
351993,episode/return,369.515380859375
351993,episode/length,500.0
351994,episode/return,408.7344970703125
351994,episode/length,500.0
351995,episode/return,443.6065979003906
351995,episode/length,500.0
351996,episode/return,0.0
351996,episode/length,500.0
351997,episode/return,395.14886474609375
351997,episode/length,500.0
351998,episode/return,431.4606018066406
351998,episode/length,500.0
351999,episode/return,469.36199951171875
351999,episode/length,500.0
355992,episode/return,431.3975524902344
355992,episode/length,500.0
355993,episode/return,496.35028076171875
355993,episode/length,500.0
355994,episode/return,435.2259521484375
355994,episode/length,500.0
355995,episode/return,535.6869506835938
355995,episode/length,500.0
355996,episode/return,473.3192138671875
355996,episode/length,500.0
355997,episode/return,497.5091857910156
355997,episode/length,500.0
355998,episode/return,446.3371276855469
355998,episode/length,500.0
355999,episode/return,461.4258728027344
355999,episode/length,500.0
359992,episode/return,509.4178771972656
359992,episode/length,500.0
359993,episode/return,560.2396850585938
359993,episode/length,500.0
359994,episode/return,531.1864624023438
359994,episode/length,500.0
359995,episode/return,535.934326171875
359995,episode/length,500.0
359996,episode/return,458.8403625488281
359996,episode/length,500.0
359997,episode/return,485.5511779785156
359997,episode/length,500.0
359998,episode/return,527.4229125976562
359998,episode/length,500.0
359999,episode/return,514.1805419921875
359999,episode/length,500.0
360000,train/consistency_loss_mean,0.00020128182157641276
360000,train/consistency_loss_std,2.54748761026582e-05
360000,train/continue_loss_mean,0.0
360000,train/continue_loss_std,0.0
360000,train/grad_norm_mean,1.7332240207672118
360000,train/grad_norm_std,0.8849861284602581
360000,train/policy_log_std_mean,-0.873488342221578
360000,train/policy_log_std_std,0.474850658101769
360000,train/policy_loss_mean,-1.2519630925178529
360000,train/policy_loss_std,0.06546141166888908
360000,train/reward_loss_mean,0.17591913715600968
360000,train/reward_loss_std,0.013198639436045467
360000,train/total_loss_mean,0.051501621773839
360000,train/total_loss_std,0.0017210397133224987
360000,train/value_loss_mean,0.29884070196151735
360000,train/value_loss_std,0.009693835101902477
360000,train/value_scale_mean,48.91392394714355
360000,train/value_scale_std,2.355895914063337
360000,timing/collect_chunk_s,88.23157417867333
360000,timing/train_chunk_s,15.741132201161236
360000,dense_rhs/training_bucket_horizon,2.0
360000,system/heartbeat,1.0
363992,episode/return,570.125244140625
363992,episode/length,500.0
363993,episode/return,544.025390625
363993,episode/length,500.0
363994,episode/return,556.9171752929688
363994,episode/length,500.0
363995,episode/return,574.298583984375
363995,episode/length,500.0
363996,episode/return,564.2984619140625
363996,episode/length,500.0
363997,episode/return,557.9081420898438
363997,episode/length,500.0
363998,episode/return,483.7252197265625
363998,episode/length,500.0
363999,episode/return,524.1393432617188
363999,episode/length,500.0
367992,episode/return,429.85302734375
367992,episode/length,500.0
367993,episode/return,480.712890625
367993,episode/length,500.0
367994,episode/return,532.0248413085938
367994,episode/length,500.0
367995,episode/return,546.4708251953125
367995,episode/length,500.0
367996,episode/return,443.3061218261719
367996,episode/length,500.0
367997,episode/return,541.19580078125
367997,episode/length,500.0
367998,episode/return,436.9712829589844
367998,episode/length,500.0
367999,episode/return,510.84344482421875
367999,episode/length,500.0
370000,train/consistency_loss_mean,0.00020136351815890522
370000,train/consistency_loss_std,2.586446355171291e-05
370000,train/continue_loss_mean,0.0
370000,train/continue_loss_std,0.0
370000,train/grad_norm_mean,1.7384417850494385
370000,train/grad_norm_std,0.9023765588575947
370000,train/policy_log_std_mean,-0.8841743200302125
370000,train/policy_log_std_std,0.4797209969752871
370000,train/policy_loss_mean,-1.3032640065193177
370000,train/policy_loss_std,0.0676481105881555
370000,train/reward_loss_mean,0.1773655485033989
370000,train/reward_loss_std,0.013148147071690928
370000,train/total_loss_mean,0.05074978207349777
370000,train/total_loss_std,0.0017198909549367208
370000,train/value_loss_mean,0.2898595605134964
370000,train/value_loss_std,0.009609440087773648
370000,train/value_scale_mean,47.217823150634764
370000,train/value_scale_std,2.3052101655960215
370000,timing/collect_chunk_s,81.64854077529162
370000,timing/train_chunk_s,15.706472829915583
370000,dense_rhs/training_bucket_horizon,2.0
370000,system/heartbeat,1.0
370000,dense_rhs/selected_horizon,2.0
370000,dense_rhs/proposed_horizon,3.0
370000,dense_rhs/phase_id,0.0
370000,dense_rhs/num_active_horizons,7.0
370000,dense_rhs/num_candidate_horizons,2.0
370000,dense_rhs/entropy,1.7301926612854004
370000,dense_rhs/norm_entropy,0.8891431093215942
370000,dense_rhs/best_fitness,0.03162277489900589
370000,dense_rhs/deployment_score_best,5.194806362851523e-07
370000,dense_rhs/incumbent_deployment_score,5.194806362851523e-07
370000,dense_rhs/proposed_deployment_score,0.41274064779281616
370000,dense_rhs/proposed_transition_cost,0.04211246967315674
370000,dense_rhs/proposed_switch_probability,0.9844165444374084
370000,dense_rhs/proposed_expected_net_benefit,0.37062767148017883
370000,dense_rhs/transition_cost_best,0.04211246967315674
370000,dense_rhs/transition_adjusted_score_best,0.3706281781196594
370000,dense_rhs/switch_probability_best,0.9844165444374084
370000,dense_rhs/expected_improvement_best,0.3715823292732239
370000,dense_rhs/expected_loss_best,0.0009546629153192043
370000,dense_rhs/expected_net_benefit_best,0.37062767148017883
370000,dense_rhs/return_term_best,0.8489699959754944
370000,dense_rhs/roughness_term_best,1.0
370000,dense_rhs/return_std_term_best,0.0
370000,dense_rhs/learner_proxy_term_best,1.0
370000,dense_rhs/model_prefix_loss_best,0.20963037014007568
370000,dense_rhs/model_probe_prefix_best,0.0997786819934845
370000,dense_rhs/planner_return_best,103.1178207397461
370000,dense_rhs/roughness_best,0.3424021005630493
370000,dense_rhs/robust_return_best,242.11325073242188
370000,timing/query_model_diag_s,0.010685225017368793
370000,timing/query_env_eval_s,11.05684513086453
370000,timing/query_finalize_s,0.0033822711557149887
370000,timing/query_total_s,11.076267814263701
370000,dense_rhs/candidate_2_fitness,0.03162277489900589
370000,dense_rhs/candidate_2_deployment_score,5.194806362851523e-07
370000,dense_rhs/candidate_2_transition_cost,0.0
370000,dense_rhs/candidate_2_transition_adjusted_score,5.194806362851523e-07
370000,dense_rhs/candidate_2_switch_probability,0.5
370000,dense_rhs/candidate_2_expected_net_benefit,0.0
370000,dense_rhs/candidate_2_return,242.11325073242188
370000,dense_rhs/candidate_2_return_term,0.8489699959754944
370000,dense_rhs/candidate_2_roughness_term,1.0
370000,dense_rhs/candidate_2_return_std_term,0.0
370000,dense_rhs/candidate_2_learner_proxy_term,1.0
370000,dense_rhs/candidate_3_fitness,0.8296294808387756
370000,dense_rhs/candidate_3_deployment_score,0.41274064779281616
370000,dense_rhs/candidate_3_transition_cost,0.04211246967315674
370000,dense_rhs/candidate_3_transition_adjusted_score,0.3706281781196594
370000,dense_rhs/candidate_3_switch_probability,0.9844165444374084
370000,dense_rhs/candidate_3_expected_net_benefit,0.37062767148017883
370000,dense_rhs/candidate_3_return,267.2298583984375
370000,dense_rhs/candidate_3_return_term,1.0
370000,dense_rhs/candidate_3_roughness_term,0.8760289549827576
370000,dense_rhs/candidate_3_return_std_term,0.5407758355140686
370000,dense_rhs/candidate_3_learner_proxy_term,0.871247410774231
370000,dense_rhs/deployment_utility_enabled,1.0
370000,dense_rhs/deployment_utility_observations,6.0
370000,dense_rhs/deployment_utility_last_observed_gain,-137.8822021484375
370000,dense_rhs/candidate_2_expected_eval_gain,83.01907787322997
370000,dense_rhs/candidate_2_eval_gain_uncertainty,73.74734281703334
370000,dense_rhs/candidate_2_deployment_utility_score,101.4559135774883
370000,dense_rhs/candidate_3_expected_eval_gain,9.664703130722046
370000,dense_rhs/candidate_3_eval_gain_uncertainty,106.06601717798212
370000,dense_rhs/candidate_3_deployment_utility_score,46.18120742521758
370000,dense_rhs/deployment_utility_override,1.0
370000,dense_rhs/deployment_utility_selected_expected_gain,83.01907787322997
370000,dense_rhs/deployment_utility_selected_uncertainty,73.74734281703334
370000,dense_rhs/deployment_utility_selected_score,101.4559135774883
370000,dense_rhs/deployment_utility_proposed_horizon,2.0
370000,dense_rhs/deployment_utility_proposed_expected_gain,83.01907787322997
370000,dense_rhs/deployment_utility_proposed_uncertainty,73.74734281703334
370000,dense_rhs/deployment_utility_proposed_score,101.4559135774883
370000,dense_rhs/previous_horizon,2.0
370000,dense_rhs/training_bucket_horizon,2.0
370000,dense_rhs/best_h,2.0
370000,dense_rhs/prob_best_h,0.0
370000,dense_rhs/gauss_mean_best_h,0.19843746721744537
370000,dense_rhs/gauss_post_std_best_h,0.07663000375032425
370000,system/heartbeat,1.0
371992,episode/return,548.376220703125
371992,episode/length,500.0
371993,episode/return,579.0264282226562
371993,episode/length,500.0
371994,episode/return,0.0
371994,episode/length,500.0
371995,episode/return,505.0598449707031
371995,episode/length,500.0
371996,episode/return,557.5863647460938
371996,episode/length,500.0
371997,episode/return,542.4142456054688
371997,episode/length,500.0
371998,episode/return,539.44384765625
371998,episode/length,500.0
371999,episode/return,0.0
371999,episode/length,500.0
375992,episode/return,551.0812377929688
375992,episode/length,500.0
375993,episode/return,398.3050842285156
375993,episode/length,500.0
375994,episode/return,511.9698791503906
375994,episode/length,500.0
375995,episode/return,507.9414367675781
375995,episode/length,500.0
375996,episode/return,492.7589111328125
375996,episode/length,500.0
375997,episode/return,439.8263244628906
375997,episode/length,500.0
375998,episode/return,0.0
375998,episode/length,500.0
375999,episode/return,442.36993408203125
375999,episode/length,500.0
379992,episode/return,466.84820556640625
379992,episode/length,500.0
379993,episode/return,450.5771789550781
379993,episode/length,500.0
379994,episode/return,470.5008850097656
379994,episode/length,500.0
379995,episode/return,461.4512023925781
379995,episode/length,500.0
379996,episode/return,436.9208068847656
379996,episode/length,500.0
379997,episode/return,425.152587890625
379997,episode/length,500.0
379998,episode/return,426.3797912597656
379998,episode/length,500.0
379999,episode/return,486.122314453125
379999,episode/length,500.0
380000,train/consistency_loss_mean,0.00020026320077013224
380000,train/consistency_loss_std,2.5998393521251945e-05
380000,train/continue_loss_mean,0.0
380000,train/continue_loss_std,0.0
380000,train/grad_norm_mean,1.7599138233184815
380000,train/grad_norm_std,0.9201069047580851
380000,train/policy_log_std_mean,-0.8621878911336263
380000,train/policy_log_std_std,0.466856301490639
380000,train/policy_loss_mean,-1.1965108584403992
380000,train/policy_loss_std,0.06093861866763949
380000,train/reward_loss_mean,0.17810473552942277
380000,train/reward_loss_std,0.013222652495496291
380000,train/total_loss_mean,0.05029398808777332
380000,train/total_loss_std,0.0017389856509101823
380000,train/value_loss_mean,0.2847824992418289
380000,train/value_loss_std,0.009527311078031498
380000,train/value_scale_mean,51.4247049041748
380000,train/value_scale_std,2.4453066755092134
380000,timing/collect_chunk_s,82.13094020355493
380000,timing/train_chunk_s,15.708863093983382
380000,dense_rhs/training_bucket_horizon,2.0
380000,system/heartbeat,1.0
383992,episode/return,420.77960205078125
383992,episode/length,500.0
383993,episode/return,452.1596984863281
383993,episode/length,500.0
383994,episode/return,515.4341430664062
383994,episode/length,500.0
383995,episode/return,450.4276428222656
383995,episode/length,500.0
383996,episode/return,472.8662109375
383996,episode/length,500.0
383997,episode/return,540.9830322265625
383997,episode/length,500.0
383998,episode/return,413.997802734375
383998,episode/length,500.0
383999,episode/return,431.1050720214844
383999,episode/length,500.0
387992,episode/return,496.48321533203125
387992,episode/length,500.0
387993,episode/return,569.9671020507812
387993,episode/length,500.0
387994,episode/return,599.526123046875
387994,episode/length,500.0
387995,episode/return,528.5548706054688
387995,episode/length,500.0
387996,episode/return,583.1107788085938
387996,episode/length,500.0
387997,episode/return,552.1660766601562
387997,episode/length,500.0
387998,episode/return,493.2018737792969
387998,episode/length,500.0
387999,episode/return,545.87109375
387999,episode/length,500.0
390000,train/consistency_loss_mean,0.00019961296170949936
390000,train/consistency_loss_std,2.5687515217151582e-05
390000,train/continue_loss_mean,0.0
390000,train/continue_loss_std,0.0
390000,train/grad_norm_mean,1.7703491204261779
390000,train/grad_norm_std,0.9282070606944142
390000,train/policy_log_std_mean,-0.8689028526306153
390000,train/policy_log_std_std,0.46818789835432123
390000,train/policy_loss_mean,-1.2100723338127137
390000,train/policy_loss_std,0.05996257937221729
390000,train/reward_loss_mean,0.17884488615989685
390000,train/reward_loss_std,0.013039376442589594
390000,train/total_loss_mean,0.0499355829179287
390000,train/total_loss_std,0.0017365187816462335
390000,train/value_loss_mean,0.28058833985328674
390000,train/value_loss_std,0.010015311091873518
390000,train/value_scale_mean,50.98032155761719
390000,train/value_scale_std,2.275850333683498
390000,timing/collect_chunk_s,88.50885232212022
390000,timing/train_chunk_s,15.739957029465586
390000,dense_rhs/training_bucket_horizon,2.0
390000,system/heartbeat,1.0
391992,episode/return,558.1708374023438
391992,episode/length,500.0
391993,episode/return,548.7229614257812
391993,episode/length,500.0
391994,episode/return,532.022216796875
391994,episode/length,500.0
391995,episode/return,547.3156127929688
391995,episode/length,500.0
391996,episode/return,535.26171875
391996,episode/length,500.0
391997,episode/return,0.0
391997,episode/length,500.0
391998,episode/return,503.1576843261719
391998,episode/length,500.0
391999,episode/return,513.4423828125
391999,episode/length,500.0
395992,episode/return,584.1588134765625
395992,episode/length,500.0
395993,episode/return,526.705810546875
395993,episode/length,500.0
395994,episode/return,546.432861328125
395994,episode/length,500.0
395995,episode/return,515.9114379882812
395995,episode/length,500.0
395996,episode/return,0.0
395996,episode/length,500.0
395997,episode/return,497.4111022949219
395997,episode/length,500.0
395998,episode/return,560.1564331054688
395998,episode/length,500.0
395999,episode/return,506.64776611328125
395999,episode/length,500.0
399992,episode/return,468.5965881347656
399992,episode/length,500.0
399993,episode/return,483.41204833984375
399993,episode/length,500.0
399994,episode/return,464.7634582519531
399994,episode/length,500.0
399995,episode/return,401.8344421386719
399995,episode/length,500.0
399996,episode/return,475.7120361328125
399996,episode/length,500.0
399997,episode/return,418.9447326660156
399997,episode/length,500.0
399998,episode/return,452.78662109375
399998,episode/length,500.0
399999,episode/return,403.1308898925781
399999,episode/length,500.0
400000,train/consistency_loss_mean,0.00020082230948610232
400000,train/consistency_loss_std,2.6022412619946e-05
400000,train/continue_loss_mean,0.0
400000,train/continue_loss_std,0.0
400000,train/grad_norm_mean,1.7986551169395446
400000,train/grad_norm_std,0.9676307738632353
400000,train/policy_log_std_mean,-0.8636303383509318
400000,train/policy_log_std_std,0.464941825197757
400000,train/policy_loss_mean,-1.1636992336273193
400000,train/policy_loss_std,0.06368707886639233
400000,train/reward_loss_mean,0.18010765467882156
400000,train/reward_loss_std,0.013247061250483715
400000,train/total_loss_mean,0.04931681180596351
400000,train/total_loss_std,0.001743603963975535
400000,train/value_loss_mean,0.2728959933519363
400000,train/value_loss_std,0.00960011876112163
400000,train/value_scale_mean,53.17689346008301
400000,train/value_scale_std,2.726533753684569
400000,timing/collect_chunk_s,82.1104519884102
400000,timing/train_chunk_s,15.74067688593641
400000,dense_rhs/training_bucket_horizon,2.0
400000,system/heartbeat,1.0
400000,timing/checkpoint_blocking_s,0.5432024332694709
400000,eval/return_mean,552.1236572265625
400000,eval/return_std,127.72978973388672
400000,eval/return_max,601.89208984375
400000,eval/return_min,0.0
400000,dense_rhs/deployment_utility_last_observed_gain,124.6724853515625
400000,dense_rhs/deployment_utility_observations,7.0
400000,timing/eval_s,16.277297789696604
400000,eval/selected_horizon,2.0
400000,eval/training_bucket_horizon,2.0
400000,system/heartbeat,1.0
403992,episode/return,456.1105651855469
403992,episode/length,500.0
403993,episode/return,457.98651123046875
403993,episode/length,500.0
403994,episode/return,411.11151123046875
403994,episode/length,500.0
403995,episode/return,433.6324768066406
403995,episode/length,500.0
403996,episode/return,487.47564697265625
403996,episode/length,500.0
403997,episode/return,451.3024597167969
403997,episode/length,500.0
403998,episode/return,503.99017333984375
403998,episode/length,500.0
403999,episode/return,462.32281494140625
403999,episode/length,500.0
407992,episode/return,546.2345581054688
407992,episode/length,500.0
407993,episode/return,503.2239685058594
407993,episode/length,500.0
407994,episode/return,526.10498046875
407994,episode/length,500.0
407995,episode/return,487.0612487792969
407995,episode/length,500.0
407996,episode/return,533.99560546875
407996,episode/length,500.0
407997,episode/return,510.4273986816406
407997,episode/length,500.0
407998,episode/return,512.016845703125
407998,episode/length,500.0
407999,episode/return,507.9184875488281
407999,episode/length,500.0
410000,train/consistency_loss_mean,0.00020043518480379136
410000,train/consistency_loss_std,2.644215666202665e-05
410000,train/continue_loss_mean,0.0
410000,train/continue_loss_std,0.0
410000,train/grad_norm_mean,1.8216424640655517
410000,train/grad_norm_std,0.9773179283203046
410000,train/policy_log_std_mean,-0.8728283487955729
410000,train/policy_log_std_std,0.4674734426730242
410000,train/policy_loss_mean,-1.2061199458122254
410000,train/policy_loss_std,0.06115551250981187
410000,train/reward_loss_mean,0.18098028217554094
410000,train/reward_loss_std,0.013060845914959585
410000,train/total_loss_mean,0.049107659703493116
410000,train/total_loss_std,0.0017301675112885273
410000,train/value_loss_mean,0.2700092690229416
410000,train/value_loss_std,0.009717490082636657
410000,train/value_scale_mean,51.435254205322266
410000,train/value_scale_std,2.437177107998743
410000,timing/collect_chunk_s,82.36866886587813
410000,timing/train_chunk_s,15.77519321301952
410000,dense_rhs/training_bucket_horizon,2.0
410000,system/heartbeat,1.0
411992,episode/return,522.3057250976562
411992,episode/length,500.0
411993,episode/return,0.0
411993,episode/length,500.0
411994,episode/return,577.744384765625
411994,episode/length,500.0
411995,episode/return,560.2658081054688
411995,episode/length,500.0
411996,episode/return,547.9136962890625
411996,episode/length,500.0
411997,episode/return,560.63427734375
411997,episode/length,500.0
411998,episode/return,542.4386596679688
411998,episode/length,500.0
411999,episode/return,557.2802124023438
411999,episode/length,500.0
415992,episode/return,388.19732666015625
415992,episode/length,500.0
415993,episode/return,416.56402587890625
415993,episode/length,500.0
415994,episode/return,422.5713195800781
415994,episode/length,500.0
415995,episode/return,416.7633361816406
415995,episode/length,500.0
415996,episode/return,452.65850830078125
415996,episode/length,500.0
415997,episode/return,390.4466247558594
415997,episode/length,500.0
415998,episode/return,417.3283386230469
415998,episode/length,500.0
415999,episode/return,487.08001708984375
415999,episode/length,500.0
419992,episode/return,544.275146484375
419992,episode/length,500.0
419993,episode/return,493.9836120605469
419993,episode/length,500.0
419994,episode/return,493.7425537109375
419994,episode/length,500.0
419995,episode/return,483.8555603027344
419995,episode/length,500.0
419996,episode/return,528.144287109375
419996,episode/length,500.0
419997,episode/return,480.2004699707031
419997,episode/length,500.0
419998,episode/return,452.9064636230469
419998,episode/length,500.0
419999,episode/return,453.5108642578125
419999,episode/length,500.0
420000,train/consistency_loss_mean,0.00020202767670853062
420000,train/consistency_loss_std,2.6331941254220744e-05
420000,train/continue_loss_mean,0.0
420000,train/continue_loss_std,0.0
420000,train/grad_norm_mean,1.8477281804084777
420000,train/grad_norm_std,0.9985054286132183
420000,train/policy_log_std_mean,-0.8750176026026408
420000,train/policy_log_std_std,0.46726970150179603
420000,train/policy_loss_mean,-1.1996325113296509
420000,train/policy_loss_std,0.062425511122649824
420000,train/reward_loss_mean,0.18179770234823228
420000,train/reward_loss_std,0.013165602696609522
420000,train/total_loss_mean,0.04903314265608787
420000,train/total_loss_std,0.0017358524659255652
420000,train/value_loss_mean,0.2681281783819199
420000,train/value_loss_std,0.009692409628003804
420000,train/value_scale_mean,51.785516165161134
420000,train/value_scale_std,2.4577954505175708
420000,timing/collect_chunk_s,81.79922602325678
420000,timing/train_chunk_s,15.75653303368017
420000,dense_rhs/training_bucket_horizon,2.0
420000,system/heartbeat,1.0
420000,dense_rhs/selected_horizon,2.0
420000,dense_rhs/proposed_horizon,3.0
420000,dense_rhs/phase_id,0.0
420000,dense_rhs/num_active_horizons,7.0
420000,dense_rhs/num_candidate_horizons,2.0
420000,dense_rhs/entropy,1.7389159202575684
420000,dense_rhs/norm_entropy,0.8936259746551514
420000,dense_rhs/best_fitness,0.03162277489900589
420000,dense_rhs/deployment_score_best,9.087473245017463e-07
420000,dense_rhs/incumbent_deployment_score,9.087473245017463e-07
420000,dense_rhs/proposed_deployment_score,0.3445914089679718
420000,dense_rhs/proposed_transition_cost,0.033413197845220566
420000,dense_rhs/proposed_switch_probability,0.9737032651901245
420000,dense_rhs/proposed_expected_net_benefit,0.3111773133277893
420000,dense_rhs/transition_cost_best,0.033413197845220566
420000,dense_rhs/transition_adjusted_score_best,0.31117820739746094
420000,dense_rhs/switch_probability_best,0.9737032651901245
420000,dense_rhs/expected_improvement_best,0.31278324127197266
420000,dense_rhs/expected_loss_best,0.0016059214249253273
420000,dense_rhs/expected_net_benefit_best,0.3111773133277893
420000,dense_rhs/return_term_best,0.9763618111610413
420000,dense_rhs/roughness_term_best,1.0
420000,dense_rhs/return_std_term_best,0.0
420000,dense_rhs/learner_proxy_term_best,1.0
420000,dense_rhs/model_prefix_loss_best,0.19479739665985107
420000,dense_rhs/model_probe_prefix_best,0.08419144153594971
420000,dense_rhs/planner_return_best,111.25641632080078
420000,dense_rhs/roughness_best,0.205179363489151
420000,dense_rhs/robust_return_best,271.1507263183594
420000,timing/query_model_diag_s,0.011075729038566351
420000,timing/query_env_eval_s,11.039691322017461
420000,timing/query_finalize_s,0.002931504976004362
420000,timing/query_total_s,11.059014583006501
420000,dense_rhs/candidate_2_fitness,0.03162277489900589
420000,dense_rhs/candidate_2_deployment_score,9.087473245017463e-07
420000,dense_rhs/candidate_2_transition_cost,0.0
420000,dense_rhs/candidate_2_transition_adjusted_score,9.087473245017463e-07
420000,dense_rhs/candidate_2_switch_probability,0.5
420000,dense_rhs/candidate_2_expected_net_benefit,0.0
420000,dense_rhs/candidate_2_return,271.1507263183594
420000,dense_rhs/candidate_2_return_term,0.9763618111610413
420000,dense_rhs/candidate_2_roughness_term,1.0
420000,dense_rhs/candidate_2_return_std_term,0.0
420000,dense_rhs/candidate_2_learner_proxy_term,1.0
420000,dense_rhs/candidate_3_fitness,0.7788894772529602
420000,dense_rhs/candidate_3_deployment_score,0.3445914089679718
420000,dense_rhs/candidate_3_transition_cost,0.033413197845220566
420000,dense_rhs/candidate_3_transition_adjusted_score,0.31117820739746094
420000,dense_rhs/candidate_3_switch_probability,0.9737032651901245
420000,dense_rhs/candidate_3_expected_net_benefit,0.3111773133277893
420000,dense_rhs/candidate_3_return,275.1937561035156
420000,dense_rhs/candidate_3_return_term,1.0
420000,dense_rhs/candidate_3_roughness_term,0.9758568406105042
420000,dense_rhs/candidate_3_return_std_term,0.37715160846710205
420000,dense_rhs/candidate_3_learner_proxy_term,0.9362727403640747
420000,dense_rhs/deployment_utility_enabled,1.0
420000,dense_rhs/deployment_utility_observations,7.0
420000,dense_rhs/deployment_utility_last_observed_gain,124.6724853515625
420000,dense_rhs/candidate_2_expected_eval_gain,89.96131245295207
420000,dense_rhs/candidate_2_eval_gain_uncertainty,62.60342980981227
420000,dense_rhs/candidate_2_deployment_utility_score,105.61216990540514
420000,dense_rhs/candidate_3_expected_eval_gain,9.664703130722046
420000,dense_rhs/candidate_3_eval_gain_uncertainty,106.06601717798212
420000,dense_rhs/candidate_3_deployment_utility_score,46.18120742521758
420000,dense_rhs/deployment_utility_override,1.0
420000,dense_rhs/deployment_utility_selected_expected_gain,89.96131245295207
420000,dense_rhs/deployment_utility_selected_uncertainty,62.60342980981227
420000,dense_rhs/deployment_utility_selected_score,105.61216990540514
420000,dense_rhs/deployment_utility_proposed_horizon,2.0
420000,dense_rhs/deployment_utility_proposed_expected_gain,89.96131245295207
420000,dense_rhs/deployment_utility_proposed_uncertainty,62.60342980981227
420000,dense_rhs/deployment_utility_proposed_score,105.61216990540514
420000,dense_rhs/previous_horizon,2.0
420000,dense_rhs/training_bucket_horizon,2.0
420000,dense_rhs/best_h,2.0
420000,dense_rhs/prob_best_h,0.00390625
420000,dense_rhs/gauss_mean_best_h,0.17758561670780182
420000,dense_rhs/gauss_post_std_best_h,0.06983065605163574
420000,system/heartbeat,1.0
423992,episode/return,381.5129699707031
423992,episode/length,500.0
423993,episode/return,441.67913818359375
423993,episode/length,500.0
423994,episode/return,422.74908447265625
423994,episode/length,500.0
423995,episode/return,484.14947509765625
423995,episode/length,500.0
423996,episode/return,425.1899108886719
423996,episode/length,500.0
423997,episode/return,467.5199890136719
423997,episode/length,500.0
423998,episode/return,475.3396301269531
423998,episode/length,500.0
423999,episode/return,448.5491638183594
423999,episode/length,500.0
427992,episode/return,492.7744140625
427992,episode/length,500.0
427993,episode/return,449.2455749511719
427993,episode/length,500.0
427994,episode/return,541.1710205078125
427994,episode/length,500.0
427995,episode/return,504.7247619628906
427995,episode/length,500.0
427996,episode/return,423.6057434082031
427996,episode/length,500.0
427997,episode/return,514.9351806640625
427997,episode/length,500.0
427998,episode/return,524.2351684570312
427998,episode/length,500.0
427999,episode/return,435.8249816894531
427999,episode/length,500.0
430000,train/consistency_loss_mean,0.00020383925326168537
430000,train/consistency_loss_std,2.798019183828167e-05
430000,train/continue_loss_mean,0.0
430000,train/continue_loss_std,0.0
430000,train/grad_norm_mean,1.8784197432518006
430000,train/grad_norm_std,1.0460166188446407
430000,train/policy_log_std_mean,-0.8826163525263468
430000,train/policy_log_std_std,0.4698423356420615
430000,train/policy_loss_mean,-1.2488683513641357
430000,train/policy_loss_std,0.06397387939781031
430000,train/reward_loss_mean,0.18241398457288743
430000,train/reward_loss_std,0.012907939096507174
430000,train/total_loss_mean,0.04864612394571304
430000,train/total_loss_std,0.0017246837799078435
430000,train/value_loss_mean,0.2632793956041336
430000,train/value_loss_std,0.009637567811886157
430000,train/value_scale_mean,49.90316240234375
430000,train/value_scale_std,2.3744969901523616
430000,timing/collect_chunk_s,89.0414564171806
430000,timing/train_chunk_s,15.74991618655622
430000,dense_rhs/training_bucket_horizon,2.0
430000,system/heartbeat,1.0
431992,episode/return,468.51654052734375
431992,episode/length,500.0
431993,episode/return,498.9190673828125
431993,episode/length,500.0
431994,episode/return,480.8255615234375
431994,episode/length,500.0
431995,episode/return,422.13714599609375
431995,episode/length,500.0
431996,episode/return,474.6086730957031
431996,episode/length,500.0
431997,episode/return,455.8616027832031
431997,episode/length,500.0
431998,episode/return,481.6261291503906
431998,episode/length,500.0
431999,episode/return,507.547607421875
431999,episode/length,500.0
435992,episode/return,544.625
435992,episode/length,500.0
435993,episode/return,590.5294799804688
435993,episode/length,500.0
435994,episode/return,551.12353515625
435994,episode/length,500.0
435995,episode/return,546.3290405273438
435995,episode/length,500.0
435996,episode/return,520.0673217773438
435996,episode/length,500.0
435997,episode/return,587.008056640625
435997,episode/length,500.0
435998,episode/return,515.1986694335938
435998,episode/length,500.0
435999,episode/return,500.9067687988281
435999,episode/length,500.0
439992,episode/return,512.2012329101562
439992,episode/length,500.0
439993,episode/return,514.847412109375
439993,episode/length,500.0
439994,episode/return,473.1486511230469
439994,episode/length,500.0
439995,episode/return,0.0
439995,episode/length,500.0
439996,episode/return,413.6599426269531
439996,episode/length,500.0
439997,episode/return,515.5316162109375
439997,episode/length,500.0
439998,episode/return,466.6122131347656
439998,episode/length,500.0
439999,episode/return,404.4007873535156
439999,episode/length,500.0
440000,train/consistency_loss_mean,0.000204010234947782
440000,train/consistency_loss_std,2.8216078243623666e-05
440000,train/continue_loss_mean,0.0
440000,train/continue_loss_std,0.0
440000,train/grad_norm_mean,1.895383987236023
440000,train/grad_norm_std,1.0654488710291108
440000,train/policy_log_std_mean,-0.888964426612854
440000,train/policy_log_std_std,0.4719189560646632
440000,train/policy_loss_mean,-1.303523267841339
440000,train/policy_loss_std,0.0717166292270679
440000,train/reward_loss_mean,0.1833309985756874
440000,train/reward_loss_std,0.013194692163824915
440000,train/total_loss_mean,0.04807535188198089
440000,train/total_loss_std,0.0017854423897570885
440000,train/value_loss_mean,0.25662046720981596
440000,train/value_loss_std,0.009962818910504096
440000,train/value_scale_mean,48.04629616394043
440000,train/value_scale_std,2.499209586996608
440000,timing/collect_chunk_s,82.52140841633081
440000,timing/train_chunk_s,15.792778954841197
440000,dense_rhs/training_bucket_horizon,2.0
440000,system/heartbeat,1.0
443992,episode/return,549.8936767578125
443992,episode/length,500.0
443993,episode/return,489.2920837402344
443993,episode/length,500.0
443994,episode/return,438.53204345703125
443994,episode/length,500.0
443995,episode/return,561.2390747070312
443995,episode/length,500.0
443996,episode/return,505.3623962402344
443996,episode/length,500.0
443997,episode/return,479.7669982910156
443997,episode/length,500.0
443998,episode/return,0.0
443998,episode/length,500.0
443999,episode/return,516.0977783203125
443999,episode/length,500.0
447992,episode/return,475.73785400390625
447992,episode/length,500.0
447993,episode/return,419.7381896972656
447993,episode/length,500.0
447994,episode/return,453.43359375
447994,episode/length,500.0
447995,episode/return,462.5241394042969
447995,episode/length,500.0
447996,episode/return,411.27117919921875
447996,episode/length,500.0
447997,episode/return,452.1765441894531
447997,episode/length,500.0
447998,episode/return,459.0262756347656
447998,episode/length,500.0
447999,episode/return,451.7040100097656
447999,episode/length,500.0
450000,train/consistency_loss_mean,0.00020489082508720458
450000,train/consistency_loss_std,2.803810047646542e-05
450000,train/continue_loss_mean,0.0
450000,train/continue_loss_std,0.0
450000,train/grad_norm_mean,1.8966665048599243
450000,train/grad_norm_std,1.061563850796993
450000,train/policy_log_std_mean,-0.8833776417414347
450000,train/policy_log_std_std,0.4653335471581546
450000,train/policy_loss_mean,-1.2590643188476562
450000,train/policy_loss_std,0.05873193608040882
450000,train/reward_loss_mean,0.1841748702764511
450000,train/reward_loss_std,0.013119491529333912
450000,train/total_loss_mean,0.04777248849272728
450000,train/total_loss_std,0.001744338376920645
450000,train/value_loss_mean,0.25257184056043624
450000,train/value_loss_std,0.009574432229593428
450000,train/value_scale_mean,49.741183267211916
450000,train/value_scale_std,2.1101941163995135
450000,timing/collect_chunk_s,82.58984874002635
450000,timing/train_chunk_s,15.78135731164366
450000,dense_rhs/training_bucket_horizon,2.0
450000,system/heartbeat,1.0
450000,timing/checkpoint_blocking_s,0.5795734017156065
450000,eval/return_mean,431.88592529296875
450000,eval/return_std,43.15237045288086
450000,eval/return_max,523.2342529296875
450000,eval/return_min,357.2032470703125
450000,dense_rhs/deployment_utility_last_observed_gain,-120.23773193359375
450000,dense_rhs/deployment_utility_observations,8.0
450000,timing/eval_s,16.39099282724783
450000,eval/selected_horizon,2.0
450000,eval/training_bucket_horizon,2.0
450000,system/heartbeat,1.0
451992,episode/return,376.7304382324219
451992,episode/length,500.0
451993,episode/return,348.99774169921875
451993,episode/length,500.0
451994,episode/return,449.95672607421875
451994,episode/length,500.0
451995,episode/return,406.4527893066406
451995,episode/length,500.0
451996,episode/return,0.0
451996,episode/length,500.0
451997,episode/return,395.3954772949219
451997,episode/length,500.0
451998,episode/return,445.9140625
451998,episode/length,500.0
451999,episode/return,504.1706237792969
451999,episode/length,500.0
455992,episode/return,427.5085144042969
455992,episode/length,500.0
455993,episode/return,404.0743408203125
455993,episode/length,500.0
455994,episode/return,407.8356018066406
455994,episode/length,500.0
455995,episode/return,418.3175964355469
455995,episode/length,500.0
455996,episode/return,442.13494873046875
455996,episode/length,500.0
455997,episode/return,444.302978515625
455997,episode/length,500.0
455998,episode/return,435.15179443359375
455998,episode/length,500.0
455999,episode/return,385.6521911621094
455999,episode/length,500.0
459992,episode/return,539.5347290039062
459992,episode/length,500.0
459993,episode/return,511.5469055175781
459993,episode/length,500.0
459994,episode/return,482.58087158203125
459994,episode/length,500.0
459995,episode/return,0.0
459995,episode/length,500.0
459996,episode/return,537.9208374023438
459996,episode/length,500.0
459997,episode/return,514.1403198242188
459997,episode/length,500.0
459998,episode/return,479.5873718261719
459998,episode/length,500.0
459999,episode/return,506.63525390625
459999,episode/length,500.0
460000,train/consistency_loss_mean,0.00020505019266856835
460000,train/consistency_loss_std,2.8385722452530247e-05
460000,train/continue_loss_mean,0.0
460000,train/continue_loss_std,0.0
460000,train/grad_norm_mean,1.9211327052116394
460000,train/grad_norm_std,1.0644887827110967
460000,train/policy_log_std_mean,-0.885223468208313
460000,train/policy_log_std_std,0.4651533439542921
460000,train/policy_loss_mean,-1.2466658660888672
460000,train/policy_loss_std,0.06197302140911755
460000,train/reward_loss_mean,0.1843594548225403
460000,train/reward_loss_std,0.012952515001608308
460000,train/total_loss_mean,0.04774484689831734
460000,train/total_loss_std,0.0017280385683898962
460000,train/value_loss_mean,0.2520789658665657
460000,train/value_loss_std,0.009426282368246485
460000,train/value_scale_mean,50.28164657897949
460000,train/value_scale_std,2.3195016306121645
460000,timing/collect_chunk_s,82.43763755774125
460000,timing/train_chunk_s,15.760027025826275
460000,dense_rhs/training_bucket_horizon,2.0
460000,system/heartbeat,1.0
463992,episode/return,379.03094482421875
463992,episode/length,500.0
463993,episode/return,364.7366638183594
463993,episode/length,500.0
463994,episode/return,395.6387634277344
463994,episode/length,500.0
463995,episode/return,368.53887939453125
463995,episode/length,500.0
463996,episode/return,381.7608947753906
463996,episode/length,500.0
463997,episode/return,402.22991943359375
463997,episode/length,500.0
463998,episode/return,376.4984130859375
463998,episode/length,500.0
463999,episode/return,408.78662109375
463999,episode/length,500.0
467992,episode/return,450.5943298339844
467992,episode/length,500.0
467993,episode/return,450.4653015136719
467993,episode/length,500.0
467994,episode/return,476.3909912109375
467994,episode/length,500.0
467995,episode/return,467.40765380859375
467995,episode/length,500.0
467996,episode/return,436.6952819824219
467996,episode/length,500.0
467997,episode/return,543.7198486328125
467997,episode/length,500.0
467998,episode/return,429.6641845703125
467998,episode/length,500.0
467999,episode/return,465.7964172363281
467999,episode/length,500.0
470000,train/consistency_loss_mean,0.0002068632635870017
470000,train/consistency_loss_std,2.883068209493399e-05
470000,train/continue_loss_mean,0.0
470000,train/continue_loss_std,0.0
470000,train/grad_norm_mean,1.987285369682312
470000,train/grad_norm_std,1.1421540851808347
470000,train/policy_log_std_mean,-0.8916482819239299
470000,train/policy_log_std_std,0.47076460519561847
470000,train/policy_loss_mean,-1.2280527543067932
470000,train/policy_loss_std,0.06670507137255297
470000,train/reward_loss_mean,0.1847567605495453
470000,train/reward_loss_std,0.01321058336862023
470000,train/total_loss_mean,0.04805536758005619
470000,train/total_loss_std,0.001745825421550124
470000,train/value_loss_mean,0.254424250125885
470000,train/value_loss_std,0.009550777054943416
470000,train/value_scale_mean,51.03173214416504
470000,train/value_scale_std,2.518566663415411
470000,timing/collect_chunk_s,81.79618941666558
470000,timing/train_chunk_s,15.766490748617798
470000,dense_rhs/training_bucket_horizon,2.0
470000,system/heartbeat,1.0
470000,dense_rhs/selected_horizon,2.0
470000,dense_rhs/proposed_horizon,3.0
470000,dense_rhs/phase_id,0.0
470000,dense_rhs/num_active_horizons,7.0
470000,dense_rhs/num_candidate_horizons,2.0
470000,dense_rhs/entropy,1.7458453178405762
470000,dense_rhs/norm_entropy,0.8971869349479675
470000,dense_rhs/best_fitness,0.03203030675649643
470000,dense_rhs/deployment_score_best,6.043700295776944e-07
470000,dense_rhs/incumbent_deployment_score,6.043700295776944e-07
470000,dense_rhs/proposed_deployment_score,0.31281983852386475
470000,dense_rhs/proposed_transition_cost,0.04416913166642189
470000,dense_rhs/proposed_switch_probability,0.9663228988647461
470000,dense_rhs/proposed_expected_net_benefit,0.2686501145362854
470000,dense_rhs/transition_cost_best,0.04416913166642189
470000,dense_rhs/transition_adjusted_score_best,0.26865071058273315
470000,dense_rhs/switch_probability_best,0.9663228988647461
470000,dense_rhs/expected_improvement_best,0.2705968916416168
470000,dense_rhs/expected_loss_best,0.001946762204170227
470000,dense_rhs/expected_net_benefit_best,0.2686501145362854
470000,dense_rhs/return_term_best,0.8817099332809448
470000,dense_rhs/roughness_term_best,1.0
470000,dense_rhs/return_std_term_best,5.960464477539063e-08
470000,dense_rhs/learner_proxy_term_best,1.0
470000,dense_rhs/model_prefix_loss_best,0.1999412626028061
470000,dense_rhs/model_probe_prefix_best,0.09760133177042007
470000,dense_rhs/planner_return_best,109.78596496582031
470000,dense_rhs/roughness_best,0.15779522061347961
470000,dense_rhs/robust_return_best,250.2254180908203
470000,timing/query_model_diag_s,0.011015258729457855
470000,timing/query_env_eval_s,11.01074614515528
470000,timing/query_finalize_s,0.003310590982437134
470000,timing/query_total_s,11.030615218915045
470000,dense_rhs/candidate_2_fitness,0.03203030675649643
470000,dense_rhs/candidate_2_deployment_score,6.043700295776944e-07
470000,dense_rhs/candidate_2_transition_cost,0.0
470000,dense_rhs/candidate_2_transition_adjusted_score,6.043700295776944e-07
470000,dense_rhs/candidate_2_switch_probability,0.5
470000,dense_rhs/candidate_2_expected_net_benefit,0.0
470000,dense_rhs/candidate_2_return,250.2254180908203
470000,dense_rhs/candidate_2_return_term,0.8817099332809448
470000,dense_rhs/candidate_2_roughness_term,1.0
470000,dense_rhs/candidate_2_return_std_term,5.960464477539063e-08
470000,dense_rhs/candidate_2_learner_proxy_term,1.0
470000,dense_rhs/candidate_3_fitness,0.7618430256843567
470000,dense_rhs/candidate_3_deployment_score,0.31281983852386475
470000,dense_rhs/candidate_3_transition_cost,0.04416913166642189
470000,dense_rhs/candidate_3_transition_adjusted_score,0.26865071058273315
470000,dense_rhs/candidate_3_switch_probability,0.9663228988647461
470000,dense_rhs/candidate_3_expected_net_benefit,0.2686501145362854
470000,dense_rhs/candidate_3_return,269.36572265625
470000,dense_rhs/candidate_3_return_term,1.0
470000,dense_rhs/candidate_3_roughness_term,0.9071258306503296
470000,dense_rhs/candidate_3_return_std_term,0.3713582754135132
470000,dense_rhs/candidate_3_learner_proxy_term,0.9286106824874878
470000,dense_rhs/deployment_utility_enabled,1.0
470000,dense_rhs/deployment_utility_observations,8.0
470000,dense_rhs/deployment_utility_last_observed_gain,-120.23773193359375
470000,dense_rhs/candidate_2_expected_eval_gain,59.93287754058838
470000,dense_rhs/candidate_2_eval_gain_uncertainty,60.13046021301197
470000,dense_rhs/candidate_2_deployment_utility_score,74.96549259384138
470000,dense_rhs/candidate_3_expected_eval_gain,9.664703130722046
470000,dense_rhs/candidate_3_eval_gain_uncertainty,106.06601717798212
470000,dense_rhs/candidate_3_deployment_utility_score,46.18120742521758
470000,dense_rhs/deployment_utility_override,1.0
470000,dense_rhs/deployment_utility_selected_expected_gain,59.93287754058838
470000,dense_rhs/deployment_utility_selected_uncertainty,60.13046021301197
470000,dense_rhs/deployment_utility_selected_score,74.96549259384138
470000,dense_rhs/deployment_utility_proposed_horizon,2.0
470000,dense_rhs/deployment_utility_proposed_expected_gain,59.93287754058838
470000,dense_rhs/deployment_utility_proposed_uncertainty,60.13046021301197
470000,dense_rhs/deployment_utility_proposed_score,74.96549259384138
470000,dense_rhs/previous_horizon,2.0
470000,dense_rhs/training_bucket_horizon,2.0
470000,dense_rhs/best_h,2.0
470000,dense_rhs/prob_best_h,0.001953125
470000,dense_rhs/gauss_mean_best_h,0.1614128053188324
470000,dense_rhs/gauss_post_std_best_h,0.06391707807779312
470000,system/heartbeat,1.0
471992,episode/return,431.17205810546875
471992,episode/length,500.0
471993,episode/return,473.7847595214844
471993,episode/length,500.0
471994,episode/return,415.1064453125
471994,episode/length,500.0
471995,episode/return,411.0699768066406
471995,episode/length,500.0
471996,episode/return,400.931884765625
471996,episode/length,500.0
471997,episode/return,393.21307373046875
471997,episode/length,500.0
471998,episode/return,418.7766418457031
471998,episode/length,500.0
471999,episode/return,442.3849182128906
471999,episode/length,500.0
475992,episode/return,477.683349609375
475992,episode/length,500.0
475993,episode/return,466.6027526855469
475993,episode/length,500.0
475994,episode/return,436.9806213378906
475994,episode/length,500.0
475995,episode/return,488.86553955078125
475995,episode/length,500.0
475996,episode/return,459.4642639160156
475996,episode/length,500.0
475997,episode/return,469.90509033203125
475997,episode/length,500.0
475998,episode/return,472.0749206542969
475998,episode/length,500.0
475999,episode/return,384.3213806152344
475999,episode/length,500.0
479992,episode/return,502.1663818359375
479992,episode/length,500.0
479993,episode/return,418.8056640625
479993,episode/length,500.0
479994,episode/return,476.2814636230469
479994,episode/length,500.0
479995,episode/return,365.67181396484375
479995,episode/length,500.0
479996,episode/return,459.6143493652344
479996,episode/length,500.0
479997,episode/return,445.9317932128906
479997,episode/length,500.0
479998,episode/return,465.8543395996094
479998,episode/length,500.0
479999,episode/return,437.1236877441406
479999,episode/length,500.0
480000,train/consistency_loss_mean,0.00020917109117144718
480000,train/consistency_loss_std,3.087368350682074e-05
480000,train/continue_loss_mean,0.0
480000,train/continue_loss_std,0.0
480000,train/grad_norm_mean,2.013658236217499
480000,train/grad_norm_std,1.1560832203177347
480000,train/policy_log_std_mean,-0.9002579573313395
480000,train/policy_log_std_std,0.4739582740633911
480000,train/policy_loss_mean,-1.3002629428863526
480000,train/policy_loss_std,0.0597263975774653
480000,train/reward_loss_mean,0.18510739547014238
480000,train/reward_loss_std,0.012940405768485994
480000,train/total_loss_mean,0.04778867273032665
480000,train/total_loss_std,0.001768705610454709
480000,train/value_loss_mean,0.2509451031446457
480000,train/value_loss_std,0.009833185812099469
480000,train/value_scale_mean,48.31420987548828
480000,train/value_scale_std,2.0369956444990494
480000,timing/collect_chunk_s,90.3940743166022
480000,timing/train_chunk_s,15.768024946097285
480000,dense_rhs/training_bucket_horizon,2.0
480000,system/heartbeat,1.0
483992,episode/return,498.29168701171875
483992,episode/length,500.0
483993,episode/return,534.251708984375
483993,episode/length,500.0
483994,episode/return,514.6181030273438
483994,episode/length,500.0
483995,episode/return,539.8653564453125
483995,episode/length,500.0
483996,episode/return,450.4266357421875
483996,episode/length,500.0
483997,episode/return,504.80926513671875
483997,episode/length,500.0
483998,episode/return,473.1435852050781
483998,episode/length,500.0
483999,episode/return,487.71942138671875
483999,episode/length,500.0
487992,episode/return,523.4037475585938
487992,episode/length,500.0
487993,episode/return,576.9348754882812
487993,episode/length,500.0
487994,episode/return,478.29620361328125
487994,episode/length,500.0
487995,episode/return,571.304931640625
487995,episode/length,500.0
487996,episode/return,0.0
487996,episode/length,500.0
487997,episode/return,551.9189453125
487997,episode/length,500.0
487998,episode/return,496.0368957519531
487998,episode/length,500.0
487999,episode/return,530.6456298828125
487999,episode/length,500.0
490000,train/consistency_loss_mean,0.00020810986693250015
490000,train/consistency_loss_std,2.9948476446014798e-05
490000,train/continue_loss_mean,0.0
490000,train/continue_loss_std,0.0
490000,train/grad_norm_mean,2.0457809931755064
490000,train/grad_norm_std,1.184170812778942
490000,train/policy_log_std_mean,-0.9005632312138875
490000,train/policy_log_std_std,0.4746967881562316
490000,train/policy_loss_mean,-1.3144173712730407
490000,train/policy_loss_std,0.06668294097947754
490000,train/reward_loss_mean,0.18598985919952393
490000,train/reward_loss_std,0.012995066049187414
490000,train/total_loss_mean,0.047704570746421815
490000,train/total_loss_std,0.0017462497312108072
490000,train/value_loss_mean,0.24943386868238449
490000,train/value_loss_std,0.009562420838292817
490000,train/value_scale_mean,47.8999798828125
490000,train/value_scale_std,2.279063673981862
490000,timing/collect_chunk_s,83.41259515238926
490000,timing/train_chunk_s,15.806744427420199
490000,dense_rhs/training_bucket_horizon,2.0
490000,system/heartbeat,1.0
491992,episode/return,375.3378601074219
491992,episode/length,500.0
491993,episode/return,366.57537841796875
491993,episode/length,500.0
491994,episode/return,338.7748107910156
491994,episode/length,500.0
491995,episode/return,363.79254150390625
491995,episode/length,500.0
491996,episode/return,390.3690185546875
491996,episode/length,500.0
491997,episode/return,335.9257507324219
491997,episode/length,500.0
491998,episode/return,399.0963134765625
491998,episode/length,500.0
491999,episode/return,428.7035827636719
491999,episode/length,500.0
495992,episode/return,527.1587524414062
495992,episode/length,500.0
495993,episode/return,570.1050415039062
495993,episode/length,500.0
495994,episode/return,546.13037109375
495994,episode/length,500.0
495995,episode/return,573.6569213867188
495995,episode/length,500.0
495996,episode/return,0.0
495996,episode/length,500.0
495997,episode/return,546.20166015625
495997,episode/length,500.0
495998,episode/return,564.3360595703125
495998,episode/length,500.0
495999,episode/return,559.3474731445312
495999,episode/length,500.0
499992,episode/return,433.2911071777344
499992,episode/length,500.0
499993,episode/return,437.2820129394531
499993,episode/length,500.0
499994,episode/return,484.9458312988281
499994,episode/length,500.0
499995,episode/return,456.5916748046875
499995,episode/length,500.0
499996,episode/return,454.7758483886719
499996,episode/length,500.0
499997,episode/return,439.3524475097656
499997,episode/length,500.0
499998,episode/return,0.0
499998,episode/length,500.0
499999,episode/return,464.7883605957031
499999,episode/length,500.0
500000,train/consistency_loss_mean,0.0002095200661569834
500000,train/consistency_loss_std,3.09179038041241e-05
500000,train/continue_loss_mean,0.0
500000,train/continue_loss_std,0.0
500000,train/grad_norm_mean,2.0517839678764345
500000,train/grad_norm_std,1.2261605534700954
500000,train/policy_log_std_mean,-0.901570278040568
500000,train/policy_log_std_std,0.47513483438261855
500000,train/policy_loss_mean,-1.289540398979187
500000,train/policy_loss_std,0.07778866404516847
500000,train/reward_loss_mean,0.1863869423031807
500000,train/reward_loss_std,0.012993100240595884
500000,train/total_loss_mean,0.04774086773991585
500000,train/total_loss_std,0.0017682875017747996
500000,train/value_loss_mean,0.2491177106142044
500000,train/value_loss_std,0.009786474889782864
500000,train/value_scale_mean,48.89202940063477
500000,train/value_scale_std,2.8219688788309165
500000,timing/collect_chunk_s,82.6168021587655
500000,timing/train_chunk_s,15.760148792061955
500000,dense_rhs/training_bucket_horizon,2.0
500000,system/heartbeat,1.0
500000,timing/checkpoint_blocking_s,0.5792503277771175
500000,eval/return_mean,570.1458740234375
500000,eval/return_std,131.33026123046875
500000,eval/return_max,617.6121826171875
500000,eval/return_min,0.0
500000,dense_rhs/deployment_utility_last_observed_gain,138.25994873046875
500000,dense_rhs/deployment_utility_observations,9.0
500000,timing/eval_s,16.692558009177446
500000,eval/selected_horizon,2.0
500000,eval/training_bucket_horizon,2.0
500000,system/heartbeat,1.0
