step,tag,value
3992,episode/return,0.0
3992,episode/length,500.0
3993,episode/return,0.0
3993,episode/length,500.0
3994,episode/return,0.0
3994,episode/length,500.0
3995,episode/return,0.0
3995,episode/length,500.0
3996,episode/return,0.0
3996,episode/length,500.0
3997,episode/return,0.0
3997,episode/length,500.0
3998,episode/return,0.0
3998,episode/length,500.0
3999,episode/return,0.0
3999,episode/length,500.0
4000,seed_pretrain/updates_completed,512.0
4000,timing/collect_chunk_s,47.327494183555245
4000,timing/train_chunk_s,234.72488017799333
4000,system/heartbeat,1.0
4000,seed_pretrain/updates_completed,1024.0
4000,timing/collect_chunk_s,47.327494183555245
4000,timing/train_chunk_s,235.800166469533
4000,system/heartbeat,1.0
4000,seed_pretrain/updates_completed,1536.0
4000,timing/collect_chunk_s,47.327494183555245
4000,timing/train_chunk_s,236.87566475570202
4000,system/heartbeat,1.0
4000,seed_pretrain/updates_completed,2048.0
4000,timing/collect_chunk_s,47.327494183555245
4000,timing/train_chunk_s,237.95186481904238
4000,system/heartbeat,1.0
4000,seed_pretrain/updates_completed,2560.0
4000,timing/collect_chunk_s,47.327494183555245
4000,timing/train_chunk_s,239.0272642308846
4000,system/heartbeat,1.0
4000,seed_pretrain/updates_completed,3072.0
4000,timing/collect_chunk_s,47.327494183555245
4000,timing/train_chunk_s,240.10220217704773
4000,system/heartbeat,1.0
4000,seed_pretrain/updates_completed,3584.0
4000,timing/collect_chunk_s,47.327494183555245
4000,timing/train_chunk_s,241.1770004844293
4000,system/heartbeat,1.0
7992,episode/return,0.0
7992,episode/length,500.0
7993,episode/return,0.0
7993,episode/length,500.0
7994,episode/return,0.0
7994,episode/length,500.0
7995,episode/return,0.0
7995,episode/length,500.0
7996,episode/return,0.0
7996,episode/length,500.0
7997,episode/return,350.0
7997,episode/length,500.0
7998,episode/return,0.0
7998,episode/length,500.0
7999,episode/return,843.0
7999,episode/length,500.0
10000,train/consistency_loss_mean,0.0017009962264448405
10000,train/consistency_loss_std,0.00045244491147645446
10000,train/continue_loss_mean,0.0
10000,train/continue_loss_std,0.0
10000,train/grad_norm_mean,0.6982839372158051
10000,train/grad_norm_std,0.20934405523123603
10000,train/policy_log_std_mean,-0.27724156029224395
10000,train/policy_log_std_std,0.5374223125374233
10000,train/policy_loss_mean,-0.043426353000104424
10000,train/policy_loss_std,0.05553623435751297
10000,train/reward_loss_mean,0.023150306491937955
10000,train/reward_loss_std,0.08753447413515368
10000,train/total_loss_mean,0.04840366033911705
10000,train/total_loss_std,0.027717522643807755
10000,train/value_loss_mean,0.12068705034496961
10000,train/value_loss_std,0.16238253369580835
10000,train/value_scale_mean,13.00271548538208
10000,train/value_scale_std,17.207603886943346
10000,timing/collect_chunk_s,260.4134299354628
10000,timing/train_chunk_s,297.9012445360422
10000,dense_rhs/training_bucket_horizon,3.0
10000,system/heartbeat,1.0
11992,episode/return,231.0
11992,episode/length,500.0
11993,episode/return,8.0
11993,episode/length,500.0
11994,episode/return,714.0
11994,episode/length,500.0
11995,episode/return,0.0
11995,episode/length,500.0
11996,episode/return,675.0
11996,episode/length,500.0
11997,episode/return,0.0
11997,episode/length,500.0
11998,episode/return,0.0
11998,episode/length,500.0
11999,episode/return,0.0
11999,episode/length,500.0
15992,episode/return,0.0
15992,episode/length,500.0
15993,episode/return,169.0
15993,episode/length,500.0
15994,episode/return,628.0
15994,episode/length,500.0
15995,episode/return,943.0
15995,episode/length,500.0
15996,episode/return,573.0
15996,episode/length,500.0
15997,episode/return,0.0
15997,episode/length,500.0
15998,episode/return,304.0
15998,episode/length,500.0
15999,episode/return,106.0
15999,episode/length,500.0
19992,episode/return,566.0
19992,episode/length,500.0
19993,episode/return,287.0
19993,episode/length,500.0
19994,episode/return,883.0
19994,episode/length,500.0
19995,episode/return,571.0
19995,episode/length,500.0
19996,episode/return,739.0
19996,episode/length,500.0
19997,episode/return,618.0
19997,episode/length,500.0
19998,episode/return,790.0
19998,episode/length,500.0
19999,episode/return,55.0
19999,episode/length,500.0
20000,train/consistency_loss_mean,0.0019355083961039782
20000,train/consistency_loss_std,0.00015347315039343037
20000,train/continue_loss_mean,0.0
20000,train/continue_loss_std,0.0
20000,train/grad_norm_mean,0.8445664374351501
20000,train/grad_norm_std,0.09848856842857787
20000,train/policy_log_std_mean,-0.6386828704833984
20000,train/policy_log_std_std,0.6128525926240601
20000,train/policy_loss_mean,-0.11665746400356293
20000,train/policy_loss_std,0.038762331245377514
20000,train/reward_loss_mean,0.07469862042665482
20000,train/reward_loss_std,0.02153091105177616
20000,train/total_loss_mean,0.09543418219089508
20000,train/total_loss_std,0.007772997353783052
20000,train/value_loss_mean,0.49254151504039767
20000,train/value_loss_std,0.04717001489122016
20000,train/value_scale_mean,93.11525746459961
20000,train/value_scale_std,19.03043362259059
20000,timing/collect_chunk_s,128.83518536901101
20000,timing/train_chunk_s,20.461785168386996
20000,dense_rhs/training_bucket_horizon,3.0
20000,system/heartbeat,1.0
23992,episode/return,692.0
23992,episode/length,500.0
23993,episode/return,0.0
23993,episode/length,500.0
23994,episode/return,898.0
23994,episode/length,500.0
23995,episode/return,836.0
23995,episode/length,500.0
23996,episode/return,401.0
23996,episode/length,500.0
23997,episode/return,73.0
23997,episode/length,500.0
23998,episode/return,364.0
23998,episode/length,500.0
23999,episode/return,0.0
23999,episode/length,500.0
27992,episode/return,503.0
27992,episode/length,500.0
27993,episode/return,292.0
27993,episode/length,500.0
27994,episode/return,680.0
27994,episode/length,500.0
27995,episode/return,975.0
27995,episode/length,500.0
27996,episode/return,936.0
27996,episode/length,500.0
27997,episode/return,883.0
27997,episode/length,500.0
27998,episode/return,0.0
27998,episode/length,500.0
27999,episode/return,0.0
27999,episode/length,500.0
30000,train/consistency_loss_mean,0.002271826306544244
30000,train/consistency_loss_std,0.00012232985007379338
30000,train/continue_loss_mean,0.0
30000,train/continue_loss_std,0.0
30000,train/grad_norm_mean,0.7682701949596406
30000,train/grad_norm_std,0.09752171228777658
30000,train/policy_log_std_mean,-0.8575967709064484
30000,train/policy_log_std_std,0.5100004337353325
30000,train/policy_loss_mean,-0.28125430715084077
30000,train/policy_loss_std,0.056668438581259535
30000,train/reward_loss_mean,0.12634926087856294
30000,train/reward_loss_std,0.01581477512561737
30000,train/total_loss_mean,0.09584656479358673
30000,train/total_loss_std,0.00502605015754482
30000,train/value_loss_mean,0.3777510990858078
30000,train/value_loss_std,0.05141559183520042
30000,train/value_scale_mean,126.1279623840332
30000,train/value_scale_std,1.6607787636852764
30000,timing/collect_chunk_s,128.82829574635252
30000,timing/train_chunk_s,20.521849122829735
30000,dense_rhs/training_bucket_horizon,3.0
30000,system/heartbeat,1.0
31992,episode/return,0.0
31992,episode/length,500.0
31993,episode/return,943.0
31993,episode/length,500.0
31994,episode/return,842.0
31994,episode/length,500.0
31995,episode/return,931.0
31995,episode/length,500.0
31996,episode/return,743.0
31996,episode/length,500.0
31997,episode/return,972.0
31997,episode/length,500.0
31998,episode/return,0.0
31998,episode/length,500.0
31999,episode/return,541.0
31999,episode/length,500.0
35992,episode/return,589.0
35992,episode/length,500.0
35993,episode/return,796.0
35993,episode/length,500.0
35994,episode/return,0.0
35994,episode/length,500.0
35995,episode/return,810.0
35995,episode/length,500.0
35996,episode/return,897.0
35996,episode/length,500.0
35997,episode/return,688.0
35997,episode/length,500.0
35998,episode/return,984.0
35998,episode/length,500.0
35999,episode/return,762.0
35999,episode/length,500.0
39992,episode/return,0.0
39992,episode/length,500.0
39993,episode/return,938.0
39993,episode/length,500.0
39994,episode/return,0.0
39994,episode/length,500.0
39995,episode/return,966.0
39995,episode/length,500.0
39996,episode/return,935.0
39996,episode/length,500.0
39997,episode/return,902.0
39997,episode/length,500.0
39998,episode/return,935.0
39998,episode/length,500.0
39999,episode/return,886.0
39999,episode/length,500.0
40000,train/consistency_loss_mean,0.002364035964384675
40000,train/consistency_loss_std,0.00012409682147986625
40000,train/continue_loss_mean,0.0
40000,train/continue_loss_std,0.0
40000,train/grad_norm_mean,0.6818820306301117
40000,train/grad_norm_std,0.07660766937396664
40000,train/policy_log_std_mean,-0.9194941556453705
40000,train/policy_log_std_std,0.446962681889421
40000,train/policy_loss_mean,-0.4503523429632187
40000,train/policy_loss_std,0.03195741450523173
40000,train/reward_loss_mean,0.1638892842411995
40000,train/reward_loss_std,0.0170502003501255
40000,train/total_loss_mean,0.09676796756982803
40000,train/total_loss_std,0.003924018330815167
40000,train/value_loss_mean,0.33098318490982054
40000,train/value_loss_std,0.031073566542698473
40000,train/value_scale_mean,122.92655695800781
40000,train/value_scale_std,2.5869599218314767
40000,timing/collect_chunk_s,129.99222859367728
40000,timing/train_chunk_s,20.570352983660996
40000,dense_rhs/training_bucket_horizon,3.0
40000,system/heartbeat,1.0
43992,episode/return,770.0
43992,episode/length,500.0
43993,episode/return,710.0
43993,episode/length,500.0
43994,episode/return,843.0
43994,episode/length,500.0
43995,episode/return,379.0
43995,episode/length,500.0
43996,episode/return,572.0
43996,episode/length,500.0
43997,episode/return,720.0
43997,episode/length,500.0
43998,episode/return,727.0
43998,episode/length,500.0
43999,episode/return,848.0
43999,episode/length,500.0
47992,episode/return,979.0
47992,episode/length,500.0
47993,episode/return,968.0
47993,episode/length,500.0
47994,episode/return,369.0
47994,episode/length,500.0
47995,episode/return,878.0
47995,episode/length,500.0
47996,episode/return,454.0
47996,episode/length,500.0
47997,episode/return,352.0
47997,episode/length,500.0
47998,episode/return,423.0
47998,episode/length,500.0
47999,episode/return,930.0
47999,episode/length,500.0
50000,train/consistency_loss_mean,0.002559240274876356
50000,train/consistency_loss_std,0.00015980437243250675
50000,train/continue_loss_mean,0.0
50000,train/continue_loss_std,0.0
50000,train/grad_norm_mean,0.6664458601474762
50000,train/grad_norm_std,0.07657705168560709
50000,train/policy_log_std_mean,-0.9565040389060974
50000,train/policy_log_std_std,0.4619147949219084
50000,train/policy_loss_mean,-0.5912468428611756
50000,train/policy_loss_std,0.04796930548428417
50000,train/reward_loss_mean,0.19055728145837783
50000,train/reward_loss_std,0.015396957821403908
50000,train/total_loss_mean,0.09457196866869927
50000,train/total_loss_std,0.004608901688082175
50000,train/value_loss_mean,0.24331433393955232
50000,train/value_loss_std,0.016272538779614612
50000,train/value_scale_mean,113.28064840698242
50000,train/value_scale_std,5.000759591665186
50000,timing/collect_chunk_s,131.5730401990004
50000,timing/train_chunk_s,20.52990657929331
50000,dense_rhs/training_bucket_horizon,3.0
50000,system/heartbeat,1.0
50000,timing/checkpoint_blocking_s,0.38293044082820415
50000,eval/return_mean,710.6500244140625
50000,eval/return_std,268.1673583984375
50000,eval/return_max,964.0
50000,eval/return_min,0.0
50000,timing/eval_s,105.16323052160442
50000,eval/selected_horizon,3.0
50000,eval/training_bucket_horizon,3.0
50000,system/heartbeat,1.0
51992,episode/return,990.0
51992,episode/length,500.0
51993,episode/return,843.0
51993,episode/length,500.0
51994,episode/return,809.0
51994,episode/length,500.0
51995,episode/return,482.0
51995,episode/length,500.0
51996,episode/return,933.0
51996,episode/length,500.0
51997,episode/return,414.0
51997,episode/length,500.0
51998,episode/return,0.0
51998,episode/length,500.0
51999,episode/return,239.0
51999,episode/length,500.0
55992,episode/return,707.0
55992,episode/length,500.0
55993,episode/return,517.0
55993,episode/length,500.0
55994,episode/return,988.0
55994,episode/length,500.0
55995,episode/return,989.0
55995,episode/length,500.0
55996,episode/return,736.0
55996,episode/length,500.0
55997,episode/return,619.0
55997,episode/length,500.0
55998,episode/return,818.0
55998,episode/length,500.0
55999,episode/return,978.0
55999,episode/length,500.0
59992,episode/return,986.0
59992,episode/length,500.0
59993,episode/return,896.0
59993,episode/length,500.0
59994,episode/return,937.0
59994,episode/length,500.0
59995,episode/return,0.0
59995,episode/length,500.0
59996,episode/return,410.0
59996,episode/length,500.0
59997,episode/return,736.0
59997,episode/length,500.0
59998,episode/return,650.0
59998,episode/length,500.0
59999,episode/return,658.0
59999,episode/length,500.0
60000,train/consistency_loss_mean,0.002820863916911185
60000,train/consistency_loss_std,0.00014492975415405135
60000,train/continue_loss_mean,0.0
60000,train/continue_loss_std,0.0
60000,train/grad_norm_mean,0.6722699949264527
60000,train/grad_norm_std,0.0729959297213516
60000,train/policy_log_std_mean,-1.0833511738300323
60000,train/policy_log_std_std,0.4836035936534638
60000,train/policy_loss_mean,-0.7216521258831025
60000,train/policy_loss_std,0.02523973511081509
60000,train/reward_loss_mean,0.208687431371212
60000,train/reward_loss_std,0.014742312641544549
60000,train/total_loss_mean,0.1062581454694271
60000,train/total_loss_std,0.0039310375390004685
60000,train/value_loss_mean,0.2897212204217911
60000,train/value_loss_std,0.01352220479510092
60000,train/value_scale_mean,99.64854594726563
60000,train/value_scale_std,1.6825854274572716
60000,timing/collect_chunk_s,131.90329123055562
60000,timing/train_chunk_s,20.52883850224316
60000,dense_rhs/training_bucket_horizon,3.0
60000,system/heartbeat,1.0
63992,episode/return,932.0
63992,episode/length,500.0
63993,episode/return,783.0
63993,episode/length,500.0
63994,episode/return,0.0
63994,episode/length,500.0
63995,episode/return,707.0
63995,episode/length,500.0
63996,episode/return,813.0
63996,episode/length,500.0
63997,episode/return,599.0
63997,episode/length,500.0
63998,episode/return,915.0
63998,episode/length,500.0
63999,episode/return,908.0
63999,episode/length,500.0
67992,episode/return,997.0
67992,episode/length,500.0
67993,episode/return,897.0
67993,episode/length,500.0
67994,episode/return,945.0
67994,episode/length,500.0
67995,episode/return,527.0
67995,episode/length,500.0
67996,episode/return,515.0
67996,episode/length,500.0
67997,episode/return,818.0
67997,episode/length,500.0
67998,episode/return,711.0
67998,episode/length,500.0
67999,episode/return,862.0
67999,episode/length,500.0
70000,train/consistency_loss_mean,0.002937129239924252
70000,train/consistency_loss_std,0.0001561563006548673
70000,train/continue_loss_mean,0.0
70000,train/continue_loss_std,0.0
70000,train/grad_norm_mean,0.6751935835361481
70000,train/grad_norm_std,0.0747249963243433
70000,train/policy_log_std_mean,-1.1054199481010436
70000,train/policy_log_std_std,0.49810199545807693
70000,train/policy_loss_mean,-0.756568385887146
70000,train/policy_loss_std,0.023363194157606917
70000,train/reward_loss_mean,0.22347613815069198
70000,train/reward_loss_std,0.014500125726321417
70000,train/total_loss_mean,0.11233004756569863
70000,train/total_loss_std,0.003833539926291648
70000,train/value_loss_mean,0.3123984698534012
70000,train/value_loss_std,0.006962730563122247
70000,train/value_scale_mean,98.43906551513672
70000,train/value_scale_std,1.9248585679527253
70000,timing/collect_chunk_s,131.94319912418723
70000,timing/train_chunk_s,20.506199264898896
70000,dense_rhs/training_bucket_horizon,3.0
70000,system/heartbeat,1.0
71992,episode/return,935.0
71992,episode/length,500.0
71993,episode/return,832.0
71993,episode/length,500.0
71994,episode/return,815.0
71994,episode/length,500.0
71995,episode/return,861.0
71995,episode/length,500.0
71996,episode/return,504.0
71996,episode/length,500.0
71997,episode/return,934.0
71997,episode/length,500.0
71998,episode/return,626.0
71998,episode/length,500.0
71999,episode/return,719.0
71999,episode/length,500.0
75992,episode/return,892.0
75992,episode/length,500.0
75993,episode/return,935.0
75993,episode/length,500.0
75994,episode/return,875.0
75994,episode/length,500.0
75995,episode/return,846.0
75995,episode/length,500.0
75996,episode/return,919.0
75996,episode/length,500.0
75997,episode/return,0.0
75997,episode/length,500.0
75998,episode/return,759.0
75998,episode/length,500.0
75999,episode/return,0.0
75999,episode/length,500.0
79992,episode/return,934.0
79992,episode/length,500.0
79993,episode/return,937.0
79993,episode/length,500.0
79994,episode/return,931.0
79994,episode/length,500.0
79995,episode/return,838.0
79995,episode/length,500.0
79996,episode/return,670.0
79996,episode/length,500.0
79997,episode/return,708.0
79997,episode/length,500.0
79998,episode/return,958.0
79998,episode/length,500.0
79999,episode/return,899.0
79999,episode/length,500.0
80000,train/consistency_loss_mean,0.0031886879812926053
80000,train/consistency_loss_std,0.00017428007755039307
80000,train/continue_loss_mean,0.0
80000,train/continue_loss_std,0.0
80000,train/grad_norm_mean,0.6891855627059936
80000,train/grad_norm_std,0.0736110444567402
80000,train/policy_log_std_mean,-1.0846659168243409
80000,train/policy_log_std_std,0.4921593037004137
80000,train/policy_loss_mean,-0.8024864937782288
80000,train/policy_loss_std,0.018950067617170118
80000,train/reward_loss_mean,0.23683201311826707
80000,train/reward_loss_std,0.01385671471069473
80000,train/total_loss_mean,0.11960598887205123
80000,train/total_loss_std,0.004057880136784197
80000,train/value_loss_mean,0.32149026250839235
80000,train/value_loss_std,0.006124962987619478
80000,train/value_scale_mean,94.91849932861328
80000,train/value_scale_std,1.7524870856272339
80000,timing/collect_chunk_s,131.53983639134094
80000,timing/train_chunk_s,20.50804738001898
80000,dense_rhs/training_bucket_horizon,3.0
80000,system/heartbeat,1.0
83992,episode/return,866.0
83992,episode/length,500.0
83993,episode/return,986.0
83993,episode/length,500.0
83994,episode/return,359.0
83994,episode/length,500.0
83995,episode/return,907.0
83995,episode/length,500.0
83996,episode/return,900.0
83996,episode/length,500.0
83997,episode/return,899.0
83997,episode/length,500.0
83998,episode/return,987.0
83998,episode/length,500.0
83999,episode/return,958.0
83999,episode/length,500.0
87992,episode/return,956.0
87992,episode/length,500.0
87993,episode/return,905.0
87993,episode/length,500.0
87994,episode/return,757.0
87994,episode/length,500.0
87995,episode/return,897.0
87995,episode/length,500.0
87996,episode/return,889.0
87996,episode/length,500.0
87997,episode/return,1.0
87997,episode/length,500.0
87998,episode/return,720.0
87998,episode/length,500.0
87999,episode/return,904.0
87999,episode/length,500.0
90000,train/consistency_loss_mean,0.0034604074496775864
90000,train/consistency_loss_std,0.0001917883571004933
90000,train/continue_loss_mean,0.0
90000,train/continue_loss_std,0.0
90000,train/grad_norm_mean,0.7105739568710328
90000,train/grad_norm_std,0.0775903391419188
90000,train/policy_log_std_mean,-1.07973286485672
90000,train/policy_log_std_std,0.47460276076479435
90000,train/policy_loss_mean,-0.8614298309803009
90000,train/policy_loss_std,0.012414273212982855
90000,train/reward_loss_mean,0.2483858678460121
90000,train/reward_loss_std,0.0137856749182019
90000,train/total_loss_mean,0.12699560531377793
90000,train/total_loss_std,0.004372351964771463
90000,train/value_loss_mean,0.329488685464859
90000,train/value_loss_std,0.005262348105140877
90000,train/value_scale_mean,90.51003201904297
90000,train/value_scale_std,0.5898424095184489
90000,timing/collect_chunk_s,132.96519922744483
90000,timing/train_chunk_s,20.506969628855586
90000,dense_rhs/training_bucket_horizon,3.0
90000,system/heartbeat,1.0
91992,episode/return,848.0
91992,episode/length,500.0
91993,episode/return,896.0
91993,episode/length,500.0
91994,episode/return,738.0
91994,episode/length,500.0
91995,episode/return,937.0
91995,episode/length,500.0
91996,episode/return,0.0
91996,episode/length,500.0
91997,episode/return,860.0
91997,episode/length,500.0
91998,episode/return,976.0
91998,episode/length,500.0
91999,episode/return,977.0
91999,episode/length,500.0
95992,episode/return,886.0
95992,episode/length,500.0
95993,episode/return,918.0
95993,episode/length,500.0
95994,episode/return,911.0
95994,episode/length,500.0
95995,episode/return,843.0
95995,episode/length,500.0
95996,episode/return,968.0
95996,episode/length,500.0
95997,episode/return,850.0
95997,episode/length,500.0
95998,episode/return,802.0
95998,episode/length,500.0
95999,episode/return,939.0
95999,episode/length,500.0
99992,episode/return,779.0
99992,episode/length,500.0
99993,episode/return,951.0
99993,episode/length,500.0
99994,episode/return,902.0
99994,episode/length,500.0
99995,episode/return,923.0
99995,episode/length,500.0
99996,episode/return,801.0
99996,episode/length,500.0
99997,episode/return,0.0
99997,episode/length,500.0
99998,episode/return,960.0
99998,episode/length,500.0
99999,episode/return,891.0
99999,episode/length,500.0
100000,train/consistency_loss_mean,0.003593506582826376
100000,train/consistency_loss_std,0.00018827507009020836
100000,train/continue_loss_mean,0.0
100000,train/continue_loss_std,0.0
100000,train/grad_norm_mean,0.7218568280220031
100000,train/grad_norm_std,0.07742130669263561
100000,train/policy_log_std_mean,-1.0575959676265716
100000,train/policy_log_std_std,0.46890830331455413
100000,train/policy_loss_mean,-0.8987393824577331
100000,train/policy_loss_std,0.027557840010306794
100000,train/reward_loss_mean,0.2572599736690521
100000,train/reward_loss_std,0.013434520600282591
100000,train/total_loss_mean,0.13100224397182464
100000,train/total_loss_std,0.004261607785409433
100000,train/value_loss_mean,0.33406113657951353
100000,train/value_loss_std,0.005382686393783136
100000,train/value_scale_mean,88.07131661376953
100000,train/value_scale_std,2.1846266117552235
100000,timing/collect_chunk_s,132.19763295678422
100000,timing/train_chunk_s,20.531167985405773
100000,dense_rhs/training_bucket_horizon,3.0
100000,system/heartbeat,1.0
100000,timing/checkpoint_blocking_s,0.38262979313731194
100000,eval/return_mean,666.4000244140625
100000,eval/return_std,348.5223693847656
100000,eval/return_max,987.0
100000,eval/return_min,0.0
100000,timing/eval_s,26.118374143727124
100000,eval/selected_horizon,3.0
100000,eval/training_bucket_horizon,3.0
100000,system/heartbeat,1.0
103992,episode/return,896.0
103992,episode/length,500.0
103993,episode/return,985.0
103993,episode/length,500.0
103994,episode/return,920.0
103994,episode/length,500.0
103995,episode/return,909.0
103995,episode/length,500.0
103996,episode/return,556.0
103996,episode/length,500.0
103997,episode/return,0.0
103997,episode/length,500.0
103998,episode/return,905.0
103998,episode/length,500.0
103999,episode/return,857.0
103999,episode/length,500.0
107992,episode/return,985.0
107992,episode/length,500.0
107993,episode/return,856.0
107993,episode/length,500.0
107994,episode/return,726.0
107994,episode/length,500.0
107995,episode/return,497.0
107995,episode/length,500.0
107996,episode/return,702.0
107996,episode/length,500.0
107997,episode/return,952.0
107997,episode/length,500.0
107998,episode/return,0.0
107998,episode/length,500.0
107999,episode/return,898.0
107999,episode/length,500.0
110000,train/consistency_loss_mean,0.0037951184425503016
110000,train/consistency_loss_std,0.00019992450730421473
110000,train/continue_loss_mean,0.0
110000,train/continue_loss_std,0.0
110000,train/grad_norm_mean,0.7410262227058411
110000,train/grad_norm_std,0.07916162382073397
110000,train/policy_log_std_mean,-1.038916706943512
110000,train/policy_log_std_std,0.46804934006507787
110000,train/policy_loss_mean,-0.9220677105426789
110000,train/policy_loss_std,0.020171636672501228
110000,train/reward_loss_mean,0.26322108201980593
110000,train/reward_loss_std,0.013154301204236003
110000,train/total_loss_mean,0.1357292350769043
110000,train/total_loss_std,0.00432751902229205
110000,train/value_loss_mean,0.3350475589752197
110000,train/value_loss_std,0.005160718936845247
110000,train/value_scale_mean,86.11380254516601
110000,train/value_scale_std,1.370971471132923
110000,timing/collect_chunk_s,131.1876945933327
110000,timing/train_chunk_s,20.529149543028325
110000,dense_rhs/training_bucket_horizon,3.0
110000,system/heartbeat,1.0
111992,episode/return,897.0
111992,episode/length,500.0
111993,episode/return,881.0
111993,episode/length,500.0
111994,episode/return,951.0
111994,episode/length,500.0
111995,episode/return,890.0
111995,episode/length,500.0
111996,episode/return,0.0
111996,episode/length,500.0
111997,episode/return,957.0
111997,episode/length,500.0
111998,episode/return,703.0
111998,episode/length,500.0
111999,episode/return,952.0
111999,episode/length,500.0
115992,episode/return,922.0
115992,episode/length,500.0
115993,episode/return,918.0
115993,episode/length,500.0
115994,episode/return,900.0
115994,episode/length,500.0
115995,episode/return,776.0
115995,episode/length,500.0
115996,episode/return,0.0
115996,episode/length,500.0
115997,episode/return,868.0
115997,episode/length,500.0
115998,episode/return,140.0
115998,episode/length,500.0
115999,episode/return,821.0
115999,episode/length,500.0
119992,episode/return,831.0
119992,episode/length,500.0
119993,episode/return,848.0
119993,episode/length,500.0
119994,episode/return,762.0
119994,episode/length,500.0
119995,episode/return,969.0
119995,episode/length,500.0
119996,episode/return,262.0
119996,episode/length,500.0
119997,episode/return,855.0
119997,episode/length,500.0
119998,episode/return,709.0
119998,episode/length,500.0
119999,episode/return,719.0
119999,episode/length,500.0
120000,train/consistency_loss_mean,0.003981344063952565
120000,train/consistency_loss_std,0.00021363952203600314
120000,train/continue_loss_mean,0.0
120000,train/continue_loss_std,0.0
120000,train/grad_norm_mean,0.7565976618289948
120000,train/grad_norm_std,0.08045136680204923
120000,train/policy_log_std_mean,-0.9962198425769806
120000,train/policy_log_std_std,0.45613450381279924
120000,train/policy_loss_mean,-0.829820455121994
120000,train/policy_loss_std,0.023192998655155703
120000,train/reward_loss_mean,0.2666664923906326
120000,train/reward_loss_std,0.01302851129000626
120000,train/total_loss_mean,0.13920378764867783
120000,train/total_loss_std,0.0046393680282338125
120000,train/value_loss_mean,0.3291025490999222
120000,train/value_loss_std,0.005229812126526827
120000,train/value_scale_mean,94.82772872314453
120000,train/value_scale_std,2.1497024627748615
120000,timing/collect_chunk_s,134.67571153491735
120000,timing/train_chunk_s,20.547788220457733
120000,dense_rhs/training_bucket_horizon,3.0
120000,system/heartbeat,1.0
123992,episode/return,972.0
123992,episode/length,500.0
123993,episode/return,917.0
123993,episode/length,500.0
123994,episode/return,0.0
123994,episode/length,500.0
123995,episode/return,739.0
123995,episode/length,500.0
123996,episode/return,553.0
123996,episode/length,500.0
123997,episode/return,837.0
123997,episode/length,500.0
123998,episode/return,908.0
123998,episode/length,500.0
123999,episode/return,912.0
123999,episode/length,500.0
127992,episode/return,911.0
127992,episode/length,500.0
127993,episode/return,911.0
127993,episode/length,500.0
127994,episode/return,935.0
127994,episode/length,500.0
127995,episode/return,838.0
127995,episode/length,500.0
127996,episode/return,913.0
127996,episode/length,500.0
127997,episode/return,807.0
127997,episode/length,500.0
127998,episode/return,789.0
127998,episode/length,500.0
127999,episode/return,913.0
127999,episode/length,500.0
130000,train/consistency_loss_mean,0.00415010574311018
130000,train/consistency_loss_std,0.0002130999725468873
130000,train/continue_loss_mean,0.0
130000,train/continue_loss_std,0.0
130000,train/grad_norm_mean,0.7669772929668427
130000,train/grad_norm_std,0.08226470345118071
130000,train/policy_log_std_mean,-1.0057474088668823
130000,train/policy_log_std_std,0.45525774372607963
130000,train/policy_loss_mean,-0.8603240302085876
130000,train/policy_loss_std,0.014301873277757565
130000,train/reward_loss_mean,0.27052653059959414
130000,train/reward_loss_std,0.013134974080810873
130000,train/total_loss_mean,0.14325957221984864
130000,train/total_loss_std,0.0046829403886676935
130000,train/value_loss_mean,0.3320480352640152
130000,train/value_loss_std,0.0050488991500418625
130000,train/value_scale_mean,91.8081666809082
130000,train/value_scale_std,1.005117873971525
130000,timing/collect_chunk_s,132.1483323997818
130000,timing/train_chunk_s,20.53924638684839
130000,dense_rhs/training_bucket_horizon,3.0
130000,system/heartbeat,1.0
131992,episode/return,0.0
131992,episode/length,500.0
131993,episode/return,990.0
131993,episode/length,500.0
131994,episode/return,930.0
131994,episode/length,500.0
131995,episode/return,917.0
131995,episode/length,500.0
131996,episode/return,914.0
131996,episode/length,500.0
131997,episode/return,853.0
131997,episode/length,500.0
131998,episode/return,762.0
131998,episode/length,500.0
131999,episode/return,645.0
131999,episode/length,500.0
135992,episode/return,950.0
135992,episode/length,500.0
135993,episode/return,1.0
135993,episode/length,500.0
135994,episode/return,905.0
135994,episode/length,500.0
135995,episode/return,751.0
135995,episode/length,500.0
135996,episode/return,0.0
135996,episode/length,500.0
135997,episode/return,987.0
135997,episode/length,500.0
135998,episode/return,925.0
135998,episode/length,500.0
135999,episode/return,761.0
135999,episode/length,500.0
139992,episode/return,867.0
139992,episode/length,500.0
139993,episode/return,0.0
139993,episode/length,500.0
139994,episode/return,924.0
139994,episode/length,500.0
139995,episode/return,853.0
139995,episode/length,500.0
139996,episode/return,0.0
139996,episode/length,500.0
139997,episode/return,689.0
139997,episode/length,500.0
139998,episode/return,895.0
139998,episode/length,500.0
139999,episode/return,905.0
139999,episode/length,500.0
140000,train/consistency_loss_mean,0.004263919953629375
140000,train/consistency_loss_std,0.00021750818140636594
140000,train/continue_loss_mean,0.0
140000,train/continue_loss_std,0.0
140000,train/grad_norm_mean,0.7713755692958831
140000,train/grad_norm_std,0.08167942339947547
140000,train/policy_log_std_mean,-0.9977276560783386
140000,train/policy_log_std_std,0.4521592668037058
140000,train/policy_loss_mean,-0.8532323606014252
140000,train/policy_loss_std,0.01683712673332308
140000,train/reward_loss_mean,0.27369065222740174
140000,train/reward_loss_std,0.012729080836191772
140000,train/total_loss_mean,0.1459980995774269
140000,train/total_loss_std,0.004671825765952092
140000,train/value_loss_mean,0.3335063243150711
140000,train/value_loss_std,0.005020809608460546
140000,train/value_scale_mean,93.03783667602539
140000,train/value_scale_std,1.2999996111435792
140000,timing/collect_chunk_s,129.331416498404
140000,timing/train_chunk_s,20.523978411220014
140000,dense_rhs/training_bucket_horizon,3.0
140000,system/heartbeat,1.0
143992,episode/return,650.0
143992,episode/length,500.0
143993,episode/return,837.0
143993,episode/length,500.0
143994,episode/return,921.0
143994,episode/length,500.0
143995,episode/return,905.0
143995,episode/length,500.0
143996,episode/return,931.0
143996,episode/length,500.0
143997,episode/return,936.0
143997,episode/length,500.0
143998,episode/return,885.0
143998,episode/length,500.0
143999,episode/return,940.0
143999,episode/length,500.0
147992,episode/return,432.0
147992,episode/length,500.0
147993,episode/return,0.0
147993,episode/length,500.0
147994,episode/return,0.0
147994,episode/length,500.0
147995,episode/return,922.0
147995,episode/length,500.0
147996,episode/return,848.0
147996,episode/length,500.0
147997,episode/return,901.0
147997,episode/length,500.0
147998,episode/return,914.0
147998,episode/length,500.0
147999,episode/return,924.0
147999,episode/length,500.0
150000,train/consistency_loss_mean,0.004376355073601007
150000,train/consistency_loss_std,0.00022173566546080357
150000,train/continue_loss_mean,0.0
150000,train/continue_loss_std,0.0
150000,train/grad_norm_mean,0.7772716293334961
150000,train/grad_norm_std,0.08224188471501158
150000,train/policy_log_std_mean,-0.9810392936706543
150000,train/policy_log_std_std,0.4562687364009709
150000,train/policy_loss_mean,-0.8261341102600097
150000,train/policy_loss_std,0.015191866374083696
150000,train/reward_loss_mean,0.2750614876270294
150000,train/reward_loss_std,0.012846215500846858
150000,train/total_loss_mean,0.14855097745656967
150000,train/total_loss_std,0.004774115796326123
150000,train/value_loss_mean,0.3351772422552109
150000,train/value_loss_std,0.004878814127268585
150000,train/value_scale_mean,96.02198767700196
150000,train/value_scale_std,1.1292477701699322
150000,timing/collect_chunk_s,133.67521240422502
150000,timing/train_chunk_s,20.494196268729866
150000,dense_rhs/training_bucket_horizon,3.0
150000,system/heartbeat,1.0
150000,timing/checkpoint_blocking_s,0.38234489085152745
150000,eval/return_mean,675.7999877929688
150000,eval/return_std,357.3100280761719
150000,eval/return_max,972.0
150000,eval/return_min,0.0
150000,timing/eval_s,26.231227569282055
150000,eval/selected_horizon,3.0
150000,eval/training_bucket_horizon,3.0
150000,system/heartbeat,1.0
151992,episode/return,804.0
151992,episode/length,500.0
151993,episode/return,0.0
151993,episode/length,500.0
151994,episode/return,990.0
151994,episode/length,500.0
151995,episode/return,927.0
151995,episode/length,500.0
151996,episode/return,966.0
151996,episode/length,500.0
151997,episode/return,866.0
151997,episode/length,500.0
151998,episode/return,932.0
151998,episode/length,500.0
151999,episode/return,0.0
151999,episode/length,500.0
155992,episode/return,791.0
155992,episode/length,500.0
155993,episode/return,833.0
155993,episode/length,500.0
155994,episode/return,875.0
155994,episode/length,500.0
155995,episode/return,947.0
155995,episode/length,500.0
155996,episode/return,0.0
155996,episode/length,500.0
155997,episode/return,934.0
155997,episode/length,500.0
155998,episode/return,732.0
155998,episode/length,500.0
155999,episode/return,0.0
155999,episode/length,500.0
159992,episode/return,819.0
159992,episode/length,500.0
159993,episode/return,954.0
159993,episode/length,500.0
159994,episode/return,889.0
159994,episode/length,500.0
159995,episode/return,981.0
159995,episode/length,500.0
159996,episode/return,0.0
159996,episode/length,500.0
159997,episode/return,937.0
159997,episode/length,500.0
159998,episode/return,989.0
159998,episode/length,500.0
159999,episode/return,918.0
159999,episode/length,500.0
160000,train/consistency_loss_mean,0.004437324924767018
160000,train/consistency_loss_std,0.0002244013335455784
160000,train/continue_loss_mean,0.0
160000,train/continue_loss_std,0.0
160000,train/grad_norm_mean,0.7795855677127839
160000,train/grad_norm_std,0.08236989080275114
160000,train/policy_log_std_mean,-0.9643715413093567
160000,train/policy_log_std_std,0.47189908774336986
160000,train/policy_loss_mean,-0.8128396001815796
160000,train/policy_loss_std,0.011384107214938901
160000,train/reward_loss_mean,0.27545577845573427
160000,train/reward_loss_std,0.012658128532584753
160000,train/total_loss_mean,0.1499247634291649
160000,train/total_loss_std,0.004823107830869812
160000,train/value_loss_mean,0.33632687253952026
160000,train/value_loss_std,0.004885252472227356
160000,train/value_scale_mean,97.2892757019043
160000,train/value_scale_std,0.3372947877649411
160000,timing/collect_chunk_s,127.9243871094659
160000,timing/train_chunk_s,20.534286927431822
160000,dense_rhs/training_bucket_horizon,3.0
160000,system/heartbeat,1.0
163992,episode/return,884.0
163992,episode/length,500.0
163993,episode/return,868.0
163993,episode/length,500.0
163994,episode/return,788.0
163994,episode/length,500.0
163995,episode/return,932.0
163995,episode/length,500.0
163996,episode/return,935.0
163996,episode/length,500.0
163997,episode/return,968.0
163997,episode/length,500.0
163998,episode/return,975.0
163998,episode/length,500.0
163999,episode/return,759.0
163999,episode/length,500.0
167992,episode/return,990.0
167992,episode/length,500.0
167993,episode/return,961.0
167993,episode/length,500.0
167994,episode/return,769.0
167994,episode/length,500.0
167995,episode/return,906.0
167995,episode/length,500.0
167996,episode/return,960.0
167996,episode/length,500.0
167997,episode/return,939.0
167997,episode/length,500.0
167998,episode/return,748.0
167998,episode/length,500.0
167999,episode/return,918.0
167999,episode/length,500.0
170000,train/consistency_loss_mean,0.00454351956024766
170000,train/consistency_loss_std,0.00023303317202529142
170000,train/continue_loss_mean,0.0
170000,train/continue_loss_std,0.0
170000,train/grad_norm_mean,0.7847433083534241
170000,train/grad_norm_std,0.08513994649613847
170000,train/policy_log_std_mean,-0.9643573765277863
170000,train/policy_log_std_std,0.47492312452363805
170000,train/policy_loss_mean,-0.8390642859458923
170000,train/policy_loss_std,0.024517824850449833
170000,train/reward_loss_mean,0.2804176015853882
170000,train/reward_loss_std,0.01299793379923019
170000,train/total_loss_mean,0.15256461141109467
170000,train/total_loss_std,0.005048543354650501
170000,train/value_loss_mean,0.3365245898723602
170000,train/value_loss_std,0.004991317354748926
170000,train/value_scale_mean,94.7226940246582
170000,train/value_scale_std,2.1460270323277912
170000,timing/collect_chunk_s,132.81156130041927
170000,timing/train_chunk_s,20.535629901569337
170000,dense_rhs/training_bucket_horizon,3.0
170000,system/heartbeat,1.0
171992,episode/return,904.0
171992,episode/length,500.0
171993,episode/return,844.0
171993,episode/length,500.0
171994,episode/return,972.0
171994,episode/length,500.0
171995,episode/return,936.0
171995,episode/length,500.0
171996,episode/return,918.0
171996,episode/length,500.0
171997,episode/return,919.0
171997,episode/length,500.0
171998,episode/return,941.0
171998,episode/length,500.0
171999,episode/return,865.0
171999,episode/length,500.0
175992,episode/return,895.0
175992,episode/length,500.0
175993,episode/return,961.0
175993,episode/length,500.0
175994,episode/return,897.0
175994,episode/length,500.0
175995,episode/return,465.0
175995,episode/length,500.0
175996,episode/return,779.0
175996,episode/length,500.0
175997,episode/return,818.0
175997,episode/length,500.0
175998,episode/return,906.0
175998,episode/length,500.0
175999,episode/return,847.0
175999,episode/length,500.0
179992,episode/return,0.0
179992,episode/length,500.0
179993,episode/return,984.0
179993,episode/length,500.0
179994,episode/return,957.0
179994,episode/length,500.0
179995,episode/return,766.0
179995,episode/length,500.0
179996,episode/return,922.0
179996,episode/length,500.0
179997,episode/return,774.0
179997,episode/length,500.0
179998,episode/return,952.0
179998,episode/length,500.0
179999,episode/return,779.0
179999,episode/length,500.0
180000,train/consistency_loss_mean,0.004610569810867309
180000,train/consistency_loss_std,0.00023323637899099674
180000,train/continue_loss_mean,0.0
180000,train/continue_loss_std,0.0
180000,train/grad_norm_mean,0.7865774683475495
180000,train/grad_norm_std,0.08486833057005588
180000,train/policy_log_std_mean,-0.9539132365703583
180000,train/policy_log_std_std,0.4822201689296583
180000,train/policy_loss_mean,-0.8854432631492615
180000,train/policy_loss_std,0.0154519221613235
180000,train/reward_loss_mean,0.28496499366760253
180000,train/reward_loss_std,0.012547630297949607
180000,train/total_loss_mean,0.154296819293499
180000,train/total_loss_std,0.004988788382795598
180000,train/value_loss_mean,0.3358892385005951
180000,train/value_loss_std,0.005099785666033081
180000,train/value_scale_mean,90.35357435302734
180000,train/value_scale_std,1.0375128346003724
180000,timing/collect_chunk_s,132.588151270058
180000,timing/train_chunk_s,20.539098458364606
180000,dense_rhs/training_bucket_horizon,3.0
180000,system/heartbeat,1.0
183992,episode/return,962.0
183992,episode/length,500.0
183993,episode/return,0.0
183993,episode/length,500.0
183994,episode/return,874.0
183994,episode/length,500.0
183995,episode/return,985.0
183995,episode/length,500.0
183996,episode/return,744.0
183996,episode/length,500.0
183997,episode/return,878.0
183997,episode/length,500.0
183998,episode/return,929.0
183998,episode/length,500.0
183999,episode/return,870.0
183999,episode/length,500.0
187992,episode/return,915.0
187992,episode/length,500.0
187993,episode/return,756.0
187993,episode/length,500.0
187994,episode/return,632.0
187994,episode/length,500.0
187995,episode/return,844.0
187995,episode/length,500.0
187996,episode/return,929.0
187996,episode/length,500.0
187997,episode/return,946.0
187997,episode/length,500.0
187998,episode/return,960.0
187998,episode/length,500.0
187999,episode/return,972.0
187999,episode/length,500.0
190000,train/consistency_loss_mean,0.004693468713387847
190000,train/consistency_loss_std,0.00023956717382912234
190000,train/continue_loss_mean,0.0
190000,train/continue_loss_std,0.0
190000,train/grad_norm_mean,0.7929563118934632
190000,train/grad_norm_std,0.08816151916288646
190000,train/policy_log_std_mean,-0.9500791463375091
190000,train/policy_log_std_std,0.48901474441205767
190000,train/policy_loss_mean,-0.8759425991058349
190000,train/policy_loss_std,0.014570444959961137
190000,train/reward_loss_mean,0.28740327429771423
190000,train/reward_loss_std,0.012505209396825069
190000,train/total_loss_mean,0.15651185710430146
190000,train/total_loss_std,0.005135697967145665
190000,train/value_loss_mean,0.3390215538024902
190000,train/value_loss_std,0.005807607681061199
190000,train/value_scale_mean,91.65549548950196
190000,train/value_scale_std,0.9893047647902395
190000,timing/collect_chunk_s,130.38300960185006
190000,timing/train_chunk_s,20.486854260321707
190000,dense_rhs/training_bucket_horizon,3.0
190000,system/heartbeat,1.0
191992,episode/return,961.0
191992,episode/length,500.0
191993,episode/return,948.0
191993,episode/length,500.0
191994,episode/return,861.0
191994,episode/length,500.0
191995,episode/return,867.0
191995,episode/length,500.0
191996,episode/return,906.0
191996,episode/length,500.0
191997,episode/return,925.0
191997,episode/length,500.0
191998,episode/return,923.0
191998,episode/length,500.0
191999,episode/return,894.0
191999,episode/length,500.0
195992,episode/return,986.0
195992,episode/length,500.0
195993,episode/return,744.0
195993,episode/length,500.0
195994,episode/return,970.0
195994,episode/length,500.0
195995,episode/return,954.0
195995,episode/length,500.0
195996,episode/return,873.0
195996,episode/length,500.0
195997,episode/return,951.0
195997,episode/length,500.0
195998,episode/return,936.0
195998,episode/length,500.0
195999,episode/return,865.0
195999,episode/length,500.0
199992,episode/return,909.0
199992,episode/length,500.0
199993,episode/return,0.0
199993,episode/length,500.0
199994,episode/return,968.0
199994,episode/length,500.0
199995,episode/return,979.0
199995,episode/length,500.0
199996,episode/return,950.0
199996,episode/length,500.0
199997,episode/return,863.0
199997,episode/length,500.0
199998,episode/return,0.0
199998,episode/length,500.0
199999,episode/return,0.0
199999,episode/length,500.0
200000,train/consistency_loss_mean,0.004717916820198297
200000,train/consistency_loss_std,0.00024113539089081184
200000,train/continue_loss_mean,0.0
200000,train/continue_loss_std,0.0
200000,train/grad_norm_mean,0.790629801082611
200000,train/grad_norm_std,0.0860214214202267
200000,train/policy_log_std_mean,-0.941298320198059
200000,train/policy_log_std_std,0.48902976677523957
200000,train/policy_loss_mean,-0.8552385245800018
200000,train/policy_loss_std,0.014584135424352242
200000,train/reward_loss_mean,0.291138854932785
200000,train/reward_loss_std,0.012318901918026589
200000,train/total_loss_mean,0.1576466180562973
200000,train/total_loss_std,0.0051170256531137765
200000,train/value_loss_mean,0.341743940114975
200000,train/value_loss_std,0.005171795719975807
200000,train/value_scale_mean,94.1088997253418
200000,train/value_scale_std,0.9148707992448196
200000,timing/collect_chunk_s,128.60082853585482
200000,timing/train_chunk_s,20.485974955838174
200000,dense_rhs/training_bucket_horizon,3.0
200000,system/heartbeat,1.0
200000,timing/checkpoint_blocking_s,0.39602133305743337
200000,eval/return_mean,812.2000122070312
200000,eval/return_std,285.4229431152344
200000,eval/return_max,989.0
200000,eval/return_min,0.0
200000,timing/eval_s,26.114712501876056
200000,eval/selected_horizon,3.0
200000,eval/training_bucket_horizon,3.0
200000,system/heartbeat,1.0
203992,episode/return,930.0
203992,episode/length,500.0
203993,episode/return,923.0
203993,episode/length,500.0
203994,episode/return,944.0
203994,episode/length,500.0
203995,episode/return,0.0
203995,episode/length,500.0
203996,episode/return,0.0
203996,episode/length,500.0
203997,episode/return,908.0
203997,episode/length,500.0
203998,episode/return,828.0
203998,episode/length,500.0
203999,episode/return,949.0
203999,episode/length,500.0
207992,episode/return,604.0
207992,episode/length,500.0
207993,episode/return,926.0
207993,episode/length,500.0
207994,episode/return,968.0
207994,episode/length,500.0
207995,episode/return,0.0
207995,episode/length,500.0
207996,episode/return,702.0
207996,episode/length,500.0
207997,episode/return,923.0
207997,episode/length,500.0
207998,episode/return,923.0
207998,episode/length,500.0
207999,episode/return,0.0
207999,episode/length,500.0
210000,train/consistency_loss_mean,0.004771576049923897
210000,train/consistency_loss_std,0.00025341651721946557
210000,train/continue_loss_mean,0.0
210000,train/continue_loss_std,0.0
210000,train/grad_norm_mean,0.7938014963626862
210000,train/grad_norm_std,0.08803389626017435
210000,train/policy_log_std_mean,-0.9159059311866761
210000,train/policy_log_std_std,0.4874385854533749
210000,train/policy_loss_mean,-0.8121065601825714
210000,train/policy_loss_std,0.01590480081498518
210000,train/reward_loss_mean,0.2908402071714401
210000,train/reward_loss_std,0.012387111123218551
210000,train/total_loss_mean,0.15875864785909652
210000,train/total_loss_std,0.005352233498312362
210000,train/value_loss_mean,0.3424310488939285
210000,train/value_loss_std,0.005164632877336769
210000,train/value_scale_mean,98.56475993041992
210000,train/value_scale_std,1.2345443931616618
210000,timing/collect_chunk_s,135.1665336927399
210000,timing/train_chunk_s,20.53384803282097
210000,dense_rhs/training_bucket_horizon,3.0
210000,system/heartbeat,1.0
211992,episode/return,968.0
211992,episode/length,500.0
211993,episode/return,931.0
211993,episode/length,500.0
211994,episode/return,865.0
211994,episode/length,500.0
211995,episode/return,971.0
211995,episode/length,500.0
211996,episode/return,893.0
211996,episode/length,500.0
211997,episode/return,934.0
211997,episode/length,500.0
211998,episode/return,904.0
211998,episode/length,500.0
211999,episode/return,964.0
211999,episode/length,500.0
215992,episode/return,490.0
215992,episode/length,500.0
215993,episode/return,814.0
215993,episode/length,500.0
215994,episode/return,0.0
215994,episode/length,500.0
215995,episode/return,888.0
215995,episode/length,500.0
215996,episode/return,965.0
215996,episode/length,500.0
215997,episode/return,907.0
215997,episode/length,500.0
215998,episode/return,0.0
215998,episode/length,500.0
215999,episode/return,890.0
215999,episode/length,500.0
219992,episode/return,218.0
219992,episode/length,500.0
219993,episode/return,961.0
219993,episode/length,500.0
219994,episode/return,797.0
219994,episode/length,500.0
219995,episode/return,843.0
219995,episode/length,500.0
219996,episode/return,901.0
219996,episode/length,500.0
219997,episode/return,884.0
219997,episode/length,500.0
219998,episode/return,785.0
219998,episode/length,500.0
219999,episode/return,982.0
219999,episode/length,500.0
220000,train/consistency_loss_mean,0.004885239915549755
220000,train/consistency_loss_std,0.0002601967249409903
220000,train/continue_loss_mean,0.0
220000,train/continue_loss_std,0.0
220000,train/grad_norm_mean,0.7996194905757904
220000,train/grad_norm_std,0.08832217031062752
220000,train/policy_log_std_mean,-0.896529628944397
220000,train/policy_log_std_std,0.4950057750334988
220000,train/policy_loss_mean,-0.7683293395519256
220000,train/policy_loss_std,0.01313162739454881
220000,train/reward_loss_mean,0.2921015465259552
220000,train/reward_loss_std,0.012297404146825603
220000,train/total_loss_mean,0.161231798183918
220000,train/total_loss_std,0.005452439164510464
220000,train/value_loss_mean,0.34316842596530917
220000,train/value_loss_std,0.00543245585163855
220000,train/value_scale_mean,103.68600430908204
220000,train/value_scale_std,0.8361665381497809
220000,timing/collect_chunk_s,130.69455475872383
220000,timing/train_chunk_s,20.539272733964026
220000,dense_rhs/training_bucket_horizon,3.0
220000,system/heartbeat,1.0
223992,episode/return,894.0
223992,episode/length,500.0
223993,episode/return,569.0
223993,episode/length,500.0
223994,episode/return,946.0
223994,episode/length,500.0
223995,episode/return,900.0
223995,episode/length,500.0
223996,episode/return,871.0
223996,episode/length,500.0
223997,episode/return,900.0
223997,episode/length,500.0
223998,episode/return,900.0
223998,episode/length,500.0
223999,episode/return,952.0
223999,episode/length,500.0
227992,episode/return,901.0
227992,episode/length,500.0
227993,episode/return,879.0
227993,episode/length,500.0
227994,episode/return,668.0
227994,episode/length,500.0
227995,episode/return,946.0
227995,episode/length,500.0
227996,episode/return,939.0
227996,episode/length,500.0
227997,episode/return,869.0
227997,episode/length,500.0
227998,episode/return,815.0
227998,episode/length,500.0
227999,episode/return,987.0
227999,episode/length,500.0
230000,train/consistency_loss_mean,0.004948316188156604
230000,train/consistency_loss_std,0.00025954389369656705
230000,train/continue_loss_mean,0.0
230000,train/continue_loss_std,0.0
230000,train/grad_norm_mean,0.8003406101703644
230000,train/grad_norm_std,0.09031736768205322
230000,train/policy_log_std_mean,-0.89269248752594
230000,train/policy_log_std_std,0.5002777914134555
230000,train/policy_loss_mean,-0.7469706753253936
230000,train/policy_loss_std,0.013830869392136996
230000,train/reward_loss_mean,0.2942221424818039
230000,train/reward_loss_std,0.012355875175097319
230000,train/total_loss_mean,0.16241614215373992
230000,train/total_loss_std,0.005411452735295551
230000,train/value_loss_mean,0.34027600698471067
230000,train/value_loss_std,0.005561451256437855
230000,train/value_scale_mean,106.36727612304688
230000,train/value_scale_std,1.0328815915933365
230000,timing/collect_chunk_s,134.1359430961311
230000,timing/train_chunk_s,20.554138612467796
230000,dense_rhs/training_bucket_horizon,3.0
230000,system/heartbeat,1.0
231992,episode/return,827.0
231992,episode/length,500.0
231993,episode/return,0.0
231993,episode/length,500.0
231994,episode/return,880.0
231994,episode/length,500.0
231995,episode/return,988.0
231995,episode/length,500.0
231996,episode/return,831.0
231996,episode/length,500.0
231997,episode/return,818.0
231997,episode/length,500.0
231998,episode/return,828.0
231998,episode/length,500.0
231999,episode/return,842.0
231999,episode/length,500.0
235992,episode/return,969.0
235992,episode/length,500.0
235993,episode/return,914.0
235993,episode/length,500.0
235994,episode/return,0.0
235994,episode/length,500.0
235995,episode/return,887.0
235995,episode/length,500.0
235996,episode/return,959.0
235996,episode/length,500.0
235997,episode/return,0.0
235997,episode/length,500.0
235998,episode/return,903.0
235998,episode/length,500.0
235999,episode/return,927.0
235999,episode/length,500.0
239992,episode/return,968.0
239992,episode/length,500.0
239993,episode/return,907.0
239993,episode/length,500.0
239994,episode/return,715.0
239994,episode/length,500.0
239995,episode/return,927.0
239995,episode/length,500.0
239996,episode/return,0.0
239996,episode/length,500.0
239997,episode/return,732.0
239997,episode/length,500.0
239998,episode/return,946.0
239998,episode/length,500.0
239999,episode/return,800.0
239999,episode/length,500.0
240000,train/consistency_loss_mean,0.004964354141429067
240000,train/consistency_loss_std,0.00025884895962536355
240000,train/continue_loss_mean,0.0
240000,train/continue_loss_std,0.0
240000,train/grad_norm_mean,0.7981970367908477
240000,train/grad_norm_std,0.08851817647416725
240000,train/policy_log_std_mean,-0.8874908172607422
240000,train/policy_log_std_std,0.4974583545886032
240000,train/policy_loss_mean,-0.7912159016609192
240000,train/policy_loss_std,0.013964466217247177
240000,train/reward_loss_mean,0.2952786746263504
240000,train/reward_loss_std,0.012173120606313665
240000,train/total_loss_mean,0.16294598672389984
240000,train/total_loss_std,0.005381949240525336
240000,train/value_loss_mean,0.34131032626628877
240000,train/value_loss_std,0.0055648408120752965
240000,train/value_scale_mean,100.99506528930664
240000,train/value_scale_std,1.0165434797332367
240000,timing/collect_chunk_s,129.53829122753814
240000,timing/train_chunk_s,20.5349886380136
240000,dense_rhs/training_bucket_horizon,3.0
240000,system/heartbeat,1.0
243992,episode/return,925.0
243992,episode/length,500.0
243993,episode/return,920.0
243993,episode/length,500.0
243994,episode/return,972.0
243994,episode/length,500.0
243995,episode/return,978.0
243995,episode/length,500.0
243996,episode/return,871.0
243996,episode/length,500.0
243997,episode/return,917.0
243997,episode/length,500.0
243998,episode/return,887.0
243998,episode/length,500.0
243999,episode/return,990.0
243999,episode/length,500.0
247992,episode/return,0.0
247992,episode/length,500.0
247993,episode/return,966.0
247993,episode/length,500.0
247994,episode/return,940.0
247994,episode/length,500.0
247995,episode/return,920.0
247995,episode/length,500.0
247996,episode/return,955.0
247996,episode/length,500.0
247997,episode/return,881.0
247997,episode/length,500.0
247998,episode/return,862.0
247998,episode/length,500.0
247999,episode/return,887.0
247999,episode/length,500.0
250000,train/consistency_loss_mean,0.004947391732037067
250000,train/consistency_loss_std,0.00026277608742913744
250000,train/continue_loss_mean,0.0
250000,train/continue_loss_std,0.0
250000,train/grad_norm_mean,0.7978893730640412
250000,train/grad_norm_std,0.09040899281772494
250000,train/policy_log_std_mean,-0.898440572309494
250000,train/policy_log_std_std,0.4909932393654007
250000,train/policy_loss_mean,-0.8078294621944427
250000,train/policy_loss_std,0.015996640738288534
250000,train/reward_loss_mean,0.29715520346164703
250000,train/reward_loss_std,0.012369344508738087
250000,train/total_loss_mean,0.1627411979198456
250000,train/total_loss_std,0.005463735823199561
250000,train/value_loss_mean,0.34077842338085174
250000,train/value_loss_std,0.0055234881757761705
250000,train/value_scale_mean,99.30731481933594
250000,train/value_scale_std,1.180573522509505
250000,timing/collect_chunk_s,132.96068585757166
250000,timing/train_chunk_s,20.513290266040713
250000,dense_rhs/training_bucket_horizon,3.0
250000,system/heartbeat,1.0
250000,timing/checkpoint_blocking_s,0.40907746786251664
250000,eval/return_mean,796.1500244140625
250000,eval/return_std,336.2411804199219
250000,eval/return_max,989.0
250000,eval/return_min,0.0
250000,timing/eval_s,25.612278915010393
250000,eval/selected_horizon,3.0
250000,eval/training_bucket_horizon,3.0
250000,system/heartbeat,1.0
251992,episode/return,941.0
251992,episode/length,500.0
251993,episode/return,789.0
251993,episode/length,500.0
251994,episode/return,939.0
251994,episode/length,500.0
251995,episode/return,971.0
251995,episode/length,500.0
251996,episode/return,988.0
251996,episode/length,500.0
251997,episode/return,955.0
251997,episode/length,500.0
251998,episode/return,912.0
251998,episode/length,500.0
251999,episode/return,903.0
251999,episode/length,500.0
255992,episode/return,982.0
255992,episode/length,500.0
255993,episode/return,991.0
255993,episode/length,500.0
255994,episode/return,968.0
255994,episode/length,500.0
255995,episode/return,569.0
255995,episode/length,500.0
255996,episode/return,940.0
255996,episode/length,500.0
255997,episode/return,880.0
255997,episode/length,500.0
255998,episode/return,867.0
255998,episode/length,500.0
255999,episode/return,994.0
255999,episode/length,500.0
259992,episode/return,826.0
259992,episode/length,500.0
259993,episode/return,939.0
259993,episode/length,500.0
259994,episode/return,864.0
259994,episode/length,500.0
259995,episode/return,711.0
259995,episode/length,500.0
259996,episode/return,919.0
259996,episode/length,500.0
259997,episode/return,0.0
259997,episode/length,500.0
259998,episode/return,895.0
259998,episode/length,500.0
259999,episode/return,888.0
259999,episode/length,500.0
260000,train/consistency_loss_mean,0.004972038398683071
260000,train/consistency_loss_std,0.0002659854508127375
260000,train/continue_loss_mean,0.0
260000,train/continue_loss_std,0.0
260000,train/grad_norm_mean,0.7937819268703461
260000,train/grad_norm_std,0.08799291954510416
260000,train/policy_log_std_mean,-0.9033956931591034
260000,train/policy_log_std_std,0.48636885195260837
260000,train/policy_loss_mean,-0.8095822368621827
260000,train/policy_loss_std,0.011305342889063513
260000,train/reward_loss_mean,0.299770330619812
260000,train/reward_loss_std,0.012175334862280302
260000,train/total_loss_mean,0.16393108505010606
260000,train/total_loss_std,0.005534690516797379
260000,train/value_loss_mean,0.3451328243255615
260000,train/value_loss_std,0.005458069072809401
260000,train/value_scale_mean,99.6235200012207
260000,train/value_scale_std,0.3659993649331416
260000,timing/collect_chunk_s,128.25915514444932
260000,timing/train_chunk_s,20.512593890540302
260000,dense_rhs/training_bucket_horizon,3.0
260000,system/heartbeat,1.0
263992,episode/return,911.0
263992,episode/length,500.0
263993,episode/return,948.0
263993,episode/length,500.0
263994,episode/return,944.0
263994,episode/length,500.0
263995,episode/return,331.0
263995,episode/length,500.0
263996,episode/return,964.0
263996,episode/length,500.0
263997,episode/return,933.0
263997,episode/length,500.0
263998,episode/return,881.0
263998,episode/length,500.0
263999,episode/return,944.0
263999,episode/length,500.0
267992,episode/return,933.0
267992,episode/length,500.0
267993,episode/return,992.0
267993,episode/length,500.0
267994,episode/return,744.0
267994,episode/length,500.0
267995,episode/return,938.0
267995,episode/length,500.0
267996,episode/return,795.0
267996,episode/length,500.0
267997,episode/return,895.0
267997,episode/length,500.0
267998,episode/return,979.0
267998,episode/length,500.0
267999,episode/return,952.0
267999,episode/length,500.0
270000,train/consistency_loss_mean,0.005031476309522986
270000,train/consistency_loss_std,0.00026996048786160417
270000,train/continue_loss_mean,0.0
270000,train/continue_loss_std,0.0
270000,train/grad_norm_mean,0.7936974485874176
270000,train/grad_norm_std,0.0887852131057996
270000,train/policy_log_std_mean,-0.8951603122711181
270000,train/policy_log_std_std,0.48492913408539573
270000,train/policy_loss_mean,-0.7971284613132477
270000,train/policy_loss_std,0.012105700550398798
270000,train/reward_loss_mean,0.30194307408332827
270000,train/reward_loss_std,0.011957388577547929
270000,train/total_loss_mean,0.16554031821489334
270000,train/total_loss_std,0.005561169027125232
270000,train/value_loss_mean,0.34716482813358307
270000,train/value_loss_std,0.0056850578311848175
270000,train/value_scale_mean,101.37641834106445
270000,train/value_scale_std,0.6084454782407054
270000,timing/collect_chunk_s,126.42783968662843
270000,timing/train_chunk_s,20.472879553213716
270000,dense_rhs/training_bucket_horizon,3.0
270000,system/heartbeat,1.0
271992,episode/return,984.0
271992,episode/length,500.0
271993,episode/return,937.0
271993,episode/length,500.0
271994,episode/return,965.0
271994,episode/length,500.0
271995,episode/return,0.0
271995,episode/length,500.0
271996,episode/return,0.0
271996,episode/length,500.0
271997,episode/return,845.0
271997,episode/length,500.0
271998,episode/return,933.0
271998,episode/length,500.0
271999,episode/return,938.0
271999,episode/length,500.0
275992,episode/return,936.0
275992,episode/length,500.0
275993,episode/return,869.0
275993,episode/length,500.0
275994,episode/return,0.0
275994,episode/length,500.0
275995,episode/return,917.0
275995,episode/length,500.0
275996,episode/return,802.0
275996,episode/length,500.0
275997,episode/return,0.0
275997,episode/length,500.0
275998,episode/return,0.0
275998,episode/length,500.0
275999,episode/return,983.0
275999,episode/length,500.0
279992,episode/return,888.0
279992,episode/length,500.0
279993,episode/return,871.0
279993,episode/length,500.0
279994,episode/return,964.0
279994,episode/length,500.0
279995,episode/return,937.0
279995,episode/length,500.0
279996,episode/return,889.0
279996,episode/length,500.0
279997,episode/return,708.0
279997,episode/length,500.0
279998,episode/return,939.0
279998,episode/length,500.0
279999,episode/return,908.0
279999,episode/length,500.0
280000,train/consistency_loss_mean,0.005109255363047123
280000,train/consistency_loss_std,0.0002797643623298136
280000,train/continue_loss_mean,0.0
280000,train/continue_loss_std,0.0
280000,train/grad_norm_mean,0.7939849388599396
280000,train/grad_norm_std,0.08910575679899216
280000,train/policy_log_std_mean,-0.8771290390491485
280000,train/policy_log_std_std,0.4864961940537913
280000,train/policy_loss_mean,-0.7802635529518127
280000,train/policy_loss_std,0.015734131152811658
280000,train/reward_loss_mean,0.3019455921173096
280000,train/reward_loss_std,0.011890798407023295
280000,train/total_loss_mean,0.16689750753641128
280000,train/total_loss_std,0.005768603954004164
280000,train/value_loss_mean,0.3451783849954605
280000,train/value_loss_std,0.0054833394387605455
280000,train/value_scale_mean,103.41394387817382
280000,train/value_scale_std,1.3971820969057405
280000,timing/collect_chunk_s,133.3318722373806
280000,timing/train_chunk_s,20.470303067937493
280000,dense_rhs/training_bucket_horizon,3.0
280000,system/heartbeat,1.0
283992,episode/return,924.0
283992,episode/length,500.0
283993,episode/return,785.0
283993,episode/length,500.0
283994,episode/return,982.0
283994,episode/length,500.0
283995,episode/return,876.0
283995,episode/length,500.0
283996,episode/return,978.0
283996,episode/length,500.0
283997,episode/return,907.0
283997,episode/length,500.0
283998,episode/return,846.0
283998,episode/length,500.0
283999,episode/return,947.0
283999,episode/length,500.0
287992,episode/return,843.0
287992,episode/length,500.0
287993,episode/return,891.0
287993,episode/length,500.0
287994,episode/return,892.0
287994,episode/length,500.0
287995,episode/return,875.0
287995,episode/length,500.0
287996,episode/return,869.0
287996,episode/length,500.0
287997,episode/return,936.0
287997,episode/length,500.0
287998,episode/return,807.0
287998,episode/length,500.0
287999,episode/return,0.0
287999,episode/length,500.0
290000,train/consistency_loss_mean,0.005201630344614386
290000,train/consistency_loss_std,0.00028343774528013507
290000,train/continue_loss_mean,0.0
290000,train/continue_loss_std,0.0
290000,train/grad_norm_mean,0.7963096612930298
290000,train/grad_norm_std,0.08975445377235883
290000,train/policy_log_std_mean,-0.8790676173686981
290000,train/policy_log_std_std,0.4899456507958929
290000,train/policy_loss_mean,-0.7942519158363343
290000,train/policy_loss_std,0.016447239546817434
290000,train/reward_loss_mean,0.3037605571269989
290000,train/reward_loss_std,0.011978258663863095
290000,train/total_loss_mean,0.16888011957406998
290000,train/total_loss_std,0.005837700240391426
290000,train/value_loss_mean,0.3447145547389984
290000,train/value_loss_std,0.0056555137643409924
290000,train/value_scale_mean,101.8829752380371
290000,train/value_scale_std,1.5206786895225262
290000,timing/collect_chunk_s,127.87066893372685
290000,timing/train_chunk_s,20.45893653621897
290000,dense_rhs/training_bucket_horizon,3.0
290000,system/heartbeat,1.0
291992,episode/return,975.0
291992,episode/length,500.0
291993,episode/return,0.0
291993,episode/length,500.0
291994,episode/return,946.0
291994,episode/length,500.0
291995,episode/return,870.0
291995,episode/length,500.0
291996,episode/return,874.0
291996,episode/length,500.0
291997,episode/return,0.0
291997,episode/length,500.0
291998,episode/return,903.0
291998,episode/length,500.0
291999,episode/return,0.0
291999,episode/length,500.0
295992,episode/return,940.0
295992,episode/length,500.0
295993,episode/return,925.0
295993,episode/length,500.0
295994,episode/return,959.0
295994,episode/length,500.0
295995,episode/return,769.0
295995,episode/length,500.0
295996,episode/return,962.0
295996,episode/length,500.0
295997,episode/return,0.0
295997,episode/length,500.0
295998,episode/return,848.0
295998,episode/length,500.0
295999,episode/return,936.0
295999,episode/length,500.0
299992,episode/return,950.0
299992,episode/length,500.0
299993,episode/return,941.0
299993,episode/length,500.0
299994,episode/return,924.0
299994,episode/length,500.0
299995,episode/return,914.0
299995,episode/length,500.0
299996,episode/return,844.0
299996,episode/length,500.0
299997,episode/return,950.0
299997,episode/length,500.0
299998,episode/return,916.0
299998,episode/length,500.0
299999,episode/return,932.0
299999,episode/length,500.0
300000,train/consistency_loss_mean,0.00525582036934793
300000,train/consistency_loss_std,0.00028764506239718546
300000,train/continue_loss_mean,0.0
300000,train/continue_loss_std,0.0
300000,train/grad_norm_mean,0.7942467627048493
300000,train/grad_norm_std,0.08897952976816478
300000,train/policy_log_std_mean,-0.8740656979084015
300000,train/policy_log_std_std,0.4915787376240379
300000,train/policy_loss_mean,-0.7654420253753662
300000,train/policy_loss_std,0.02174005589073832
300000,train/reward_loss_mean,0.30338676896095274
300000,train/reward_loss_std,0.012068647177208085
300000,train/total_loss_mean,0.1698578494310379
300000,train/total_loss_std,0.005946787464060104
300000,train/value_loss_mean,0.3440276250839233
300000,train/value_loss_std,0.005876567715348119
300000,train/value_scale_mean,105.34351854248047
300000,train/value_scale_std,2.4240116212746052
300000,timing/collect_chunk_s,127.10569779807702
300000,timing/train_chunk_s,20.469073463696986
300000,dense_rhs/training_bucket_horizon,3.0
300000,system/heartbeat,1.0
300000,timing/checkpoint_blocking_s,0.4067576788365841
300000,eval/return_mean,795.5499877929688
300000,eval/return_std,277.5985412597656
300000,eval/return_max,995.0
300000,eval/return_min,0.0
300000,timing/eval_s,26.179313484113663
300000,eval/selected_horizon,3.0
300000,eval/training_bucket_horizon,3.0
300000,system/heartbeat,1.0
303992,episode/return,819.0
303992,episode/length,500.0
303993,episode/return,849.0
303993,episode/length,500.0
303994,episode/return,875.0
303994,episode/length,500.0
303995,episode/return,0.0
303995,episode/length,500.0
303996,episode/return,788.0
303996,episode/length,500.0
303997,episode/return,0.0
303997,episode/length,500.0
303998,episode/return,898.0
303998,episode/length,500.0
303999,episode/return,916.0
303999,episode/length,500.0
307992,episode/return,733.0
307992,episode/length,500.0
307993,episode/return,885.0
307993,episode/length,500.0
307994,episode/return,932.0
307994,episode/length,500.0
307995,episode/return,932.0
307995,episode/length,500.0
307996,episode/return,802.0
307996,episode/length,500.0
307997,episode/return,856.0
307997,episode/length,500.0
307998,episode/return,923.0
307998,episode/length,500.0
307999,episode/return,931.0
307999,episode/length,500.0
310000,train/consistency_loss_mean,0.005280149363353848
310000,train/consistency_loss_std,0.0002826868192927512
310000,train/continue_loss_mean,0.0
310000,train/continue_loss_std,0.0
310000,train/grad_norm_mean,0.7938074966430664
310000,train/grad_norm_std,0.08924562703994775
310000,train/policy_log_std_mean,-0.8755384823799134
310000,train/policy_log_std_std,0.47877957501852186
310000,train/policy_loss_mean,-0.7383787741184235
310000,train/policy_loss_std,0.011256421895875425
310000,train/reward_loss_mean,0.3038272337913513
310000,train/reward_loss_std,0.01195268309262487
310000,train/total_loss_mean,0.17041003267765045
310000,train/total_loss_std,0.0058165651504182205
310000,train/value_loss_mean,0.34424320282936094
310000,train/value_loss_std,0.005679368528133937
310000,train/value_scale_mean,108.76976116333007
310000,train/value_scale_std,0.49526767094443735
310000,timing/collect_chunk_s,132.15224148891866
310000,timing/train_chunk_s,20.52244190359488
310000,dense_rhs/training_bucket_horizon,3.0
310000,system/heartbeat,1.0
311992,episode/return,833.0
311992,episode/length,500.0
311993,episode/return,918.0
311993,episode/length,500.0
311994,episode/return,293.0
311994,episode/length,500.0
311995,episode/return,899.0
311995,episode/length,500.0
311996,episode/return,456.0
311996,episode/length,500.0
311997,episode/return,918.0
311997,episode/length,500.0
311998,episode/return,0.0
311998,episode/length,500.0
311999,episode/return,896.0
311999,episode/length,500.0
315992,episode/return,994.0
315992,episode/length,500.0
315993,episode/return,944.0
315993,episode/length,500.0
315994,episode/return,892.0
315994,episode/length,500.0
315995,episode/return,964.0
315995,episode/length,500.0
315996,episode/return,0.0
315996,episode/length,500.0
315997,episode/return,853.0
315997,episode/length,500.0
315998,episode/return,960.0
315998,episode/length,500.0
315999,episode/return,848.0
315999,episode/length,500.0
319992,episode/return,896.0
319992,episode/length,500.0
319993,episode/return,676.0
319993,episode/length,500.0
319994,episode/return,880.0
319994,episode/length,500.0
319995,episode/return,945.0
319995,episode/length,500.0
319996,episode/return,698.0
319996,episode/length,500.0
319997,episode/return,989.0
319997,episode/length,500.0
319998,episode/return,0.0
319998,episode/length,500.0
319999,episode/return,864.0
319999,episode/length,500.0
320000,train/consistency_loss_mean,0.005322099263593554
320000,train/consistency_loss_std,0.000288165070502643
320000,train/continue_loss_mean,0.0
320000,train/continue_loss_std,0.0
320000,train/grad_norm_mean,0.7927166601657868
320000,train/grad_norm_std,0.09134706433827723
320000,train/policy_log_std_mean,-0.8507652945518493
320000,train/policy_log_std_std,0.48913948484173764
320000,train/policy_loss_mean,-0.7315474002361297
320000,train/policy_loss_std,0.013720580961280416
320000,train/reward_loss_mean,0.3039788037776947
320000,train/reward_loss_std,0.011842063288333492
320000,train/total_loss_mean,0.1710466650724411
320000,train/total_loss_std,0.005903562072640942
320000,train/value_loss_mean,0.3420679656028748
320000,train/value_loss_std,0.0060290799670267405
320000,train/value_scale_mean,109.71521380004883
320000,train/value_scale_std,1.2256353060051532
320000,timing/collect_chunk_s,126.27309177489951
320000,timing/train_chunk_s,20.432882114779204
320000,dense_rhs/training_bucket_horizon,3.0
320000,system/heartbeat,1.0
323992,episode/return,913.0
323992,episode/length,500.0
323993,episode/return,987.0
323993,episode/length,500.0
323994,episode/return,919.0
323994,episode/length,500.0
323995,episode/return,746.0
323995,episode/length,500.0
323996,episode/return,900.0
323996,episode/length,500.0
323997,episode/return,931.0
323997,episode/length,500.0
323998,episode/return,926.0
323998,episode/length,500.0
323999,episode/return,945.0
323999,episode/length,500.0
327992,episode/return,467.0
327992,episode/length,500.0
327993,episode/return,950.0
327993,episode/length,500.0
327994,episode/return,872.0
327994,episode/length,500.0
327995,episode/return,923.0
327995,episode/length,500.0
327996,episode/return,961.0
327996,episode/length,500.0
327997,episode/return,942.0
327997,episode/length,500.0
327998,episode/return,550.0
327998,episode/length,500.0
327999,episode/return,894.0
327999,episode/length,500.0
330000,train/consistency_loss_mean,0.005357215619832277
330000,train/consistency_loss_std,0.0002934209965717291
330000,train/continue_loss_mean,0.0
330000,train/continue_loss_std,0.0
330000,train/grad_norm_mean,0.7905392141342164
330000,train/grad_norm_std,0.08898013627566552
330000,train/policy_log_std_mean,-0.8540479292869568
330000,train/policy_log_std_std,0.4894478881411535
330000,train/policy_loss_mean,-0.7090787844181061
330000,train/policy_loss_std,0.0112083990179935
330000,train/reward_loss_mean,0.3055602883338928
330000,train/reward_loss_std,0.011980466356292581
330000,train/total_loss_mean,0.17204358794689179
330000,train/total_loss_std,0.006010794358272752
330000,train/value_loss_mean,0.34343244495391845
330000,train/value_loss_std,0.005999435166175077
330000,train/value_scale_mean,112.89453396606446
330000,train/value_scale_std,0.5716749984639802
330000,timing/collect_chunk_s,129.6989608607255
330000,timing/train_chunk_s,20.46591983968392
330000,dense_rhs/training_bucket_horizon,3.0
330000,system/heartbeat,1.0
331992,episode/return,970.0
331992,episode/length,500.0
331993,episode/return,988.0
331993,episode/length,500.0
331994,episode/return,0.0
331994,episode/length,500.0
331995,episode/return,845.0
331995,episode/length,500.0
331996,episode/return,824.0
331996,episode/length,500.0
331997,episode/return,989.0
331997,episode/length,500.0
331998,episode/return,920.0
331998,episode/length,500.0
331999,episode/return,763.0
331999,episode/length,500.0
335992,episode/return,0.0
335992,episode/length,500.0
335993,episode/return,880.0
335993,episode/length,500.0
335994,episode/return,0.0
335994,episode/length,500.0
335995,episode/return,0.0
335995,episode/length,500.0
335996,episode/return,893.0
335996,episode/length,500.0
335997,episode/return,851.0
335997,episode/length,500.0
335998,episode/return,943.0
335998,episode/length,500.0
335999,episode/return,912.0
335999,episode/length,500.0
339992,episode/return,0.0
339992,episode/length,500.0
339993,episode/return,955.0
339993,episode/length,500.0
339994,episode/return,782.0
339994,episode/length,500.0
339995,episode/return,819.0
339995,episode/length,500.0
339996,episode/return,0.0
339996,episode/length,500.0
339997,episode/return,955.0
339997,episode/length,500.0
339998,episode/return,889.0
339998,episode/length,500.0
339999,episode/return,878.0
339999,episode/length,500.0
340000,train/consistency_loss_mean,0.005414346987009049
340000,train/consistency_loss_std,0.00029659404157079933
340000,train/continue_loss_mean,0.0
340000,train/continue_loss_std,0.0
340000,train/grad_norm_mean,0.7879312467098236
340000,train/grad_norm_std,0.08906937660929792
340000,train/policy_log_std_mean,-0.8582168025016784
340000,train/policy_log_std_std,0.47980286049365994
340000,train/policy_loss_mean,-0.7154205114841461
340000,train/policy_loss_std,0.01217745471241012
340000,train/reward_loss_mean,0.30560795142650604
340000,train/reward_loss_std,0.011638179737632143
340000,train/total_loss_mean,0.17299759994745253
340000,train/total_loss_std,0.006047395040929836
340000,train/value_loss_mean,0.3414986192941666
340000,train/value_loss_std,0.005712907303832227
340000,train/value_scale_mean,111.85092006225585
340000,train/value_scale_std,0.878914889566978
340000,timing/collect_chunk_s,134.72928528347984
340000,timing/train_chunk_s,20.479474139399827
340000,dense_rhs/training_bucket_horizon,3.0
340000,system/heartbeat,1.0
343992,episode/return,941.0
343992,episode/length,500.0
343993,episode/return,939.0
343993,episode/length,500.0
343994,episode/return,875.0
343994,episode/length,500.0
343995,episode/return,814.0
343995,episode/length,500.0
343996,episode/return,874.0
343996,episode/length,500.0
343997,episode/return,0.0
343997,episode/length,500.0
343998,episode/return,992.0
343998,episode/length,500.0
343999,episode/return,969.0
343999,episode/length,500.0
347992,episode/return,0.0
347992,episode/length,500.0
347993,episode/return,874.0
347993,episode/length,500.0
347994,episode/return,899.0
347994,episode/length,500.0
347995,episode/return,951.0
347995,episode/length,500.0
347996,episode/return,928.0
347996,episode/length,500.0
347997,episode/return,896.0
347997,episode/length,500.0
347998,episode/return,986.0
347998,episode/length,500.0
347999,episode/return,935.0
347999,episode/length,500.0
350000,train/consistency_loss_mean,0.0054306986924260855
350000,train/consistency_loss_std,0.0002938407302106554
350000,train/continue_loss_mean,0.0
350000,train/continue_loss_std,0.0
350000,train/grad_norm_mean,0.788287714290619
350000,train/grad_norm_std,0.08804279628720621
350000,train/policy_log_std_mean,-0.8389069073677063
350000,train/policy_log_std_std,0.48575497475734536
350000,train/policy_loss_mean,-0.689905380153656
350000,train/policy_loss_std,0.013338068167854338
350000,train/reward_loss_mean,0.3050717064380646
350000,train/reward_loss_std,0.011767725142041533
350000,train/total_loss_mean,0.17352986719608307
350000,train/total_loss_std,0.005991965363596262
350000,train/value_loss_mean,0.3440872052192688
350000,train/value_loss_std,0.006202152238680521
350000,train/value_scale_mean,115.55622270507813
350000,train/value_scale_std,1.229164633760044
350000,timing/collect_chunk_s,130.55723061738536
350000,timing/train_chunk_s,20.478116204030812
350000,dense_rhs/training_bucket_horizon,3.0
350000,system/heartbeat,1.0
350000,timing/checkpoint_blocking_s,0.4031153158284724
350000,eval/return_mean,824.25
350000,eval/return_std,283.95452880859375
350000,eval/return_max,990.0
350000,eval/return_min,0.0
350000,timing/eval_s,24.40340920491144
350000,eval/selected_horizon,3.0
350000,eval/training_bucket_horizon,3.0
350000,system/heartbeat,1.0
351992,episode/return,0.0
351992,episode/length,500.0
351993,episode/return,976.0
351993,episode/length,500.0
351994,episode/return,961.0
351994,episode/length,500.0
351995,episode/return,0.0
351995,episode/length,500.0
351996,episode/return,874.0
351996,episode/length,500.0
351997,episode/return,890.0
351997,episode/length,500.0
351998,episode/return,827.0
351998,episode/length,500.0
351999,episode/return,751.0
351999,episode/length,500.0
355992,episode/return,0.0
355992,episode/length,500.0
355993,episode/return,897.0
355993,episode/length,500.0
355994,episode/return,826.0
355994,episode/length,500.0
355995,episode/return,910.0
355995,episode/length,500.0
355996,episode/return,940.0
355996,episode/length,500.0
355997,episode/return,888.0
355997,episode/length,500.0
355998,episode/return,494.0
355998,episode/length,500.0
355999,episode/return,985.0
355999,episode/length,500.0
359992,episode/return,853.0
359992,episode/length,500.0
359993,episode/return,895.0
359993,episode/length,500.0
359994,episode/return,927.0
359994,episode/length,500.0
359995,episode/return,918.0
359995,episode/length,500.0
359996,episode/return,885.0
359996,episode/length,500.0
359997,episode/return,536.0
359997,episode/length,500.0
359998,episode/return,589.0
359998,episode/length,500.0
359999,episode/return,714.0
359999,episode/length,500.0
360000,train/consistency_loss_mean,0.005416330173239112
360000,train/consistency_loss_std,0.00029284106080023405
360000,train/continue_loss_mean,0.0
360000,train/continue_loss_std,0.0
360000,train/grad_norm_mean,0.7863632842540741
360000,train/grad_norm_std,0.08953698104922803
360000,train/policy_log_std_mean,-0.8280684773445129
360000,train/policy_log_std_std,0.4837805910042517
360000,train/policy_loss_mean,-0.650745222234726
360000,train/policy_loss_std,0.014195748366928322
360000,train/reward_loss_mean,0.3055009001255035
360000,train/reward_loss_std,0.011919910246029569
360000,train/total_loss_mean,0.17340958385467528
360000,train/total_loss_std,0.005991740235310079
360000,train/value_loss_mean,0.3453288623809814
360000,train/value_loss_std,0.006723690205150103
360000,train/value_scale_mean,121.70044128417969
360000,train/value_scale_std,1.5647645544722968
360000,timing/collect_chunk_s,126.55692098522559
360000,timing/train_chunk_s,20.504752061329782
360000,dense_rhs/training_bucket_horizon,3.0
360000,system/heartbeat,1.0
363992,episode/return,966.0
363992,episode/length,500.0
363993,episode/return,901.0
363993,episode/length,500.0
363994,episode/return,946.0
363994,episode/length,500.0
363995,episode/return,944.0
363995,episode/length,500.0
363996,episode/return,964.0
363996,episode/length,500.0
363997,episode/return,900.0
363997,episode/length,500.0
363998,episode/return,924.0
363998,episode/length,500.0
363999,episode/return,939.0
363999,episode/length,500.0
367992,episode/return,912.0
367992,episode/length,500.0
367993,episode/return,951.0
367993,episode/length,500.0
367994,episode/return,922.0
367994,episode/length,500.0
367995,episode/return,909.0
367995,episode/length,500.0
367996,episode/return,939.0
367996,episode/length,500.0
367997,episode/return,932.0
367997,episode/length,500.0
367998,episode/return,876.0
367998,episode/length,500.0
367999,episode/return,0.0
367999,episode/length,500.0
370000,train/consistency_loss_mean,0.005407718101888895
370000,train/consistency_loss_std,0.00029685457084721557
370000,train/continue_loss_mean,0.0
370000,train/continue_loss_std,0.0
370000,train/grad_norm_mean,0.7813671598911286
370000,train/grad_norm_std,0.08985791244289976
370000,train/policy_log_std_mean,-0.8348404300689697
370000,train/policy_log_std_std,0.4847368807250084
370000,train/policy_loss_mean,-0.6632042594432831
370000,train/policy_loss_std,0.01654058041232833
370000,train/reward_loss_mean,0.3064343312263489
370000,train/reward_loss_std,0.01190555532370679
370000,train/total_loss_mean,0.1730029139995575
370000,train/total_loss_std,0.006056702401563102
370000,train/value_loss_mean,0.34205116260051727
370000,train/value_loss_std,0.0067991937464542
370000,train/value_scale_mean,119.7858980102539
370000,train/value_scale_std,2.0385109613515273
370000,timing/collect_chunk_s,134.6259398632683
370000,timing/train_chunk_s,20.487751938868314
370000,dense_rhs/training_bucket_horizon,3.0
370000,system/heartbeat,1.0
371992,episode/return,0.0
371992,episode/length,500.0
371993,episode/return,841.0
371993,episode/length,500.0
371994,episode/return,922.0
371994,episode/length,500.0
371995,episode/return,752.0
371995,episode/length,500.0
371996,episode/return,965.0
371996,episode/length,500.0
371997,episode/return,905.0
371997,episode/length,500.0
371998,episode/return,869.0
371998,episode/length,500.0
371999,episode/return,858.0
371999,episode/length,500.0
375992,episode/return,0.0
375992,episode/length,500.0
375993,episode/return,677.0
375993,episode/length,500.0
375994,episode/return,910.0
375994,episode/length,500.0
375995,episode/return,958.0
375995,episode/length,500.0
375996,episode/return,905.0
375996,episode/length,500.0
375997,episode/return,957.0
375997,episode/length,500.0
375998,episode/return,866.0
375998,episode/length,500.0
375999,episode/return,924.0
375999,episode/length,500.0
379992,episode/return,889.0
379992,episode/length,500.0
379993,episode/return,910.0
379993,episode/length,500.0
379994,episode/return,844.0
379994,episode/length,500.0
379995,episode/return,940.0
379995,episode/length,500.0
379996,episode/return,904.0
379996,episode/length,500.0
379997,episode/return,833.0
379997,episode/length,500.0
379998,episode/return,934.0
379998,episode/length,500.0
379999,episode/return,876.0
379999,episode/length,500.0
380000,train/consistency_loss_mean,0.005410913983732462
380000,train/consistency_loss_std,0.0002959005895050222
380000,train/continue_loss_mean,0.0
380000,train/continue_loss_std,0.0
380000,train/grad_norm_mean,0.7767685237884522
380000,train/grad_norm_std,0.0905285682036153
380000,train/policy_log_std_mean,-0.84706005859375
380000,train/policy_log_std_std,0.4830223840495968
380000,train/policy_loss_mean,-0.6922930693149567
380000,train/policy_loss_std,0.011536287294105945
380000,train/reward_loss_mean,0.3076184604406357
380000,train/reward_loss_std,0.01203600821943741
380000,train/total_loss_mean,0.1732162341594696
380000,train/total_loss_std,0.006009826535671888
380000,train/value_loss_mean,0.34236104974746706
380000,train/value_loss_std,0.006379085649878796
380000,train/value_scale_mean,115.38719102783203
380000,train/value_scale_std,0.582617869275369
380000,timing/collect_chunk_s,128.66791901597753
380000,timing/train_chunk_s,20.499379728455096
380000,dense_rhs/training_bucket_horizon,3.0
380000,system/heartbeat,1.0
383992,episode/return,970.0
383992,episode/length,500.0
383993,episode/return,934.0
383993,episode/length,500.0
383994,episode/return,970.0
383994,episode/length,500.0
383995,episode/return,751.0
383995,episode/length,500.0
383996,episode/return,948.0
383996,episode/length,500.0
383997,episode/return,0.0
383997,episode/length,500.0
383998,episode/return,935.0
383998,episode/length,500.0
383999,episode/return,798.0
383999,episode/length,500.0
387992,episode/return,943.0
387992,episode/length,500.0
387993,episode/return,949.0
387993,episode/length,500.0
387994,episode/return,828.0
387994,episode/length,500.0
387995,episode/return,959.0
387995,episode/length,500.0
387996,episode/return,957.0
387996,episode/length,500.0
387997,episode/return,975.0
387997,episode/length,500.0
387998,episode/return,909.0
387998,episode/length,500.0
387999,episode/return,772.0
387999,episode/length,500.0
390000,train/consistency_loss_mean,0.005461143016442656
390000,train/consistency_loss_std,0.0002992035384295792
390000,train/continue_loss_mean,0.0
390000,train/continue_loss_std,0.0
390000,train/grad_norm_mean,0.7769094635963439
390000,train/grad_norm_std,0.08953707133537636
390000,train/policy_log_std_mean,-0.8505849370002747
390000,train/policy_log_std_std,0.48978996061677016
390000,train/policy_loss_mean,-0.7100234774589539
390000,train/policy_loss_std,0.01759150434927695
390000,train/reward_loss_mean,0.30912834033966063
390000,train/reward_loss_std,0.012048246633620738
390000,train/total_loss_mean,0.17440070048570633
390000,train/total_loss_std,0.006103562678762797
390000,train/value_loss_mean,0.3426500388622284
390000,train/value_loss_std,0.006414680297940473
390000,train/value_scale_mean,112.90753286743164
390000,train/value_scale_std,2.08133218512651
390000,timing/collect_chunk_s,133.20361599931493
390000,timing/train_chunk_s,20.499868645332754
390000,dense_rhs/training_bucket_horizon,3.0
390000,system/heartbeat,1.0
391992,episode/return,892.0
391992,episode/length,500.0
391993,episode/return,904.0
391993,episode/length,500.0
391994,episode/return,911.0
391994,episode/length,500.0
391995,episode/return,867.0
391995,episode/length,500.0
391996,episode/return,906.0
391996,episode/length,500.0
391997,episode/return,952.0
391997,episode/length,500.0
391998,episode/return,807.0
391998,episode/length,500.0
391999,episode/return,889.0
391999,episode/length,500.0
395992,episode/return,955.0
395992,episode/length,500.0
395993,episode/return,907.0
395993,episode/length,500.0
395994,episode/return,965.0
395994,episode/length,500.0
395995,episode/return,816.0
395995,episode/length,500.0
395996,episode/return,958.0
395996,episode/length,500.0
395997,episode/return,896.0
395997,episode/length,500.0
395998,episode/return,853.0
395998,episode/length,500.0
395999,episode/return,918.0
395999,episode/length,500.0
399992,episode/return,856.0
399992,episode/length,500.0
399993,episode/return,938.0
399993,episode/length,500.0
399994,episode/return,958.0
399994,episode/length,500.0
399995,episode/return,913.0
399995,episode/length,500.0
399996,episode/return,772.0
399996,episode/length,500.0
399997,episode/return,953.0
399997,episode/length,500.0
399998,episode/return,798.0
399998,episode/length,500.0
399999,episode/return,939.0
399999,episode/length,500.0
400000,train/consistency_loss_mean,0.005450373558327556
400000,train/consistency_loss_std,0.0002983267667292673
400000,train/continue_loss_mean,0.0
400000,train/continue_loss_std,0.0
400000,train/grad_norm_mean,0.7705595786571503
400000,train/grad_norm_std,0.08883226332987261
400000,train/policy_log_std_mean,-0.8574698469638824
400000,train/policy_log_std_std,0.4962451263283338
400000,train/policy_loss_mean,-0.7296592690944672
400000,train/policy_loss_std,0.012292311402815222
400000,train/reward_loss_mean,0.310100478553772
400000,train/reward_loss_std,0.011705584366295234
400000,train/total_loss_mean,0.17420675295591354
400000,train/total_loss_std,0.00603831725047998
400000,train/value_loss_mean,0.34189229846000674
400000,train/value_loss_std,0.006176255782235396
400000,train/value_scale_mean,110.12988379516601
400000,train/value_scale_std,0.9057929610189831
400000,timing/collect_chunk_s,126.03225597506389
400000,timing/train_chunk_s,20.494374169036746
400000,dense_rhs/training_bucket_horizon,3.0
400000,system/heartbeat,1.0
400000,timing/checkpoint_blocking_s,0.40949283819645643
400000,eval/return_mean,899.5999755859375
400000,eval/return_std,92.15390014648438
400000,eval/return_max,974.0
400000,eval/return_min,533.0
400000,timing/eval_s,24.837343943770975
400000,eval/selected_horizon,3.0
400000,eval/training_bucket_horizon,3.0
400000,system/heartbeat,1.0
403992,episode/return,897.0
403992,episode/length,500.0
403993,episode/return,874.0
403993,episode/length,500.0
403994,episode/return,969.0
403994,episode/length,500.0
403995,episode/return,900.0
403995,episode/length,500.0
403996,episode/return,778.0
403996,episode/length,500.0
403997,episode/return,990.0
403997,episode/length,500.0
403998,episode/return,986.0
403998,episode/length,500.0
403999,episode/return,959.0
403999,episode/length,500.0
407992,episode/return,966.0
407992,episode/length,500.0
407993,episode/return,0.0
407993,episode/length,500.0
407994,episode/return,986.0
407994,episode/length,500.0
407995,episode/return,0.0
407995,episode/length,500.0
407996,episode/return,936.0
407996,episode/length,500.0
407997,episode/return,858.0
407997,episode/length,500.0
407998,episode/return,958.0
407998,episode/length,500.0
407999,episode/return,874.0
407999,episode/length,500.0
410000,train/consistency_loss_mean,0.005424647211283445
410000,train/consistency_loss_std,0.00030331761978159415
410000,train/continue_loss_mean,0.0
410000,train/continue_loss_std,0.0
410000,train/grad_norm_mean,0.7662198274612427
410000,train/grad_norm_std,0.09089445196063149
410000,train/policy_log_std_mean,-0.8647251182079315
410000,train/policy_log_std_std,0.48978950866315557
410000,train/policy_loss_mean,-0.7298869678497314
410000,train/policy_loss_std,0.013184852049077059
410000,train/reward_loss_mean,0.3110489725112915
410000,train/reward_loss_std,0.011568031262039874
410000,train/total_loss_mean,0.17393207601308822
410000,train/total_loss_std,0.006136978914587326
410000,train/value_loss_mean,0.3433423034906387
410000,train/value_loss_std,0.006331742634020114
410000,train/value_scale_mean,110.46730945434571
410000,train/value_scale_std,1.0858520757100936
410000,timing/collect_chunk_s,136.34269772004336
410000,timing/train_chunk_s,20.509400620125234
410000,dense_rhs/training_bucket_horizon,3.0
410000,system/heartbeat,1.0
411992,episode/return,918.0
411992,episode/length,500.0
411993,episode/return,865.0
411993,episode/length,500.0
411994,episode/return,940.0
411994,episode/length,500.0
411995,episode/return,955.0
411995,episode/length,500.0
411996,episode/return,0.0
411996,episode/length,500.0
411997,episode/return,812.0
411997,episode/length,500.0
411998,episode/return,929.0
411998,episode/length,500.0
411999,episode/return,886.0
411999,episode/length,500.0
415992,episode/return,908.0
415992,episode/length,500.0
415993,episode/return,931.0
415993,episode/length,500.0
415994,episode/return,877.0
415994,episode/length,500.0
415995,episode/return,938.0
415995,episode/length,500.0
415996,episode/return,986.0
415996,episode/length,500.0
415997,episode/return,962.0
415997,episode/length,500.0
415998,episode/return,928.0
415998,episode/length,500.0
415999,episode/return,0.0
415999,episode/length,500.0
419992,episode/return,992.0
419992,episode/length,500.0
419993,episode/return,944.0
419993,episode/length,500.0
419994,episode/return,902.0
419994,episode/length,500.0
419995,episode/return,922.0
419995,episode/length,500.0
419996,episode/return,854.0
419996,episode/length,500.0
419997,episode/return,0.0
419997,episode/length,500.0
419998,episode/return,826.0
419998,episode/length,500.0
419999,episode/return,927.0
419999,episode/length,500.0
420000,train/consistency_loss_mean,0.005430286778882146
420000,train/consistency_loss_std,0.00030300863196661777
420000,train/continue_loss_mean,0.0
420000,train/continue_loss_std,0.0
420000,train/grad_norm_mean,0.7629414152622223
420000,train/grad_norm_std,0.09005102301491147
420000,train/policy_log_std_mean,-0.8600913992881775
420000,train/policy_log_std_std,0.4879325774514849
420000,train/policy_loss_mean,-0.7293498558998108
420000,train/policy_loss_std,0.012101302287591745
420000,train/reward_loss_mean,0.3116531465768814
420000,train/reward_loss_std,0.011651096344208321
420000,train/total_loss_mean,0.17420111793279647
420000,train/total_loss_std,0.006134515489787248
420000,train/value_loss_mean,0.34430066320896147
420000,train/value_loss_std,0.006315545047803354
420000,train/value_scale_mean,110.57332785644532
420000,train/value_scale_std,0.8172254132456961
420000,timing/collect_chunk_s,128.68630856228992
420000,timing/train_chunk_s,20.507061444222927
420000,dense_rhs/training_bucket_horizon,3.0
420000,system/heartbeat,1.0
423992,episode/return,955.0
423992,episode/length,500.0
423993,episode/return,930.0
423993,episode/length,500.0
423994,episode/return,905.0
423994,episode/length,500.0
423995,episode/return,904.0
423995,episode/length,500.0
423996,episode/return,904.0
423996,episode/length,500.0
423997,episode/return,914.0
423997,episode/length,500.0
423998,episode/return,938.0
423998,episode/length,500.0
423999,episode/return,972.0
423999,episode/length,500.0
427992,episode/return,867.0
427992,episode/length,500.0
427993,episode/return,0.0
427993,episode/length,500.0
427994,episode/return,950.0
427994,episode/length,500.0
427995,episode/return,881.0
427995,episode/length,500.0
427996,episode/return,853.0
427996,episode/length,500.0
427997,episode/return,0.0
427997,episode/length,500.0
427998,episode/return,0.0
427998,episode/length,500.0
427999,episode/return,0.0
427999,episode/length,500.0
430000,train/consistency_loss_mean,0.0054330840673297645
430000,train/consistency_loss_std,0.0003053777934010734
430000,train/continue_loss_mean,0.0
430000,train/continue_loss_std,0.0
430000,train/grad_norm_mean,0.7605194818496704
430000,train/grad_norm_std,0.09162002269877009
430000,train/policy_log_std_mean,-0.8443957953929901
430000,train/policy_log_std_std,0.490804158124182
430000,train/policy_loss_mean,-0.7048775725841522
430000,train/policy_loss_std,0.01346049565021468
430000,train/reward_loss_mean,0.3115887856721878
430000,train/reward_loss_std,0.011535307983677485
430000,train/total_loss_mean,0.1744093273639679
430000,train/total_loss_std,0.006148998706352097
430000,train/value_loss_mean,0.34588765819072725
430000,train/value_loss_std,0.006415675610641154
430000,train/value_scale_mean,114.1889325744629
430000,train/value_scale_std,1.2227735526322767
430000,timing/collect_chunk_s,127.39948340971023
430000,timing/train_chunk_s,20.582872218918055
430000,dense_rhs/training_bucket_horizon,3.0
430000,system/heartbeat,1.0
431992,episode/return,777.0
431992,episode/length,500.0
431993,episode/return,993.0
431993,episode/length,500.0
431994,episode/return,933.0
431994,episode/length,500.0
431995,episode/return,931.0
431995,episode/length,500.0
431996,episode/return,0.0
431996,episode/length,500.0
431997,episode/return,923.0
431997,episode/length,500.0
431998,episode/return,840.0
431998,episode/length,500.0
431999,episode/return,933.0
431999,episode/length,500.0
435992,episode/return,924.0
435992,episode/length,500.0
435993,episode/return,911.0
435993,episode/length,500.0
435994,episode/return,975.0
435994,episode/length,500.0
435995,episode/return,0.0
435995,episode/length,500.0
435996,episode/return,0.0
435996,episode/length,500.0
435997,episode/return,950.0
435997,episode/length,500.0
435998,episode/return,921.0
435998,episode/length,500.0
435999,episode/return,827.0
435999,episode/length,500.0
439992,episode/return,990.0
439992,episode/length,500.0
439993,episode/return,896.0
439993,episode/length,500.0
439994,episode/return,961.0
439994,episode/length,500.0
439995,episode/return,938.0
439995,episode/length,500.0
439996,episode/return,989.0
439996,episode/length,500.0
439997,episode/return,951.0
439997,episode/length,500.0
439998,episode/return,932.0
439998,episode/length,500.0
439999,episode/return,958.0
439999,episode/length,500.0
440000,train/consistency_loss_mean,0.005421693301573396
440000,train/consistency_loss_std,0.0003028271143726076
440000,train/continue_loss_mean,0.0
440000,train/continue_loss_std,0.0
440000,train/grad_norm_mean,0.7551854164123535
440000,train/grad_norm_std,0.08862777712468602
440000,train/policy_log_std_mean,-0.8279630304336548
440000,train/policy_log_std_std,0.4899610210847853
440000,train/policy_loss_mean,-0.6903554703712463
440000,train/policy_loss_std,0.01164718348103056
440000,train/reward_loss_mean,0.31071411685943606
440000,train/reward_loss_std,0.011490831199032547
440000,train/total_loss_mean,0.1742726955652237
440000,train/total_loss_std,0.006092919815664534
440000,train/value_loss_mean,0.3476741497993469
440000,train/value_loss_std,0.00648856917646952
440000,train/value_scale_mean,116.2961301574707
440000,train/value_scale_std,0.7654983607974896
440000,timing/collect_chunk_s,135.59346016775817
440000,timing/train_chunk_s,20.559220609720796
440000,dense_rhs/training_bucket_horizon,3.0
440000,system/heartbeat,1.0
443992,episode/return,912.0
443992,episode/length,500.0
443993,episode/return,782.0
443993,episode/length,500.0
443994,episode/return,918.0
443994,episode/length,500.0
443995,episode/return,922.0
443995,episode/length,500.0
443996,episode/return,882.0
443996,episode/length,500.0
443997,episode/return,964.0
443997,episode/length,500.0
443998,episode/return,965.0
443998,episode/length,500.0
443999,episode/return,966.0
443999,episode/length,500.0
447992,episode/return,991.0
447992,episode/length,500.0
447993,episode/return,915.0
447993,episode/length,500.0
447994,episode/return,863.0
447994,episode/length,500.0
447995,episode/return,936.0
447995,episode/length,500.0
447996,episode/return,564.0
447996,episode/length,500.0
447997,episode/return,959.0
447997,episode/length,500.0
447998,episode/return,934.0
447998,episode/length,500.0
447999,episode/return,713.0
447999,episode/length,500.0
450000,train/consistency_loss_mean,0.005414846698567271
450000,train/consistency_loss_std,0.000301384687618712
450000,train/continue_loss_mean,0.0
450000,train/continue_loss_std,0.0
450000,train/grad_norm_mean,0.7504013442993164
450000,train/grad_norm_std,0.0887225416085545
450000,train/policy_log_std_mean,-0.8288458615303039
450000,train/policy_log_std_std,0.49435255644830817
450000,train/policy_loss_mean,-0.6745580009937286
450000,train/policy_loss_std,0.011299440651083403
450000,train/reward_loss_mean,0.3118859968423843
450000,train/reward_loss_std,0.01141558889728014
450000,train/total_loss_mean,0.17425828728675843
450000,train/total_loss_std,0.006070436779087799
450000,train/value_loss_mean,0.3477275017738342
450000,train/value_loss_std,0.006599160440980462
450000,train/value_scale_mean,118.99845106201172
450000,train/value_scale_std,0.6490229421989235
450000,timing/collect_chunk_s,128.09824368078262
450000,timing/train_chunk_s,20.557997760828584
450000,dense_rhs/training_bucket_horizon,3.0
450000,system/heartbeat,1.0
450000,timing/checkpoint_blocking_s,0.40394420688971877
450000,eval/return_mean,915.2999877929688
450000,eval/return_std,33.772918701171875
450000,eval/return_max,969.0
450000,eval/return_min,838.0
450000,timing/eval_s,24.993703971151263
450000,eval/selected_horizon,3.0
450000,eval/training_bucket_horizon,3.0
450000,system/heartbeat,1.0
451992,episode/return,905.0
451992,episode/length,500.0
451993,episode/return,800.0
451993,episode/length,500.0
451994,episode/return,864.0
451994,episode/length,500.0
451995,episode/return,0.0
451995,episode/length,500.0
451996,episode/return,912.0
451996,episode/length,500.0
451997,episode/return,689.0
451997,episode/length,500.0
451998,episode/return,968.0
451998,episode/length,500.0
451999,episode/return,973.0
451999,episode/length,500.0
455992,episode/return,932.0
455992,episode/length,500.0
455993,episode/return,0.0
455993,episode/length,500.0
455994,episode/return,902.0
455994,episode/length,500.0
455995,episode/return,899.0
455995,episode/length,500.0
455996,episode/return,928.0
455996,episode/length,500.0
455997,episode/return,991.0
455997,episode/length,500.0
455998,episode/return,205.0
455998,episode/length,500.0
455999,episode/return,689.0
455999,episode/length,500.0
459992,episode/return,933.0
459992,episode/length,500.0
459993,episode/return,966.0
459993,episode/length,500.0
459994,episode/return,905.0
459994,episode/length,500.0
459995,episode/return,968.0
459995,episode/length,500.0
459996,episode/return,979.0
459996,episode/length,500.0
459997,episode/return,828.0
459997,episode/length,500.0
459998,episode/return,965.0
459998,episode/length,500.0
459999,episode/return,800.0
459999,episode/length,500.0
460000,train/consistency_loss_mean,0.005407058411091566
460000,train/consistency_loss_std,0.00030518362207505997
460000,train/continue_loss_mean,0.0
460000,train/continue_loss_std,0.0
460000,train/grad_norm_mean,0.7466467068195343
460000,train/grad_norm_std,0.0869902408122739
460000,train/policy_log_std_mean,-0.8390044653892517
460000,train/policy_log_std_std,0.48839903343443614
460000,train/policy_loss_mean,-0.6794237354755401
460000,train/policy_loss_std,0.011857075948740295
460000,train/reward_loss_mean,0.31229700915813446
460000,train/reward_loss_std,0.01150927909441698
460000,train/total_loss_mean,0.17419224289655685
460000,train/total_loss_std,0.00613643033691078
460000,train/value_loss_mean,0.348213755273819
460000,train/value_loss_std,0.006639492865169705
460000,train/value_scale_mean,118.19046075439454
460000,train/value_scale_std,0.9281647423413636
460000,timing/collect_chunk_s,129.10063369665295
460000,timing/train_chunk_s,20.51744134305045
460000,dense_rhs/training_bucket_horizon,3.0
460000,system/heartbeat,1.0
463992,episode/return,0.0
463992,episode/length,500.0
463993,episode/return,887.0
463993,episode/length,500.0
463994,episode/return,0.0
463994,episode/length,500.0
463995,episode/return,940.0
463995,episode/length,500.0
463996,episode/return,0.0
463996,episode/length,500.0
463997,episode/return,0.0
463997,episode/length,500.0
463998,episode/return,0.0
463998,episode/length,500.0
463999,episode/return,916.0
463999,episode/length,500.0
467992,episode/return,974.0
467992,episode/length,500.0
467993,episode/return,903.0
467993,episode/length,500.0
467994,episode/return,920.0
467994,episode/length,500.0
467995,episode/return,922.0
467995,episode/length,500.0
467996,episode/return,829.0
467996,episode/length,500.0
467997,episode/return,905.0
467997,episode/length,500.0
467998,episode/return,882.0
467998,episode/length,500.0
467999,episode/return,852.0
467999,episode/length,500.0
470000,train/consistency_loss_mean,0.005405471763759852
470000,train/consistency_loss_std,0.00030709970288628376
470000,train/continue_loss_mean,0.0
470000,train/continue_loss_std,0.0
470000,train/grad_norm_mean,0.7419330536842346
470000,train/grad_norm_std,0.088972686930672
470000,train/policy_log_std_mean,-0.8245358111381531
470000,train/policy_log_std_std,0.48768234565136365
470000,train/policy_loss_mean,-0.6618596608161926
470000,train/policy_loss_std,0.014529448215964278
470000,train/reward_loss_mean,0.3115044674396515
470000,train/reward_loss_std,0.011431013820558927
470000,train/total_loss_mean,0.17412991547584533
470000,train/total_loss_std,0.006204943170088082
470000,train/value_loss_mean,0.34870032091140746
470000,train/value_loss_std,0.007058504314657934
470000,train/value_scale_mean,120.8948083618164
470000,train/value_scale_std,1.6394559607340349
470000,timing/collect_chunk_s,127.6237056539394
470000,timing/train_chunk_s,20.561252877116203
470000,dense_rhs/training_bucket_horizon,3.0
470000,system/heartbeat,1.0
471992,episode/return,957.0
471992,episode/length,500.0
471993,episode/return,850.0
471993,episode/length,500.0
471994,episode/return,938.0
471994,episode/length,500.0
471995,episode/return,650.0
471995,episode/length,500.0
471996,episode/return,786.0
471996,episode/length,500.0
471997,episode/return,920.0
471997,episode/length,500.0
471998,episode/return,859.0
471998,episode/length,500.0
471999,episode/return,900.0
471999,episode/length,500.0
475992,episode/return,868.0
475992,episode/length,500.0
475993,episode/return,837.0
475993,episode/length,500.0
475994,episode/return,964.0
475994,episode/length,500.0
475995,episode/return,942.0
475995,episode/length,500.0
475996,episode/return,947.0
475996,episode/length,500.0
475997,episode/return,824.0
475997,episode/length,500.0
475998,episode/return,900.0
475998,episode/length,500.0
475999,episode/return,947.0
475999,episode/length,500.0
479992,episode/return,769.0
479992,episode/length,500.0
479993,episode/return,872.0
479993,episode/length,500.0
479994,episode/return,978.0
479994,episode/length,500.0
479995,episode/return,935.0
479995,episode/length,500.0
479996,episode/return,962.0
479996,episode/length,500.0
479997,episode/return,0.0
479997,episode/length,500.0
479998,episode/return,982.0
479998,episode/length,500.0
479999,episode/return,750.0
479999,episode/length,500.0
480000,train/consistency_loss_mean,0.005413138527050615
480000,train/consistency_loss_std,0.00030751961099024876
480000,train/continue_loss_mean,0.0
480000,train/continue_loss_std,0.0
480000,train/grad_norm_mean,0.7370121002674103
480000,train/grad_norm_std,0.08847895168702676
480000,train/policy_log_std_mean,-0.7951297387599945
480000,train/policy_log_std_std,0.47918073290288193
480000,train/policy_loss_mean,-0.6269768062114716
480000,train/policy_loss_std,0.011101714000878272
480000,train/reward_loss_mean,0.3127653887748718
480000,train/reward_loss_std,0.011627353964438732
480000,train/total_loss_mean,0.1743687930583954
480000,train/total_loss_std,0.006210885699740483
480000,train/value_loss_mean,0.3482948033571243
480000,train/value_loss_std,0.007070528914410728
480000,train/value_scale_mean,127.1545445739746
480000,train/value_scale_std,0.8046153763479433
480000,timing/collect_chunk_s,137.75577448215336
480000,timing/train_chunk_s,20.558302246965468
480000,dense_rhs/training_bucket_horizon,3.0
480000,system/heartbeat,1.0
483992,episode/return,798.0
483992,episode/length,500.0
483993,episode/return,0.0
483993,episode/length,500.0
483994,episode/return,898.0
483994,episode/length,500.0
483995,episode/return,864.0
483995,episode/length,500.0
483996,episode/return,948.0
483996,episode/length,500.0
483997,episode/return,916.0
483997,episode/length,500.0
483998,episode/return,835.0
483998,episode/length,500.0
483999,episode/return,974.0
483999,episode/length,500.0
487992,episode/return,936.0
487992,episode/length,500.0
487993,episode/return,945.0
487993,episode/length,500.0
487994,episode/return,0.0
487994,episode/length,500.0
487995,episode/return,985.0
487995,episode/length,500.0
487996,episode/return,919.0
487996,episode/length,500.0
487997,episode/return,883.0
487997,episode/length,500.0
487998,episode/return,975.0
487998,episode/length,500.0
487999,episode/return,942.0
487999,episode/length,500.0
490000,train/consistency_loss_mean,0.0054270543023943905
490000,train/consistency_loss_std,0.0003103166712723182
490000,train/continue_loss_mean,0.0
490000,train/continue_loss_std,0.0
490000,train/grad_norm_mean,0.733407681274414
490000,train/grad_norm_std,0.08958810883730439
490000,train/policy_log_std_mean,-0.8230932817935943
490000,train/policy_log_std_std,0.47596980259332766
490000,train/policy_loss_mean,-0.6542951270103454
490000,train/policy_loss_std,0.01861619170849982
490000,train/reward_loss_mean,0.31338005957603454
490000,train/reward_loss_std,0.011385687399468025
490000,train/total_loss_mean,0.17443079223632812
490000,train/total_loss_std,0.0062481682445111155
490000,train/value_loss_mean,0.34551698303222655
490000,train/value_loss_std,0.006843059161162795
490000,train/value_scale_mean,122.32027510986327
490000,train/value_scale_std,2.6433441208273485
490000,timing/collect_chunk_s,130.27435490256175
490000,timing/train_chunk_s,20.571681385859847
490000,dense_rhs/training_bucket_horizon,3.0
490000,system/heartbeat,1.0
491992,episode/return,903.0
491992,episode/length,500.0
491993,episode/return,927.0
491993,episode/length,500.0
491994,episode/return,962.0
491994,episode/length,500.0
491995,episode/return,943.0
491995,episode/length,500.0
491996,episode/return,896.0
491996,episode/length,500.0
491997,episode/return,964.0
491997,episode/length,500.0
491998,episode/return,949.0
491998,episode/length,500.0
491999,episode/return,982.0
491999,episode/length,500.0
495992,episode/return,936.0
495992,episode/length,500.0
495993,episode/return,724.0
495993,episode/length,500.0
495994,episode/return,951.0
495994,episode/length,500.0
495995,episode/return,941.0
495995,episode/length,500.0
495996,episode/return,973.0
495996,episode/length,500.0
495997,episode/return,0.0
495997,episode/length,500.0
495998,episode/return,930.0
495998,episode/length,500.0
495999,episode/return,844.0
495999,episode/length,500.0
499992,episode/return,955.0
499992,episode/length,500.0
499993,episode/return,961.0
499993,episode/length,500.0
499994,episode/return,919.0
499994,episode/length,500.0
499995,episode/return,874.0
499995,episode/length,500.0
499996,episode/return,962.0
499996,episode/length,500.0
499997,episode/return,993.0
499997,episode/length,500.0
499998,episode/return,657.0
499998,episode/length,500.0
499999,episode/return,896.0
499999,episode/length,500.0
500000,train/consistency_loss_mean,0.005401777433976531
500000,train/consistency_loss_std,0.0003077774959543584
500000,train/continue_loss_mean,0.0
500000,train/continue_loss_std,0.0
500000,train/grad_norm_mean,0.7254976182460785
500000,train/grad_norm_std,0.0869519971035866
500000,train/policy_log_std_mean,-0.8229651272773743
500000,train/policy_log_std_std,0.47694738002159026
500000,train/policy_loss_mean,-0.6926592563152313
500000,train/policy_loss_std,0.012048758142186878
500000,train/reward_loss_mean,0.3142227151632309
500000,train/reward_loss_std,0.011438532851946055
500000,train/total_loss_mean,0.17401064479351044
500000,train/total_loss_std,0.0062092822667735555
500000,train/value_loss_mean,0.34552822308540343
500000,train/value_loss_std,0.006528783174635729
500000,train/value_scale_mean,116.09070205688477
500000,train/value_scale_std,0.8490536104165929
500000,timing/collect_chunk_s,129.1631650980562
500000,timing/train_chunk_s,20.527632518671453
500000,dense_rhs/training_bucket_horizon,3.0
500000,system/heartbeat,1.0
500000,timing/checkpoint_blocking_s,0.42317610513418913
500000,eval/return_mean,865.0
500000,eval/return_std,205.7423095703125
500000,eval/return_max,994.0
500000,eval/return_min,0.0
500000,timing/eval_s,24.81473349267617
500000,eval/selected_horizon,3.0
500000,eval/training_bucket_horizon,3.0
500000,system/heartbeat,1.0
