step,tag,value
3992,episode/return,0.0
3992,episode/length,500.0
3993,episode/return,0.0
3993,episode/length,500.0
3994,episode/return,0.0
3994,episode/length,500.0
3995,episode/return,96.0
3995,episode/length,500.0
3996,episode/return,0.0
3996,episode/length,500.0
3997,episode/return,0.0
3997,episode/length,500.0
3998,episode/return,0.0
3998,episode/length,500.0
3999,episode/return,0.0
3999,episode/length,500.0
4000,seed_pretrain/updates_completed,512.0
4000,timing/collect_chunk_s,51.6989071383141
4000,timing/train_chunk_s,240.64537853887305
4000,system/heartbeat,1.0
4000,seed_pretrain/updates_completed,1024.0
4000,timing/collect_chunk_s,51.6989071383141
4000,timing/train_chunk_s,241.72468890901655
4000,system/heartbeat,1.0
4000,seed_pretrain/updates_completed,1536.0
4000,timing/collect_chunk_s,51.6989071383141
4000,timing/train_chunk_s,242.80650548031554
4000,system/heartbeat,1.0
4000,seed_pretrain/updates_completed,2048.0
4000,timing/collect_chunk_s,51.6989071383141
4000,timing/train_chunk_s,243.88830918027088
4000,system/heartbeat,1.0
4000,seed_pretrain/updates_completed,2560.0
4000,timing/collect_chunk_s,51.6989071383141
4000,timing/train_chunk_s,244.96934861969203
4000,system/heartbeat,1.0
4000,seed_pretrain/updates_completed,3072.0
4000,timing/collect_chunk_s,51.6989071383141
4000,timing/train_chunk_s,246.05113019095734
4000,system/heartbeat,1.0
4000,seed_pretrain/updates_completed,3584.0
4000,timing/collect_chunk_s,51.6989071383141
4000,timing/train_chunk_s,247.1336128632538
4000,system/heartbeat,1.0
7992,episode/return,0.0
7992,episode/length,500.0
7993,episode/return,8.0
7993,episode/length,500.0
7994,episode/return,0.0
7994,episode/length,500.0
7995,episode/return,0.0
7995,episode/length,500.0
7996,episode/return,0.0
7996,episode/length,500.0
7997,episode/return,0.0
7997,episode/length,500.0
7998,episode/return,0.0
7998,episode/length,500.0
7999,episode/return,0.0
7999,episode/length,500.0
10000,train/consistency_loss_mean,0.0018101573230698705
10000,train/consistency_loss_std,0.000549913631318811
10000,train/continue_loss_mean,0.0
10000,train/continue_loss_std,0.0
10000,train/grad_norm_mean,0.8041169225692749
10000,train/grad_norm_std,0.3619099417786277
10000,train/policy_log_std_mean,-0.5541945481300354
10000,train/policy_log_std_std,0.7586715626486885
10000,train/policy_loss_mean,-0.14282787569761277
10000,train/policy_loss_std,0.06687791901641274
10000,train/reward_loss_mean,0.00990686844624579
10000,train/reward_loss_std,0.08803872489118313
10000,train/total_loss_mean,0.08111120641827584
10000,train/total_loss_std,0.02429203152992417
10000,train/value_loss_mean,0.43917371702194213
10000,train/value_loss_std,0.09878658444031625
10000,train/value_scale_mean,15.866198918151856
10000,train/value_scale_std,12.631339446852305
10000,timing/collect_chunk_s,268.4649823452346
10000,timing/train_chunk_s,308.5211491296068
10000,dense_rhs/training_bucket_horizon,3.0
10000,system/heartbeat,1.0
11992,episode/return,0.0
11992,episode/length,500.0
11993,episode/return,0.0
11993,episode/length,500.0
11994,episode/return,0.0
11994,episode/length,500.0
11995,episode/return,0.0
11995,episode/length,500.0
11996,episode/return,0.0
11996,episode/length,500.0
11997,episode/return,0.0
11997,episode/length,500.0
11998,episode/return,0.0
11998,episode/length,500.0
11999,episode/return,0.0
11999,episode/length,500.0
15992,episode/return,129.0
15992,episode/length,500.0
15993,episode/return,0.0
15993,episode/length,500.0
15994,episode/return,0.0
15994,episode/length,500.0
15995,episode/return,341.0
15995,episode/length,500.0
15996,episode/return,0.0
15996,episode/length,500.0
15997,episode/return,0.0
15997,episode/length,500.0
15998,episode/return,0.0
15998,episode/length,500.0
15999,episode/return,0.0
15999,episode/length,500.0
19992,episode/return,0.0
19992,episode/length,500.0
19993,episode/return,0.0
19993,episode/length,500.0
19994,episode/return,0.0
19994,episode/length,500.0
19995,episode/return,0.0
19995,episode/length,500.0
19996,episode/return,0.0
19996,episode/length,500.0
19997,episode/return,0.0
19997,episode/length,500.0
19998,episode/return,0.0
19998,episode/length,500.0
19999,episode/return,0.0
19999,episode/length,500.0
20000,train/consistency_loss_mean,0.002016224407032132
20000,train/consistency_loss_std,0.0001625218467367797
20000,train/continue_loss_mean,0.0
20000,train/continue_loss_std,0.0
20000,train/grad_norm_mean,0.8167282194137573
20000,train/grad_norm_std,0.11455610706188643
20000,train/policy_log_std_mean,-0.554221530866623
20000,train/policy_log_std_std,0.44445255760931845
20000,train/policy_loss_mean,-0.19180419852733613
20000,train/policy_loss_std,0.03989028886731676
20000,train/reward_loss_mean,0.006274100964143872
20000,train/reward_loss_std,0.004623768571820661
20000,train/total_loss_mean,0.07249724345207215
20000,train/total_loss_std,0.004121421585908925
20000,train/value_loss_mean,0.3154534524440765
20000,train/value_loss_std,0.015678294341127812
20000,train/value_scale_mean,36.30469844207764
20000,train/value_scale_std,4.693365438070446
20000,timing/collect_chunk_s,102.37901105266064
20000,timing/train_chunk_s,20.673511585220695
20000,dense_rhs/training_bucket_horizon,3.0
20000,system/heartbeat,1.0
23992,episode/return,0.0
23992,episode/length,500.0
23993,episode/return,0.0
23993,episode/length,500.0
23994,episode/return,412.0
23994,episode/length,500.0
23995,episode/return,0.0
23995,episode/length,500.0
23996,episode/return,2.0
23996,episode/length,500.0
23997,episode/return,0.0
23997,episode/length,500.0
23998,episode/return,0.0
23998,episode/length,500.0
23999,episode/return,0.0
23999,episode/length,500.0
27992,episode/return,1000.0
27992,episode/length,500.0
27993,episode/return,0.0
27993,episode/length,500.0
27994,episode/return,0.0
27994,episode/length,500.0
27995,episode/return,0.0
27995,episode/length,500.0
27996,episode/return,0.0
27996,episode/length,500.0
27997,episode/return,0.0
27997,episode/length,500.0
27998,episode/return,0.0
27998,episode/length,500.0
27999,episode/return,0.0
27999,episode/length,500.0
30000,train/consistency_loss_mean,0.0022787661395967007
30000,train/consistency_loss_std,0.00014979108497490757
30000,train/continue_loss_mean,0.0
30000,train/continue_loss_std,0.0
30000,train/grad_norm_mean,0.9042241535186768
30000,train/grad_norm_std,0.14425537937820546
30000,train/policy_log_std_mean,-0.3665030882120132
30000,train/policy_log_std_std,0.43405479743453634
30000,train/policy_loss_mean,-0.1264679663836956
30000,train/policy_loss_std,0.04535903807623464
30000,train/reward_loss_mean,0.01155894381031394
30000,train/reward_loss_std,0.005005590281185936
30000,train/total_loss_mean,0.0772390009522438
30000,train/total_loss_std,0.004169557762657348
30000,train/value_loss_mean,0.3050778189897537
30000,train/value_loss_std,0.02658831468505175
30000,train/value_scale_mean,67.85279683837891
30000,train/value_scale_std,17.55376955707242
30000,timing/collect_chunk_s,104.07164651108906
30000,timing/train_chunk_s,20.662849287502468
30000,dense_rhs/training_bucket_horizon,3.0
30000,system/heartbeat,1.0
31992,episode/return,0.0
31992,episode/length,500.0
31993,episode/return,0.0
31993,episode/length,500.0
31994,episode/return,0.0
31994,episode/length,500.0
31995,episode/return,0.0
31995,episode/length,500.0
31996,episode/return,0.0
31996,episode/length,500.0
31997,episode/return,0.0
31997,episode/length,500.0
31998,episode/return,0.0
31998,episode/length,500.0
31999,episode/return,0.0
31999,episode/length,500.0
35992,episode/return,223.0
35992,episode/length,500.0
35993,episode/return,1000.0
35993,episode/length,500.0
35994,episode/return,0.0
35994,episode/length,500.0
35995,episode/return,0.0
35995,episode/length,500.0
35996,episode/return,0.0
35996,episode/length,500.0
35997,episode/return,0.0
35997,episode/length,500.0
35998,episode/return,0.0
35998,episode/length,500.0
35999,episode/return,0.0
35999,episode/length,500.0
39992,episode/return,0.0
39992,episode/length,500.0
39993,episode/return,0.0
39993,episode/length,500.0
39994,episode/return,0.0
39994,episode/length,500.0
39995,episode/return,0.0
39995,episode/length,500.0
39996,episode/return,0.0
39996,episode/length,500.0
39997,episode/return,0.0
39997,episode/length,500.0
39998,episode/return,0.0
39998,episode/length,500.0
39999,episode/return,0.0
39999,episode/length,500.0
40000,train/consistency_loss_mean,0.002407577215693891
40000,train/consistency_loss_std,0.0001282236989127451
40000,train/continue_loss_mean,0.0
40000,train/continue_loss_std,0.0
40000,train/grad_norm_mean,0.9202158645153046
40000,train/grad_norm_std,0.12849894608904602
40000,train/policy_log_std_mean,-0.32958401403427123
40000,train/policy_log_std_std,0.42581732860765886
40000,train/policy_loss_mean,-0.09251862477660179
40000,train/policy_loss_std,0.01372470116798226
40000,train/reward_loss_mean,0.016836470878869296
40000,train/reward_loss_std,0.00589062143941906
40000,train/total_loss_mean,0.07973616173267364
40000,train/total_loss_std,0.003541905685497538
40000,train/value_loss_mean,0.2990096936225891
40000,train/value_loss_std,0.023586326431027805
40000,train/value_scale_mean,76.71819722290039
40000,train/value_scale_std,3.692979671286483
40000,timing/collect_chunk_s,101.80576442508027
40000,timing/train_chunk_s,20.650112533941865
40000,dense_rhs/training_bucket_horizon,3.0
40000,system/heartbeat,1.0
43992,episode/return,1000.0
43992,episode/length,500.0
43993,episode/return,0.0
43993,episode/length,500.0
43994,episode/return,0.0
43994,episode/length,500.0
43995,episode/return,0.0
43995,episode/length,500.0
43996,episode/return,0.0
43996,episode/length,500.0
43997,episode/return,0.0
43997,episode/length,500.0
43998,episode/return,0.0
43998,episode/length,500.0
43999,episode/return,0.0
43999,episode/length,500.0
47992,episode/return,244.0
47992,episode/length,500.0
47993,episode/return,0.0
47993,episode/length,500.0
47994,episode/return,0.0
47994,episode/length,500.0
47995,episode/return,0.0
47995,episode/length,500.0
47996,episode/return,0.0
47996,episode/length,500.0
47997,episode/return,0.0
47997,episode/length,500.0
47998,episode/return,0.0
47998,episode/length,500.0
47999,episode/return,512.0
47999,episode/length,500.0
50000,train/consistency_loss_mean,0.002596837461553514
50000,train/consistency_loss_std,0.00014687972510821556
50000,train/continue_loss_mean,0.0
50000,train/continue_loss_std,0.0
50000,train/grad_norm_mean,0.9625876005649566
50000,train/grad_norm_std,0.13143510696084967
50000,train/policy_log_std_mean,-0.2975258243203163
50000,train/policy_log_std_std,0.3362268978457637
50000,train/policy_loss_mean,-0.0672525778889656
50000,train/policy_loss_std,0.010797925086944387
50000,train/reward_loss_mean,0.020922630923986434
50000,train/reward_loss_std,0.00632270335608316
50000,train/total_loss_mean,0.08442777624726296
50000,train/total_loss_std,0.00377073889646958
50000,train/value_loss_mean,0.3039876222372055
50000,train/value_loss_std,0.018888975762091496
50000,train/value_scale_mean,108.24249755249024
50000,train/value_scale_std,8.731649203781341
50000,timing/collect_chunk_s,103.98373223654926
50000,timing/train_chunk_s,20.60343184415251
50000,dense_rhs/training_bucket_horizon,3.0
50000,system/heartbeat,1.0
50000,timing/checkpoint_blocking_s,0.3942406252026558
50000,eval/return_mean,2.700000047683716
50000,eval/return_std,11.769026756286621
50000,eval/return_max,54.0
50000,eval/return_min,0.0
50000,timing/eval_s,100.46331722196192
50000,eval/selected_horizon,3.0
50000,eval/training_bucket_horizon,3.0
50000,system/heartbeat,1.0
51992,episode/return,0.0
51992,episode/length,500.0
51993,episode/return,0.0
51993,episode/length,500.0
51994,episode/return,0.0
51994,episode/length,500.0
51995,episode/return,4.0
51995,episode/length,500.0
51996,episode/return,825.0
51996,episode/length,500.0
51997,episode/return,0.0
51997,episode/length,500.0
51998,episode/return,720.0
51998,episode/length,500.0
51999,episode/return,0.0
51999,episode/length,500.0
55992,episode/return,0.0
55992,episode/length,500.0
55993,episode/return,0.0
55993,episode/length,500.0
55994,episode/return,3.0
55994,episode/length,500.0
55995,episode/return,0.0
55995,episode/length,500.0
55996,episode/return,0.0
55996,episode/length,500.0
55997,episode/return,0.0
55997,episode/length,500.0
55998,episode/return,0.0
55998,episode/length,500.0
55999,episode/return,1000.0
55999,episode/length,500.0
59992,episode/return,1000.0
59992,episode/length,500.0
59993,episode/return,0.0
59993,episode/length,500.0
59994,episode/return,259.0
59994,episode/length,500.0
59995,episode/return,0.0
59995,episode/length,500.0
59996,episode/return,0.0
59996,episode/length,500.0
59997,episode/return,0.0
59997,episode/length,500.0
59998,episode/return,0.0
59998,episode/length,500.0
59999,episode/return,505.0
59999,episode/length,500.0
60000,train/consistency_loss_mean,0.0026268404377624392
60000,train/consistency_loss_std,0.00013402903386300016
60000,train/continue_loss_mean,0.0
60000,train/continue_loss_std,0.0
60000,train/grad_norm_mean,0.9995190807342529
60000,train/grad_norm_std,0.1360011394461425
60000,train/policy_log_std_mean,-0.3289492006778717
60000,train/policy_log_std_std,0.3401164139308087
60000,train/policy_loss_mean,-0.07811177337765694
60000,train/policy_loss_std,0.010279888855943099
60000,train/reward_loss_mean,0.029180972796678542
60000,train/reward_loss_std,0.007043521213516209
60000,train/total_loss_mean,0.08790867182016372
60000,train/total_loss_std,0.003940396249134839
60000,train/value_loss_mean,0.32453765082359315
60000,train/value_loss_std,0.025422757153809736
60000,train/value_scale_mean,115.53735251464843
60000,train/value_scale_std,12.682785472575102
60000,timing/collect_chunk_s,102.08563482156023
60000,timing/train_chunk_s,20.653641141951084
60000,dense_rhs/training_bucket_horizon,3.0
60000,system/heartbeat,1.0
63992,episode/return,0.0
63992,episode/length,500.0
63993,episode/return,580.0
63993,episode/length,500.0
63994,episode/return,143.0
63994,episode/length,500.0
63995,episode/return,0.0
63995,episode/length,500.0
63996,episode/return,0.0
63996,episode/length,500.0
63997,episode/return,0.0
63997,episode/length,500.0
63998,episode/return,0.0
63998,episode/length,500.0
63999,episode/return,0.0
63999,episode/length,500.0
67992,episode/return,981.0
67992,episode/length,500.0
67993,episode/return,127.0
67993,episode/length,500.0
67994,episode/return,0.0
67994,episode/length,500.0
67995,episode/return,1000.0
67995,episode/length,500.0
67996,episode/return,1000.0
67996,episode/length,500.0
67997,episode/return,266.0
67997,episode/length,500.0
67998,episode/return,0.0
67998,episode/length,500.0
67999,episode/return,0.0
67999,episode/length,500.0
70000,train/consistency_loss_mean,0.0026842692488804457
70000,train/consistency_loss_std,0.00013923549173571606
70000,train/continue_loss_mean,0.0
70000,train/continue_loss_std,0.0
70000,train/grad_norm_mean,0.9916513901233673
70000,train/grad_norm_std,0.13626166337713674
70000,train/policy_log_std_mean,-0.3385078104376793
70000,train/policy_log_std_std,0.3385004664500223
70000,train/policy_loss_mean,-0.08160650677084923
70000,train/policy_loss_std,0.009348927637765637
70000,train/reward_loss_mean,0.03792682962119579
70000,train/reward_loss_std,0.009268468623544726
70000,train/total_loss_mean,0.08589041058421135
70000,train/total_loss_std,0.0037167293337525705
70000,train/value_loss_mean,0.2841234180212021
70000,train/value_loss_std,0.02611115790821003
70000,train/value_scale_mean,148.3812437133789
70000,train/value_scale_std,11.669420977317538
70000,timing/collect_chunk_s,103.62907677749172
70000,timing/train_chunk_s,20.66055962536484
70000,dense_rhs/training_bucket_horizon,3.0
70000,system/heartbeat,1.0
71992,episode/return,0.0
71992,episode/length,500.0
71993,episode/return,903.0
71993,episode/length,500.0
71994,episode/return,824.0
71994,episode/length,500.0
71995,episode/return,0.0
71995,episode/length,500.0
71996,episode/return,0.0
71996,episode/length,500.0
71997,episode/return,32.0
71997,episode/length,500.0
71998,episode/return,0.0
71998,episode/length,500.0
71999,episode/return,1000.0
71999,episode/length,500.0
75992,episode/return,0.0
75992,episode/length,500.0
75993,episode/return,228.0
75993,episode/length,500.0
75994,episode/return,863.0
75994,episode/length,500.0
75995,episode/return,121.0
75995,episode/length,500.0
75996,episode/return,0.0
75996,episode/length,500.0
75997,episode/return,0.0
75997,episode/length,500.0
75998,episode/return,0.0
75998,episode/length,500.0
75999,episode/return,0.0
75999,episode/length,500.0
79992,episode/return,820.0
79992,episode/length,500.0
79993,episode/return,0.0
79993,episode/length,500.0
79994,episode/return,0.0
79994,episode/length,500.0
79995,episode/return,5.0
79995,episode/length,500.0
79996,episode/return,0.0
79996,episode/length,500.0
79997,episode/return,6.0
79997,episode/length,500.0
79998,episode/return,0.0
79998,episode/length,500.0
79999,episode/return,1000.0
79999,episode/length,500.0
80000,train/consistency_loss_mean,0.0028500778030604123
80000,train/consistency_loss_std,0.00014853855399817717
80000,train/continue_loss_mean,0.0
80000,train/continue_loss_std,0.0
80000,train/grad_norm_mean,0.9925911281585693
80000,train/grad_norm_std,0.13275456361511595
80000,train/policy_log_std_mean,-0.3544846882343292
80000,train/policy_log_std_std,0.332587113979354
80000,train/policy_loss_mean,-0.09336005401015282
80000,train/policy_loss_std,0.011016127117526963
80000,train/reward_loss_mean,0.04964554162919521
80000,train/reward_loss_std,0.008969806129125438
80000,train/total_loss_mean,0.08498851999044418
80000,train/total_loss_std,0.003683237844773918
80000,train/value_loss_mean,0.23022409760951995
80000,train/value_loss_std,0.016234963434105725
80000,train/value_scale_mean,169.6032831665039
80000,train/value_scale_std,1.6772713384219025
80000,timing/collect_chunk_s,103.02897261222824
80000,timing/train_chunk_s,20.662208031397313
80000,dense_rhs/training_bucket_horizon,3.0
80000,system/heartbeat,1.0
83992,episode/return,0.0
83992,episode/length,500.0
83993,episode/return,6.0
83993,episode/length,500.0
83994,episode/return,778.0
83994,episode/length,500.0
83995,episode/return,206.0
83995,episode/length,500.0
83996,episode/return,954.0
83996,episode/length,500.0
83997,episode/return,0.0
83997,episode/length,500.0
83998,episode/return,480.0
83998,episode/length,500.0
83999,episode/return,361.0
83999,episode/length,500.0
87992,episode/return,0.0
87992,episode/length,500.0
87993,episode/return,137.0
87993,episode/length,500.0
87994,episode/return,0.0
87994,episode/length,500.0
87995,episode/return,0.0
87995,episode/length,500.0
87996,episode/return,0.0
87996,episode/length,500.0
87997,episode/return,1000.0
87997,episode/length,500.0
87998,episode/return,0.0
87998,episode/length,500.0
87999,episode/return,0.0
87999,episode/length,500.0
90000,train/consistency_loss_mean,0.002895749522931874
90000,train/consistency_loss_std,0.00014300338832947215
90000,train/continue_loss_mean,0.0
90000,train/continue_loss_std,0.0
90000,train/grad_norm_mean,0.9903616550445556
90000,train/grad_norm_std,0.1370726725109248
90000,train/policy_log_std_mean,-0.3817412770271301
90000,train/policy_log_std_std,0.3523832825186489
90000,train/policy_loss_mean,-0.11021910327672958
90000,train/policy_loss_std,0.009900837594009873
90000,train/reward_loss_mean,0.05649854454100132
90000,train/reward_loss_std,0.009374067161513904
90000,train/total_loss_mean,0.08728802981376647
90000,train/total_loss_std,0.0037563156598282867
90000,train/value_loss_mean,0.2372318403482437
90000,train/value_loss_std,0.018379364732993644
90000,train/value_scale_mean,176.56883168945313
90000,train/value_scale_std,2.210161732559358
90000,timing/collect_chunk_s,101.34921932965517
90000,timing/train_chunk_s,20.683424577116966
90000,dense_rhs/training_bucket_horizon,3.0
90000,system/heartbeat,1.0
91992,episode/return,0.0
91992,episode/length,500.0
91993,episode/return,986.0
91993,episode/length,500.0
91994,episode/return,439.0
91994,episode/length,500.0
91995,episode/return,162.0
91995,episode/length,500.0
91996,episode/return,0.0
91996,episode/length,500.0
91997,episode/return,0.0
91997,episode/length,500.0
91998,episode/return,0.0
91998,episode/length,500.0
91999,episode/return,992.0
91999,episode/length,500.0
95992,episode/return,0.0
95992,episode/length,500.0
95993,episode/return,0.0
95993,episode/length,500.0
95994,episode/return,0.0
95994,episode/length,500.0
95995,episode/return,523.0
95995,episode/length,500.0
95996,episode/return,993.0
95996,episode/length,500.0
95997,episode/return,0.0
95997,episode/length,500.0
95998,episode/return,659.0
95998,episode/length,500.0
95999,episode/return,42.0
95999,episode/length,500.0
99992,episode/return,603.0
99992,episode/length,500.0
99993,episode/return,0.0
99993,episode/length,500.0
99994,episode/return,651.0
99994,episode/length,500.0
99995,episode/return,867.0
99995,episode/length,500.0
99996,episode/return,554.0
99996,episode/length,500.0
99997,episode/return,0.0
99997,episode/length,500.0
99998,episode/return,912.0
99998,episode/length,500.0
99999,episode/return,0.0
99999,episode/length,500.0
100000,train/consistency_loss_mean,0.0029757047586143016
100000,train/consistency_loss_std,0.00015134552179949732
100000,train/continue_loss_mean,0.0
100000,train/continue_loss_std,0.0
100000,train/grad_norm_mean,0.9838476763725281
100000,train/grad_norm_std,0.1365072936866617
100000,train/policy_log_std_mean,-0.4255555428504944
100000,train/policy_log_std_std,0.39527254780587134
100000,train/policy_loss_mean,-0.11405624356269836
100000,train/policy_loss_std,0.009691003683568887
100000,train/reward_loss_mean,0.062272071501612666
100000,train/reward_loss_std,0.010049551640656188
100000,train/total_loss_mean,0.09024660809636116
100000,train/total_loss_std,0.0038889140371486
100000,train/value_loss_mean,0.24505305511951447
100000,train/value_loss_std,0.01601915971171266
100000,train/value_scale_mean,180.3157626586914
100000,train/value_scale_std,0.3664154090321932
100000,timing/collect_chunk_s,102.72221312345937
100000,timing/train_chunk_s,20.634841926395893
100000,dense_rhs/training_bucket_horizon,3.0
100000,system/heartbeat,1.0
100000,timing/checkpoint_blocking_s,0.4065078301355243
100000,eval/return_mean,278.3999938964844
100000,eval/return_std,387.6632995605469
100000,eval/return_max,949.0
100000,eval/return_min,0.0
100000,timing/eval_s,11.150479068048298
100000,eval/selected_horizon,3.0
100000,eval/training_bucket_horizon,3.0
100000,system/heartbeat,1.0
103992,episode/return,0.0
103992,episode/length,500.0
103993,episode/return,814.0
103993,episode/length,500.0
103994,episode/return,534.0
103994,episode/length,500.0
103995,episode/return,161.0
103995,episode/length,500.0
103996,episode/return,748.0
103996,episode/length,500.0
103997,episode/return,715.0
103997,episode/length,500.0
103998,episode/return,0.0
103998,episode/length,500.0
103999,episode/return,431.0
103999,episode/length,500.0
107992,episode/return,941.0
107992,episode/length,500.0
107993,episode/return,941.0
107993,episode/length,500.0
107994,episode/return,0.0
107994,episode/length,500.0
107995,episode/return,978.0
107995,episode/length,500.0
107996,episode/return,4.0
107996,episode/length,500.0
107997,episode/return,465.0
107997,episode/length,500.0
107998,episode/return,113.0
107998,episode/length,500.0
107999,episode/return,0.0
107999,episode/length,500.0
110000,train/consistency_loss_mean,0.0030877553289756178
110000,train/consistency_loss_std,0.00015494056199715113
110000,train/continue_loss_mean,0.0
110000,train/continue_loss_std,0.0
110000,train/grad_norm_mean,1.018594867324829
110000,train/grad_norm_std,0.14986794565321654
110000,train/policy_log_std_mean,-0.4709562140703201
110000,train/policy_log_std_std,0.44134120722769254
110000,train/policy_loss_mean,-0.1257265616774559
110000,train/policy_loss_std,0.011298573045950494
110000,train/reward_loss_mean,0.074798385566473
110000,train/reward_loss_std,0.011059170914674942
110000,train/total_loss_mean,0.09615001173615456
110000,train/total_loss_std,0.004247124210647478
110000,train/value_loss_mean,0.2691506599187851
110000,train/value_loss_std,0.018792229392816984
110000,train/value_scale_mean,180.09432298583985
110000,train/value_scale_std,0.26434794210761803
110000,timing/collect_chunk_s,105.29318733513355
110000,timing/train_chunk_s,20.609214737080038
110000,dense_rhs/training_bucket_horizon,3.0
110000,system/heartbeat,1.0
111992,episode/return,2.0
111992,episode/length,500.0
111993,episode/return,3.0
111993,episode/length,500.0
111994,episode/return,943.0
111994,episode/length,500.0
111995,episode/return,924.0
111995,episode/length,500.0
111996,episode/return,654.0
111996,episode/length,500.0
111997,episode/return,0.0
111997,episode/length,500.0
111998,episode/return,757.0
111998,episode/length,500.0
111999,episode/return,945.0
111999,episode/length,500.0
115992,episode/return,974.0
115992,episode/length,500.0
115993,episode/return,86.0
115993,episode/length,500.0
115994,episode/return,176.0
115994,episode/length,500.0
115995,episode/return,974.0
115995,episode/length,500.0
115996,episode/return,0.0
115996,episode/length,500.0
115997,episode/return,908.0
115997,episode/length,500.0
115998,episode/return,0.0
115998,episode/length,500.0
115999,episode/return,102.0
115999,episode/length,500.0
119992,episode/return,279.0
119992,episode/length,500.0
119993,episode/return,0.0
119993,episode/length,500.0
119994,episode/return,0.0
119994,episode/length,500.0
119995,episode/return,0.0
119995,episode/length,500.0
119996,episode/return,46.0
119996,episode/length,500.0
119997,episode/return,779.0
119997,episode/length,500.0
119998,episode/return,0.0
119998,episode/length,500.0
119999,episode/return,914.0
119999,episode/length,500.0
120000,train/consistency_loss_mean,0.0030888488993048666
120000,train/consistency_loss_std,0.0001535289116054458
120000,train/continue_loss_mean,0.0
120000,train/continue_loss_std,0.0
120000,train/grad_norm_mean,1.0286134138584138
120000,train/grad_norm_std,0.150577366978527
120000,train/policy_log_std_mean,-0.5217345437765122
120000,train/policy_log_std_std,0.4700949535643179
120000,train/policy_loss_mean,-0.14819401938915253
120000,train/policy_loss_std,0.01205181597968323
120000,train/reward_loss_mean,0.08570011151432991
120000,train/reward_loss_std,0.011268511615796483
120000,train/total_loss_mean,0.09936246972084045
120000,train/total_loss_std,0.004156573382285318
120000,train/value_loss_mean,0.29015480151176454
120000,train/value_loss_std,0.021096784425762273
120000,train/value_scale_mean,179.22260024414064
120000,train/value_scale_std,0.4976169877109129
120000,timing/collect_chunk_s,104.57541537517682
120000,timing/train_chunk_s,20.633442801889032
120000,dense_rhs/training_bucket_horizon,3.0
120000,system/heartbeat,1.0
123992,episode/return,0.0
123992,episode/length,500.0
123993,episode/return,596.0
123993,episode/length,500.0
123994,episode/return,963.0
123994,episode/length,500.0
123995,episode/return,0.0
123995,episode/length,500.0
123996,episode/return,971.0
123996,episode/length,500.0
123997,episode/return,965.0
123997,episode/length,500.0
123998,episode/return,0.0
123998,episode/length,500.0
123999,episode/return,993.0
123999,episode/length,500.0
127992,episode/return,924.0
127992,episode/length,500.0
127993,episode/return,0.0
127993,episode/length,500.0
127994,episode/return,1000.0
127994,episode/length,500.0
127995,episode/return,0.0
127995,episode/length,500.0
127996,episode/return,853.0
127996,episode/length,500.0
127997,episode/return,0.0
127997,episode/length,500.0
127998,episode/return,326.0
127998,episode/length,500.0
127999,episode/return,902.0
127999,episode/length,500.0
130000,train/consistency_loss_mean,0.0031214253276586534
130000,train/consistency_loss_std,0.00015634787291530808
130000,train/continue_loss_mean,0.0
130000,train/continue_loss_std,0.0
130000,train/grad_norm_mean,1.0451557601451873
130000,train/grad_norm_std,0.1583356047011893
130000,train/policy_log_std_mean,-0.5644221043109894
130000,train/policy_log_std_std,0.46715700742332655
130000,train/policy_loss_mean,-0.16441206126213073
130000,train/policy_loss_std,0.012530027450872824
130000,train/reward_loss_mean,0.09382323541045189
130000,train/reward_loss_std,0.012332444471105593
130000,train/total_loss_mean,0.10340554541349412
130000,train/total_loss_std,0.004114059615386343
130000,train/value_loss_mean,0.3159471422433853
130000,train/value_loss_std,0.018687148485456415
130000,train/value_scale_mean,179.20634239501953
130000,train/value_scale_std,0.594696686576067
130000,timing/collect_chunk_s,99.8493309179321
130000,timing/train_chunk_s,20.642173919361085
130000,dense_rhs/training_bucket_horizon,3.0
130000,system/heartbeat,1.0
131992,episode/return,963.0
131992,episode/length,500.0
131993,episode/return,936.0
131993,episode/length,500.0
131994,episode/return,1000.0
131994,episode/length,500.0
131995,episode/return,0.0
131995,episode/length,500.0
131996,episode/return,7.0
131996,episode/length,500.0
131997,episode/return,0.0
131997,episode/length,500.0
131998,episode/return,973.0
131998,episode/length,500.0
131999,episode/return,0.0
131999,episode/length,500.0
135992,episode/return,0.0
135992,episode/length,500.0
135993,episode/return,0.0
135993,episode/length,500.0
135994,episode/return,0.0
135994,episode/length,500.0
135995,episode/return,761.0
135995,episode/length,500.0
135996,episode/return,932.0
135996,episode/length,500.0
135997,episode/return,46.0
135997,episode/length,500.0
135998,episode/return,841.0
135998,episode/length,500.0
135999,episode/return,47.0
135999,episode/length,500.0
139992,episode/return,0.0
139992,episode/length,500.0
139993,episode/return,0.0
139993,episode/length,500.0
139994,episode/return,56.0
139994,episode/length,500.0
139995,episode/return,896.0
139995,episode/length,500.0
139996,episode/return,0.0
139996,episode/length,500.0
139997,episode/return,590.0
139997,episode/length,500.0
139998,episode/return,0.0
139998,episode/length,500.0
139999,episode/return,760.0
139999,episode/length,500.0
140000,train/consistency_loss_mean,0.003162216599099338
140000,train/consistency_loss_std,0.0001634483290519546
140000,train/continue_loss_mean,0.0
140000,train/continue_loss_std,0.0
140000,train/grad_norm_mean,1.0717209443092346
140000,train/grad_norm_std,0.1839416138272425
140000,train/policy_log_std_mean,-0.6179684671878815
140000,train/policy_log_std_std,0.46318481385151966
140000,train/policy_loss_mean,-0.1840910431265831
140000,train/policy_loss_std,0.01156869752254296
140000,train/reward_loss_mean,0.10231451942920684
140000,train/reward_loss_std,0.011988160070863847
140000,train/total_loss_mean,0.10621284514665603
140000,train/total_loss_std,0.004091650852967526
140000,train/value_loss_mean,0.32737060556411746
140000,train/value_loss_std,0.017009992811790865
140000,train/value_scale_mean,173.8087765258789
140000,train/value_scale_std,1.6160482517822368
140000,timing/collect_chunk_s,104.08579940861091
140000,timing/train_chunk_s,20.690899020526558
140000,dense_rhs/training_bucket_horizon,3.0
140000,system/heartbeat,1.0
143992,episode/return,0.0
143992,episode/length,500.0
143993,episode/return,0.0
143993,episode/length,500.0
143994,episode/return,0.0
143994,episode/length,500.0
143995,episode/return,770.0
143995,episode/length,500.0
143996,episode/return,1000.0
143996,episode/length,500.0
143997,episode/return,972.0
143997,episode/length,500.0
143998,episode/return,86.0
143998,episode/length,500.0
143999,episode/return,961.0
143999,episode/length,500.0
147992,episode/return,695.0
147992,episode/length,500.0
147993,episode/return,0.0
147993,episode/length,500.0
147994,episode/return,231.0
147994,episode/length,500.0
147995,episode/return,13.0
147995,episode/length,500.0
147996,episode/return,239.0
147996,episode/length,500.0
147997,episode/return,0.0
147997,episode/length,500.0
147998,episode/return,805.0
147998,episode/length,500.0
147999,episode/return,748.0
147999,episode/length,500.0
150000,train/consistency_loss_mean,0.0032480625184252857
150000,train/consistency_loss_std,0.00016598556989949874
150000,train/continue_loss_mean,0.0
150000,train/continue_loss_std,0.0
150000,train/grad_norm_mean,1.056550464630127
150000,train/grad_norm_std,0.18934975732348522
150000,train/policy_log_std_mean,-0.6332269718170166
150000,train/policy_log_std_std,0.46290132916748883
150000,train/policy_loss_mean,-0.18436982729434967
150000,train/policy_loss_std,0.011094254908271425
150000,train/reward_loss_mean,0.10506854395270347
150000,train/reward_loss_std,0.01229352740208796
150000,train/total_loss_mean,0.10627485476136207
150000,train/total_loss_std,0.004050652206492491
150000,train/value_loss_mean,0.308067489027977
150000,train/value_loss_std,0.016561339556614735
150000,train/value_scale_mean,176.16727104492188
150000,train/value_scale_std,1.5186697789614068
150000,timing/collect_chunk_s,105.99772400222719
150000,timing/train_chunk_s,20.61198464035988
150000,dense_rhs/training_bucket_horizon,3.0
150000,system/heartbeat,1.0
150000,timing/checkpoint_blocking_s,0.41630052076652646
150000,eval/return_mean,484.0
150000,eval/return_std,430.5321350097656
150000,eval/return_max,980.0
150000,eval/return_min,0.0
150000,timing/eval_s,10.952434539794922
150000,eval/selected_horizon,3.0
150000,eval/training_bucket_horizon,3.0
150000,system/heartbeat,1.0
151992,episode/return,897.0
151992,episode/length,500.0
151993,episode/return,775.0
151993,episode/length,500.0
151994,episode/return,0.0
151994,episode/length,500.0
151995,episode/return,2.0
151995,episode/length,500.0
151996,episode/return,769.0
151996,episode/length,500.0
151997,episode/return,892.0
151997,episode/length,500.0
151998,episode/return,0.0
151998,episode/length,500.0
151999,episode/return,906.0
151999,episode/length,500.0
155992,episode/return,889.0
155992,episode/length,500.0
155993,episode/return,925.0
155993,episode/length,500.0
155994,episode/return,948.0
155994,episode/length,500.0
155995,episode/return,52.0
155995,episode/length,500.0
155996,episode/return,0.0
155996,episode/length,500.0
155997,episode/return,832.0
155997,episode/length,500.0
155998,episode/return,0.0
155998,episode/length,500.0
155999,episode/return,648.0
155999,episode/length,500.0
159992,episode/return,966.0
159992,episode/length,500.0
159993,episode/return,922.0
159993,episode/length,500.0
159994,episode/return,0.0
159994,episode/length,500.0
159995,episode/return,973.0
159995,episode/length,500.0
159996,episode/return,1000.0
159996,episode/length,500.0
159997,episode/return,303.0
159997,episode/length,500.0
159998,episode/return,905.0
159998,episode/length,500.0
159999,episode/return,981.0
159999,episode/length,500.0
160000,train/consistency_loss_mean,0.003313792905583978
160000,train/consistency_loss_std,0.0001663117879205729
160000,train/continue_loss_mean,0.0
160000,train/continue_loss_std,0.0
160000,train/grad_norm_mean,1.0401237914562225
160000,train/grad_norm_std,0.18208005207097314
160000,train/policy_log_std_mean,-0.6402324553966522
160000,train/policy_log_std_std,0.4681726266320373
160000,train/policy_loss_mean,-0.19238027765750884
160000,train/policy_loss_std,0.01172576656294389
160000,train/reward_loss_mean,0.11148683731555939
160000,train/reward_loss_std,0.012331539085850713
160000,train/total_loss_mean,0.10736124708056449
160000,train/total_loss_std,0.0040014118093630755
160000,train/value_loss_mean,0.299367044377327
160000,train/value_loss_std,0.015024605312648933
160000,train/value_scale_mean,178.09587062988282
160000,train/value_scale_std,0.49866592929362313
160000,timing/collect_chunk_s,101.23585389880463
160000,timing/train_chunk_s,20.58913011662662
160000,dense_rhs/training_bucket_horizon,3.0
160000,system/heartbeat,1.0
163992,episode/return,0.0
163992,episode/length,500.0
163993,episode/return,0.0
163993,episode/length,500.0
163994,episode/return,977.0
163994,episode/length,500.0
163995,episode/return,975.0
163995,episode/length,500.0
163996,episode/return,761.0
163996,episode/length,500.0
163997,episode/return,975.0
163997,episode/length,500.0
163998,episode/return,0.0
163998,episode/length,500.0
163999,episode/return,967.0
163999,episode/length,500.0
167992,episode/return,15.0
167992,episode/length,500.0
167993,episode/return,6.0
167993,episode/length,500.0
167994,episode/return,37.0
167994,episode/length,500.0
167995,episode/return,0.0
167995,episode/length,500.0
167996,episode/return,866.0
167996,episode/length,500.0
167997,episode/return,973.0
167997,episode/length,500.0
167998,episode/return,581.0
167998,episode/length,500.0
167999,episode/return,0.0
167999,episode/length,500.0
170000,train/consistency_loss_mean,0.0033140303345397114
170000,train/consistency_loss_std,0.0001675049124046585
170000,train/continue_loss_mean,0.0
170000,train/continue_loss_std,0.0
170000,train/grad_norm_mean,1.0191462459087373
170000,train/grad_norm_std,0.1756306927368477
170000,train/policy_log_std_mean,-0.6490876479625702
170000,train/policy_log_std_std,0.4530514629962693
170000,train/policy_loss_mean,-0.20693403841257096
170000,train/policy_loss_std,0.011614903866749605
170000,train/reward_loss_mean,0.11891063987612724
170000,train/reward_loss_std,0.012272992951854555
170000,train/total_loss_mean,0.1079999265730381
170000,train/total_loss_std,0.0039538370992039445
170000,train/value_loss_mean,0.2982825515985489
170000,train/value_loss_std,0.014189587580132388
170000,train/value_scale_mean,179.72590356445312
170000,train/value_scale_std,0.3141140372498168
170000,timing/collect_chunk_s,105.0338283535093
170000,timing/train_chunk_s,20.668926141690463
170000,dense_rhs/training_bucket_horizon,3.0
170000,system/heartbeat,1.0
171992,episode/return,841.0
171992,episode/length,500.0
171993,episode/return,912.0
171993,episode/length,500.0
171994,episode/return,919.0
171994,episode/length,500.0
171995,episode/return,968.0
171995,episode/length,500.0
171996,episode/return,975.0
171996,episode/length,500.0
171997,episode/return,491.0
171997,episode/length,500.0
171998,episode/return,196.0
171998,episode/length,500.0
171999,episode/return,45.0
171999,episode/length,500.0
175992,episode/return,941.0
175992,episode/length,500.0
175993,episode/return,935.0
175993,episode/length,500.0
175994,episode/return,979.0
175994,episode/length,500.0
175995,episode/return,686.0
175995,episode/length,500.0
175996,episode/return,980.0
175996,episode/length,500.0
175997,episode/return,928.0
175997,episode/length,500.0
175998,episode/return,819.0
175998,episode/length,500.0
175999,episode/return,0.0
175999,episode/length,500.0
179992,episode/return,0.0
179992,episode/length,500.0
179993,episode/return,861.0
179993,episode/length,500.0
179994,episode/return,834.0
179994,episode/length,500.0
179995,episode/return,907.0
179995,episode/length,500.0
179996,episode/return,794.0
179996,episode/length,500.0
179997,episode/return,312.0
179997,episode/length,500.0
179998,episode/return,911.0
179998,episode/length,500.0
179999,episode/return,0.0
179999,episode/length,500.0
180000,train/consistency_loss_mean,0.003344400585256517
180000,train/consistency_loss_std,0.00016858964434554184
180000,train/continue_loss_mean,0.0
180000,train/continue_loss_std,0.0
180000,train/grad_norm_mean,0.9999853808879853
180000,train/grad_norm_std,0.16782750529938484
180000,train/policy_log_std_mean,-0.6843427292346954
180000,train/policy_log_std_std,0.4769257588697321
180000,train/policy_loss_mean,-0.22051659870147705
180000,train/policy_loss_std,0.011375000549131991
180000,train/reward_loss_mean,0.1263161493897438
180000,train/reward_loss_std,0.012719182695379735
180000,train/total_loss_mean,0.11038886089324951
180000,train/total_loss_std,0.0040784437945650355
180000,train/value_loss_mean,0.3086923319339752
180000,train/value_loss_std,0.015014877855669814
180000,train/value_scale_mean,178.87309207763673
180000,train/value_scale_std,0.42073517239578473
180000,timing/collect_chunk_s,100.10940603772178
180000,timing/train_chunk_s,20.575579871423542
180000,dense_rhs/training_bucket_horizon,3.0
180000,system/heartbeat,1.0
183992,episode/return,915.0
183992,episode/length,500.0
183993,episode/return,926.0
183993,episode/length,500.0
183994,episode/return,974.0
183994,episode/length,500.0
183995,episode/return,856.0
183995,episode/length,500.0
183996,episode/return,615.0
183996,episode/length,500.0
183997,episode/return,983.0
183997,episode/length,500.0
183998,episode/return,727.0
183998,episode/length,500.0
183999,episode/return,533.0
183999,episode/length,500.0
187992,episode/return,941.0
187992,episode/length,500.0
187993,episode/return,0.0
187993,episode/length,500.0
187994,episode/return,232.0
187994,episode/length,500.0
187995,episode/return,803.0
187995,episode/length,500.0
187996,episode/return,970.0
187996,episode/length,500.0
187997,episode/return,992.0
187997,episode/length,500.0
187998,episode/return,967.0
187998,episode/length,500.0
187999,episode/return,899.0
187999,episode/length,500.0
190000,train/consistency_loss_mean,0.003344580230489373
190000,train/consistency_loss_std,0.00017318096137922242
190000,train/continue_loss_mean,0.0
190000,train/continue_loss_std,0.0
190000,train/grad_norm_mean,0.9806710863113404
190000,train/grad_norm_std,0.164058297578679
190000,train/policy_log_std_mean,-0.6805214605331421
190000,train/policy_log_std_std,0.4657264854999187
190000,train/policy_loss_mean,-0.23163729326725005
190000,train/policy_loss_std,0.011457166394453603
190000,train/reward_loss_mean,0.1346782009124756
190000,train/reward_loss_std,0.01279724325673336
190000,train/total_loss_mean,0.11205950666069985
190000,train/total_loss_std,0.0040805543537594255
190000,train/value_loss_mean,0.31700080926418306
190000,train/value_loss_std,0.013751498964733842
190000,train/value_scale_mean,180.20660059814452
190000,train/value_scale_std,0.511799141087616
190000,timing/collect_chunk_s,104.16248463839293
190000,timing/train_chunk_s,20.594573471695185
190000,dense_rhs/training_bucket_horizon,3.0
190000,system/heartbeat,1.0
191992,episode/return,963.0
191992,episode/length,500.0
191993,episode/return,157.0
191993,episode/length,500.0
191994,episode/return,575.0
191994,episode/length,500.0
191995,episode/return,39.0
191995,episode/length,500.0
191996,episode/return,0.0
191996,episode/length,500.0
191997,episode/return,1.0
191997,episode/length,500.0
191998,episode/return,973.0
191998,episode/length,500.0
191999,episode/return,659.0
191999,episode/length,500.0
195992,episode/return,386.0
195992,episode/length,500.0
195993,episode/return,963.0
195993,episode/length,500.0
195994,episode/return,0.0
195994,episode/length,500.0
195995,episode/return,861.0
195995,episode/length,500.0
195996,episode/return,816.0
195996,episode/length,500.0
195997,episode/return,794.0
195997,episode/length,500.0
195998,episode/return,483.0
195998,episode/length,500.0
195999,episode/return,1000.0
195999,episode/length,500.0
199992,episode/return,260.0
199992,episode/length,500.0
199993,episode/return,0.0
199993,episode/length,500.0
199994,episode/return,915.0
199994,episode/length,500.0
199995,episode/return,865.0
199995,episode/length,500.0
199996,episode/return,862.0
199996,episode/length,500.0
199997,episode/return,958.0
199997,episode/length,500.0
199998,episode/return,924.0
199998,episode/length,500.0
199999,episode/return,897.0
199999,episode/length,500.0
200000,train/consistency_loss_mean,0.0033489219216629863
200000,train/consistency_loss_std,0.00017771780108487997
200000,train/continue_loss_mean,0.0
200000,train/continue_loss_std,0.0
200000,train/grad_norm_mean,0.9655831381320953
200000,train/grad_norm_std,0.16162454917221228
200000,train/policy_log_std_mean,-0.680336595582962
200000,train/policy_log_std_std,0.45993263515540556
200000,train/policy_loss_mean,-0.24117976053953172
200000,train/policy_loss_std,0.01159988463816201
200000,train/reward_loss_mean,0.14022422280311583
200000,train/reward_loss_std,0.012769069400593412
200000,train/total_loss_mean,0.11138325883746147
200000,train/total_loss_std,0.004134582734082731
200000,train/value_loss_mean,0.30382396988868715
200000,train/value_loss_std,0.014776591626875078
200000,train/value_scale_mean,181.63592775878905
200000,train/value_scale_std,0.727240300015182
200000,timing/collect_chunk_s,99.87815127102658
200000,timing/train_chunk_s,20.5664568413049
200000,dense_rhs/training_bucket_horizon,3.0
200000,system/heartbeat,1.0
200000,timing/checkpoint_blocking_s,0.41737565910443664
200000,eval/return_mean,197.8000030517578
200000,eval/return_std,356.1153564453125
200000,eval/return_max,958.0
200000,eval/return_min,0.0
200000,timing/eval_s,11.102038143202662
200000,eval/selected_horizon,3.0
200000,eval/training_bucket_horizon,3.0
200000,system/heartbeat,1.0
203992,episode/return,0.0
203992,episode/length,500.0
203993,episode/return,0.0
203993,episode/length,500.0
203994,episode/return,929.0
203994,episode/length,500.0
203995,episode/return,885.0
203995,episode/length,500.0
203996,episode/return,942.0
203996,episode/length,500.0
203997,episode/return,1000.0
203997,episode/length,500.0
203998,episode/return,932.0
203998,episode/length,500.0
203999,episode/return,412.0
203999,episode/length,500.0
207992,episode/return,934.0
207992,episode/length,500.0
207993,episode/return,0.0
207993,episode/length,500.0
207994,episode/return,708.0
207994,episode/length,500.0
207995,episode/return,886.0
207995,episode/length,500.0
207996,episode/return,949.0
207996,episode/length,500.0
207997,episode/return,905.0
207997,episode/length,500.0
207998,episode/return,942.0
207998,episode/length,500.0
207999,episode/return,0.0
207999,episode/length,500.0
210000,train/consistency_loss_mean,0.0033249117594212293
210000,train/consistency_loss_std,0.00017495593037873707
210000,train/continue_loss_mean,0.0
210000,train/continue_loss_std,0.0
210000,train/grad_norm_mean,0.9468006721973419
210000,train/grad_norm_std,0.15246648985393382
210000,train/policy_log_std_mean,-0.677362501525879
210000,train/policy_log_std_std,0.4428060901033081
210000,train/policy_loss_mean,-0.25166297173500063
210000,train/policy_loss_std,0.011378015110011897
210000,train/reward_loss_mean,0.14640255554914475
210000,train/reward_loss_std,0.012766226389132057
210000,train/total_loss_mean,0.11026527295112609
210000,train/total_loss_std,0.0040015842101688796
210000,train/value_loss_mean,0.29126780812740327
210000,train/value_loss_std,0.01401736112078539
210000,train/value_scale_mean,183.71495991210938
210000,train/value_scale_std,0.35124972176340946
210000,timing/collect_chunk_s,104.75778763415292
210000,timing/train_chunk_s,20.58475010562688
210000,dense_rhs/training_bucket_horizon,3.0
210000,system/heartbeat,1.0
211992,episode/return,974.0
211992,episode/length,500.0
211993,episode/return,872.0
211993,episode/length,500.0
211994,episode/return,654.0
211994,episode/length,500.0
211995,episode/return,1000.0
211995,episode/length,500.0
211996,episode/return,0.0
211996,episode/length,500.0
211997,episode/return,938.0
211997,episode/length,500.0
211998,episode/return,959.0
211998,episode/length,500.0
211999,episode/return,941.0
211999,episode/length,500.0
215992,episode/return,880.0
215992,episode/length,500.0
215993,episode/return,197.0
215993,episode/length,500.0
215994,episode/return,338.0
215994,episode/length,500.0
215995,episode/return,909.0
215995,episode/length,500.0
215996,episode/return,934.0
215996,episode/length,500.0
215997,episode/return,481.0
215997,episode/length,500.0
215998,episode/return,0.0
215998,episode/length,500.0
215999,episode/return,904.0
215999,episode/length,500.0
219992,episode/return,0.0
219992,episode/length,500.0
219993,episode/return,941.0
219993,episode/length,500.0
219994,episode/return,960.0
219994,episode/length,500.0
219995,episode/return,940.0
219995,episode/length,500.0
219996,episode/return,970.0
219996,episode/length,500.0
219997,episode/return,904.0
219997,episode/length,500.0
219998,episode/return,33.0
219998,episode/length,500.0
219999,episode/return,0.0
219999,episode/length,500.0
220000,train/consistency_loss_mean,0.0033514152627438305
220000,train/consistency_loss_std,0.0001821772698545137
220000,train/continue_loss_mean,0.0
220000,train/continue_loss_std,0.0
220000,train/grad_norm_mean,0.9460184754371643
220000,train/grad_norm_std,0.15873427876183785
220000,train/policy_log_std_mean,-0.67116271443367
220000,train/policy_log_std_std,0.4262520159810913
220000,train/policy_loss_mean,-0.2605294443130493
220000,train/policy_loss_std,0.011395080597882879
220000,train/reward_loss_mean,0.15311584857702254
220000,train/reward_loss_std,0.012955066197656361
220000,train/total_loss_mean,0.11065541930198669
220000,train/total_loss_std,0.004135662721937364
220000,train/value_loss_mean,0.28315528450012206
220000,train/value_loss_std,0.01390074733939541
220000,train/value_scale_mean,184.75060721435545
220000,train/value_scale_std,0.2891358710790555
220000,timing/collect_chunk_s,104.45702844066545
220000,timing/train_chunk_s,20.621742848306894
220000,dense_rhs/training_bucket_horizon,3.0
220000,system/heartbeat,1.0
223992,episode/return,941.0
223992,episode/length,500.0
223993,episode/return,876.0
223993,episode/length,500.0
223994,episode/return,303.0
223994,episode/length,500.0
223995,episode/return,985.0
223995,episode/length,500.0
223996,episode/return,963.0
223996,episode/length,500.0
223997,episode/return,75.0
223997,episode/length,500.0
223998,episode/return,848.0
223998,episode/length,500.0
223999,episode/return,931.0
223999,episode/length,500.0
227992,episode/return,903.0
227992,episode/length,500.0
227993,episode/return,928.0
227993,episode/length,500.0
227994,episode/return,985.0
227994,episode/length,500.0
227995,episode/return,0.0
227995,episode/length,500.0
227996,episode/return,447.0
227996,episode/length,500.0
227997,episode/return,1000.0
227997,episode/length,500.0
227998,episode/return,0.0
227998,episode/length,500.0
227999,episode/return,885.0
227999,episode/length,500.0
230000,train/consistency_loss_mean,0.003363892363384366
230000,train/consistency_loss_std,0.00018026542182469793
230000,train/continue_loss_mean,0.0
230000,train/continue_loss_std,0.0
230000,train/grad_norm_mean,0.9298520013809204
230000,train/grad_norm_std,0.1509115818127506
230000,train/policy_log_std_mean,-0.6741694143772126
230000,train/policy_log_std_std,0.42247915314564416
230000,train/policy_loss_mean,-0.2686787379026413
230000,train/policy_loss_std,0.01150901262842912
230000,train/reward_loss_mean,0.15814565153121948
230000,train/reward_loss_std,0.013031905232696215
230000,train/total_loss_mean,0.11082654792666435
230000,train/total_loss_std,0.004054872503639036
230000,train/value_loss_mean,0.2773413428544998
230000,train/value_loss_std,0.01412745198010146
230000,train/value_scale_mean,184.74992989501953
230000,train/value_scale_std,0.19385248352803633
230000,timing/collect_chunk_s,108.92661956185475
230000,timing/train_chunk_s,20.673503334168345
230000,dense_rhs/training_bucket_horizon,3.0
230000,system/heartbeat,1.0
231992,episode/return,941.0
231992,episode/length,500.0
231993,episode/return,870.0
231993,episode/length,500.0
231994,episode/return,752.0
231994,episode/length,500.0
231995,episode/return,528.0
231995,episode/length,500.0
231996,episode/return,906.0
231996,episode/length,500.0
231997,episode/return,781.0
231997,episode/length,500.0
231998,episode/return,0.0
231998,episode/length,500.0
231999,episode/return,10.0
231999,episode/length,500.0
235992,episode/return,933.0
235992,episode/length,500.0
235993,episode/return,678.0
235993,episode/length,500.0
235994,episode/return,0.0
235994,episode/length,500.0
235995,episode/return,115.0
235995,episode/length,500.0
235996,episode/return,17.0
235996,episode/length,500.0
235997,episode/return,882.0
235997,episode/length,500.0
235998,episode/return,0.0
235998,episode/length,500.0
235999,episode/return,838.0
235999,episode/length,500.0
239992,episode/return,985.0
239992,episode/length,500.0
239993,episode/return,0.0
239993,episode/length,500.0
239994,episode/return,860.0
239994,episode/length,500.0
239995,episode/return,288.0
239995,episode/length,500.0
239996,episode/return,936.0
239996,episode/length,500.0
239997,episode/return,15.0
239997,episode/length,500.0
239998,episode/return,547.0
239998,episode/length,500.0
239999,episode/return,1000.0
239999,episode/length,500.0
240000,train/consistency_loss_mean,0.00336455358043313
240000,train/consistency_loss_std,0.00018586383000879686
240000,train/continue_loss_mean,0.0
240000,train/continue_loss_std,0.0
240000,train/grad_norm_mean,0.9226013766765595
240000,train/grad_norm_std,0.14876026888044466
240000,train/policy_log_std_mean,-0.6727332809448242
240000,train/policy_log_std_std,0.4298662425865948
240000,train/policy_loss_mean,-0.27382483880519864
240000,train/policy_loss_std,0.011145551280870572
240000,train/reward_loss_mean,0.1624636083960533
240000,train/reward_loss_std,0.012963196797512892
240000,train/total_loss_mean,0.11210171976089478
240000,train/total_loss_std,0.00423877783866078
240000,train/value_loss_mean,0.28564286048412324
240000,train/value_loss_std,0.01478650316000724
240000,train/value_scale_mean,184.76269697265624
240000,train/value_scale_std,0.10452817996506628
240000,timing/collect_chunk_s,103.20340501051396
240000,timing/train_chunk_s,20.646518074907362
240000,dense_rhs/training_bucket_horizon,3.0
240000,system/heartbeat,1.0
243992,episode/return,826.0
243992,episode/length,500.0
243993,episode/return,975.0
243993,episode/length,500.0
243994,episode/return,819.0
243994,episode/length,500.0
243995,episode/return,265.0
243995,episode/length,500.0
243996,episode/return,714.0
243996,episode/length,500.0
243997,episode/return,867.0
243997,episode/length,500.0
243998,episode/return,0.0
243998,episode/length,500.0
243999,episode/return,12.0
243999,episode/length,500.0
247992,episode/return,776.0
247992,episode/length,500.0
247993,episode/return,978.0
247993,episode/length,500.0
247994,episode/return,928.0
247994,episode/length,500.0
247995,episode/return,615.0
247995,episode/length,500.0
247996,episode/return,949.0
247996,episode/length,500.0
247997,episode/return,971.0
247997,episode/length,500.0
247998,episode/return,779.0
247998,episode/length,500.0
247999,episode/return,984.0
247999,episode/length,500.0
250000,train/consistency_loss_mean,0.0033917958967387674
250000,train/consistency_loss_std,0.00018302814935165242
250000,train/continue_loss_mean,0.0
250000,train/continue_loss_std,0.0
250000,train/grad_norm_mean,0.911205688238144
250000,train/grad_norm_std,0.14139432449791378
250000,train/policy_log_std_mean,-0.6822731804847717
250000,train/policy_log_std_std,0.4321874502862595
250000,train/policy_loss_mean,-0.27682659487724304
250000,train/policy_loss_std,0.011130723287524043
250000,train/reward_loss_mean,0.16599694080352784
250000,train/reward_loss_std,0.01322777130629924
250000,train/total_loss_mean,0.11382556698322296
250000,train/total_loss_std,0.00415272000210726
250000,train/value_loss_mean,0.29389954633712767
250000,train/value_loss_std,0.014405151160915643
250000,train/value_scale_mean,184.76272525634766
250000,train/value_scale_std,0.12206390700819597
250000,timing/collect_chunk_s,111.2443182663992
250000,timing/train_chunk_s,20.66156247537583
250000,dense_rhs/training_bucket_horizon,3.0
250000,system/heartbeat,1.0
250000,timing/checkpoint_blocking_s,0.4583408161997795
250000,eval/return_mean,584.4500122070312
250000,eval/return_std,399.83740234375
250000,eval/return_max,982.0
250000,eval/return_min,0.0
250000,timing/eval_s,11.320790218189359
250000,eval/selected_horizon,3.0
250000,eval/training_bucket_horizon,3.0
250000,system/heartbeat,1.0
251992,episode/return,943.0
251992,episode/length,500.0
251993,episode/return,3.0
251993,episode/length,500.0
251994,episode/return,9.0
251994,episode/length,500.0
251995,episode/return,983.0
251995,episode/length,500.0
251996,episode/return,954.0
251996,episode/length,500.0
251997,episode/return,961.0
251997,episode/length,500.0
251998,episode/return,565.0
251998,episode/length,500.0
251999,episode/return,2.0
251999,episode/length,500.0
255992,episode/return,939.0
255992,episode/length,500.0
255993,episode/return,499.0
255993,episode/length,500.0
255994,episode/return,830.0
255994,episode/length,500.0
255995,episode/return,1000.0
255995,episode/length,500.0
255996,episode/return,935.0
255996,episode/length,500.0
255997,episode/return,4.0
255997,episode/length,500.0
255998,episode/return,15.0
255998,episode/length,500.0
255999,episode/return,896.0
255999,episode/length,500.0
259992,episode/return,1000.0
259992,episode/length,500.0
259993,episode/return,929.0
259993,episode/length,500.0
259994,episode/return,967.0
259994,episode/length,500.0
259995,episode/return,820.0
259995,episode/length,500.0
259996,episode/return,973.0
259996,episode/length,500.0
259997,episode/return,131.0
259997,episode/length,500.0
259998,episode/return,964.0
259998,episode/length,500.0
259999,episode/return,863.0
259999,episode/length,500.0
260000,train/consistency_loss_mean,0.0033826092950999735
260000,train/consistency_loss_std,0.00018653601284552939
260000,train/continue_loss_mean,0.0
260000,train/continue_loss_std,0.0
260000,train/grad_norm_mean,0.9042703385829925
260000,train/grad_norm_std,0.13857316509277368
260000,train/policy_log_std_mean,-0.6801861329078674
260000,train/policy_log_std_std,0.4279954141696495
260000,train/policy_loss_mean,-0.2817771874666214
260000,train/policy_loss_std,0.011034844696186744
260000,train/reward_loss_mean,0.17055306302309037
260000,train/reward_loss_std,0.013415565563931038
260000,train/total_loss_mean,0.11449776673913002
260000,train/total_loss_std,0.004165286640527911
260000,train/value_loss_mean,0.2979027262687683
260000,train/value_loss_std,0.014206583030963529
260000,train/value_scale_mean,184.87512231445314
260000,train/value_scale_std,0.10685488287411989
260000,timing/collect_chunk_s,103.25254624150693
260000,timing/train_chunk_s,20.612752221524715
260000,dense_rhs/training_bucket_horizon,3.0
260000,system/heartbeat,1.0
263992,episode/return,1000.0
263992,episode/length,500.0
263993,episode/return,0.0
263993,episode/length,500.0
263994,episode/return,836.0
263994,episode/length,500.0
263995,episode/return,0.0
263995,episode/length,500.0
263996,episode/return,0.0
263996,episode/length,500.0
263997,episode/return,935.0
263997,episode/length,500.0
263998,episode/return,435.0
263998,episode/length,500.0
263999,episode/return,922.0
263999,episode/length,500.0
267992,episode/return,746.0
267992,episode/length,500.0
267993,episode/return,927.0
267993,episode/length,500.0
267994,episode/return,965.0
267994,episode/length,500.0
267995,episode/return,968.0
267995,episode/length,500.0
267996,episode/return,978.0
267996,episode/length,500.0
267997,episode/return,417.0
267997,episode/length,500.0
267998,episode/return,886.0
267998,episode/length,500.0
267999,episode/return,943.0
267999,episode/length,500.0
270000,train/consistency_loss_mean,0.0034091140953823925
270000,train/consistency_loss_std,0.0001866829941308258
270000,train/continue_loss_mean,0.0
270000,train/continue_loss_std,0.0
270000,train/grad_norm_mean,0.8961176849365234
270000,train/grad_norm_std,0.1376194128286229
270000,train/policy_log_std_mean,-0.6950190463066102
270000,train/policy_log_std_std,0.43700998093951854
270000,train/policy_loss_mean,-0.2839413268327713
270000,train/policy_loss_std,0.010901053797440882
270000,train/reward_loss_mean,0.17543493959903717
270000,train/reward_loss_std,0.013321262567068866
270000,train/total_loss_mean,0.11562314684987068
270000,train/total_loss_std,0.004202499203089535
270000,train/value_loss_mean,0.2989736925601959
270000,train/value_loss_std,0.013858787252358522
270000,train/value_scale_mean,185.03041247558593
270000,train/value_scale_std,0.1318843794223066
270000,timing/collect_chunk_s,102.41894127894193
270000,timing/train_chunk_s,20.625457277987152
270000,dense_rhs/training_bucket_horizon,3.0
270000,system/heartbeat,1.0
271992,episode/return,894.0
271992,episode/length,500.0
271993,episode/return,717.0
271993,episode/length,500.0
271994,episode/return,274.0
271994,episode/length,500.0
271995,episode/return,1000.0
271995,episode/length,500.0
271996,episode/return,606.0
271996,episode/length,500.0
271997,episode/return,883.0
271997,episode/length,500.0
271998,episode/return,864.0
271998,episode/length,500.0
271999,episode/return,955.0
271999,episode/length,500.0
275992,episode/return,0.0
275992,episode/length,500.0
275993,episode/return,678.0
275993,episode/length,500.0
275994,episode/return,6.0
275994,episode/length,500.0
275995,episode/return,919.0
275995,episode/length,500.0
275996,episode/return,0.0
275996,episode/length,500.0
275997,episode/return,0.0
275997,episode/length,500.0
275998,episode/return,849.0
275998,episode/length,500.0
275999,episode/return,968.0
275999,episode/length,500.0
279992,episode/return,0.0
279992,episode/length,500.0
279993,episode/return,618.0
279993,episode/length,500.0
279994,episode/return,918.0
279994,episode/length,500.0
279995,episode/return,959.0
279995,episode/length,500.0
279996,episode/return,937.0
279996,episode/length,500.0
279997,episode/return,0.0
279997,episode/length,500.0
279998,episode/return,3.0
279998,episode/length,500.0
279999,episode/return,983.0
279999,episode/length,500.0
280000,train/consistency_loss_mean,0.0034231695426627995
280000,train/consistency_loss_std,0.00019120630351999142
280000,train/continue_loss_mean,0.0
280000,train/continue_loss_std,0.0
280000,train/grad_norm_mean,0.8861112140655517
280000,train/grad_norm_std,0.13385931850245103
280000,train/policy_log_std_mean,-0.7132699959754943
280000,train/policy_log_std_std,0.4353805477340747
280000,train/policy_loss_mean,-0.2877879887342453
280000,train/policy_loss_std,0.011004394188558059
280000,train/reward_loss_mean,0.1790149178147316
280000,train/reward_loss_std,0.013397510007509491
280000,train/total_loss_mean,0.1157676886022091
280000,train/total_loss_std,0.004238083608092918
280000,train/value_loss_mean,0.29402804956436157
280000,train/value_loss_std,0.01346463831310623
280000,train/value_scale_mean,185.34753162841798
280000,train/value_scale_std,0.11746223900773126
280000,timing/collect_chunk_s,106.58200353709981
280000,timing/train_chunk_s,20.588201075792313
280000,dense_rhs/training_bucket_horizon,3.0
280000,system/heartbeat,1.0
283992,episode/return,549.0
283992,episode/length,500.0
283993,episode/return,602.0
283993,episode/length,500.0
283994,episode/return,844.0
283994,episode/length,500.0
283995,episode/return,864.0
283995,episode/length,500.0
283996,episode/return,533.0
283996,episode/length,500.0
283997,episode/return,953.0
283997,episode/length,500.0
283998,episode/return,11.0
283998,episode/length,500.0
283999,episode/return,858.0
283999,episode/length,500.0
287992,episode/return,969.0
287992,episode/length,500.0
287993,episode/return,797.0
287993,episode/length,500.0
287994,episode/return,956.0
287994,episode/length,500.0
287995,episode/return,969.0
287995,episode/length,500.0
287996,episode/return,840.0
287996,episode/length,500.0
287997,episode/return,63.0
287997,episode/length,500.0
287998,episode/return,2.0
287998,episode/length,500.0
287999,episode/return,899.0
287999,episode/length,500.0
290000,train/consistency_loss_mean,0.003451570568419993
290000,train/consistency_loss_std,0.000190332110499328
290000,train/continue_loss_mean,0.0
290000,train/continue_loss_std,0.0
290000,train/grad_norm_mean,0.8854087219715119
290000,train/grad_norm_std,0.1319690754712381
290000,train/policy_log_std_mean,-0.7246823712825775
290000,train/policy_log_std_std,0.4408441073410332
290000,train/policy_loss_mean,-0.28972964131832124
290000,train/policy_loss_std,0.010726392943973859
290000,train/reward_loss_mean,0.18117542729377747
290000,train/reward_loss_std,0.013333837059745482
290000,train/total_loss_mean,0.11729534348845481
290000,train/total_loss_std,0.004272259086038015
290000,train/value_loss_mean,0.30146388285160064
290000,train/value_loss_std,0.014149644271696207
290000,train/value_scale_mean,185.3118506591797
290000,train/value_scale_std,0.08405144186926114
290000,timing/collect_chunk_s,101.81404852354899
290000,timing/train_chunk_s,20.59746600408107
290000,dense_rhs/training_bucket_horizon,3.0
290000,system/heartbeat,1.0
291992,episode/return,949.0
291992,episode/length,500.0
291993,episode/return,733.0
291993,episode/length,500.0
291994,episode/return,0.0
291994,episode/length,500.0
291995,episode/return,794.0
291995,episode/length,500.0
291996,episode/return,6.0
291996,episode/length,500.0
291997,episode/return,862.0
291997,episode/length,500.0
291998,episode/return,0.0
291998,episode/length,500.0
291999,episode/return,0.0
291999,episode/length,500.0
295992,episode/return,1000.0
295992,episode/length,500.0
295993,episode/return,950.0
295993,episode/length,500.0
295994,episode/return,1000.0
295994,episode/length,500.0
295995,episode/return,1000.0
295995,episode/length,500.0
295996,episode/return,838.0
295996,episode/length,500.0
295997,episode/return,886.0
295997,episode/length,500.0
295998,episode/return,350.0
295998,episode/length,500.0
295999,episode/return,968.0
295999,episode/length,500.0
299992,episode/return,971.0
299992,episode/length,500.0
299993,episode/return,920.0
299993,episode/length,500.0
299994,episode/return,814.0
299994,episode/length,500.0
299995,episode/return,913.0
299995,episode/length,500.0
299996,episode/return,776.0
299996,episode/length,500.0
299997,episode/return,898.0
299997,episode/length,500.0
299998,episode/return,189.0
299998,episode/length,500.0
299999,episode/return,824.0
299999,episode/length,500.0
300000,train/consistency_loss_mean,0.003444929538294673
300000,train/consistency_loss_std,0.00019123397106221533
300000,train/continue_loss_mean,0.0
300000,train/continue_loss_std,0.0
300000,train/grad_norm_mean,0.8796511165618897
300000,train/grad_norm_std,0.12970146150262876
300000,train/policy_log_std_mean,-0.7343544800758361
300000,train/policy_log_std_std,0.44989143869988435
300000,train/policy_loss_mean,-0.2887918399333954
300000,train/policy_loss_std,0.010935356246506284
300000,train/reward_loss_mean,0.18439819824695586
300000,train/reward_loss_std,0.013535666372081983
300000,train/total_loss_mean,0.11826395618915558
300000,train/total_loss_std,0.004282658287663024
300000,train/value_loss_mean,0.3092554364204407
300000,train/value_loss_std,0.01457829726988249
300000,train/value_scale_mean,185.2677310546875
300000,train/value_scale_std,0.0661804199834421
300000,timing/collect_chunk_s,101.30586236482486
300000,timing/train_chunk_s,20.61696727294475
300000,dense_rhs/training_bucket_horizon,3.0
300000,system/heartbeat,1.0
300000,timing/checkpoint_blocking_s,0.44312364188954234
300000,eval/return_mean,556.0
300000,eval/return_std,451.8674621582031
300000,eval/return_max,986.0
300000,eval/return_min,0.0
300000,timing/eval_s,10.957855029962957
300000,eval/selected_horizon,3.0
300000,eval/training_bucket_horizon,3.0
300000,system/heartbeat,1.0
303992,episode/return,41.0
303992,episode/length,500.0
303993,episode/return,922.0
303993,episode/length,500.0
303994,episode/return,955.0
303994,episode/length,500.0
303995,episode/return,29.0
303995,episode/length,500.0
303996,episode/return,926.0
303996,episode/length,500.0
303997,episode/return,930.0
303997,episode/length,500.0
303998,episode/return,984.0
303998,episode/length,500.0
303999,episode/return,983.0
303999,episode/length,500.0
307992,episode/return,820.0
307992,episode/length,500.0
307993,episode/return,5.0
307993,episode/length,500.0
307994,episode/return,802.0
307994,episode/length,500.0
307995,episode/return,0.0
307995,episode/length,500.0
307996,episode/return,762.0
307996,episode/length,500.0
307997,episode/return,943.0
307997,episode/length,500.0
307998,episode/return,829.0
307998,episode/length,500.0
307999,episode/return,896.0
307999,episode/length,500.0
310000,train/consistency_loss_mean,0.003439738208428025
310000,train/consistency_loss_std,0.00019145997211349473
310000,train/continue_loss_mean,0.0
310000,train/continue_loss_std,0.0
310000,train/grad_norm_mean,0.8764938376426696
310000,train/grad_norm_std,0.12846848320393733
310000,train/policy_log_std_mean,-0.7423815333366394
310000,train/policy_log_std_std,0.45597371581981044
310000,train/policy_loss_mean,-0.2868359982728958
310000,train/policy_loss_std,0.010733888740283125
310000,train/reward_loss_mean,0.18833464633226393
310000,train/reward_loss_std,0.013258286286198823
310000,train/total_loss_mean,0.11938332564234734
310000,train/total_loss_std,0.004321655857464037
310000,train/value_loss_mean,0.31755095167160036
310000,train/value_loss_std,0.014741682134162899
310000,train/value_scale_mean,185.44656856689454
310000,train/value_scale_std,0.10454013143187336
310000,timing/collect_chunk_s,109.6351797003299
310000,timing/train_chunk_s,20.63142228219658
310000,dense_rhs/training_bucket_horizon,3.0
310000,system/heartbeat,1.0
311992,episode/return,975.0
311992,episode/length,500.0
311993,episode/return,0.0
311993,episode/length,500.0
311994,episode/return,948.0
311994,episode/length,500.0
311995,episode/return,950.0
311995,episode/length,500.0
311996,episode/return,0.0
311996,episode/length,500.0
311997,episode/return,970.0
311997,episode/length,500.0
311998,episode/return,908.0
311998,episode/length,500.0
311999,episode/return,720.0
311999,episode/length,500.0
315992,episode/return,844.0
315992,episode/length,500.0
315993,episode/return,964.0
315993,episode/length,500.0
315994,episode/return,965.0
315994,episode/length,500.0
315995,episode/return,867.0
315995,episode/length,500.0
315996,episode/return,2.0
315996,episode/length,500.0
315997,episode/return,772.0
315997,episode/length,500.0
315998,episode/return,963.0
315998,episode/length,500.0
315999,episode/return,1000.0
315999,episode/length,500.0
319992,episode/return,970.0
319992,episode/length,500.0
319993,episode/return,971.0
319993,episode/length,500.0
319994,episode/return,729.0
319994,episode/length,500.0
319995,episode/return,972.0
319995,episode/length,500.0
319996,episode/return,22.0
319996,episode/length,500.0
319997,episode/return,942.0
319997,episode/length,500.0
319998,episode/return,845.0
319998,episode/length,500.0
319999,episode/return,945.0
319999,episode/length,500.0
320000,train/consistency_loss_mean,0.0034317100651562213
320000,train/consistency_loss_std,0.00018937666374241037
320000,train/continue_loss_mean,0.0
320000,train/continue_loss_std,0.0
320000,train/grad_norm_mean,0.8646275523662568
320000,train/grad_norm_std,0.12632247351233006
320000,train/policy_log_std_mean,-0.7408586087703705
320000,train/policy_log_std_std,0.4451822916222547
320000,train/policy_loss_mean,-0.2937001903057098
320000,train/policy_loss_std,0.011031248567145107
320000,train/reward_loss_mean,0.19129916907548905
320000,train/reward_loss_std,0.013345776966652456
320000,train/total_loss_mean,0.12011692183613777
320000,train/total_loss_std,0.004236337224326752
320000,train/value_loss_mean,0.3235280239582062
320000,train/value_loss_std,0.014092416899332095
320000,train/value_scale_mean,185.48653195800782
320000,train/value_scale_std,0.13411633361459666
320000,timing/collect_chunk_s,102.82009064499289
320000,timing/train_chunk_s,20.664776619989425
320000,dense_rhs/training_bucket_horizon,3.0
320000,system/heartbeat,1.0
323992,episode/return,893.0
323992,episode/length,500.0
323993,episode/return,947.0
323993,episode/length,500.0
323994,episode/return,941.0
323994,episode/length,500.0
323995,episode/return,899.0
323995,episode/length,500.0
323996,episode/return,962.0
323996,episode/length,500.0
323997,episode/return,876.0
323997,episode/length,500.0
323998,episode/return,911.0
323998,episode/length,500.0
323999,episode/return,7.0
323999,episode/length,500.0
327992,episode/return,842.0
327992,episode/length,500.0
327993,episode/return,946.0
327993,episode/length,500.0
327994,episode/return,912.0
327994,episode/length,500.0
327995,episode/return,913.0
327995,episode/length,500.0
327996,episode/return,0.0
327996,episode/length,500.0
327997,episode/return,925.0
327997,episode/length,500.0
327998,episode/return,970.0
327998,episode/length,500.0
327999,episode/return,0.0
327999,episode/length,500.0
330000,train/consistency_loss_mean,0.0034197246795520187
330000,train/consistency_loss_std,0.000190630419002059
330000,train/continue_loss_mean,0.0
330000,train/continue_loss_std,0.0
330000,train/grad_norm_mean,0.8564404311656952
330000,train/grad_norm_std,0.1247779087047657
330000,train/policy_log_std_mean,-0.738439190196991
330000,train/policy_log_std_std,0.4355634786342683
330000,train/policy_loss_mean,-0.30238517122268677
330000,train/policy_loss_std,0.010651103764224438
330000,train/reward_loss_mean,0.1957636762857437
330000,train/reward_loss_std,0.013277694614409204
330000,train/total_loss_mean,0.12096723858118057
330000,train/total_loss_std,0.0042768816842892856
330000,train/value_loss_mean,0.3299637514591217
330000,train/value_loss_std,0.014282895098753546
330000,train/value_scale_mean,184.8992003540039
330000,train/value_scale_std,0.12514621417357447
330000,timing/collect_chunk_s,101.57634650636464
330000,timing/train_chunk_s,20.63168550375849
330000,dense_rhs/training_bucket_horizon,3.0
330000,system/heartbeat,1.0
331992,episode/return,939.0
331992,episode/length,500.0
331993,episode/return,969.0
331993,episode/length,500.0
331994,episode/return,0.0
331994,episode/length,500.0
331995,episode/return,944.0
331995,episode/length,500.0
331996,episode/return,969.0
331996,episode/length,500.0
331997,episode/return,938.0
331997,episode/length,500.0
331998,episode/return,949.0
331998,episode/length,500.0
331999,episode/return,918.0
331999,episode/length,500.0
335992,episode/return,983.0
335992,episode/length,500.0
335993,episode/return,777.0
335993,episode/length,500.0
335994,episode/return,0.0
335994,episode/length,500.0
335995,episode/return,5.0
335995,episode/length,500.0
335996,episode/return,924.0
335996,episode/length,500.0
335997,episode/return,998.0
335997,episode/length,500.0
335998,episode/return,665.0
335998,episode/length,500.0
335999,episode/return,964.0
335999,episode/length,500.0
339992,episode/return,981.0
339992,episode/length,500.0
339993,episode/return,980.0
339993,episode/length,500.0
339994,episode/return,1000.0
339994,episode/length,500.0
339995,episode/return,910.0
339995,episode/length,500.0
339996,episode/return,811.0
339996,episode/length,500.0
339997,episode/return,905.0
339997,episode/length,500.0
339998,episode/return,4.0
339998,episode/length,500.0
339999,episode/return,837.0
339999,episode/length,500.0
340000,train/consistency_loss_mean,0.003394997110590339
340000,train/consistency_loss_std,0.0001929941349665897
340000,train/continue_loss_mean,0.0
340000,train/continue_loss_std,0.0
340000,train/grad_norm_mean,0.8473166060447693
340000,train/grad_norm_std,0.12631090100462658
340000,train/policy_log_std_mean,-0.735944413805008
340000,train/policy_log_std_std,0.4307300090471341
340000,train/policy_loss_mean,-0.30744623494148254
340000,train/policy_loss_std,0.010400034214877433
340000,train/reward_loss_mean,0.19923272140026094
340000,train/reward_loss_std,0.013367725009159571
340000,train/total_loss_mean,0.12053380900025368
340000,train/total_loss_std,0.004256268313507388
340000,train/value_loss_mean,0.3271059323310852
340000,train/value_loss_std,0.013652924683632117
340000,train/value_scale_mean,184.79065603027342
340000,train/value_scale_std,0.08739365635751403
340000,timing/collect_chunk_s,110.50159838236868
340000,timing/train_chunk_s,20.627386899199337
340000,dense_rhs/training_bucket_horizon,3.0
340000,system/heartbeat,1.0
343992,episode/return,502.0
343992,episode/length,500.0
343993,episode/return,974.0
343993,episode/length,500.0
343994,episode/return,962.0
343994,episode/length,500.0
343995,episode/return,924.0
343995,episode/length,500.0
343996,episode/return,961.0
343996,episode/length,500.0
343997,episode/return,886.0
343997,episode/length,500.0
343998,episode/return,1000.0
343998,episode/length,500.0
343999,episode/return,953.0
343999,episode/length,500.0
347992,episode/return,1000.0
347992,episode/length,500.0
347993,episode/return,4.0
347993,episode/length,500.0
347994,episode/return,974.0
347994,episode/length,500.0
347995,episode/return,777.0
347995,episode/length,500.0
347996,episode/return,0.0
347996,episode/length,500.0
347997,episode/return,981.0
347997,episode/length,500.0
347998,episode/return,780.0
347998,episode/length,500.0
347999,episode/return,965.0
347999,episode/length,500.0
350000,train/consistency_loss_mean,0.0033936509452760217
350000,train/consistency_loss_std,0.0001918556168755743
350000,train/continue_loss_mean,0.0
350000,train/continue_loss_std,0.0
350000,train/grad_norm_mean,0.8433441466331482
350000,train/grad_norm_std,0.1264731039189159
350000,train/policy_log_std_mean,-0.7361580696105957
350000,train/policy_log_std_std,0.42338586178289833
350000,train/policy_loss_mean,-0.31338902578353883
350000,train/policy_loss_std,0.010530343966865616
350000,train/reward_loss_mean,0.20354928597211838
350000,train/reward_loss_std,0.013490307243520962
350000,train/total_loss_mean,0.12066070617437363
350000,train/total_loss_std,0.004259998036806351
350000,train/value_loss_mean,0.32432756593227385
350000,train/value_loss_std,0.013814216616963419
350000,train/value_scale_mean,184.80072067871095
350000,train/value_scale_std,0.06848177898082601
350000,timing/collect_chunk_s,104.40908724069595
350000,timing/train_chunk_s,20.660442632623017
350000,dense_rhs/training_bucket_horizon,3.0
350000,system/heartbeat,1.0
350000,timing/checkpoint_blocking_s,0.44806906301528215
350000,eval/return_mean,732.5999755859375
350000,eval/return_std,370.2579345703125
350000,eval/return_max,986.0
350000,eval/return_min,0.0
350000,timing/eval_s,10.929339461028576
350000,eval/selected_horizon,3.0
350000,eval/training_bucket_horizon,3.0
350000,system/heartbeat,1.0
351992,episode/return,968.0
351992,episode/length,500.0
351993,episode/return,960.0
351993,episode/length,500.0
351994,episode/return,969.0
351994,episode/length,500.0
351995,episode/return,943.0
351995,episode/length,500.0
351996,episode/return,895.0
351996,episode/length,500.0
351997,episode/return,958.0
351997,episode/length,500.0
351998,episode/return,874.0
351998,episode/length,500.0
351999,episode/return,638.0
351999,episode/length,500.0
355992,episode/return,0.0
355992,episode/length,500.0
355993,episode/return,1000.0
355993,episode/length,500.0
355994,episode/return,819.0
355994,episode/length,500.0
355995,episode/return,0.0
355995,episode/length,500.0
355996,episode/return,8.0
355996,episode/length,500.0
355997,episode/return,981.0
355997,episode/length,500.0
355998,episode/return,971.0
355998,episode/length,500.0
355999,episode/return,910.0
355999,episode/length,500.0
359992,episode/return,964.0
359992,episode/length,500.0
359993,episode/return,728.0
359993,episode/length,500.0
359994,episode/return,982.0
359994,episode/length,500.0
359995,episode/return,1000.0
359995,episode/length,500.0
359996,episode/return,968.0
359996,episode/length,500.0
359997,episode/return,407.0
359997,episode/length,500.0
359998,episode/return,879.0
359998,episode/length,500.0
359999,episode/return,937.0
359999,episode/length,500.0
360000,train/consistency_loss_mean,0.0033894298698753118
360000,train/consistency_loss_std,0.000193741482722759
360000,train/continue_loss_mean,0.0
360000,train/continue_loss_std,0.0
360000,train/grad_norm_mean,0.840854949092865
360000,train/grad_norm_std,0.12373500277650029
360000,train/policy_log_std_mean,-0.7408248408794403
360000,train/policy_log_std_std,0.4184953884342795
360000,train/policy_loss_mean,-0.3169520396947861
360000,train/policy_loss_std,0.010257484026356284
360000,train/reward_loss_mean,0.20828779734373093
360000,train/reward_loss_std,0.013830693374116309
360000,train/total_loss_mean,0.12140432912707329
360000,train/total_loss_std,0.004285291975630968
360000,train/value_loss_mean,0.32786949336528776
360000,train/value_loss_std,0.013816553295204795
360000,train/value_scale_mean,184.76907028808594
360000,train/value_scale_std,0.07889392473141726
360000,timing/collect_chunk_s,103.65678212745115
360000,timing/train_chunk_s,20.618688352406025
360000,dense_rhs/training_bucket_horizon,3.0
360000,system/heartbeat,1.0
363992,episode/return,24.0
363992,episode/length,500.0
363993,episode/return,869.0
363993,episode/length,500.0
363994,episode/return,909.0
363994,episode/length,500.0
363995,episode/return,862.0
363995,episode/length,500.0
363996,episode/return,298.0
363996,episode/length,500.0
363997,episode/return,758.0
363997,episode/length,500.0
363998,episode/return,950.0
363998,episode/length,500.0
363999,episode/return,952.0
363999,episode/length,500.0
367992,episode/return,969.0
367992,episode/length,500.0
367993,episode/return,970.0
367993,episode/length,500.0
367994,episode/return,931.0
367994,episode/length,500.0
367995,episode/return,942.0
367995,episode/length,500.0
367996,episode/return,883.0
367996,episode/length,500.0
367997,episode/return,642.0
367997,episode/length,500.0
367998,episode/return,970.0
367998,episode/length,500.0
367999,episode/return,526.0
367999,episode/length,500.0
370000,train/consistency_loss_mean,0.0033936696309596302
370000,train/consistency_loss_std,0.0001938256240750842
370000,train/continue_loss_mean,0.0
370000,train/continue_loss_std,0.0
370000,train/grad_norm_mean,0.8302929049491883
370000,train/grad_norm_std,0.1186180029361901
370000,train/policy_log_std_mean,-0.7355297780990601
370000,train/policy_log_std_std,0.4096692201560041
370000,train/policy_loss_mean,-0.32065348744392397
370000,train/policy_loss_std,0.010220948824739229
370000,train/reward_loss_mean,0.2107072578191757
370000,train/reward_loss_std,0.013655335114175042
370000,train/total_loss_mean,0.1216172782599926
370000,train/total_loss_std,0.004304439325527491
370000,train/value_loss_mean,0.3267315787792206
370000,train/value_loss_std,0.014083968414937078
370000,train/value_scale_mean,184.81120965576173
370000,train/value_scale_std,0.0724435924364772
370000,timing/collect_chunk_s,110.60096055967733
370000,timing/train_chunk_s,20.596541271544993
370000,dense_rhs/training_bucket_horizon,3.0
370000,system/heartbeat,1.0
371992,episode/return,572.0
371992,episode/length,500.0
371993,episode/return,986.0
371993,episode/length,500.0
371994,episode/return,985.0
371994,episode/length,500.0
371995,episode/return,965.0
371995,episode/length,500.0
371996,episode/return,954.0
371996,episode/length,500.0
371997,episode/return,940.0
371997,episode/length,500.0
371998,episode/return,946.0
371998,episode/length,500.0
371999,episode/return,2.0
371999,episode/length,500.0
375992,episode/return,501.0
375992,episode/length,500.0
375993,episode/return,0.0
375993,episode/length,500.0
375994,episode/return,922.0
375994,episode/length,500.0
375995,episode/return,359.0
375995,episode/length,500.0
375996,episode/return,972.0
375996,episode/length,500.0
375997,episode/return,938.0
375997,episode/length,500.0
375998,episode/return,5.0
375998,episode/length,500.0
375999,episode/return,990.0
375999,episode/length,500.0
379992,episode/return,967.0
379992,episode/length,500.0
379993,episode/return,980.0
379993,episode/length,500.0
379994,episode/return,3.0
379994,episode/length,500.0
379995,episode/return,959.0
379995,episode/length,500.0
379996,episode/return,981.0
379996,episode/length,500.0
379997,episode/return,850.0
379997,episode/length,500.0
379998,episode/return,917.0
379998,episode/length,500.0
379999,episode/return,6.0
379999,episode/length,500.0
380000,train/consistency_loss_mean,0.003400069458596408
380000,train/consistency_loss_std,0.00019480127518221676
380000,train/continue_loss_mean,0.0
380000,train/continue_loss_std,0.0
380000,train/grad_norm_mean,0.8267446439266205
380000,train/grad_norm_std,0.11860874578904346
380000,train/policy_log_std_mean,-0.7389934306144714
380000,train/policy_log_std_std,0.39486904685105323
380000,train/policy_loss_mean,-0.3237796627044678
380000,train/policy_loss_std,0.01002621208117609
380000,train/reward_loss_mean,0.2136335631489754
380000,train/reward_loss_std,0.013596532345559822
380000,train/total_loss_mean,0.12190576670765876
380000,train/total_loss_std,0.004327775847988117
380000,train/value_loss_mean,0.3254101856470108
380000,train/value_loss_std,0.014180211071526132
380000,train/value_scale_mean,184.5682383544922
380000,train/value_scale_std,0.21941705574780437
380000,timing/collect_chunk_s,102.25792506756261
380000,timing/train_chunk_s,20.61547375191003
380000,dense_rhs/training_bucket_horizon,3.0
380000,system/heartbeat,1.0
383992,episode/return,964.0
383992,episode/length,500.0
383993,episode/return,938.0
383993,episode/length,500.0
383994,episode/return,281.0
383994,episode/length,500.0
383995,episode/return,104.0
383995,episode/length,500.0
383996,episode/return,715.0
383996,episode/length,500.0
383997,episode/return,0.0
383997,episode/length,500.0
383998,episode/return,967.0
383998,episode/length,500.0
383999,episode/return,818.0
383999,episode/length,500.0
387992,episode/return,0.0
387992,episode/length,500.0
387993,episode/return,971.0
387993,episode/length,500.0
387994,episode/return,572.0
387994,episode/length,500.0
387995,episode/return,939.0
387995,episode/length,500.0
387996,episode/return,913.0
387996,episode/length,500.0
387997,episode/return,971.0
387997,episode/length,500.0
387998,episode/return,899.0
387998,episode/length,500.0
387999,episode/return,932.0
387999,episode/length,500.0
390000,train/consistency_loss_mean,0.0033939368311315774
390000,train/consistency_loss_std,0.0001975760075802115
390000,train/continue_loss_mean,0.0
390000,train/continue_loss_std,0.0
390000,train/grad_norm_mean,0.8282634458065034
390000,train/grad_norm_std,0.12258206330216923
390000,train/policy_log_std_mean,-0.7565921809196472
390000,train/policy_log_std_std,0.3949166346845073
390000,train/policy_loss_mean,-0.327540963935852
390000,train/policy_loss_std,0.010077080260227838
390000,train/reward_loss_mean,0.2168828416109085
390000,train/reward_loss_std,0.01378374682373059
390000,train/total_loss_mean,0.12226093076467515
390000,train/total_loss_std,0.004337741853247724
390000,train/value_loss_mean,0.32693907306194303
390000,train/value_loss_std,0.013712825710412178
390000,train/value_scale_mean,183.02569008789064
390000,train/value_scale_std,0.578088748736861
390000,timing/collect_chunk_s,103.25857891561463
390000,timing/train_chunk_s,20.568310165777802
390000,dense_rhs/training_bucket_horizon,3.0
390000,system/heartbeat,1.0
391992,episode/return,393.0
391992,episode/length,500.0
391993,episode/return,953.0
391993,episode/length,500.0
391994,episode/return,705.0
391994,episode/length,500.0
391995,episode/return,874.0
391995,episode/length,500.0
391996,episode/return,434.0
391996,episode/length,500.0
391997,episode/return,895.0
391997,episode/length,500.0
391998,episode/return,877.0
391998,episode/length,500.0
391999,episode/return,951.0
391999,episode/length,500.0
395992,episode/return,967.0
395992,episode/length,500.0
395993,episode/return,964.0
395993,episode/length,500.0
395994,episode/return,688.0
395994,episode/length,500.0
395995,episode/return,974.0
395995,episode/length,500.0
395996,episode/return,72.0
395996,episode/length,500.0
395997,episode/return,675.0
395997,episode/length,500.0
395998,episode/return,987.0
395998,episode/length,500.0
395999,episode/return,922.0
395999,episode/length,500.0
399992,episode/return,904.0
399992,episode/length,500.0
399993,episode/return,972.0
399993,episode/length,500.0
399994,episode/return,884.0
399994,episode/length,500.0
399995,episode/return,948.0
399995,episode/length,500.0
399996,episode/return,976.0
399996,episode/length,500.0
399997,episode/return,1000.0
399997,episode/length,500.0
399998,episode/return,925.0
399998,episode/length,500.0
399999,episode/return,975.0
399999,episode/length,500.0
400000,train/consistency_loss_mean,0.003385141712799668
400000,train/consistency_loss_std,0.00019749612583117566
400000,train/continue_loss_mean,0.0
400000,train/continue_loss_std,0.0
400000,train/grad_norm_mean,0.8181256419658661
400000,train/grad_norm_std,0.1208540178641941
400000,train/policy_log_std_mean,-0.7756488877296448
400000,train/policy_log_std_std,0.39965273825884
400000,train/policy_loss_mean,-0.33342112126350404
400000,train/policy_loss_std,0.010174095947916083
400000,train/reward_loss_mean,0.2195663983821869
400000,train/reward_loss_std,0.013744370282341774
400000,train/total_loss_mean,0.12172507122159004
400000,train/total_loss_std,0.0043272370116076465
400000,train/value_loss_mean,0.3206559448242188
400000,train/value_loss_std,0.013001453241488667
400000,train/value_scale_mean,181.22982537841796
400000,train/value_scale_std,0.7918942057713795
400000,timing/collect_chunk_s,110.79066906124353
400000,timing/train_chunk_s,20.610625711735338
400000,dense_rhs/training_bucket_horizon,3.0
400000,system/heartbeat,1.0
400000,timing/checkpoint_blocking_s,0.45097496919333935
400000,eval/return_mean,645.0
400000,eval/return_std,423.88018798828125
400000,eval/return_max,1000.0
400000,eval/return_min,0.0
400000,timing/eval_s,11.080896127969027
400000,eval/selected_horizon,3.0
400000,eval/training_bucket_horizon,3.0
400000,system/heartbeat,1.0
403992,episode/return,253.0
403992,episode/length,500.0
403993,episode/return,965.0
403993,episode/length,500.0
403994,episode/return,987.0
403994,episode/length,500.0
403995,episode/return,971.0
403995,episode/length,500.0
403996,episode/return,909.0
403996,episode/length,500.0
403997,episode/return,337.0
403997,episode/length,500.0
403998,episode/return,918.0
403998,episode/length,500.0
403999,episode/return,804.0
403999,episode/length,500.0
407992,episode/return,934.0
407992,episode/length,500.0
407993,episode/return,1000.0
407993,episode/length,500.0
407994,episode/return,0.0
407994,episode/length,500.0
407995,episode/return,966.0
407995,episode/length,500.0
407996,episode/return,9.0
407996,episode/length,500.0
407997,episode/return,3.0
407997,episode/length,500.0
407998,episode/return,913.0
407998,episode/length,500.0
407999,episode/return,880.0
407999,episode/length,500.0
410000,train/consistency_loss_mean,0.0033808499660342934
410000,train/consistency_loss_std,0.00019764759547733057
410000,train/continue_loss_mean,0.0
410000,train/continue_loss_std,0.0
410000,train/grad_norm_mean,0.8040741408824921
410000,train/grad_norm_std,0.11495478973412555
410000,train/policy_log_std_mean,-0.7888834383964538
410000,train/policy_log_std_std,0.39953700718975327
410000,train/policy_loss_mean,-0.34299562397003175
410000,train/policy_loss_std,0.010486983088058786
410000,train/reward_loss_mean,0.22172033144235612
410000,train/reward_loss_std,0.013811923596717119
410000,train/total_loss_mean,0.12108269540667534
410000,train/total_loss_std,0.004268057175905307
410000,train/value_loss_mean,0.31293662111759185
410000,train/value_loss_std,0.012536868500828696
410000,train/value_scale_mean,178.61150490722656
410000,train/value_scale_std,0.977157433979108
410000,timing/collect_chunk_s,103.02416802942753
410000,timing/train_chunk_s,20.59813820756972
410000,dense_rhs/training_bucket_horizon,3.0
410000,system/heartbeat,1.0
411992,episode/return,926.0
411992,episode/length,500.0
411993,episode/return,859.0
411993,episode/length,500.0
411994,episode/return,954.0
411994,episode/length,500.0
411995,episode/return,850.0
411995,episode/length,500.0
411996,episode/return,909.0
411996,episode/length,500.0
411997,episode/return,937.0
411997,episode/length,500.0
411998,episode/return,876.0
411998,episode/length,500.0
411999,episode/return,951.0
411999,episode/length,500.0
415992,episode/return,898.0
415992,episode/length,500.0
415993,episode/return,970.0
415993,episode/length,500.0
415994,episode/return,977.0
415994,episode/length,500.0
415995,episode/return,816.0
415995,episode/length,500.0
415996,episode/return,0.0
415996,episode/length,500.0
415997,episode/return,992.0
415997,episode/length,500.0
415998,episode/return,966.0
415998,episode/length,500.0
415999,episode/return,866.0
415999,episode/length,500.0
419992,episode/return,975.0
419992,episode/length,500.0
419993,episode/return,937.0
419993,episode/length,500.0
419994,episode/return,969.0
419994,episode/length,500.0
419995,episode/return,951.0
419995,episode/length,500.0
419996,episode/return,933.0
419996,episode/length,500.0
419997,episode/return,954.0
419997,episode/length,500.0
419998,episode/return,896.0
419998,episode/length,500.0
419999,episode/return,936.0
419999,episode/length,500.0
420000,train/consistency_loss_mean,0.003376279488392174
420000,train/consistency_loss_std,0.00019530521273408477
420000,train/continue_loss_mean,0.0
420000,train/continue_loss_std,0.0
420000,train/grad_norm_mean,0.796123318862915
420000,train/grad_norm_std,0.11943397320076811
420000,train/policy_log_std_mean,-0.7900970762252808
420000,train/policy_log_std_std,0.3993656256737382
420000,train/policy_loss_mean,-0.352986776804924
420000,train/policy_loss_std,0.010409860783133131
420000,train/reward_loss_mean,0.2238701539516449
420000,train/reward_loss_std,0.013575208009968504
420000,train/total_loss_mean,0.12077066161632538
420000,train/total_loss_std,0.004208858611430613
420000,train/value_loss_mean,0.3085805431842804
420000,train/value_loss_std,0.011926324331493928
420000,train/value_scale_mean,175.31948979492188
420000,train/value_scale_std,1.0207195309105463
420000,timing/collect_chunk_s,103.93912821123376
420000,timing/train_chunk_s,20.632925137877464
420000,dense_rhs/training_bucket_horizon,3.0
420000,system/heartbeat,1.0
423992,episode/return,937.0
423992,episode/length,500.0
423993,episode/return,584.0
423993,episode/length,500.0
423994,episode/return,784.0
423994,episode/length,500.0
423995,episode/return,850.0
423995,episode/length,500.0
423996,episode/return,832.0
423996,episode/length,500.0
423997,episode/return,806.0
423997,episode/length,500.0
423998,episode/return,496.0
423998,episode/length,500.0
423999,episode/return,955.0
423999,episode/length,500.0
427992,episode/return,913.0
427992,episode/length,500.0
427993,episode/return,875.0
427993,episode/length,500.0
427994,episode/return,0.0
427994,episode/length,500.0
427995,episode/return,8.0
427995,episode/length,500.0
427996,episode/return,900.0
427996,episode/length,500.0
427997,episode/return,820.0
427997,episode/length,500.0
427998,episode/return,921.0
427998,episode/length,500.0
427999,episode/return,925.0
427999,episode/length,500.0
430000,train/consistency_loss_mean,0.003366723243519664
430000,train/consistency_loss_std,0.00019838995122343052
430000,train/continue_loss_mean,0.0
430000,train/continue_loss_std,0.0
430000,train/grad_norm_mean,0.7924228096485137
430000,train/grad_norm_std,0.11705614168204692
430000,train/policy_log_std_mean,-0.8014097556114197
430000,train/policy_log_std_std,0.40441896598584703
430000,train/policy_loss_mean,-0.3652080028295517
430000,train/policy_loss_std,0.010564837944083829
430000,train/reward_loss_mean,0.22685586140155792
430000,train/reward_loss_std,0.013519308065203
430000,train/total_loss_mean,0.12058156226277351
430000,train/total_loss_std,0.004242052740010317
430000,train/value_loss_mean,0.30561509215831756
430000,train/value_loss_std,0.011499229984727676
430000,train/value_scale_mean,171.47578299560547
430000,train/value_scale_std,1.1550726899295156
430000,timing/collect_chunk_s,103.23104194412008
430000,timing/train_chunk_s,20.602264864835888
430000,dense_rhs/training_bucket_horizon,3.0
430000,system/heartbeat,1.0
431992,episode/return,1000.0
431992,episode/length,500.0
431993,episode/return,321.0
431993,episode/length,500.0
431994,episode/return,978.0
431994,episode/length,500.0
431995,episode/return,267.0
431995,episode/length,500.0
431996,episode/return,291.0
431996,episode/length,500.0
431997,episode/return,967.0
431997,episode/length,500.0
431998,episode/return,0.0
431998,episode/length,500.0
431999,episode/return,889.0
431999,episode/length,500.0
435992,episode/return,887.0
435992,episode/length,500.0
435993,episode/return,912.0
435993,episode/length,500.0
435994,episode/return,980.0
435994,episode/length,500.0
435995,episode/return,919.0
435995,episode/length,500.0
435996,episode/return,2.0
435996,episode/length,500.0
435997,episode/return,885.0
435997,episode/length,500.0
435998,episode/return,717.0
435998,episode/length,500.0
435999,episode/return,913.0
435999,episode/length,500.0
439992,episode/return,820.0
439992,episode/length,500.0
439993,episode/return,910.0
439993,episode/length,500.0
439994,episode/return,964.0
439994,episode/length,500.0
439995,episode/return,957.0
439995,episode/length,500.0
439996,episode/return,977.0
439996,episode/length,500.0
439997,episode/return,921.0
439997,episode/length,500.0
439998,episode/return,939.0
439998,episode/length,500.0
439999,episode/return,992.0
439999,episode/length,500.0
440000,train/consistency_loss_mean,0.0033748373741284013
440000,train/consistency_loss_std,0.0001995970692069187
440000,train/continue_loss_mean,0.0
440000,train/continue_loss_std,0.0
440000,train/grad_norm_mean,0.7881213576316833
440000,train/grad_norm_std,0.12105022965635065
440000,train/policy_log_std_mean,-0.8285284667015076
440000,train/policy_log_std_std,0.39952334485791385
440000,train/policy_loss_mean,-0.3777823339223862
440000,train/policy_loss_std,0.011081380425284866
440000,train/reward_loss_mean,0.22825471272468567
440000,train/reward_loss_std,0.013562652428341431
440000,train/total_loss_mean,0.1205033847808838
440000,train/total_loss_std,0.004230035106858727
440000,train/value_loss_mean,0.3018116455078125
440000,train/value_loss_std,0.0113818659961624
440000,train/value_scale_mean,167.3950895385742
440000,train/value_scale_std,1.5946232698420069
440000,timing/collect_chunk_s,112.28464164957404
440000,timing/train_chunk_s,20.630088098347187
440000,dense_rhs/training_bucket_horizon,3.0
440000,system/heartbeat,1.0
443992,episode/return,1000.0
443992,episode/length,500.0
443993,episode/return,967.0
443993,episode/length,500.0
443994,episode/return,901.0
443994,episode/length,500.0
443995,episode/return,0.0
443995,episode/length,500.0
443996,episode/return,920.0
443996,episode/length,500.0
443997,episode/return,526.0
443997,episode/length,500.0
443998,episode/return,969.0
443998,episode/length,500.0
443999,episode/return,953.0
443999,episode/length,500.0
447992,episode/return,893.0
447992,episode/length,500.0
447993,episode/return,930.0
447993,episode/length,500.0
447994,episode/return,0.0
447994,episode/length,500.0
447995,episode/return,889.0
447995,episode/length,500.0
447996,episode/return,915.0
447996,episode/length,500.0
447997,episode/return,923.0
447997,episode/length,500.0
447998,episode/return,981.0
447998,episode/length,500.0
447999,episode/return,8.0
447999,episode/length,500.0
450000,train/consistency_loss_mean,0.0033642631497234105
450000,train/consistency_loss_std,0.00019986880975957088
450000,train/continue_loss_mean,0.0
450000,train/continue_loss_std,0.0
450000,train/grad_norm_mean,0.7792348906040192
450000,train/grad_norm_std,0.1151435555927401
450000,train/policy_log_std_mean,-0.8432985534191132
450000,train/policy_log_std_std,0.4028056869112672
450000,train/policy_loss_mean,-0.3934961786031723
450000,train/policy_loss_std,0.0113620823615577
450000,train/reward_loss_mean,0.23074675319194793
450000,train/reward_loss_std,0.013627289867767213
450000,train/total_loss_mean,0.120178828728199
450000,train/total_loss_std,0.004197118998399569
450000,train/value_loss_mean,0.298188894701004
450000,train/value_loss_std,0.0110633753776794
450000,train/value_scale_mean,162.70067979736328
450000,train/value_scale_std,1.391179706531465
450000,timing/collect_chunk_s,103.41299469675869
450000,timing/train_chunk_s,20.61386786866933
450000,dense_rhs/training_bucket_horizon,3.0
450000,system/heartbeat,1.0
450000,timing/checkpoint_blocking_s,0.45681478828191757
450000,eval/return_mean,514.7999877929688
450000,eval/return_std,443.6829528808594
450000,eval/return_max,986.0
450000,eval/return_min,0.0
450000,timing/eval_s,11.195698814000934
450000,eval/selected_horizon,3.0
450000,eval/training_bucket_horizon,3.0
450000,system/heartbeat,1.0
451992,episode/return,870.0
451992,episode/length,500.0
451993,episode/return,965.0
451993,episode/length,500.0
451994,episode/return,909.0
451994,episode/length,500.0
451995,episode/return,953.0
451995,episode/length,500.0
451996,episode/return,921.0
451996,episode/length,500.0
451997,episode/return,961.0
451997,episode/length,500.0
451998,episode/return,978.0
451998,episode/length,500.0
451999,episode/return,877.0
451999,episode/length,500.0
455992,episode/return,983.0
455992,episode/length,500.0
455993,episode/return,823.0
455993,episode/length,500.0
455994,episode/return,890.0
455994,episode/length,500.0
455995,episode/return,972.0
455995,episode/length,500.0
455996,episode/return,914.0
455996,episode/length,500.0
455997,episode/return,899.0
455997,episode/length,500.0
455998,episode/return,905.0
455998,episode/length,500.0
455999,episode/return,971.0
455999,episode/length,500.0
459992,episode/return,0.0
459992,episode/length,500.0
459993,episode/return,0.0
459993,episode/length,500.0
459994,episode/return,949.0
459994,episode/length,500.0
459995,episode/return,829.0
459995,episode/length,500.0
459996,episode/return,951.0
459996,episode/length,500.0
459997,episode/return,891.0
459997,episode/length,500.0
459998,episode/return,5.0
459998,episode/length,500.0
459999,episode/return,940.0
459999,episode/length,500.0
460000,train/consistency_loss_mean,0.0033480992499738934
460000,train/consistency_loss_std,0.00019742372527208415
460000,train/continue_loss_mean,0.0
460000,train/continue_loss_std,0.0
460000,train/grad_norm_mean,0.7695718186378478
460000,train/grad_norm_std,0.11324355444695139
460000,train/policy_log_std_mean,-0.8514478327751159
460000,train/policy_log_std_std,0.40226956555249616
460000,train/policy_loss_mean,-0.4099334103822708
460000,train/policy_loss_std,0.011182491606205073
460000,train/reward_loss_mean,0.23362995886802673
460000,train/reward_loss_std,0.013351366916520724
460000,train/total_loss_mean,0.11926158445477486
460000,train/total_loss_std,0.004154238639781506
460000,train/value_loss_mean,0.28936601750850677
460000,train/value_loss_std,0.010846325741089975
460000,train/value_scale_mean,158.4011009765625
460000,train/value_scale_std,1.270166711636951
460000,timing/collect_chunk_s,104.3841132693924
460000,timing/train_chunk_s,20.668224778026342
460000,dense_rhs/training_bucket_horizon,3.0
460000,system/heartbeat,1.0
463992,episode/return,982.0
463992,episode/length,500.0
463993,episode/return,880.0
463993,episode/length,500.0
463994,episode/return,917.0
463994,episode/length,500.0
463995,episode/return,8.0
463995,episode/length,500.0
463996,episode/return,984.0
463996,episode/length,500.0
463997,episode/return,0.0
463997,episode/length,500.0
463998,episode/return,0.0
463998,episode/length,500.0
463999,episode/return,941.0
463999,episode/length,500.0
467992,episode/return,807.0
467992,episode/length,500.0
467993,episode/return,910.0
467993,episode/length,500.0
467994,episode/return,954.0
467994,episode/length,500.0
467995,episode/return,932.0
467995,episode/length,500.0
467996,episode/return,940.0
467996,episode/length,500.0
467997,episode/return,975.0
467997,episode/length,500.0
467998,episode/return,977.0
467998,episode/length,500.0
467999,episode/return,222.0
467999,episode/length,500.0
470000,train/consistency_loss_mean,0.0033466154487803578
470000,train/consistency_loss_std,0.00020113792442354313
470000,train/continue_loss_mean,0.0
470000,train/continue_loss_std,0.0
470000,train/grad_norm_mean,0.7659426125049591
470000,train/grad_norm_std,0.1162952859737393
470000,train/policy_log_std_mean,-0.8671582507610321
470000,train/policy_log_std_std,0.4100940604253628
470000,train/policy_loss_mean,-0.42632187736034394
470000,train/policy_loss_std,0.01129901821322072
470000,train/reward_loss_mean,0.23607555397748947
470000,train/reward_loss_std,0.013698999547455529
470000,train/total_loss_mean,0.11944256811141968
470000,train/total_loss_std,0.0041722641450113365
470000,train/value_loss_mean,0.2890270269155502
470000,train/value_loss_std,0.009836457805530182
470000,train/value_scale_mean,154.13232803955077
470000,train/value_scale_std,1.321335728841773
470000,timing/collect_chunk_s,103.01163617894053
470000,timing/train_chunk_s,20.648022363893688
470000,dense_rhs/training_bucket_horizon,3.0
470000,system/heartbeat,1.0
471992,episode/return,0.0
471992,episode/length,500.0
471993,episode/return,992.0
471993,episode/length,500.0
471994,episode/return,900.0
471994,episode/length,500.0
471995,episode/return,929.0
471995,episode/length,500.0
471996,episode/return,0.0
471996,episode/length,500.0
471997,episode/return,946.0
471997,episode/length,500.0
471998,episode/return,960.0
471998,episode/length,500.0
471999,episode/return,977.0
471999,episode/length,500.0
475992,episode/return,863.0
475992,episode/length,500.0
475993,episode/return,842.0
475993,episode/length,500.0
475994,episode/return,917.0
475994,episode/length,500.0
475995,episode/return,979.0
475995,episode/length,500.0
475996,episode/return,977.0
475996,episode/length,500.0
475997,episode/return,944.0
475997,episode/length,500.0
475998,episode/return,0.0
475998,episode/length,500.0
475999,episode/return,975.0
475999,episode/length,500.0
479992,episode/return,0.0
479992,episode/length,500.0
479993,episode/return,871.0
479993,episode/length,500.0
479994,episode/return,930.0
479994,episode/length,500.0
479995,episode/return,800.0
479995,episode/length,500.0
479996,episode/return,975.0
479996,episode/length,500.0
479997,episode/return,711.0
479997,episode/length,500.0
479998,episode/return,897.0
479998,episode/length,500.0
479999,episode/return,975.0
479999,episode/length,500.0
480000,train/consistency_loss_mean,0.003345701411552727
480000,train/consistency_loss_std,0.00019850074613896577
480000,train/continue_loss_mean,0.0
480000,train/continue_loss_std,0.0
480000,train/grad_norm_mean,0.7589501996517182
480000,train/grad_norm_std,0.11820365383658968
480000,train/policy_log_std_mean,-0.8625734485626221
480000,train/policy_log_std_std,0.41070506577087434
480000,train/policy_loss_mean,-0.4411914402961731
480000,train/policy_loss_std,0.011084624238672834
480000,train/reward_loss_mean,0.23691675786972047
480000,train/reward_loss_std,0.013349531777610583
480000,train/total_loss_mean,0.1191287308871746
480000,train/total_loss_std,0.004089415765896541
480000,train/value_loss_mean,0.2852302509784698
480000,train/value_loss_std,0.009660547106760226
480000,train/value_scale_mean,150.42725052490235
480000,train/value_scale_std,1.1496682209510205
480000,timing/collect_chunk_s,113.01895754085854
480000,timing/train_chunk_s,20.646046224515885
480000,dense_rhs/training_bucket_horizon,3.0
480000,system/heartbeat,1.0
483992,episode/return,890.0
483992,episode/length,500.0
483993,episode/return,861.0
483993,episode/length,500.0
483994,episode/return,970.0
483994,episode/length,500.0
483995,episode/return,971.0
483995,episode/length,500.0
483996,episode/return,0.0
483996,episode/length,500.0
483997,episode/return,1000.0
483997,episode/length,500.0
483998,episode/return,944.0
483998,episode/length,500.0
483999,episode/return,181.0
483999,episode/length,500.0
487992,episode/return,0.0
487992,episode/length,500.0
487993,episode/return,876.0
487993,episode/length,500.0
487994,episode/return,896.0
487994,episode/length,500.0
487995,episode/return,984.0
487995,episode/length,500.0
487996,episode/return,939.0
487996,episode/length,500.0
487997,episode/return,960.0
487997,episode/length,500.0
487998,episode/return,964.0
487998,episode/length,500.0
487999,episode/return,935.0
487999,episode/length,500.0
490000,train/consistency_loss_mean,0.003334845896065235
490000,train/consistency_loss_std,0.00020037543519178065
490000,train/continue_loss_mean,0.0
490000,train/continue_loss_std,0.0
490000,train/grad_norm_mean,0.7517862072467804
490000,train/grad_norm_std,0.11502671234283576
490000,train/policy_log_std_mean,-0.8612385594367981
490000,train/policy_log_std_std,0.41455528128021907
490000,train/policy_loss_mean,-0.45549518148899076
490000,train/policy_loss_std,0.011333461056308634
490000,train/reward_loss_mean,0.23859421682357787
490000,train/reward_loss_std,0.013595901217851794
490000,train/total_loss_mean,0.11866172893047333
490000,train/total_loss_std,0.004123953351223827
490000,train/value_loss_mean,0.2810538731098175
490000,train/value_loss_std,0.009231329923131613
490000,train/value_scale_mean,147.12351623535156
490000,train/value_scale_std,1.3093075159203342
490000,timing/collect_chunk_s,102.92548399511725
490000,timing/train_chunk_s,20.642724009230733
490000,dense_rhs/training_bucket_horizon,3.0
490000,system/heartbeat,1.0
491992,episode/return,982.0
491992,episode/length,500.0
491993,episode/return,26.0
491993,episode/length,500.0
491994,episode/return,939.0
491994,episode/length,500.0
491995,episode/return,935.0
491995,episode/length,500.0
491996,episode/return,915.0
491996,episode/length,500.0
491997,episode/return,772.0
491997,episode/length,500.0
491998,episode/return,4.0
491998,episode/length,500.0
491999,episode/return,981.0
491999,episode/length,500.0
495992,episode/return,971.0
495992,episode/length,500.0
495993,episode/return,6.0
495993,episode/length,500.0
495994,episode/return,984.0
495994,episode/length,500.0
495995,episode/return,953.0
495995,episode/length,500.0
495996,episode/return,981.0
495996,episode/length,500.0
495997,episode/return,897.0
495997,episode/length,500.0
495998,episode/return,917.0
495998,episode/length,500.0
495999,episode/return,0.0
495999,episode/length,500.0
499992,episode/return,984.0
499992,episode/length,500.0
499993,episode/return,971.0
499993,episode/length,500.0
499994,episode/return,888.0
499994,episode/length,500.0
499995,episode/return,957.0
499995,episode/length,500.0
499996,episode/return,16.0
499996,episode/length,500.0
499997,episode/return,963.0
499997,episode/length,500.0
499998,episode/return,865.0
499998,episode/length,500.0
499999,episode/return,922.0
499999,episode/length,500.0
500000,train/consistency_loss_mean,0.0033309174789115784
500000,train/consistency_loss_std,0.0002036257629429774
500000,train/continue_loss_mean,0.0
500000,train/continue_loss_std,0.0
500000,train/grad_norm_mean,0.7465117596149444
500000,train/grad_norm_std,0.11713379268535207
500000,train/policy_log_std_mean,-0.8803937043190002
500000,train/policy_log_std_std,0.41971655006275693
500000,train/policy_loss_mean,-0.47134059104919435
500000,train/policy_loss_std,0.010873617768908998
500000,train/reward_loss_mean,0.24018002049922943
500000,train/reward_loss_std,0.013441330231622792
500000,train/total_loss_mean,0.1187089814543724
500000,train/total_loss_std,0.004120934719111231
500000,train/value_loss_mean,0.2807262849330902
500000,train/value_loss_std,0.009134014176606425
500000,train/value_scale_mean,143.51631333007813
500000,train/value_scale_std,0.8982032511277057
500000,timing/collect_chunk_s,103.41814915649593
500000,timing/train_chunk_s,20.644364864565432
500000,dense_rhs/training_bucket_horizon,3.0
500000,system/heartbeat,1.0
500000,timing/checkpoint_blocking_s,0.46518237702548504
500000,eval/return_mean,678.5499877929688
500000,eval/return_std,395.678955078125
500000,eval/return_max,982.0
500000,eval/return_min,0.0
500000,timing/eval_s,11.122707783710212
500000,eval/selected_horizon,3.0
500000,eval/training_bucket_horizon,3.0
500000,system/heartbeat,1.0
